agents,map_file,solver,solved,soc,soc_lb,makespan,makespan_lb,sum_of_loss,sum_of_loss_lb,comp_time,seed,Opti_Deadline,Bool_Opti,Scenario_File,N
20,den520d.map,planner,1,4257,4185,349,349,4195,4185,8,0,0,False,den520d-random-17.scen,20
20,den520d.map,planner,1,4257,4185,349,349,4195,4185,8,0,0,True,den520d-random-17.scen,20
20,den520d.map,planner,1,4257,4185,349,349,4195,4185,8,0,1,True,den520d-random-17.scen,20
20,den520d.map,planner,1,4257,4185,349,349,4195,4185,11,0,4,True,den520d-random-17.scen,20
20,den520d.map,planner,1,4257,4185,349,349,4195,4185,8,0,16,True,den520d-random-17.scen,20
20,den520d.map,planner,1,4257,4185,349,349,4195,4185,11,0,64,True,den520d-random-17.scen,20
20,den520d.map,planner,1,4257,4185,349,349,4195,4185,8,0,256,True,den520d-random-17.scen,20
140,den520d.map,planner,1,25336,23753,410,410,24119,23753,60,0,0,False,den520d-random-17.scen,140
140,den520d.map,planner,1,25336,23753,410,410,24119,23753,59,0,0,True,den520d-random-17.scen,140
140,den520d.map,planner,1,25290,23753,410,410,24109,23753,58,0,1,True,den520d-random-17.scen,140
140,den520d.map,planner,1,25290,23753,410,410,24109,23753,59,0,4,True,den520d-random-17.scen,140
140,den520d.map,planner,1,25290,23753,410,410,24109,23753,57,0,16,True,den520d-random-17.scen,140
140,den520d.map,planner,1,25290,23753,410,410,24109,23753,58,0,64,True,den520d-random-17.scen,140
140,den520d.map,planner,1,25290,23753,410,410,24109,23753,62,0,256,True,den520d-random-17.scen,140
260,den520d.map,planner,1,50604,44016,410,410,45230,44016,128,0,0,False,den520d-random-17.scen,260
260,den520d.map,planner,1,50604,44016,410,410,45230,44016,127,0,0,True,den520d-random-17.scen,260
260,den520d.map,planner,1,49448,44016,410,410,44986,44016,127,0,1,True,den520d-random-17.scen,260
260,den520d.map,planner,1,49448,44016,410,410,44986,44016,124,0,4,True,den520d-random-17.scen,260
260,den520d.map,planner,1,49448,44016,410,410,44986,44016,124,0,16,True,den520d-random-17.scen,260
260,den520d.map,planner,1,49448,44016,410,410,44986,44016,121,0,64,True,den520d-random-17.scen,260
260,den520d.map,planner,1,49448,44016,410,410,44986,44016,124,0,256,True,den520d-random-17.scen,260
380,den520d.map,planner,1,76851,63787,410,410,66198,63787,199,0,0,False,den520d-random-17.scen,380
380,den520d.map,planner,1,76851,63787,410,410,66198,63787,200,0,0,True,den520d-random-17.scen,380
380,den520d.map,planner,1,76354,63787,410,410,65976,63787,198,0,1,True,den520d-random-17.scen,380
380,den520d.map,planner,1,76509,63787,410,410,65881,63787,210,0,4,True,den520d-random-17.scen,380
380,den520d.map,planner,1,76509,63787,410,410,65881,63787,204,0,16,True,den520d-random-17.scen,380
380,den520d.map,planner,1,76509,63787,410,410,65881,63787,208,0,64,True,den520d-random-17.scen,380
380,den520d.map,planner,1,76509,63787,410,410,65881,63787,207,0,256,True,den520d-random-17.scen,380
500,den520d.map,planner,1,101786,82969,410,410,86688,82969,298,0,0,False,den520d-random-17.scen,500
500,den520d.map,planner,1,101786,82969,410,410,86688,82969,303,0,0,True,den520d-random-17.scen,500
500,den520d.map,planner,1,101119,82969,410,410,86264,82969,307,0,1,True,den520d-random-17.scen,500
500,den520d.map,planner,1,100457,82969,411,410,86213,82969,316,0,4,True,den520d-random-17.scen,500
500,den520d.map,planner,1,99842,82969,410,410,86261,82969,326,0,16,True,den520d-random-17.scen,500
500,den520d.map,planner,1,100384,82969,410,410,86241,82969,580,0,64,True,den520d-random-17.scen,500
500,den520d.map,planner,1,100281,82969,410,410,86234,82969,475,0,256,True,den520d-random-17.scen,500
620,den520d.map,planner,1,128967,103530,410,410,109408,103530,411,0,0,False,den520d-random-17.scen,620
620,den520d.map,planner,1,128967,103530,410,410,109408,103530,408,0,0,True,den520d-random-17.scen,620
620,den520d.map,planner,1,129440,103530,413,410,108940,103530,435,0,1,True,den520d-random-17.scen,620
620,den520d.map,planner,1,129311,103530,412,410,109030,103530,460,0,4,True,den520d-random-17.scen,620
620,den520d.map,planner,1,129850,103530,411,410,109017,103530,554,0,16,True,den520d-random-17.scen,620
620,den520d.map,planner,1,129780,103530,410,410,108979,103530,844,0,64,True,den520d-random-17.scen,620
620,den520d.map,planner,1,128977,103530,410,410,108736,103530,1790,0,256,True,den520d-random-17.scen,620
740,den520d.map,planner,1,158599,124826,410,410,133065,124826,557,0,0,False,den520d-random-17.scen,740
740,den520d.map,planner,1,158599,124826,410,410,133065,124826,547,0,0,True,den520d-random-17.scen,740
740,den520d.map,planner,1,159486,124826,410,410,132687,124826,578,0,1,True,den520d-random-17.scen,740
740,den520d.map,planner,1,158976,124826,410,410,132570,124826,638,0,4,True,den520d-random-17.scen,740
740,den520d.map,planner,1,157723,124826,410,410,132705,124826,817,0,16,True,den520d-random-17.scen,740
740,den520d.map,planner,1,160121,124826,412,410,132592,124826,1706,0,64,True,den520d-random-17.scen,740
740,den520d.map,planner,1,159231,124826,410,410,132348,124826,3716,0,256,True,den520d-random-17.scen,740
860,den520d.map,planner,1,189495,145111,410,410,156137,145111,806,0,0,False,den520d-random-17.scen,860
860,den520d.map,planner,1,189495,145111,410,410,156137,145111,790,0,0,True,den520d-random-17.scen,860
860,den520d.map,planner,1,190114,145111,410,410,155767,145111,847,0,1,True,den520d-random-17.scen,860
860,den520d.map,planner,1,187987,145111,410,410,155094,145111,892,0,4,True,den520d-random-17.scen,860
860,den520d.map,planner,1,189652,145111,410,410,155148,145111,1161,0,16,True,den520d-random-17.scen,860
860,den520d.map,planner,1,189622,145111,415,410,155423,145111,2389,0,64,True,den520d-random-17.scen,860
860,den520d.map,planner,1,188433,145111,413,410,154997,145111,6378,0,256,True,den520d-random-17.scen,860
980,den520d.map,planner,1,221120,164507,410,410,179849,164507,1154,0,0,False,den520d-random-17.scen,980
980,den520d.map,planner,1,221120,164507,410,410,179849,164507,1160,0,0,True,den520d-random-17.scen,980
980,den520d.map,planner,1,220963,164507,413,410,178924,164507,1172,0,1,True,den520d-random-17.scen,980
980,den520d.map,planner,1,220603,164507,410,410,178248,164507,1272,0,4,True,den520d-random-17.scen,980
980,den520d.map,planner,1,218735,164507,410,410,177612,164507,1616,0,16,True,den520d-random-17.scen,980
980,den520d.map,planner,1,218964,164507,415,410,178632,164507,2782,0,64,True,den520d-random-17.scen,980
980,den520d.map,planner,1,218632,164507,410,410,178284,164507,8029,0,256,True,den520d-random-17.scen,980
20,den520d.map,planner,1,3314,3307,328,328,3314,3307,7,0,0,False,den520d-random-2.scen,20
20,den520d.map,planner,1,3314,3307,328,328,3314,3307,7,0,0,True,den520d-random-2.scen,20
20,den520d.map,planner,1,3314,3307,328,328,3314,3307,7,0,1,True,den520d-random-2.scen,20
20,den520d.map,planner,1,3314,3307,328,328,3314,3307,7,0,4,True,den520d-random-2.scen,20
20,den520d.map,planner,1,3314,3307,328,328,3314,3307,7,0,16,True,den520d-random-2.scen,20
20,den520d.map,planner,1,3314,3307,328,328,3314,3307,9,0,64,True,den520d-random-2.scen,20
20,den520d.map,planner,1,3314,3307,328,328,3314,3307,7,0,256,True,den520d-random-2.scen,20
140,den520d.map,planner,1,27778,24801,383,383,25231,24801,65,0,0,False,den520d-random-2.scen,140
140,den520d.map,planner,1,27778,24801,383,383,25231,24801,61,0,0,True,den520d-random-2.scen,140
140,den520d.map,planner,1,27574,24801,383,383,25211,24801,71,0,1,True,den520d-random-2.scen,140
140,den520d.map,planner,1,27574,24801,383,383,25211,24801,61,0,4,True,den520d-random-2.scen,140
140,den520d.map,planner,1,27574,24801,383,383,25211,24801,59,0,16,True,den520d-random-2.scen,140
140,den520d.map,planner,1,27574,24801,383,383,25211,24801,60,0,64,True,den520d-random-2.scen,140
140,den520d.map,planner,1,27574,24801,383,383,25211,24801,63,0,256,True,den520d-random-2.scen,140
260,den520d.map,planner,1,52197,45945,391,391,47020,45945,143,0,0,False,den520d-random-2.scen,260
260,den520d.map,planner,1,52197,45945,391,391,47020,45945,134,0,0,True,den520d-random-2.scen,260
260,den520d.map,planner,1,52554,45945,391,391,47067,45945,127,0,1,True,den520d-random-2.scen,260
260,den520d.map,planner,1,52554,45945,391,391,47067,45945,132,0,4,True,den520d-random-2.scen,260
260,den520d.map,planner,1,52554,45945,391,391,47067,45945,128,0,16,True,den520d-random-2.scen,260
260,den520d.map,planner,1,52554,45945,391,391,47067,45945,129,0,64,True,den520d-random-2.scen,260
260,den520d.map,planner,1,52554,45945,391,391,47067,45945,131,0,256,True,den520d-random-2.scen,260
380,den520d.map,planner,1,79784,66215,391,391,68690,66215,213,0,0,False,den520d-random-2.scen,380
380,den520d.map,planner,1,79784,66215,391,391,68690,66215,207,0,0,True,den520d-random-2.scen,380
380,den520d.map,planner,1,79192,66215,392,391,68430,66215,212,0,1,True,den520d-random-2.scen,380
380,den520d.map,planner,1,78929,66215,392,391,68529,66215,210,0,4,True,den520d-random-2.scen,380
380,den520d.map,planner,1,77794,66215,393,391,68416,66215,237,0,16,True,den520d-random-2.scen,380
380,den520d.map,planner,1,79678,66215,392,391,68489,66215,267,0,64,True,den520d-random-2.scen,380
380,den520d.map,planner,1,77778,66215,393,391,68415,66215,244,0,256,True,den520d-random-2.scen,380
500,den520d.map,planner,1,109578,88713,405,405,92903,88713,317,0,0,False,den520d-random-2.scen,500
500,den520d.map,planner,1,109578,88713,405,405,92903,88713,306,0,0,True,den520d-random-2.scen,500
500,den520d.map,planner,1,109198,88713,405,405,92698,88713,317,0,1,True,den520d-random-2.scen,500
500,den520d.map,planner,1,109036,88713,407,405,92570,88713,342,0,4,True,den520d-random-2.scen,500
500,den520d.map,planner,1,110548,88713,409,405,92799,88713,504,0,16,True,den520d-random-2.scen,500
500,den520d.map,planner,1,108439,88713,407,405,92484,88713,706,0,64,True,den520d-random-2.scen,500
500,den520d.map,planner,1,108879,88713,409,405,92571,88713,1177,0,256,True,den520d-random-2.scen,500
620,den520d.map,planner,1,140213,110830,425,425,117180,110830,445,0,0,False,den520d-random-2.scen,620
620,den520d.map,planner,1,140213,110830,425,425,117180,110830,430,0,0,True,den520d-random-2.scen,620
620,den520d.map,planner,1,140185,110830,425,425,116958,110830,453,0,1,True,den520d-random-2.scen,620
620,den520d.map,planner,1,137688,110830,425,425,116248,110830,494,0,4,True,den520d-random-2.scen,620
620,den520d.map,planner,1,138346,110830,425,425,116097,110830,685,0,16,True,den520d-random-2.scen,620
620,den520d.map,planner,1,139830,110830,425,425,116550,110830,1466,0,64,True,den520d-random-2.scen,620
620,den520d.map,planner,1,139996,110830,425,425,116431,110830,4534,0,256,True,den520d-random-2.scen,620
740,den520d.map,planner,1,168660,129980,425,425,139379,129980,581,0,0,False,den520d-random-2.scen,740
740,den520d.map,planner,1,168660,129980,425,425,139379,129980,585,0,0,True,den520d-random-2.scen,740
740,den520d.map,planner,1,170070,129980,425,425,138768,129980,608,0,1,True,den520d-random-2.scen,740
740,den520d.map,planner,1,167570,129980,425,425,138239,129980,691,0,4,True,den520d-random-2.scen,740
740,den520d.map,planner,1,167776,129980,426,425,138574,129980,990,0,16,True,den520d-random-2.scen,740
740,den520d.map,planner,1,166259,129980,425,425,138399,129980,2225,0,64,True,den520d-random-2.scen,740
740,den520d.map,planner,1,167675,129980,425,425,139060,129980,7584,0,256,True,den520d-random-2.scen,740
860,den520d.map,planner,1,201234,152023,425,425,164654,152023,838,0,0,False,den520d-random-2.scen,860
860,den520d.map,planner,1,201234,152023,425,425,164654,152023,844,0,0,True,den520d-random-2.scen,860
860,den520d.map,planner,1,199803,152023,426,425,163846,152023,921,0,1,True,den520d-random-2.scen,860
860,den520d.map,planner,1,200525,152023,427,425,164405,152023,1002,0,4,True,den520d-random-2.scen,860
860,den520d.map,planner,1,200163,152023,425,425,163029,152023,1250,0,16,True,den520d-random-2.scen,860
860,den520d.map,planner,1,201472,152023,425,425,164150,152023,2807,0,64,True,den520d-random-2.scen,860
860,den520d.map,planner,1,201366,152023,427,425,163923,152023,8621,0,256,True,den520d-random-2.scen,860
980,den520d.map,planner,1,236030,174392,425,425,190717,174392,1220,0,0,False,den520d-random-2.scen,980
980,den520d.map,planner,1,236030,174392,425,425,190717,174392,1182,0,0,True,den520d-random-2.scen,980
980,den520d.map,planner,1,235419,174392,425,425,190356,174392,1225,0,1,True,den520d-random-2.scen,980
980,den520d.map,planner,1,236640,174392,427,425,190415,174392,1365,0,4,True,den520d-random-2.scen,980
980,den520d.map,planner,1,235846,174392,425,425,189603,174392,1808,0,16,True,den520d-random-2.scen,980
980,den520d.map,planner,1,235442,174392,425,425,189462,174392,3277,0,64,True,den520d-random-2.scen,980
980,den520d.map,planner,1,234848,174392,432,425,189322,174392,10062,0,256,True,den520d-random-2.scen,980
20,den520d.map,planner,1,3617,3471,324,324,3476,3471,7,0,0,False,den520d-random-10.scen,20
20,den520d.map,planner,1,3617,3471,324,324,3476,3471,7,0,0,True,den520d-random-10.scen,20
20,den520d.map,planner,1,3617,3471,324,324,3476,3471,8,0,1,True,den520d-random-10.scen,20
20,den520d.map,planner,1,3617,3471,324,324,3476,3471,7,0,4,True,den520d-random-10.scen,20
20,den520d.map,planner,1,3617,3471,324,324,3476,3471,7,0,16,True,den520d-random-10.scen,20
20,den520d.map,planner,1,3617,3471,324,324,3476,3471,7,0,64,True,den520d-random-10.scen,20
20,den520d.map,planner,1,3617,3471,324,324,3476,3471,7,0,256,True,den520d-random-10.scen,20
140,den520d.map,planner,1,26210,23975,339,339,24351,23975,58,0,0,False,den520d-random-10.scen,140
140,den520d.map,planner,1,26210,23975,339,339,24351,23975,57,0,0,True,den520d-random-10.scen,140
140,den520d.map,planner,1,26108,23975,339,339,24330,23975,56,0,1,True,den520d-random-10.scen,140
140,den520d.map,planner,1,26108,23975,339,339,24330,23975,58,0,4,True,den520d-random-10.scen,140
140,den520d.map,planner,1,26108,23975,339,339,24330,23975,57,0,16,True,den520d-random-10.scen,140
140,den520d.map,planner,1,26108,23975,339,339,24330,23975,56,0,64,True,den520d-random-10.scen,140
140,den520d.map,planner,1,26108,23975,339,339,24330,23975,59,0,256,True,den520d-random-10.scen,140
260,den520d.map,planner,1,49146,43318,408,408,44253,43318,126,0,0,False,den520d-random-10.scen,260
260,den520d.map,planner,1,49146,43318,408,408,44253,43318,122,0,0,True,den520d-random-10.scen,260
260,den520d.map,planner,1,49602,43318,408,408,44225,43318,126,0,1,True,den520d-random-10.scen,260
260,den520d.map,planner,1,49602,43318,408,408,44225,43318,125,0,4,True,den520d-random-10.scen,260
260,den520d.map,planner,1,49602,43318,408,408,44225,43318,130,0,16,True,den520d-random-10.scen,260
260,den520d.map,planner,1,49602,43318,408,408,44225,43318,126,0,64,True,den520d-random-10.scen,260
260,den520d.map,planner,1,49602,43318,408,408,44225,43318,128,0,256,True,den520d-random-10.scen,260
380,den520d.map,planner,1,75859,65620,408,408,67702,65620,206,0,0,False,den520d-random-10.scen,380
380,den520d.map,planner,1,75859,65620,408,408,67702,65620,215,0,0,True,den520d-random-10.scen,380
380,den520d.map,planner,1,75271,65620,408,408,67567,65620,209,0,1,True,den520d-random-10.scen,380
380,den520d.map,planner,1,76032,65620,411,408,67543,65620,217,0,4,True,den520d-random-10.scen,380
380,den520d.map,planner,1,76032,65620,411,408,67543,65620,208,0,16,True,den520d-random-10.scen,380
380,den520d.map,planner,1,76032,65620,411,408,67543,65620,209,0,64,True,den520d-random-10.scen,380
380,den520d.map,planner,1,76032,65620,411,408,67543,65620,210,0,256,True,den520d-random-10.scen,380
500,den520d.map,planner,1,104550,87669,408,408,91594,87669,308,0,0,False,den520d-random-10.scen,500
500,den520d.map,planner,1,104550,87669,408,408,91594,87669,306,0,0,True,den520d-random-10.scen,500
500,den520d.map,planner,1,103870,87669,408,408,91272,87669,321,0,1,True,den520d-random-10.scen,500
500,den520d.map,planner,1,103384,87669,408,408,91068,87669,341,0,4,True,den520d-random-10.scen,500
500,den520d.map,planner,1,104282,87669,408,408,90999,87669,385,0,16,True,den520d-random-10.scen,500
500,den520d.map,planner,1,104858,87669,411,408,91000,87669,400,0,64,True,den520d-random-10.scen,500
500,den520d.map,planner,1,103711,87669,408,408,90965,87669,610,0,256,True,den520d-random-10.scen,500
620,den520d.map,planner,1,133991,108096,408,408,114480,108096,460,0,0,False,den520d-random-10.scen,620
620,den520d.map,planner,1,133991,108096,408,408,114480,108096,423,0,0,True,den520d-random-10.scen,620
620,den520d.map,planner,1,132441,108096,408,408,114008,108096,432,0,1,True,den520d-random-10.scen,620
620,den520d.map,planner,1,132626,108096,408,408,114012,108096,497,0,4,True,den520d-random-10.scen,620
620,den520d.map,planner,1,132271,108096,408,408,113773,108096,629,0,16,True,den520d-random-10.scen,620
620,den520d.map,planner,1,131311,108096,408,408,113937,108096,1354,0,64,True,den520d-random-10.scen,620
620,den520d.map,planner,1,133296,108096,408,408,113869,108096,3016,0,256,True,den520d-random-10.scen,620
740,den520d.map,planner,1,160801,127061,408,408,136069,127061,590,0,0,False,den520d-random-10.scen,740
740,den520d.map,planner,1,160801,127061,408,408,136069,127061,583,0,0,True,den520d-random-10.scen,740
740,den520d.map,planner,1,160023,127061,408,408,135285,127061,661,0,1,True,den520d-random-10.scen,740
740,den520d.map,planner,1,160729,127061,412,408,134814,127061,665,0,4,True,den520d-random-10.scen,740
740,den520d.map,planner,1,160243,127061,413,408,134852,127061,936,0,16,True,den520d-random-10.scen,740
740,den520d.map,planner,1,160526,127061,411,408,134850,127061,1546,0,64,True,den520d-random-10.scen,740
740,den520d.map,planner,1,160107,127061,409,408,134805,127061,5007,0,256,True,den520d-random-10.scen,740
860,den520d.map,planner,1,191989,146083,408,408,157396,146083,816,0,0,False,den520d-random-10.scen,860
860,den520d.map,planner,1,191989,146083,408,408,157396,146083,806,0,0,True,den520d-random-10.scen,860
860,den520d.map,planner,1,188348,146083,408,408,156983,146083,849,0,1,True,den520d-random-10.scen,860
860,den520d.map,planner,1,189338,146083,408,408,156865,146083,936,0,4,True,den520d-random-10.scen,860
860,den520d.map,planner,1,191327,146083,408,408,157156,146083,1246,0,16,True,den520d-random-10.scen,860
860,den520d.map,planner,1,189394,146083,408,408,156829,146083,2485,0,64,True,den520d-random-10.scen,860
860,den520d.map,planner,1,189860,146083,408,408,156529,146083,7214,0,256,True,den520d-random-10.scen,860
980,den520d.map,planner,1,221539,165760,408,408,181091,165760,1151,0,0,False,den520d-random-10.scen,980
980,den520d.map,planner,1,221539,165760,408,408,181091,165760,1159,0,0,True,den520d-random-10.scen,980
980,den520d.map,planner,1,223528,165760,408,408,181512,165760,1200,0,1,True,den520d-random-10.scen,980
980,den520d.map,planner,1,223630,165760,408,408,181170,165760,1293,0,4,True,den520d-random-10.scen,980
980,den520d.map,planner,1,222246,165760,408,408,180652,165760,1720,0,16,True,den520d-random-10.scen,980
980,den520d.map,planner,1,223918,165760,412,408,180828,165760,3108,0,64,True,den520d-random-10.scen,980
980,den520d.map,planner,1,222211,165760,411,408,180891,165760,9981,0,256,True,den520d-random-10.scen,980
20,den520d.map,planner,1,3183,3032,271,271,3045,3032,7,0,0,False,den520d-random-13.scen,20
20,den520d.map,planner,1,3183,3032,271,271,3045,3032,6,0,0,True,den520d-random-13.scen,20
20,den520d.map,planner,1,3183,3032,271,271,3045,3032,6,0,1,True,den520d-random-13.scen,20
20,den520d.map,planner,1,3183,3032,271,271,3045,3032,6,0,4,True,den520d-random-13.scen,20
20,den520d.map,planner,1,3183,3032,271,271,3045,3032,6,0,16,True,den520d-random-13.scen,20
20,den520d.map,planner,1,3183,3032,271,271,3045,3032,6,0,64,True,den520d-random-13.scen,20
20,den520d.map,planner,1,3183,3032,271,271,3045,3032,7,0,256,True,den520d-random-13.scen,20
140,den520d.map,planner,1,27245,24028,417,417,24355,24028,62,0,0,False,den520d-random-13.scen,140
140,den520d.map,planner,1,27245,24028,417,417,24355,24028,62,0,0,True,den520d-random-13.scen,140
140,den520d.map,planner,1,27538,24028,417,417,24330,24028,67,0,1,True,den520d-random-13.scen,140
140,den520d.map,planner,1,27538,24028,417,417,24330,24028,61,0,4,True,den520d-random-13.scen,140
140,den520d.map,planner,1,27538,24028,417,417,24330,24028,67,0,16,True,den520d-random-13.scen,140
140,den520d.map,planner,1,27538,24028,417,417,24330,24028,63,0,64,True,den520d-random-13.scen,140
140,den520d.map,planner,1,27538,24028,417,417,24330,24028,67,0,256,True,den520d-random-13.scen,140
260,den520d.map,planner,1,51618,44343,417,417,45370,44343,132,0,0,False,den520d-random-13.scen,260
260,den520d.map,planner,1,51618,44343,417,417,45370,44343,134,0,0,True,den520d-random-13.scen,260
260,den520d.map,planner,1,51640,44343,417,417,45339,44343,126,0,1,True,den520d-random-13.scen,260
260,den520d.map,planner,1,51640,44343,417,417,45339,44343,119,0,4,True,den520d-random-13.scen,260
260,den520d.map,planner,1,51640,44343,417,417,45339,44343,127,0,16,True,den520d-random-13.scen,260
260,den520d.map,planner,1,51640,44343,417,417,45339,44343,127,0,64,True,den520d-random-13.scen,260
260,den520d.map,planner,1,51640,44343,417,417,45339,44343,124,0,256,True,den520d-random-13.scen,260
380,den520d.map,planner,1,77718,64393,417,417,66496,64393,211,0,0,False,den520d-random-13.scen,380
380,den520d.map,planner,1,77718,64393,417,417,66496,64393,203,0,0,True,den520d-random-13.scen,380
380,den520d.map,planner,1,76769,64393,417,417,66485,64393,200,0,1,True,den520d-random-13.scen,380
380,den520d.map,planner,1,76769,64393,417,417,66485,64393,204,0,4,True,den520d-random-13.scen,380
380,den520d.map,planner,1,76769,64393,417,417,66485,64393,211,0,16,True,den520d-random-13.scen,380
380,den520d.map,planner,1,76769,64393,417,417,66485,64393,209,0,64,True,den520d-random-13.scen,380
380,den520d.map,planner,1,76769,64393,417,417,66485,64393,215,0,256,True,den520d-random-13.scen,380
500,den520d.map,planner,1,106254,86242,417,417,89983,86242,302,0,0,False,den520d-random-13.scen,500
500,den520d.map,planner,1,106254,86242,417,417,89983,86242,300,0,0,True,den520d-random-13.scen,500
500,den520d.map,planner,1,104737,86242,421,417,89779,86242,316,0,1,True,den520d-random-13.scen,500
500,den520d.map,planner,1,105428,86242,417,417,89784,86242,318,0,4,True,den520d-random-13.scen,500
500,den520d.map,planner,1,105428,86242,417,417,89784,86242,300,0,16,True,den520d-random-13.scen,500
500,den520d.map,planner,1,105428,86242,417,417,89784,86242,311,0,64,True,den520d-random-13.scen,500
500,den520d.map,planner,1,105428,86242,417,417,89784,86242,321,0,256,True,den520d-random-13.scen,500
620,den520d.map,planner,1,135531,105961,417,417,111932,105961,413,0,0,False,den520d-random-13.scen,620
620,den520d.map,planner,1,135531,105961,417,417,111932,105961,412,0,0,True,den520d-random-13.scen,620
620,den520d.map,planner,1,132558,105961,417,417,111483,105961,425,0,1,True,den520d-random-13.scen,620
620,den520d.map,planner,1,134251,105961,417,417,111576,105961,454,0,4,True,den520d-random-13.scen,620
620,den520d.map,planner,1,134133,105961,419,417,111553,105961,663,0,16,True,den520d-random-13.scen,620
620,den520d.map,planner,1,133485,105961,417,417,111314,105961,795,0,64,True,den520d-random-13.scen,620
620,den520d.map,planner,1,132120,105961,417,417,111328,105961,2838,0,256,True,den520d-random-13.scen,620
740,den520d.map,planner,1,165034,126692,425,425,135485,126692,563,0,0,False,den520d-random-13.scen,740
740,den520d.map,planner,1,165034,126692,425,425,135485,126692,570,0,0,True,den520d-random-13.scen,740
740,den520d.map,planner,1,165246,126692,425,425,134412,126692,578,0,1,True,den520d-random-13.scen,740
740,den520d.map,planner,1,165309,126692,425,425,134429,126692,616,0,4,True,den520d-random-13.scen,740
740,den520d.map,planner,1,163878,126692,425,425,134566,126692,826,0,16,True,den520d-random-13.scen,740
740,den520d.map,planner,1,163913,126692,425,425,134365,126692,1204,0,64,True,den520d-random-13.scen,740
740,den520d.map,planner,1,163924,126692,427,425,134408,126692,3838,0,256,True,den520d-random-13.scen,740
860,den520d.map,planner,1,195270,147382,425,425,158920,147382,836,0,0,False,den520d-random-13.scen,860
860,den520d.map,planner,1,195270,147382,425,425,158920,147382,821,0,0,True,den520d-random-13.scen,860
860,den520d.map,planner,1,194157,147382,425,425,158236,147382,819,0,1,True,den520d-random-13.scen,860
860,den520d.map,planner,1,195197,147382,427,425,157988,147382,921,0,4,True,den520d-random-13.scen,860
860,den520d.map,planner,1,196095,147382,425,425,158526,147382,1287,0,16,True,den520d-random-13.scen,860
860,den520d.map,planner,1,194492,147382,425,425,157812,147382,2299,0,64,True,den520d-random-13.scen,860
860,den520d.map,planner,1,195027,147382,427,425,157704,147382,6226,0,256,True,den520d-random-13.scen,860
980,den520d.map,planner,1,228601,168291,425,425,183581,168291,1155,0,0,False,den520d-random-13.scen,980
980,den520d.map,planner,1,228601,168291,425,425,183581,168291,1158,0,0,True,den520d-random-13.scen,980
980,den520d.map,planner,1,226752,168291,425,425,182826,168291,1203,0,1,True,den520d-random-13.scen,980
980,den520d.map,planner,1,226834,168291,425,425,182187,168291,1267,0,4,True,den520d-random-13.scen,980
980,den520d.map,planner,1,227313,168291,425,425,183025,168291,1613,0,16,True,den520d-random-13.scen,980
980,den520d.map,planner,1,226621,168291,425,425,182342,168291,2863,0,64,True,den520d-random-13.scen,980
980,den520d.map,planner,1,226606,168291,425,425,182022,168291,7583,0,256,True,den520d-random-13.scen,980
20,den520d.map,planner,1,3690,3614,433,433,3618,3614,8,0,0,False,den520d-random-12.scen,20
20,den520d.map,planner,1,3690,3614,433,433,3618,3614,7,0,0,True,den520d-random-12.scen,20
20,den520d.map,planner,1,3690,3614,433,433,3618,3614,7,0,1,True,den520d-random-12.scen,20
20,den520d.map,planner,1,3690,3614,433,433,3618,3614,7,0,4,True,den520d-random-12.scen,20
20,den520d.map,planner,1,3690,3614,433,433,3618,3614,7,0,16,True,den520d-random-12.scen,20
20,den520d.map,planner,1,3690,3614,433,433,3618,3614,8,0,64,True,den520d-random-12.scen,20
20,den520d.map,planner,1,3690,3614,433,433,3618,3614,8,0,256,True,den520d-random-12.scen,20
140,den520d.map,planner,1,26344,24506,433,433,24909,24506,66,0,0,False,den520d-random-12.scen,140
140,den520d.map,planner,1,26344,24506,433,433,24909,24506,62,0,0,True,den520d-random-12.scen,140
140,den520d.map,planner,1,26520,24506,433,433,24899,24506,64,0,1,True,den520d-random-12.scen,140
140,den520d.map,planner,1,26520,24506,433,433,24899,24506,60,0,4,True,den520d-random-12.scen,140
140,den520d.map,planner,1,26520,24506,433,433,24899,24506,62,0,16,True,den520d-random-12.scen,140
140,den520d.map,planner,1,26520,24506,433,433,24899,24506,59,0,64,True,den520d-random-12.scen,140
140,den520d.map,planner,1,26520,24506,433,433,24899,24506,59,0,256,True,den520d-random-12.scen,140
260,den520d.map,planner,1,51010,44265,433,433,45531,44265,125,0,0,False,den520d-random-12.scen,260
260,den520d.map,planner,1,51010,44265,433,433,45531,44265,121,0,0,True,den520d-random-12.scen,260
260,den520d.map,planner,1,50765,44265,435,433,45397,44265,124,0,1,True,den520d-random-12.scen,260
260,den520d.map,planner,1,50765,44265,435,433,45397,44265,127,0,4,True,den520d-random-12.scen,260
260,den520d.map,planner,1,50765,44265,435,433,45397,44265,130,0,16,True,den520d-random-12.scen,260
260,den520d.map,planner,1,50765,44265,435,433,45397,44265,132,0,64,True,den520d-random-12.scen,260
260,den520d.map,planner,1,50765,44265,435,433,45397,44265,126,0,256,True,den520d-random-12.scen,260
380,den520d.map,planner,1,78067,64691,433,433,67319,64691,207,0,0,False,den520d-random-12.scen,380
380,den520d.map,planner,1,78067,64691,433,433,67319,64691,208,0,0,True,den520d-random-12.scen,380
380,den520d.map,planner,1,78232,64691,437,433,67015,64691,218,0,1,True,den520d-random-12.scen,380
380,den520d.map,planner,1,77705,64691,437,433,66914,64691,220,0,4,True,den520d-random-12.scen,380
380,den520d.map,planner,1,77705,64691,437,433,66914,64691,208,0,16,True,den520d-random-12.scen,380
380,den520d.map,planner,1,77705,64691,437,433,66914,64691,217,0,64,True,den520d-random-12.scen,380
380,den520d.map,planner,1,77705,64691,437,433,66914,64691,205,0,256,True,den520d-random-12.scen,380
500,den520d.map,planner,1,105118,84501,433,433,88482,84501,301,0,0,False,den520d-random-12.scen,500
500,den520d.map,planner,1,105118,84501,433,433,88482,84501,301,0,0,True,den520d-random-12.scen,500
500,den520d.map,planner,1,105310,84501,433,433,88513,84501,321,0,1,True,den520d-random-12.scen,500
500,den520d.map,planner,1,105639,84501,433,433,88351,84501,342,0,4,True,den520d-random-12.scen,500
500,den520d.map,planner,1,105043,84501,433,433,88334,84501,422,0,16,True,den520d-random-12.scen,500
500,den520d.map,planner,1,104575,84501,433,433,88255,84501,587,0,64,True,den520d-random-12.scen,500
500,den520d.map,planner,1,104245,84501,433,433,88100,84501,790,0,256,True,den520d-random-12.scen,500
620,den520d.map,planner,1,135223,106886,433,433,112849,106886,422,0,0,False,den520d-random-12.scen,620
620,den520d.map,planner,1,135223,106886,433,433,112849,106886,419,0,0,True,den520d-random-12.scen,620
620,den520d.map,planner,1,135410,106886,440,433,113188,106886,451,0,1,True,den520d-random-12.scen,620
620,den520d.map,planner,1,134252,106886,435,433,112656,106886,518,0,4,True,den520d-random-12.scen,620
620,den520d.map,planner,1,135433,106886,433,433,112720,106886,667,0,16,True,den520d-random-12.scen,620
620,den520d.map,planner,1,135316,106886,439,433,112468,106886,1376,0,64,True,den520d-random-12.scen,620
620,den520d.map,planner,1,134660,106886,435,433,112429,106886,3581,0,256,True,den520d-random-12.scen,620
740,den520d.map,planner,1,164206,127835,433,433,136553,127835,597,0,0,False,den520d-random-12.scen,740
740,den520d.map,planner,1,164206,127835,433,433,136553,127835,550,0,0,True,den520d-random-12.scen,740
740,den520d.map,planner,1,162840,127835,435,433,135722,127835,603,0,1,True,den520d-random-12.scen,740
740,den520d.map,planner,1,162954,127835,440,433,135808,127835,679,0,4,True,den520d-random-12.scen,740
740,den520d.map,planner,1,162504,127835,434,433,135694,127835,966,0,16,True,den520d-random-12.scen,740
740,den520d.map,planner,1,163129,127835,433,433,135840,127835,1974,0,64,True,den520d-random-12.scen,740
740,den520d.map,planner,1,163917,127835,437,433,136082,127835,6716,0,256,True,den520d-random-12.scen,740
860,den520d.map,planner,1,195977,147745,433,433,159892,147745,840,0,0,False,den520d-random-12.scen,860
860,den520d.map,planner,1,195977,147745,433,433,159892,147745,832,0,0,True,den520d-random-12.scen,860
860,den520d.map,planner,1,194753,147745,433,433,159001,147745,827,0,1,True,den520d-random-12.scen,860
860,den520d.map,planner,1,194730,147745,435,433,159549,147745,947,0,4,True,den520d-random-12.scen,860
860,den520d.map,planner,1,194746,147745,433,433,159165,147745,1296,0,16,True,den520d-random-12.scen,860
860,den520d.map,planner,1,192266,147745,437,433,158462,147745,2486,0,64,True,den520d-random-12.scen,860
860,den520d.map,planner,1,192587,147745,434,433,158338,147745,7453,0,256,True,den520d-random-12.scen,860
980,den520d.map,planner,1,228496,169703,433,433,185720,169703,1181,0,0,False,den520d-random-12.scen,980
980,den520d.map,planner,1,228496,169703,433,433,185720,169703,1171,0,0,True,den520d-random-12.scen,980
980,den520d.map,planner,1,228112,169703,433,433,185531,169703,1230,0,1,True,den520d-random-12.scen,980
980,den520d.map,planner,1,227466,169703,444,433,185768,169703,1324,0,4,True,den520d-random-12.scen,980
980,den520d.map,planner,1,227222,169703,434,433,185291,169703,1686,0,16,True,den520d-random-12.scen,980
980,den520d.map,planner,1,228229,169703,433,433,184861,169703,3379,0,64,True,den520d-random-12.scen,980
980,den520d.map,planner,1,228881,169703,440,433,185215,169703,9591,0,256,True,den520d-random-12.scen,980
20,den520d.map,planner,1,3836,3834,346,346,3836,3834,8,0,0,False,den520d-random-18.scen,20
20,den520d.map,planner,1,3836,3834,346,346,3836,3834,8,0,0,True,den520d-random-18.scen,20
20,den520d.map,planner,1,3836,3834,346,346,3836,3834,8,0,1,True,den520d-random-18.scen,20
20,den520d.map,planner,1,3836,3834,346,346,3836,3834,8,0,4,True,den520d-random-18.scen,20
20,den520d.map,planner,1,3836,3834,346,346,3836,3834,8,0,16,True,den520d-random-18.scen,20
20,den520d.map,planner,1,3836,3834,346,346,3836,3834,8,0,64,True,den520d-random-18.scen,20
20,den520d.map,planner,1,3836,3834,346,346,3836,3834,8,0,256,True,den520d-random-18.scen,20
140,den520d.map,planner,1,29422,26209,422,422,26563,26209,62,0,0,False,den520d-random-18.scen,140
140,den520d.map,planner,1,29422,26209,422,422,26563,26209,63,0,0,True,den520d-random-18.scen,140
140,den520d.map,planner,1,28639,26209,422,422,26543,26209,61,0,1,True,den520d-random-18.scen,140
140,den520d.map,planner,1,28639,26209,422,422,26543,26209,60,0,4,True,den520d-random-18.scen,140
140,den520d.map,planner,1,28639,26209,422,422,26543,26209,62,0,16,True,den520d-random-18.scen,140
140,den520d.map,planner,1,28639,26209,422,422,26543,26209,61,0,64,True,den520d-random-18.scen,140
140,den520d.map,planner,1,28639,26209,422,422,26543,26209,63,0,256,True,den520d-random-18.scen,140
260,den520d.map,planner,1,53312,45823,422,422,46956,45823,127,0,0,False,den520d-random-18.scen,260
260,den520d.map,planner,1,53312,45823,422,422,46956,45823,130,0,0,True,den520d-random-18.scen,260
260,den520d.map,planner,1,52578,45823,422,422,46874,45823,132,0,1,True,den520d-random-18.scen,260
260,den520d.map,planner,1,52578,45823,422,422,46874,45823,126,0,4,True,den520d-random-18.scen,260
260,den520d.map,planner,1,52578,45823,422,422,46874,45823,126,0,16,True,den520d-random-18.scen,260
260,den520d.map,planner,1,52578,45823,422,422,46874,45823,134,0,64,True,den520d-random-18.scen,260
260,den520d.map,planner,1,52578,45823,422,422,46874,45823,130,0,256,True,den520d-random-18.scen,260
380,den520d.map,planner,1,78901,66042,422,422,68382,66042,206,0,0,False,den520d-random-18.scen,380
380,den520d.map,planner,1,78901,66042,422,422,68382,66042,208,0,0,True,den520d-random-18.scen,380
380,den520d.map,planner,1,78292,66042,422,422,68111,66042,223,0,1,True,den520d-random-18.scen,380
380,den520d.map,planner,1,78261,66042,422,422,68130,66042,218,0,4,True,den520d-random-18.scen,380
380,den520d.map,planner,1,79616,66042,422,422,68127,66042,222,0,16,True,den520d-random-18.scen,380
380,den520d.map,planner,1,79362,66042,422,422,68152,66042,218,0,64,True,den520d-random-18.scen,380
380,den520d.map,planner,1,79362,66042,422,422,68152,66042,224,0,256,True,den520d-random-18.scen,380
500,den520d.map,planner,1,104959,84978,422,422,88778,84978,321,0,0,False,den520d-random-18.scen,500
500,den520d.map,planner,1,104959,84978,422,422,88778,84978,307,0,0,True,den520d-random-18.scen,500
500,den520d.map,planner,1,103642,84978,422,422,88305,84978,315,0,1,True,den520d-random-18.scen,500
500,den520d.map,planner,1,103760,84978,422,422,88399,84978,341,0,4,True,den520d-random-18.scen,500
500,den520d.map,planner,1,103227,84978,422,422,88430,84978,345,0,16,True,den520d-random-18.scen,500
500,den520d.map,planner,1,104385,84978,422,422,88313,84978,505,0,64,True,den520d-random-18.scen,500
500,den520d.map,planner,1,103061,84978,422,422,88371,84978,680,0,256,True,den520d-random-18.scen,500
620,den520d.map,planner,1,134567,106061,424,422,112584,106061,440,0,0,False,den520d-random-18.scen,620
620,den520d.map,planner,1,134567,106061,424,422,112584,106061,421,0,0,True,den520d-random-18.scen,620
620,den520d.map,planner,1,132682,106061,424,422,112136,106061,446,0,1,True,den520d-random-18.scen,620
620,den520d.map,planner,1,132480,106061,428,422,111469,106061,474,0,4,True,den520d-random-18.scen,620
620,den520d.map,planner,1,133507,106061,432,422,111805,106061,734,0,16,True,den520d-random-18.scen,620
620,den520d.map,planner,1,134276,106061,428,422,111530,106061,971,0,64,True,den520d-random-18.scen,620
620,den520d.map,planner,1,133012,106061,422,422,111349,106061,1825,0,256,True,den520d-random-18.scen,620
740,den520d.map,planner,1,166656,128082,422,422,137002,128082,565,0,0,False,den520d-random-18.scen,740
740,den520d.map,planner,1,166656,128082,422,422,137002,128082,565,0,0,True,den520d-random-18.scen,740
740,den520d.map,planner,1,165422,128082,423,422,136598,128082,603,0,1,True,den520d-random-18.scen,740
740,den520d.map,planner,1,166115,128082,424,422,136390,128082,686,0,4,True,den520d-random-18.scen,740
740,den520d.map,planner,1,166448,128082,422,422,136587,128082,954,0,16,True,den520d-random-18.scen,740
740,den520d.map,planner,1,165662,128082,432,422,136111,128082,1860,0,64,True,den520d-random-18.scen,740
740,den520d.map,planner,1,165656,128082,424,422,136191,128082,5820,0,256,True,den520d-random-18.scen,740
860,den520d.map,planner,1,202120,149126,422,422,161619,149126,848,0,0,False,den520d-random-18.scen,860
860,den520d.map,planner,1,202120,149126,422,422,161619,149126,823,0,0,True,den520d-random-18.scen,860
860,den520d.map,planner,1,197390,149126,428,422,160788,149126,864,0,1,True,den520d-random-18.scen,860
860,den520d.map,planner,1,199211,149126,434,422,161124,149126,1013,0,4,True,den520d-random-18.scen,860
860,den520d.map,planner,1,198858,149126,428,422,160794,149126,1302,0,16,True,den520d-random-18.scen,860
860,den520d.map,planner,1,199789,149126,436,422,160298,149126,2533,0,64,True,den520d-random-18.scen,860
860,den520d.map,planner,1,200426,149126,428,422,160624,149126,8430,0,256,True,den520d-random-18.scen,860
980,den520d.map,planner,1,235965,171217,422,422,187962,171217,1177,0,0,False,den520d-random-18.scen,980
980,den520d.map,planner,1,235965,171217,422,422,187962,171217,1174,0,0,True,den520d-random-18.scen,980
980,den520d.map,planner,1,236172,171217,422,422,187528,171217,1227,0,1,True,den520d-random-18.scen,980
980,den520d.map,planner,1,234117,171217,422,422,187026,171217,1319,0,4,True,den520d-random-18.scen,980
980,den520d.map,planner,1,236198,171217,434,422,187073,171217,1904,0,16,True,den520d-random-18.scen,980
980,den520d.map,planner,1,234867,171217,438,422,186617,171217,3863,0,64,True,den520d-random-18.scen,980
980,den520d.map,planner,1,235237,171217,435,422,187186,171217,11338,0,256,True,den520d-random-18.scen,980
20,den520d.map,planner,1,3724,3724,370,370,3724,3724,7,0,0,False,den520d-random-21.scen,20
20,den520d.map,planner,1,3724,3724,370,370,3724,3724,10,0,0,True,den520d-random-21.scen,20
20,den520d.map,planner,1,3724,3724,370,370,3724,3724,7,0,1,True,den520d-random-21.scen,20
20,den520d.map,planner,1,3724,3724,370,370,3724,3724,7,0,4,True,den520d-random-21.scen,20
20,den520d.map,planner,1,3724,3724,370,370,3724,3724,7,0,16,True,den520d-random-21.scen,20
20,den520d.map,planner,1,3724,3724,370,370,3724,3724,7,0,64,True,den520d-random-21.scen,20
20,den520d.map,planner,1,3724,3724,370,370,3724,3724,9,0,256,True,den520d-random-21.scen,20
140,den520d.map,planner,1,27026,24999,378,378,25294,24999,60,0,0,False,den520d-random-21.scen,140
140,den520d.map,planner,1,27026,24999,378,378,25294,24999,62,0,0,True,den520d-random-21.scen,140
140,den520d.map,planner,1,26812,24999,378,378,25282,24999,58,0,1,True,den520d-random-21.scen,140
140,den520d.map,planner,1,26812,24999,378,378,25282,24999,61,0,4,True,den520d-random-21.scen,140
140,den520d.map,planner,1,26812,24999,378,378,25282,24999,60,0,16,True,den520d-random-21.scen,140
140,den520d.map,planner,1,26812,24999,378,378,25282,24999,60,0,64,True,den520d-random-21.scen,140
140,den520d.map,planner,1,26812,24999,378,378,25282,24999,62,0,256,True,den520d-random-21.scen,140
260,den520d.map,planner,1,54567,47922,392,392,49095,47922,135,0,0,False,den520d-random-21.scen,260
260,den520d.map,planner,1,54567,47922,392,392,49095,47922,131,0,0,True,den520d-random-21.scen,260
260,den520d.map,planner,1,53633,47922,392,392,48914,47922,135,0,1,True,den520d-random-21.scen,260
260,den520d.map,planner,1,53633,47922,392,392,48914,47922,130,0,4,True,den520d-random-21.scen,260
260,den520d.map,planner,1,53633,47922,392,392,48914,47922,132,0,16,True,den520d-random-21.scen,260
260,den520d.map,planner,1,53633,47922,392,392,48914,47922,131,0,64,True,den520d-random-21.scen,260
260,den520d.map,planner,1,53633,47922,392,392,48914,47922,132,0,256,True,den520d-random-21.scen,260
380,den520d.map,planner,1,82385,69736,392,392,72142,69736,216,0,0,False,den520d-random-21.scen,380
380,den520d.map,planner,1,82385,69736,392,392,72142,69736,206,0,0,True,den520d-random-21.scen,380
380,den520d.map,planner,1,82812,69736,392,392,71963,69736,214,0,1,True,den520d-random-21.scen,380
380,den520d.map,planner,1,81463,69736,392,392,71845,69736,242,0,4,True,den520d-random-21.scen,380
380,den520d.map,planner,1,82004,69736,392,392,71941,69736,252,0,16,True,den520d-random-21.scen,380
380,den520d.map,planner,1,82120,69736,392,392,71868,69736,360,0,64,True,den520d-random-21.scen,380
380,den520d.map,planner,1,81596,69736,392,392,71894,69736,352,0,256,True,den520d-random-21.scen,380
500,den520d.map,planner,1,110453,89007,393,392,93144,89007,309,0,0,False,den520d-random-21.scen,500
500,den520d.map,planner,1,110453,89007,393,392,93144,89007,304,0,0,True,den520d-random-21.scen,500
500,den520d.map,planner,1,108589,89007,392,392,92704,89007,324,0,1,True,den520d-random-21.scen,500
500,den520d.map,planner,1,108749,89007,392,392,92260,89007,347,0,4,True,den520d-random-21.scen,500
500,den520d.map,planner,1,108285,89007,395,392,92559,89007,504,0,16,True,den520d-random-21.scen,500
500,den520d.map,planner,1,108454,89007,395,392,92455,89007,828,0,64,True,den520d-random-21.scen,500
500,den520d.map,planner,1,108939,89007,392,392,92426,89007,3083,0,256,True,den520d-random-21.scen,500
620,den520d.map,planner,1,138754,110544,395,392,116698,110544,435,0,0,False,den520d-random-21.scen,620
620,den520d.map,planner,1,138754,110544,395,392,116698,110544,437,0,0,True,den520d-random-21.scen,620
620,den520d.map,planner,1,139132,110544,394,392,116766,110544,463,0,1,True,den520d-random-21.scen,620
620,den520d.map,planner,1,138019,110544,396,392,115983,110544,526,0,4,True,den520d-random-21.scen,620
620,den520d.map,planner,1,139041,110544,398,392,116494,110544,818,0,16,True,den520d-random-21.scen,620
620,den520d.map,planner,1,138094,110544,404,392,116169,110544,1872,0,64,True,den520d-random-21.scen,620
620,den520d.map,planner,1,138005,110544,409,392,116027,110544,4729,0,256,True,den520d-random-21.scen,620
740,den520d.map,planner,1,168985,132049,392,392,140665,132049,585,0,0,False,den520d-random-21.scen,740
740,den520d.map,planner,1,168985,132049,392,392,140665,132049,537,0,0,True,den520d-random-21.scen,740
740,den520d.map,planner,1,168774,132049,392,392,140505,132049,655,0,1,True,den520d-random-21.scen,740
740,den520d.map,planner,1,167770,132049,398,392,140277,132049,690,0,4,True,den520d-random-21.scen,740
740,den520d.map,planner,1,167688,132049,394,392,139856,132049,1033,0,16,True,den520d-random-21.scen,740
740,den520d.map,planner,1,167625,132049,393,392,140068,132049,2300,0,64,True,den520d-random-21.scen,740
740,den520d.map,planner,1,167947,132049,392,392,140150,132049,6656,0,256,True,den520d-random-21.scen,740
860,den520d.map,planner,1,200956,152373,406,392,164940,152373,796,0,0,False,den520d-random-21.scen,860
860,den520d.map,planner,1,200956,152373,406,392,164940,152373,826,0,0,True,den520d-random-21.scen,860
860,den520d.map,planner,1,198848,152373,395,392,163458,152373,834,0,1,True,den520d-random-21.scen,860
860,den520d.map,planner,1,198354,152373,394,392,163551,152373,907,0,4,True,den520d-random-21.scen,860
860,den520d.map,planner,1,199861,152373,395,392,163612,152373,1329,0,16,True,den520d-random-21.scen,860
860,den520d.map,planner,1,199462,152373,394,392,163623,152373,2838,0,64,True,den520d-random-21.scen,860
860,den520d.map,planner,1,199380,152373,392,392,163316,152373,7208,0,256,True,den520d-random-21.scen,860
980,den520d.map,planner,1,235771,172859,398,392,189485,172859,1151,0,0,False,den520d-random-21.scen,980
980,den520d.map,planner,1,235771,172859,398,392,189485,172859,1131,0,0,True,den520d-random-21.scen,980
980,den520d.map,planner,1,231336,172859,398,392,188020,172859,1203,0,1,True,den520d-random-21.scen,980
980,den520d.map,planner,1,233618,172859,404,392,188967,172859,1289,0,4,True,den520d-random-21.scen,980
980,den520d.map,planner,1,233052,172859,400,392,187996,172859,1756,0,16,True,den520d-random-21.scen,980
980,den520d.map,planner,1,231984,172859,400,392,187933,172859,3671,0,64,True,den520d-random-21.scen,980
980,den520d.map,planner,1,231721,172859,403,392,188332,172859,9995,0,256,True,den520d-random-21.scen,980
20,den520d.map,planner,1,4108,3975,344,344,3986,3975,9,0,0,False,den520d-random-20.scen,20
20,den520d.map,planner,1,4108,3975,344,344,3986,3975,8,0,0,True,den520d-random-20.scen,20
20,den520d.map,planner,1,4108,3975,344,344,3986,3975,8,0,1,True,den520d-random-20.scen,20
20,den520d.map,planner,1,4108,3975,344,344,3986,3975,8,0,4,True,den520d-random-20.scen,20
20,den520d.map,planner,1,4108,3975,344,344,3986,3975,8,0,16,True,den520d-random-20.scen,20
20,den520d.map,planner,1,4108,3975,344,344,3986,3975,8,0,64,True,den520d-random-20.scen,20
20,den520d.map,planner,1,4108,3975,344,344,3986,3975,9,0,256,True,den520d-random-20.scen,20
140,den520d.map,planner,1,27173,25212,368,368,25580,25212,62,0,0,False,den520d-random-20.scen,140
140,den520d.map,planner,1,27173,25212,368,368,25580,25212,64,0,0,True,den520d-random-20.scen,140
140,den520d.map,planner,1,26936,25212,368,368,25515,25212,64,0,1,True,den520d-random-20.scen,140
140,den520d.map,planner,1,26936,25212,368,368,25515,25212,61,0,4,True,den520d-random-20.scen,140
140,den520d.map,planner,1,26936,25212,368,368,25515,25212,62,0,16,True,den520d-random-20.scen,140
140,den520d.map,planner,1,26936,25212,368,368,25515,25212,63,0,64,True,den520d-random-20.scen,140
140,den520d.map,planner,1,26936,25212,368,368,25515,25212,66,0,256,True,den520d-random-20.scen,140
260,den520d.map,planner,1,52063,45486,368,368,46813,45486,125,0,0,False,den520d-random-20.scen,260
260,den520d.map,planner,1,52063,45486,368,368,46813,45486,125,0,0,True,den520d-random-20.scen,260
260,den520d.map,planner,1,51665,45486,368,368,46698,45486,129,0,1,True,den520d-random-20.scen,260
260,den520d.map,planner,1,51736,45486,368,368,46650,45486,126,0,4,True,den520d-random-20.scen,260
260,den520d.map,planner,1,51780,45486,368,368,46681,45486,130,0,16,True,den520d-random-20.scen,260
260,den520d.map,planner,1,51780,45486,368,368,46681,45486,128,0,64,True,den520d-random-20.scen,260
260,den520d.map,planner,1,51780,45486,368,368,46681,45486,135,0,256,True,den520d-random-20.scen,260
380,den520d.map,planner,1,78176,65997,395,395,68462,65997,212,0,0,False,den520d-random-20.scen,380
380,den520d.map,planner,1,78176,65997,395,395,68462,65997,210,0,0,True,den520d-random-20.scen,380
380,den520d.map,planner,1,77951,65997,395,395,68546,65997,209,0,1,True,den520d-random-20.scen,380
380,den520d.map,planner,1,77671,65997,395,395,68350,65997,219,0,4,True,den520d-random-20.scen,380
380,den520d.map,planner,1,77324,65997,395,395,68280,65997,228,0,16,True,den520d-random-20.scen,380
380,den520d.map,planner,1,78721,65997,395,395,68390,65997,323,0,64,True,den520d-random-20.scen,380
380,den520d.map,planner,1,78525,65997,395,395,68382,65997,431,0,256,True,den520d-random-20.scen,380
500,den520d.map,planner,1,106377,87788,395,395,91783,87788,310,0,0,False,den520d-random-20.scen,500
500,den520d.map,planner,1,106377,87788,395,395,91783,87788,296,0,0,True,den520d-random-20.scen,500
500,den520d.map,planner,1,105965,87788,395,395,91494,87788,316,0,1,True,den520d-random-20.scen,500
500,den520d.map,planner,1,105104,87788,395,395,91648,87788,335,0,4,True,den520d-random-20.scen,500
500,den520d.map,planner,1,106371,87788,395,395,91416,87788,347,0,16,True,den520d-random-20.scen,500
500,den520d.map,planner,1,106121,87788,395,395,91426,87788,499,0,64,True,den520d-random-20.scen,500
500,den520d.map,planner,1,105272,87788,395,395,91489,87788,711,0,256,True,den520d-random-20.scen,500
620,den520d.map,planner,1,133217,108168,395,395,114188,108168,417,0,0,False,den520d-random-20.scen,620
620,den520d.map,planner,1,133217,108168,395,395,114188,108168,421,0,0,True,den520d-random-20.scen,620
620,den520d.map,planner,1,134018,108168,395,395,113698,108168,425,0,1,True,den520d-random-20.scen,620
620,den520d.map,planner,1,134047,108168,395,395,114079,108168,466,0,4,True,den520d-random-20.scen,620
620,den520d.map,planner,1,132760,108168,398,395,113745,108168,570,0,16,True,den520d-random-20.scen,620
620,den520d.map,planner,1,132925,108168,395,395,113773,108168,756,0,64,True,den520d-random-20.scen,620
620,den520d.map,planner,1,133071,108168,395,395,113792,108168,1733,0,256,True,den520d-random-20.scen,620
740,den520d.map,planner,1,165855,130804,395,395,139892,130804,566,0,0,False,den520d-random-20.scen,740
740,den520d.map,planner,1,165855,130804,395,395,139892,130804,568,0,0,True,den520d-random-20.scen,740
740,den520d.map,planner,1,164803,130804,395,395,139297,130804,592,0,1,True,den520d-random-20.scen,740
740,den520d.map,planner,1,164401,130804,395,395,138854,130804,639,0,4,True,den520d-random-20.scen,740
740,den520d.map,planner,1,164165,130804,395,395,139379,130804,890,0,16,True,den520d-random-20.scen,740
740,den520d.map,planner,1,165727,130804,395,395,139040,130804,2005,0,64,True,den520d-random-20.scen,740
740,den520d.map,planner,1,165474,130804,395,395,139065,130804,4993,0,256,True,den520d-random-20.scen,740
860,den520d.map,planner,1,197101,152365,395,395,164828,152365,793,0,0,False,den520d-random-20.scen,860
860,den520d.map,planner,1,197101,152365,395,395,164828,152365,803,0,0,True,den520d-random-20.scen,860
860,den520d.map,planner,1,196870,152365,395,395,164454,152365,821,0,1,True,den520d-random-20.scen,860
860,den520d.map,planner,1,196734,152365,395,395,163806,152365,935,0,4,True,den520d-random-20.scen,860
860,den520d.map,planner,1,198125,152365,395,395,164654,152365,1286,0,16,True,den520d-random-20.scen,860
860,den520d.map,planner,1,197305,152365,395,395,164278,152365,2352,0,64,True,den520d-random-20.scen,860
860,den520d.map,planner,1,196870,152365,395,395,164265,152365,7513,0,256,True,den520d-random-20.scen,860
980,den520d.map,planner,1,229912,171718,395,395,187606,171718,1113,0,0,False,den520d-random-20.scen,980
980,den520d.map,planner,1,229912,171718,395,395,187606,171718,1118,0,0,True,den520d-random-20.scen,980
980,den520d.map,planner,1,229862,171718,395,395,186818,171718,1216,0,1,True,den520d-random-20.scen,980
980,den520d.map,planner,1,226692,171718,395,395,186344,171718,1282,0,4,True,den520d-random-20.scen,980
980,den520d.map,planner,1,226205,171718,395,395,186572,171718,1612,0,16,True,den520d-random-20.scen,980
980,den520d.map,planner,1,227237,171718,397,395,185951,171718,3632,0,64,True,den520d-random-20.scen,980
980,den520d.map,planner,1,226573,171718,396,395,186524,171718,10628,0,256,True,den520d-random-20.scen,980
20,den520d.map,planner,1,2888,2888,313,313,2888,2888,7,0,0,False,den520d-random-23.scen,20
20,den520d.map,planner,1,2888,2888,313,313,2888,2888,7,0,0,True,den520d-random-23.scen,20
20,den520d.map,planner,1,2888,2888,313,313,2888,2888,7,0,1,True,den520d-random-23.scen,20
20,den520d.map,planner,1,2888,2888,313,313,2888,2888,7,0,4,True,den520d-random-23.scen,20
20,den520d.map,planner,1,2888,2888,313,313,2888,2888,7,0,16,True,den520d-random-23.scen,20
20,den520d.map,planner,1,2888,2888,313,313,2888,2888,7,0,64,True,den520d-random-23.scen,20
20,den520d.map,planner,1,2888,2888,313,313,2888,2888,6,0,256,True,den520d-random-23.scen,20
140,den520d.map,planner,1,26449,24492,371,371,24819,24492,64,0,0,False,den520d-random-23.scen,140
140,den520d.map,planner,1,26449,24492,371,371,24819,24492,62,0,0,True,den520d-random-23.scen,140
140,den520d.map,planner,1,26133,24492,371,371,24802,24492,61,0,1,True,den520d-random-23.scen,140
140,den520d.map,planner,1,26133,24492,371,371,24802,24492,59,0,4,True,den520d-random-23.scen,140
140,den520d.map,planner,1,26133,24492,371,371,24802,24492,62,0,16,True,den520d-random-23.scen,140
140,den520d.map,planner,1,26133,24492,371,371,24802,24492,60,0,64,True,den520d-random-23.scen,140
140,den520d.map,planner,1,26133,24492,371,371,24802,24492,62,0,256,True,den520d-random-23.scen,140
260,den520d.map,planner,1,51713,46184,373,371,47428,46184,126,0,0,False,den520d-random-23.scen,260
260,den520d.map,planner,1,51713,46184,373,371,47428,46184,128,0,0,True,den520d-random-23.scen,260
260,den520d.map,planner,1,51638,46184,373,371,47369,46184,124,0,1,True,den520d-random-23.scen,260
260,den520d.map,planner,1,51638,46184,373,371,47369,46184,130,0,4,True,den520d-random-23.scen,260
260,den520d.map,planner,1,51638,46184,373,371,47369,46184,128,0,16,True,den520d-random-23.scen,260
260,den520d.map,planner,1,51638,46184,373,371,47369,46184,126,0,64,True,den520d-random-23.scen,260
260,den520d.map,planner,1,51638,46184,373,371,47369,46184,129,0,256,True,den520d-random-23.scen,260
380,den520d.map,planner,1,76424,65415,387,387,67769,65415,204,0,0,False,den520d-random-23.scen,380
380,den520d.map,planner,1,76424,65415,387,387,67769,65415,204,0,0,True,den520d-random-23.scen,380
380,den520d.map,planner,1,75895,65415,387,387,67670,65415,208,0,1,True,den520d-random-23.scen,380
380,den520d.map,planner,1,75895,65415,387,387,67670,65415,202,0,4,True,den520d-random-23.scen,380
380,den520d.map,planner,1,75895,65415,387,387,67670,65415,205,0,16,True,den520d-random-23.scen,380
380,den520d.map,planner,1,75895,65415,387,387,67670,65415,202,0,64,True,den520d-random-23.scen,380
380,den520d.map,planner,1,75895,65415,387,387,67670,65415,205,0,256,True,den520d-random-23.scen,380
500,den520d.map,planner,1,105671,87206,387,387,91364,87206,295,0,0,False,den520d-random-23.scen,500
500,den520d.map,planner,1,105671,87206,387,387,91364,87206,311,0,0,True,den520d-random-23.scen,500
500,den520d.map,planner,1,103487,87206,387,387,90814,87206,332,0,1,True,den520d-random-23.scen,500
500,den520d.map,planner,1,103955,87206,387,387,90706,87206,315,0,4,True,den520d-random-23.scen,500
500,den520d.map,planner,1,104642,87206,387,387,90749,87206,375,0,16,True,den520d-random-23.scen,500
500,den520d.map,planner,1,103933,87206,387,387,90549,87206,453,0,64,True,den520d-random-23.scen,500
500,den520d.map,planner,1,103531,87206,387,387,90589,87206,565,0,256,True,den520d-random-23.scen,500
620,den520d.map,planner,1,133090,107907,394,394,113791,107907,415,0,0,False,den520d-random-23.scen,620
620,den520d.map,planner,1,133090,107907,394,394,113791,107907,414,0,0,True,den520d-random-23.scen,620
620,den520d.map,planner,1,132664,107907,394,394,113503,107907,428,0,1,True,den520d-random-23.scen,620
620,den520d.map,planner,1,131037,107907,394,394,113252,107907,477,0,4,True,den520d-random-23.scen,620
620,den520d.map,planner,1,130672,107907,394,394,113190,107907,605,0,16,True,den520d-random-23.scen,620
620,den520d.map,planner,1,130721,107907,395,394,113280,107907,1073,0,64,True,den520d-random-23.scen,620
620,den520d.map,planner,1,131987,107907,403,394,113203,107907,1987,0,256,True,den520d-random-23.scen,620
740,den520d.map,planner,1,160383,128064,394,394,136011,128064,565,0,0,False,den520d-random-23.scen,740
740,den520d.map,planner,1,160383,128064,394,394,136011,128064,569,0,0,True,den520d-random-23.scen,740
740,den520d.map,planner,1,161357,128064,394,394,135837,128064,582,0,1,True,den520d-random-23.scen,740
740,den520d.map,planner,1,159205,128064,394,394,135510,128064,651,0,4,True,den520d-random-23.scen,740
740,den520d.map,planner,1,160791,128064,394,394,135803,128064,977,0,16,True,den520d-random-23.scen,740
740,den520d.map,planner,1,159364,128064,395,394,135239,128064,1555,0,64,True,den520d-random-23.scen,740
740,den520d.map,planner,1,160813,128064,394,394,135669,128064,6133,0,256,True,den520d-random-23.scen,740
860,den520d.map,planner,1,190775,148148,394,394,159436,148148,785,0,0,False,den520d-random-23.scen,860
860,den520d.map,planner,1,190775,148148,394,394,159436,148148,835,0,0,True,den520d-random-23.scen,860
860,den520d.map,planner,1,189017,148148,394,394,158792,148148,828,0,1,True,den520d-random-23.scen,860
860,den520d.map,planner,1,190758,148148,394,394,158714,148148,907,0,4,True,den520d-random-23.scen,860
860,den520d.map,planner,1,190683,148148,394,394,159284,148148,1311,0,16,True,den520d-random-23.scen,860
860,den520d.map,planner,1,189883,148148,394,394,158895,148148,2700,0,64,True,den520d-random-23.scen,860
860,den520d.map,planner,1,191564,148148,394,394,158817,148148,7967,0,256,True,den520d-random-23.scen,860
980,den520d.map,planner,1,224872,170452,397,394,185324,170452,1189,0,0,False,den520d-random-23.scen,980
980,den520d.map,planner,1,224872,170452,397,394,185324,170452,1140,0,0,True,den520d-random-23.scen,980
980,den520d.map,planner,1,222767,170452,413,394,184540,170452,1221,0,1,True,den520d-random-23.scen,980
980,den520d.map,planner,1,224628,170452,394,394,184029,170452,1243,0,4,True,den520d-random-23.scen,980
980,den520d.map,planner,1,223511,170452,394,394,184973,170452,1791,0,16,True,den520d-random-23.scen,980
980,den520d.map,planner,1,224067,170452,394,394,184433,170452,3455,0,64,True,den520d-random-23.scen,980
980,den520d.map,planner,1,224749,170452,394,394,184432,170452,10345,0,256,True,den520d-random-23.scen,980
20,den520d.map,planner,1,3783,3780,392,392,3783,3780,8,0,0,False,den520d-random-7.scen,20
20,den520d.map,planner,1,3783,3780,392,392,3783,3780,8,0,0,True,den520d-random-7.scen,20
20,den520d.map,planner,1,3783,3780,392,392,3783,3780,9,0,1,True,den520d-random-7.scen,20
20,den520d.map,planner,1,3783,3780,392,392,3783,3780,8,0,4,True,den520d-random-7.scen,20
20,den520d.map,planner,1,3783,3780,392,392,3783,3780,8,0,16,True,den520d-random-7.scen,20
20,den520d.map,planner,1,3783,3780,392,392,3783,3780,9,0,64,True,den520d-random-7.scen,20
20,den520d.map,planner,1,3783,3780,392,392,3783,3780,8,0,256,True,den520d-random-7.scen,20
140,den520d.map,planner,1,26391,24258,392,392,24510,24258,59,0,0,False,den520d-random-7.scen,140
140,den520d.map,planner,1,26391,24258,392,392,24510,24258,57,0,0,True,den520d-random-7.scen,140
140,den520d.map,planner,1,26147,24258,392,392,24513,24258,62,0,1,True,den520d-random-7.scen,140
140,den520d.map,planner,1,26147,24258,392,392,24513,24258,65,0,4,True,den520d-random-7.scen,140
140,den520d.map,planner,1,26147,24258,392,392,24513,24258,58,0,16,True,den520d-random-7.scen,140
140,den520d.map,planner,1,26147,24258,392,392,24513,24258,61,0,64,True,den520d-random-7.scen,140
140,den520d.map,planner,1,26147,24258,392,392,24513,24258,61,0,256,True,den520d-random-7.scen,140
260,den520d.map,planner,1,51926,44480,392,392,45694,44480,125,0,0,False,den520d-random-7.scen,260
260,den520d.map,planner,1,51926,44480,392,392,45694,44480,125,0,0,True,den520d-random-7.scen,260
260,den520d.map,planner,1,52333,44480,392,392,45529,44480,123,0,1,True,den520d-random-7.scen,260
260,den520d.map,planner,1,52333,44480,392,392,45529,44480,132,0,4,True,den520d-random-7.scen,260
260,den520d.map,planner,1,52333,44480,392,392,45529,44480,129,0,16,True,den520d-random-7.scen,260
260,den520d.map,planner,1,52333,44480,392,392,45529,44480,122,0,64,True,den520d-random-7.scen,260
260,den520d.map,planner,1,52333,44480,392,392,45529,44480,123,0,256,True,den520d-random-7.scen,260
380,den520d.map,planner,1,80461,67278,392,392,69788,67278,215,0,0,False,den520d-random-7.scen,380
380,den520d.map,planner,1,80461,67278,392,392,69788,67278,209,0,0,True,den520d-random-7.scen,380
380,den520d.map,planner,1,79790,67278,392,392,69416,67278,210,0,1,True,den520d-random-7.scen,380
380,den520d.map,planner,1,79660,67278,392,392,69514,67278,213,0,4,True,den520d-random-7.scen,380
380,den520d.map,planner,1,80083,67278,392,392,69546,67278,217,0,16,True,den520d-random-7.scen,380
380,den520d.map,planner,1,80083,67278,392,392,69546,67278,220,0,64,True,den520d-random-7.scen,380
380,den520d.map,planner,1,80083,67278,392,392,69546,67278,215,0,256,True,den520d-random-7.scen,380
500,den520d.map,planner,1,108972,87773,392,392,92025,87773,306,0,0,False,den520d-random-7.scen,500
500,den520d.map,planner,1,108972,87773,392,392,92025,87773,311,0,0,True,den520d-random-7.scen,500
500,den520d.map,planner,1,107383,87773,392,392,91745,87773,318,0,1,True,den520d-random-7.scen,500
500,den520d.map,planner,1,108089,87773,392,392,91793,87773,360,0,4,True,den520d-random-7.scen,500
500,den520d.map,planner,1,108158,87773,392,392,91822,87773,425,0,16,True,den520d-random-7.scen,500
500,den520d.map,planner,1,109034,87773,392,392,91855,87773,746,0,64,True,den520d-random-7.scen,500
500,den520d.map,planner,1,108550,87773,392,392,91613,87773,786,0,256,True,den520d-random-7.scen,500
620,den520d.map,planner,1,135976,107660,392,392,113502,107660,414,0,0,False,den520d-random-7.scen,620
620,den520d.map,planner,1,135976,107660,392,392,113502,107660,419,0,0,True,den520d-random-7.scen,620
620,den520d.map,planner,1,134934,107660,392,392,113458,107660,444,0,1,True,den520d-random-7.scen,620
620,den520d.map,planner,1,136682,107660,392,392,113769,107660,518,0,4,True,den520d-random-7.scen,620
620,den520d.map,planner,1,137749,107660,392,392,113806,107660,637,0,16,True,den520d-random-7.scen,620
620,den520d.map,planner,1,137481,107660,392,392,113911,107660,1807,0,64,True,den520d-random-7.scen,620
620,den520d.map,planner,1,135975,107660,392,392,113673,107660,4002,0,256,True,den520d-random-7.scen,620
740,den520d.map,planner,1,169227,129160,430,430,137875,129160,612,0,0,False,den520d-random-7.scen,740
740,den520d.map,planner,1,169227,129160,430,430,137875,129160,584,0,0,True,den520d-random-7.scen,740
740,den520d.map,planner,1,168174,129160,431,430,137642,129160,613,0,1,True,den520d-random-7.scen,740
740,den520d.map,planner,1,167113,129160,430,430,137397,129160,704,0,4,True,den520d-random-7.scen,740
740,den520d.map,planner,1,167753,129160,430,430,137404,129160,1013,0,16,True,den520d-random-7.scen,740
740,den520d.map,planner,1,168750,129160,432,430,137375,129160,1892,0,64,True,den520d-random-7.scen,740
740,den520d.map,planner,1,168763,129160,433,430,137257,129160,5838,0,256,True,den520d-random-7.scen,740
860,den520d.map,planner,1,202690,149949,430,430,162468,149949,870,0,0,False,den520d-random-7.scen,860
860,den520d.map,planner,1,202690,149949,430,430,162468,149949,917,0,0,True,den520d-random-7.scen,860
860,den520d.map,planner,1,200899,149949,432,430,162303,149949,881,0,1,True,den520d-random-7.scen,860
860,den520d.map,planner,1,199173,149949,430,430,161841,149949,1000,0,4,True,den520d-random-7.scen,860
860,den520d.map,planner,1,198686,149949,430,430,161679,149949,1232,0,16,True,den520d-random-7.scen,860
860,den520d.map,planner,1,198156,149949,430,430,161269,149949,2799,0,64,True,den520d-random-7.scen,860
860,den520d.map,planner,1,198735,149949,432,430,161528,149949,8062,0,256,True,den520d-random-7.scen,860
980,den520d.map,planner,1,236240,171541,430,430,187752,171541,1250,0,0,False,den520d-random-7.scen,980
980,den520d.map,planner,1,236240,171541,430,430,187752,171541,1196,0,0,True,den520d-random-7.scen,980
980,den520d.map,planner,1,234075,171541,430,430,186265,171541,1241,0,1,True,den520d-random-7.scen,980
980,den520d.map,planner,1,234783,171541,430,430,186673,171541,1328,0,4,True,den520d-random-7.scen,980
980,den520d.map,planner,1,232992,171541,432,430,186492,171541,1773,0,16,True,den520d-random-7.scen,980
980,den520d.map,planner,1,235201,171541,430,430,186899,171541,3363,0,64,True,den520d-random-7.scen,980
980,den520d.map,planner,1,235024,171541,430,430,186780,171541,10052,0,256,True,den520d-random-7.scen,980
20,den520d.map,planner,1,3544,3384,330,330,3389,3384,8,0,0,False,den520d-random-9.scen,20
20,den520d.map,planner,1,3544,3384,330,330,3389,3384,10,0,0,True,den520d-random-9.scen,20
20,den520d.map,planner,1,3544,3384,330,330,3389,3384,7,0,1,True,den520d-random-9.scen,20
20,den520d.map,planner,1,3544,3384,330,330,3389,3384,7,0,4,True,den520d-random-9.scen,20
20,den520d.map,planner,1,3544,3384,330,330,3389,3384,7,0,16,True,den520d-random-9.scen,20
20,den520d.map,planner,1,3544,3384,330,330,3389,3384,7,0,64,True,den520d-random-9.scen,20
20,den520d.map,planner,1,3544,3384,330,330,3389,3384,7,0,256,True,den520d-random-9.scen,20
140,den520d.map,planner,1,22699,21369,359,359,21554,21369,52,0,0,False,den520d-random-9.scen,140
140,den520d.map,planner,1,22699,21369,359,359,21554,21369,58,0,0,True,den520d-random-9.scen,140
140,den520d.map,planner,1,22822,21369,359,359,21535,21369,52,0,1,True,den520d-random-9.scen,140
140,den520d.map,planner,1,22822,21369,359,359,21535,21369,61,0,4,True,den520d-random-9.scen,140
140,den520d.map,planner,1,22822,21369,359,359,21535,21369,53,0,16,True,den520d-random-9.scen,140
140,den520d.map,planner,1,22822,21369,359,359,21535,21369,55,0,64,True,den520d-random-9.scen,140
140,den520d.map,planner,1,22822,21369,359,359,21535,21369,51,0,256,True,den520d-random-9.scen,140
260,den520d.map,planner,1,46100,41155,399,399,41999,41155,118,0,0,False,den520d-random-9.scen,260
260,den520d.map,planner,1,46100,41155,399,399,41999,41155,119,0,0,True,den520d-random-9.scen,260
260,den520d.map,planner,1,46789,41155,399,399,41989,41155,116,0,1,True,den520d-random-9.scen,260
260,den520d.map,planner,1,46789,41155,399,399,41989,41155,127,0,4,True,den520d-random-9.scen,260
260,den520d.map,planner,1,46789,41155,399,399,41989,41155,120,0,16,True,den520d-random-9.scen,260
260,den520d.map,planner,1,46789,41155,399,399,41989,41155,126,0,64,True,den520d-random-9.scen,260
260,den520d.map,planner,1,46789,41155,399,399,41989,41155,122,0,256,True,den520d-random-9.scen,260
380,den520d.map,planner,1,73948,62756,399,399,64783,62756,204,0,0,False,den520d-random-9.scen,380
380,den520d.map,planner,1,73948,62756,399,399,64783,62756,204,0,0,True,den520d-random-9.scen,380
380,den520d.map,planner,1,74058,62756,399,399,64808,62756,207,0,1,True,den520d-random-9.scen,380
380,den520d.map,planner,1,74210,62756,399,399,64780,62756,211,0,4,True,den520d-random-9.scen,380
380,den520d.map,planner,1,74464,62756,399,399,64760,62756,210,0,16,True,den520d-random-9.scen,380
380,den520d.map,planner,1,74734,62756,399,399,64746,62756,230,0,64,True,den520d-random-9.scen,380
380,den520d.map,planner,1,74734,62756,399,399,64746,62756,228,0,256,True,den520d-random-9.scen,380
500,den520d.map,planner,1,100756,83540,401,401,86876,83540,304,0,0,False,den520d-random-9.scen,500
500,den520d.map,planner,1,100756,83540,401,401,86876,83540,301,0,0,True,den520d-random-9.scen,500
500,den520d.map,planner,1,99280,83540,403,401,86594,83540,326,0,1,True,den520d-random-9.scen,500
500,den520d.map,planner,1,99861,83540,403,401,86843,83540,325,0,4,True,den520d-random-9.scen,500
500,den520d.map,planner,1,99365,83540,402,401,86783,83540,386,0,16,True,den520d-random-9.scen,500
500,den520d.map,planner,1,99725,83540,402,401,86677,83540,514,0,64,True,den520d-random-9.scen,500
500,den520d.map,planner,1,98602,83540,402,401,86671,83540,836,0,256,True,den520d-random-9.scen,500
620,den520d.map,planner,1,131085,105828,401,401,111253,105828,418,0,0,False,den520d-random-9.scen,620
620,den520d.map,planner,1,131085,105828,401,401,111253,105828,420,0,0,True,den520d-random-9.scen,620
620,den520d.map,planner,1,130460,105828,401,401,110675,105828,430,0,1,True,den520d-random-9.scen,620
620,den520d.map,planner,1,130039,105828,406,401,110604,105828,470,0,4,True,den520d-random-9.scen,620
620,den520d.map,planner,1,129321,105828,401,401,110430,105828,526,0,16,True,den520d-random-9.scen,620
620,den520d.map,planner,1,129722,105828,401,401,110565,105828,964,0,64,True,den520d-random-9.scen,620
620,den520d.map,planner,1,130151,105828,401,401,110486,105828,1636,0,256,True,den520d-random-9.scen,620
740,den520d.map,planner,1,159578,127079,401,401,134668,127079,605,0,0,False,den520d-random-9.scen,740
740,den520d.map,planner,1,159578,127079,401,401,134668,127079,584,0,0,True,den520d-random-9.scen,740
740,den520d.map,planner,1,159383,127079,401,401,133929,127079,619,0,1,True,den520d-random-9.scen,740
740,den520d.map,planner,1,160812,127079,401,401,134267,127079,650,0,4,True,den520d-random-9.scen,740
740,den520d.map,planner,1,157706,127079,403,401,133555,127079,868,0,16,True,den520d-random-9.scen,740
740,den520d.map,planner,1,160413,127079,402,401,134206,127079,1665,0,64,True,den520d-random-9.scen,740
740,den520d.map,planner,1,159189,127079,401,401,134131,127079,3769,0,256,True,den520d-random-9.scen,740
860,den520d.map,planner,1,189767,148862,401,401,159311,148862,827,0,0,False,den520d-random-9.scen,860
860,den520d.map,planner,1,189767,148862,401,401,159311,148862,881,0,0,True,den520d-random-9.scen,860
860,den520d.map,planner,1,190540,148862,401,401,158654,148862,853,0,1,True,den520d-random-9.scen,860
860,den520d.map,planner,1,190040,148862,402,401,158615,148862,945,0,4,True,den520d-random-9.scen,860
860,den520d.map,planner,1,189936,148862,401,401,158566,148862,1187,0,16,True,den520d-random-9.scen,860
860,den520d.map,planner,1,190622,148862,427,401,158407,148862,2149,0,64,True,den520d-random-9.scen,860
860,den520d.map,planner,1,191125,148862,405,401,158735,148862,6069,0,256,True,den520d-random-9.scen,860
980,den520d.map,planner,1,224962,170103,419,419,184038,170103,1219,0,0,False,den520d-random-9.scen,980
980,den520d.map,planner,1,224962,170103,419,419,184038,170103,1220,0,0,True,den520d-random-9.scen,980
980,den520d.map,planner,1,224072,170103,419,419,183197,170103,1388,0,1,True,den520d-random-9.scen,980
980,den520d.map,planner,1,223703,170103,419,419,183209,170103,1305,0,4,True,den520d-random-9.scen,980
980,den520d.map,planner,1,223292,170103,419,419,182809,170103,1601,0,16,True,den520d-random-9.scen,980
980,den520d.map,planner,1,223470,170103,419,419,183299,170103,2913,0,64,True,den520d-random-9.scen,980
980,den520d.map,planner,1,222304,170103,419,419,182510,170103,8443,0,256,True,den520d-random-9.scen,980
20,den520d.map,planner,1,4201,4194,341,341,4201,4194,11,0,0,False,den520d-random-4.scen,20
20,den520d.map,planner,1,4201,4194,341,341,4201,4194,9,0,0,True,den520d-random-4.scen,20
20,den520d.map,planner,1,4201,4194,341,341,4201,4194,9,0,1,True,den520d-random-4.scen,20
20,den520d.map,planner,1,4201,4194,341,341,4201,4194,11,0,4,True,den520d-random-4.scen,20
20,den520d.map,planner,1,4201,4194,341,341,4201,4194,9,0,16,True,den520d-random-4.scen,20
20,den520d.map,planner,1,4201,4194,341,341,4201,4194,9,0,64,True,den520d-random-4.scen,20
20,den520d.map,planner,1,4201,4194,341,341,4201,4194,8,0,256,True,den520d-random-4.scen,20
140,den520d.map,planner,1,25516,23047,367,367,23442,23047,57,0,0,False,den520d-random-4.scen,140
140,den520d.map,planner,1,25516,23047,367,367,23442,23047,56,0,0,True,den520d-random-4.scen,140
140,den520d.map,planner,1,25140,23047,367,367,23419,23047,56,0,1,True,den520d-random-4.scen,140
140,den520d.map,planner,1,25140,23047,367,367,23419,23047,64,0,4,True,den520d-random-4.scen,140
140,den520d.map,planner,1,25140,23047,367,367,23419,23047,63,0,16,True,den520d-random-4.scen,140
140,den520d.map,planner,1,25140,23047,367,367,23419,23047,57,0,64,True,den520d-random-4.scen,140
140,den520d.map,planner,1,25140,23047,367,367,23419,23047,58,0,256,True,den520d-random-4.scen,140
260,den520d.map,planner,1,48494,42651,411,411,43677,42651,122,0,0,False,den520d-random-4.scen,260
260,den520d.map,planner,1,48494,42651,411,411,43677,42651,124,0,0,True,den520d-random-4.scen,260
260,den520d.map,planner,1,47961,42651,411,411,43622,42651,126,0,1,True,den520d-random-4.scen,260
260,den520d.map,planner,1,47961,42651,411,411,43622,42651,122,0,4,True,den520d-random-4.scen,260
260,den520d.map,planner,1,47961,42651,411,411,43622,42651,122,0,16,True,den520d-random-4.scen,260
260,den520d.map,planner,1,47961,42651,411,411,43622,42651,126,0,64,True,den520d-random-4.scen,260
260,den520d.map,planner,1,47961,42651,411,411,43622,42651,126,0,256,True,den520d-random-4.scen,260
380,den520d.map,planner,1,74743,64230,411,411,66288,64230,209,0,0,False,den520d-random-4.scen,380
380,den520d.map,planner,1,74743,64230,411,411,66288,64230,202,0,0,True,den520d-random-4.scen,380
380,den520d.map,planner,1,75225,64230,411,411,66259,64230,213,0,1,True,den520d-random-4.scen,380
380,den520d.map,planner,1,75425,64230,411,411,66341,64230,217,0,4,True,den520d-random-4.scen,380
380,den520d.map,planner,1,74587,64230,411,411,66191,64230,205,0,16,True,den520d-random-4.scen,380
380,den520d.map,planner,1,74587,64230,411,411,66191,64230,213,0,64,True,den520d-random-4.scen,380
380,den520d.map,planner,1,74587,64230,411,411,66191,64230,212,0,256,True,den520d-random-4.scen,380
500,den520d.map,planner,1,102346,84321,411,411,87835,84321,305,0,0,False,den520d-random-4.scen,500
500,den520d.map,planner,1,102346,84321,411,411,87835,84321,310,0,0,True,den520d-random-4.scen,500
500,den520d.map,planner,1,101625,84321,411,411,87418,84321,311,0,1,True,den520d-random-4.scen,500
500,den520d.map,planner,1,101336,84321,413,411,87467,84321,352,0,4,True,den520d-random-4.scen,500
500,den520d.map,planner,1,101874,84321,411,411,87556,84321,424,0,16,True,den520d-random-4.scen,500
500,den520d.map,planner,1,101164,84321,411,411,87490,84321,499,0,64,True,den520d-random-4.scen,500
500,den520d.map,planner,1,101629,84321,411,411,87573,84321,931,0,256,True,den520d-random-4.scen,500
620,den520d.map,planner,1,129661,105888,411,411,111258,105888,424,0,0,False,den520d-random-4.scen,620
620,den520d.map,planner,1,129661,105888,411,411,111258,105888,424,0,0,True,den520d-random-4.scen,620
620,den520d.map,planner,1,130500,105888,411,411,110763,105888,467,0,1,True,den520d-random-4.scen,620
620,den520d.map,planner,1,130175,105888,411,411,111099,105888,505,0,4,True,den520d-random-4.scen,620
620,den520d.map,planner,1,129868,105888,411,411,110853,105888,652,0,16,True,den520d-random-4.scen,620
620,den520d.map,planner,1,129643,105888,412,411,110849,105888,1310,0,64,True,den520d-random-4.scen,620
620,den520d.map,planner,1,130416,105888,411,411,110889,105888,4407,0,256,True,den520d-random-4.scen,620
740,den520d.map,planner,1,162711,127460,411,411,135377,127460,573,0,0,False,den520d-random-4.scen,740
740,den520d.map,planner,1,162711,127460,411,411,135377,127460,553,0,0,True,den520d-random-4.scen,740
740,den520d.map,planner,1,162630,127460,419,411,134887,127460,599,0,1,True,den520d-random-4.scen,740
740,den520d.map,planner,1,163146,127460,411,411,135025,127460,661,0,4,True,den520d-random-4.scen,740
740,den520d.map,planner,1,160431,127460,411,411,134617,127460,925,0,16,True,den520d-random-4.scen,740
740,den520d.map,planner,1,159614,127460,413,411,134372,127460,1759,0,64,True,den520d-random-4.scen,740
740,den520d.map,planner,1,159890,127460,425,411,134870,127460,6224,0,256,True,den520d-random-4.scen,740
860,den520d.map,planner,1,195611,149246,411,411,160745,149246,915,0,0,False,den520d-random-4.scen,860
860,den520d.map,planner,1,195611,149246,411,411,160745,149246,820,0,0,True,den520d-random-4.scen,860
860,den520d.map,planner,1,195895,149246,418,411,161069,149246,935,0,1,True,den520d-random-4.scen,860
860,den520d.map,planner,1,195102,149246,417,411,160434,149246,963,0,4,True,den520d-random-4.scen,860
860,den520d.map,planner,1,195731,149246,411,411,160483,149246,1283,0,16,True,den520d-random-4.scen,860
860,den520d.map,planner,1,195380,149246,414,411,160330,149246,2548,0,64,True,den520d-random-4.scen,860
860,den520d.map,planner,1,197187,149246,411,411,160727,149246,8313,0,256,True,den520d-random-4.scen,860
980,den520d.map,planner,1,228292,169305,411,411,184200,169305,1162,0,0,False,den520d-random-4.scen,980
980,den520d.map,planner,1,228292,169305,411,411,184200,169305,1290,0,0,True,den520d-random-4.scen,980
980,den520d.map,planner,1,227206,169305,415,411,184037,169305,1255,0,1,True,den520d-random-4.scen,980
980,den520d.map,planner,1,229232,169305,416,411,184912,169305,1440,0,4,True,den520d-random-4.scen,980
980,den520d.map,planner,1,228925,169305,413,411,183421,169305,1763,0,16,True,den520d-random-4.scen,980
980,den520d.map,planner,1,225673,169305,411,411,183461,169305,3232,0,64,True,den520d-random-4.scen,980
980,den520d.map,planner,1,228638,169305,413,411,183753,169305,9026,0,256,True,den520d-random-4.scen,980
20,den520d.map,planner,1,3022,3019,325,325,3022,3019,7,0,0,False,den520d-random-5.scen,20
20,den520d.map,planner,1,3022,3019,325,325,3022,3019,6,0,0,True,den520d-random-5.scen,20
20,den520d.map,planner,1,3022,3019,325,325,3022,3019,6,0,1,True,den520d-random-5.scen,20
20,den520d.map,planner,1,3022,3019,325,325,3022,3019,8,0,4,True,den520d-random-5.scen,20
20,den520d.map,planner,1,3022,3019,325,325,3022,3019,7,0,16,True,den520d-random-5.scen,20
20,den520d.map,planner,1,3022,3019,325,325,3022,3019,6,0,64,True,den520d-random-5.scen,20
20,den520d.map,planner,1,3022,3019,325,325,3022,3019,7,0,256,True,den520d-random-5.scen,20
140,den520d.map,planner,1,26416,23483,361,361,23853,23483,60,0,0,False,den520d-random-5.scen,140
140,den520d.map,planner,1,26416,23483,361,361,23853,23483,62,0,0,True,den520d-random-5.scen,140
140,den520d.map,planner,1,26178,23483,361,361,23865,23483,62,0,1,True,den520d-random-5.scen,140
140,den520d.map,planner,1,26178,23483,361,361,23865,23483,68,0,4,True,den520d-random-5.scen,140
140,den520d.map,planner,1,26178,23483,361,361,23865,23483,60,0,16,True,den520d-random-5.scen,140
140,den520d.map,planner,1,26178,23483,361,361,23865,23483,63,0,64,True,den520d-random-5.scen,140
140,den520d.map,planner,1,26178,23483,361,361,23865,23483,61,0,256,True,den520d-random-5.scen,140
260,den520d.map,planner,1,49124,43547,383,383,44751,43547,121,0,0,False,den520d-random-5.scen,260
260,den520d.map,planner,1,49124,43547,383,383,44751,43547,125,0,0,True,den520d-random-5.scen,260
260,den520d.map,planner,1,50377,43547,383,383,44686,43547,130,0,1,True,den520d-random-5.scen,260
260,den520d.map,planner,1,50377,43547,383,383,44686,43547,133,0,4,True,den520d-random-5.scen,260
260,den520d.map,planner,1,50377,43547,383,383,44686,43547,137,0,16,True,den520d-random-5.scen,260
260,den520d.map,planner,1,50377,43547,383,383,44686,43547,124,0,64,True,den520d-random-5.scen,260
260,den520d.map,planner,1,50377,43547,383,383,44686,43547,134,0,256,True,den520d-random-5.scen,260
380,den520d.map,planner,1,77031,64514,383,383,66946,64514,209,0,0,False,den520d-random-5.scen,380
380,den520d.map,planner,1,77031,64514,383,383,66946,64514,222,0,0,True,den520d-random-5.scen,380
380,den520d.map,planner,1,75667,64514,384,383,66801,64514,220,0,1,True,den520d-random-5.scen,380
380,den520d.map,planner,1,76118,64514,385,383,66814,64514,225,0,4,True,den520d-random-5.scen,380
380,den520d.map,planner,1,76118,64514,385,383,66814,64514,216,0,16,True,den520d-random-5.scen,380
380,den520d.map,planner,1,76118,64514,385,383,66814,64514,223,0,64,True,den520d-random-5.scen,380
380,den520d.map,planner,1,76118,64514,385,383,66814,64514,212,0,256,True,den520d-random-5.scen,380
500,den520d.map,planner,1,104005,85369,392,392,89411,85369,309,0,0,False,den520d-random-5.scen,500
500,den520d.map,planner,1,104005,85369,392,392,89411,85369,311,0,0,True,den520d-random-5.scen,500
500,den520d.map,planner,1,104538,85369,394,392,89101,85369,319,0,1,True,den520d-random-5.scen,500
500,den520d.map,planner,1,104017,85369,394,392,89044,85369,315,0,4,True,den520d-random-5.scen,500
500,den520d.map,planner,1,102671,85369,394,392,88968,85369,389,0,16,True,den520d-random-5.scen,500
500,den520d.map,planner,1,105304,85369,394,392,89134,85369,468,0,64,True,den520d-random-5.scen,500
500,den520d.map,planner,1,104648,85369,394,392,89002,85369,921,0,256,True,den520d-random-5.scen,500
620,den520d.map,planner,1,134395,106705,392,392,112981,106705,413,0,0,False,den520d-random-5.scen,620
620,den520d.map,planner,1,134395,106705,392,392,112981,106705,429,0,0,True,den520d-random-5.scen,620
620,den520d.map,planner,1,134834,106705,392,392,112488,106705,425,0,1,True,den520d-random-5.scen,620
620,den520d.map,planner,1,133510,106705,394,392,112359,106705,495,0,4,True,den520d-random-5.scen,620
620,den520d.map,planner,1,133684,106705,392,392,112530,106705,578,0,16,True,den520d-random-5.scen,620
620,den520d.map,planner,1,134149,106705,392,392,112620,106705,1103,0,64,True,den520d-random-5.scen,620
620,den520d.map,planner,1,133258,106705,392,392,112486,106705,2239,0,256,True,den520d-random-5.scen,620
740,den520d.map,planner,1,160686,126534,392,392,134880,126534,557,0,0,False,den520d-random-5.scen,740
740,den520d.map,planner,1,160686,126534,392,392,134880,126534,572,0,0,True,den520d-random-5.scen,740
740,den520d.map,planner,1,160817,126534,392,392,134589,126534,606,0,1,True,den520d-random-5.scen,740
740,den520d.map,planner,1,160412,126534,392,392,134730,126534,632,0,4,True,den520d-random-5.scen,740
740,den520d.map,planner,1,160912,126534,392,392,134522,126534,889,0,16,True,den520d-random-5.scen,740
740,den520d.map,planner,1,161817,126534,392,392,134589,126534,1693,0,64,True,den520d-random-5.scen,740
740,den520d.map,planner,1,162389,126534,392,392,134301,126534,3889,0,256,True,den520d-random-5.scen,740
860,den520d.map,planner,1,192853,146696,396,393,158211,146696,804,0,0,False,den520d-random-5.scen,860
860,den520d.map,planner,1,192853,146696,396,393,158211,146696,828,0,0,True,den520d-random-5.scen,860
860,den520d.map,planner,1,191033,146696,400,393,157776,146696,919,0,1,True,den520d-random-5.scen,860
860,den520d.map,planner,1,191602,146696,393,393,157458,146696,961,0,4,True,den520d-random-5.scen,860
860,den520d.map,planner,1,189731,146696,396,393,157388,146696,1166,0,16,True,den520d-random-5.scen,860
860,den520d.map,planner,1,189225,146696,405,393,157157,146696,2122,0,64,True,den520d-random-5.scen,860
860,den520d.map,planner,1,191560,146696,399,393,157460,146696,5969,0,256,True,den520d-random-5.scen,860
980,den520d.map,planner,1,221424,167516,405,393,182478,167516,1182,0,0,False,den520d-random-5.scen,980
980,den520d.map,planner,1,221424,167516,405,393,182478,167516,1175,0,0,True,den520d-random-5.scen,980
980,den520d.map,planner,1,222144,167516,393,393,181873,167516,1229,0,1,True,den520d-random-5.scen,980
980,den520d.map,planner,1,218924,167516,394,393,181379,167516,1262,0,4,True,den520d-random-5.scen,980
980,den520d.map,planner,1,222260,167516,398,393,181234,167516,1803,0,16,True,den520d-random-5.scen,980
980,den520d.map,planner,1,220964,167516,407,393,181157,167516,3003,0,64,True,den520d-random-5.scen,980
980,den520d.map,planner,1,221681,167516,393,393,181064,167516,7437,0,256,True,den520d-random-5.scen,980
20,den520d.map,planner,1,3616,3611,336,336,3616,3611,7,0,0,False,den520d-random-16.scen,20
20,den520d.map,planner,1,3616,3611,336,336,3616,3611,8,0,0,True,den520d-random-16.scen,20
20,den520d.map,planner,1,3616,3611,336,336,3616,3611,9,0,1,True,den520d-random-16.scen,20
20,den520d.map,planner,1,3616,3611,336,336,3616,3611,7,0,4,True,den520d-random-16.scen,20
20,den520d.map,planner,1,3616,3611,336,336,3616,3611,7,0,16,True,den520d-random-16.scen,20
20,den520d.map,planner,1,3616,3611,336,336,3616,3611,9,0,64,True,den520d-random-16.scen,20
20,den520d.map,planner,1,3616,3611,336,336,3616,3611,7,0,256,True,den520d-random-16.scen,20
140,den520d.map,planner,1,27163,24153,416,416,24517,24153,69,0,0,False,den520d-random-16.scen,140
140,den520d.map,planner,1,27163,24153,416,416,24517,24153,67,0,0,True,den520d-random-16.scen,140
140,den520d.map,planner,1,27115,24153,416,416,24473,24153,63,0,1,True,den520d-random-16.scen,140
140,den520d.map,planner,1,27115,24153,416,416,24473,24153,60,0,4,True,den520d-random-16.scen,140
140,den520d.map,planner,1,27115,24153,416,416,24473,24153,66,0,16,True,den520d-random-16.scen,140
140,den520d.map,planner,1,27115,24153,416,416,24473,24153,62,0,64,True,den520d-random-16.scen,140
140,den520d.map,planner,1,27115,24153,416,416,24473,24153,67,0,256,True,den520d-random-16.scen,140
260,den520d.map,planner,1,52052,43920,416,416,44911,43920,136,0,0,False,den520d-random-16.scen,260
260,den520d.map,planner,1,52052,43920,416,416,44911,43920,123,0,0,True,den520d-random-16.scen,260
260,den520d.map,planner,1,51434,43920,416,416,44992,43920,135,0,1,True,den520d-random-16.scen,260
260,den520d.map,planner,1,51434,43920,416,416,44992,43920,127,0,4,True,den520d-random-16.scen,260
260,den520d.map,planner,1,51434,43920,416,416,44992,43920,127,0,16,True,den520d-random-16.scen,260
260,den520d.map,planner,1,51434,43920,416,416,44992,43920,133,0,64,True,den520d-random-16.scen,260
260,den520d.map,planner,1,51434,43920,416,416,44992,43920,138,0,256,True,den520d-random-16.scen,260
380,den520d.map,planner,1,80524,65401,416,416,67853,65401,211,0,0,False,den520d-random-16.scen,380
380,den520d.map,planner,1,80524,65401,416,416,67853,65401,213,0,0,True,den520d-random-16.scen,380
380,den520d.map,planner,1,78581,65401,416,416,67555,65401,214,0,1,True,den520d-random-16.scen,380
380,den520d.map,planner,1,79324,65401,416,416,67615,65401,215,0,4,True,den520d-random-16.scen,380
380,den520d.map,planner,1,79324,65401,416,416,67615,65401,214,0,16,True,den520d-random-16.scen,380
380,den520d.map,planner,1,79324,65401,416,416,67615,65401,213,0,64,True,den520d-random-16.scen,380
380,den520d.map,planner,1,79324,65401,416,416,67615,65401,215,0,256,True,den520d-random-16.scen,380
500,den520d.map,planner,1,104782,84051,416,416,87784,84051,307,0,0,False,den520d-random-16.scen,500
500,den520d.map,planner,1,104782,84051,416,416,87784,84051,316,0,0,True,den520d-random-16.scen,500
500,den520d.map,planner,1,105525,84051,416,416,87674,84051,333,0,1,True,den520d-random-16.scen,500
500,den520d.map,planner,1,105304,84051,416,416,87607,84051,329,0,4,True,den520d-random-16.scen,500
500,den520d.map,planner,1,105088,84051,416,416,87566,84051,345,0,16,True,den520d-random-16.scen,500
500,den520d.map,planner,1,104897,84051,416,416,87468,84051,319,0,64,True,den520d-random-16.scen,500
500,den520d.map,planner,1,104897,84051,416,416,87468,84051,326,0,256,True,den520d-random-16.scen,500
620,den520d.map,planner,1,134913,105515,416,416,111484,105515,417,0,0,False,den520d-random-16.scen,620
620,den520d.map,planner,1,134913,105515,416,416,111484,105515,416,0,0,True,den520d-random-16.scen,620
620,den520d.map,planner,1,135369,105515,416,416,111130,105515,428,0,1,True,den520d-random-16.scen,620
620,den520d.map,planner,1,133722,105515,416,416,110855,105515,444,0,4,True,den520d-random-16.scen,620
620,den520d.map,planner,1,134706,105515,416,416,110913,105515,505,0,16,True,den520d-random-16.scen,620
620,den520d.map,planner,1,135534,105515,418,416,110852,105515,649,0,64,True,den520d-random-16.scen,620
620,den520d.map,planner,1,135427,105515,416,416,111074,105515,1487,0,256,True,den520d-random-16.scen,620
740,den520d.map,planner,1,168238,127609,416,416,136313,127609,576,0,0,False,den520d-random-16.scen,740
740,den520d.map,planner,1,168238,127609,416,416,136313,127609,602,0,0,True,den520d-random-16.scen,740
740,den520d.map,planner,1,166767,127609,416,416,135496,127609,590,0,1,True,den520d-random-16.scen,740
740,den520d.map,planner,1,166729,127609,416,416,135262,127609,621,0,4,True,den520d-random-16.scen,740
740,den520d.map,planner,1,166618,127609,416,416,135644,127609,902,0,16,True,den520d-random-16.scen,740
740,den520d.map,planner,1,166363,127609,416,416,135411,127609,1645,0,64,True,den520d-random-16.scen,740
740,den520d.map,planner,1,166354,127609,416,416,135324,127609,3574,0,256,True,den520d-random-16.scen,740
860,den520d.map,planner,1,199752,149728,416,416,161249,149728,841,0,0,False,den520d-random-16.scen,860
860,den520d.map,planner,1,199752,149728,416,416,161249,149728,1022,0,0,True,den520d-random-16.scen,860
860,den520d.map,planner,1,199146,149728,416,416,160717,149728,892,0,1,True,den520d-random-16.scen,860
860,den520d.map,planner,1,197693,149728,416,416,160444,149728,905,0,4,True,den520d-random-16.scen,860
860,den520d.map,planner,1,197037,149728,418,416,160694,149728,1235,0,16,True,den520d-random-16.scen,860
860,den520d.map,planner,1,198733,149728,416,416,160964,149728,2625,0,64,True,den520d-random-16.scen,860
860,den520d.map,planner,1,196435,149728,416,416,160093,149728,6442,0,256,True,den520d-random-16.scen,860
980,den520d.map,planner,1,231488,169217,416,416,184502,169217,1176,0,0,False,den520d-random-16.scen,980
980,den520d.map,planner,1,231488,169217,416,416,184502,169217,1307,0,0,True,den520d-random-16.scen,980
980,den520d.map,planner,1,231639,169217,416,416,183877,169217,1280,0,1,True,den520d-random-16.scen,980
980,den520d.map,planner,1,229054,169217,416,416,183045,169217,1313,0,4,True,den520d-random-16.scen,980
980,den520d.map,planner,1,229555,169217,417,416,183363,169217,1699,0,16,True,den520d-random-16.scen,980
980,den520d.map,planner,1,229908,169217,416,416,184267,169217,3195,0,64,True,den520d-random-16.scen,980
980,den520d.map,planner,1,230690,169217,417,416,183403,169217,6331,0,256,True,den520d-random-16.scen,980
20,den520d.map,planner,1,2912,2907,293,293,2912,2907,6,0,0,False,den520d-random-14.scen,20
20,den520d.map,planner,1,2912,2907,293,293,2912,2907,6,0,0,True,den520d-random-14.scen,20
20,den520d.map,planner,1,2912,2907,293,293,2912,2907,7,0,1,True,den520d-random-14.scen,20
20,den520d.map,planner,1,2912,2907,293,293,2912,2907,6,0,4,True,den520d-random-14.scen,20
20,den520d.map,planner,1,2912,2907,293,293,2912,2907,6,0,16,True,den520d-random-14.scen,20
20,den520d.map,planner,1,2912,2907,293,293,2912,2907,6,0,64,True,den520d-random-14.scen,20
20,den520d.map,planner,1,2912,2907,293,293,2912,2907,7,0,256,True,den520d-random-14.scen,20
140,den520d.map,planner,1,24890,22423,373,373,22825,22423,56,0,0,False,den520d-random-14.scen,140
140,den520d.map,planner,1,24890,22423,373,373,22825,22423,68,0,0,True,den520d-random-14.scen,140
140,den520d.map,planner,1,24909,22423,375,373,22824,22423,57,0,1,True,den520d-random-14.scen,140
140,den520d.map,planner,1,24909,22423,375,373,22824,22423,64,0,4,True,den520d-random-14.scen,140
140,den520d.map,planner,1,24909,22423,375,373,22824,22423,56,0,16,True,den520d-random-14.scen,140
140,den520d.map,planner,1,24909,22423,375,373,22824,22423,59,0,64,True,den520d-random-14.scen,140
140,den520d.map,planner,1,24909,22423,375,373,22824,22423,63,0,256,True,den520d-random-14.scen,140
260,den520d.map,planner,1,49069,42548,376,376,43660,42548,132,0,0,False,den520d-random-14.scen,260
260,den520d.map,planner,1,49069,42548,376,376,43660,42548,134,0,0,True,den520d-random-14.scen,260
260,den520d.map,planner,1,49143,42548,376,376,43635,42548,122,0,1,True,den520d-random-14.scen,260
260,den520d.map,planner,1,49143,42548,376,376,43635,42548,133,0,4,True,den520d-random-14.scen,260
260,den520d.map,planner,1,49143,42548,376,376,43635,42548,121,0,16,True,den520d-random-14.scen,260
260,den520d.map,planner,1,49143,42548,376,376,43635,42548,122,0,64,True,den520d-random-14.scen,260
260,den520d.map,planner,1,49143,42548,376,376,43635,42548,119,0,256,True,den520d-random-14.scen,260
380,den520d.map,planner,1,76561,63342,376,376,65637,63342,209,0,0,False,den520d-random-14.scen,380
380,den520d.map,planner,1,76561,63342,376,376,65637,63342,204,0,0,True,den520d-random-14.scen,380
380,den520d.map,planner,1,76758,63342,376,376,65628,63342,205,0,1,True,den520d-random-14.scen,380
380,den520d.map,planner,1,76303,63342,376,376,65572,63342,204,0,4,True,den520d-random-14.scen,380
380,den520d.map,planner,1,74948,63342,376,376,65566,63342,217,0,16,True,den520d-random-14.scen,380
380,den520d.map,planner,1,76162,63342,376,376,65659,63342,230,0,64,True,den520d-random-14.scen,380
380,den520d.map,planner,1,76162,63342,376,376,65659,63342,238,0,256,True,den520d-random-14.scen,380
500,den520d.map,planner,1,104372,84935,379,379,88901,84935,292,0,0,False,den520d-random-14.scen,500
500,den520d.map,planner,1,104372,84935,379,379,88901,84935,309,0,0,True,den520d-random-14.scen,500
500,den520d.map,planner,1,104811,84935,381,379,88711,84935,303,0,1,True,den520d-random-14.scen,500
500,den520d.map,planner,1,104018,84935,379,379,88545,84935,306,0,4,True,den520d-random-14.scen,500
500,den520d.map,planner,1,105046,84935,381,379,88762,84935,338,0,16,True,den520d-random-14.scen,500
500,den520d.map,planner,1,103963,84935,379,379,88740,84935,465,0,64,True,den520d-random-14.scen,500
500,den520d.map,planner,1,104897,84935,380,379,88740,84935,879,0,256,True,den520d-random-14.scen,500
620,den520d.map,planner,1,133270,105901,379,379,111875,105901,446,0,0,False,den520d-random-14.scen,620
620,den520d.map,planner,1,133270,105901,379,379,111875,105901,411,0,0,True,den520d-random-14.scen,620
620,den520d.map,planner,1,132754,105901,379,379,111538,105901,424,0,1,True,den520d-random-14.scen,620
620,den520d.map,planner,1,132603,105901,385,379,111175,105901,446,0,4,True,den520d-random-14.scen,620
620,den520d.map,planner,1,132510,105901,381,379,111418,105901,543,0,16,True,den520d-random-14.scen,620
620,den520d.map,planner,1,132690,105901,383,379,111486,105901,961,0,64,True,den520d-random-14.scen,620
620,den520d.map,planner,1,133411,105901,379,379,111374,105901,2098,0,256,True,den520d-random-14.scen,620
740,den520d.map,planner,1,161158,124911,379,379,132841,124911,586,0,0,False,den520d-random-14.scen,740
740,den520d.map,planner,1,161158,124911,379,379,132841,124911,564,0,0,True,den520d-random-14.scen,740
740,den520d.map,planner,1,161270,124911,386,379,133012,124911,606,0,1,True,den520d-random-14.scen,740
740,den520d.map,planner,1,161841,124911,379,379,132854,124911,634,0,4,True,den520d-random-14.scen,740
740,den520d.map,planner,1,162039,124911,379,379,132677,124911,745,0,16,True,den520d-random-14.scen,740
740,den520d.map,planner,1,161914,124911,379,379,132457,124911,1313,0,64,True,den520d-random-14.scen,740
740,den520d.map,planner,1,162710,124911,392,379,132900,124911,4410,0,256,True,den520d-random-14.scen,740
860,den520d.map,planner,1,194810,145758,379,379,157528,145758,795,0,0,False,den520d-random-14.scen,860
860,den520d.map,planner,1,194810,145758,379,379,157528,145758,784,0,0,True,den520d-random-14.scen,860
860,den520d.map,planner,1,193806,145758,397,379,157017,145758,855,0,1,True,den520d-random-14.scen,860
860,den520d.map,planner,1,193167,145758,380,379,157096,145758,962,0,4,True,den520d-random-14.scen,860
860,den520d.map,planner,1,195458,145758,382,379,157012,145758,1258,0,16,True,den520d-random-14.scen,860
860,den520d.map,planner,1,193242,145758,387,379,157016,145758,2245,0,64,True,den520d-random-14.scen,860
860,den520d.map,planner,1,192264,145758,381,379,156797,145758,6069,0,256,True,den520d-random-14.scen,860
980,den520d.map,planner,1,224929,166685,412,412,182363,166685,1185,0,0,False,den520d-random-14.scen,980
980,den520d.map,planner,1,224929,166685,412,412,182363,166685,1178,0,0,True,den520d-random-14.scen,980
980,den520d.map,planner,1,222796,166685,412,412,181097,166685,1220,0,1,True,den520d-random-14.scen,980
980,den520d.map,planner,1,224701,166685,416,412,180938,166685,1352,0,4,True,den520d-random-14.scen,980
980,den520d.map,planner,1,225354,166685,412,412,181581,166685,1682,0,16,True,den520d-random-14.scen,980
980,den520d.map,planner,1,224664,166685,412,412,181281,166685,3146,0,64,True,den520d-random-14.scen,980
980,den520d.map,planner,1,221968,166685,414,412,180887,166685,8431,0,256,True,den520d-random-14.scen,980
20,den520d.map,planner,1,3791,3784,320,320,3791,3784,7,0,0,False,den520d-random-25.scen,20
20,den520d.map,planner,1,3791,3784,320,320,3791,3784,7,0,0,True,den520d-random-25.scen,20
20,den520d.map,planner,1,3791,3784,320,320,3791,3784,7,0,1,True,den520d-random-25.scen,20
20,den520d.map,planner,1,3791,3784,320,320,3791,3784,7,0,4,True,den520d-random-25.scen,20
20,den520d.map,planner,1,3791,3784,320,320,3791,3784,8,0,16,True,den520d-random-25.scen,20
20,den520d.map,planner,1,3791,3784,320,320,3791,3784,8,0,64,True,den520d-random-25.scen,20
20,den520d.map,planner,1,3791,3784,320,320,3791,3784,7,0,256,True,den520d-random-25.scen,20
140,den520d.map,planner,1,29337,26673,403,403,26990,26673,66,0,0,False,den520d-random-25.scen,140
140,den520d.map,planner,1,29337,26673,403,403,26990,26673,64,0,0,True,den520d-random-25.scen,140
140,den520d.map,planner,1,29490,26673,403,403,27011,26673,69,0,1,True,den520d-random-25.scen,140
140,den520d.map,planner,1,29490,26673,403,403,27011,26673,64,0,4,True,den520d-random-25.scen,140
140,den520d.map,planner,1,29490,26673,403,403,27011,26673,64,0,16,True,den520d-random-25.scen,140
140,den520d.map,planner,1,29490,26673,403,403,27011,26673,70,0,64,True,den520d-random-25.scen,140
140,den520d.map,planner,1,29490,26673,403,403,27011,26673,68,0,256,True,den520d-random-25.scen,140
260,den520d.map,planner,1,53589,46887,403,403,48080,46887,130,0,0,False,den520d-random-25.scen,260
260,den520d.map,planner,1,53589,46887,403,403,48080,46887,128,0,0,True,den520d-random-25.scen,260
260,den520d.map,planner,1,52778,46887,403,403,47917,46887,135,0,1,True,den520d-random-25.scen,260
260,den520d.map,planner,1,52778,46887,403,403,47917,46887,138,0,4,True,den520d-random-25.scen,260
260,den520d.map,planner,1,52778,46887,403,403,47917,46887,139,0,16,True,den520d-random-25.scen,260
260,den520d.map,planner,1,52778,46887,403,403,47917,46887,137,0,64,True,den520d-random-25.scen,260
260,den520d.map,planner,1,52778,46887,403,403,47917,46887,137,0,256,True,den520d-random-25.scen,260
380,den520d.map,planner,1,79891,66761,403,403,69012,66761,210,0,0,False,den520d-random-25.scen,380
380,den520d.map,planner,1,79891,66761,403,403,69012,66761,213,0,0,True,den520d-random-25.scen,380
380,den520d.map,planner,1,79834,66761,403,403,68856,66761,217,0,1,True,den520d-random-25.scen,380
380,den520d.map,planner,1,79663,66761,403,403,68883,66761,211,0,4,True,den520d-random-25.scen,380
380,den520d.map,planner,1,79663,66761,403,403,68883,66761,208,0,16,True,den520d-random-25.scen,380
380,den520d.map,planner,1,79663,66761,403,403,68883,66761,209,0,64,True,den520d-random-25.scen,380
380,den520d.map,planner,1,79663,66761,403,403,68883,66761,212,0,256,True,den520d-random-25.scen,380
500,den520d.map,planner,1,108117,88706,403,403,92415,88706,309,0,0,False,den520d-random-25.scen,500
500,den520d.map,planner,1,108117,88706,403,403,92415,88706,304,0,0,True,den520d-random-25.scen,500
500,den520d.map,planner,1,107909,88706,405,403,92178,88706,316,0,1,True,den520d-random-25.scen,500
500,den520d.map,planner,1,109046,88706,403,403,92283,88706,339,0,4,True,den520d-random-25.scen,500
500,den520d.map,planner,1,108643,88706,403,403,92373,88706,397,0,16,True,den520d-random-25.scen,500
500,den520d.map,planner,1,108444,88706,404,403,92286,88706,459,0,64,True,den520d-random-25.scen,500
500,den520d.map,planner,1,109695,88706,403,403,92292,88706,907,0,256,True,den520d-random-25.scen,500
620,den520d.map,planner,1,136751,108372,403,403,113954,108372,417,0,0,False,den520d-random-25.scen,620
620,den520d.map,planner,1,136751,108372,403,403,113954,108372,421,0,0,True,den520d-random-25.scen,620
620,den520d.map,planner,1,137071,108372,407,403,113603,108372,437,0,1,True,den520d-random-25.scen,620
620,den520d.map,planner,1,136635,108372,407,403,113767,108372,464,0,4,True,den520d-random-25.scen,620
620,den520d.map,planner,1,136428,108372,407,403,113596,108372,532,0,16,True,den520d-random-25.scen,620
620,den520d.map,planner,1,137370,108372,403,403,113573,108372,894,0,64,True,den520d-random-25.scen,620
620,den520d.map,planner,1,137272,108372,403,403,113665,108372,1834,0,256,True,den520d-random-25.scen,620
740,den520d.map,planner,1,166600,126843,403,403,135563,126843,561,0,0,False,den520d-random-25.scen,740
740,den520d.map,planner,1,166600,126843,403,403,135563,126843,563,0,0,True,den520d-random-25.scen,740
740,den520d.map,planner,1,164806,126843,405,403,134449,126843,669,0,1,True,den520d-random-25.scen,740
740,den520d.map,planner,1,163694,126843,403,403,134248,126843,649,0,4,True,den520d-random-25.scen,740
740,den520d.map,planner,1,165655,126843,408,403,134332,126843,851,0,16,True,den520d-random-25.scen,740
740,den520d.map,planner,1,165586,126843,405,403,134405,126843,1650,0,64,True,den520d-random-25.scen,740
740,den520d.map,planner,1,166316,126843,411,403,134221,126843,3840,0,256,True,den520d-random-25.scen,740
860,den520d.map,planner,1,196710,147403,409,409,158634,147403,848,0,0,False,den520d-random-25.scen,860
860,den520d.map,planner,1,196710,147403,409,409,158634,147403,837,0,0,True,den520d-random-25.scen,860
860,den520d.map,planner,1,193597,147403,409,409,157397,147403,864,0,1,True,den520d-random-25.scen,860
860,den520d.map,planner,1,195614,147403,409,409,157401,147403,994,0,4,True,den520d-random-25.scen,860
860,den520d.map,planner,1,195037,147403,409,409,157888,147403,1248,0,16,True,den520d-random-25.scen,860
860,den520d.map,planner,1,194316,147403,411,409,157399,147403,2349,0,64,True,den520d-random-25.scen,860
860,den520d.map,planner,1,194669,147403,410,409,157187,147403,5597,0,256,True,den520d-random-25.scen,860
980,den520d.map,planner,1,229153,168381,409,409,183417,168381,1281,0,0,False,den520d-random-25.scen,980
980,den520d.map,planner,1,229153,168381,409,409,183417,168381,1262,0,0,True,den520d-random-25.scen,980
980,den520d.map,planner,1,228513,168381,409,409,183071,168381,1236,0,1,True,den520d-random-25.scen,980
980,den520d.map,planner,1,228055,168381,409,409,182886,168381,1442,0,4,True,den520d-random-25.scen,980
980,den520d.map,planner,1,228407,168381,409,409,182805,168381,1680,0,16,True,den520d-random-25.scen,980
980,den520d.map,planner,1,227358,168381,409,409,182549,168381,3218,0,64,True,den520d-random-25.scen,980
980,den520d.map,planner,1,226365,168381,409,409,181735,168381,8258,0,256,True,den520d-random-25.scen,980
20,den520d.map,planner,1,2983,2981,319,319,2983,2981,7,0,0,False,den520d-random-6.scen,20
20,den520d.map,planner,1,2983,2981,319,319,2983,2981,10,0,0,True,den520d-random-6.scen,20
20,den520d.map,planner,1,2983,2981,319,319,2983,2981,6,0,1,True,den520d-random-6.scen,20
20,den520d.map,planner,1,2983,2981,319,319,2983,2981,7,0,4,True,den520d-random-6.scen,20
20,den520d.map,planner,1,2983,2981,319,319,2983,2981,6,0,16,True,den520d-random-6.scen,20
20,den520d.map,planner,1,2983,2981,319,319,2983,2981,7,0,64,True,den520d-random-6.scen,20
20,den520d.map,planner,1,2983,2981,319,319,2983,2981,6,0,256,True,den520d-random-6.scen,20
140,den520d.map,planner,1,26304,24577,371,371,24985,24577,64,0,0,False,den520d-random-6.scen,140
140,den520d.map,planner,1,26304,24577,371,371,24985,24577,68,0,0,True,den520d-random-6.scen,140
140,den520d.map,planner,1,26386,24577,371,371,24999,24577,65,0,1,True,den520d-random-6.scen,140
140,den520d.map,planner,1,26386,24577,371,371,24999,24577,66,0,4,True,den520d-random-6.scen,140
140,den520d.map,planner,1,26386,24577,371,371,24999,24577,64,0,16,True,den520d-random-6.scen,140
140,den520d.map,planner,1,26386,24577,371,371,24999,24577,60,0,64,True,den520d-random-6.scen,140
140,den520d.map,planner,1,26386,24577,371,371,24999,24577,64,0,256,True,den520d-random-6.scen,140
260,den520d.map,planner,1,51265,45531,385,385,46693,45531,135,0,0,False,den520d-random-6.scen,260
260,den520d.map,planner,1,51265,45531,385,385,46693,45531,132,0,0,True,den520d-random-6.scen,260
260,den520d.map,planner,1,52102,45531,385,385,46767,45531,133,0,1,True,den520d-random-6.scen,260
260,den520d.map,planner,1,52102,45531,385,385,46767,45531,129,0,4,True,den520d-random-6.scen,260
260,den520d.map,planner,1,52102,45531,385,385,46767,45531,137,0,16,True,den520d-random-6.scen,260
260,den520d.map,planner,1,52102,45531,385,385,46767,45531,135,0,64,True,den520d-random-6.scen,260
260,den520d.map,planner,1,52102,45531,385,385,46767,45531,134,0,256,True,den520d-random-6.scen,260
380,den520d.map,planner,1,76747,65137,385,385,67684,65137,208,0,0,False,den520d-random-6.scen,380
380,den520d.map,planner,1,76747,65137,385,385,67684,65137,208,0,0,True,den520d-random-6.scen,380
380,den520d.map,planner,1,75668,65137,387,385,67359,65137,217,0,1,True,den520d-random-6.scen,380
380,den520d.map,planner,1,76040,65137,385,385,67466,65137,221,0,4,True,den520d-random-6.scen,380
380,den520d.map,planner,1,76163,65137,385,385,67440,65137,257,0,16,True,den520d-random-6.scen,380
380,den520d.map,planner,1,76579,65137,385,385,67523,65137,264,0,64,True,den520d-random-6.scen,380
380,den520d.map,planner,1,76579,65137,385,385,67523,65137,282,0,256,True,den520d-random-6.scen,380
500,den520d.map,planner,1,105058,86415,385,385,90431,86415,307,0,0,False,den520d-random-6.scen,500
500,den520d.map,planner,1,105058,86415,385,385,90431,86415,311,0,0,True,den520d-random-6.scen,500
500,den520d.map,planner,1,104062,86415,385,385,90380,86415,333,0,1,True,den520d-random-6.scen,500
500,den520d.map,planner,1,104054,86415,385,385,90088,86415,351,0,4,True,den520d-random-6.scen,500
500,den520d.map,planner,1,104220,86415,385,385,90109,86415,466,0,16,True,den520d-random-6.scen,500
500,den520d.map,planner,1,103449,86415,385,385,89855,86415,745,0,64,True,den520d-random-6.scen,500
500,den520d.map,planner,1,105249,86415,385,385,90107,86415,1576,0,256,True,den520d-random-6.scen,500
620,den520d.map,planner,1,132328,105256,385,385,111381,105256,410,0,0,False,den520d-random-6.scen,620
620,den520d.map,planner,1,132328,105256,385,385,111381,105256,417,0,0,True,den520d-random-6.scen,620
620,den520d.map,planner,1,132250,105256,387,385,111024,105256,431,0,1,True,den520d-random-6.scen,620
620,den520d.map,planner,1,132491,105256,385,385,111217,105256,488,0,4,True,den520d-random-6.scen,620
620,den520d.map,planner,1,133196,105256,385,385,111180,105256,723,0,16,True,den520d-random-6.scen,620
620,den520d.map,planner,1,130945,105256,385,385,110769,105256,1423,0,64,True,den520d-random-6.scen,620
620,den520d.map,planner,1,132134,105256,385,385,110662,105256,3528,0,256,True,den520d-random-6.scen,620
740,den520d.map,planner,1,163446,127354,385,385,136127,127354,565,0,0,False,den520d-random-6.scen,740
740,den520d.map,planner,1,163446,127354,385,385,136127,127354,564,0,0,True,den520d-random-6.scen,740
740,den520d.map,planner,1,162413,127354,385,385,135641,127354,651,0,1,True,den520d-random-6.scen,740
740,den520d.map,planner,1,163172,127354,385,385,135713,127354,648,0,4,True,den520d-random-6.scen,740
740,den520d.map,planner,1,163048,127354,386,385,135588,127354,952,0,16,True,den520d-random-6.scen,740
740,den520d.map,planner,1,163607,127354,385,385,135828,127354,1929,0,64,True,den520d-random-6.scen,740
740,den520d.map,planner,1,163922,127354,385,385,135952,127354,6522,0,256,True,den520d-random-6.scen,740
860,den520d.map,planner,1,195140,147395,394,385,159094,147395,840,0,0,False,den520d-random-6.scen,860
860,den520d.map,planner,1,195140,147395,394,385,159094,147395,837,0,0,True,den520d-random-6.scen,860
860,den520d.map,planner,1,195547,147395,389,385,158465,147395,907,0,1,True,den520d-random-6.scen,860
860,den520d.map,planner,1,195067,147395,387,385,158637,147395,907,0,4,True,den520d-random-6.scen,860
860,den520d.map,planner,1,193289,147395,385,385,158169,147395,1221,0,16,True,den520d-random-6.scen,860
860,den520d.map,planner,1,195119,147395,385,385,158630,147395,2795,0,64,True,den520d-random-6.scen,860
860,den520d.map,planner,1,195339,147395,385,385,158815,147395,7985,0,256,True,den520d-random-6.scen,860
980,den520d.map,planner,1,225280,167657,387,385,183146,167657,1113,0,0,False,den520d-random-6.scen,980
980,den520d.map,planner,1,225280,167657,387,385,183146,167657,1146,0,0,True,den520d-random-6.scen,980
980,den520d.map,planner,1,227446,167657,385,385,182444,167657,1192,0,1,True,den520d-random-6.scen,980
980,den520d.map,planner,1,224987,167657,385,385,182240,167657,1296,0,4,True,den520d-random-6.scen,980
980,den520d.map,planner,1,226205,167657,387,385,182114,167657,1791,0,16,True,den520d-random-6.scen,980
980,den520d.map,planner,1,225507,167657,389,385,182121,167657,3443,0,64,True,den520d-random-6.scen,980
980,den520d.map,planner,1,226319,167657,391,385,182631,167657,10117,0,256,True,den520d-random-6.scen,980
20,den520d.map,planner,1,2630,2528,326,326,2535,2528,6,0,0,False,den520d-random-8.scen,20
20,den520d.map,planner,1,2630,2528,326,326,2535,2528,8,0,0,True,den520d-random-8.scen,20
20,den520d.map,planner,1,2630,2528,326,326,2535,2528,6,0,1,True,den520d-random-8.scen,20
20,den520d.map,planner,1,2630,2528,326,326,2535,2528,6,0,4,True,den520d-random-8.scen,20
20,den520d.map,planner,1,2630,2528,326,326,2535,2528,6,0,16,True,den520d-random-8.scen,20
20,den520d.map,planner,1,2630,2528,326,326,2535,2528,6,0,64,True,den520d-random-8.scen,20
20,den520d.map,planner,1,2630,2528,326,326,2535,2528,8,0,256,True,den520d-random-8.scen,20
140,den520d.map,planner,1,26010,23180,370,370,23531,23180,56,0,0,False,den520d-random-8.scen,140
140,den520d.map,planner,1,26010,23180,370,370,23531,23180,60,0,0,True,den520d-random-8.scen,140
140,den520d.map,planner,1,25999,23180,370,370,23557,23180,55,0,1,True,den520d-random-8.scen,140
140,den520d.map,planner,1,25999,23180,370,370,23557,23180,59,0,4,True,den520d-random-8.scen,140
140,den520d.map,planner,1,25999,23180,370,370,23557,23180,58,0,16,True,den520d-random-8.scen,140
140,den520d.map,planner,1,25999,23180,370,370,23557,23180,63,0,64,True,den520d-random-8.scen,140
140,den520d.map,planner,1,25999,23180,370,370,23557,23180,62,0,256,True,den520d-random-8.scen,140
260,den520d.map,planner,1,51422,45075,370,370,46246,45075,119,0,0,False,den520d-random-8.scen,260
260,den520d.map,planner,1,51422,45075,370,370,46246,45075,132,0,0,True,den520d-random-8.scen,260
260,den520d.map,planner,1,51777,45075,372,370,46261,45075,123,0,1,True,den520d-random-8.scen,260
260,den520d.map,planner,1,51777,45075,372,370,46261,45075,130,0,4,True,den520d-random-8.scen,260
260,den520d.map,planner,1,51777,45075,372,370,46261,45075,125,0,16,True,den520d-random-8.scen,260
260,den520d.map,planner,1,51777,45075,372,370,46261,45075,124,0,64,True,den520d-random-8.scen,260
260,den520d.map,planner,1,51777,45075,372,370,46261,45075,127,0,256,True,den520d-random-8.scen,260
380,den520d.map,planner,1,78705,65940,379,379,68337,65940,203,0,0,False,den520d-random-8.scen,380
380,den520d.map,planner,1,78705,65940,379,379,68337,65940,205,0,0,True,den520d-random-8.scen,380
380,den520d.map,planner,1,77945,65940,379,379,68257,65940,210,0,1,True,den520d-random-8.scen,380
380,den520d.map,planner,1,77429,65940,379,379,68143,65940,223,0,4,True,den520d-random-8.scen,380
380,den520d.map,planner,1,77923,65940,379,379,68147,65940,263,0,16,True,den520d-random-8.scen,380
380,den520d.map,planner,1,77888,65940,379,379,68180,65940,408,0,64,True,den520d-random-8.scen,380
380,den520d.map,planner,1,78929,65940,381,379,68209,65940,679,0,256,True,den520d-random-8.scen,380
500,den520d.map,planner,1,105328,86994,379,379,90652,86994,293,0,0,False,den520d-random-8.scen,500
500,den520d.map,planner,1,105328,86994,379,379,90652,86994,309,0,0,True,den520d-random-8.scen,500
500,den520d.map,planner,1,105872,86994,383,379,90615,86994,314,0,1,True,den520d-random-8.scen,500
500,den520d.map,planner,1,106590,86994,379,379,90540,86994,353,0,4,True,den520d-random-8.scen,500
500,den520d.map,planner,1,106131,86994,379,379,90696,86994,496,0,16,True,den520d-random-8.scen,500
500,den520d.map,planner,1,105328,86994,379,379,90544,86994,793,0,64,True,den520d-random-8.scen,500
500,den520d.map,planner,1,104651,86994,379,379,90551,86994,2221,0,256,True,den520d-random-8.scen,500
620,den520d.map,planner,1,136255,108184,390,390,114193,108184,411,0,0,False,den520d-random-8.scen,620
620,den520d.map,planner,1,136255,108184,390,390,114193,108184,411,0,0,True,den520d-random-8.scen,620
620,den520d.map,planner,1,136290,108184,390,390,114121,108184,428,0,1,True,den520d-random-8.scen,620
620,den520d.map,planner,1,135373,108184,390,390,113958,108184,492,0,4,True,den520d-random-8.scen,620
620,den520d.map,planner,1,135160,108184,390,390,114113,108184,772,0,16,True,den520d-random-8.scen,620
620,den520d.map,planner,1,134509,108184,390,390,113954,108184,1565,0,64,True,den520d-random-8.scen,620
620,den520d.map,planner,1,134206,108184,390,390,113691,108184,3423,0,256,True,den520d-random-8.scen,620
740,den520d.map,planner,1,167216,128481,390,390,137428,128481,553,0,0,False,den520d-random-8.scen,740
740,den520d.map,planner,1,167216,128481,390,390,137428,128481,585,0,0,True,den520d-random-8.scen,740
740,den520d.map,planner,1,167656,128481,394,390,137081,128481,668,0,1,True,den520d-random-8.scen,740
740,den520d.map,planner,1,166280,128481,390,390,137132,128481,712,0,4,True,den520d-random-8.scen,740
740,den520d.map,planner,1,167274,128481,390,390,137264,128481,1077,0,16,True,den520d-random-8.scen,740
740,den520d.map,planner,1,167030,128481,393,390,136830,128481,1850,0,64,True,den520d-random-8.scen,740
740,den520d.map,planner,1,165373,128481,390,390,137213,128481,5785,0,256,True,den520d-random-8.scen,740
860,den520d.map,planner,1,199366,149755,395,395,162218,149755,914,0,0,False,den520d-random-8.scen,860
860,den520d.map,planner,1,199366,149755,395,395,162218,149755,807,0,0,True,den520d-random-8.scen,860
860,den520d.map,planner,1,196966,149755,396,395,161485,149755,835,0,1,True,den520d-random-8.scen,860
860,den520d.map,planner,1,198173,149755,396,395,161588,149755,907,0,4,True,den520d-random-8.scen,860
860,den520d.map,planner,1,197997,149755,403,395,161728,149755,1317,0,16,True,den520d-random-8.scen,860
860,den520d.map,planner,1,199634,149755,398,395,162226,149755,2629,0,64,True,den520d-random-8.scen,860
860,den520d.map,planner,1,198678,149755,402,395,161775,149755,8283,0,256,True,den520d-random-8.scen,860
980,den520d.map,planner,1,230469,168705,395,395,184408,168705,1118,0,0,False,den520d-random-8.scen,980
980,den520d.map,planner,1,230469,168705,395,395,184408,168705,1177,0,0,True,den520d-random-8.scen,980
980,den520d.map,planner,1,230076,168705,401,395,184418,168705,1187,0,1,True,den520d-random-8.scen,980
980,den520d.map,planner,1,228751,168705,399,395,184055,168705,1281,0,4,True,den520d-random-8.scen,980
980,den520d.map,planner,1,228036,168705,408,395,183895,168705,1693,0,16,True,den520d-random-8.scen,980
980,den520d.map,planner,1,228425,168705,398,395,183911,168705,3011,0,64,True,den520d-random-8.scen,980
980,den520d.map,planner,1,230053,168705,404,395,183773,168705,9717,0,256,True,den520d-random-8.scen,980
20,den520d.map,planner,1,3808,3803,343,343,3808,3803,9,0,0,False,den520d-random-11.scen,20
20,den520d.map,planner,1,3808,3803,343,343,3808,3803,9,0,0,True,den520d-random-11.scen,20
20,den520d.map,planner,1,3808,3803,343,343,3808,3803,12,0,1,True,den520d-random-11.scen,20
20,den520d.map,planner,1,3808,3803,343,343,3808,3803,8,0,4,True,den520d-random-11.scen,20
20,den520d.map,planner,1,3808,3803,343,343,3808,3803,8,0,16,True,den520d-random-11.scen,20
20,den520d.map,planner,1,3808,3803,343,343,3808,3803,10,0,64,True,den520d-random-11.scen,20
20,den520d.map,planner,1,3808,3803,343,343,3808,3803,8,0,256,True,den520d-random-11.scen,20
140,den520d.map,planner,1,27323,25367,395,395,25722,25367,66,0,0,False,den520d-random-11.scen,140
140,den520d.map,planner,1,27323,25367,395,395,25722,25367,73,0,0,True,den520d-random-11.scen,140
140,den520d.map,planner,1,27514,25367,395,395,25735,25367,62,0,1,True,den520d-random-11.scen,140
140,den520d.map,planner,1,27514,25367,395,395,25735,25367,59,0,4,True,den520d-random-11.scen,140
140,den520d.map,planner,1,27514,25367,395,395,25735,25367,66,0,16,True,den520d-random-11.scen,140
140,den520d.map,planner,1,27514,25367,395,395,25735,25367,64,0,64,True,den520d-random-11.scen,140
140,den520d.map,planner,1,27514,25367,395,395,25735,25367,61,0,256,True,den520d-random-11.scen,140
260,den520d.map,planner,1,51670,47326,395,395,48354,47326,134,0,0,False,den520d-random-11.scen,260
260,den520d.map,planner,1,51670,47326,395,395,48354,47326,132,0,0,True,den520d-random-11.scen,260
260,den520d.map,planner,1,52397,47326,395,395,48360,47326,135,0,1,True,den520d-random-11.scen,260
260,den520d.map,planner,1,52397,47326,395,395,48360,47326,141,0,4,True,den520d-random-11.scen,260
260,den520d.map,planner,1,52397,47326,395,395,48360,47326,135,0,16,True,den520d-random-11.scen,260
260,den520d.map,planner,1,52397,47326,395,395,48360,47326,138,0,64,True,den520d-random-11.scen,260
260,den520d.map,planner,1,52397,47326,395,395,48360,47326,131,0,256,True,den520d-random-11.scen,260
380,den520d.map,planner,1,78005,67702,395,395,69994,67702,210,0,0,False,den520d-random-11.scen,380
380,den520d.map,planner,1,78005,67702,395,395,69994,67702,207,0,0,True,den520d-random-11.scen,380
380,den520d.map,planner,1,78603,67702,395,395,69699,67702,211,0,1,True,den520d-random-11.scen,380
380,den520d.map,planner,1,78199,67702,395,395,69711,67702,216,0,4,True,den520d-random-11.scen,380
380,den520d.map,planner,1,78199,67702,395,395,69711,67702,209,0,16,True,den520d-random-11.scen,380
380,den520d.map,planner,1,78199,67702,395,395,69711,67702,214,0,64,True,den520d-random-11.scen,380
380,den520d.map,planner,1,78199,67702,395,395,69711,67702,218,0,256,True,den520d-random-11.scen,380
500,den520d.map,planner,1,105736,88797,395,395,92450,88797,317,0,0,False,den520d-random-11.scen,500
500,den520d.map,planner,1,105736,88797,395,395,92450,88797,326,0,0,True,den520d-random-11.scen,500
500,den520d.map,planner,1,105089,88797,397,395,92260,88797,325,0,1,True,den520d-random-11.scen,500
500,den520d.map,planner,1,104743,88797,395,395,92131,88797,331,0,4,True,den520d-random-11.scen,500
500,den520d.map,planner,1,105203,88797,395,395,92270,88797,375,0,16,True,den520d-random-11.scen,500
500,den520d.map,planner,1,105219,88797,395,395,92315,88797,533,0,64,True,den520d-random-11.scen,500
500,den520d.map,planner,1,105661,88797,395,395,92186,88797,970,0,256,True,den520d-random-11.scen,500
620,den520d.map,planner,1,132299,107991,395,395,113819,107991,419,0,0,False,den520d-random-11.scen,620
620,den520d.map,planner,1,132299,107991,395,395,113819,107991,425,0,0,True,den520d-random-11.scen,620
620,den520d.map,planner,1,133179,107991,395,395,113411,107991,443,0,1,True,den520d-random-11.scen,620
620,den520d.map,planner,1,132420,107991,395,395,113185,107991,461,0,4,True,den520d-random-11.scen,620
620,den520d.map,planner,1,131891,107991,413,395,113116,107991,537,0,16,True,den520d-random-11.scen,620
620,den520d.map,planner,1,133362,107991,395,395,113291,107991,1050,0,64,True,den520d-random-11.scen,620
620,den520d.map,planner,1,131138,107991,397,395,113257,107991,2483,0,256,True,den520d-random-11.scen,620
740,den520d.map,planner,1,161354,128883,395,395,136865,128883,630,0,0,False,den520d-random-11.scen,740
740,den520d.map,planner,1,161354,128883,395,395,136865,128883,584,0,0,True,den520d-random-11.scen,740
740,den520d.map,planner,1,162435,128883,395,395,136763,128883,601,0,1,True,den520d-random-11.scen,740
740,den520d.map,planner,1,160174,128883,397,395,136399,128883,701,0,4,True,den520d-random-11.scen,740
740,den520d.map,planner,1,162200,128883,395,395,136530,128883,912,0,16,True,den520d-random-11.scen,740
740,den520d.map,planner,1,162120,128883,395,395,136691,128883,1636,0,64,True,den520d-random-11.scen,740
740,den520d.map,planner,1,159969,128883,395,395,136109,128883,4213,0,256,True,den520d-random-11.scen,740
860,den520d.map,planner,1,193892,149664,395,395,160970,149664,875,0,0,False,den520d-random-11.scen,860
860,den520d.map,planner,1,193892,149664,395,395,160970,149664,865,0,0,True,den520d-random-11.scen,860
860,den520d.map,planner,1,194115,149664,395,395,160241,149664,821,0,1,True,den520d-random-11.scen,860
860,den520d.map,planner,1,194620,149664,395,395,160618,149664,967,0,4,True,den520d-random-11.scen,860
860,den520d.map,planner,1,193101,149664,395,395,160278,149664,1225,0,16,True,den520d-random-11.scen,860
860,den520d.map,planner,1,193600,149664,397,395,160035,149664,2053,0,64,True,den520d-random-11.scen,860
860,den520d.map,planner,1,193562,149664,395,395,159920,149664,6418,0,256,True,den520d-random-11.scen,860
980,den520d.map,planner,1,225825,167841,396,395,182640,167841,1149,0,0,False,den520d-random-11.scen,980
980,den520d.map,planner,1,225825,167841,396,395,182640,167841,1264,0,0,True,den520d-random-11.scen,980
980,den520d.map,planner,1,223455,167841,395,395,181282,167841,1221,0,1,True,den520d-random-11.scen,980
980,den520d.map,planner,1,225578,167841,398,395,181349,167841,1333,0,4,True,den520d-random-11.scen,980
980,den520d.map,planner,1,224082,167841,395,395,181595,167841,1805,0,16,True,den520d-random-11.scen,980
980,den520d.map,planner,1,222549,167841,395,395,181164,167841,3314,0,64,True,den520d-random-11.scen,980
980,den520d.map,planner,1,223093,167841,395,395,180406,167841,7447,0,256,True,den520d-random-11.scen,980
20,den520d.map,planner,1,3433,3424,362,362,3433,3424,7,0,0,False,den520d-random-19.scen,20
20,den520d.map,planner,1,3433,3424,362,362,3433,3424,7,0,0,True,den520d-random-19.scen,20
20,den520d.map,planner,1,3433,3424,362,362,3433,3424,7,0,1,True,den520d-random-19.scen,20
20,den520d.map,planner,1,3433,3424,362,362,3433,3424,7,0,4,True,den520d-random-19.scen,20
20,den520d.map,planner,1,3433,3424,362,362,3433,3424,7,0,16,True,den520d-random-19.scen,20
20,den520d.map,planner,1,3433,3424,362,362,3433,3424,7,0,64,True,den520d-random-19.scen,20
20,den520d.map,planner,1,3433,3424,362,362,3433,3424,7,0,256,True,den520d-random-19.scen,20
140,den520d.map,planner,1,27431,24720,363,363,25108,24720,65,0,0,False,den520d-random-19.scen,140
140,den520d.map,planner,1,27431,24720,363,363,25108,24720,63,0,0,True,den520d-random-19.scen,140
140,den520d.map,planner,1,27021,24720,363,363,25082,24720,60,0,1,True,den520d-random-19.scen,140
140,den520d.map,planner,1,27021,24720,363,363,25082,24720,59,0,4,True,den520d-random-19.scen,140
140,den520d.map,planner,1,27021,24720,363,363,25082,24720,60,0,16,True,den520d-random-19.scen,140
140,den520d.map,planner,1,27021,24720,363,363,25082,24720,59,0,64,True,den520d-random-19.scen,140
140,den520d.map,planner,1,27021,24720,363,363,25082,24720,61,0,256,True,den520d-random-19.scen,140
260,den520d.map,planner,1,51874,45644,385,385,46794,45644,130,0,0,False,den520d-random-19.scen,260
260,den520d.map,planner,1,51874,45644,385,385,46794,45644,127,0,0,True,den520d-random-19.scen,260
260,den520d.map,planner,1,51735,45644,385,385,46623,45644,127,0,1,True,den520d-random-19.scen,260
260,den520d.map,planner,1,51735,45644,385,385,46623,45644,130,0,4,True,den520d-random-19.scen,260
260,den520d.map,planner,1,51735,45644,385,385,46623,45644,129,0,16,True,den520d-random-19.scen,260
260,den520d.map,planner,1,51735,45644,385,385,46623,45644,126,0,64,True,den520d-random-19.scen,260
260,den520d.map,planner,1,51735,45644,385,385,46623,45644,129,0,256,True,den520d-random-19.scen,260
380,den520d.map,planner,1,80730,67432,385,385,69718,67432,212,0,0,False,den520d-random-19.scen,380
380,den520d.map,planner,1,80730,67432,385,385,69718,67432,205,0,0,True,den520d-random-19.scen,380
380,den520d.map,planner,1,81155,67432,385,385,69803,67432,212,0,1,True,den520d-random-19.scen,380
380,den520d.map,planner,1,80875,67432,385,385,69796,67432,221,0,4,True,den520d-random-19.scen,380
380,den520d.map,planner,1,80875,67432,385,385,69796,67432,216,0,16,True,den520d-random-19.scen,380
380,den520d.map,planner,1,80875,67432,385,385,69796,67432,217,0,64,True,den520d-random-19.scen,380
380,den520d.map,planner,1,80875,67432,385,385,69796,67432,213,0,256,True,den520d-random-19.scen,380
500,den520d.map,planner,1,108439,88290,420,420,92397,88290,329,0,0,False,den520d-random-19.scen,500
500,den520d.map,planner,1,108439,88290,420,420,92397,88290,320,0,0,True,den520d-random-19.scen,500
500,den520d.map,planner,1,108527,88290,420,420,92214,88290,335,0,1,True,den520d-random-19.scen,500
500,den520d.map,planner,1,108297,88290,420,420,92217,88290,348,0,4,True,den520d-random-19.scen,500
500,den520d.map,planner,1,108193,88290,420,420,92050,88290,391,0,16,True,den520d-random-19.scen,500
500,den520d.map,planner,1,108343,88290,420,420,92085,88290,582,0,64,True,den520d-random-19.scen,500
500,den520d.map,planner,1,107710,88290,420,420,92028,88290,716,0,256,True,den520d-random-19.scen,500
620,den520d.map,planner,1,138736,110657,436,436,117156,110657,441,0,0,False,den520d-random-19.scen,620
620,den520d.map,planner,1,138736,110657,436,436,117156,110657,449,0,0,True,den520d-random-19.scen,620
620,den520d.map,planner,1,136998,110657,438,436,116232,110657,460,0,1,True,den520d-random-19.scen,620
620,den520d.map,planner,1,139325,110657,440,436,116557,110657,521,0,4,True,den520d-random-19.scen,620
620,den520d.map,planner,1,138698,110657,438,436,116439,110657,709,0,16,True,den520d-random-19.scen,620
620,den520d.map,planner,1,138081,110657,438,436,116310,110657,1281,0,64,True,den520d-random-19.scen,620
620,den520d.map,planner,1,136537,110657,438,436,116307,110657,2704,0,256,True,den520d-random-19.scen,620
740,den520d.map,planner,1,168760,130836,436,436,140171,130836,597,0,0,False,den520d-random-19.scen,740
740,den520d.map,planner,1,168760,130836,436,436,140171,130836,595,0,0,True,den520d-random-19.scen,740
740,den520d.map,planner,1,168579,130836,440,436,139410,130836,626,0,1,True,den520d-random-19.scen,740
740,den520d.map,planner,1,167784,130836,436,436,139380,130836,699,0,4,True,den520d-random-19.scen,740
740,den520d.map,planner,1,166920,130836,438,436,139157,130836,922,0,16,True,den520d-random-19.scen,740
740,den520d.map,planner,1,167443,130836,436,436,139620,130836,2062,0,64,True,den520d-random-19.scen,740
740,den520d.map,planner,1,166076,130836,440,436,138878,130836,5952,0,256,True,den520d-random-19.scen,740
860,den520d.map,planner,1,202139,152763,436,436,165796,152763,870,0,0,False,den520d-random-19.scen,860
860,den520d.map,planner,1,202139,152763,436,436,165796,152763,909,0,0,True,den520d-random-19.scen,860
860,den520d.map,planner,1,200255,152763,438,436,165603,152763,942,0,1,True,den520d-random-19.scen,860
860,den520d.map,planner,1,199523,152763,438,436,165098,152763,1042,0,4,True,den520d-random-19.scen,860
860,den520d.map,planner,1,201616,152763,442,436,164961,152763,1417,0,16,True,den520d-random-19.scen,860
860,den520d.map,planner,1,199613,152763,436,436,164751,152763,2739,0,64,True,den520d-random-19.scen,860
860,den520d.map,planner,1,199218,152763,446,436,164735,152763,8828,0,256,True,den520d-random-19.scen,860
980,den520d.map,planner,1,235178,173956,436,436,191114,173956,1180,0,0,False,den520d-random-19.scen,980
980,den520d.map,planner,1,235178,173956,436,436,191114,173956,1310,0,0,True,den520d-random-19.scen,980
980,den520d.map,planner,1,232493,173956,448,436,190090,173956,1308,0,1,True,den520d-random-19.scen,980
980,den520d.map,planner,1,233880,173956,445,436,189869,173956,1495,0,4,True,den520d-random-19.scen,980
980,den520d.map,planner,1,234450,173956,438,436,190498,173956,1814,0,16,True,den520d-random-19.scen,980
980,den520d.map,planner,1,234907,173956,440,436,189289,173956,3443,0,64,True,den520d-random-19.scen,980
980,den520d.map,planner,1,234035,173956,436,436,190206,173956,10839,0,256,True,den520d-random-19.scen,980
20,den520d.map,planner,1,3687,3685,395,395,3687,3685,8,0,0,False,den520d-random-1.scen,20
20,den520d.map,planner,1,3687,3685,395,395,3687,3685,11,0,0,True,den520d-random-1.scen,20
20,den520d.map,planner,1,3687,3685,395,395,3687,3685,8,0,1,True,den520d-random-1.scen,20
20,den520d.map,planner,1,3687,3685,395,395,3687,3685,8,0,4,True,den520d-random-1.scen,20
20,den520d.map,planner,1,3687,3685,395,395,3687,3685,8,0,16,True,den520d-random-1.scen,20
20,den520d.map,planner,1,3687,3685,395,395,3687,3685,7,0,64,True,den520d-random-1.scen,20
20,den520d.map,planner,1,3687,3685,395,395,3687,3685,8,0,256,True,den520d-random-1.scen,20
140,den520d.map,planner,1,25471,24867,401,401,25102,24867,66,0,0,False,den520d-random-1.scen,140
140,den520d.map,planner,1,25471,24867,401,401,25102,24867,65,0,0,True,den520d-random-1.scen,140
140,den520d.map,planner,1,25708,24867,401,401,25136,24867,63,0,1,True,den520d-random-1.scen,140
140,den520d.map,planner,1,25708,24867,401,401,25136,24867,59,0,4,True,den520d-random-1.scen,140
140,den520d.map,planner,1,25708,24867,401,401,25136,24867,63,0,16,True,den520d-random-1.scen,140
140,den520d.map,planner,1,25708,24867,401,401,25136,24867,66,0,64,True,den520d-random-1.scen,140
140,den520d.map,planner,1,25708,24867,401,401,25136,24867,63,0,256,True,den520d-random-1.scen,140
260,den520d.map,planner,1,50518,45818,401,401,46846,45818,127,0,0,False,den520d-random-1.scen,260
260,den520d.map,planner,1,50518,45818,401,401,46846,45818,126,0,0,True,den520d-random-1.scen,260
260,den520d.map,planner,1,50691,45818,401,401,46712,45818,128,0,1,True,den520d-random-1.scen,260
260,den520d.map,planner,1,50742,45818,401,401,46738,45818,139,0,4,True,den520d-random-1.scen,260
260,den520d.map,planner,1,50742,45818,401,401,46738,45818,124,0,16,True,den520d-random-1.scen,260
260,den520d.map,planner,1,50742,45818,401,401,46738,45818,129,0,64,True,den520d-random-1.scen,260
260,den520d.map,planner,1,50742,45818,401,401,46738,45818,133,0,256,True,den520d-random-1.scen,260
380,den520d.map,planner,1,74826,64580,401,401,66677,64580,206,0,0,False,den520d-random-1.scen,380
380,den520d.map,planner,1,74826,64580,401,401,66677,64580,205,0,0,True,den520d-random-1.scen,380
380,den520d.map,planner,1,75595,64580,401,401,66502,64580,209,0,1,True,den520d-random-1.scen,380
380,den520d.map,planner,1,75444,64580,401,401,66429,64580,207,0,4,True,den520d-random-1.scen,380
380,den520d.map,planner,1,75359,64580,401,401,66447,64580,208,0,16,True,den520d-random-1.scen,380
380,den520d.map,planner,1,75359,64580,401,401,66447,64580,211,0,64,True,den520d-random-1.scen,380
380,den520d.map,planner,1,75359,64580,401,401,66447,64580,205,0,256,True,den520d-random-1.scen,380
500,den520d.map,planner,1,102671,84864,401,401,88190,84864,307,0,0,False,den520d-random-1.scen,500
500,den520d.map,planner,1,102671,84864,401,401,88190,84864,307,0,0,True,den520d-random-1.scen,500
500,den520d.map,planner,1,102169,84864,401,401,88240,84864,312,0,1,True,den520d-random-1.scen,500
500,den520d.map,planner,1,102649,84864,401,401,88089,84864,318,0,4,True,den520d-random-1.scen,500
500,den520d.map,planner,1,101939,84864,403,401,88108,84864,343,0,16,True,den520d-random-1.scen,500
500,den520d.map,planner,1,102086,84864,401,401,88077,84864,356,0,64,True,den520d-random-1.scen,500
500,den520d.map,planner,1,101841,84864,401,401,88189,84864,463,0,256,True,den520d-random-1.scen,500
620,den520d.map,planner,1,132805,104954,401,401,110923,104954,438,0,0,False,den520d-random-1.scen,620
620,den520d.map,planner,1,132805,104954,401,401,110923,104954,416,0,0,True,den520d-random-1.scen,620
620,den520d.map,planner,1,130875,104954,401,401,110507,104954,440,0,1,True,den520d-random-1.scen,620
620,den520d.map,planner,1,130649,104954,401,401,110249,104954,453,0,4,True,den520d-random-1.scen,620
620,den520d.map,planner,1,131550,104954,403,401,110450,104954,523,0,16,True,den520d-random-1.scen,620
620,den520d.map,planner,1,131862,104954,401,401,110448,104954,871,0,64,True,den520d-random-1.scen,620
620,den520d.map,planner,1,131878,104954,401,401,110339,104954,1211,0,256,True,den520d-random-1.scen,620
740,den520d.map,planner,1,159302,123260,401,401,131206,123260,570,0,0,False,den520d-random-1.scen,740
740,den520d.map,planner,1,159302,123260,401,401,131206,123260,572,0,0,True,den520d-random-1.scen,740
740,den520d.map,planner,1,158439,123260,401,401,131035,123260,597,0,1,True,den520d-random-1.scen,740
740,den520d.map,planner,1,159561,123260,401,401,130802,123260,622,0,4,True,den520d-random-1.scen,740
740,den520d.map,planner,1,158122,123260,401,401,130665,123260,783,0,16,True,den520d-random-1.scen,740
740,den520d.map,planner,1,157916,123260,401,401,130872,123260,1335,0,64,True,den520d-random-1.scen,740
740,den520d.map,planner,1,158883,123260,401,401,130839,123260,3696,0,256,True,den520d-random-1.scen,740
860,den520d.map,planner,1,187063,141766,401,401,153007,141766,882,0,0,False,den520d-random-1.scen,860
860,den520d.map,planner,1,187063,141766,401,401,153007,141766,806,0,0,True,den520d-random-1.scen,860
860,den520d.map,planner,1,186054,141766,401,401,151947,141766,818,0,1,True,den520d-random-1.scen,860
860,den520d.map,planner,1,185968,141766,401,401,151763,141766,936,0,4,True,den520d-random-1.scen,860
860,den520d.map,planner,1,188035,141766,401,401,151603,141766,1159,0,16,True,den520d-random-1.scen,860
860,den520d.map,planner,1,187920,141766,401,401,152138,141766,2085,0,64,True,den520d-random-1.scen,860
860,den520d.map,planner,1,186268,141766,401,401,151751,141766,6041,0,256,True,den520d-random-1.scen,860
980,den520d.map,planner,1,219126,164019,401,401,178344,164019,1175,0,0,False,den520d-random-1.scen,980
980,den520d.map,planner,1,219126,164019,401,401,178344,164019,1241,0,0,True,den520d-random-1.scen,980
980,den520d.map,planner,1,219288,164019,401,401,177191,164019,1214,0,1,True,den520d-random-1.scen,980
980,den520d.map,planner,1,219840,164019,401,401,177467,164019,1293,0,4,True,den520d-random-1.scen,980
980,den520d.map,planner,1,222311,164019,401,401,178310,164019,1723,0,16,True,den520d-random-1.scen,980
980,den520d.map,planner,1,218527,164019,401,401,177368,164019,3061,0,64,True,den520d-random-1.scen,980
980,den520d.map,planner,1,220008,164019,401,401,177179,164019,8143,0,256,True,den520d-random-1.scen,980
20,den520d.map,planner,1,3395,3392,370,370,3395,3392,7,0,0,False,den520d-random-3.scen,20
20,den520d.map,planner,1,3395,3392,370,370,3395,3392,8,0,0,True,den520d-random-3.scen,20
20,den520d.map,planner,1,3395,3392,370,370,3395,3392,8,0,1,True,den520d-random-3.scen,20
20,den520d.map,planner,1,3395,3392,370,370,3395,3392,11,0,4,True,den520d-random-3.scen,20
20,den520d.map,planner,1,3395,3392,370,370,3395,3392,10,0,16,True,den520d-random-3.scen,20
20,den520d.map,planner,1,3395,3392,370,370,3395,3392,7,0,64,True,den520d-random-3.scen,20
20,den520d.map,planner,1,3395,3392,370,370,3395,3392,11,0,256,True,den520d-random-3.scen,20
140,den520d.map,planner,1,25681,23783,379,379,24019,23783,60,0,0,False,den520d-random-3.scen,140
140,den520d.map,planner,1,25681,23783,379,379,24019,23783,63,0,0,True,den520d-random-3.scen,140
140,den520d.map,planner,1,25610,23783,379,379,24009,23783,57,0,1,True,den520d-random-3.scen,140
140,den520d.map,planner,1,25610,23783,379,379,24009,23783,59,0,4,True,den520d-random-3.scen,140
140,den520d.map,planner,1,25610,23783,379,379,24009,23783,65,0,16,True,den520d-random-3.scen,140
140,den520d.map,planner,1,25610,23783,379,379,24009,23783,58,0,64,True,den520d-random-3.scen,140
140,den520d.map,planner,1,25610,23783,379,379,24009,23783,67,0,256,True,den520d-random-3.scen,140
260,den520d.map,planner,1,50038,42718,392,392,44000,42718,124,0,0,False,den520d-random-3.scen,260
260,den520d.map,planner,1,50038,42718,392,392,44000,42718,121,0,0,True,den520d-random-3.scen,260
260,den520d.map,planner,1,49766,42718,392,392,43942,42718,119,0,1,True,den520d-random-3.scen,260
260,den520d.map,planner,1,49766,42718,392,392,43942,42718,122,0,4,True,den520d-random-3.scen,260
260,den520d.map,planner,1,49766,42718,392,392,43942,42718,127,0,16,True,den520d-random-3.scen,260
260,den520d.map,planner,1,49766,42718,392,392,43942,42718,125,0,64,True,den520d-random-3.scen,260
260,den520d.map,planner,1,49766,42718,392,392,43942,42718,123,0,256,True,den520d-random-3.scen,260
380,den520d.map,planner,1,76664,63655,392,392,66290,63655,198,0,0,False,den520d-random-3.scen,380
380,den520d.map,planner,1,76664,63655,392,392,66290,63655,206,0,0,True,den520d-random-3.scen,380
380,den520d.map,planner,1,77124,63655,392,392,66207,63655,204,0,1,True,den520d-random-3.scen,380
380,den520d.map,planner,1,76833,63655,392,392,66168,63655,216,0,4,True,den520d-random-3.scen,380
380,den520d.map,planner,1,76833,63655,392,392,66168,63655,210,0,16,True,den520d-random-3.scen,380
380,den520d.map,planner,1,76833,63655,392,392,66168,63655,206,0,64,True,den520d-random-3.scen,380
380,den520d.map,planner,1,76833,63655,392,392,66168,63655,210,0,256,True,den520d-random-3.scen,380
500,den520d.map,planner,1,105491,85138,401,401,89520,85138,305,0,0,False,den520d-random-3.scen,500
500,den520d.map,planner,1,105491,85138,401,401,89520,85138,322,0,0,True,den520d-random-3.scen,500
500,den520d.map,planner,1,104926,85138,401,401,89399,85138,321,0,1,True,den520d-random-3.scen,500
500,den520d.map,planner,1,104794,85138,401,401,89390,85138,386,0,4,True,den520d-random-3.scen,500
500,den520d.map,planner,1,104235,85138,403,401,89232,85138,391,0,16,True,den520d-random-3.scen,500
500,den520d.map,planner,1,104970,85138,401,401,89158,85138,514,0,64,True,den520d-random-3.scen,500
500,den520d.map,planner,1,105129,85138,401,401,89140,85138,614,0,256,True,den520d-random-3.scen,500
620,den520d.map,planner,1,134478,105306,401,401,111887,105306,431,0,0,False,den520d-random-3.scen,620
620,den520d.map,planner,1,134478,105306,401,401,111887,105306,424,0,0,True,den520d-random-3.scen,620
620,den520d.map,planner,1,134122,105306,403,401,111373,105306,452,0,1,True,den520d-random-3.scen,620
620,den520d.map,planner,1,136194,105306,401,401,111406,105306,490,0,4,True,den520d-random-3.scen,620
620,den520d.map,planner,1,135542,105306,401,401,111410,105306,668,0,16,True,den520d-random-3.scen,620
620,den520d.map,planner,1,134590,105306,407,401,111144,105306,1112,0,64,True,den520d-random-3.scen,620
620,den520d.map,planner,1,133137,105306,402,401,111015,105306,3288,0,256,True,den520d-random-3.scen,620
740,den520d.map,planner,1,162228,125287,401,401,133933,125287,576,0,0,False,den520d-random-3.scen,740
740,den520d.map,planner,1,162228,125287,401,401,133933,125287,563,0,0,True,den520d-random-3.scen,740
740,den520d.map,planner,1,162327,125287,405,401,133557,125287,598,0,1,True,den520d-random-3.scen,740
740,den520d.map,planner,1,163931,125287,405,401,133469,125287,656,0,4,True,den520d-random-3.scen,740
740,den520d.map,planner,1,162228,125287,404,401,133086,125287,851,0,16,True,den520d-random-3.scen,740
740,den520d.map,planner,1,162458,125287,403,401,133611,125287,1895,0,64,True,den520d-random-3.scen,740
740,den520d.map,planner,1,163655,125287,403,401,133719,125287,6015,0,256,True,den520d-random-3.scen,740
860,den520d.map,planner,1,196477,146590,418,418,158725,146590,925,0,0,False,den520d-random-3.scen,860
860,den520d.map,planner,1,196477,146590,418,418,158725,146590,926,0,0,True,den520d-random-3.scen,860
860,den520d.map,planner,1,197613,146590,418,418,158923,146590,912,0,1,True,den520d-random-3.scen,860
860,den520d.map,planner,1,194794,146590,418,418,157985,146590,961,0,4,True,den520d-random-3.scen,860
860,den520d.map,planner,1,195588,146590,418,418,157880,146590,1486,0,16,True,den520d-random-3.scen,860
860,den520d.map,planner,1,194969,146590,422,418,158100,146590,2802,0,64,True,den520d-random-3.scen,860
860,den520d.map,planner,1,194820,146590,418,418,157508,146590,6795,0,256,True,den520d-random-3.scen,860
980,den520d.map,planner,1,229569,167496,418,418,183196,167496,1188,0,0,False,den520d-random-3.scen,980
980,den520d.map,planner,1,229569,167496,418,418,183196,167496,1164,0,0,True,den520d-random-3.scen,980
980,den520d.map,planner,1,231140,167496,422,418,184037,167496,1283,0,1,True,den520d-random-3.scen,980
980,den520d.map,planner,1,229837,167496,424,418,183399,167496,1344,0,4,True,den520d-random-3.scen,980
980,den520d.map,planner,1,231153,167496,443,418,183324,167496,2000,0,16,True,den520d-random-3.scen,980
980,den520d.map,planner,1,230509,167496,420,418,182604,167496,3683,0,64,True,den520d-random-3.scen,980
980,den520d.map,planner,1,230236,167496,418,418,183126,167496,11109,0,256,True,den520d-random-3.scen,980
20,den520d.map,planner,1,4122,4116,365,365,4122,4116,11,0,0,False,den520d-random-15.scen,20
20,den520d.map,planner,1,4122,4116,365,365,4122,4116,8,0,0,True,den520d-random-15.scen,20
20,den520d.map,planner,1,4122,4116,365,365,4122,4116,8,0,1,True,den520d-random-15.scen,20
20,den520d.map,planner,1,4122,4116,365,365,4122,4116,8,0,4,True,den520d-random-15.scen,20
20,den520d.map,planner,1,4122,4116,365,365,4122,4116,9,0,16,True,den520d-random-15.scen,20
20,den520d.map,planner,1,4122,4116,365,365,4122,4116,8,0,64,True,den520d-random-15.scen,20
20,den520d.map,planner,1,4122,4116,365,365,4122,4116,8,0,256,True,den520d-random-15.scen,20
140,den520d.map,planner,1,25660,24067,400,400,24366,24067,63,0,0,False,den520d-random-15.scen,140
140,den520d.map,planner,1,25660,24067,400,400,24366,24067,62,0,0,True,den520d-random-15.scen,140
140,den520d.map,planner,1,26200,24067,400,400,24361,24067,58,0,1,True,den520d-random-15.scen,140
140,den520d.map,planner,1,26200,24067,400,400,24361,24067,63,0,4,True,den520d-random-15.scen,140
140,den520d.map,planner,1,26200,24067,400,400,24361,24067,60,0,16,True,den520d-random-15.scen,140
140,den520d.map,planner,1,26200,24067,400,400,24361,24067,65,0,64,True,den520d-random-15.scen,140
140,den520d.map,planner,1,26200,24067,400,400,24361,24067,58,0,256,True,den520d-random-15.scen,140
260,den520d.map,planner,1,51614,45026,400,400,45988,45026,127,0,0,False,den520d-random-15.scen,260
260,den520d.map,planner,1,51614,45026,400,400,45988,45026,130,0,0,True,den520d-random-15.scen,260
260,den520d.map,planner,1,50561,45026,400,400,45876,45026,130,0,1,True,den520d-random-15.scen,260
260,den520d.map,planner,1,50561,45026,400,400,45876,45026,126,0,4,True,den520d-random-15.scen,260
260,den520d.map,planner,1,50561,45026,400,400,45876,45026,124,0,16,True,den520d-random-15.scen,260
260,den520d.map,planner,1,50561,45026,400,400,45876,45026,121,0,64,True,den520d-random-15.scen,260
260,den520d.map,planner,1,50561,45026,400,400,45876,45026,130,0,256,True,den520d-random-15.scen,260
380,den520d.map,planner,1,78945,67617,425,425,69751,67617,215,0,0,False,den520d-random-15.scen,380
380,den520d.map,planner,1,78945,67617,425,425,69751,67617,219,0,0,True,den520d-random-15.scen,380
380,den520d.map,planner,1,78867,67617,425,425,69557,67617,219,0,1,True,den520d-random-15.scen,380
380,den520d.map,planner,1,77513,67617,425,425,69597,67617,224,0,4,True,den520d-random-15.scen,380
380,den520d.map,planner,1,77886,67617,425,425,69580,67617,223,0,16,True,den520d-random-15.scen,380
380,den520d.map,planner,1,78629,67617,425,425,69611,67617,229,0,64,True,den520d-random-15.scen,380
380,den520d.map,planner,1,78629,67617,425,425,69611,67617,235,0,256,True,den520d-random-15.scen,380
500,den520d.map,planner,1,108569,90577,425,425,94013,90577,327,0,0,False,den520d-random-15.scen,500
500,den520d.map,planner,1,108569,90577,425,425,94013,90577,329,0,0,True,den520d-random-15.scen,500
500,den520d.map,planner,1,108721,90577,425,425,94179,90577,334,0,1,True,den520d-random-15.scen,500
500,den520d.map,planner,1,108777,90577,425,425,94369,90577,362,0,4,True,den520d-random-15.scen,500
500,den520d.map,planner,1,108618,90577,425,425,94058,90577,440,0,16,True,den520d-random-15.scen,500
500,den520d.map,planner,1,107598,90577,425,425,94133,90577,631,0,64,True,den520d-random-15.scen,500
500,den520d.map,planner,1,108106,90577,427,425,94048,90577,1189,0,256,True,den520d-random-15.scen,500
620,den520d.map,planner,1,138280,111453,425,425,117552,111453,446,0,0,False,den520d-random-15.scen,620
620,den520d.map,planner,1,138280,111453,425,425,117552,111453,449,0,0,True,den520d-random-15.scen,620
620,den520d.map,planner,1,138913,111453,429,425,117331,111453,489,0,1,True,den520d-random-15.scen,620
620,den520d.map,planner,1,138090,111453,425,425,117267,111453,522,0,4,True,den520d-random-15.scen,620
620,den520d.map,planner,1,139509,111453,425,425,117223,111453,622,0,16,True,den520d-random-15.scen,620
620,den520d.map,planner,1,139800,111453,434,425,117443,111453,1088,0,64,True,den520d-random-15.scen,620
620,den520d.map,planner,1,138724,111453,427,425,117470,111453,3437,0,256,True,den520d-random-15.scen,620
740,den520d.map,planner,1,171359,132608,425,425,141193,132608,614,0,0,False,den520d-random-15.scen,740
740,den520d.map,planner,1,171359,132608,425,425,141193,132608,608,0,0,True,den520d-random-15.scen,740
740,den520d.map,planner,1,169725,132608,428,425,141207,132608,641,0,1,True,den520d-random-15.scen,740
740,den520d.map,planner,1,169310,132608,428,425,140579,132608,697,0,4,True,den520d-random-15.scen,740
740,den520d.map,planner,1,170456,132608,425,425,141283,132608,1152,0,16,True,den520d-random-15.scen,740
740,den520d.map,planner,1,170889,132608,427,425,141130,132608,1846,0,64,True,den520d-random-15.scen,740
740,den520d.map,planner,1,170554,132608,427,425,141087,132608,6069,0,256,True,den520d-random-15.scen,740
860,den520d.map,planner,1,204342,153460,425,425,166869,153460,951,0,0,False,den520d-random-15.scen,860
860,den520d.map,planner,1,204342,153460,425,425,166869,153460,957,0,0,True,den520d-random-15.scen,860
860,den520d.map,planner,1,204723,153460,433,425,165088,153460,984,0,1,True,den520d-random-15.scen,860
860,den520d.map,planner,1,203150,153460,425,425,165375,153460,1096,0,4,True,den520d-random-15.scen,860
860,den520d.map,planner,1,202742,153460,425,425,165409,153460,1351,0,16,True,den520d-random-15.scen,860
860,den520d.map,planner,1,201187,153460,425,425,164913,153460,2456,0,64,True,den520d-random-15.scen,860
860,den520d.map,planner,1,200839,153460,445,425,164704,153460,7472,0,256,True,den520d-random-15.scen,860
980,den520d.map,planner,1,238184,175360,425,425,192592,175360,1321,0,0,False,den520d-random-15.scen,980
980,den520d.map,planner,1,238184,175360,425,425,192592,175360,1388,0,0,True,den520d-random-15.scen,980
980,den520d.map,planner,1,237325,175360,425,425,191644,175360,1397,0,1,True,den520d-random-15.scen,980
980,den520d.map,planner,1,235002,175360,425,425,191019,175360,1560,0,4,True,den520d-random-15.scen,980
980,den520d.map,planner,1,235977,175360,440,425,191218,175360,1836,0,16,True,den520d-random-15.scen,980
980,den520d.map,planner,1,236372,175360,426,425,190690,175360,3388,0,64,True,den520d-random-15.scen,980
980,den520d.map,planner,1,237212,175360,431,425,191268,175360,9836,0,256,True,den520d-random-15.scen,980
20,den520d.map,planner,1,3384,3202,320,320,3211,3202,6,0,0,False,den520d-random-22.scen,20
20,den520d.map,planner,1,3384,3202,320,320,3211,3202,6,0,0,True,den520d-random-22.scen,20
20,den520d.map,planner,1,3384,3202,320,320,3211,3202,7,0,1,True,den520d-random-22.scen,20
20,den520d.map,planner,1,3384,3202,320,320,3211,3202,7,0,4,True,den520d-random-22.scen,20
20,den520d.map,planner,1,3384,3202,320,320,3211,3202,6,0,16,True,den520d-random-22.scen,20
20,den520d.map,planner,1,3384,3202,320,320,3211,3202,9,0,64,True,den520d-random-22.scen,20
20,den520d.map,planner,1,3384,3202,320,320,3211,3202,7,0,256,True,den520d-random-22.scen,20
140,den520d.map,planner,1,27506,25359,376,376,25613,25359,61,0,0,False,den520d-random-22.scen,140
140,den520d.map,planner,1,27506,25359,376,376,25613,25359,58,0,0,True,den520d-random-22.scen,140
140,den520d.map,planner,1,27164,25359,376,376,25602,25359,58,0,1,True,den520d-random-22.scen,140
140,den520d.map,planner,1,27164,25359,376,376,25602,25359,59,0,4,True,den520d-random-22.scen,140
140,den520d.map,planner,1,27164,25359,376,376,25602,25359,64,0,16,True,den520d-random-22.scen,140
140,den520d.map,planner,1,27164,25359,376,376,25602,25359,57,0,64,True,den520d-random-22.scen,140
140,den520d.map,planner,1,27164,25359,376,376,25602,25359,59,0,256,True,den520d-random-22.scen,140
260,den520d.map,planner,1,51292,44398,376,376,45498,44398,120,0,0,False,den520d-random-22.scen,260
260,den520d.map,planner,1,51292,44398,376,376,45498,44398,124,0,0,True,den520d-random-22.scen,260
260,den520d.map,planner,1,50751,44398,376,376,45370,44398,127,0,1,True,den520d-random-22.scen,260
260,den520d.map,planner,1,50266,44398,376,376,45347,44398,125,0,4,True,den520d-random-22.scen,260
260,den520d.map,planner,1,50266,44398,376,376,45347,44398,134,0,16,True,den520d-random-22.scen,260
260,den520d.map,planner,1,50266,44398,376,376,45347,44398,126,0,64,True,den520d-random-22.scen,260
260,den520d.map,planner,1,50266,44398,376,376,45347,44398,133,0,256,True,den520d-random-22.scen,260
380,den520d.map,planner,1,76115,65192,376,376,67400,65192,204,0,0,False,den520d-random-22.scen,380
380,den520d.map,planner,1,76115,65192,376,376,67400,65192,203,0,0,True,den520d-random-22.scen,380
380,den520d.map,planner,1,75337,65192,376,376,67240,65192,208,0,1,True,den520d-random-22.scen,380
380,den520d.map,planner,1,75869,65192,376,376,67382,65192,252,0,4,True,den520d-random-22.scen,380
380,den520d.map,planner,1,74368,65192,376,376,67151,65192,265,0,16,True,den520d-random-22.scen,380
380,den520d.map,planner,1,75191,65192,376,376,67160,65192,364,0,64,True,den520d-random-22.scen,380
380,den520d.map,planner,1,75285,65192,378,376,67217,65192,474,0,256,True,den520d-random-22.scen,380
500,den520d.map,planner,1,103024,85523,396,396,89321,85523,323,0,0,False,den520d-random-22.scen,500
500,den520d.map,planner,1,103024,85523,396,396,89321,85523,305,0,0,True,den520d-random-22.scen,500
500,den520d.map,planner,1,102840,85523,396,396,89172,85523,320,0,1,True,den520d-random-22.scen,500
500,den520d.map,planner,1,103898,85523,396,396,89263,85523,357,0,4,True,den520d-random-22.scen,500
500,den520d.map,planner,1,103621,85523,396,396,89333,85523,512,0,16,True,den520d-random-22.scen,500
500,den520d.map,planner,1,102877,85523,396,396,89144,85523,1086,0,64,True,den520d-random-22.scen,500
500,den520d.map,planner,1,103497,85523,403,396,89221,85523,3251,0,256,True,den520d-random-22.scen,500
620,den520d.map,planner,1,132150,105417,396,396,111343,105417,450,0,0,False,den520d-random-22.scen,620
620,den520d.map,planner,1,132150,105417,396,396,111343,105417,443,0,0,True,den520d-random-22.scen,620
620,den520d.map,planner,1,131166,105417,396,396,110720,105417,464,0,1,True,den520d-random-22.scen,620
620,den520d.map,planner,1,131331,105417,396,396,110839,105417,489,0,4,True,den520d-random-22.scen,620
620,den520d.map,planner,1,130876,105417,398,396,110812,105417,718,0,16,True,den520d-random-22.scen,620
620,den520d.map,planner,1,131627,105417,396,396,110785,105417,1610,0,64,True,den520d-random-22.scen,620
620,den520d.map,planner,1,131255,105417,397,396,110756,105417,4384,0,256,True,den520d-random-22.scen,620
740,den520d.map,planner,1,162321,127904,396,396,136487,127904,581,0,0,False,den520d-random-22.scen,740
740,den520d.map,planner,1,162321,127904,396,396,136487,127904,634,0,0,True,den520d-random-22.scen,740
740,den520d.map,planner,1,161903,127904,396,396,135345,127904,723,0,1,True,den520d-random-22.scen,740
740,den520d.map,planner,1,164445,127904,397,396,135577,127904,835,0,4,True,den520d-random-22.scen,740
740,den520d.map,planner,1,163049,127904,396,396,136164,127904,962,0,16,True,den520d-random-22.scen,740
740,den520d.map,planner,1,163755,127904,396,396,136159,127904,2431,0,64,True,den520d-random-22.scen,740
740,den520d.map,planner,1,161292,127904,396,396,135265,127904,5332,0,256,True,den520d-random-22.scen,740
860,den520d.map,planner,1,198865,149273,396,396,161199,149273,809,0,0,False,den520d-random-22.scen,860
860,den520d.map,planner,1,198865,149273,396,396,161199,149273,860,0,0,True,den520d-random-22.scen,860
860,den520d.map,planner,1,197366,149273,396,396,160694,149273,873,0,1,True,den520d-random-22.scen,860
860,den520d.map,planner,1,196535,149273,398,396,160482,149273,950,0,4,True,den520d-random-22.scen,860
860,den520d.map,planner,1,197910,149273,398,396,160275,149273,1367,0,16,True,den520d-random-22.scen,860
860,den520d.map,planner,1,196945,149273,398,396,160626,149273,2803,0,64,True,den520d-random-22.scen,860
860,den520d.map,planner,1,195505,149273,398,396,160356,149273,7714,0,256,True,den520d-random-22.scen,860
980,den520d.map,planner,1,230965,169402,405,396,185212,169402,1238,0,0,False,den520d-random-22.scen,980
980,den520d.map,planner,1,230965,169402,405,396,185212,169402,1277,0,0,True,den520d-random-22.scen,980
980,den520d.map,planner,1,228406,169402,401,396,184192,169402,1229,0,1,True,den520d-random-22.scen,980
980,den520d.map,planner,1,226923,169402,404,396,183442,169402,1368,0,4,True,den520d-random-22.scen,980
980,den520d.map,planner,1,226759,169402,401,396,183451,169402,1780,0,16,True,den520d-random-22.scen,980
980,den520d.map,planner,1,228245,169402,403,396,184291,169402,3618,0,64,True,den520d-random-22.scen,980
980,den520d.map,planner,1,227034,169402,399,396,184053,169402,9254,0,256,True,den520d-random-22.scen,980
20,den520d.map,planner,1,3902,3897,347,347,3902,3897,8,0,0,False,den520d-random-24.scen,20
20,den520d.map,planner,1,3902,3897,347,347,3902,3897,8,0,0,True,den520d-random-24.scen,20
20,den520d.map,planner,1,3902,3897,347,347,3902,3897,8,0,1,True,den520d-random-24.scen,20
20,den520d.map,planner,1,3902,3897,347,347,3902,3897,7,0,4,True,den520d-random-24.scen,20
20,den520d.map,planner,1,3902,3897,347,347,3902,3897,8,0,16,True,den520d-random-24.scen,20
20,den520d.map,planner,1,3902,3897,347,347,3902,3897,7,0,64,True,den520d-random-24.scen,20
20,den520d.map,planner,1,3902,3897,347,347,3902,3897,8,0,256,True,den520d-random-24.scen,20
140,den520d.map,planner,1,27311,24499,360,360,24847,24499,62,0,0,False,den520d-random-24.scen,140
140,den520d.map,planner,1,27311,24499,360,360,24847,24499,61,0,0,True,den520d-random-24.scen,140
140,den520d.map,planner,1,26554,24499,360,360,24845,24499,58,0,1,True,den520d-random-24.scen,140
140,den520d.map,planner,1,26554,24499,360,360,24845,24499,62,0,4,True,den520d-random-24.scen,140
140,den520d.map,planner,1,26554,24499,360,360,24845,24499,67,0,16,True,den520d-random-24.scen,140
140,den520d.map,planner,1,26554,24499,360,360,24845,24499,57,0,64,True,den520d-random-24.scen,140
140,den520d.map,planner,1,26554,24499,360,360,24845,24499,57,0,256,True,den520d-random-24.scen,140
260,den520d.map,planner,1,50487,45664,360,360,46622,45664,136,0,0,False,den520d-random-24.scen,260
260,den520d.map,planner,1,50487,45664,360,360,46622,45664,119,0,0,True,den520d-random-24.scen,260
260,den520d.map,planner,1,51310,45664,360,360,46628,45664,149,0,1,True,den520d-random-24.scen,260
260,den520d.map,planner,1,51310,45664,360,360,46628,45664,123,0,4,True,den520d-random-24.scen,260
260,den520d.map,planner,1,51310,45664,360,360,46628,45664,124,0,16,True,den520d-random-24.scen,260
260,den520d.map,planner,1,51310,45664,360,360,46628,45664,123,0,64,True,den520d-random-24.scen,260
260,den520d.map,planner,1,51310,45664,360,360,46628,45664,139,0,256,True,den520d-random-24.scen,260
380,den520d.map,planner,1,80040,68604,413,413,70814,68604,220,0,0,False,den520d-random-24.scen,380
380,den520d.map,planner,1,80040,68604,413,413,70814,68604,216,0,0,True,den520d-random-24.scen,380
380,den520d.map,planner,1,81511,68604,413,413,70761,68604,221,0,1,True,den520d-random-24.scen,380
380,den520d.map,planner,1,79613,68604,413,413,70603,68604,221,0,4,True,den520d-random-24.scen,380
380,den520d.map,planner,1,79305,68604,413,413,70583,68604,246,0,16,True,den520d-random-24.scen,380
380,den520d.map,planner,1,81224,68604,413,413,70652,68604,304,0,64,True,den520d-random-24.scen,380
380,den520d.map,planner,1,80788,68604,413,413,70627,68604,281,0,256,True,den520d-random-24.scen,380
500,den520d.map,planner,1,108517,89417,413,413,92913,89417,337,0,0,False,den520d-random-24.scen,500
500,den520d.map,planner,1,108517,89417,413,413,92913,89417,317,0,0,True,den520d-random-24.scen,500
500,den520d.map,planner,1,108238,89417,413,413,92727,89417,333,0,1,True,den520d-random-24.scen,500
500,den520d.map,planner,1,108534,89417,413,413,92780,89417,344,0,4,True,den520d-random-24.scen,500
500,den520d.map,planner,1,108251,89417,416,413,92665,89417,392,0,16,True,den520d-random-24.scen,500
500,den520d.map,planner,1,107158,89417,413,413,92676,89417,638,0,64,True,den520d-random-24.scen,500
500,den520d.map,planner,1,107764,89417,413,413,92628,89417,445,0,256,True,den520d-random-24.scen,500
620,den520d.map,planner,1,137798,109929,413,413,115670,109929,432,0,0,False,den520d-random-24.scen,620
620,den520d.map,planner,1,137798,109929,413,413,115670,109929,445,0,0,True,den520d-random-24.scen,620
620,den520d.map,planner,1,137703,109929,413,413,115259,109929,459,0,1,True,den520d-random-24.scen,620
620,den520d.map,planner,1,138060,109929,413,413,115299,109929,511,0,4,True,den520d-random-24.scen,620
620,den520d.map,planner,1,136589,109929,413,413,115213,109929,652,0,16,True,den520d-random-24.scen,620
620,den520d.map,planner,1,135994,109929,413,413,115098,109929,1108,0,64,True,den520d-random-24.scen,620
620,den520d.map,planner,1,136423,109929,413,413,115177,109929,2658,0,256,True,den520d-random-24.scen,620
740,den520d.map,planner,1,167086,130469,413,413,139008,130469,582,0,0,False,den520d-random-24.scen,740
740,den520d.map,planner,1,167086,130469,413,413,139008,130469,618,0,0,True,den520d-random-24.scen,740
740,den520d.map,planner,1,168007,130469,415,413,138696,130469,622,0,1,True,den520d-random-24.scen,740
740,den520d.map,planner,1,166641,130469,413,413,138121,130469,702,0,4,True,den520d-random-24.scen,740
740,den520d.map,planner,1,167296,130469,413,413,138397,130469,1012,0,16,True,den520d-random-24.scen,740
740,den520d.map,planner,1,165495,130469,413,413,138016,130469,1781,0,64,True,den520d-random-24.scen,740
740,den520d.map,planner,1,168301,130469,413,413,138604,130469,6356,0,256,True,den520d-random-24.scen,740
860,den520d.map,planner,1,197844,150610,413,413,162100,150610,889,0,0,False,den520d-random-24.scen,860
860,den520d.map,planner,1,197844,150610,413,413,162100,150610,862,0,0,True,den520d-random-24.scen,860
860,den520d.map,planner,1,199799,150610,413,413,161776,150610,908,0,1,True,den520d-random-24.scen,860
860,den520d.map,planner,1,197856,150610,414,413,161206,150610,1138,0,4,True,den520d-random-24.scen,860
860,den520d.map,planner,1,198631,150610,414,413,161113,150610,1231,0,16,True,den520d-random-24.scen,860
860,den520d.map,planner,1,197641,150610,413,413,161015,150610,2273,0,64,True,den520d-random-24.scen,860
860,den520d.map,planner,1,195256,150610,413,413,161060,150610,7853,0,256,True,den520d-random-24.scen,860
980,den520d.map,planner,1,230616,171507,413,413,186764,171507,1201,0,0,False,den520d-random-24.scen,980
980,den520d.map,planner,1,230616,171507,413,413,186764,171507,1469,0,0,True,den520d-random-24.scen,980
980,den520d.map,planner,1,229225,171507,414,413,185747,171507,1302,0,1,True,den520d-random-24.scen,980
980,den520d.map,planner,1,232420,171507,413,413,186071,171507,1484,0,4,True,den520d-random-24.scen,980
980,den520d.map,planner,1,230070,171507,413,413,184913,171507,1835,0,16,True,den520d-random-24.scen,980
980,den520d.map,planner,1,228261,171507,413,413,185238,171507,2976,0,64,True,den520d-random-24.scen,980
980,den520d.map,planner,1,228145,171507,413,413,185534,171507,8307,0,256,True,den520d-random-24.scen,980
