agents,map_file,solver,solved,soc,soc_lb,makespan,makespan_lb,sum_of_loss,sum_of_loss_lb,comp_time,seed,Opti_Deadline,Bool_Opti,Scenario_File,N
20,random-32-32-20.map,planner,1,441,388,41,41,416,388,0,0,0,False,random-32-32-20-random-3.scen,20
20,random-32-32-20.map,planner,1,441,388,41,41,416,388,0,0,0,True,random-32-32-20-random-3.scen,20
20,random-32-32-20.map,planner,1,441,388,41,41,416,388,0,0,1,False,random-32-32-20-random-3.scen,20
20,random-32-32-20.map,planner,1,441,388,41,41,416,388,0,0,1,True,random-32-32-20-random-3.scen,20
20,random-32-32-20.map,planner,1,441,388,41,41,416,388,0,0,10,False,random-32-32-20-random-3.scen,20
20,random-32-32-20.map,planner,1,441,388,41,41,416,388,0,0,10,True,random-32-32-20-random-3.scen,20
20,random-32-32-20.map,planner,1,441,388,41,41,416,388,0,0,100,False,random-32-32-20-random-3.scen,20
20,random-32-32-20.map,planner,1,441,388,41,41,416,388,0,0,100,True,random-32-32-20-random-3.scen,20
20,random-32-32-20.map,planner,1,441,388,41,41,416,388,0,0,1000,False,random-32-32-20-random-3.scen,20
20,random-32-32-20.map,planner,1,441,388,41,41,416,388,0,0,1000,True,random-32-32-20-random-3.scen,20
60,random-32-32-20.map,planner,1,1557,1229,42,42,1430,1229,0,0,0,False,random-32-32-20-random-3.scen,60
60,random-32-32-20.map,planner,1,1557,1229,42,42,1430,1229,0,0,0,True,random-32-32-20-random-3.scen,60
60,random-32-32-20.map,planner,1,1557,1229,42,42,1430,1229,0,0,1,False,random-32-32-20-random-3.scen,60
60,random-32-32-20.map,planner,1,1504,1229,43,42,1405,1229,1,0,1,True,random-32-32-20-random-3.scen,60
60,random-32-32-20.map,planner,1,1557,1229,42,42,1430,1229,0,0,10,False,random-32-32-20-random-3.scen,60
60,random-32-32-20.map,planner,1,1504,1229,43,42,1405,1229,1,0,10,True,random-32-32-20-random-3.scen,60
60,random-32-32-20.map,planner,1,1557,1229,42,42,1430,1229,0,0,100,False,random-32-32-20-random-3.scen,60
60,random-32-32-20.map,planner,1,1504,1229,43,42,1405,1229,1,0,100,True,random-32-32-20-random-3.scen,60
60,random-32-32-20.map,planner,1,1557,1229,42,42,1430,1229,0,0,1000,False,random-32-32-20-random-3.scen,60
60,random-32-32-20.map,planner,1,1504,1229,43,42,1405,1229,1,0,1000,True,random-32-32-20-random-3.scen,60
100,random-32-32-20.map,planner,1,2964,2083,47,42,2703,2083,1,0,0,False,random-32-32-20-random-3.scen,100
100,random-32-32-20.map,planner,1,2964,2083,47,42,2703,2083,1,0,0,True,random-32-32-20-random-3.scen,100
100,random-32-32-20.map,planner,1,2964,2083,47,42,2703,2083,1,0,1,False,random-32-32-20-random-3.scen,100
100,random-32-32-20.map,planner,1,2897,2083,48,42,2572,2083,2,0,1,True,random-32-32-20-random-3.scen,100
100,random-32-32-20.map,planner,1,2964,2083,47,42,2703,2083,1,0,10,False,random-32-32-20-random-3.scen,100
100,random-32-32-20.map,planner,1,2897,2083,48,42,2572,2083,2,0,10,True,random-32-32-20-random-3.scen,100
100,random-32-32-20.map,planner,1,2964,2083,47,42,2703,2083,1,0,100,False,random-32-32-20-random-3.scen,100
100,random-32-32-20.map,planner,1,2897,2083,48,42,2572,2083,2,0,100,True,random-32-32-20-random-3.scen,100
100,random-32-32-20.map,planner,1,2964,2083,47,42,2703,2083,1,0,1000,False,random-32-32-20-random-3.scen,100
100,random-32-32-20.map,planner,1,2897,2083,48,42,2572,2083,2,0,1000,True,random-32-32-20-random-3.scen,100
140,random-32-32-20.map,planner,1,4916,2990,63,42,4254,2990,3,0,0,False,random-32-32-20-random-3.scen,140
140,random-32-32-20.map,planner,1,4916,2990,63,42,4254,2990,4,0,0,True,random-32-32-20-random-3.scen,140
140,random-32-32-20.map,planner,1,4916,2990,63,42,4254,2990,3,0,1,False,random-32-32-20-random-3.scen,140
140,random-32-32-20.map,planner,1,4656,2990,79,42,4059,2990,17,0,1,True,random-32-32-20-random-3.scen,140
140,random-32-32-20.map,planner,1,4916,2990,63,42,4254,2990,4,0,10,False,random-32-32-20-random-3.scen,140
140,random-32-32-20.map,planner,1,5224,2990,95,42,4327,2990,131,0,10,True,random-32-32-20-random-3.scen,140
140,random-32-32-20.map,planner,1,4916,2990,63,42,4254,2990,3,0,100,False,random-32-32-20-random-3.scen,140
140,random-32-32-20.map,planner,1,4916,2990,63,42,4254,2990,3,0,100,True,random-32-32-20-random-3.scen,140
140,random-32-32-20.map,planner,1,4916,2990,63,42,4254,2990,3,0,1000,False,random-32-32-20-random-3.scen,140
140,random-32-32-20.map,planner,1,5122,2990,91,42,4326,2990,2575,0,1000,True,random-32-32-20-random-3.scen,140
180,random-32-32-20.map,planner,1,7162,3862,85,42,6170,3862,19,0,0,False,random-32-32-20-random-3.scen,180
180,random-32-32-20.map,planner,1,7162,3862,85,42,6170,3862,21,0,0,True,random-32-32-20-random-3.scen,180
180,random-32-32-20.map,planner,1,7162,3862,85,42,6170,3862,21,0,1,False,random-32-32-20-random-3.scen,180
180,random-32-32-20.map,planner,1,7162,3862,85,42,6170,3862,21,0,1,True,random-32-32-20-random-3.scen,180
180,random-32-32-20.map,planner,1,7162,3862,85,42,6170,3862,21,0,10,False,random-32-32-20-random-3.scen,180
180,random-32-32-20.map,planner,1,7427,3862,123,42,6102,3862,271,0,10,True,random-32-32-20-random-3.scen,180
180,random-32-32-20.map,planner,1,7162,3862,85,42,6170,3862,20,0,100,False,random-32-32-20-random-3.scen,180
180,random-32-32-20.map,planner,1,9975,3862,264,42,7867,3862,2382,0,100,True,random-32-32-20-random-3.scen,180
180,random-32-32-20.map,planner,1,7162,3862,85,42,6170,3862,19,0,1000,False,random-32-32-20-random-3.scen,180
220,ht_chantry.map,planner,1,27865,21429,203,203,23723,21429,26,0,1000,True,random-32-32-20-random-3.scen,180
220,random-32-32-20.map,planner,1,9758,4752,93,56,8342,4752,71,0,0,False,random-32-32-20-random-3.scen,220
220,random-32-32-20.map,planner,1,9758,4752,93,56,8342,4752,72,0,0,True,random-32-32-20-random-3.scen,220
220,random-32-32-20.map,planner,1,9758,4752,93,56,8342,4752,72,0,1,False,random-32-32-20-random-3.scen,220
220,random-32-32-20.map,planner,1,10331,4752,136,56,8310,4752,55,0,1,True,random-32-32-20-random-3.scen,220
220,random-32-32-20.map,planner,1,9758,4752,93,56,8342,4752,70,0,10,False,random-32-32-20-random-3.scen,220
220,random-32-32-20.map,planner,1,12116,4752,158,56,8976,4752,468,0,10,True,random-32-32-20-random-3.scen,220
220,random-32-32-20.map,planner,1,9758,4752,93,56,8342,4752,71,0,100,False,random-32-32-20-random-3.scen,220
220,random-32-32-20.map,planner,1,16157,4752,243,56,10524,4752,3713,0,100,True,random-32-32-20-random-3.scen,220
220,random-32-32-20.map,planner,1,9758,4752,93,56,8342,4752,68,0,1000,False,random-32-32-20-random-3.scen,220
220,random-32-32-20.map,planner,1,12695,4752,196,56,9280,4752,28142,0,1000,True,random-32-32-20-random-3.scen,220
260,random-32-32-20.map,planner,1,13093,5731,93,56,11157,5731,18,0,0,False,random-32-32-20-random-3.scen,260
260,random-32-32-20.map,planner,1,13093,5731,93,56,11157,5731,20,0,0,True,random-32-32-20-random-3.scen,260
260,random-32-32-20.map,planner,1,13093,5731,93,56,11157,5731,20,0,1,False,random-32-32-20-random-3.scen,260
260,random-32-32-20.map,planner,1,15156,5731,179,56,11587,5731,92,0,1,True,random-32-32-20-random-3.scen,260
260,random-32-32-20.map,planner,1,13093,5731,93,56,11157,5731,19,0,10,False,random-32-32-20-random-3.scen,260
260,random-32-32-20.map,planner,1,14415,5731,151,56,11146,5731,484,0,10,True,random-32-32-20-random-3.scen,260
260,random-32-32-20.map,planner,1,13093,5731,93,56,11157,5731,19,0,100,False,random-32-32-20-random-3.scen,260
260,random-32-32-20.map,planner,1,18217,5731,214,56,13012,5731,4823,0,100,True,random-32-32-20-random-3.scen,260
260,random-32-32-20.map,planner,1,13093,5731,93,56,11157,5731,18,0,1000,False,random-32-32-20-random-3.scen,260
260,random-32-32-20.map,planner,1,14854,5731,179,56,11462,5731,39348,0,1000,True,random-32-32-20-random-3.scen,260
300,random-32-32-20.map,planner,1,18407,6618,147,56,14903,6618,43,0,0,False,random-32-32-20-random-3.scen,300
300,random-32-32-20.map,planner,1,18407,6618,147,56,14903,6618,45,0,0,True,random-32-32-20-random-3.scen,300
300,random-32-32-20.map,planner,1,18407,6618,147,56,14903,6618,43,0,1,False,random-32-32-20-random-3.scen,300
300,random-32-32-20.map,planner,1,18407,6618,147,56,14903,6618,43,0,1,True,random-32-32-20-random-3.scen,300
300,random-32-32-20.map,planner,1,18407,6618,147,56,14903,6618,43,0,10,False,random-32-32-20-random-3.scen,300
220,warehouse-10-20-10-2-1.map,planner,1,29321,17636,457,194,25511,17636,2692,0,10,True,random-32-32-20-random-3.scen,300
300,random-32-32-20.map,planner,1,18407,6618,147,56,14903,6618,41,0,100,False,random-32-32-20-random-3.scen,300
220,warehouse-10-20-10-2-1.map,planner,1,92740,17636,2096,194,60849,17636,4857,0,100,True,random-32-32-20-random-3.scen,300
300,random-32-32-20.map,planner,1,18407,6618,147,56,14903,6618,41,0,1000,False,random-32-32-20-random-3.scen,300
340,random-32-32-20.map,planner,1,22193,7484,143,56,18480,7484,182,0,0,False,random-32-32-20-random-3.scen,340
340,random-32-32-20.map,planner,1,22193,7484,143,56,18480,7484,190,0,0,True,random-32-32-20-random-3.scen,340
340,random-32-32-20.map,planner,1,22193,7484,143,56,18480,7484,190,0,1,False,random-32-32-20-random-3.scen,340
340,random-32-32-20.map,planner,1,34435,7484,319,56,22648,7484,563,0,1,True,random-32-32-20-random-3.scen,340
340,random-32-32-20.map,planner,1,22193,7484,143,56,18480,7484,185,0,10,False,random-32-32-20-random-3.scen,340
340,random-32-32-20.map,planner,1,22193,7484,143,56,18480,7484,185,0,10,True,random-32-32-20-random-3.scen,340
340,random-32-32-20.map,planner,1,22193,7484,143,56,18480,7484,187,0,100,False,random-32-32-20-random-3.scen,340
420,ht_chantry.map,planner,1,58109,40412,203,203,48669,40412,49,0,100,True,random-32-32-20-random-3.scen,340
340,random-32-32-20.map,planner,1,22193,7484,143,56,18480,7484,192,0,1000,False,random-32-32-20-random-3.scen,340
380,random-32-32-20.map,planner,1,33129,8390,253,56,24686,8390,1843,0,0,False,random-32-32-20-random-3.scen,380
380,random-32-32-20.map,planner,1,33129,8390,253,56,24686,8390,1805,0,0,True,random-32-32-20-random-3.scen,380
380,random-32-32-20.map,planner,1,33129,8390,253,56,24686,8390,1821,0,1,False,random-32-32-20-random-3.scen,380
380,random-32-32-20.map,planner,1,33129,8390,253,56,24686,8390,1821,0,1,True,random-32-32-20-random-3.scen,380
380,random-32-32-20.map,planner,1,33129,8390,253,56,24686,8390,1787,0,10,False,random-32-32-20-random-3.scen,380
380,random-32-32-20.map,planner,1,33129,8390,253,56,24686,8390,1787,0,10,True,random-32-32-20-random-3.scen,380
380,random-32-32-20.map,planner,1,33129,8390,253,56,24686,8390,1798,0,100,False,random-32-32-20-random-3.scen,380
380,random-32-32-20.map,planner,1,33129,8390,253,56,24686,8390,1798,0,100,True,random-32-32-20-random-3.scen,380
380,random-32-32-20.map,planner,1,33129,8390,253,56,24686,8390,1813,0,1000,False,random-32-32-20-random-3.scen,380
380,random-32-32-20.map,planner,0,0,8390,0,56,0,8390,60017,0,0,False,random-32-32-20-random-3.scen,420
380,random-32-32-20.map,planner,0,0,8390,0,56,0,8390,60017,0,0,True,random-32-32-20-random-3.scen,420
380,random-32-32-20.map,planner,0,0,8390,0,56,0,8390,60017,0,1,False,random-32-32-20-random-3.scen,420
380,random-32-32-20.map,planner,0,0,8390,0,56,0,8390,60017,0,1,True,random-32-32-20-random-3.scen,420
380,random-32-32-20.map,planner,0,0,8390,0,56,0,8390,60017,0,10,False,random-32-32-20-random-3.scen,420
380,random-32-32-20.map,planner,0,0,8390,0,56,0,8390,60017,0,10,True,random-32-32-20-random-3.scen,420
380,random-32-32-20.map,planner,0,0,8390,0,56,0,8390,60017,0,100,False,random-32-32-20-random-3.scen,420
380,random-32-32-20.map,planner,0,0,8390,0,56,0,8390,60017,0,100,True,random-32-32-20-random-3.scen,420
380,random-32-32-20.map,planner,0,0,8390,0,56,0,8390,60017,0,1000,False,random-32-32-20-random-3.scen,420
380,random-32-32-20.map,planner,0,0,8390,0,56,0,8390,60017,0,1000,True,random-32-32-20-random-3.scen,420
380,random-32-32-20.map,planner,0,0,8390,0,56,0,8390,60017,0,0,False,random-32-32-20-random-3.scen,460
380,random-32-32-20.map,planner,0,0,8390,0,56,0,8390,60017,0,0,True,random-32-32-20-random-3.scen,460
380,random-32-32-20.map,planner,0,0,8390,0,56,0,8390,60017,0,1,False,random-32-32-20-random-3.scen,460
380,random-32-32-20.map,planner,0,0,8390,0,56,0,8390,60017,0,1,True,random-32-32-20-random-3.scen,460
380,random-32-32-20.map,planner,0,0,8390,0,56,0,8390,60017,0,10,False,random-32-32-20-random-3.scen,460
380,random-32-32-20.map,planner,0,0,8390,0,56,0,8390,60017,0,10,True,random-32-32-20-random-3.scen,460
380,random-32-32-20.map,planner,0,0,8390,0,56,0,8390,60017,0,100,False,random-32-32-20-random-3.scen,460
380,random-32-32-20.map,planner,0,0,8390,0,56,0,8390,60017,0,100,True,random-32-32-20-random-3.scen,460
380,random-32-32-20.map,planner,0,0,8390,0,56,0,8390,60017,0,1000,False,random-32-32-20-random-3.scen,460
380,random-32-32-20.map,planner,0,0,8390,0,56,0,8390,60017,0,1000,True,random-32-32-20-random-3.scen,460
380,random-32-32-20.map,planner,0,0,8390,0,56,0,8390,60017,0,0,False,random-32-32-20-random-3.scen,500
380,random-32-32-20.map,planner,0,0,8390,0,56,0,8390,60017,0,0,True,random-32-32-20-random-3.scen,500
380,random-32-32-20.map,planner,0,0,8390,0,56,0,8390,60017,0,1,False,random-32-32-20-random-3.scen,500
380,random-32-32-20.map,planner,0,0,8390,0,56,0,8390,60017,0,1,True,random-32-32-20-random-3.scen,500
380,random-32-32-20.map,planner,0,0,8390,0,56,0,8390,60017,0,10,False,random-32-32-20-random-3.scen,500
380,random-32-32-20.map,planner,0,0,8390,0,56,0,8390,60017,0,10,True,random-32-32-20-random-3.scen,500
380,random-32-32-20.map,planner,0,0,8390,0,56,0,8390,60017,0,100,False,random-32-32-20-random-3.scen,500
380,random-32-32-20.map,planner,0,0,8390,0,56,0,8390,60017,0,100,True,random-32-32-20-random-3.scen,500
380,random-32-32-20.map,planner,0,0,8390,0,56,0,8390,60017,0,1000,False,random-32-32-20-random-3.scen,500
380,random-32-32-20.map,planner,0,0,8390,0,56,0,8390,60017,0,1000,True,random-32-32-20-random-3.scen,500
380,random-32-32-20.map,planner,0,0,8390,0,56,0,8390,60017,0,0,False,random-32-32-20-random-3.scen,540
380,random-32-32-20.map,planner,0,0,8390,0,56,0,8390,60017,0,0,True,random-32-32-20-random-3.scen,540
380,random-32-32-20.map,planner,0,0,8390,0,56,0,8390,60017,0,1,False,random-32-32-20-random-3.scen,540
380,random-32-32-20.map,planner,0,0,8390,0,56,0,8390,60017,0,1,True,random-32-32-20-random-3.scen,540
380,random-32-32-20.map,planner,0,0,8390,0,56,0,8390,60017,0,10,False,random-32-32-20-random-3.scen,540
380,random-32-32-20.map,planner,0,0,8390,0,56,0,8390,60017,0,10,True,random-32-32-20-random-3.scen,540
380,random-32-32-20.map,planner,0,0,8390,0,56,0,8390,60017,0,100,False,random-32-32-20-random-3.scen,540
380,random-32-32-20.map,planner,0,0,8390,0,56,0,8390,60017,0,100,True,random-32-32-20-random-3.scen,540
380,random-32-32-20.map,planner,0,0,8390,0,56,0,8390,60017,0,1000,False,random-32-32-20-random-3.scen,540
380,random-32-32-20.map,planner,0,0,8390,0,56,0,8390,60017,0,1000,True,random-32-32-20-random-3.scen,540
380,random-32-32-20.map,planner,0,0,8390,0,56,0,8390,60017,0,0,False,random-32-32-20-random-3.scen,580
380,random-32-32-20.map,planner,0,0,8390,0,56,0,8390,60017,0,0,True,random-32-32-20-random-3.scen,580
380,random-32-32-20.map,planner,0,0,8390,0,56,0,8390,60017,0,1,False,random-32-32-20-random-3.scen,580
380,random-32-32-20.map,planner,0,0,8390,0,56,0,8390,60017,0,1,True,random-32-32-20-random-3.scen,580
380,random-32-32-20.map,planner,0,0,8390,0,56,0,8390,60017,0,10,False,random-32-32-20-random-3.scen,580
380,random-32-32-20.map,planner,0,0,8390,0,56,0,8390,60017,0,10,True,random-32-32-20-random-3.scen,580
380,random-32-32-20.map,planner,0,0,8390,0,56,0,8390,60017,0,100,False,random-32-32-20-random-3.scen,580
380,random-32-32-20.map,planner,0,0,8390,0,56,0,8390,60017,0,100,True,random-32-32-20-random-3.scen,580
380,random-32-32-20.map,planner,0,0,8390,0,56,0,8390,60017,0,1000,False,random-32-32-20-random-3.scen,580
380,random-32-32-20.map,planner,0,0,8390,0,56,0,8390,60017,0,1000,True,random-32-32-20-random-3.scen,580
20,random-32-32-20.map,planner,1,409,388,47,47,399,388,0,0,0,False,random-32-32-20-random-2.scen,20
20,random-32-32-20.map,planner,1,409,388,47,47,399,388,0,0,0,True,random-32-32-20-random-2.scen,20
20,random-32-32-20.map,planner,1,409,388,47,47,399,388,0,0,1,False,random-32-32-20-random-2.scen,20
20,random-32-32-20.map,planner,1,409,388,47,47,399,388,0,0,1,True,random-32-32-20-random-2.scen,20
20,random-32-32-20.map,planner,1,409,388,47,47,399,388,0,0,10,False,random-32-32-20-random-2.scen,20
20,random-32-32-20.map,planner,1,409,388,47,47,399,388,0,0,10,True,random-32-32-20-random-2.scen,20
20,random-32-32-20.map,planner,1,409,388,47,47,399,388,0,0,100,False,random-32-32-20-random-2.scen,20
20,random-32-32-20.map,planner,1,409,388,47,47,399,388,0,0,100,True,random-32-32-20-random-2.scen,20
20,random-32-32-20.map,planner,1,409,388,47,47,399,388,0,0,1000,False,random-32-32-20-random-2.scen,20
20,random-32-32-20.map,planner,1,409,388,47,47,399,388,0,0,1000,True,random-32-32-20-random-2.scen,20
60,random-32-32-20.map,planner,1,1719,1341,51,51,1530,1341,1,0,0,False,random-32-32-20-random-2.scen,60
60,random-32-32-20.map,planner,1,1719,1341,51,51,1530,1341,1,0,0,True,random-32-32-20-random-2.scen,60
60,random-32-32-20.map,planner,1,1719,1341,51,51,1530,1341,1,0,1,False,random-32-32-20-random-2.scen,60
60,random-32-32-20.map,planner,1,1776,1341,51,51,1542,1341,1,0,1,True,random-32-32-20-random-2.scen,60
60,random-32-32-20.map,planner,1,1719,1341,51,51,1530,1341,1,0,10,False,random-32-32-20-random-2.scen,60
60,random-32-32-20.map,planner,1,1776,1341,51,51,1542,1341,1,0,10,True,random-32-32-20-random-2.scen,60
60,random-32-32-20.map,planner,1,1719,1341,51,51,1530,1341,1,0,100,False,random-32-32-20-random-2.scen,60
60,random-32-32-20.map,planner,1,1776,1341,51,51,1542,1341,1,0,100,True,random-32-32-20-random-2.scen,60
60,random-32-32-20.map,planner,1,1719,1341,51,51,1530,1341,1,0,1000,False,random-32-32-20-random-2.scen,60
60,random-32-32-20.map,planner,1,1776,1341,51,51,1542,1341,1,0,1000,True,random-32-32-20-random-2.scen,60
100,random-32-32-20.map,planner,1,3268,2232,52,51,2912,2232,1,0,0,False,random-32-32-20-random-2.scen,100
100,random-32-32-20.map,planner,1,3268,2232,52,51,2912,2232,1,0,0,True,random-32-32-20-random-2.scen,100
100,random-32-32-20.map,planner,1,3268,2232,52,51,2912,2232,1,0,1,False,random-32-32-20-random-2.scen,100
100,random-32-32-20.map,planner,1,3030,2232,58,51,2711,2232,2,0,1,True,random-32-32-20-random-2.scen,100
100,random-32-32-20.map,planner,1,3268,2232,52,51,2912,2232,1,0,10,False,random-32-32-20-random-2.scen,100
100,random-32-32-20.map,planner,1,3030,2232,58,51,2711,2232,2,0,10,True,random-32-32-20-random-2.scen,100
100,random-32-32-20.map,planner,1,3268,2232,52,51,2912,2232,1,0,100,False,random-32-32-20-random-2.scen,100
100,random-32-32-20.map,planner,1,3030,2232,58,51,2711,2232,2,0,100,True,random-32-32-20-random-2.scen,100
100,random-32-32-20.map,planner,1,3268,2232,52,51,2912,2232,1,0,1000,False,random-32-32-20-random-2.scen,100
100,random-32-32-20.map,planner,1,3030,2232,58,51,2711,2232,2,0,1000,True,random-32-32-20-random-2.scen,100
140,random-32-32-20.map,planner,1,4795,3063,60,51,4257,3063,3,0,0,False,random-32-32-20-random-2.scen,140
140,random-32-32-20.map,planner,1,4795,3063,60,51,4257,3063,3,0,0,True,random-32-32-20-random-2.scen,140
140,random-32-32-20.map,planner,1,4795,3063,60,51,4257,3063,3,0,1,False,random-32-32-20-random-2.scen,140
140,random-32-32-20.map,planner,1,4594,3063,71,51,4000,3063,11,0,1,True,random-32-32-20-random-2.scen,140
140,random-32-32-20.map,planner,1,4795,3063,60,51,4257,3063,3,0,10,False,random-32-32-20-random-2.scen,140
140,random-32-32-20.map,planner,1,4901,3063,84,51,4030,3063,20,0,10,True,random-32-32-20-random-2.scen,140
140,random-32-32-20.map,planner,1,4795,3063,60,51,4257,3063,3,0,100,False,random-32-32-20-random-2.scen,140
140,random-32-32-20.map,planner,1,4901,3063,84,51,4030,3063,20,0,100,True,random-32-32-20-random-2.scen,140
140,random-32-32-20.map,planner,1,4795,3063,60,51,4257,3063,3,0,1000,False,random-32-32-20-random-2.scen,140
140,random-32-32-20.map,planner,1,4901,3063,84,51,4030,3063,20,0,1000,True,random-32-32-20-random-2.scen,140
180,random-32-32-20.map,planner,1,7057,4018,65,51,6154,4018,3,0,0,False,random-32-32-20-random-2.scen,180
180,random-32-32-20.map,planner,1,7057,4018,65,51,6154,4018,3,0,0,True,random-32-32-20-random-2.scen,180
180,random-32-32-20.map,planner,1,7057,4018,65,51,6154,4018,3,0,1,False,random-32-32-20-random-2.scen,180
180,random-32-32-20.map,planner,1,6422,4018,68,51,5762,4018,31,0,1,True,random-32-32-20-random-2.scen,180
180,random-32-32-20.map,planner,1,7057,4018,65,51,6154,4018,3,0,10,False,random-32-32-20-random-2.scen,180
180,random-32-32-20.map,planner,1,7202,4018,96,51,5856,4018,181,0,10,True,random-32-32-20-random-2.scen,180
180,random-32-32-20.map,planner,1,7057,4018,65,51,6154,4018,3,0,100,False,random-32-32-20-random-2.scen,180
180,random-32-32-20.map,planner,1,6264,4018,71,51,5572,4018,1270,0,100,True,random-32-32-20-random-2.scen,180
180,random-32-32-20.map,planner,1,7057,4018,65,51,6154,4018,3,0,1000,False,random-32-32-20-random-2.scen,180
180,random-32-32-20.map,planner,1,7091,4018,108,51,5923,4018,12476,0,1000,True,random-32-32-20-random-2.scen,180
220,random-32-32-20.map,planner,1,9594,4875,81,51,8261,4875,5,0,0,False,random-32-32-20-random-2.scen,220
220,random-32-32-20.map,planner,1,9594,4875,81,51,8261,4875,5,0,0,True,random-32-32-20-random-2.scen,220
220,random-32-32-20.map,planner,1,9594,4875,81,51,8261,4875,4,0,1,False,random-32-32-20-random-2.scen,220
220,random-32-32-20.map,planner,1,10088,4875,123,51,8373,4875,49,0,1,True,random-32-32-20-random-2.scen,220
220,random-32-32-20.map,planner,1,9594,4875,81,51,8261,4875,5,0,10,False,random-32-32-20-random-2.scen,220
220,random-32-32-20.map,planner,1,11727,4875,155,51,8895,4875,335,0,10,True,random-32-32-20-random-2.scen,220
220,random-32-32-20.map,planner,1,9594,4875,81,51,8261,4875,5,0,100,False,random-32-32-20-random-2.scen,220
220,random-32-32-20.map,planner,1,8928,4875,98,51,7629,4875,2788,0,100,True,random-32-32-20-random-2.scen,220
220,random-32-32-20.map,planner,1,9594,4875,81,51,8261,4875,5,0,1000,False,random-32-32-20-random-2.scen,220
220,random-32-32-20.map,planner,1,8716,4875,100,51,7433,4875,22173,0,1000,True,random-32-32-20-random-2.scen,220
260,random-32-32-20.map,planner,1,12859,5740,130,51,10888,5740,8,0,0,False,random-32-32-20-random-2.scen,260
260,random-32-32-20.map,planner,1,12859,5740,130,51,10888,5740,8,0,0,True,random-32-32-20-random-2.scen,260
260,random-32-32-20.map,planner,1,12859,5740,130,51,10888,5740,8,0,1,False,random-32-32-20-random-2.scen,260
260,random-32-32-20.map,planner,1,12911,5740,139,51,10149,5740,56,0,1,True,random-32-32-20-random-2.scen,260
260,random-32-32-20.map,planner,1,12859,5740,130,51,10888,5740,8,0,10,False,random-32-32-20-random-2.scen,260
260,random-32-32-20.map,planner,1,14455,5740,163,51,11133,5740,408,0,10,True,random-32-32-20-random-2.scen,260
260,random-32-32-20.map,planner,1,12859,5740,130,51,10888,5740,8,0,100,False,random-32-32-20-random-2.scen,260
260,random-32-32-20.map,planner,1,15047,5740,178,51,11330,5740,3581,0,100,True,random-32-32-20-random-2.scen,260
260,random-32-32-20.map,planner,1,12859,5740,130,51,10888,5740,7,0,1000,False,random-32-32-20-random-2.scen,260
260,random-32-32-20.map,planner,1,16906,5740,207,51,12304,5740,30002,0,1000,True,random-32-32-20-random-2.scen,260
300,random-32-32-20.map,planner,1,16924,6658,106,51,14113,6658,8,0,0,False,random-32-32-20-random-2.scen,300
300,random-32-32-20.map,planner,1,16924,6658,106,51,14113,6658,9,0,0,True,random-32-32-20-random-2.scen,300
300,random-32-32-20.map,planner,1,16924,6658,106,51,14113,6658,8,0,1,False,random-32-32-20-random-2.scen,300
300,random-32-32-20.map,planner,1,16924,6658,106,51,14113,6658,8,0,1,True,random-32-32-20-random-2.scen,300
300,random-32-32-20.map,planner,1,16924,6658,106,51,14113,6658,8,0,10,False,random-32-32-20-random-2.scen,300
300,random-32-32-20.map,planner,1,16924,6658,106,51,14113,6658,8,0,10,True,random-32-32-20-random-2.scen,300
300,random-32-32-20.map,planner,1,16924,6658,106,51,14113,6658,8,0,100,False,random-32-32-20-random-2.scen,300
300,random-32-32-20.map,planner,1,16924,6658,106,51,14113,6658,8,0,100,True,random-32-32-20-random-2.scen,300
300,random-32-32-20.map,planner,1,16924,6658,106,51,14113,6658,8,0,1000,False,random-32-32-20-random-2.scen,300
580,ht_chantry.map,planner,1,90210,55780,230,203,72936,55780,75,0,1000,True,random-32-32-20-random-2.scen,300
340,random-32-32-20.map,planner,1,22379,7624,164,51,18371,7624,154,0,0,False,random-32-32-20-random-2.scen,340
340,random-32-32-20.map,planner,1,22379,7624,164,51,18371,7624,159,0,0,True,random-32-32-20-random-2.scen,340
340,random-32-32-20.map,planner,1,22379,7624,164,51,18371,7624,158,0,1,False,random-32-32-20-random-2.scen,340
340,random-32-32-20.map,planner,1,27388,7624,256,51,19724,7624,200,0,1,True,random-32-32-20-random-2.scen,340
340,random-32-32-20.map,planner,1,22379,7624,164,51,18371,7624,155,0,10,False,random-32-32-20-random-2.scen,340
340,random-32-32-20.map,planner,1,26417,7624,261,51,19425,7624,896,0,10,True,random-32-32-20-random-2.scen,340
340,random-32-32-20.map,planner,1,22379,7624,164,51,18371,7624,155,0,100,False,random-32-32-20-random-2.scen,340
580,ht_chantry.map,planner,1,90210,55780,230,203,72936,55780,75,0,100,True,random-32-32-20-random-2.scen,340
340,random-32-32-20.map,planner,1,22379,7624,164,51,18371,7624,165,0,1000,False,random-32-32-20-random-2.scen,340
380,random-32-32-20.map,planner,1,29555,8386,185,51,22973,8386,18,0,0,False,random-32-32-20-random-2.scen,380
380,random-32-32-20.map,planner,1,29555,8386,185,51,22973,8386,23,0,0,True,random-32-32-20-random-2.scen,380
380,random-32-32-20.map,planner,1,29555,8386,185,51,22973,8386,18,0,1,False,random-32-32-20-random-2.scen,380
380,random-32-32-20.map,planner,1,43436,8386,419,51,27530,8386,5432,0,1,True,random-32-32-20-random-2.scen,380
380,random-32-32-20.map,planner,1,29555,8386,185,51,22973,8386,18,0,10,False,random-32-32-20-random-2.scen,380
380,random-32-32-20.map,planner,1,51912,8386,457,51,29055,8386,6284,0,10,True,random-32-32-20-random-2.scen,380
380,random-32-32-20.map,planner,1,29555,8386,185,51,22973,8386,18,0,100,False,random-32-32-20-random-2.scen,380
300,ht_chantry.map,planner,1,37905,28221,199,196,32526,28221,30,0,100,True,random-32-32-20-random-2.scen,380
380,random-32-32-20.map,planner,1,29555,8386,185,51,22973,8386,18,0,1000,False,random-32-32-20-random-2.scen,380
20,random-32-32-20.map,planner,1,448,409,56,56,424,409,0,0,0,False,random-32-32-20-random-24.scen,20
20,random-32-32-20.map,planner,1,448,409,56,56,424,409,0,0,0,True,random-32-32-20-random-24.scen,20
20,random-32-32-20.map,planner,1,448,409,56,56,424,409,0,0,1,False,random-32-32-20-random-24.scen,20
20,random-32-32-20.map,planner,1,448,409,56,56,424,409,0,0,1,True,random-32-32-20-random-24.scen,20
20,random-32-32-20.map,planner,1,448,409,56,56,424,409,0,0,10,False,random-32-32-20-random-24.scen,20
20,random-32-32-20.map,planner,1,448,409,56,56,424,409,0,0,10,True,random-32-32-20-random-24.scen,20
20,random-32-32-20.map,planner,1,448,409,56,56,424,409,0,0,100,False,random-32-32-20-random-24.scen,20
20,random-32-32-20.map,planner,1,448,409,56,56,424,409,0,0,100,True,random-32-32-20-random-24.scen,20
20,random-32-32-20.map,planner,1,448,409,56,56,424,409,0,0,1000,False,random-32-32-20-random-24.scen,20
20,random-32-32-20.map,planner,1,448,409,56,56,424,409,0,0,1000,True,random-32-32-20-random-24.scen,20
60,random-32-32-20.map,planner,1,1607,1285,58,56,1437,1285,1,0,0,False,random-32-32-20-random-24.scen,60
60,random-32-32-20.map,planner,1,1607,1285,58,56,1437,1285,1,0,0,True,random-32-32-20-random-24.scen,60
60,random-32-32-20.map,planner,1,1607,1285,58,56,1437,1285,1,0,1,False,random-32-32-20-random-24.scen,60
60,random-32-32-20.map,planner,1,1562,1285,56,56,1429,1285,1,0,1,True,random-32-32-20-random-24.scen,60
60,random-32-32-20.map,planner,1,1607,1285,58,56,1437,1285,1,0,10,False,random-32-32-20-random-24.scen,60
60,random-32-32-20.map,planner,1,1562,1285,56,56,1429,1285,1,0,10,True,random-32-32-20-random-24.scen,60
60,random-32-32-20.map,planner,1,1607,1285,58,56,1437,1285,1,0,100,False,random-32-32-20-random-24.scen,60
60,random-32-32-20.map,planner,1,1562,1285,56,56,1429,1285,1,0,100,True,random-32-32-20-random-24.scen,60
60,random-32-32-20.map,planner,1,1607,1285,58,56,1437,1285,1,0,1000,False,random-32-32-20-random-24.scen,60
60,random-32-32-20.map,planner,1,1562,1285,56,56,1429,1285,1,0,1000,True,random-32-32-20-random-24.scen,60
100,random-32-32-20.map,planner,1,2993,2053,59,56,2655,2053,1,0,0,False,random-32-32-20-random-24.scen,100
100,random-32-32-20.map,planner,1,2993,2053,59,56,2655,2053,1,0,0,True,random-32-32-20-random-24.scen,100
100,random-32-32-20.map,planner,1,2993,2053,59,56,2655,2053,1,0,1,False,random-32-32-20-random-24.scen,100
100,random-32-32-20.map,planner,1,2825,2053,56,56,2492,2053,2,0,1,True,random-32-32-20-random-24.scen,100
100,random-32-32-20.map,planner,1,2993,2053,59,56,2655,2053,1,0,10,False,random-32-32-20-random-24.scen,100
100,random-32-32-20.map,planner,1,2825,2053,56,56,2492,2053,2,0,10,True,random-32-32-20-random-24.scen,100
100,random-32-32-20.map,planner,1,2993,2053,59,56,2655,2053,1,0,100,False,random-32-32-20-random-24.scen,100
100,random-32-32-20.map,planner,1,2825,2053,56,56,2492,2053,2,0,100,True,random-32-32-20-random-24.scen,100
100,random-32-32-20.map,planner,1,2993,2053,59,56,2655,2053,1,0,1000,False,random-32-32-20-random-24.scen,100
100,random-32-32-20.map,planner,1,2825,2053,56,56,2492,2053,2,0,1000,True,random-32-32-20-random-24.scen,100
140,random-32-32-20.map,planner,1,4678,2957,56,56,4152,2957,2,0,0,False,random-32-32-20-random-24.scen,140
140,random-32-32-20.map,planner,1,4678,2957,56,56,4152,2957,2,0,0,True,random-32-32-20-random-24.scen,140
140,random-32-32-20.map,planner,1,4678,2957,56,56,4152,2957,2,0,1,False,random-32-32-20-random-24.scen,140
140,random-32-32-20.map,planner,1,4566,2957,62,56,3966,2957,11,0,1,True,random-32-32-20-random-24.scen,140
140,random-32-32-20.map,planner,1,4678,2957,56,56,4152,2957,2,0,10,False,random-32-32-20-random-24.scen,140
140,random-32-32-20.map,planner,1,4883,2957,81,56,4002,2957,37,0,10,True,random-32-32-20-random-24.scen,140
140,random-32-32-20.map,planner,1,4678,2957,56,56,4152,2957,2,0,100,False,random-32-32-20-random-24.scen,140
140,random-32-32-20.map,planner,1,4636,2957,75,56,3930,2957,29,0,100,True,random-32-32-20-random-24.scen,140
140,random-32-32-20.map,planner,1,4678,2957,56,56,4152,2957,2,0,1000,False,random-32-32-20-random-24.scen,140
140,random-32-32-20.map,planner,1,4636,2957,75,56,3930,2957,29,0,1000,True,random-32-32-20-random-24.scen,140
180,random-32-32-20.map,planner,1,6925,3874,63,56,6030,3874,3,0,0,False,random-32-32-20-random-24.scen,180
180,random-32-32-20.map,planner,1,6925,3874,63,56,6030,3874,3,0,0,True,random-32-32-20-random-24.scen,180
180,random-32-32-20.map,planner,1,6925,3874,63,56,6030,3874,3,0,1,False,random-32-32-20-random-24.scen,180
180,random-32-32-20.map,planner,1,6377,3874,68,56,5418,3874,28,0,1,True,random-32-32-20-random-24.scen,180
180,random-32-32-20.map,planner,1,6925,3874,63,56,6030,3874,3,0,10,False,random-32-32-20-random-24.scen,180
180,random-32-32-20.map,planner,1,6546,3874,73,56,5522,3874,220,0,10,True,random-32-32-20-random-24.scen,180
180,random-32-32-20.map,planner,1,6925,3874,63,56,6030,3874,3,0,100,False,random-32-32-20-random-24.scen,180
180,random-32-32-20.map,planner,1,7199,3874,100,56,5703,3874,2038,0,100,True,random-32-32-20-random-24.scen,180
180,random-32-32-20.map,planner,1,6925,3874,63,56,6030,3874,3,0,1000,False,random-32-32-20-random-24.scen,180
180,random-32-32-20.map,planner,1,6396,3874,63,56,5424,3874,18834,0,1000,True,random-32-32-20-random-24.scen,180
220,random-32-32-20.map,planner,1,9552,4770,67,56,8179,4770,4,0,0,False,random-32-32-20-random-24.scen,220
220,random-32-32-20.map,planner,1,9552,4770,67,56,8179,4770,4,0,0,True,random-32-32-20-random-24.scen,220
220,random-32-32-20.map,planner,1,9552,4770,67,56,8179,4770,4,0,1,False,random-32-32-20-random-24.scen,220
220,random-32-32-20.map,planner,1,10246,4770,117,56,8182,4770,43,0,1,True,random-32-32-20-random-24.scen,220
220,random-32-32-20.map,planner,1,9552,4770,67,56,8179,4770,4,0,10,False,random-32-32-20-random-24.scen,220
220,random-32-32-20.map,planner,1,11472,4770,151,56,8703,4770,303,0,10,True,random-32-32-20-random-24.scen,220
220,random-32-32-20.map,planner,1,9552,4770,67,56,8179,4770,4,0,100,False,random-32-32-20-random-24.scen,220
220,random-32-32-20.map,planner,1,10231,4770,120,56,7901,4770,3095,0,100,True,random-32-32-20-random-24.scen,220
220,random-32-32-20.map,planner,1,9552,4770,67,56,8179,4770,4,0,1000,False,random-32-32-20-random-24.scen,220
220,random-32-32-20.map,planner,1,9710,4770,112,56,7847,4770,24448,0,1000,True,random-32-32-20-random-24.scen,220
260,random-32-32-20.map,planner,1,11938,5590,68,56,10203,5590,5,0,0,False,random-32-32-20-random-24.scen,260
260,random-32-32-20.map,planner,1,11938,5590,68,56,10203,5590,5,0,0,True,random-32-32-20-random-24.scen,260
260,random-32-32-20.map,planner,1,11938,5590,68,56,10203,5590,5,0,1,False,random-32-32-20-random-24.scen,260
260,random-32-32-20.map,planner,1,15912,5590,187,56,11259,5590,66,0,1,True,random-32-32-20-random-24.scen,260
260,random-32-32-20.map,planner,1,11938,5590,68,56,10203,5590,5,0,10,False,random-32-32-20-random-24.scen,260
260,random-32-32-20.map,planner,1,14255,5590,157,56,11168,5590,486,0,10,True,random-32-32-20-random-24.scen,260
260,random-32-32-20.map,planner,1,11938,5590,68,56,10203,5590,5,0,100,False,random-32-32-20-random-24.scen,260
260,random-32-32-20.map,planner,1,19204,5590,232,56,11568,5590,3818,0,100,True,random-32-32-20-random-24.scen,260
260,random-32-32-20.map,planner,1,11938,5590,68,56,10203,5590,5,0,1000,False,random-32-32-20-random-24.scen,260
260,random-32-32-20.map,planner,1,14552,5590,175,56,10649,5590,32023,0,1000,True,random-32-32-20-random-24.scen,260
300,random-32-32-20.map,planner,1,16635,6450,94,56,13994,6450,7,0,0,False,random-32-32-20-random-24.scen,300
300,random-32-32-20.map,planner,1,16635,6450,94,56,13994,6450,9,0,0,True,random-32-32-20-random-24.scen,300
300,random-32-32-20.map,planner,1,16635,6450,94,56,13994,6450,7,0,1,False,random-32-32-20-random-24.scen,300
300,random-32-32-20.map,planner,1,15850,6450,127,56,13255,6450,75,0,1,True,random-32-32-20-random-24.scen,300
300,random-32-32-20.map,planner,1,16635,6450,94,56,13994,6450,7,0,10,False,random-32-32-20-random-24.scen,300
300,random-32-32-20.map,planner,1,22580,6450,235,56,15594,6450,631,0,10,True,random-32-32-20-random-24.scen,300
300,random-32-32-20.map,planner,1,16635,6450,94,56,13994,6450,7,0,100,False,random-32-32-20-random-24.scen,300
300,random-32-32-20.map,planner,1,21633,6450,239,56,15868,6450,5532,0,100,True,random-32-32-20-random-24.scen,300
300,random-32-32-20.map,planner,1,16635,6450,94,56,13994,6450,7,0,1000,False,random-32-32-20-random-24.scen,300
300,random-32-32-20.map,planner,1,19492,6450,203,56,13218,6450,42332,0,1000,True,random-32-32-20-random-24.scen,300
340,random-32-32-20.map,planner,1,21615,7395,145,56,17474,7395,373,0,0,False,random-32-32-20-random-24.scen,340
340,random-32-32-20.map,planner,1,21615,7395,145,56,17474,7395,391,0,0,True,random-32-32-20-random-24.scen,340
340,random-32-32-20.map,planner,1,21615,7395,145,56,17474,7395,388,0,1,False,random-32-32-20-random-24.scen,340
340,random-32-32-20.map,planner,1,30770,7395,288,56,20727,7395,334,0,1,True,random-32-32-20-random-24.scen,340
340,random-32-32-20.map,planner,1,21615,7395,145,56,17474,7395,369,0,10,False,random-32-32-20-random-24.scen,340
340,random-32-32-20.map,planner,1,30511,7395,297,56,20905,7395,675,0,10,True,random-32-32-20-random-24.scen,340
340,random-32-32-20.map,planner,1,21615,7395,145,56,17474,7395,385,0,100,False,random-32-32-20-random-24.scen,340
340,random-32-32-20.map,planner,1,35612,7395,336,56,23497,7395,6450,0,100,True,random-32-32-20-random-24.scen,340
340,random-32-32-20.map,planner,1,21615,7395,145,56,17474,7395,370,0,1000,False,random-32-32-20-random-24.scen,340
380,random-32-32-20.map,planner,1,25597,8192,101,56,21290,8192,10,0,0,False,random-32-32-20-random-24.scen,380
380,random-32-32-20.map,planner,1,25597,8192,101,56,21290,8192,15,0,0,True,random-32-32-20-random-24.scen,380
380,random-32-32-20.map,planner,1,25597,8192,101,56,21290,8192,10,0,1,False,random-32-32-20-random-24.scen,380
380,random-32-32-20.map,planner,1,37037,8192,304,56,26292,8192,1386,0,1,True,random-32-32-20-random-24.scen,380
380,random-32-32-20.map,planner,1,25597,8192,101,56,21290,8192,10,0,10,False,random-32-32-20-random-24.scen,380
380,random-32-32-20.map,planner,1,42850,8192,359,56,28359,8192,1062,0,10,True,random-32-32-20-random-24.scen,380
380,random-32-32-20.map,planner,1,25597,8192,101,56,21290,8192,10,0,100,False,random-32-32-20-random-24.scen,380
380,random-32-32-20.map,planner,1,25597,8192,101,56,21290,8192,10,0,100,True,random-32-32-20-random-24.scen,380
380,random-32-32-20.map,planner,1,25597,8192,101,56,21290,8192,9,0,1000,False,random-32-32-20-random-24.scen,380
20,random-32-32-20.map,planner,1,508,481,46,46,497,481,0,0,0,False,random-32-32-20-random-4.scen,20
20,random-32-32-20.map,planner,1,508,481,46,46,497,481,0,0,0,True,random-32-32-20-random-4.scen,20
20,random-32-32-20.map,planner,1,508,481,46,46,497,481,0,0,1,False,random-32-32-20-random-4.scen,20
20,random-32-32-20.map,planner,1,508,481,46,46,497,481,0,0,1,True,random-32-32-20-random-4.scen,20
20,random-32-32-20.map,planner,1,508,481,46,46,497,481,0,0,10,False,random-32-32-20-random-4.scen,20
20,random-32-32-20.map,planner,1,508,481,46,46,497,481,0,0,10,True,random-32-32-20-random-4.scen,20
20,random-32-32-20.map,planner,1,508,481,46,46,497,481,0,0,100,False,random-32-32-20-random-4.scen,20
20,random-32-32-20.map,planner,1,508,481,46,46,497,481,0,0,100,True,random-32-32-20-random-4.scen,20
20,random-32-32-20.map,planner,1,508,481,46,46,497,481,0,0,1000,False,random-32-32-20-random-4.scen,20
20,random-32-32-20.map,planner,1,508,481,46,46,497,481,0,0,1000,True,random-32-32-20-random-4.scen,20
60,random-32-32-20.map,planner,1,1729,1223,48,46,1467,1223,0,0,0,False,random-32-32-20-random-4.scen,60
60,random-32-32-20.map,planner,1,1729,1223,48,46,1467,1223,1,0,0,True,random-32-32-20-random-4.scen,60
60,random-32-32-20.map,planner,1,1729,1223,48,46,1467,1223,0,0,1,False,random-32-32-20-random-4.scen,60
60,random-32-32-20.map,planner,1,1605,1223,50,46,1386,1223,1,0,1,True,random-32-32-20-random-4.scen,60
60,random-32-32-20.map,planner,1,1729,1223,48,46,1467,1223,0,0,10,False,random-32-32-20-random-4.scen,60
60,random-32-32-20.map,planner,1,1605,1223,50,46,1386,1223,1,0,10,True,random-32-32-20-random-4.scen,60
60,random-32-32-20.map,planner,1,1729,1223,48,46,1467,1223,0,0,100,False,random-32-32-20-random-4.scen,60
60,random-32-32-20.map,planner,1,1605,1223,50,46,1386,1223,1,0,100,True,random-32-32-20-random-4.scen,60
60,random-32-32-20.map,planner,1,1729,1223,48,46,1467,1223,0,0,1000,False,random-32-32-20-random-4.scen,60
60,random-32-32-20.map,planner,1,1605,1223,50,46,1386,1223,1,0,1000,True,random-32-32-20-random-4.scen,60
100,random-32-32-20.map,planner,1,3110,2094,54,54,2673,2094,1,0,0,False,random-32-32-20-random-4.scen,100
100,random-32-32-20.map,planner,1,3110,2094,54,54,2673,2094,1,0,0,True,random-32-32-20-random-4.scen,100
100,random-32-32-20.map,planner,1,3110,2094,54,54,2673,2094,1,0,1,False,random-32-32-20-random-4.scen,100
100,random-32-32-20.map,planner,1,2950,2094,67,54,2563,2094,2,0,1,True,random-32-32-20-random-4.scen,100
100,random-32-32-20.map,planner,1,3110,2094,54,54,2673,2094,1,0,10,False,random-32-32-20-random-4.scen,100
100,random-32-32-20.map,planner,1,2950,2094,67,54,2563,2094,2,0,10,True,random-32-32-20-random-4.scen,100
100,random-32-32-20.map,planner,1,3110,2094,54,54,2673,2094,1,0,100,False,random-32-32-20-random-4.scen,100
100,random-32-32-20.map,planner,1,2950,2094,67,54,2563,2094,2,0,100,True,random-32-32-20-random-4.scen,100
100,random-32-32-20.map,planner,1,3110,2094,54,54,2673,2094,1,0,1000,False,random-32-32-20-random-4.scen,100
100,random-32-32-20.map,planner,1,2950,2094,67,54,2563,2094,2,0,1000,True,random-32-32-20-random-4.scen,100
140,random-32-32-20.map,planner,1,4922,3036,54,54,4216,3036,2,0,0,False,random-32-32-20-random-4.scen,140
140,random-32-32-20.map,planner,1,4922,3036,54,54,4216,3036,2,0,0,True,random-32-32-20-random-4.scen,140
140,random-32-32-20.map,planner,1,4922,3036,54,54,4216,3036,2,0,1,False,random-32-32-20-random-4.scen,140
140,random-32-32-20.map,planner,1,4701,3036,72,54,3923,3036,10,0,1,True,random-32-32-20-random-4.scen,140
140,random-32-32-20.map,planner,1,4922,3036,54,54,4216,3036,2,0,10,False,random-32-32-20-random-4.scen,140
140,random-32-32-20.map,planner,1,4650,3036,63,54,3932,3036,29,0,10,True,random-32-32-20-random-4.scen,140
140,random-32-32-20.map,planner,1,4922,3036,54,54,4216,3036,2,0,100,False,random-32-32-20-random-4.scen,140
140,random-32-32-20.map,planner,1,4856,3036,61,54,3978,3036,118,0,100,True,random-32-32-20-random-4.scen,140
140,random-32-32-20.map,planner,1,4922,3036,54,54,4216,3036,2,0,1000,False,random-32-32-20-random-4.scen,140
140,random-32-32-20.map,planner,1,4856,3036,61,54,3978,3036,116,0,1000,True,random-32-32-20-random-4.scen,140
180,random-32-32-20.map,planner,1,7109,3915,64,54,6210,3915,3,0,0,False,random-32-32-20-random-4.scen,180
180,random-32-32-20.map,planner,1,7109,3915,64,54,6210,3915,3,0,0,True,random-32-32-20-random-4.scen,180
180,random-32-32-20.map,planner,1,7109,3915,64,54,6210,3915,3,0,1,False,random-32-32-20-random-4.scen,180
180,random-32-32-20.map,planner,1,6467,3915,64,54,5437,3915,27,0,1,True,random-32-32-20-random-4.scen,180
180,random-32-32-20.map,planner,1,7109,3915,64,54,6210,3915,3,0,10,False,random-32-32-20-random-4.scen,180
180,random-32-32-20.map,planner,1,6855,3915,98,54,5583,3915,170,0,10,True,random-32-32-20-random-4.scen,180
180,random-32-32-20.map,planner,1,7109,3915,64,54,6210,3915,3,0,100,False,random-32-32-20-random-4.scen,180
180,random-32-32-20.map,planner,1,6707,3915,81,54,5503,3915,1764,0,100,True,random-32-32-20-random-4.scen,180
180,random-32-32-20.map,planner,1,7109,3915,64,54,6210,3915,3,0,1000,False,random-32-32-20-random-4.scen,180
180,random-32-32-20.map,planner,1,6511,3915,74,54,5428,3915,10628,0,1000,True,random-32-32-20-random-4.scen,180
220,random-32-32-20.map,planner,1,9366,4791,66,54,8096,4791,4,0,0,False,random-32-32-20-random-4.scen,220
220,random-32-32-20.map,planner,1,9366,4791,66,54,8096,4791,4,0,0,True,random-32-32-20-random-4.scen,220
220,random-32-32-20.map,planner,1,9366,4791,66,54,8096,4791,4,0,1,False,random-32-32-20-random-4.scen,220
220,random-32-32-20.map,planner,1,10048,4791,120,54,8229,4791,55,0,1,True,random-32-32-20-random-4.scen,220
220,random-32-32-20.map,planner,1,9366,4791,66,54,8096,4791,4,0,10,False,random-32-32-20-random-4.scen,220
220,random-32-32-20.map,planner,1,14277,4791,214,54,9987,4791,353,0,10,True,random-32-32-20-random-4.scen,220
220,random-32-32-20.map,planner,1,9366,4791,66,54,8096,4791,4,0,100,False,random-32-32-20-random-4.scen,220
220,random-32-32-20.map,planner,1,10016,4791,120,54,7879,4791,3225,0,100,True,random-32-32-20-random-4.scen,220
220,random-32-32-20.map,planner,1,9366,4791,66,54,8096,4791,4,0,1000,False,random-32-32-20-random-4.scen,220
220,random-32-32-20.map,planner,1,9301,4791,91,54,7792,4791,30135,0,1000,True,random-32-32-20-random-4.scen,220
260,random-32-32-20.map,planner,1,12534,5592,76,56,10747,5592,5,0,0,False,random-32-32-20-random-4.scen,260
260,random-32-32-20.map,planner,1,12534,5592,76,56,10747,5592,6,0,0,True,random-32-32-20-random-4.scen,260
260,random-32-32-20.map,planner,1,12534,5592,76,56,10747,5592,5,0,1,False,random-32-32-20-random-4.scen,260
260,random-32-32-20.map,planner,1,16055,5592,185,56,11907,5592,176,0,1,True,random-32-32-20-random-4.scen,260
260,random-32-32-20.map,planner,1,12534,5592,76,56,10747,5592,5,0,10,False,random-32-32-20-random-4.scen,260
260,random-32-32-20.map,planner,1,16004,5592,185,56,10967,5592,452,0,10,True,random-32-32-20-random-4.scen,260
260,random-32-32-20.map,planner,1,12534,5592,76,56,10747,5592,5,0,100,False,random-32-32-20-random-4.scen,260
260,random-32-32-20.map,planner,1,16074,5592,190,56,11588,5592,4406,0,100,True,random-32-32-20-random-4.scen,260
260,random-32-32-20.map,planner,1,12534,5592,76,56,10747,5592,5,0,1000,False,random-32-32-20-random-4.scen,260
260,random-32-32-20.map,planner,1,16966,5592,196,56,11652,5592,37672,0,1000,True,random-32-32-20-random-4.scen,260
300,random-32-32-20.map,planner,1,17471,6524,107,56,14720,6524,231,0,0,False,random-32-32-20-random-4.scen,300
300,random-32-32-20.map,planner,1,17471,6524,107,56,14720,6524,228,0,0,True,random-32-32-20-random-4.scen,300
300,random-32-32-20.map,planner,1,17471,6524,107,56,14720,6524,233,0,1,False,random-32-32-20-random-4.scen,300
300,random-32-32-20.map,planner,1,17471,6524,107,56,14720,6524,233,0,1,True,random-32-32-20-random-4.scen,300
300,random-32-32-20.map,planner,1,17471,6524,107,56,14720,6524,237,0,10,False,random-32-32-20-random-4.scen,300
300,random-32-32-20.map,planner,1,21955,6524,228,56,15453,6524,744,0,10,True,random-32-32-20-random-4.scen,300
300,random-32-32-20.map,planner,1,17471,6524,107,56,14720,6524,234,0,100,False,random-32-32-20-random-4.scen,300
300,random-32-32-20.map,planner,1,17471,6524,107,56,14720,6524,234,0,100,True,random-32-32-20-random-4.scen,300
300,random-32-32-20.map,planner,1,17471,6524,107,56,14720,6524,221,0,1000,False,random-32-32-20-random-4.scen,300
340,random-32-32-20.map,planner,1,19917,7383,97,56,17228,7383,8,0,0,False,random-32-32-20-random-4.scen,340
340,random-32-32-20.map,planner,1,19917,7383,97,56,17228,7383,11,0,0,True,random-32-32-20-random-4.scen,340
340,random-32-32-20.map,planner,1,19917,7383,97,56,17228,7383,8,0,1,False,random-32-32-20-random-4.scen,340
340,random-32-32-20.map,planner,1,36712,7383,342,56,23927,7383,707,0,1,True,random-32-32-20-random-4.scen,340
340,random-32-32-20.map,planner,1,19917,7383,97,56,17228,7383,8,0,10,False,random-32-32-20-random-4.scen,340
340,random-32-32-20.map,planner,1,31517,7383,280,56,21451,7383,1175,0,10,True,random-32-32-20-random-4.scen,340
340,random-32-32-20.map,planner,1,19917,7383,97,56,17228,7383,8,0,100,False,random-32-32-20-random-4.scen,340
340,random-32-32-20.map,planner,1,40108,7383,363,56,25143,7383,7428,0,100,True,random-32-32-20-random-4.scen,340
340,random-32-32-20.map,planner,1,19917,7383,97,56,17228,7383,9,0,1000,False,random-32-32-20-random-4.scen,340
380,random-32-32-20.map,planner,1,28305,8253,148,56,22304,8253,279,0,0,False,random-32-32-20-random-4.scen,380
380,random-32-32-20.map,planner,1,28305,8253,148,56,22304,8253,284,0,0,True,random-32-32-20-random-4.scen,380
380,random-32-32-20.map,planner,1,28305,8253,148,56,22304,8253,275,0,1,False,random-32-32-20-random-4.scen,380
380,random-32-32-20.map,planner,1,32508,8253,268,56,23317,8253,180,0,1,True,random-32-32-20-random-4.scen,380
380,random-32-32-20.map,planner,1,28305,8253,148,56,22304,8253,272,0,10,False,random-32-32-20-random-4.scen,380
380,random-32-32-20.map,planner,1,44205,8253,353,56,27024,8253,1367,0,10,True,random-32-32-20-random-4.scen,380
380,random-32-32-20.map,planner,1,28305,8253,148,56,22304,8253,273,0,100,False,random-32-32-20-random-4.scen,380
380,random-32-32-20.map,planner,1,44539,8253,349,56,28179,8253,8134,0,100,True,random-32-32-20-random-4.scen,380
380,random-32-32-20.map,planner,1,28305,8253,148,56,22304,8253,270,0,1000,False,random-32-32-20-random-4.scen,380
20,random-32-32-20.map,planner,1,479,405,48,48,437,405,0,0,0,False,random-32-32-20-random-1.scen,20
20,random-32-32-20.map,planner,1,479,405,48,48,437,405,0,0,0,True,random-32-32-20-random-1.scen,20
20,random-32-32-20.map,planner,1,479,405,48,48,437,405,0,0,1,False,random-32-32-20-random-1.scen,20
20,random-32-32-20.map,planner,1,479,405,48,48,437,405,0,0,1,True,random-32-32-20-random-1.scen,20
20,random-32-32-20.map,planner,1,479,405,48,48,437,405,0,0,10,False,random-32-32-20-random-1.scen,20
20,random-32-32-20.map,planner,1,479,405,48,48,437,405,0,0,10,True,random-32-32-20-random-1.scen,20
20,random-32-32-20.map,planner,1,479,405,48,48,437,405,0,0,100,False,random-32-32-20-random-1.scen,20
20,random-32-32-20.map,planner,1,479,405,48,48,437,405,0,0,100,True,random-32-32-20-random-1.scen,20
20,random-32-32-20.map,planner,1,479,405,48,48,437,405,0,0,1000,False,random-32-32-20-random-1.scen,20
20,random-32-32-20.map,planner,1,479,405,48,48,437,405,0,0,1000,True,random-32-32-20-random-1.scen,20
60,random-32-32-20.map,planner,1,1790,1370,48,48,1615,1370,1,0,0,False,random-32-32-20-random-1.scen,60
60,random-32-32-20.map,planner,1,1790,1370,48,48,1615,1370,1,0,0,True,random-32-32-20-random-1.scen,60
60,random-32-32-20.map,planner,1,1790,1370,48,48,1615,1370,1,0,1,False,random-32-32-20-random-1.scen,60
60,random-32-32-20.map,planner,1,1757,1370,51,48,1614,1370,1,0,1,True,random-32-32-20-random-1.scen,60
60,random-32-32-20.map,planner,1,1790,1370,48,48,1615,1370,1,0,10,False,random-32-32-20-random-1.scen,60
60,random-32-32-20.map,planner,1,1757,1370,51,48,1614,1370,1,0,10,True,random-32-32-20-random-1.scen,60
60,random-32-32-20.map,planner,1,1790,1370,48,48,1615,1370,1,0,100,False,random-32-32-20-random-1.scen,60
60,random-32-32-20.map,planner,1,1757,1370,51,48,1614,1370,1,0,100,True,random-32-32-20-random-1.scen,60
60,random-32-32-20.map,planner,1,1790,1370,48,48,1615,1370,1,0,1000,False,random-32-32-20-random-1.scen,60
60,random-32-32-20.map,planner,1,1757,1370,51,48,1614,1370,1,0,1000,True,random-32-32-20-random-1.scen,60
100,random-32-32-20.map,planner,1,3236,2253,51,48,2961,2253,2,0,0,False,random-32-32-20-random-1.scen,100
100,random-32-32-20.map,planner,1,3236,2253,51,48,2961,2253,2,0,0,True,random-32-32-20-random-1.scen,100
100,random-32-32-20.map,planner,1,3236,2253,51,48,2961,2253,2,0,1,False,random-32-32-20-random-1.scen,100
100,random-32-32-20.map,planner,1,3096,2253,55,48,2813,2253,3,0,1,True,random-32-32-20-random-1.scen,100
100,random-32-32-20.map,planner,1,3236,2253,51,48,2961,2253,2,0,10,False,random-32-32-20-random-1.scen,100
100,random-32-32-20.map,planner,1,3096,2253,55,48,2813,2253,3,0,10,True,random-32-32-20-random-1.scen,100
100,random-32-32-20.map,planner,1,3236,2253,51,48,2961,2253,2,0,100,False,random-32-32-20-random-1.scen,100
100,random-32-32-20.map,planner,1,3096,2253,55,48,2813,2253,3,0,100,True,random-32-32-20-random-1.scen,100
100,random-32-32-20.map,planner,1,3236,2253,51,48,2961,2253,2,0,1000,False,random-32-32-20-random-1.scen,100
100,random-32-32-20.map,planner,1,3096,2253,55,48,2813,2253,3,0,1000,True,random-32-32-20-random-1.scen,100
140,random-32-32-20.map,planner,1,5129,3254,57,48,4526,3254,2,0,0,False,random-32-32-20-random-1.scen,140
140,random-32-32-20.map,planner,1,5129,3254,57,48,4526,3254,2,0,0,True,random-32-32-20-random-1.scen,140
140,random-32-32-20.map,planner,1,5129,3254,57,48,4526,3254,2,0,1,False,random-32-32-20-random-1.scen,140
140,random-32-32-20.map,planner,1,4928,3254,74,48,4333,3254,11,0,1,True,random-32-32-20-random-1.scen,140
140,random-32-32-20.map,planner,1,5129,3254,57,48,4526,3254,2,0,10,False,random-32-32-20-random-1.scen,140
140,random-32-32-20.map,planner,1,5011,3254,76,48,4372,3254,26,0,10,True,random-32-32-20-random-1.scen,140
140,random-32-32-20.map,planner,1,5129,3254,57,48,4526,3254,2,0,100,False,random-32-32-20-random-1.scen,140
140,random-32-32-20.map,planner,1,5990,3254,118,48,4598,3254,52,0,100,True,random-32-32-20-random-1.scen,140
140,random-32-32-20.map,planner,1,5129,3254,57,48,4526,3254,2,0,1000,False,random-32-32-20-random-1.scen,140
140,random-32-32-20.map,planner,1,5990,3254,118,48,4598,3254,52,0,1000,True,random-32-32-20-random-1.scen,140
180,random-32-32-20.map,planner,1,6931,3988,66,48,6206,3988,3,0,0,False,random-32-32-20-random-1.scen,180
180,random-32-32-20.map,planner,1,6931,3988,66,48,6206,3988,3,0,0,True,random-32-32-20-random-1.scen,180
180,random-32-32-20.map,planner,1,6931,3988,66,48,6206,3988,3,0,1,False,random-32-32-20-random-1.scen,180
180,random-32-32-20.map,planner,1,8711,3988,148,48,6433,3988,34,0,1,True,random-32-32-20-random-1.scen,180
180,random-32-32-20.map,planner,1,6931,3988,66,48,6206,3988,3,0,10,False,random-32-32-20-random-1.scen,180
180,random-32-32-20.map,planner,1,8332,3988,129,48,6409,3988,205,0,10,True,random-32-32-20-random-1.scen,180
180,random-32-32-20.map,planner,1,6931,3988,66,48,6206,3988,3,0,100,False,random-32-32-20-random-1.scen,180
180,random-32-32-20.map,planner,1,8862,3988,159,48,6558,3988,1365,0,100,True,random-32-32-20-random-1.scen,180
180,random-32-32-20.map,planner,1,6931,3988,66,48,6206,3988,3,0,1000,False,random-32-32-20-random-1.scen,180
180,random-32-32-20.map,planner,1,8224,3988,119,48,6163,3988,9970,0,1000,True,random-32-32-20-random-1.scen,180
220,random-32-32-20.map,planner,1,9630,4871,101,48,8348,4871,33,0,0,False,random-32-32-20-random-1.scen,220
220,random-32-32-20.map,planner,1,9630,4871,101,48,8348,4871,35,0,0,True,random-32-32-20-random-1.scen,220
220,random-32-32-20.map,planner,1,9630,4871,101,48,8348,4871,34,0,1,False,random-32-32-20-random-1.scen,220
220,random-32-32-20.map,planner,1,9630,4871,101,48,8348,4871,34,0,1,True,random-32-32-20-random-1.scen,220
220,random-32-32-20.map,planner,1,9630,4871,101,48,8348,4871,34,0,10,False,random-32-32-20-random-1.scen,220
220,random-32-32-20.map,planner,1,9630,4871,101,48,8348,4871,34,0,10,True,random-32-32-20-random-1.scen,220
220,random-32-32-20.map,planner,1,9630,4871,101,48,8348,4871,33,0,100,False,random-32-32-20-random-1.scen,220
220,random-32-32-20.map,planner,1,9630,4871,101,48,8348,4871,33,0,100,True,random-32-32-20-random-1.scen,220
220,random-32-32-20.map,planner,1,9630,4871,101,48,8348,4871,34,0,1000,False,random-32-32-20-random-1.scen,220
420,warehouse-10-20-10-2-1.map,planner,0,0,34169,0,194,0,34169,61797,0,1000,True,random-32-32-20-random-1.scen,220
260,random-32-32-20.map,planner,1,12723,5766,113,53,10783,5766,22,0,0,False,random-32-32-20-random-1.scen,260
260,random-32-32-20.map,planner,1,12723,5766,113,53,10783,5766,23,0,0,True,random-32-32-20-random-1.scen,260
260,random-32-32-20.map,planner,1,12723,5766,113,53,10783,5766,22,0,1,False,random-32-32-20-random-1.scen,260
260,random-32-32-20.map,planner,1,17104,5766,191,53,12879,5766,70,0,1,True,random-32-32-20-random-1.scen,260
260,random-32-32-20.map,planner,1,12723,5766,113,53,10783,5766,22,0,10,False,random-32-32-20-random-1.scen,260
260,random-32-32-20.map,planner,1,12723,5766,113,53,10783,5766,22,0,10,True,random-32-32-20-random-1.scen,260
260,random-32-32-20.map,planner,1,12723,5766,113,53,10783,5766,21,0,100,False,random-32-32-20-random-1.scen,260
260,random-32-32-20.map,planner,1,12723,5766,113,53,10783,5766,21,0,100,True,random-32-32-20-random-1.scen,260
260,random-32-32-20.map,planner,1,12723,5766,113,53,10783,5766,22,0,1000,False,random-32-32-20-random-1.scen,260
460,ht_chantry.map,planner,1,65017,42422,219,201,52403,42422,55,0,1000,True,random-32-32-20-random-1.scen,260
300,random-32-32-20.map,planner,1,19052,6760,130,53,15467,6760,9,0,0,False,random-32-32-20-random-1.scen,300
300,random-32-32-20.map,planner,1,19052,6760,130,53,15467,6760,11,0,0,True,random-32-32-20-random-1.scen,300
300,random-32-32-20.map,planner,1,19052,6760,130,53,15467,6760,9,0,1,False,random-32-32-20-random-1.scen,300
300,random-32-32-20.map,planner,1,19052,6760,130,53,15467,6760,9,0,1,True,random-32-32-20-random-1.scen,300
300,random-32-32-20.map,planner,1,19052,6760,130,53,15467,6760,9,0,10,False,random-32-32-20-random-1.scen,300
300,random-32-32-20.map,planner,1,25291,6760,271,53,16778,6760,657,0,10,True,random-32-32-20-random-1.scen,300
300,random-32-32-20.map,planner,1,19052,6760,130,53,15467,6760,9,0,100,False,random-32-32-20-random-1.scen,300
300,random-32-32-20.map,planner,1,23777,6760,242,53,16511,6760,4737,0,100,True,random-32-32-20-random-1.scen,300
300,random-32-32-20.map,planner,1,19052,6760,130,53,15467,6760,9,0,1000,False,random-32-32-20-random-1.scen,300
500,ht_chantry.map,planner,1,70784,46448,209,201,58416,46448,55,0,1000,True,random-32-32-20-random-1.scen,300
340,random-32-32-20.map,planner,1,25230,7527,157,53,18934,7527,11,0,0,False,random-32-32-20-random-1.scen,340
340,random-32-32-20.map,planner,1,25230,7527,157,53,18934,7527,15,0,0,True,random-32-32-20-random-1.scen,340
340,random-32-32-20.map,planner,1,25230,7527,157,53,18934,7527,12,0,1,False,random-32-32-20-random-1.scen,340
340,random-32-32-20.map,planner,1,43813,7527,369,53,25183,7527,755,0,1,True,random-32-32-20-random-1.scen,340
340,random-32-32-20.map,planner,1,25230,7527,157,53,18934,7527,11,0,10,False,random-32-32-20-random-1.scen,340
340,random-32-32-20.map,planner,1,25230,7527,157,53,18934,7527,11,0,10,True,random-32-32-20-random-1.scen,340
340,random-32-32-20.map,planner,1,25230,7527,157,53,18934,7527,11,0,100,False,random-32-32-20-random-1.scen,340
500,ht_chantry.map,planner,1,70784,46448,209,201,58416,46448,61,0,100,True,random-32-32-20-random-1.scen,340
340,random-32-32-20.map,planner,1,25230,7527,157,53,18934,7527,10,0,1000,False,random-32-32-20-random-1.scen,340
380,random-32-32-20.map,planner,1,38342,8392,346,53,26343,8392,2367,0,0,False,random-32-32-20-random-1.scen,380
380,random-32-32-20.map,planner,1,38342,8392,346,53,26343,8392,2426,0,0,True,random-32-32-20-random-1.scen,380
380,random-32-32-20.map,planner,1,38342,8392,346,53,26343,8392,2402,0,1,False,random-32-32-20-random-1.scen,380
380,random-32-32-20.map,planner,1,60830,8392,491,53,32402,8392,937,0,1,True,random-32-32-20-random-1.scen,380
380,random-32-32-20.map,planner,1,38342,8392,346,53,26343,8392,2373,0,10,False,random-32-32-20-random-1.scen,380
380,random-32-32-20.map,planner,1,38342,8392,346,53,26343,8392,2373,0,10,True,random-32-32-20-random-1.scen,380
380,random-32-32-20.map,planner,1,38342,8392,346,53,26343,8392,2429,0,100,False,random-32-32-20-random-1.scen,380
380,random-32-32-20.map,planner,1,71826,8392,546,53,37937,8392,9758,0,100,True,random-32-32-20-random-1.scen,380
380,random-32-32-20.map,planner,1,38342,8392,346,53,26343,8392,2410,0,1000,False,random-32-32-20-random-1.scen,380
20,random-32-32-20.map,planner,1,505,481,39,39,505,481,0,0,0,False,random-32-32-20-random-6.scen,20
20,random-32-32-20.map,planner,1,505,481,39,39,505,481,0,0,0,True,random-32-32-20-random-6.scen,20
20,random-32-32-20.map,planner,1,505,481,39,39,505,481,0,0,1,False,random-32-32-20-random-6.scen,20
20,random-32-32-20.map,planner,1,505,481,39,39,505,481,0,0,1,True,random-32-32-20-random-6.scen,20
20,random-32-32-20.map,planner,1,505,481,39,39,505,481,0,0,10,False,random-32-32-20-random-6.scen,20
20,random-32-32-20.map,planner,1,505,481,39,39,505,481,0,0,10,True,random-32-32-20-random-6.scen,20
20,random-32-32-20.map,planner,1,505,481,39,39,505,481,0,0,100,False,random-32-32-20-random-6.scen,20
20,random-32-32-20.map,planner,1,505,481,39,39,505,481,0,0,100,True,random-32-32-20-random-6.scen,20
20,random-32-32-20.map,planner,1,505,481,39,39,505,481,0,0,1000,False,random-32-32-20-random-6.scen,20
20,random-32-32-20.map,planner,1,505,481,39,39,505,481,0,0,1000,True,random-32-32-20-random-6.scen,20
60,random-32-32-20.map,planner,1,1749,1394,46,46,1577,1394,1,0,0,False,random-32-32-20-random-6.scen,60
60,random-32-32-20.map,planner,1,1749,1394,46,46,1577,1394,1,0,0,True,random-32-32-20-random-6.scen,60
60,random-32-32-20.map,planner,1,1749,1394,46,46,1577,1394,1,0,1,False,random-32-32-20-random-6.scen,60
60,random-32-32-20.map,planner,1,1645,1394,47,46,1526,1394,1,0,1,True,random-32-32-20-random-6.scen,60
60,random-32-32-20.map,planner,1,1749,1394,46,46,1577,1394,1,0,10,False,random-32-32-20-random-6.scen,60
60,random-32-32-20.map,planner,1,1645,1394,47,46,1526,1394,1,0,10,True,random-32-32-20-random-6.scen,60
60,random-32-32-20.map,planner,1,1749,1394,46,46,1577,1394,1,0,100,False,random-32-32-20-random-6.scen,60
60,random-32-32-20.map,planner,1,1645,1394,47,46,1526,1394,1,0,100,True,random-32-32-20-random-6.scen,60
60,random-32-32-20.map,planner,1,1749,1394,46,46,1577,1394,1,0,1000,False,random-32-32-20-random-6.scen,60
60,random-32-32-20.map,planner,1,1645,1394,47,46,1526,1394,1,0,1000,True,random-32-32-20-random-6.scen,60
100,random-32-32-20.map,planner,1,3355,2283,62,53,2959,2283,2,0,0,False,random-32-32-20-random-6.scen,100
100,random-32-32-20.map,planner,1,3355,2283,62,53,2959,2283,2,0,0,True,random-32-32-20-random-6.scen,100
100,random-32-32-20.map,planner,1,3355,2283,62,53,2959,2283,2,0,1,False,random-32-32-20-random-6.scen,100
100,random-32-32-20.map,planner,1,3088,2283,57,53,2767,2283,2,0,1,True,random-32-32-20-random-6.scen,100
100,random-32-32-20.map,planner,1,3355,2283,62,53,2959,2283,2,0,10,False,random-32-32-20-random-6.scen,100
100,random-32-32-20.map,planner,1,3088,2283,57,53,2767,2283,2,0,10,True,random-32-32-20-random-6.scen,100
100,random-32-32-20.map,planner,1,3355,2283,62,53,2959,2283,2,0,100,False,random-32-32-20-random-6.scen,100
100,random-32-32-20.map,planner,1,3088,2283,57,53,2767,2283,2,0,100,True,random-32-32-20-random-6.scen,100
100,random-32-32-20.map,planner,1,3355,2283,62,53,2959,2283,2,0,1000,False,random-32-32-20-random-6.scen,100
100,random-32-32-20.map,planner,1,3088,2283,57,53,2767,2283,2,0,1000,True,random-32-32-20-random-6.scen,100
140,random-32-32-20.map,planner,1,4950,3116,57,53,4390,3116,2,0,0,False,random-32-32-20-random-6.scen,140
140,random-32-32-20.map,planner,1,4950,3116,57,53,4390,3116,2,0,0,True,random-32-32-20-random-6.scen,140
140,random-32-32-20.map,planner,1,4950,3116,57,53,4390,3116,2,0,1,False,random-32-32-20-random-6.scen,140
140,random-32-32-20.map,planner,1,4836,3116,75,53,4154,3116,17,0,1,True,random-32-32-20-random-6.scen,140
140,random-32-32-20.map,planner,1,4950,3116,57,53,4390,3116,2,0,10,False,random-32-32-20-random-6.scen,140
140,random-32-32-20.map,planner,1,4648,3116,62,53,4058,3116,110,0,10,True,random-32-32-20-random-6.scen,140
140,random-32-32-20.map,planner,1,4950,3116,57,53,4390,3116,2,0,100,False,random-32-32-20-random-6.scen,140
140,random-32-32-20.map,planner,1,4525,3116,66,53,4053,3116,732,0,100,True,random-32-32-20-random-6.scen,140
140,random-32-32-20.map,planner,1,4950,3116,57,53,4390,3116,2,0,1000,False,random-32-32-20-random-6.scen,140
140,random-32-32-20.map,planner,1,4631,3116,63,53,4027,3116,2574,0,1000,True,random-32-32-20-random-6.scen,140
180,random-32-32-20.map,planner,1,7237,4030,61,53,6363,4030,3,0,0,False,random-32-32-20-random-6.scen,180
180,random-32-32-20.map,planner,1,7237,4030,61,53,6363,4030,3,0,0,True,random-32-32-20-random-6.scen,180
180,random-32-32-20.map,planner,1,7237,4030,61,53,6363,4030,3,0,1,False,random-32-32-20-random-6.scen,180
180,random-32-32-20.map,planner,1,7783,4030,118,53,6375,4030,38,0,1,True,random-32-32-20-random-6.scen,180
180,random-32-32-20.map,planner,1,7237,4030,61,53,6363,4030,3,0,10,False,random-32-32-20-random-6.scen,180
180,random-32-32-20.map,planner,1,8028,4030,125,53,6543,4030,279,0,10,True,random-32-32-20-random-6.scen,180
180,random-32-32-20.map,planner,1,7237,4030,61,53,6363,4030,3,0,100,False,random-32-32-20-random-6.scen,180
180,random-32-32-20.map,planner,1,7660,4030,127,53,6194,4030,2483,0,100,True,random-32-32-20-random-6.scen,180
180,random-32-32-20.map,planner,1,7237,4030,61,53,6363,4030,3,0,1000,False,random-32-32-20-random-6.scen,180
180,random-32-32-20.map,planner,1,6639,4030,77,53,5815,4030,19527,0,1000,True,random-32-32-20-random-6.scen,180
220,random-32-32-20.map,planner,1,9623,4866,73,53,8422,4866,4,0,0,False,random-32-32-20-random-6.scen,220
220,random-32-32-20.map,planner,1,9623,4866,73,53,8422,4866,5,0,0,True,random-32-32-20-random-6.scen,220
220,random-32-32-20.map,planner,1,9623,4866,73,53,8422,4866,4,0,1,False,random-32-32-20-random-6.scen,220
220,random-32-32-20.map,planner,1,10746,4866,155,53,8576,4866,66,0,1,True,random-32-32-20-random-6.scen,220
220,random-32-32-20.map,planner,1,9623,4866,73,53,8422,4866,4,0,10,False,random-32-32-20-random-6.scen,220
220,random-32-32-20.map,planner,1,12160,4866,169,53,9171,4866,327,0,10,True,random-32-32-20-random-6.scen,220
220,random-32-32-20.map,planner,1,9623,4866,73,53,8422,4866,4,0,100,False,random-32-32-20-random-6.scen,220
220,random-32-32-20.map,planner,1,12852,4866,184,53,9066,4866,3027,0,100,True,random-32-32-20-random-6.scen,220
220,random-32-32-20.map,planner,1,9623,4866,73,53,8422,4866,4,0,1000,False,random-32-32-20-random-6.scen,220
220,random-32-32-20.map,planner,1,10765,4866,117,53,8187,4866,28241,0,1000,True,random-32-32-20-random-6.scen,220
260,random-32-32-20.map,planner,1,13759,5847,104,53,11682,5847,1154,0,0,False,random-32-32-20-random-6.scen,260
260,random-32-32-20.map,planner,1,13759,5847,104,53,11682,5847,1191,0,0,True,random-32-32-20-random-6.scen,260
260,random-32-32-20.map,planner,1,13759,5847,104,53,11682,5847,1149,0,1,False,random-32-32-20-random-6.scen,260
260,random-32-32-20.map,planner,1,19083,5847,222,53,13896,5847,84,0,1,True,random-32-32-20-random-6.scen,260
260,random-32-32-20.map,planner,1,13759,5847,104,53,11682,5847,1183,0,10,False,random-32-32-20-random-6.scen,260
260,random-32-32-20.map,planner,1,13759,5847,104,53,11682,5847,1183,0,10,True,random-32-32-20-random-6.scen,260
260,random-32-32-20.map,planner,1,13759,5847,104,53,11682,5847,1174,0,100,False,random-32-32-20-random-6.scen,260
260,random-32-32-20.map,planner,1,15746,5847,191,53,11488,5847,4637,0,100,True,random-32-32-20-random-6.scen,260
260,random-32-32-20.map,planner,1,13759,5847,104,53,11682,5847,1154,0,1000,False,random-32-32-20-random-6.scen,260
260,random-32-32-20.map,planner,1,20706,5847,273,53,13617,5847,43132,0,1000,True,random-32-32-20-random-6.scen,260
300,random-32-32-20.map,planner,1,17811,6685,95,53,14836,6685,7,0,0,False,random-32-32-20-random-6.scen,300
300,random-32-32-20.map,planner,1,17811,6685,95,53,14836,6685,10,0,0,True,random-32-32-20-random-6.scen,300
300,random-32-32-20.map,planner,1,17811,6685,95,53,14836,6685,7,0,1,False,random-32-32-20-random-6.scen,300
300,random-32-32-20.map,planner,1,17811,6685,95,53,14836,6685,7,0,1,True,random-32-32-20-random-6.scen,300
300,random-32-32-20.map,planner,1,17811,6685,95,53,14836,6685,7,0,10,False,random-32-32-20-random-6.scen,300
300,random-32-32-20.map,planner,1,17811,6685,95,53,14836,6685,7,0,10,True,random-32-32-20-random-6.scen,300
300,random-32-32-20.map,planner,1,17811,6685,95,53,14836,6685,7,0,100,False,random-32-32-20-random-6.scen,300
300,random-32-32-20.map,planner,1,26805,6685,276,53,16870,6685,5530,0,100,True,random-32-32-20-random-6.scen,300
300,random-32-32-20.map,planner,1,17811,6685,95,53,14836,6685,7,0,1000,False,random-32-32-20-random-6.scen,300
340,random-32-32-20.map,planner,1,21144,7626,99,53,17655,7626,12,0,0,False,random-32-32-20-random-6.scen,340
340,random-32-32-20.map,planner,1,21144,7626,99,53,17655,7626,15,0,0,True,random-32-32-20-random-6.scen,340
340,random-32-32-20.map,planner,1,21144,7626,99,53,17655,7626,12,0,1,False,random-32-32-20-random-6.scen,340
340,random-32-32-20.map,planner,1,21144,7626,99,53,17655,7626,12,0,1,True,random-32-32-20-random-6.scen,340
340,random-32-32-20.map,planner,1,21144,7626,99,53,17655,7626,12,0,10,False,random-32-32-20-random-6.scen,340
340,random-32-32-20.map,planner,1,21144,7626,99,53,17655,7626,12,0,10,True,random-32-32-20-random-6.scen,340
340,random-32-32-20.map,planner,1,21144,7626,99,53,17655,7626,12,0,100,False,random-32-32-20-random-6.scen,340
460,warehouse-10-20-10-2-1.map,planner,0,0,37530,0,194,0,37530,62025,0,100,True,random-32-32-20-random-6.scen,340
340,random-32-32-20.map,planner,1,21144,7626,99,53,17655,7626,12,0,1000,False,random-32-32-20-random-6.scen,340
380,random-32-32-20.map,planner,1,25947,8420,99,53,21661,8420,10,0,0,False,random-32-32-20-random-6.scen,380
380,random-32-32-20.map,planner,1,25947,8420,99,53,21661,8420,16,0,0,True,random-32-32-20-random-6.scen,380
380,random-32-32-20.map,planner,1,25947,8420,99,53,21661,8420,10,0,1,False,random-32-32-20-random-6.scen,380
380,random-32-32-20.map,planner,1,54560,8420,473,53,29136,8420,6386,0,1,True,random-32-32-20-random-6.scen,380
380,random-32-32-20.map,planner,1,25947,8420,99,53,21661,8420,10,0,10,False,random-32-32-20-random-6.scen,380
380,random-32-32-20.map,planner,1,92512,8420,729,53,41802,8420,5787,0,10,True,random-32-32-20-random-6.scen,380
380,random-32-32-20.map,planner,1,25947,8420,99,53,21661,8420,10,0,100,False,random-32-32-20-random-6.scen,380
380,random-32-32-20.map,planner,1,62256,8420,503,53,36301,8420,13581,0,100,True,random-32-32-20-random-6.scen,380
380,random-32-32-20.map,planner,1,25947,8420,99,53,21661,8420,10,0,1000,False,random-32-32-20-random-6.scen,380
20,random-32-32-20.map,planner,1,459,391,45,45,437,391,0,0,0,False,random-32-32-20-random-10.scen,20
20,random-32-32-20.map,planner,1,459,391,45,45,437,391,0,0,0,True,random-32-32-20-random-10.scen,20
20,random-32-32-20.map,planner,1,459,391,45,45,437,391,0,0,1,False,random-32-32-20-random-10.scen,20
20,random-32-32-20.map,planner,1,459,391,45,45,437,391,0,0,1,True,random-32-32-20-random-10.scen,20
20,random-32-32-20.map,planner,1,459,391,45,45,437,391,0,0,10,False,random-32-32-20-random-10.scen,20
20,random-32-32-20.map,planner,1,459,391,45,45,437,391,0,0,10,True,random-32-32-20-random-10.scen,20
20,random-32-32-20.map,planner,1,459,391,45,45,437,391,0,0,100,False,random-32-32-20-random-10.scen,20
20,random-32-32-20.map,planner,1,459,391,45,45,437,391,0,0,100,True,random-32-32-20-random-10.scen,20
20,random-32-32-20.map,planner,1,459,391,45,45,437,391,0,0,1000,False,random-32-32-20-random-10.scen,20
20,random-32-32-20.map,planner,1,459,391,45,45,437,391,0,0,1000,True,random-32-32-20-random-10.scen,20
60,random-32-32-20.map,planner,1,1597,1300,45,45,1521,1300,1,0,0,False,random-32-32-20-random-10.scen,60
60,random-32-32-20.map,planner,1,1597,1300,45,45,1521,1300,1,0,0,True,random-32-32-20-random-10.scen,60
60,random-32-32-20.map,planner,1,1597,1300,45,45,1521,1300,0,0,1,False,random-32-32-20-random-10.scen,60
60,random-32-32-20.map,planner,1,1595,1300,45,45,1479,1300,1,0,1,True,random-32-32-20-random-10.scen,60
60,random-32-32-20.map,planner,1,1597,1300,45,45,1521,1300,1,0,10,False,random-32-32-20-random-10.scen,60
60,random-32-32-20.map,planner,1,1595,1300,45,45,1479,1300,1,0,10,True,random-32-32-20-random-10.scen,60
60,random-32-32-20.map,planner,1,1597,1300,45,45,1521,1300,0,0,100,False,random-32-32-20-random-10.scen,60
60,random-32-32-20.map,planner,1,1595,1300,45,45,1479,1300,1,0,100,True,random-32-32-20-random-10.scen,60
60,random-32-32-20.map,planner,1,1597,1300,45,45,1521,1300,1,0,1000,False,random-32-32-20-random-10.scen,60
60,random-32-32-20.map,planner,1,1595,1300,45,45,1479,1300,1,0,1000,True,random-32-32-20-random-10.scen,60
100,random-32-32-20.map,planner,1,3022,2057,50,50,2697,2057,1,0,0,False,random-32-32-20-random-10.scen,100
100,random-32-32-20.map,planner,1,3022,2057,50,50,2697,2057,1,0,0,True,random-32-32-20-random-10.scen,100
100,random-32-32-20.map,planner,1,3022,2057,50,50,2697,2057,1,0,1,False,random-32-32-20-random-10.scen,100
100,random-32-32-20.map,planner,1,2865,2057,55,50,2510,2057,2,0,1,True,random-32-32-20-random-10.scen,100
100,random-32-32-20.map,planner,1,3022,2057,50,50,2697,2057,1,0,10,False,random-32-32-20-random-10.scen,100
100,random-32-32-20.map,planner,1,2865,2057,55,50,2510,2057,2,0,10,True,random-32-32-20-random-10.scen,100
100,random-32-32-20.map,planner,1,3022,2057,50,50,2697,2057,1,0,100,False,random-32-32-20-random-10.scen,100
100,random-32-32-20.map,planner,1,2865,2057,55,50,2510,2057,2,0,100,True,random-32-32-20-random-10.scen,100
100,random-32-32-20.map,planner,1,3022,2057,50,50,2697,2057,1,0,1000,False,random-32-32-20-random-10.scen,100
100,random-32-32-20.map,planner,1,2865,2057,55,50,2510,2057,2,0,1000,True,random-32-32-20-random-10.scen,100
140,random-32-32-20.map,planner,1,4462,2891,56,50,3984,2891,2,0,0,False,random-32-32-20-random-10.scen,140
140,random-32-32-20.map,planner,1,4462,2891,56,50,3984,2891,2,0,0,True,random-32-32-20-random-10.scen,140
140,random-32-32-20.map,planner,1,4462,2891,56,50,3984,2891,2,0,1,False,random-32-32-20-random-10.scen,140
140,random-32-32-20.map,planner,1,4183,2891,56,50,3679,2891,7,0,1,True,random-32-32-20-random-10.scen,140
140,random-32-32-20.map,planner,1,4462,2891,56,50,3984,2891,2,0,10,False,random-32-32-20-random-10.scen,140
140,random-32-32-20.map,planner,1,4078,2891,54,50,3631,2891,9,0,10,True,random-32-32-20-random-10.scen,140
140,random-32-32-20.map,planner,1,4462,2891,56,50,3984,2891,2,0,100,False,random-32-32-20-random-10.scen,140
140,random-32-32-20.map,planner,1,4078,2891,54,50,3631,2891,9,0,100,True,random-32-32-20-random-10.scen,140
140,random-32-32-20.map,planner,1,4462,2891,56,50,3984,2891,2,0,1000,False,random-32-32-20-random-10.scen,140
140,random-32-32-20.map,planner,1,4078,2891,54,50,3631,2891,9,0,1000,True,random-32-32-20-random-10.scen,140
180,random-32-32-20.map,planner,1,6699,3801,62,56,5870,3801,3,0,0,False,random-32-32-20-random-10.scen,180
180,random-32-32-20.map,planner,1,6699,3801,62,56,5870,3801,3,0,0,True,random-32-32-20-random-10.scen,180
180,random-32-32-20.map,planner,1,6699,3801,62,56,5870,3801,3,0,1,False,random-32-32-20-random-10.scen,180
180,random-32-32-20.map,planner,1,7009,3801,102,56,5809,3801,35,0,1,True,random-32-32-20-random-10.scen,180
180,random-32-32-20.map,planner,1,6699,3801,62,56,5870,3801,3,0,10,False,random-32-32-20-random-10.scen,180
180,random-32-32-20.map,planner,1,6794,3801,93,56,5765,3801,262,0,10,True,random-32-32-20-random-10.scen,180
180,random-32-32-20.map,planner,1,6699,3801,62,56,5870,3801,3,0,100,False,random-32-32-20-random-10.scen,180
180,random-32-32-20.map,planner,1,8933,3801,163,56,6444,3801,2113,0,100,True,random-32-32-20-random-10.scen,180
180,random-32-32-20.map,planner,1,6699,3801,62,56,5870,3801,3,0,1000,False,random-32-32-20-random-10.scen,180
180,random-32-32-20.map,planner,1,8837,3801,141,56,6092,3801,19620,0,1000,True,random-32-32-20-random-10.scen,180
220,random-32-32-20.map,planner,1,9098,4676,67,56,8031,4676,4,0,0,False,random-32-32-20-random-10.scen,220
220,random-32-32-20.map,planner,1,9098,4676,67,56,8031,4676,4,0,0,True,random-32-32-20-random-10.scen,220
220,random-32-32-20.map,planner,1,9098,4676,67,56,8031,4676,4,0,1,False,random-32-32-20-random-10.scen,220
220,random-32-32-20.map,planner,1,11693,4676,173,56,8935,4676,54,0,1,True,random-32-32-20-random-10.scen,220
220,random-32-32-20.map,planner,1,9098,4676,67,56,8031,4676,4,0,10,False,random-32-32-20-random-10.scen,220
220,random-32-32-20.map,planner,1,11400,4676,152,56,8907,4676,367,0,10,True,random-32-32-20-random-10.scen,220
220,random-32-32-20.map,planner,1,9098,4676,67,56,8031,4676,4,0,100,False,random-32-32-20-random-10.scen,220
220,random-32-32-20.map,planner,1,12222,4676,181,56,8784,4676,2484,0,100,True,random-32-32-20-random-10.scen,220
220,random-32-32-20.map,planner,1,9098,4676,67,56,8031,4676,4,0,1000,False,random-32-32-20-random-10.scen,220
220,random-32-32-20.map,planner,1,11766,4676,168,56,8801,4676,28147,0,1000,True,random-32-32-20-random-10.scen,220
260,random-32-32-20.map,planner,1,12071,5514,79,56,10380,5514,5,0,0,False,random-32-32-20-random-10.scen,260
260,random-32-32-20.map,planner,1,12071,5514,79,56,10380,5514,6,0,0,True,random-32-32-20-random-10.scen,260
260,random-32-32-20.map,planner,1,12071,5514,79,56,10380,5514,5,0,1,False,random-32-32-20-random-10.scen,260
260,random-32-32-20.map,planner,1,14226,5514,145,56,10855,5514,71,0,1,True,random-32-32-20-random-10.scen,260
260,random-32-32-20.map,planner,1,12071,5514,79,56,10380,5514,6,0,10,False,random-32-32-20-random-10.scen,260
260,random-32-32-20.map,planner,1,14804,5514,166,56,11523,5514,454,0,10,True,random-32-32-20-random-10.scen,260
260,random-32-32-20.map,planner,1,12071,5514,79,56,10380,5514,5,0,100,False,random-32-32-20-random-10.scen,260
260,random-32-32-20.map,planner,1,18614,5514,216,56,12573,5514,3904,0,100,True,random-32-32-20-random-10.scen,260
260,random-32-32-20.map,planner,1,12071,5514,79,56,10380,5514,5,0,1000,False,random-32-32-20-random-10.scen,260
260,random-32-32-20.map,planner,1,13549,5514,145,56,10417,5514,31222,0,1000,True,random-32-32-20-random-10.scen,260
300,random-32-32-20.map,planner,1,16716,6375,98,56,13765,6375,7,0,0,False,random-32-32-20-random-10.scen,300
300,random-32-32-20.map,planner,1,16716,6375,98,56,13765,6375,9,0,0,True,random-32-32-20-random-10.scen,300
540,ht_chantry.map,planner,1,76502,50206,242,203,63034,50206,1244,0,1,False,random-32-32-20-random-10.scen,300
300,random-32-32-20.map,planner,1,23483,6375,274,56,16611,6375,120,0,1,True,random-32-32-20-random-10.scen,300
300,random-32-32-20.map,planner,1,16716,6375,98,56,13765,6375,7,0,10,False,random-32-32-20-random-10.scen,300
300,random-32-32-20.map,planner,1,29059,6375,334,56,19901,6375,695,0,10,True,random-32-32-20-random-10.scen,300
300,random-32-32-20.map,planner,1,16716,6375,98,56,13765,6375,7,0,100,False,random-32-32-20-random-10.scen,300
300,random-32-32-20.map,planner,1,26910,6375,279,56,17347,6375,5146,0,100,True,random-32-32-20-random-10.scen,300
300,random-32-32-20.map,planner,1,16716,6375,98,56,13765,6375,7,0,1000,False,random-32-32-20-random-10.scen,300
300,random-32-32-20.map,planner,1,33072,6375,362,56,19719,6375,43068,0,1000,True,random-32-32-20-random-10.scen,300
340,random-32-32-20.map,planner,1,22147,7329,136,56,18182,7329,149,0,0,False,random-32-32-20-random-10.scen,340
340,random-32-32-20.map,planner,1,22147,7329,136,56,18182,7329,149,0,0,True,random-32-32-20-random-10.scen,340
340,random-32-32-20.map,planner,1,22147,7329,136,56,18182,7329,140,0,1,False,random-32-32-20-random-10.scen,340
340,random-32-32-20.map,planner,1,22147,7329,136,56,18182,7329,140,0,1,True,random-32-32-20-random-10.scen,340
340,random-32-32-20.map,planner,1,22147,7329,136,56,18182,7329,147,0,10,False,random-32-32-20-random-10.scen,340
340,random-32-32-20.map,planner,1,42203,7329,416,56,25888,7329,915,0,10,True,random-32-32-20-random-10.scen,340
340,random-32-32-20.map,planner,1,22147,7329,136,56,18182,7329,146,0,100,False,random-32-32-20-random-10.scen,340
340,random-32-32-20.map,planner,1,22147,7329,136,56,18182,7329,146,0,100,True,random-32-32-20-random-10.scen,340
340,random-32-32-20.map,planner,1,22147,7329,136,56,18182,7329,145,0,1000,False,random-32-32-20-random-10.scen,340
380,random-32-32-20.map,planner,1,26672,8148,203,56,21582,8148,1024,0,0,False,random-32-32-20-random-10.scen,380
380,random-32-32-20.map,planner,1,26672,8148,203,56,21582,8148,993,0,0,True,random-32-32-20-random-10.scen,380
380,random-32-32-20.map,planner,1,26672,8148,203,56,21582,8148,1019,0,1,False,random-32-32-20-random-10.scen,380
380,random-32-32-20.map,planner,1,26672,8148,203,56,21582,8148,1019,0,1,True,random-32-32-20-random-10.scen,380
380,random-32-32-20.map,planner,1,26672,8148,203,56,21582,8148,985,0,10,False,random-32-32-20-random-10.scen,380
380,random-32-32-20.map,planner,1,26672,8148,203,56,21582,8148,985,0,10,True,random-32-32-20-random-10.scen,380
380,random-32-32-20.map,planner,1,26672,8148,203,56,21582,8148,1000,0,100,False,random-32-32-20-random-10.scen,380
500,warehouse-10-20-10-2-1.map,planner,0,0,40287,0,194,0,40287,61800,0,100,True,random-32-32-20-random-10.scen,380
380,random-32-32-20.map,planner,1,26672,8148,203,56,21582,8148,1012,0,1000,False,random-32-32-20-random-10.scen,380
20,random-32-32-20.map,planner,1,554,515,44,44,554,515,0,0,0,False,random-32-32-20-random-19.scen,20
20,random-32-32-20.map,planner,1,554,515,44,44,554,515,0,0,0,True,random-32-32-20-random-19.scen,20
20,random-32-32-20.map,planner,1,554,515,44,44,554,515,0,0,1,False,random-32-32-20-random-19.scen,20
20,random-32-32-20.map,planner,1,554,515,44,44,554,515,0,0,1,True,random-32-32-20-random-19.scen,20
20,random-32-32-20.map,planner,1,554,515,44,44,554,515,0,0,10,False,random-32-32-20-random-19.scen,20
20,random-32-32-20.map,planner,1,554,515,44,44,554,515,0,0,10,True,random-32-32-20-random-19.scen,20
20,random-32-32-20.map,planner,1,554,515,44,44,554,515,0,0,100,False,random-32-32-20-random-19.scen,20
20,random-32-32-20.map,planner,1,554,515,44,44,554,515,0,0,100,True,random-32-32-20-random-19.scen,20
20,random-32-32-20.map,planner,1,554,515,44,44,554,515,0,0,1000,False,random-32-32-20-random-19.scen,20
20,random-32-32-20.map,planner,1,554,515,44,44,554,515,0,0,1000,True,random-32-32-20-random-19.scen,20
60,random-32-32-20.map,planner,1,1777,1404,45,44,1624,1404,1,0,0,False,random-32-32-20-random-19.scen,60
60,random-32-32-20.map,planner,1,1777,1404,45,44,1624,1404,1,0,0,True,random-32-32-20-random-19.scen,60
60,random-32-32-20.map,planner,1,1777,1404,45,44,1624,1404,1,0,1,False,random-32-32-20-random-19.scen,60
60,random-32-32-20.map,planner,1,1703,1404,52,44,1603,1404,1,0,1,True,random-32-32-20-random-19.scen,60
60,random-32-32-20.map,planner,1,1777,1404,45,44,1624,1404,1,0,10,False,random-32-32-20-random-19.scen,60
60,random-32-32-20.map,planner,1,1703,1404,52,44,1603,1404,1,0,10,True,random-32-32-20-random-19.scen,60
60,random-32-32-20.map,planner,1,1777,1404,45,44,1624,1404,1,0,100,False,random-32-32-20-random-19.scen,60
60,random-32-32-20.map,planner,1,1703,1404,52,44,1603,1404,1,0,100,True,random-32-32-20-random-19.scen,60
60,random-32-32-20.map,planner,1,1777,1404,45,44,1624,1404,1,0,1000,False,random-32-32-20-random-19.scen,60
60,random-32-32-20.map,planner,1,1703,1404,52,44,1603,1404,1,0,1000,True,random-32-32-20-random-19.scen,60
100,random-32-32-20.map,planner,1,3336,2289,61,58,2925,2289,1,0,0,False,random-32-32-20-random-19.scen,100
100,random-32-32-20.map,planner,1,3336,2289,61,58,2925,2289,1,0,0,True,random-32-32-20-random-19.scen,100
100,random-32-32-20.map,planner,1,3336,2289,61,58,2925,2289,1,0,1,False,random-32-32-20-random-19.scen,100
100,random-32-32-20.map,planner,1,3066,2289,63,58,2807,2289,2,0,1,True,random-32-32-20-random-19.scen,100
100,random-32-32-20.map,planner,1,3336,2289,61,58,2925,2289,1,0,10,False,random-32-32-20-random-19.scen,100
100,random-32-32-20.map,planner,1,3066,2289,63,58,2807,2289,2,0,10,True,random-32-32-20-random-19.scen,100
100,random-32-32-20.map,planner,1,3336,2289,61,58,2925,2289,1,0,100,False,random-32-32-20-random-19.scen,100
100,random-32-32-20.map,planner,1,3066,2289,63,58,2807,2289,3,0,100,True,random-32-32-20-random-19.scen,100
100,random-32-32-20.map,planner,1,3336,2289,61,58,2925,2289,2,0,1000,False,random-32-32-20-random-19.scen,100
100,random-32-32-20.map,planner,1,3066,2289,63,58,2807,2289,2,0,1000,True,random-32-32-20-random-19.scen,100
140,random-32-32-20.map,planner,1,5028,3163,58,58,4447,3163,2,0,0,False,random-32-32-20-random-19.scen,140
140,random-32-32-20.map,planner,1,5028,3163,58,58,4447,3163,2,0,0,True,random-32-32-20-random-19.scen,140
140,random-32-32-20.map,planner,1,5028,3163,58,58,4447,3163,2,0,1,False,random-32-32-20-random-19.scen,140
140,random-32-32-20.map,planner,1,4656,3163,67,58,4046,3163,14,0,1,True,random-32-32-20-random-19.scen,140
140,random-32-32-20.map,planner,1,5028,3163,58,58,4447,3163,2,0,10,False,random-32-32-20-random-19.scen,140
140,random-32-32-20.map,planner,1,4674,3163,72,58,4093,3163,17,0,10,True,random-32-32-20-random-19.scen,140
140,random-32-32-20.map,planner,1,5028,3163,58,58,4447,3163,2,0,100,False,random-32-32-20-random-19.scen,140
140,random-32-32-20.map,planner,1,4636,3163,59,58,3999,3163,114,0,100,True,random-32-32-20-random-19.scen,140
140,random-32-32-20.map,planner,1,5028,3163,58,58,4447,3163,2,0,1000,False,random-32-32-20-random-19.scen,140
140,random-32-32-20.map,planner,1,4636,3163,59,58,3999,3163,121,0,1000,True,random-32-32-20-random-19.scen,140
180,random-32-32-20.map,planner,1,6983,4111,61,58,6128,4111,3,0,0,False,random-32-32-20-random-19.scen,180
180,random-32-32-20.map,planner,1,6983,4111,61,58,6128,4111,3,0,0,True,random-32-32-20-random-19.scen,180
180,random-32-32-20.map,planner,1,6983,4111,61,58,6128,4111,3,0,1,False,random-32-32-20-random-19.scen,180
180,random-32-32-20.map,planner,1,7111,4111,87,58,6093,4111,41,0,1,True,random-32-32-20-random-19.scen,180
180,random-32-32-20.map,planner,1,6983,4111,61,58,6128,4111,3,0,10,False,random-32-32-20-random-19.scen,180
180,random-32-32-20.map,planner,1,7392,4111,109,58,6215,4111,217,0,10,True,random-32-32-20-random-19.scen,180
180,random-32-32-20.map,planner,1,6983,4111,61,58,6128,4111,3,0,100,False,random-32-32-20-random-19.scen,180
180,random-32-32-20.map,planner,1,6738,4111,62,58,5832,4111,1519,0,100,True,random-32-32-20-random-19.scen,180
180,random-32-32-20.map,planner,1,6983,4111,61,58,6128,4111,3,0,1000,False,random-32-32-20-random-19.scen,180
180,random-32-32-20.map,planner,1,6674,4111,76,58,5819,4111,17687,0,1000,True,random-32-32-20-random-19.scen,180
220,random-32-32-20.map,planner,1,9311,4935,73,58,8193,4935,4,0,0,False,random-32-32-20-random-19.scen,220
220,random-32-32-20.map,planner,1,9311,4935,73,58,8193,4935,5,0,0,True,random-32-32-20-random-19.scen,220
220,random-32-32-20.map,planner,1,9311,4935,73,58,8193,4935,4,0,1,False,random-32-32-20-random-19.scen,220
220,random-32-32-20.map,planner,1,9281,4935,93,58,7942,4935,43,0,1,True,random-32-32-20-random-19.scen,220
220,random-32-32-20.map,planner,1,9311,4935,73,58,8193,4935,4,0,10,False,random-32-32-20-random-19.scen,220
220,random-32-32-20.map,planner,1,8841,4935,91,58,7583,4935,290,0,10,True,random-32-32-20-random-19.scen,220
220,random-32-32-20.map,planner,1,9311,4935,73,58,8193,4935,4,0,100,False,random-32-32-20-random-19.scen,220
220,random-32-32-20.map,planner,1,9480,4935,117,58,7838,4935,2469,0,100,True,random-32-32-20-random-19.scen,220
220,random-32-32-20.map,planner,1,9311,4935,73,58,8193,4935,4,0,1000,False,random-32-32-20-random-19.scen,220
220,random-32-32-20.map,planner,1,12452,4935,188,58,8601,4935,20292,0,1000,True,random-32-32-20-random-19.scen,220
260,random-32-32-20.map,planner,1,13350,5856,110,58,11360,5856,8,0,0,False,random-32-32-20-random-19.scen,260
260,random-32-32-20.map,planner,1,13350,5856,110,58,11360,5856,9,0,0,True,random-32-32-20-random-19.scen,260
260,random-32-32-20.map,planner,1,13350,5856,110,58,11360,5856,8,0,1,False,random-32-32-20-random-19.scen,260
260,random-32-32-20.map,planner,1,17247,5856,241,58,12720,5856,88,0,1,True,random-32-32-20-random-19.scen,260
260,random-32-32-20.map,planner,1,13350,5856,110,58,11360,5856,8,0,10,False,random-32-32-20-random-19.scen,260
260,random-32-32-20.map,planner,1,14892,5856,166,58,11725,5856,491,0,10,True,random-32-32-20-random-19.scen,260
260,random-32-32-20.map,planner,1,13350,5856,110,58,11360,5856,8,0,100,False,random-32-32-20-random-19.scen,260
260,random-32-32-20.map,planner,1,14701,5856,183,58,11444,5856,4337,0,100,True,random-32-32-20-random-19.scen,260
260,random-32-32-20.map,planner,1,13350,5856,110,58,11360,5856,8,0,1000,False,random-32-32-20-random-19.scen,260
420,ht_chantry.map,planner,1,55243,38963,195,189,46764,38963,50,0,1000,True,random-32-32-20-random-19.scen,260
300,random-32-32-20.map,planner,1,16812,6743,124,58,13982,6743,1541,0,0,False,random-32-32-20-random-19.scen,300
300,random-32-32-20.map,planner,1,16812,6743,124,58,13982,6743,1546,0,0,True,random-32-32-20-random-19.scen,300
300,random-32-32-20.map,planner,1,16812,6743,124,58,13982,6743,1520,0,1,False,random-32-32-20-random-19.scen,300
300,random-32-32-20.map,planner,1,16812,6743,124,58,13982,6743,1520,0,1,True,random-32-32-20-random-19.scen,300
300,random-32-32-20.map,planner,1,16812,6743,124,58,13982,6743,1535,0,10,False,random-32-32-20-random-19.scen,300
300,random-32-32-20.map,planner,1,16812,6743,124,58,13982,6743,1535,0,10,True,random-32-32-20-random-19.scen,300
300,random-32-32-20.map,planner,1,16812,6743,124,58,13982,6743,1529,0,100,False,random-32-32-20-random-19.scen,300
300,random-32-32-20.map,planner,1,19387,6743,181,58,14653,6743,5255,0,100,True,random-32-32-20-random-19.scen,300
300,random-32-32-20.map,planner,1,16812,6743,124,58,13982,6743,1545,0,1000,False,random-32-32-20-random-19.scen,300
460,ht_chantry.map,planner,1,61654,42527,214,189,52107,42527,56,0,1000,True,random-32-32-20-random-19.scen,300
340,random-32-32-20.map,planner,1,25312,7613,159,58,19599,7613,100,0,0,False,random-32-32-20-random-19.scen,340
340,random-32-32-20.map,planner,1,25312,7613,159,58,19599,7613,106,0,0,True,random-32-32-20-random-19.scen,340
340,random-32-32-20.map,planner,1,25312,7613,159,58,19599,7613,101,0,1,False,random-32-32-20-random-19.scen,340
340,random-32-32-20.map,planner,1,30032,7613,295,58,21377,7613,686,0,1,True,random-32-32-20-random-19.scen,340
340,random-32-32-20.map,planner,1,25312,7613,159,58,19599,7613,108,0,10,False,random-32-32-20-random-19.scen,340
340,random-32-32-20.map,planner,1,40302,7613,481,58,25318,7613,7860,0,10,True,random-32-32-20-random-19.scen,340
340,random-32-32-20.map,planner,1,25312,7613,159,58,19599,7613,104,0,100,False,random-32-32-20-random-19.scen,340
340,random-32-32-20.map,planner,1,25312,7613,159,58,19599,7613,104,0,100,True,random-32-32-20-random-19.scen,340
340,random-32-32-20.map,planner,1,25312,7613,159,58,19599,7613,106,0,1000,False,random-32-32-20-random-19.scen,340
380,random-32-32-20.map,planner,1,30663,8557,188,58,23719,8557,33,0,0,False,random-32-32-20-random-19.scen,380
380,random-32-32-20.map,planner,1,30663,8557,188,58,23719,8557,39,0,0,True,random-32-32-20-random-19.scen,380
380,random-32-32-20.map,planner,1,30663,8557,188,58,23719,8557,35,0,1,False,random-32-32-20-random-19.scen,380
380,random-32-32-20.map,planner,1,43895,8557,375,58,27485,8557,855,0,1,True,random-32-32-20-random-19.scen,380
380,random-32-32-20.map,planner,1,30663,8557,188,58,23719,8557,35,0,10,False,random-32-32-20-random-19.scen,380
380,random-32-32-20.map,planner,1,30663,8557,188,58,23719,8557,35,0,10,True,random-32-32-20-random-19.scen,380
380,random-32-32-20.map,planner,1,30663,8557,188,58,23719,8557,35,0,100,False,random-32-32-20-random-19.scen,380
540,warehouse-10-20-10-2-1.map,planner,0,0,43235,0,194,0,43235,61771,0,100,True,random-32-32-20-random-19.scen,380
380,random-32-32-20.map,planner,1,30663,8557,188,58,23719,8557,35,0,1000,False,random-32-32-20-random-19.scen,380
20,random-32-32-20.map,planner,1,487,460,44,44,487,460,0,0,0,False,random-32-32-20-random-20.scen,20
20,random-32-32-20.map,planner,1,487,460,44,44,487,460,0,0,0,True,random-32-32-20-random-20.scen,20
20,random-32-32-20.map,planner,1,487,460,44,44,487,460,0,0,1,False,random-32-32-20-random-20.scen,20
20,random-32-32-20.map,planner,1,487,460,44,44,487,460,0,0,1,True,random-32-32-20-random-20.scen,20
20,random-32-32-20.map,planner,1,487,460,44,44,487,460,0,0,10,False,random-32-32-20-random-20.scen,20
20,random-32-32-20.map,planner,1,487,460,44,44,487,460,0,0,10,True,random-32-32-20-random-20.scen,20
20,random-32-32-20.map,planner,1,487,460,44,44,487,460,0,0,100,False,random-32-32-20-random-20.scen,20
20,random-32-32-20.map,planner,1,487,460,44,44,487,460,0,0,100,True,random-32-32-20-random-20.scen,20
20,random-32-32-20.map,planner,1,487,460,44,44,487,460,0,0,1000,False,random-32-32-20-random-20.scen,20
20,random-32-32-20.map,planner,1,487,460,44,44,487,460,0,0,1000,True,random-32-32-20-random-20.scen,20
60,random-32-32-20.map,planner,1,1643,1292,45,45,1513,1292,1,0,0,False,random-32-32-20-random-20.scen,60
60,random-32-32-20.map,planner,1,1643,1292,45,45,1513,1292,1,0,0,True,random-32-32-20-random-20.scen,60
60,random-32-32-20.map,planner,1,1643,1292,45,45,1513,1292,1,0,1,False,random-32-32-20-random-20.scen,60
60,random-32-32-20.map,planner,1,1655,1292,45,45,1494,1292,1,0,1,True,random-32-32-20-random-20.scen,60
60,random-32-32-20.map,planner,1,1643,1292,45,45,1513,1292,1,0,10,False,random-32-32-20-random-20.scen,60
60,random-32-32-20.map,planner,1,1655,1292,45,45,1494,1292,1,0,10,True,random-32-32-20-random-20.scen,60
60,random-32-32-20.map,planner,1,1643,1292,45,45,1513,1292,1,0,100,False,random-32-32-20-random-20.scen,60
60,random-32-32-20.map,planner,1,1655,1292,45,45,1494,1292,1,0,100,True,random-32-32-20-random-20.scen,60
60,random-32-32-20.map,planner,1,1643,1292,45,45,1513,1292,1,0,1000,False,random-32-32-20-random-20.scen,60
60,random-32-32-20.map,planner,1,1655,1292,45,45,1494,1292,1,0,1000,True,random-32-32-20-random-20.scen,60
100,random-32-32-20.map,planner,1,3186,2280,50,46,2908,2280,1,0,0,False,random-32-32-20-random-20.scen,100
100,random-32-32-20.map,planner,1,3186,2280,50,46,2908,2280,1,0,0,True,random-32-32-20-random-20.scen,100
100,random-32-32-20.map,planner,1,3186,2280,50,46,2908,2280,1,0,1,False,random-32-32-20-random-20.scen,100
100,random-32-32-20.map,planner,1,3187,2280,59,46,2812,2280,3,0,1,True,random-32-32-20-random-20.scen,100
100,random-32-32-20.map,planner,1,3186,2280,50,46,2908,2280,1,0,10,False,random-32-32-20-random-20.scen,100
100,random-32-32-20.map,planner,1,3187,2280,59,46,2812,2280,3,0,10,True,random-32-32-20-random-20.scen,100
100,random-32-32-20.map,planner,1,3186,2280,50,46,2908,2280,1,0,100,False,random-32-32-20-random-20.scen,100
100,random-32-32-20.map,planner,1,3187,2280,59,46,2812,2280,3,0,100,True,random-32-32-20-random-20.scen,100
100,random-32-32-20.map,planner,1,3186,2280,50,46,2908,2280,1,0,1000,False,random-32-32-20-random-20.scen,100
100,random-32-32-20.map,planner,1,3187,2280,59,46,2812,2280,3,0,1000,True,random-32-32-20-random-20.scen,100
140,random-32-32-20.map,planner,1,4841,3163,58,46,4366,3163,2,0,0,False,random-32-32-20-random-20.scen,140
140,random-32-32-20.map,planner,1,4841,3163,58,46,4366,3163,2,0,0,True,random-32-32-20-random-20.scen,140
140,random-32-32-20.map,planner,1,4841,3163,58,46,4366,3163,2,0,1,False,random-32-32-20-random-20.scen,140
140,random-32-32-20.map,planner,1,4516,3163,54,46,4002,3163,12,0,1,True,random-32-32-20-random-20.scen,140
140,random-32-32-20.map,planner,1,4841,3163,58,46,4366,3163,2,0,10,False,random-32-32-20-random-20.scen,140
140,random-32-32-20.map,planner,1,4468,3163,59,46,4006,3163,56,0,10,True,random-32-32-20-random-20.scen,140
140,random-32-32-20.map,planner,1,4841,3163,58,46,4366,3163,2,0,100,False,random-32-32-20-random-20.scen,140
140,random-32-32-20.map,planner,1,4979,3163,75,46,4229,3163,305,0,100,True,random-32-32-20-random-20.scen,140
140,random-32-32-20.map,planner,1,4841,3163,58,46,4366,3163,2,0,1000,False,random-32-32-20-random-20.scen,140
140,random-32-32-20.map,planner,1,4710,3163,66,46,4096,3163,3666,0,1000,True,random-32-32-20-random-20.scen,140
180,random-32-32-20.map,planner,1,7308,4047,77,46,6422,4047,5,0,0,False,random-32-32-20-random-20.scen,180
180,random-32-32-20.map,planner,1,7308,4047,77,46,6422,4047,5,0,0,True,random-32-32-20-random-20.scen,180
180,random-32-32-20.map,planner,1,7308,4047,77,46,6422,4047,5,0,1,False,random-32-32-20-random-20.scen,180
180,random-32-32-20.map,planner,1,7002,4047,88,46,5860,4047,29,0,1,True,random-32-32-20-random-20.scen,180
180,random-32-32-20.map,planner,1,7308,4047,77,46,6422,4047,5,0,10,False,random-32-32-20-random-20.scen,180
180,random-32-32-20.map,planner,1,6906,4047,71,46,5930,4047,274,0,10,True,random-32-32-20-random-20.scen,180
180,random-32-32-20.map,planner,1,7308,4047,77,46,6422,4047,5,0,100,False,random-32-32-20-random-20.scen,180
180,random-32-32-20.map,planner,1,6375,4047,59,46,5588,4047,1765,0,100,True,random-32-32-20-random-20.scen,180
180,random-32-32-20.map,planner,1,7308,4047,77,46,6422,4047,4,0,1000,False,random-32-32-20-random-20.scen,180
180,random-32-32-20.map,planner,1,7581,4047,114,46,6006,4047,14744,0,1000,True,random-32-32-20-random-20.scen,180
220,random-32-32-20.map,planner,1,9970,4895,85,46,8508,4895,5,0,0,False,random-32-32-20-random-20.scen,220
220,random-32-32-20.map,planner,1,9970,4895,85,46,8508,4895,5,0,0,True,random-32-32-20-random-20.scen,220
220,random-32-32-20.map,planner,1,9970,4895,85,46,8508,4895,5,0,1,False,random-32-32-20-random-20.scen,220
220,random-32-32-20.map,planner,1,9583,4895,92,46,8090,4895,45,0,1,True,random-32-32-20-random-20.scen,220
220,random-32-32-20.map,planner,1,9970,4895,85,46,8508,4895,5,0,10,False,random-32-32-20-random-20.scen,220
220,random-32-32-20.map,planner,1,10459,4895,113,46,8439,4895,397,0,10,True,random-32-32-20-random-20.scen,220
220,random-32-32-20.map,planner,1,9970,4895,85,46,8508,4895,5,0,100,False,random-32-32-20-random-20.scen,220
220,random-32-32-20.map,planner,1,10356,4895,134,46,8422,4895,3109,0,100,True,random-32-32-20-random-20.scen,220
220,random-32-32-20.map,planner,1,9970,4895,85,46,8508,4895,4,0,1000,False,random-32-32-20-random-20.scen,220
220,random-32-32-20.map,planner,1,9791,4895,95,46,8200,4895,31659,0,1000,True,random-32-32-20-random-20.scen,220
260,random-32-32-20.map,planner,1,12264,5794,86,49,10683,5794,6,0,0,False,random-32-32-20-random-20.scen,260
260,random-32-32-20.map,planner,1,12264,5794,86,49,10683,5794,6,0,0,True,random-32-32-20-random-20.scen,260
260,random-32-32-20.map,planner,1,12264,5794,86,49,10683,5794,6,0,1,False,random-32-32-20-random-20.scen,260
260,random-32-32-20.map,planner,1,14644,5794,151,49,11340,5794,64,0,1,True,random-32-32-20-random-20.scen,260
260,random-32-32-20.map,planner,1,12264,5794,86,49,10683,5794,6,0,10,False,random-32-32-20-random-20.scen,260
260,random-32-32-20.map,planner,1,18563,5794,213,49,12193,5794,473,0,10,True,random-32-32-20-random-20.scen,260
260,random-32-32-20.map,planner,1,12264,5794,86,49,10683,5794,6,0,100,False,random-32-32-20-random-20.scen,260
260,random-32-32-20.map,planner,1,13476,5794,128,49,10734,5794,4620,0,100,True,random-32-32-20-random-20.scen,260
260,random-32-32-20.map,planner,1,12264,5794,86,49,10683,5794,6,0,1000,False,random-32-32-20-random-20.scen,260
260,random-32-32-20.map,planner,1,16330,5794,187,49,11507,5794,42536,0,1000,True,random-32-32-20-random-20.scen,260
300,random-32-32-20.map,planner,1,19487,6832,157,50,16108,6832,166,0,0,False,random-32-32-20-random-20.scen,300
300,random-32-32-20.map,planner,1,19487,6832,157,50,16108,6832,154,0,0,True,random-32-32-20-random-20.scen,300
300,random-32-32-20.map,planner,1,19487,6832,157,50,16108,6832,156,0,1,False,random-32-32-20-random-20.scen,300
300,random-32-32-20.map,planner,1,21916,6832,224,50,16136,6832,480,0,1,True,random-32-32-20-random-20.scen,300
300,random-32-32-20.map,planner,1,19487,6832,157,50,16108,6832,161,0,10,False,random-32-32-20-random-20.scen,300
300,random-32-32-20.map,planner,1,28360,6832,325,50,19241,6832,857,0,10,True,random-32-32-20-random-20.scen,300
300,random-32-32-20.map,planner,1,19487,6832,157,50,16108,6832,158,0,100,False,random-32-32-20-random-20.scen,300
300,ht_chantry.map,planner,1,37749,28996,202,202,32711,28996,32,0,100,True,random-32-32-20-random-20.scen,300
300,random-32-32-20.map,planner,1,19487,6832,157,50,16108,6832,160,0,1000,False,random-32-32-20-random-20.scen,300
340,random-32-32-20.map,planner,1,20909,7784,145,50,17835,7784,703,0,0,False,random-32-32-20-random-20.scen,340
340,random-32-32-20.map,planner,1,20909,7784,145,50,17835,7784,702,0,0,True,random-32-32-20-random-20.scen,340
340,random-32-32-20.map,planner,1,20909,7784,145,50,17835,7784,678,0,1,False,random-32-32-20-random-20.scen,340
340,random-32-32-20.map,planner,1,20909,7784,145,50,17835,7784,678,0,1,True,random-32-32-20-random-20.scen,340
340,random-32-32-20.map,planner,1,20909,7784,145,50,17835,7784,701,0,10,False,random-32-32-20-random-20.scen,340
340,random-32-32-20.map,planner,1,20909,7784,145,50,17835,7784,701,0,10,True,random-32-32-20-random-20.scen,340
340,random-32-32-20.map,planner,1,20909,7784,145,50,17835,7784,687,0,100,False,random-32-32-20-random-20.scen,340
580,warehouse-10-20-10-2-1.map,planner,0,0,46471,0,194,0,46471,61577,0,100,True,random-32-32-20-random-20.scen,340
340,random-32-32-20.map,planner,1,20909,7784,145,50,17835,7784,699,0,1000,False,random-32-32-20-random-20.scen,340
380,random-32-32-20.map,planner,1,25954,8660,140,50,21822,8660,46,0,0,False,random-32-32-20-random-20.scen,380
380,random-32-32-20.map,planner,1,25954,8660,140,50,21822,8660,55,0,0,True,random-32-32-20-random-20.scen,380
380,random-32-32-20.map,planner,1,25954,8660,140,50,21822,8660,50,0,1,False,random-32-32-20-random-20.scen,380
380,random-32-32-20.map,planner,1,25954,8660,140,50,21822,8660,50,0,1,True,random-32-32-20-random-20.scen,380
380,random-32-32-20.map,planner,1,25954,8660,140,50,21822,8660,53,0,10,False,random-32-32-20-random-20.scen,380
380,random-32-32-20.map,planner,1,25954,8660,140,50,21822,8660,53,0,10,True,random-32-32-20-random-20.scen,380
380,random-32-32-20.map,planner,1,25954,8660,140,50,21822,8660,50,0,100,False,random-32-32-20-random-20.scen,380
380,random-32-32-20.map,planner,1,57333,8660,540,50,33000,8660,10636,0,100,True,random-32-32-20-random-20.scen,380
380,random-32-32-20.map,planner,1,25954,8660,140,50,21822,8660,51,0,1000,False,random-32-32-20-random-20.scen,380
20,random-32-32-20.map,planner,1,453,393,41,41,409,393,0,0,0,False,random-32-32-20-random-12.scen,20
20,random-32-32-20.map,planner,1,453,393,41,41,409,393,0,0,0,True,random-32-32-20-random-12.scen,20
20,random-32-32-20.map,planner,1,453,393,41,41,409,393,0,0,1,False,random-32-32-20-random-12.scen,20
20,random-32-32-20.map,planner,1,453,393,41,41,409,393,0,0,1,True,random-32-32-20-random-12.scen,20
20,random-32-32-20.map,planner,1,453,393,41,41,409,393,0,0,10,False,random-32-32-20-random-12.scen,20
20,random-32-32-20.map,planner,1,453,393,41,41,409,393,0,0,10,True,random-32-32-20-random-12.scen,20
20,random-32-32-20.map,planner,1,453,393,41,41,409,393,0,0,100,False,random-32-32-20-random-12.scen,20
20,random-32-32-20.map,planner,1,453,393,41,41,409,393,0,0,100,True,random-32-32-20-random-12.scen,20
20,random-32-32-20.map,planner,1,453,393,41,41,409,393,0,0,1000,False,random-32-32-20-random-12.scen,20
20,random-32-32-20.map,planner,1,453,393,41,41,409,393,0,0,1000,True,random-32-32-20-random-12.scen,20
60,random-32-32-20.map,planner,1,2013,1437,60,60,1745,1437,1,0,0,False,random-32-32-20-random-12.scen,60
60,random-32-32-20.map,planner,1,2013,1437,60,60,1745,1437,1,0,0,True,random-32-32-20-random-12.scen,60
60,random-32-32-20.map,planner,1,2013,1437,60,60,1745,1437,1,0,1,False,random-32-32-20-random-12.scen,60
60,random-32-32-20.map,planner,1,1842,1437,68,60,1664,1437,1,0,1,True,random-32-32-20-random-12.scen,60
60,random-32-32-20.map,planner,1,2013,1437,60,60,1745,1437,1,0,10,False,random-32-32-20-random-12.scen,60
60,random-32-32-20.map,planner,1,1842,1437,68,60,1664,1437,1,0,10,True,random-32-32-20-random-12.scen,60
60,random-32-32-20.map,planner,1,2013,1437,60,60,1745,1437,1,0,100,False,random-32-32-20-random-12.scen,60
60,random-32-32-20.map,planner,1,1842,1437,68,60,1664,1437,1,0,100,True,random-32-32-20-random-12.scen,60
60,random-32-32-20.map,planner,1,2013,1437,60,60,1745,1437,1,0,1000,False,random-32-32-20-random-12.scen,60
60,random-32-32-20.map,planner,1,1842,1437,68,60,1664,1437,1,0,1000,True,random-32-32-20-random-12.scen,60
100,random-32-32-20.map,planner,1,3338,2311,60,60,2998,2311,1,0,0,False,random-32-32-20-random-12.scen,100
100,random-32-32-20.map,planner,1,3338,2311,60,60,2998,2311,1,0,0,True,random-32-32-20-random-12.scen,100
100,random-32-32-20.map,planner,1,3338,2311,60,60,2998,2311,1,0,1,False,random-32-32-20-random-12.scen,100
100,random-32-32-20.map,planner,1,3197,2311,60,60,2812,2311,5,0,1,True,random-32-32-20-random-12.scen,100
100,random-32-32-20.map,planner,1,3338,2311,60,60,2998,2311,1,0,10,False,random-32-32-20-random-12.scen,100
100,random-32-32-20.map,planner,1,3866,2311,96,60,3128,2311,11,0,10,True,random-32-32-20-random-12.scen,100
100,random-32-32-20.map,planner,1,3338,2311,60,60,2998,2311,1,0,100,False,random-32-32-20-random-12.scen,100
100,random-32-32-20.map,planner,1,3866,2311,96,60,3128,2311,11,0,100,True,random-32-32-20-random-12.scen,100
100,random-32-32-20.map,planner,1,3338,2311,60,60,2998,2311,2,0,1000,False,random-32-32-20-random-12.scen,100
100,random-32-32-20.map,planner,1,3866,2311,96,60,3128,2311,11,0,1000,True,random-32-32-20-random-12.scen,100
140,random-32-32-20.map,planner,1,5239,3187,62,60,4510,3187,2,0,0,False,random-32-32-20-random-12.scen,140
140,random-32-32-20.map,planner,1,5239,3187,62,60,4510,3187,2,0,0,True,random-32-32-20-random-12.scen,140
140,random-32-32-20.map,planner,1,5239,3187,62,60,4510,3187,2,0,1,False,random-32-32-20-random-12.scen,140
140,random-32-32-20.map,planner,1,5566,3187,102,60,4442,3187,23,0,1,True,random-32-32-20-random-12.scen,140
140,random-32-32-20.map,planner,1,5239,3187,62,60,4510,3187,2,0,10,False,random-32-32-20-random-12.scen,140
140,random-32-32-20.map,planner,1,5261,3187,91,60,4251,3187,105,0,10,True,random-32-32-20-random-12.scen,140
140,random-32-32-20.map,planner,1,5239,3187,62,60,4510,3187,2,0,100,False,random-32-32-20-random-12.scen,140
140,random-32-32-20.map,planner,1,4906,3187,83,60,4284,3187,1076,0,100,True,random-32-32-20-random-12.scen,140
140,random-32-32-20.map,planner,1,5239,3187,62,60,4510,3187,2,0,1000,False,random-32-32-20-random-12.scen,140
140,random-32-32-20.map,planner,1,5117,3187,83,60,4252,3187,6340,0,1000,True,random-32-32-20-random-12.scen,140
180,random-32-32-20.map,planner,1,7348,4099,64,60,6354,4099,3,0,0,False,random-32-32-20-random-12.scen,180
180,random-32-32-20.map,planner,1,7348,4099,64,60,6354,4099,3,0,0,True,random-32-32-20-random-12.scen,180
180,random-32-32-20.map,planner,1,7348,4099,64,60,6354,4099,3,0,1,False,random-32-32-20-random-12.scen,180
180,random-32-32-20.map,planner,1,8218,4099,115,60,6192,4099,36,0,1,True,random-32-32-20-random-12.scen,180
180,random-32-32-20.map,planner,1,7348,4099,64,60,6354,4099,3,0,10,False,random-32-32-20-random-12.scen,180
180,random-32-32-20.map,planner,1,7857,4099,102,60,6402,4099,324,0,10,True,random-32-32-20-random-12.scen,180
180,random-32-32-20.map,planner,1,7348,4099,64,60,6354,4099,3,0,100,False,random-32-32-20-random-12.scen,180
180,random-32-32-20.map,planner,1,8108,4099,112,60,6331,4099,2787,0,100,True,random-32-32-20-random-12.scen,180
180,random-32-32-20.map,planner,1,7348,4099,64,60,6354,4099,3,0,1000,False,random-32-32-20-random-12.scen,180
180,random-32-32-20.map,planner,1,7431,4099,84,60,6234,4099,24066,0,1000,True,random-32-32-20-random-12.scen,180
220,random-32-32-20.map,planner,1,11241,5054,101,60,9342,5054,118,0,0,False,random-32-32-20-random-12.scen,220
220,random-32-32-20.map,planner,1,11241,5054,101,60,9342,5054,121,0,0,True,random-32-32-20-random-12.scen,220
220,random-32-32-20.map,planner,1,11241,5054,101,60,9342,5054,124,0,1,False,random-32-32-20-random-12.scen,220
220,random-32-32-20.map,planner,1,11100,5054,121,60,9085,5054,51,0,1,True,random-32-32-20-random-12.scen,220
220,random-32-32-20.map,planner,1,11241,5054,101,60,9342,5054,127,0,10,False,random-32-32-20-random-12.scen,220
220,random-32-32-20.map,planner,1,10507,5054,92,60,8733,5054,400,0,10,True,random-32-32-20-random-12.scen,220
220,random-32-32-20.map,planner,1,11241,5054,101,60,9342,5054,127,0,100,False,random-32-32-20-random-12.scen,220
220,random-32-32-20.map,planner,1,12488,5054,143,60,9618,5054,4232,0,100,True,random-32-32-20-random-12.scen,220
220,random-32-32-20.map,planner,1,11241,5054,101,60,9342,5054,129,0,1000,False,random-32-32-20-random-12.scen,220
220,random-32-32-20.map,planner,1,13231,5054,157,60,9458,5054,34007,0,1000,True,random-32-32-20-random-12.scen,220
260,random-32-32-20.map,planner,1,13613,5939,92,60,11708,5939,7,0,0,False,random-32-32-20-random-12.scen,260
260,random-32-32-20.map,planner,1,13613,5939,92,60,11708,5939,9,0,0,True,random-32-32-20-random-12.scen,260
260,random-32-32-20.map,planner,1,13613,5939,92,60,11708,5939,7,0,1,False,random-32-32-20-random-12.scen,260
260,random-32-32-20.map,planner,1,17382,5939,181,60,12795,5939,82,0,1,True,random-32-32-20-random-12.scen,260
260,random-32-32-20.map,planner,1,13613,5939,92,60,11708,5939,8,0,10,False,random-32-32-20-random-12.scen,260
260,random-32-32-20.map,planner,1,21523,5939,251,60,14101,5939,623,0,10,True,random-32-32-20-random-12.scen,260
260,random-32-32-20.map,planner,1,13613,5939,92,60,11708,5939,7,0,100,False,random-32-32-20-random-12.scen,260
260,random-32-32-20.map,planner,1,19298,5939,202,60,13582,5939,5199,0,100,True,random-32-32-20-random-12.scen,260
260,random-32-32-20.map,planner,1,13613,5939,92,60,11708,5939,7,0,1000,False,random-32-32-20-random-12.scen,260
300,random-32-32-20.map,planner,1,20668,6841,135,60,16436,6841,19,0,0,False,random-32-32-20-random-12.scen,300
300,random-32-32-20.map,planner,1,20668,6841,135,60,16436,6841,21,0,0,True,random-32-32-20-random-12.scen,300
300,random-32-32-20.map,planner,1,20668,6841,135,60,16436,6841,18,0,1,False,random-32-32-20-random-12.scen,300
300,random-32-32-20.map,planner,1,20668,6841,135,60,16436,6841,18,0,1,True,random-32-32-20-random-12.scen,300
300,random-32-32-20.map,planner,1,20668,6841,135,60,16436,6841,18,0,10,False,random-32-32-20-random-12.scen,300
300,random-32-32-20.map,planner,1,20668,6841,135,60,16436,6841,18,0,10,True,random-32-32-20-random-12.scen,300
300,random-32-32-20.map,planner,1,20668,6841,135,60,16436,6841,18,0,100,False,random-32-32-20-random-12.scen,300
300,random-32-32-20.map,planner,1,20668,6841,135,60,16436,6841,18,0,100,True,random-32-32-20-random-12.scen,300
300,random-32-32-20.map,planner,1,20668,6841,135,60,16436,6841,19,0,1000,False,random-32-32-20-random-12.scen,300
340,random-32-32-20.map,planner,1,23299,7757,140,60,19348,7757,290,0,0,False,random-32-32-20-random-12.scen,340
340,random-32-32-20.map,planner,1,23299,7757,140,60,19348,7757,295,0,0,True,random-32-32-20-random-12.scen,340
340,random-32-32-20.map,planner,1,23299,7757,140,60,19348,7757,291,0,1,False,random-32-32-20-random-12.scen,340
340,random-32-32-20.map,planner,1,23299,7757,140,60,19348,7757,291,0,1,True,random-32-32-20-random-12.scen,340
340,random-32-32-20.map,planner,1,23299,7757,140,60,19348,7757,296,0,10,False,random-32-32-20-random-12.scen,340
340,random-32-32-20.map,planner,1,23299,7757,140,60,19348,7757,296,0,10,True,random-32-32-20-random-12.scen,340
340,random-32-32-20.map,planner,1,23299,7757,140,60,19348,7757,292,0,100,False,random-32-32-20-random-12.scen,340
340,random-32-32-20.map,planner,1,23299,7757,140,60,19348,7757,292,0,100,True,random-32-32-20-random-12.scen,340
340,random-32-32-20.map,planner,1,23299,7757,140,60,19348,7757,290,0,1000,False,random-32-32-20-random-12.scen,340
380,random-32-32-20.map,planner,1,32624,8682,189,60,25654,8682,217,0,0,False,random-32-32-20-random-12.scen,380
380,random-32-32-20.map,planner,1,32624,8682,189,60,25654,8682,228,0,0,True,random-32-32-20-random-12.scen,380
380,random-32-32-20.map,planner,1,32624,8682,189,60,25654,8682,220,0,1,False,random-32-32-20-random-12.scen,380
380,random-32-32-20.map,planner,1,32624,8682,189,60,25654,8682,220,0,1,True,random-32-32-20-random-12.scen,380
380,random-32-32-20.map,planner,1,32624,8682,189,60,25654,8682,216,0,10,False,random-32-32-20-random-12.scen,380
380,random-32-32-20.map,planner,1,32624,8682,189,60,25654,8682,216,0,10,True,random-32-32-20-random-12.scen,380
380,random-32-32-20.map,planner,1,32624,8682,189,60,25654,8682,225,0,100,False,random-32-32-20-random-12.scen,380
380,random-32-32-20.map,planner,1,44036,8682,330,60,28691,8682,9673,0,100,True,random-32-32-20-random-12.scen,380
380,random-32-32-20.map,planner,1,32624,8682,189,60,25654,8682,224,0,1000,False,random-32-32-20-random-12.scen,380
20,random-32-32-20.map,planner,1,601,525,45,44,560,525,0,0,0,False,random-32-32-20-random-25.scen,20
20,random-32-32-20.map,planner,1,601,525,45,44,560,525,0,0,0,True,random-32-32-20-random-25.scen,20
20,random-32-32-20.map,planner,1,601,525,45,44,560,525,0,0,1,False,random-32-32-20-random-25.scen,20
20,random-32-32-20.map,planner,1,601,525,45,44,560,525,0,0,1,True,random-32-32-20-random-25.scen,20
20,random-32-32-20.map,planner,1,601,525,45,44,560,525,0,0,10,False,random-32-32-20-random-25.scen,20
20,random-32-32-20.map,planner,1,601,525,45,44,560,525,0,0,10,True,random-32-32-20-random-25.scen,20
20,random-32-32-20.map,planner,1,601,525,45,44,560,525,0,0,100,False,random-32-32-20-random-25.scen,20
20,random-32-32-20.map,planner,1,601,525,45,44,560,525,0,0,100,True,random-32-32-20-random-25.scen,20
20,random-32-32-20.map,planner,1,601,525,45,44,560,525,0,0,1000,False,random-32-32-20-random-25.scen,20
20,random-32-32-20.map,planner,1,601,525,45,44,560,525,0,0,1000,True,random-32-32-20-random-25.scen,20
60,random-32-32-20.map,planner,1,1741,1381,53,49,1620,1381,1,0,0,False,random-32-32-20-random-25.scen,60
60,random-32-32-20.map,planner,1,1741,1381,53,49,1620,1381,1,0,0,True,random-32-32-20-random-25.scen,60
60,random-32-32-20.map,planner,1,1741,1381,53,49,1620,1381,1,0,1,False,random-32-32-20-random-25.scen,60
60,random-32-32-20.map,planner,1,1642,1381,49,49,1548,1381,1,0,1,True,random-32-32-20-random-25.scen,60
60,random-32-32-20.map,planner,1,1741,1381,53,49,1620,1381,1,0,10,False,random-32-32-20-random-25.scen,60
60,random-32-32-20.map,planner,1,1642,1381,49,49,1548,1381,1,0,10,True,random-32-32-20-random-25.scen,60
60,random-32-32-20.map,planner,1,1741,1381,53,49,1620,1381,1,0,100,False,random-32-32-20-random-25.scen,60
60,random-32-32-20.map,planner,1,1642,1381,49,49,1548,1381,1,0,100,True,random-32-32-20-random-25.scen,60
60,random-32-32-20.map,planner,1,1741,1381,53,49,1620,1381,1,0,1000,False,random-32-32-20-random-25.scen,60
60,random-32-32-20.map,planner,1,1642,1381,49,49,1548,1381,1,0,1000,True,random-32-32-20-random-25.scen,60
100,random-32-32-20.map,planner,1,3313,2259,68,49,3016,2259,1,0,0,False,random-32-32-20-random-25.scen,100
100,random-32-32-20.map,planner,1,3313,2259,68,49,3016,2259,2,0,0,True,random-32-32-20-random-25.scen,100
100,random-32-32-20.map,planner,1,3313,2259,68,49,3016,2259,1,0,1,False,random-32-32-20-random-25.scen,100
100,random-32-32-20.map,planner,1,2999,2259,54,49,2720,2259,2,0,1,True,random-32-32-20-random-25.scen,100
100,random-32-32-20.map,planner,1,3313,2259,68,49,3016,2259,2,0,10,False,random-32-32-20-random-25.scen,100
100,random-32-32-20.map,planner,1,2999,2259,54,49,2720,2259,2,0,10,True,random-32-32-20-random-25.scen,100
100,random-32-32-20.map,planner,1,3313,2259,68,49,3016,2259,2,0,100,False,random-32-32-20-random-25.scen,100
100,random-32-32-20.map,planner,1,2999,2259,54,49,2720,2259,2,0,100,True,random-32-32-20-random-25.scen,100
100,random-32-32-20.map,planner,1,3313,2259,68,49,3016,2259,1,0,1000,False,random-32-32-20-random-25.scen,100
100,random-32-32-20.map,planner,1,2999,2259,54,49,2720,2259,2,0,1000,True,random-32-32-20-random-25.scen,100
140,random-32-32-20.map,planner,1,4871,3174,57,49,4389,3174,2,0,0,False,random-32-32-20-random-25.scen,140
140,random-32-32-20.map,planner,1,4871,3174,57,49,4389,3174,2,0,0,True,random-32-32-20-random-25.scen,140
140,random-32-32-20.map,planner,1,4871,3174,57,49,4389,3174,2,0,1,False,random-32-32-20-random-25.scen,140
140,random-32-32-20.map,planner,1,4973,3174,78,49,4259,3174,14,0,1,True,random-32-32-20-random-25.scen,140
140,random-32-32-20.map,planner,1,4871,3174,57,49,4389,3174,2,0,10,False,random-32-32-20-random-25.scen,140
140,random-32-32-20.map,planner,1,4935,3174,80,49,4156,3174,44,0,10,True,random-32-32-20-random-25.scen,140
140,random-32-32-20.map,planner,1,4871,3174,57,49,4389,3174,2,0,100,False,random-32-32-20-random-25.scen,140
140,random-32-32-20.map,planner,1,4682,3174,70,49,4163,3174,454,0,100,True,random-32-32-20-random-25.scen,140
140,random-32-32-20.map,planner,1,4871,3174,57,49,4389,3174,2,0,1000,False,random-32-32-20-random-25.scen,140
140,random-32-32-20.map,planner,1,4867,3174,79,49,4232,3174,1638,0,1000,True,random-32-32-20-random-25.scen,140
180,random-32-32-20.map,planner,1,7557,4104,76,49,6543,4104,4,0,0,False,random-32-32-20-random-25.scen,180
180,random-32-32-20.map,planner,1,7557,4104,76,49,6543,4104,4,0,0,True,random-32-32-20-random-25.scen,180
180,random-32-32-20.map,planner,1,7557,4104,76,49,6543,4104,4,0,1,False,random-32-32-20-random-25.scen,180
180,random-32-32-20.map,planner,1,7625,4104,125,49,6386,4104,40,0,1,True,random-32-32-20-random-25.scen,180
180,random-32-32-20.map,planner,1,7557,4104,76,49,6543,4104,4,0,10,False,random-32-32-20-random-25.scen,180
180,random-32-32-20.map,planner,1,7088,4104,108,49,5923,4104,223,0,10,True,random-32-32-20-random-25.scen,180
180,random-32-32-20.map,planner,1,7557,4104,76,49,6543,4104,4,0,100,False,random-32-32-20-random-25.scen,180
180,random-32-32-20.map,planner,1,6902,4104,85,49,5797,4104,1710,0,100,True,random-32-32-20-random-25.scen,180
180,random-32-32-20.map,planner,1,7557,4104,76,49,6543,4104,4,0,1000,False,random-32-32-20-random-25.scen,180
180,random-32-32-20.map,planner,1,7299,4104,108,49,6023,4104,14059,0,1000,True,random-32-32-20-random-25.scen,180
220,random-32-32-20.map,planner,1,10993,4957,103,49,9088,4957,6,0,0,False,random-32-32-20-random-25.scen,220
220,random-32-32-20.map,planner,1,10993,4957,103,49,9088,4957,7,0,0,True,random-32-32-20-random-25.scen,220
220,random-32-32-20.map,planner,1,10993,4957,103,49,9088,4957,6,0,1,False,random-32-32-20-random-25.scen,220
220,random-32-32-20.map,planner,1,10567,4957,120,49,8586,4957,58,0,1,True,random-32-32-20-random-25.scen,220
220,random-32-32-20.map,planner,1,10993,4957,103,49,9088,4957,6,0,10,False,random-32-32-20-random-25.scen,220
220,random-32-32-20.map,planner,1,12103,4957,167,49,9252,4957,442,0,10,True,random-32-32-20-random-25.scen,220
220,random-32-32-20.map,planner,1,10993,4957,103,49,9088,4957,6,0,100,False,random-32-32-20-random-25.scen,220
220,random-32-32-20.map,planner,1,11188,4957,149,49,8797,4957,3270,0,100,True,random-32-32-20-random-25.scen,220
220,random-32-32-20.map,planner,1,10993,4957,103,49,9088,4957,6,0,1000,False,random-32-32-20-random-25.scen,220
220,random-32-32-20.map,planner,1,9786,4957,95,49,7987,4957,30860,0,1000,True,random-32-32-20-random-25.scen,220
260,random-32-32-20.map,planner,1,13333,5754,84,49,11313,5754,6,0,0,False,random-32-32-20-random-25.scen,260
260,random-32-32-20.map,planner,1,13333,5754,84,49,11313,5754,7,0,0,True,random-32-32-20-random-25.scen,260
260,random-32-32-20.map,planner,1,13333,5754,84,49,11313,5754,6,0,1,False,random-32-32-20-random-25.scen,260
260,random-32-32-20.map,planner,1,16761,5754,200,49,12068,5754,86,0,1,True,random-32-32-20-random-25.scen,260
260,random-32-32-20.map,planner,1,13333,5754,84,49,11313,5754,6,0,10,False,random-32-32-20-random-25.scen,260
260,random-32-32-20.map,planner,1,12581,5754,127,49,10232,5754,426,0,10,True,random-32-32-20-random-25.scen,260
260,random-32-32-20.map,planner,1,13333,5754,84,49,11313,5754,6,0,100,False,random-32-32-20-random-25.scen,260
260,random-32-32-20.map,planner,1,16058,5754,180,49,12206,5754,4141,0,100,True,random-32-32-20-random-25.scen,260
260,random-32-32-20.map,planner,1,13333,5754,84,49,11313,5754,6,0,1000,False,random-32-32-20-random-25.scen,260
260,random-32-32-20.map,planner,1,21597,5754,276,49,14041,5754,43872,0,1000,True,random-32-32-20-random-25.scen,260
300,random-32-32-20.map,planner,1,16892,6688,100,52,14150,6688,10,0,0,False,random-32-32-20-random-25.scen,300
300,random-32-32-20.map,planner,1,16892,6688,100,52,14150,6688,12,0,0,True,random-32-32-20-random-25.scen,300
300,random-32-32-20.map,planner,1,16892,6688,100,52,14150,6688,10,0,1,False,random-32-32-20-random-25.scen,300
300,random-32-32-20.map,planner,1,16892,6688,100,52,14150,6688,10,0,1,True,random-32-32-20-random-25.scen,300
300,random-32-32-20.map,planner,1,16892,6688,100,52,14150,6688,9,0,10,False,random-32-32-20-random-25.scen,300
300,random-32-32-20.map,planner,1,16892,6688,100,52,14150,6688,9,0,10,True,random-32-32-20-random-25.scen,300
300,random-32-32-20.map,planner,1,16892,6688,100,52,14150,6688,10,0,100,False,random-32-32-20-random-25.scen,300
300,random-32-32-20.map,planner,1,16892,6688,100,52,14150,6688,10,0,100,True,random-32-32-20-random-25.scen,300
300,random-32-32-20.map,planner,1,16892,6688,100,52,14150,6688,9,0,1000,False,random-32-32-20-random-25.scen,300
220,warehouse-10-20-10-2-1.map,planner,0,0,17236,0,185,0,17236,65168,0,1000,True,random-32-32-20-random-25.scen,300
340,random-32-32-20.map,planner,1,22982,7498,139,52,18476,7498,604,0,0,False,random-32-32-20-random-25.scen,340
340,random-32-32-20.map,planner,1,22982,7498,139,52,18476,7498,580,0,0,True,random-32-32-20-random-25.scen,340
340,random-32-32-20.map,planner,1,22982,7498,139,52,18476,7498,605,0,1,False,random-32-32-20-random-25.scen,340
340,random-32-32-20.map,planner,1,31956,7498,294,52,21383,7498,218,0,1,True,random-32-32-20-random-25.scen,340
340,random-32-32-20.map,planner,1,22982,7498,139,52,18476,7498,564,0,10,False,random-32-32-20-random-25.scen,340
340,random-32-32-20.map,planner,1,30836,7498,250,52,21796,7498,994,0,10,True,random-32-32-20-random-25.scen,340
340,random-32-32-20.map,planner,1,22982,7498,139,52,18476,7498,571,0,100,False,random-32-32-20-random-25.scen,340
340,random-32-32-20.map,planner,1,37319,7498,336,52,24778,7498,8522,0,100,True,random-32-32-20-random-25.scen,340
340,random-32-32-20.map,planner,1,22982,7498,139,52,18476,7498,583,0,1000,False,random-32-32-20-random-25.scen,340
380,random-32-32-20.map,planner,1,28402,8417,162,52,23297,8417,1963,0,0,False,random-32-32-20-random-25.scen,380
380,random-32-32-20.map,planner,1,28402,8417,162,52,23297,8417,1991,0,0,True,random-32-32-20-random-25.scen,380
380,random-32-32-20.map,planner,1,28402,8417,162,52,23297,8417,1981,0,1,False,random-32-32-20-random-25.scen,380
380,random-32-32-20.map,planner,1,53041,8417,499,52,28338,8417,6261,0,1,True,random-32-32-20-random-25.scen,380
380,random-32-32-20.map,planner,1,28402,8417,162,52,23297,8417,1983,0,10,False,random-32-32-20-random-25.scen,380
380,random-32-32-20.map,planner,1,28402,8417,162,52,23297,8417,1983,0,10,True,random-32-32-20-random-25.scen,380
380,random-32-32-20.map,planner,1,28402,8417,162,52,23297,8417,1984,0,100,False,random-32-32-20-random-25.scen,380
540,ht_chantry.map,planner,1,81562,53285,230,202,69061,53285,71,0,100,True,random-32-32-20-random-25.scen,380
380,random-32-32-20.map,planner,1,28402,8417,162,52,23297,8417,2024,0,1000,False,random-32-32-20-random-25.scen,380
20,random-32-32-20.map,planner,1,534,491,47,47,522,491,0,0,0,False,random-32-32-20-random-22.scen,20
20,random-32-32-20.map,planner,1,534,491,47,47,522,491,0,0,0,True,random-32-32-20-random-22.scen,20
20,random-32-32-20.map,planner,1,534,491,47,47,522,491,0,0,1,False,random-32-32-20-random-22.scen,20
20,random-32-32-20.map,planner,1,534,491,47,47,522,491,0,0,1,True,random-32-32-20-random-22.scen,20
20,random-32-32-20.map,planner,1,534,491,47,47,522,491,0,0,10,False,random-32-32-20-random-22.scen,20
20,random-32-32-20.map,planner,1,534,491,47,47,522,491,0,0,10,True,random-32-32-20-random-22.scen,20
20,random-32-32-20.map,planner,1,534,491,47,47,522,491,0,0,100,False,random-32-32-20-random-22.scen,20
20,random-32-32-20.map,planner,1,534,491,47,47,522,491,0,0,100,True,random-32-32-20-random-22.scen,20
20,random-32-32-20.map,planner,1,534,491,47,47,522,491,0,0,1000,False,random-32-32-20-random-22.scen,20
20,random-32-32-20.map,planner,1,534,491,47,47,522,491,0,0,1000,True,random-32-32-20-random-22.scen,20
60,random-32-32-20.map,planner,1,1642,1301,47,47,1495,1301,1,0,0,False,random-32-32-20-random-22.scen,60
60,random-32-32-20.map,planner,1,1642,1301,47,47,1495,1301,1,0,0,True,random-32-32-20-random-22.scen,60
60,random-32-32-20.map,planner,1,1642,1301,47,47,1495,1301,1,0,1,False,random-32-32-20-random-22.scen,60
60,random-32-32-20.map,planner,1,1637,1301,48,47,1474,1301,1,0,1,True,random-32-32-20-random-22.scen,60
60,random-32-32-20.map,planner,1,1642,1301,47,47,1495,1301,1,0,10,False,random-32-32-20-random-22.scen,60
60,random-32-32-20.map,planner,1,1637,1301,48,47,1474,1301,1,0,10,True,random-32-32-20-random-22.scen,60
60,random-32-32-20.map,planner,1,1642,1301,47,47,1495,1301,1,0,100,False,random-32-32-20-random-22.scen,60
60,random-32-32-20.map,planner,1,1637,1301,48,47,1474,1301,1,0,100,True,random-32-32-20-random-22.scen,60
60,random-32-32-20.map,planner,1,1642,1301,47,47,1495,1301,0,0,1000,False,random-32-32-20-random-22.scen,60
60,random-32-32-20.map,planner,1,1637,1301,48,47,1474,1301,1,0,1000,True,random-32-32-20-random-22.scen,60
100,random-32-32-20.map,planner,1,3256,2193,49,48,2854,2193,1,0,0,False,random-32-32-20-random-22.scen,100
100,random-32-32-20.map,planner,1,3256,2193,49,48,2854,2193,1,0,0,True,random-32-32-20-random-22.scen,100
100,random-32-32-20.map,planner,1,3256,2193,49,48,2854,2193,1,0,1,False,random-32-32-20-random-22.scen,100
100,random-32-32-20.map,planner,1,3099,2193,54,48,2747,2193,6,0,1,True,random-32-32-20-random-22.scen,100
100,random-32-32-20.map,planner,1,3256,2193,49,48,2854,2193,1,0,10,False,random-32-32-20-random-22.scen,100
100,random-32-32-20.map,planner,1,3319,2193,70,48,2888,2193,13,0,10,True,random-32-32-20-random-22.scen,100
100,random-32-32-20.map,planner,1,3256,2193,49,48,2854,2193,1,0,100,False,random-32-32-20-random-22.scen,100
100,random-32-32-20.map,planner,1,3319,2193,70,48,2888,2193,13,0,100,True,random-32-32-20-random-22.scen,100
100,random-32-32-20.map,planner,1,3256,2193,49,48,2854,2193,1,0,1000,False,random-32-32-20-random-22.scen,100
100,random-32-32-20.map,planner,1,3319,2193,70,48,2888,2193,13,0,1000,True,random-32-32-20-random-22.scen,100
140,random-32-32-20.map,planner,1,5386,3106,74,48,4753,3106,3,0,0,False,random-32-32-20-random-22.scen,140
140,random-32-32-20.map,planner,1,5386,3106,74,48,4753,3106,3,0,0,True,random-32-32-20-random-22.scen,140
140,random-32-32-20.map,planner,1,5386,3106,74,48,4753,3106,3,0,1,False,random-32-32-20-random-22.scen,140
140,random-32-32-20.map,planner,1,5367,3106,115,48,4368,3106,62,0,1,True,random-32-32-20-random-22.scen,140
140,random-32-32-20.map,planner,1,5386,3106,74,48,4753,3106,3,0,10,False,random-32-32-20-random-22.scen,140
140,random-32-32-20.map,planner,1,4729,3106,60,48,4105,3106,146,0,10,True,random-32-32-20-random-22.scen,140
140,random-32-32-20.map,planner,1,5386,3106,74,48,4753,3106,3,0,100,False,random-32-32-20-random-22.scen,140
140,random-32-32-20.map,planner,1,4867,3106,80,48,4139,3106,705,0,100,True,random-32-32-20-random-22.scen,140
140,random-32-32-20.map,planner,1,5386,3106,74,48,4753,3106,2,0,1000,False,random-32-32-20-random-22.scen,140
140,random-32-32-20.map,planner,1,5106,3106,94,48,4255,3106,3716,0,1000,True,random-32-32-20-random-22.scen,140
180,random-32-32-20.map,planner,1,7226,4095,66,48,6327,4095,5,0,0,False,random-32-32-20-random-22.scen,180
180,random-32-32-20.map,planner,1,7226,4095,66,48,6327,4095,6,0,0,True,random-32-32-20-random-22.scen,180
180,random-32-32-20.map,planner,1,7226,4095,66,48,6327,4095,5,0,1,False,random-32-32-20-random-22.scen,180
180,random-32-32-20.map,planner,1,7115,4095,106,48,6089,4095,78,0,1,True,random-32-32-20-random-22.scen,180
180,random-32-32-20.map,planner,1,7226,4095,66,48,6327,4095,5,0,10,False,random-32-32-20-random-22.scen,180
180,random-32-32-20.map,planner,1,8025,4095,145,48,6527,4095,259,0,10,True,random-32-32-20-random-22.scen,180
180,random-32-32-20.map,planner,1,7226,4095,66,48,6327,4095,5,0,100,False,random-32-32-20-random-22.scen,180
180,random-32-32-20.map,planner,1,7135,4095,100,48,6130,4095,2067,0,100,True,random-32-32-20-random-22.scen,180
180,random-32-32-20.map,planner,1,7226,4095,66,48,6327,4095,5,0,1000,False,random-32-32-20-random-22.scen,180
180,random-32-32-20.map,planner,1,8927,4095,147,48,6883,4095,22074,0,1000,True,random-32-32-20-random-22.scen,180
220,random-32-32-20.map,planner,1,10336,4978,100,48,8920,4978,103,0,0,False,random-32-32-20-random-22.scen,220
220,random-32-32-20.map,planner,1,10336,4978,100,48,8920,4978,107,0,0,True,random-32-32-20-random-22.scen,220
220,random-32-32-20.map,planner,1,10336,4978,100,48,8920,4978,103,0,1,False,random-32-32-20-random-22.scen,220
220,random-32-32-20.map,planner,1,13724,4978,180,48,10181,4978,75,0,1,True,random-32-32-20-random-22.scen,220
220,random-32-32-20.map,planner,1,10336,4978,100,48,8920,4978,106,0,10,False,random-32-32-20-random-22.scen,220
220,random-32-32-20.map,planner,1,13584,4978,211,48,9800,4978,482,0,10,True,random-32-32-20-random-22.scen,220
220,random-32-32-20.map,planner,1,10336,4978,100,48,8920,4978,99,0,100,False,random-32-32-20-random-22.scen,220
220,random-32-32-20.map,planner,1,11810,4978,167,48,9410,4978,3775,0,100,True,random-32-32-20-random-22.scen,220
220,random-32-32-20.map,planner,1,10336,4978,100,48,8920,4978,98,0,1000,False,random-32-32-20-random-22.scen,220
140,ht_chantry.map,planner,1,14453,12788,187,187,13415,12788,14,0,1000,True,random-32-32-20-random-22.scen,220
260,random-32-32-20.map,planner,1,13305,5837,90,49,11540,5837,11,0,0,False,random-32-32-20-random-22.scen,260
260,random-32-32-20.map,planner,1,13305,5837,90,49,11540,5837,13,0,0,True,random-32-32-20-random-22.scen,260
260,random-32-32-20.map,planner,1,13305,5837,90,49,11540,5837,12,0,1,False,random-32-32-20-random-22.scen,260
260,random-32-32-20.map,planner,1,23249,5837,269,49,15123,5837,148,0,1,True,random-32-32-20-random-22.scen,260
260,random-32-32-20.map,planner,1,13305,5837,90,49,11540,5837,11,0,10,False,random-32-32-20-random-22.scen,260
260,random-32-32-20.map,planner,1,16396,5837,187,49,12139,5837,509,0,10,True,random-32-32-20-random-22.scen,260
260,random-32-32-20.map,planner,1,13305,5837,90,49,11540,5837,15,0,0,False,random-32-32-20-random-22.scen,260
260,random-32-32-20.map,planner,1,13305,5837,90,49,11540,5837,17,0,0,True,random-32-32-20-random-22.scen,260
260,random-32-32-20.map,planner,1,13305,5837,90,49,11540,5837,15,0,1,False,random-32-32-20-random-22.scen,260
260,random-32-32-20.map,planner,1,19129,5837,214,49,13406,5837,121,0,1,True,random-32-32-20-random-22.scen,260
260,random-32-32-20.map,planner,1,13305,5837,90,49,11540,5837,15,0,10,False,random-32-32-20-random-22.scen,260
260,random-32-32-20.map,planner,1,16589,5837,200,49,12722,5837,591,0,10,True,random-32-32-20-random-22.scen,260
260,random-32-32-20.map,planner,1,13305,5837,90,49,11540,5837,15,0,100,False,random-32-32-20-random-22.scen,260
260,random-32-32-20.map,planner,1,17392,5837,201,49,13155,5837,4976,0,100,True,random-32-32-20-random-22.scen,260
260,random-32-32-20.map,planner,1,13305,5837,90,49,11540,5837,15,0,1000,False,random-32-32-20-random-22.scen,260
260,random-32-32-20.map,planner,1,20281,5837,245,49,13890,5837,43198,0,1000,True,random-32-32-20-random-22.scen,260
300,random-32-32-20.map,planner,1,17126,6795,116,49,14832,6795,319,0,0,False,random-32-32-20-random-22.scen,300
300,random-32-32-20.map,planner,1,17126,6795,116,49,14832,6795,352,0,0,True,random-32-32-20-random-22.scen,300
300,random-32-32-20.map,planner,1,17126,6795,116,49,14832,6795,315,0,1,False,random-32-32-20-random-22.scen,300
300,random-32-32-20.map,planner,1,17126,6795,116,49,14832,6795,315,0,1,True,random-32-32-20-random-22.scen,300
300,random-32-32-20.map,planner,1,17126,6795,116,49,14832,6795,313,0,10,False,random-32-32-20-random-22.scen,300
300,random-32-32-20.map,planner,1,29420,6795,310,49,19252,6795,1452,0,10,True,random-32-32-20-random-22.scen,300
300,random-32-32-20.map,planner,1,17126,6795,116,49,14832,6795,316,0,100,False,random-32-32-20-random-22.scen,300
300,random-32-32-20.map,planner,1,17126,6795,116,49,14832,6795,316,0,100,True,random-32-32-20-random-22.scen,300
300,random-32-32-20.map,planner,1,17126,6795,116,49,14832,6795,316,0,1000,False,random-32-32-20-random-22.scen,300
340,random-32-32-20.map,planner,1,23758,7780,102,49,19938,7780,11,0,0,False,random-32-32-20-random-22.scen,340
340,random-32-32-20.map,planner,1,23758,7780,102,49,19938,7780,16,0,0,True,random-32-32-20-random-22.scen,340
340,random-32-32-20.map,planner,1,23758,7780,102,49,19938,7780,11,0,1,False,random-32-32-20-random-22.scen,340
340,random-32-32-20.map,planner,1,23758,7780,102,49,19938,7780,11,0,1,True,random-32-32-20-random-22.scen,340
340,random-32-32-20.map,planner,1,23758,7780,102,49,19938,7780,11,0,10,False,random-32-32-20-random-22.scen,340
340,random-32-32-20.map,planner,1,23758,7780,102,49,19938,7780,11,0,10,True,random-32-32-20-random-22.scen,340
340,random-32-32-20.map,planner,1,23758,7780,102,49,19938,7780,11,0,100,False,random-32-32-20-random-22.scen,340
340,random-32-32-20.map,planner,1,23758,7780,102,49,19938,7780,11,0,100,True,random-32-32-20-random-22.scen,340
340,random-32-32-20.map,planner,1,23758,7780,102,49,19938,7780,11,0,1000,False,random-32-32-20-random-22.scen,340
380,random-32-32-20.map,planner,1,30118,8674,164,49,24932,8674,234,0,0,False,random-32-32-20-random-22.scen,380
380,random-32-32-20.map,planner,1,30118,8674,164,49,24932,8674,245,0,0,True,random-32-32-20-random-22.scen,380
380,random-32-32-20.map,planner,1,30118,8674,164,49,24932,8674,226,0,1,False,random-32-32-20-random-22.scen,380
380,random-32-32-20.map,planner,1,30118,8674,164,49,24932,8674,226,0,1,True,random-32-32-20-random-22.scen,380
380,random-32-32-20.map,planner,1,30118,8674,164,49,24932,8674,228,0,10,False,random-32-32-20-random-22.scen,380
380,random-32-32-20.map,planner,1,30118,8674,164,49,24932,8674,228,0,10,True,random-32-32-20-random-22.scen,380
380,random-32-32-20.map,planner,1,30118,8674,164,49,24932,8674,231,0,100,False,random-32-32-20-random-22.scen,380
380,random-32-32-20.map,planner,1,36517,8674,250,49,26667,8674,9366,0,100,True,random-32-32-20-random-22.scen,380
380,random-32-32-20.map,planner,1,30118,8674,164,49,24932,8674,232,0,1000,False,random-32-32-20-random-22.scen,380
20,random-32-32-20.map,planner,1,535,498,39,39,527,498,0,0,0,False,random-32-32-20-random-21.scen,20
20,random-32-32-20.map,planner,1,535,498,39,39,527,498,0,0,0,True,random-32-32-20-random-21.scen,20
20,random-32-32-20.map,planner,1,535,498,39,39,527,498,0,0,1,False,random-32-32-20-random-21.scen,20
20,random-32-32-20.map,planner,1,535,498,39,39,527,498,0,0,1,True,random-32-32-20-random-21.scen,20
20,random-32-32-20.map,planner,1,535,498,39,39,527,498,0,0,10,False,random-32-32-20-random-21.scen,20
20,random-32-32-20.map,planner,1,535,498,39,39,527,498,0,0,10,True,random-32-32-20-random-21.scen,20
20,random-32-32-20.map,planner,1,535,498,39,39,527,498,0,0,100,False,random-32-32-20-random-21.scen,20
20,random-32-32-20.map,planner,1,535,498,39,39,527,498,0,0,100,True,random-32-32-20-random-21.scen,20
20,random-32-32-20.map,planner,1,535,498,39,39,527,498,0,0,1000,False,random-32-32-20-random-21.scen,20
20,random-32-32-20.map,planner,1,535,498,39,39,527,498,0,0,1000,True,random-32-32-20-random-21.scen,20
60,random-32-32-20.map,planner,1,1733,1358,45,41,1630,1358,1,0,0,False,random-32-32-20-random-21.scen,60
60,random-32-32-20.map,planner,1,1733,1358,45,41,1630,1358,1,0,0,True,random-32-32-20-random-21.scen,60
60,random-32-32-20.map,planner,1,1733,1358,45,41,1630,1358,1,0,1,False,random-32-32-20-random-21.scen,60
60,random-32-32-20.map,planner,1,1684,1358,44,41,1556,1358,1,0,1,True,random-32-32-20-random-21.scen,60
60,random-32-32-20.map,planner,1,1733,1358,45,41,1630,1358,1,0,10,False,random-32-32-20-random-21.scen,60
60,random-32-32-20.map,planner,1,1684,1358,44,41,1556,1358,1,0,10,True,random-32-32-20-random-21.scen,60
60,random-32-32-20.map,planner,1,1733,1358,45,41,1630,1358,1,0,100,False,random-32-32-20-random-21.scen,60
60,random-32-32-20.map,planner,1,1684,1358,44,41,1556,1358,1,0,100,True,random-32-32-20-random-21.scen,60
60,random-32-32-20.map,planner,1,1733,1358,45,41,1630,1358,1,0,1000,False,random-32-32-20-random-21.scen,60
60,random-32-32-20.map,planner,1,1684,1358,44,41,1556,1358,1,0,1000,True,random-32-32-20-random-21.scen,60
100,random-32-32-20.map,planner,1,3158,2229,53,43,2894,2229,2,0,0,False,random-32-32-20-random-21.scen,100
100,random-32-32-20.map,planner,1,3158,2229,53,43,2894,2229,2,0,0,True,random-32-32-20-random-21.scen,100
100,random-32-32-20.map,planner,1,3158,2229,53,43,2894,2229,2,0,1,False,random-32-32-20-random-21.scen,100
100,random-32-32-20.map,planner,1,2924,2229,53,43,2702,2229,4,0,1,True,random-32-32-20-random-21.scen,100
100,random-32-32-20.map,planner,1,3158,2229,53,43,2894,2229,2,0,10,False,random-32-32-20-random-21.scen,100
100,random-32-32-20.map,planner,1,2916,2229,52,43,2705,2229,6,0,10,True,random-32-32-20-random-21.scen,100
100,random-32-32-20.map,planner,1,3158,2229,53,43,2894,2229,2,0,100,False,random-32-32-20-random-21.scen,100
100,random-32-32-20.map,planner,1,2916,2229,52,43,2705,2229,6,0,100,True,random-32-32-20-random-21.scen,100
100,random-32-32-20.map,planner,1,3158,2229,53,43,2894,2229,2,0,1000,False,random-32-32-20-random-21.scen,100
100,random-32-32-20.map,planner,1,2916,2229,52,43,2705,2229,6,0,1000,True,random-32-32-20-random-21.scen,100
140,random-32-32-20.map,planner,1,4517,3074,50,43,4095,3074,2,0,0,False,random-32-32-20-random-21.scen,140
140,random-32-32-20.map,planner,1,4517,3074,50,43,4095,3074,3,0,0,True,random-32-32-20-random-21.scen,140
140,random-32-32-20.map,planner,1,4517,3074,50,43,4095,3074,3,0,1,False,random-32-32-20-random-21.scen,140
140,random-32-32-20.map,planner,1,4367,3074,54,43,3972,3074,20,0,1,True,random-32-32-20-random-21.scen,140
140,random-32-32-20.map,planner,1,4517,3074,50,43,4095,3074,2,0,10,False,random-32-32-20-random-21.scen,140
140,random-32-32-20.map,planner,1,4201,3074,51,43,3814,3074,44,0,10,True,random-32-32-20-random-21.scen,140
140,random-32-32-20.map,planner,1,4517,3074,50,43,4095,3074,3,0,100,False,random-32-32-20-random-21.scen,140
140,random-32-32-20.map,planner,1,4357,3074,51,43,3892,3074,219,0,100,True,random-32-32-20-random-21.scen,140
140,random-32-32-20.map,planner,1,4517,3074,50,43,4095,3074,2,0,1000,False,random-32-32-20-random-21.scen,140
140,random-32-32-20.map,planner,1,4282,3074,53,43,3914,3074,258,0,1000,True,random-32-32-20-random-21.scen,140
180,random-32-32-20.map,planner,1,6569,4003,60,48,5947,4003,4,0,0,False,random-32-32-20-random-21.scen,180
180,random-32-32-20.map,planner,1,6569,4003,60,48,5947,4003,4,0,0,True,random-32-32-20-random-21.scen,180
180,random-32-32-20.map,planner,1,6569,4003,60,48,5947,4003,4,0,1,False,random-32-32-20-random-21.scen,180
180,random-32-32-20.map,planner,1,6655,4003,98,48,5868,4003,35,0,1,True,random-32-32-20-random-21.scen,180
180,random-32-32-20.map,planner,1,6569,4003,60,48,5947,4003,4,0,10,False,random-32-32-20-random-21.scen,180
180,random-32-32-20.map,planner,1,6682,4003,84,48,5758,4003,208,0,10,True,random-32-32-20-random-21.scen,180
180,random-32-32-20.map,planner,1,6569,4003,60,48,5947,4003,4,0,100,False,random-32-32-20-random-21.scen,180
180,random-32-32-20.map,planner,1,9320,4003,168,48,6862,4003,2071,0,100,True,random-32-32-20-random-21.scen,180
180,random-32-32-20.map,planner,1,6569,4003,60,48,5947,4003,4,0,1000,False,random-32-32-20-random-21.scen,180
180,random-32-32-20.map,planner,1,6556,4003,70,48,5759,4003,14934,0,1000,True,random-32-32-20-random-21.scen,180
220,random-32-32-20.map,planner,1,9353,4767,91,48,8282,4767,6,0,0,False,random-32-32-20-random-21.scen,220
220,random-32-32-20.map,planner,1,9353,4767,91,48,8282,4767,6,0,0,True,random-32-32-20-random-21.scen,220
220,random-32-32-20.map,planner,1,9353,4767,91,48,8282,4767,6,0,1,False,random-32-32-20-random-21.scen,220
220,random-32-32-20.map,planner,1,9706,4767,122,48,7683,4767,48,0,1,True,random-32-32-20-random-21.scen,220
220,random-32-32-20.map,planner,1,9353,4767,91,48,8282,4767,6,0,10,False,random-32-32-20-random-21.scen,220
220,random-32-32-20.map,planner,1,10622,4767,163,48,8156,4767,309,0,10,True,random-32-32-20-random-21.scen,220
220,random-32-32-20.map,planner,1,9353,4767,91,48,8282,4767,6,0,100,False,random-32-32-20-random-21.scen,220
220,random-32-32-20.map,planner,1,9373,4767,119,48,7628,4767,2863,0,100,True,random-32-32-20-random-21.scen,220
220,random-32-32-20.map,planner,1,9353,4767,91,48,8282,4767,6,0,1000,False,random-32-32-20-random-21.scen,220
220,random-32-32-20.map,planner,1,8674,4767,92,48,7089,4767,23466,0,1000,True,random-32-32-20-random-21.scen,220
260,random-32-32-20.map,planner,1,11902,5627,82,48,10255,5627,7,0,0,False,random-32-32-20-random-21.scen,260
260,random-32-32-20.map,planner,1,11902,5627,82,48,10255,5627,8,0,0,True,random-32-32-20-random-21.scen,260
260,random-32-32-20.map,planner,1,11902,5627,82,48,10255,5627,7,0,1,False,random-32-32-20-random-21.scen,260
260,random-32-32-20.map,planner,1,12891,5627,155,48,10399,5627,67,0,1,True,random-32-32-20-random-21.scen,260
260,random-32-32-20.map,planner,1,11902,5627,82,48,10255,5627,7,0,10,False,random-32-32-20-random-21.scen,260
260,random-32-32-20.map,planner,1,14971,5627,174,48,11286,5627,445,0,10,True,random-32-32-20-random-21.scen,260
260,random-32-32-20.map,planner,1,11902,5627,82,48,10255,5627,7,0,100,False,random-32-32-20-random-21.scen,260
260,random-32-32-20.map,planner,1,15507,5627,184,48,10772,5627,3435,0,100,True,random-32-32-20-random-21.scen,260
260,random-32-32-20.map,planner,1,11902,5627,82,48,10255,5627,7,0,1000,False,random-32-32-20-random-21.scen,260
260,random-32-32-20.map,planner,1,14428,5627,182,48,10610,5627,28463,0,1000,True,random-32-32-20-random-21.scen,260
300,random-32-32-20.map,planner,1,15492,6523,107,48,13142,6523,1234,0,0,False,random-32-32-20-random-21.scen,300
300,random-32-32-20.map,planner,1,15492,6523,107,48,13142,6523,1219,0,0,True,random-32-32-20-random-21.scen,300
300,random-32-32-20.map,planner,1,15492,6523,107,48,13142,6523,1228,0,1,False,random-32-32-20-random-21.scen,300
300,random-32-32-20.map,planner,1,31839,6523,327,48,18599,6523,5912,0,1,True,random-32-32-20-random-21.scen,300
300,random-32-32-20.map,planner,1,15492,6523,107,48,13142,6523,1257,0,10,False,random-32-32-20-random-21.scen,300
300,random-32-32-20.map,planner,1,15492,6523,107,48,13142,6523,1257,0,10,True,random-32-32-20-random-21.scen,300
300,random-32-32-20.map,planner,1,15492,6523,107,48,13142,6523,1188,0,100,False,random-32-32-20-random-21.scen,300
300,random-32-32-20.map,planner,1,15492,6523,107,48,13142,6523,1188,0,100,True,random-32-32-20-random-21.scen,300
300,random-32-32-20.map,planner,1,15492,6523,107,48,13142,6523,1202,0,1000,False,random-32-32-20-random-21.scen,300
340,random-32-32-20.map,planner,1,20392,7427,123,48,17007,7427,41,0,0,False,random-32-32-20-random-21.scen,340
340,random-32-32-20.map,planner,1,20392,7427,123,48,17007,7427,42,0,0,True,random-32-32-20-random-21.scen,340
340,random-32-32-20.map,planner,1,20392,7427,123,48,17007,7427,38,0,1,False,random-32-32-20-random-21.scen,340
340,random-32-32-20.map,planner,1,32756,7427,281,48,20097,7427,2093,0,1,True,random-32-32-20-random-21.scen,340
340,random-32-32-20.map,planner,1,20392,7427,123,48,17007,7427,38,0,10,False,random-32-32-20-random-21.scen,340
340,random-32-32-20.map,planner,1,20392,7427,123,48,17007,7427,38,0,10,True,random-32-32-20-random-21.scen,340
340,random-32-32-20.map,planner,1,20392,7427,123,48,17007,7427,37,0,100,False,random-32-32-20-random-21.scen,340
340,random-32-32-20.map,planner,1,20392,7427,123,48,17007,7427,37,0,100,True,random-32-32-20-random-21.scen,340
340,random-32-32-20.map,planner,1,20392,7427,123,48,17007,7427,38,0,1000,False,random-32-32-20-random-21.scen,340
380,random-32-32-20.map,planner,1,26890,8339,144,48,22162,8339,2826,0,0,False,random-32-32-20-random-21.scen,380
380,random-32-32-20.map,planner,1,26890,8339,144,48,22162,8339,2857,0,0,True,random-32-32-20-random-21.scen,380
380,random-32-32-20.map,planner,1,26890,8339,144,48,22162,8339,2863,0,1,False,random-32-32-20-random-21.scen,380
380,random-32-32-20.map,planner,1,26890,8339,144,48,22162,8339,2863,0,1,True,random-32-32-20-random-21.scen,380
380,random-32-32-20.map,planner,1,26890,8339,144,48,22162,8339,2789,0,10,False,random-32-32-20-random-21.scen,380
380,random-32-32-20.map,planner,1,26890,8339,144,48,22162,8339,2789,0,10,True,random-32-32-20-random-21.scen,380
380,random-32-32-20.map,planner,1,26890,8339,144,48,22162,8339,2791,0,100,False,random-32-32-20-random-21.scen,380
380,random-32-32-20.map,planner,1,26890,8339,144,48,22162,8339,2791,0,100,True,random-32-32-20-random-21.scen,380
380,random-32-32-20.map,planner,1,26890,8339,144,48,22162,8339,2829,0,1000,False,random-32-32-20-random-21.scen,380
20,random-32-32-20.map,planner,1,461,424,37,37,448,424,0,0,0,False,random-32-32-20-random-13.scen,20
20,random-32-32-20.map,planner,1,461,424,37,37,448,424,0,0,0,True,random-32-32-20-random-13.scen,20
20,random-32-32-20.map,planner,1,461,424,37,37,448,424,0,0,1,False,random-32-32-20-random-13.scen,20
20,random-32-32-20.map,planner,1,461,424,37,37,448,424,0,0,1,True,random-32-32-20-random-13.scen,20
20,random-32-32-20.map,planner,1,461,424,37,37,448,424,0,0,10,False,random-32-32-20-random-13.scen,20
20,random-32-32-20.map,planner,1,461,424,37,37,448,424,0,0,10,True,random-32-32-20-random-13.scen,20
20,random-32-32-20.map,planner,1,461,424,37,37,448,424,0,0,100,False,random-32-32-20-random-13.scen,20
20,random-32-32-20.map,planner,1,461,424,37,37,448,424,0,0,100,True,random-32-32-20-random-13.scen,20
20,random-32-32-20.map,planner,1,461,424,37,37,448,424,0,0,1000,False,random-32-32-20-random-13.scen,20
20,random-32-32-20.map,planner,1,461,424,37,37,448,424,0,0,1000,True,random-32-32-20-random-13.scen,20
60,random-32-32-20.map,planner,1,1659,1315,51,51,1521,1315,1,0,0,False,random-32-32-20-random-13.scen,60
60,random-32-32-20.map,planner,1,1659,1315,51,51,1521,1315,1,0,0,True,random-32-32-20-random-13.scen,60
60,random-32-32-20.map,planner,1,1659,1315,51,51,1521,1315,1,0,1,False,random-32-32-20-random-13.scen,60
60,random-32-32-20.map,planner,1,1588,1315,56,51,1517,1315,1,0,1,True,random-32-32-20-random-13.scen,60
60,random-32-32-20.map,planner,1,1659,1315,51,51,1521,1315,1,0,10,False,random-32-32-20-random-13.scen,60
60,random-32-32-20.map,planner,1,1588,1315,56,51,1517,1315,1,0,10,True,random-32-32-20-random-13.scen,60
60,random-32-32-20.map,planner,1,1659,1315,51,51,1521,1315,1,0,100,False,random-32-32-20-random-13.scen,60
60,random-32-32-20.map,planner,1,1588,1315,56,51,1517,1315,1,0,100,True,random-32-32-20-random-13.scen,60
60,random-32-32-20.map,planner,1,1659,1315,51,51,1521,1315,1,0,1000,False,random-32-32-20-random-13.scen,60
60,random-32-32-20.map,planner,1,1588,1315,56,51,1517,1315,1,0,1000,True,random-32-32-20-random-13.scen,60
100,random-32-32-20.map,planner,1,3192,2288,54,51,2862,2288,2,0,0,False,random-32-32-20-random-13.scen,100
100,random-32-32-20.map,planner,1,3192,2288,54,51,2862,2288,2,0,0,True,random-32-32-20-random-13.scen,100
100,random-32-32-20.map,planner,1,3192,2288,54,51,2862,2288,2,0,1,False,random-32-32-20-random-13.scen,100
100,random-32-32-20.map,planner,1,3145,2288,60,51,2830,2288,5,0,1,True,random-32-32-20-random-13.scen,100
100,random-32-32-20.map,planner,1,3192,2288,54,51,2862,2288,2,0,10,False,random-32-32-20-random-13.scen,100
100,random-32-32-20.map,planner,1,3050,2288,58,51,2733,2288,6,0,10,True,random-32-32-20-random-13.scen,100
100,random-32-32-20.map,planner,1,3192,2288,54,51,2862,2288,2,0,100,False,random-32-32-20-random-13.scen,100
100,random-32-32-20.map,planner,1,3050,2288,58,51,2733,2288,6,0,100,True,random-32-32-20-random-13.scen,100
100,random-32-32-20.map,planner,1,3192,2288,54,51,2862,2288,2,0,1000,False,random-32-32-20-random-13.scen,100
100,random-32-32-20.map,planner,1,3050,2288,58,51,2733,2288,6,0,1000,True,random-32-32-20-random-13.scen,100
140,random-32-32-20.map,planner,1,4836,3239,55,51,4361,3239,3,0,0,False,random-32-32-20-random-13.scen,140
140,random-32-32-20.map,planner,1,4836,3239,55,51,4361,3239,3,0,0,True,random-32-32-20-random-13.scen,140
140,random-32-32-20.map,planner,1,4836,3239,55,51,4361,3239,3,0,1,False,random-32-32-20-random-13.scen,140
140,random-32-32-20.map,planner,1,4605,3239,58,51,4137,3239,12,0,1,True,random-32-32-20-random-13.scen,140
140,random-32-32-20.map,planner,1,4836,3239,55,51,4361,3239,3,0,10,False,random-32-32-20-random-13.scen,140
140,random-32-32-20.map,planner,1,4767,3239,70,51,4197,3239,21,0,10,True,random-32-32-20-random-13.scen,140
140,random-32-32-20.map,planner,1,4836,3239,55,51,4361,3239,3,0,100,False,random-32-32-20-random-13.scen,140
140,random-32-32-20.map,planner,1,4711,3239,73,51,4234,3239,44,0,100,True,random-32-32-20-random-13.scen,140
140,random-32-32-20.map,planner,1,4836,3239,55,51,4361,3239,3,0,1000,False,random-32-32-20-random-13.scen,140
140,random-32-32-20.map,planner,1,4711,3239,73,51,4234,3239,44,0,1000,True,random-32-32-20-random-13.scen,140
180,random-32-32-20.map,planner,1,6804,4047,68,51,6061,4047,4,0,0,False,random-32-32-20-random-13.scen,180
180,random-32-32-20.map,planner,1,6804,4047,68,51,6061,4047,4,0,0,True,random-32-32-20-random-13.scen,180
180,random-32-32-20.map,planner,1,6804,4047,68,51,6061,4047,4,0,1,False,random-32-32-20-random-13.scen,180
180,random-32-32-20.map,planner,1,6673,4047,64,51,5699,4047,35,0,1,True,random-32-32-20-random-13.scen,180
180,random-32-32-20.map,planner,1,6804,4047,68,51,6061,4047,4,0,10,False,random-32-32-20-random-13.scen,180
180,random-32-32-20.map,planner,1,7842,4047,111,51,6331,4047,224,0,10,True,random-32-32-20-random-13.scen,180
180,random-32-32-20.map,planner,1,6804,4047,68,51,6061,4047,4,0,100,False,random-32-32-20-random-13.scen,180
180,random-32-32-20.map,planner,1,7871,4047,119,51,6332,4047,1319,0,100,True,random-32-32-20-random-13.scen,180
180,random-32-32-20.map,planner,1,6804,4047,68,51,6061,4047,4,0,1000,False,random-32-32-20-random-13.scen,180
180,random-32-32-20.map,planner,1,6819,4047,89,51,5735,4047,4532,0,1000,True,random-32-32-20-random-13.scen,180
220,random-32-32-20.map,planner,1,8754,4912,71,51,7828,4912,5,0,0,False,random-32-32-20-random-13.scen,220
220,random-32-32-20.map,planner,1,8754,4912,71,51,7828,4912,5,0,0,True,random-32-32-20-random-13.scen,220
220,random-32-32-20.map,planner,1,8754,4912,71,51,7828,4912,5,0,1,False,random-32-32-20-random-13.scen,220
220,random-32-32-20.map,planner,1,9365,4912,101,51,7978,4912,42,0,1,True,random-32-32-20-random-13.scen,220
220,random-32-32-20.map,planner,1,8754,4912,71,51,7828,4912,5,0,10,False,random-32-32-20-random-13.scen,220
220,random-32-32-20.map,planner,1,8910,4912,91,51,7664,4912,304,0,10,True,random-32-32-20-random-13.scen,220
220,random-32-32-20.map,planner,1,8754,4912,71,51,7828,4912,5,0,100,False,random-32-32-20-random-13.scen,220
220,random-32-32-20.map,planner,1,9300,4912,117,51,7707,4912,2620,0,100,True,random-32-32-20-random-13.scen,220
220,random-32-32-20.map,planner,1,8754,4912,71,51,7828,4912,5,0,1000,False,random-32-32-20-random-13.scen,220
220,random-32-32-20.map,planner,1,8938,4912,111,51,7549,4912,23585,0,1000,True,random-32-32-20-random-13.scen,220
260,random-32-32-20.map,planner,1,13028,5858,104,51,10798,5858,10,0,0,False,random-32-32-20-random-13.scen,260
260,random-32-32-20.map,planner,1,13028,5858,104,51,10798,5858,11,0,0,True,random-32-32-20-random-13.scen,260
260,random-32-32-20.map,planner,1,13028,5858,104,51,10798,5858,10,0,1,False,random-32-32-20-random-13.scen,260
260,random-32-32-20.map,planner,1,13028,5858,104,51,10798,5858,10,0,1,True,random-32-32-20-random-13.scen,260
260,random-32-32-20.map,planner,1,13028,5858,104,51,10798,5858,10,0,10,False,random-32-32-20-random-13.scen,260
260,random-32-32-20.map,planner,1,14334,5858,139,51,11230,5858,447,0,10,True,random-32-32-20-random-13.scen,260
260,random-32-32-20.map,planner,1,13028,5858,104,51,10798,5858,10,0,100,False,random-32-32-20-random-13.scen,260
