agents,map_file,solver,solved,soc,soc_lb,makespan,makespan_lb,sum_of_loss,sum_of_loss_lb,comp_time,seed,Opti_Deadline,Bool_Opti,Scenario_File,N
20,ht_chantry.map,planner,1,2153,2005,171,171,2046,2005,2,0,0,False,ht_chantry-random-5.scen,20
20,ht_chantry.map,planner,1,2153,2005,171,171,2046,2005,2,0,0,True,ht_chantry-random-5.scen,20
20,ht_chantry.map,planner,1,2153,2005,171,171,2046,2005,2,0,1,False,ht_chantry-random-5.scen,20
20,ht_chantry.map,planner,1,2153,2005,171,171,2046,2005,2,0,1,True,ht_chantry-random-5.scen,20
20,ht_chantry.map,planner,1,2153,2005,171,171,2046,2005,2,0,10,False,ht_chantry-random-5.scen,20
20,ht_chantry.map,planner,1,2153,2005,171,171,2046,2005,2,0,10,True,ht_chantry-random-5.scen,20
20,ht_chantry.map,planner,1,2153,2005,171,171,2046,2005,2,0,100,False,ht_chantry-random-5.scen,20
20,ht_chantry.map,planner,1,2153,2005,171,171,2046,2005,2,0,100,True,ht_chantry-random-5.scen,20
20,ht_chantry.map,planner,1,2153,2005,171,171,2046,2005,2,0,1000,False,ht_chantry-random-5.scen,20
20,ht_chantry.map,planner,1,2153,2005,171,171,2046,2005,2,0,1000,True,ht_chantry-random-5.scen,20
60,ht_chantry.map,planner,1,6525,6141,203,203,6398,6141,7,0,0,False,ht_chantry-random-5.scen,60
60,ht_chantry.map,planner,1,6525,6141,203,203,6398,6141,6,0,0,True,ht_chantry-random-5.scen,60
60,ht_chantry.map,planner,1,6525,6141,203,203,6398,6141,6,0,1,False,ht_chantry-random-5.scen,60
60,ht_chantry.map,planner,1,6810,6141,203,203,6390,6141,7,0,1,True,ht_chantry-random-5.scen,60
60,ht_chantry.map,planner,1,6525,6141,203,203,6398,6141,7,0,10,False,ht_chantry-random-5.scen,60
60,ht_chantry.map,planner,1,6810,6141,203,203,6390,6141,8,0,10,True,ht_chantry-random-5.scen,60
60,ht_chantry.map,planner,1,6525,6141,203,203,6398,6141,6,0,100,False,ht_chantry-random-5.scen,60
60,ht_chantry.map,planner,1,6810,6141,203,203,6390,6141,6,0,100,True,ht_chantry-random-5.scen,60
60,ht_chantry.map,planner,1,6525,6141,203,203,6398,6141,6,0,1000,False,ht_chantry-random-5.scen,60
60,ht_chantry.map,planner,1,6810,6141,203,203,6390,6141,8,0,1000,True,ht_chantry-random-5.scen,60
100,ht_chantry.map,planner,1,11832,9892,203,203,10486,9892,10,0,0,False,ht_chantry-random-5.scen,100
100,ht_chantry.map,planner,1,11832,9892,203,203,10486,9892,10,0,0,True,ht_chantry-random-5.scen,100
100,ht_chantry.map,planner,1,11832,9892,203,203,10486,9892,10,0,1,False,ht_chantry-random-5.scen,100
100,ht_chantry.map,planner,1,11731,9892,205,203,10491,9892,10,0,1,True,ht_chantry-random-5.scen,100
100,ht_chantry.map,planner,1,11832,9892,203,203,10486,9892,10,0,10,False,ht_chantry-random-5.scen,100
100,ht_chantry.map,planner,1,11731,9892,205,203,10491,9892,11,0,10,True,ht_chantry-random-5.scen,100
100,ht_chantry.map,planner,1,11832,9892,203,203,10486,9892,11,0,100,False,ht_chantry-random-5.scen,100
100,ht_chantry.map,planner,1,11731,9892,205,203,10491,9892,9,0,100,True,ht_chantry-random-5.scen,100
100,ht_chantry.map,planner,1,11832,9892,203,203,10486,9892,10,0,1000,False,ht_chantry-random-5.scen,100
100,ht_chantry.map,planner,1,11731,9892,205,203,10491,9892,12,0,1000,True,ht_chantry-random-5.scen,100
140,ht_chantry.map,planner,1,17460,14076,203,203,15323,14076,17,0,0,False,ht_chantry-random-5.scen,140
140,ht_chantry.map,planner,1,17460,14076,203,203,15323,14076,17,0,0,True,ht_chantry-random-5.scen,140
140,ht_chantry.map,planner,1,17460,14076,203,203,15323,14076,17,0,1,False,ht_chantry-random-5.scen,140
140,ht_chantry.map,planner,1,17358,14076,204,203,15034,14076,17,0,1,True,ht_chantry-random-5.scen,140
140,ht_chantry.map,planner,1,17460,14076,203,203,15323,14076,17,0,10,False,ht_chantry-random-5.scen,140
140,ht_chantry.map,planner,1,17358,14076,204,203,15034,14076,18,0,10,True,ht_chantry-random-5.scen,140
140,ht_chantry.map,planner,1,17460,14076,203,203,15323,14076,16,0,100,False,ht_chantry-random-5.scen,140
140,ht_chantry.map,planner,1,17358,14076,204,203,15034,14076,15,0,100,True,ht_chantry-random-5.scen,140
140,ht_chantry.map,planner,1,17460,14076,203,203,15323,14076,15,0,1000,False,ht_chantry-random-5.scen,140
140,ht_chantry.map,planner,1,17358,14076,204,203,15034,14076,17,0,1000,True,ht_chantry-random-5.scen,140
180,ht_chantry.map,planner,1,22426,17785,203,203,19609,17785,19,0,0,False,ht_chantry-random-5.scen,180
180,ht_chantry.map,planner,1,22426,17785,203,203,19609,17785,20,0,0,True,ht_chantry-random-5.scen,180
180,ht_chantry.map,planner,1,22426,17785,203,203,19609,17785,19,0,1,False,ht_chantry-random-5.scen,180
180,ht_chantry.map,planner,1,21853,17785,205,203,19226,17785,33,0,1,True,ht_chantry-random-5.scen,180
180,ht_chantry.map,planner,1,22426,17785,203,203,19609,17785,21,0,10,False,ht_chantry-random-5.scen,180
180,ht_chantry.map,planner,1,22216,17785,203,203,19299,17785,83,0,10,True,ht_chantry-random-5.scen,180
180,ht_chantry.map,planner,1,22426,17785,203,203,19609,17785,17,0,100,False,ht_chantry-random-5.scen,180
180,ht_chantry.map,planner,1,21982,17785,203,203,19240,17785,135,0,100,True,ht_chantry-random-5.scen,180
180,ht_chantry.map,planner,1,22426,17785,203,203,19609,17785,19,0,1000,False,ht_chantry-random-5.scen,180
180,ht_chantry.map,planner,1,21982,17785,203,203,19240,17785,138,0,1000,True,ht_chantry-random-5.scen,180
220,ht_chantry.map,planner,1,27865,21429,203,203,23723,21429,24,0,0,False,ht_chantry-random-5.scen,220
220,ht_chantry.map,planner,1,27865,21429,203,203,23723,21429,23,0,0,True,ht_chantry-random-5.scen,220
220,ht_chantry.map,planner,1,27865,21429,203,203,23723,21429,24,0,1,False,ht_chantry-random-5.scen,220
220,ht_chantry.map,planner,1,27657,21429,203,203,23515,21429,48,0,1,True,ht_chantry-random-5.scen,220
220,ht_chantry.map,planner,1,27865,21429,203,203,23723,21429,23,0,10,False,ht_chantry-random-5.scen,220
220,ht_chantry.map,planner,1,27433,21429,203,203,23501,21429,170,0,10,True,ht_chantry-random-5.scen,220
220,ht_chantry.map,planner,1,27865,21429,203,203,23723,21429,26,0,100,False,ht_chantry-random-5.scen,220
220,ht_chantry.map,planner,1,27325,21429,203,203,23333,21429,276,0,100,True,ht_chantry-random-5.scen,220
220,ht_chantry.map,planner,1,27865,21429,203,203,23723,21429,24,0,1000,False,ht_chantry-random-5.scen,220
220,ht_chantry.map,planner,1,27679,21429,203,203,23340,21429,313,0,1000,True,ht_chantry-random-5.scen,220
260,ht_chantry.map,planner,1,33987,25650,203,203,29117,25650,28,0,0,False,ht_chantry-random-5.scen,260
260,ht_chantry.map,planner,1,33987,25650,203,203,29117,25650,29,0,0,True,ht_chantry-random-5.scen,260
260,ht_chantry.map,planner,1,33987,25650,203,203,29117,25650,29,0,1,False,ht_chantry-random-5.scen,260
260,ht_chantry.map,planner,1,33285,25650,214,203,28411,25650,61,0,1,True,ht_chantry-random-5.scen,260
260,ht_chantry.map,planner,1,33987,25650,203,203,29117,25650,29,0,10,False,ht_chantry-random-5.scen,260
260,ht_chantry.map,planner,1,33010,25650,220,203,28208,25650,271,0,10,True,ht_chantry-random-5.scen,260
260,ht_chantry.map,planner,1,33987,25650,203,203,29117,25650,27,0,100,False,ht_chantry-random-5.scen,260
260,ht_chantry.map,planner,1,32677,25650,216,203,28037,25650,392,0,100,True,ht_chantry-random-5.scen,260
260,ht_chantry.map,planner,1,33987,25650,203,203,29117,25650,28,0,1000,False,ht_chantry-random-5.scen,260
260,ht_chantry.map,planner,1,32760,25650,216,203,28108,25650,1305,0,1000,True,ht_chantry-random-5.scen,260
300,ht_chantry.map,planner,1,39314,29432,203,203,33620,29432,30,0,0,False,ht_chantry-random-5.scen,300
300,ht_chantry.map,planner,1,39314,29432,203,203,33620,29432,37,0,0,True,ht_chantry-random-5.scen,300
300,ht_chantry.map,planner,1,39314,29432,203,203,33620,29432,35,0,1,False,ht_chantry-random-5.scen,300
300,ht_chantry.map,planner,1,38281,29432,213,203,32867,29432,76,0,1,True,ht_chantry-random-5.scen,300
300,ht_chantry.map,planner,1,39314,29432,203,203,33620,29432,34,0,10,False,ht_chantry-random-5.scen,300
300,ht_chantry.map,planner,1,38657,29432,211,203,32793,29432,343,0,10,True,ht_chantry-random-5.scen,300
300,ht_chantry.map,planner,1,39314,29432,203,203,33620,29432,33,0,100,False,ht_chantry-random-5.scen,300
300,ht_chantry.map,planner,1,38757,29432,210,203,32996,29432,3125,0,100,True,ht_chantry-random-5.scen,300
300,ht_chantry.map,planner,1,39314,29432,203,203,33620,29432,31,0,1000,False,ht_chantry-random-5.scen,300
300,ht_chantry.map,planner,1,38413,29432,214,203,32847,29432,28817,0,1000,True,ht_chantry-random-5.scen,300
340,ht_chantry.map,planner,1,45512,32783,204,203,38464,32783,37,0,0,False,ht_chantry-random-5.scen,340
340,ht_chantry.map,planner,1,45512,32783,204,203,38464,32783,39,0,0,True,ht_chantry-random-5.scen,340
340,ht_chantry.map,planner,1,45512,32783,204,203,38464,32783,40,0,1,False,ht_chantry-random-5.scen,340
340,ht_chantry.map,planner,1,44815,32783,208,203,37703,32783,95,0,1,True,ht_chantry-random-5.scen,340
340,ht_chantry.map,planner,1,45512,32783,204,203,38464,32783,38,0,10,False,ht_chantry-random-5.scen,340
340,ht_chantry.map,planner,1,44084,32783,205,203,37610,32783,454,0,10,True,ht_chantry-random-5.scen,340
340,ht_chantry.map,planner,1,45512,32783,204,203,38464,32783,38,0,100,False,ht_chantry-random-5.scen,340
340,ht_chantry.map,planner,1,44052,32783,210,203,37543,32783,4037,0,100,True,ht_chantry-random-5.scen,340
340,ht_chantry.map,planner,1,45512,32783,204,203,38464,32783,41,0,1000,False,ht_chantry-random-5.scen,340
340,ht_chantry.map,planner,1,44020,32783,212,203,37286,32783,36915,0,1000,True,ht_chantry-random-5.scen,340
380,ht_chantry.map,planner,1,51711,36536,204,203,43494,36536,55,0,0,False,ht_chantry-random-5.scen,380
380,ht_chantry.map,planner,1,51711,36536,204,203,43494,36536,59,0,0,True,ht_chantry-random-5.scen,380
380,ht_chantry.map,planner,1,51711,36536,204,203,43494,36536,52,0,1,False,ht_chantry-random-5.scen,380
380,ht_chantry.map,planner,1,50284,36536,214,203,42384,36536,120,0,1,True,ht_chantry-random-5.scen,380
380,ht_chantry.map,planner,1,51711,36536,204,203,43494,36536,53,0,10,False,ht_chantry-random-5.scen,380
380,ht_chantry.map,planner,1,49289,36536,208,203,41985,36536,593,0,10,True,ht_chantry-random-5.scen,380
380,ht_chantry.map,planner,1,51711,36536,204,203,43494,36536,55,0,100,False,ht_chantry-random-5.scen,380
380,ht_chantry.map,planner,1,49990,36536,206,203,41982,36536,5003,0,100,True,ht_chantry-random-5.scen,380
380,ht_chantry.map,planner,1,51711,36536,204,203,43494,36536,50,0,1000,False,ht_chantry-random-5.scen,380
380,ht_chantry.map,planner,1,49319,36536,209,203,42174,36536,50176,0,1000,True,ht_chantry-random-5.scen,380
420,ht_chantry.map,planner,1,58109,40412,203,203,48669,40412,66,0,0,False,ht_chantry-random-5.scen,420
420,ht_chantry.map,planner,1,58109,40412,203,203,48669,40412,67,0,0,True,ht_chantry-random-5.scen,420
420,ht_chantry.map,planner,1,58109,40412,203,203,48669,40412,65,0,1,False,ht_chantry-random-5.scen,420
420,ht_chantry.map,planner,1,56575,40412,211,203,47841,40412,141,0,1,True,ht_chantry-random-5.scen,420
420,ht_chantry.map,planner,1,58109,40412,203,203,48669,40412,62,0,10,False,ht_chantry-random-5.scen,420
420,ht_chantry.map,planner,1,56369,40412,203,203,47726,40412,761,0,10,True,ht_chantry-random-5.scen,420
420,ht_chantry.map,planner,1,58109,40412,203,203,48669,40412,62,0,100,False,ht_chantry-random-5.scen,420
420,ht_chantry.map,planner,1,55618,40412,206,203,47215,40412,6004,0,100,True,ht_chantry-random-5.scen,420
420,ht_chantry.map,planner,1,58109,40412,203,203,48669,40412,64,0,1000,False,ht_chantry-random-5.scen,420
420,ht_chantry.map,planner,1,56316,40412,227,203,47207,40412,55548,0,1000,True,ht_chantry-random-5.scen,420
460,ht_chantry.map,planner,1,64965,44121,228,203,54034,44121,77,0,0,False,ht_chantry-random-5.scen,460
460,ht_chantry.map,planner,1,64965,44121,228,203,54034,44121,73,0,0,True,ht_chantry-random-5.scen,460
460,ht_chantry.map,planner,1,64965,44121,228,203,54034,44121,78,0,1,False,ht_chantry-random-5.scen,460
460,ht_chantry.map,planner,1,63332,44121,212,203,53045,44121,164,0,1,True,ht_chantry-random-5.scen,460
460,ht_chantry.map,planner,1,64965,44121,228,203,54034,44121,76,0,10,False,ht_chantry-random-5.scen,460
460,ht_chantry.map,planner,1,63114,44121,213,203,53007,44121,923,0,10,True,ht_chantry-random-5.scen,460
460,ht_chantry.map,planner,1,64965,44121,228,203,54034,44121,72,0,100,False,ht_chantry-random-5.scen,460
460,ht_chantry.map,planner,1,63100,44121,219,203,53121,44121,7733,0,100,True,ht_chantry-random-5.scen,460
460,ht_chantry.map,planner,1,64965,44121,228,203,54034,44121,75,0,1000,False,ht_chantry-random-5.scen,460
20,ht_chantry.map,planner,1,1708,1693,190,190,1708,1693,1,0,0,False,ht_chantry-random-12.scen,20
20,ht_chantry.map,planner,1,1708,1693,190,190,1708,1693,2,0,0,True,ht_chantry-random-12.scen,20
20,ht_chantry.map,planner,1,1708,1693,190,190,1708,1693,2,0,1,False,ht_chantry-random-12.scen,20
20,ht_chantry.map,planner,1,1708,1693,190,190,1708,1693,2,0,1,True,ht_chantry-random-12.scen,20
20,ht_chantry.map,planner,1,1708,1693,190,190,1708,1693,2,0,10,False,ht_chantry-random-12.scen,20
20,ht_chantry.map,planner,1,1708,1693,190,190,1708,1693,2,0,10,True,ht_chantry-random-12.scen,20
20,ht_chantry.map,planner,1,1708,1693,190,190,1708,1693,2,0,100,False,ht_chantry-random-12.scen,20
20,ht_chantry.map,planner,1,1708,1693,190,190,1708,1693,2,0,100,True,ht_chantry-random-12.scen,20
20,ht_chantry.map,planner,1,1708,1693,190,190,1708,1693,2,0,1000,False,ht_chantry-random-12.scen,20
20,ht_chantry.map,planner,1,1708,1693,190,190,1708,1693,2,0,1000,True,ht_chantry-random-12.scen,20
60,ht_chantry.map,planner,1,5796,5191,190,190,5416,5191,6,0,0,False,ht_chantry-random-12.scen,60
60,ht_chantry.map,planner,1,5796,5191,190,190,5416,5191,5,0,0,True,ht_chantry-random-12.scen,60
60,ht_chantry.map,planner,1,5796,5191,190,190,5416,5191,6,0,1,False,ht_chantry-random-12.scen,60
60,ht_chantry.map,planner,1,5669,5191,190,190,5395,5191,6,0,1,True,ht_chantry-random-12.scen,60
60,ht_chantry.map,planner,1,5796,5191,190,190,5416,5191,6,0,10,False,ht_chantry-random-12.scen,60
60,ht_chantry.map,planner,1,5669,5191,190,190,5395,5191,6,0,10,True,ht_chantry-random-12.scen,60
60,ht_chantry.map,planner,1,5796,5191,190,190,5416,5191,5,0,100,False,ht_chantry-random-12.scen,60
60,ht_chantry.map,planner,1,5669,5191,190,190,5395,5191,5,0,100,True,ht_chantry-random-12.scen,60
60,ht_chantry.map,planner,1,5796,5191,190,190,5416,5191,6,0,1000,False,ht_chantry-random-12.scen,60
60,ht_chantry.map,planner,1,5669,5191,190,190,5395,5191,6,0,1000,True,ht_chantry-random-12.scen,60
100,ht_chantry.map,planner,1,10184,8786,190,190,9260,8786,10,0,0,False,ht_chantry-random-12.scen,100
100,ht_chantry.map,planner,1,10184,8786,190,190,9260,8786,9,0,0,True,ht_chantry-random-12.scen,100
100,ht_chantry.map,planner,1,10184,8786,190,190,9260,8786,9,0,1,False,ht_chantry-random-12.scen,100
100,ht_chantry.map,planner,1,10262,8786,190,190,9277,8786,11,0,1,True,ht_chantry-random-12.scen,100
100,ht_chantry.map,planner,1,10184,8786,190,190,9260,8786,9,0,10,False,ht_chantry-random-12.scen,100
100,ht_chantry.map,planner,1,10262,8786,190,190,9277,8786,9,0,10,True,ht_chantry-random-12.scen,100
100,ht_chantry.map,planner,1,10184,8786,190,190,9260,8786,9,0,100,False,ht_chantry-random-12.scen,100
100,ht_chantry.map,planner,1,10262,8786,190,190,9277,8786,9,0,100,True,ht_chantry-random-12.scen,100
100,ht_chantry.map,planner,1,10184,8786,190,190,9260,8786,10,0,1000,False,ht_chantry-random-12.scen,100
100,ht_chantry.map,planner,1,10262,8786,190,190,9277,8786,9,0,1000,True,ht_chantry-random-12.scen,100
140,ht_chantry.map,planner,1,15724,12705,195,195,13869,12705,14,0,0,False,ht_chantry-random-12.scen,140
140,ht_chantry.map,planner,1,15724,12705,195,195,13869,12705,15,0,0,True,ht_chantry-random-12.scen,140
140,ht_chantry.map,planner,1,15724,12705,195,195,13869,12705,15,0,1,False,ht_chantry-random-12.scen,140
140,ht_chantry.map,planner,1,15731,12705,195,195,13702,12705,17,0,1,True,ht_chantry-random-12.scen,140
140,ht_chantry.map,planner,1,15724,12705,195,195,13869,12705,13,0,10,False,ht_chantry-random-12.scen,140
140,ht_chantry.map,planner,1,15731,12705,195,195,13702,12705,20,0,10,True,ht_chantry-random-12.scen,140
140,ht_chantry.map,planner,1,15724,12705,195,195,13869,12705,13,0,100,False,ht_chantry-random-12.scen,140
140,ht_chantry.map,planner,1,15731,12705,195,195,13702,12705,20,0,100,True,ht_chantry-random-12.scen,140
140,ht_chantry.map,planner,1,15724,12705,195,195,13869,12705,14,0,1000,False,ht_chantry-random-12.scen,140
140,ht_chantry.map,planner,1,15731,12705,195,195,13702,12705,20,0,1000,True,ht_chantry-random-12.scen,140
180,ht_chantry.map,planner,1,20776,16810,195,195,18478,16810,19,0,0,False,ht_chantry-random-12.scen,180
180,ht_chantry.map,planner,1,20776,16810,195,195,18478,16810,18,0,0,True,ht_chantry-random-12.scen,180
180,ht_chantry.map,planner,1,20776,16810,195,195,18478,16810,18,0,1,False,ht_chantry-random-12.scen,180
180,ht_chantry.map,planner,1,20492,16810,195,195,18380,16810,36,0,1,True,ht_chantry-random-12.scen,180
180,ht_chantry.map,planner,1,20776,16810,195,195,18478,16810,19,0,10,False,ht_chantry-random-12.scen,180
180,ht_chantry.map,planner,1,20686,16810,196,195,18406,16810,79,0,10,True,ht_chantry-random-12.scen,180
180,ht_chantry.map,planner,1,20776,16810,195,195,18478,16810,20,0,100,False,ht_chantry-random-12.scen,180
180,ht_chantry.map,planner,1,20565,16810,195,195,18421,16810,246,0,100,True,ht_chantry-random-12.scen,180
180,ht_chantry.map,planner,1,20776,16810,195,195,18478,16810,18,0,1000,False,ht_chantry-random-12.scen,180
180,ht_chantry.map,planner,1,20565,16810,195,195,18421,16810,247,0,1000,True,ht_chantry-random-12.scen,180
220,ht_chantry.map,planner,1,26143,20710,195,195,23178,20710,23,0,0,False,ht_chantry-random-12.scen,220
220,ht_chantry.map,planner,1,26143,20710,195,195,23178,20710,20,0,0,True,ht_chantry-random-12.scen,220
220,ht_chantry.map,planner,1,26143,20710,195,195,23178,20710,25,0,1,False,ht_chantry-random-12.scen,220
220,ht_chantry.map,planner,1,25797,20710,198,195,22762,20710,42,0,1,True,ht_chantry-random-12.scen,220
220,ht_chantry.map,planner,1,26143,20710,195,195,23178,20710,24,0,10,False,ht_chantry-random-12.scen,220
220,ht_chantry.map,planner,1,25806,20710,196,195,22655,20710,110,0,10,True,ht_chantry-random-12.scen,220
220,ht_chantry.map,planner,1,26143,20710,195,195,23178,20710,25,0,100,False,ht_chantry-random-12.scen,220
220,ht_chantry.map,planner,1,25766,20710,195,195,22701,20710,947,0,100,True,ht_chantry-random-12.scen,220
220,ht_chantry.map,planner,1,26143,20710,195,195,23178,20710,25,0,1000,False,ht_chantry-random-12.scen,220
220,ht_chantry.map,planner,1,25404,20710,195,195,22571,20710,419,0,1000,True,ht_chantry-random-12.scen,220
260,ht_chantry.map,planner,1,32374,24686,195,195,27889,24686,28,0,0,False,ht_chantry-random-12.scen,260
260,ht_chantry.map,planner,1,32374,24686,195,195,27889,24686,30,0,0,True,ht_chantry-random-12.scen,260
260,ht_chantry.map,planner,1,32374,24686,195,195,27889,24686,30,0,1,False,ht_chantry-random-12.scen,260
260,ht_chantry.map,planner,1,31907,24686,207,195,27576,24686,67,0,1,True,ht_chantry-random-12.scen,260
260,ht_chantry.map,planner,1,32374,24686,195,195,27889,24686,30,0,10,False,ht_chantry-random-12.scen,260
260,ht_chantry.map,planner,1,31655,24686,210,195,27524,24686,261,0,10,True,ht_chantry-random-12.scen,260
260,ht_chantry.map,planner,1,32374,24686,195,195,27889,24686,29,0,100,False,ht_chantry-random-12.scen,260
260,ht_chantry.map,planner,1,31457,24686,214,195,27389,24686,2116,0,100,True,ht_chantry-random-12.scen,260
260,ht_chantry.map,planner,1,32374,24686,195,195,27889,24686,27,0,1000,False,ht_chantry-random-12.scen,260
260,ht_chantry.map,planner,1,31121,24686,214,195,27383,24686,6274,0,1000,True,ht_chantry-random-12.scen,260
300,ht_chantry.map,planner,1,37905,28221,199,196,32526,28221,38,0,0,False,ht_chantry-random-12.scen,300
300,ht_chantry.map,planner,1,37905,28221,199,196,32526,28221,36,0,0,True,ht_chantry-random-12.scen,300
300,ht_chantry.map,planner,1,37905,28221,199,196,32526,28221,34,0,1,False,ht_chantry-random-12.scen,300
300,ht_chantry.map,planner,1,36849,28221,199,196,31601,28221,84,0,1,True,ht_chantry-random-12.scen,300
300,ht_chantry.map,planner,1,37905,28221,199,196,32526,28221,36,0,10,False,ht_chantry-random-12.scen,300
300,ht_chantry.map,planner,1,36357,28221,200,196,31499,28221,428,0,10,True,ht_chantry-random-12.scen,300
300,ht_chantry.map,planner,1,37905,28221,199,196,32526,28221,33,0,100,False,ht_chantry-random-12.scen,300
300,ht_chantry.map,planner,1,36891,28221,203,196,31761,28221,3215,0,100,True,ht_chantry-random-12.scen,300
300,ht_chantry.map,planner,1,37905,28221,199,196,32526,28221,33,0,1000,False,ht_chantry-random-12.scen,300
300,ht_chantry.map,planner,1,36241,28221,200,196,31441,28221,25173,0,1000,True,ht_chantry-random-12.scen,300
340,ht_chantry.map,planner,1,44548,32145,205,196,37968,32145,41,0,0,False,ht_chantry-random-12.scen,340
340,ht_chantry.map,planner,1,44548,32145,205,196,37968,32145,43,0,0,True,ht_chantry-random-12.scen,340
340,ht_chantry.map,planner,1,44548,32145,205,196,37968,32145,42,0,1,False,ht_chantry-random-12.scen,340
340,ht_chantry.map,planner,1,43582,32145,202,196,37067,32145,99,0,1,True,ht_chantry-random-12.scen,340
340,ht_chantry.map,planner,1,44548,32145,205,196,37968,32145,41,0,10,False,ht_chantry-random-12.scen,340
340,ht_chantry.map,planner,1,43105,32145,203,196,36830,32145,596,0,10,True,ht_chantry-random-12.scen,340
340,ht_chantry.map,planner,1,44548,32145,205,196,37968,32145,36,0,100,False,ht_chantry-random-12.scen,340
340,ht_chantry.map,planner,1,43666,32145,205,196,37101,32145,4681,0,100,True,ht_chantry-random-12.scen,340
340,ht_chantry.map,planner,1,44548,32145,205,196,37968,32145,37,0,1000,False,ht_chantry-random-12.scen,340
340,ht_chantry.map,planner,1,42519,32145,209,196,36708,32145,43469,0,1000,True,ht_chantry-random-12.scen,340
380,ht_chantry.map,planner,1,50055,35809,197,196,42842,35809,44,0,0,False,ht_chantry-random-12.scen,380
380,ht_chantry.map,planner,1,50055,35809,197,196,42842,35809,45,0,0,True,ht_chantry-random-12.scen,380
380,ht_chantry.map,planner,1,50055,35809,197,196,42842,35809,44,0,1,False,ht_chantry-random-12.scen,380
380,ht_chantry.map,planner,1,50060,35809,216,196,42252,35809,115,0,1,True,ht_chantry-random-12.scen,380
380,ht_chantry.map,planner,1,50055,35809,197,196,42842,35809,45,0,10,False,ht_chantry-random-12.scen,380
380,ht_chantry.map,planner,1,48982,35809,202,196,42146,35809,646,0,10,True,ht_chantry-random-12.scen,380
380,ht_chantry.map,planner,1,50055,35809,197,196,42842,35809,44,0,100,False,ht_chantry-random-12.scen,380
380,ht_chantry.map,planner,1,49272,35809,198,196,41612,35809,5818,0,100,True,ht_chantry-random-12.scen,380
380,ht_chantry.map,planner,1,50055,35809,197,196,42842,35809,46,0,1000,False,ht_chantry-random-12.scen,380
380,ht_chantry.map,planner,1,48765,35809,201,196,41343,35809,48519,0,1000,True,ht_chantry-random-12.scen,380
420,ht_chantry.map,planner,1,58304,39659,216,196,48914,39659,48,0,0,False,ht_chantry-random-12.scen,420
420,ht_chantry.map,planner,1,58304,39659,216,196,48914,39659,52,0,0,True,ht_chantry-random-12.scen,420
420,ht_chantry.map,planner,1,58304,39659,216,196,48914,39659,47,0,1,False,ht_chantry-random-12.scen,420
420,ht_chantry.map,planner,1,57311,39659,205,196,48128,39659,134,0,1,True,ht_chantry-random-12.scen,420
420,ht_chantry.map,planner,1,58304,39659,216,196,48914,39659,46,0,10,False,ht_chantry-random-12.scen,420
420,ht_chantry.map,planner,1,57431,39659,212,196,48024,39659,862,0,10,True,ht_chantry-random-12.scen,420
420,ht_chantry.map,planner,1,58304,39659,216,196,48914,39659,50,0,100,False,ht_chantry-random-12.scen,420
420,ht_chantry.map,planner,1,56655,39659,207,196,47677,39659,6548,0,100,True,ht_chantry-random-12.scen,420
420,ht_chantry.map,planner,1,58304,39659,216,196,48914,39659,50,0,1000,False,ht_chantry-random-12.scen,420
20,ht_chantry.map,planner,1,1633,1513,144,144,1530,1513,2,0,0,False,ht_chantry-random-1.scen,20
20,ht_chantry.map,planner,1,1633,1513,144,144,1530,1513,2,0,0,True,ht_chantry-random-1.scen,20
20,ht_chantry.map,planner,1,1633,1513,144,144,1530,1513,2,0,1,False,ht_chantry-random-1.scen,20
20,ht_chantry.map,planner,1,1633,1513,144,144,1530,1513,2,0,1,True,ht_chantry-random-1.scen,20
20,ht_chantry.map,planner,1,1633,1513,144,144,1530,1513,2,0,10,False,ht_chantry-random-1.scen,20
20,ht_chantry.map,planner,1,1633,1513,144,144,1530,1513,2,0,10,True,ht_chantry-random-1.scen,20
20,ht_chantry.map,planner,1,1633,1513,144,144,1530,1513,2,0,100,False,ht_chantry-random-1.scen,20
20,ht_chantry.map,planner,1,1633,1513,144,144,1530,1513,2,0,100,True,ht_chantry-random-1.scen,20
20,ht_chantry.map,planner,1,1633,1513,144,144,1530,1513,2,0,1000,False,ht_chantry-random-1.scen,20
20,ht_chantry.map,planner,1,1633,1513,144,144,1530,1513,3,0,1000,True,ht_chantry-random-1.scen,20
60,ht_chantry.map,planner,1,5775,5176,189,189,5362,5176,7,0,0,False,ht_chantry-random-1.scen,60
60,ht_chantry.map,planner,1,5838,5176,189,189,5384,5176,7,0,0,True,ht_chantry-random-1.scen,60
60,ht_chantry.map,planner,1,5775,5176,189,189,5362,5176,7,0,1,False,ht_chantry-random-1.scen,60
60,ht_chantry.map,planner,1,5838,5176,189,189,5384,5176,7,0,1,True,ht_chantry-random-1.scen,60
60,ht_chantry.map,planner,1,5775,5176,189,189,5362,5176,7,0,10,False,ht_chantry-random-1.scen,60
60,ht_chantry.map,planner,1,5838,5176,189,189,5384,5176,7,0,10,True,ht_chantry-random-1.scen,60
60,ht_chantry.map,planner,1,5775,5176,189,189,5362,5176,6,0,100,False,ht_chantry-random-1.scen,60
60,ht_chantry.map,planner,1,5838,5176,189,189,5384,5176,7,0,100,True,ht_chantry-random-1.scen,60
60,ht_chantry.map,planner,1,5775,5176,189,189,5362,5176,7,0,1000,False,ht_chantry-random-1.scen,60
60,ht_chantry.map,planner,1,5838,5176,189,189,5384,5176,7,0,1000,True,ht_chantry-random-1.scen,60
100,ht_chantry.map,planner,1,10213,8644,189,189,9304,8644,11,0,0,False,ht_chantry-random-1.scen,100
100,ht_chantry.map,planner,1,10219,8644,189,189,9282,8644,13,0,0,True,ht_chantry-random-1.scen,100
100,ht_chantry.map,planner,1,10213,8644,189,189,9304,8644,11,0,1,False,ht_chantry-random-1.scen,100
100,ht_chantry.map,planner,1,10219,8644,189,189,9282,8644,12,0,1,True,ht_chantry-random-1.scen,100
100,ht_chantry.map,planner,1,10213,8644,189,189,9304,8644,13,0,10,False,ht_chantry-random-1.scen,100
100,ht_chantry.map,planner,1,10219,8644,189,189,9282,8644,12,0,10,True,ht_chantry-random-1.scen,100
100,ht_chantry.map,planner,1,10213,8644,189,189,9304,8644,12,0,100,False,ht_chantry-random-1.scen,100
100,ht_chantry.map,planner,1,10219,8644,189,189,9282,8644,13,0,100,True,ht_chantry-random-1.scen,100
100,ht_chantry.map,planner,1,10213,8644,189,189,9304,8644,12,0,1000,False,ht_chantry-random-1.scen,100
100,ht_chantry.map,planner,1,10219,8644,189,189,9282,8644,13,0,1000,True,ht_chantry-random-1.scen,100
140,ht_chantry.map,planner,1,15452,12425,189,189,13504,12425,19,0,0,False,ht_chantry-random-1.scen,140
140,ht_chantry.map,planner,1,15000,12425,189,189,13402,12425,27,0,0,True,ht_chantry-random-1.scen,140
140,ht_chantry.map,planner,1,15452,12425,189,189,13504,12425,18,0,1,False,ht_chantry-random-1.scen,140
140,ht_chantry.map,planner,1,15000,12425,189,189,13402,12425,27,0,1,True,ht_chantry-random-1.scen,140
140,ht_chantry.map,planner,1,15452,12425,189,189,13504,12425,16,0,10,False,ht_chantry-random-1.scen,140
140,ht_chantry.map,planner,1,15000,12425,189,189,13402,12425,26,0,10,True,ht_chantry-random-1.scen,140
140,ht_chantry.map,planner,1,15452,12425,189,189,13504,12425,17,0,100,False,ht_chantry-random-1.scen,140
140,ht_chantry.map,planner,1,15000,12425,189,189,13402,12425,28,0,100,True,ht_chantry-random-1.scen,140
140,ht_chantry.map,planner,1,15452,12425,189,189,13504,12425,18,0,1000,False,ht_chantry-random-1.scen,140
140,ht_chantry.map,planner,1,15000,12425,189,189,13402,12425,26,0,1000,True,ht_chantry-random-1.scen,140
180,ht_chantry.map,planner,1,20277,16155,192,192,17747,16155,23,0,0,False,ht_chantry-random-1.scen,180
180,ht_chantry.map,planner,1,19934,16155,192,192,17469,16155,37,0,0,True,ht_chantry-random-1.scen,180
180,ht_chantry.map,planner,1,20277,16155,192,192,17747,16155,24,0,1,False,ht_chantry-random-1.scen,180
180,ht_chantry.map,planner,1,19934,16155,192,192,17469,16155,53,0,1,True,ht_chantry-random-1.scen,180
180,ht_chantry.map,planner,1,20277,16155,192,192,17747,16155,25,0,10,False,ht_chantry-random-1.scen,180
180,ht_chantry.map,planner,1,19934,16155,192,192,17469,16155,38,0,10,True,ht_chantry-random-1.scen,180
180,ht_chantry.map,planner,1,20277,16155,192,192,17747,16155,22,0,100,False,ht_chantry-random-1.scen,180
180,ht_chantry.map,planner,1,19934,16155,192,192,17469,16155,34,0,100,True,ht_chantry-random-1.scen,180
180,ht_chantry.map,planner,1,20277,16155,192,192,17747,16155,24,0,1000,False,ht_chantry-random-1.scen,180
180,ht_chantry.map,planner,1,19934,16155,192,192,17469,16155,36,0,1000,True,ht_chantry-random-1.scen,180
220,ht_chantry.map,planner,1,25215,19531,194,192,21838,19531,30,0,0,False,ht_chantry-random-1.scen,220
220,ht_chantry.map,planner,1,24449,19531,202,192,21389,19531,455,0,0,True,ht_chantry-random-1.scen,220
220,ht_chantry.map,planner,1,25215,19531,194,192,21838,19531,27,0,1,False,ht_chantry-random-1.scen,220
220,ht_chantry.map,planner,1,24449,19531,202,192,21389,19531,404,0,1,True,ht_chantry-random-1.scen,220
220,ht_chantry.map,planner,1,25215,19531,194,192,21838,19531,30,0,10,False,ht_chantry-random-1.scen,220
220,ht_chantry.map,planner,1,24449,19531,202,192,21389,19531,373,0,10,True,ht_chantry-random-1.scen,220
220,ht_chantry.map,planner,1,25215,19531,194,192,21838,19531,28,0,100,False,ht_chantry-random-1.scen,220
220,ht_chantry.map,planner,1,24449,19531,202,192,21389,19531,374,0,100,True,ht_chantry-random-1.scen,220
220,ht_chantry.map,planner,1,25215,19531,194,192,21838,19531,27,0,1000,False,ht_chantry-random-1.scen,220
220,ht_chantry.map,planner,1,24449,19531,202,192,21389,19531,393,0,1000,True,ht_chantry-random-1.scen,220
260,ht_chantry.map,planner,1,30216,22893,193,192,25848,22893,32,0,0,False,ht_chantry-random-1.scen,260
260,ht_chantry.map,planner,1,29633,22893,209,192,25277,22893,42326,0,0,True,ht_chantry-random-1.scen,260
260,ht_chantry.map,planner,1,30216,22893,193,192,25848,22893,35,0,1,False,ht_chantry-random-1.scen,260
260,ht_chantry.map,planner,1,29633,22893,209,192,25277,22893,43101,0,1,True,ht_chantry-random-1.scen,260
260,ht_chantry.map,planner,1,30216,22893,193,192,25848,22893,37,0,10,False,ht_chantry-random-1.scen,260
260,ht_chantry.map,planner,1,29633,22893,209,192,25277,22893,42229,0,10,True,ht_chantry-random-1.scen,260
260,ht_chantry.map,planner,1,30216,22893,193,192,25848,22893,36,0,100,False,ht_chantry-random-1.scen,260
260,ht_chantry.map,planner,1,29633,22893,209,192,25277,22893,42001,0,100,True,ht_chantry-random-1.scen,260
260,ht_chantry.map,planner,1,30216,22893,193,192,25848,22893,53,0,1000,False,ht_chantry-random-1.scen,260
260,ht_chantry.map,planner,1,29633,22893,209,192,25277,22893,39958,0,1000,True,ht_chantry-random-1.scen,260
300,ht_chantry.map,planner,1,36340,26898,192,192,30940,26898,36,0,0,False,ht_chantry-random-1.scen,300
300,ht_chantry.map,planner,1,35441,26898,204,192,30073,26898,5341,0,0,True,ht_chantry-random-1.scen,300
300,ht_chantry.map,planner,1,36340,26898,192,192,30940,26898,35,0,1,False,ht_chantry-random-1.scen,300
300,ht_chantry.map,planner,1,35441,26898,204,192,30073,26898,5412,0,1,True,ht_chantry-random-1.scen,300
300,ht_chantry.map,planner,1,36340,26898,192,192,30940,26898,36,0,10,False,ht_chantry-random-1.scen,300
300,ht_chantry.map,planner,1,35441,26898,204,192,30073,26898,5152,0,10,True,ht_chantry-random-1.scen,300
300,ht_chantry.map,planner,1,36340,26898,192,192,30940,26898,37,0,100,False,ht_chantry-random-1.scen,300
300,ht_chantry.map,planner,1,35441,26898,204,192,30073,26898,5107,0,100,True,ht_chantry-random-1.scen,300
300,ht_chantry.map,planner,1,36340,26898,192,192,30940,26898,38,0,1000,False,ht_chantry-random-1.scen,300
300,ht_chantry.map,planner,1,35441,26898,204,192,30073,26898,5056,0,1000,True,ht_chantry-random-1.scen,300
340,ht_chantry.map,planner,1,43697,30935,208,201,36556,30935,41,0,0,False,ht_chantry-random-1.scen,340
20,ht_chantry.map,planner,1,1938,1923,175,175,1938,1923,2,0,0,False,ht_chantry-random-3.scen,20
20,ht_chantry.map,planner,1,1938,1923,175,175,1938,1923,2,0,0,True,ht_chantry-random-3.scen,20
20,ht_chantry.map,planner,1,1938,1923,175,175,1938,1923,2,0,1,False,ht_chantry-random-3.scen,20
20,ht_chantry.map,planner,1,1938,1923,175,175,1938,1923,2,0,1,True,ht_chantry-random-3.scen,20
20,ht_chantry.map,planner,1,1938,1923,175,175,1938,1923,2,0,10,False,ht_chantry-random-3.scen,20
20,ht_chantry.map,planner,1,1938,1923,175,175,1938,1923,2,0,10,True,ht_chantry-random-3.scen,20
20,ht_chantry.map,planner,1,1938,1923,175,175,1938,1923,2,0,100,False,ht_chantry-random-3.scen,20
20,ht_chantry.map,planner,1,1938,1923,175,175,1938,1923,2,0,100,True,ht_chantry-random-3.scen,20
20,ht_chantry.map,planner,1,1938,1923,175,175,1938,1923,2,0,1000,False,ht_chantry-random-3.scen,20
20,ht_chantry.map,planner,1,1938,1923,175,175,1938,1923,2,0,1000,True,ht_chantry-random-3.scen,20
60,ht_chantry.map,planner,1,6004,5615,179,179,5864,5615,6,0,0,False,ht_chantry-random-3.scen,60
60,ht_chantry.map,planner,1,5998,5615,181,179,5810,5615,6,0,0,True,ht_chantry-random-3.scen,60
60,ht_chantry.map,planner,1,6004,5615,179,179,5864,5615,5,0,1,False,ht_chantry-random-3.scen,60
60,ht_chantry.map,planner,1,5998,5615,181,179,5810,5615,6,0,1,True,ht_chantry-random-3.scen,60
60,ht_chantry.map,planner,1,6004,5615,179,179,5864,5615,5,0,10,False,ht_chantry-random-3.scen,60
60,ht_chantry.map,planner,1,5998,5615,181,179,5810,5615,6,0,10,True,ht_chantry-random-3.scen,60
60,ht_chantry.map,planner,1,6004,5615,179,179,5864,5615,6,0,100,False,ht_chantry-random-3.scen,60
60,ht_chantry.map,planner,1,5998,5615,181,179,5810,5615,6,0,100,True,ht_chantry-random-3.scen,60
60,ht_chantry.map,planner,1,6004,5615,179,179,5864,5615,7,0,1000,False,ht_chantry-random-3.scen,60
60,ht_chantry.map,planner,1,5998,5615,181,179,5810,5615,6,0,1000,True,ht_chantry-random-3.scen,60
100,ht_chantry.map,planner,1,10599,9227,203,203,9785,9227,12,0,0,False,ht_chantry-random-3.scen,100
100,ht_chantry.map,planner,1,10623,9227,203,203,9795,9227,11,0,0,True,ht_chantry-random-3.scen,100
100,ht_chantry.map,planner,1,10599,9227,203,203,9785,9227,12,0,1,False,ht_chantry-random-3.scen,100
100,ht_chantry.map,planner,1,10623,9227,203,203,9795,9227,11,0,1,True,ht_chantry-random-3.scen,100
100,ht_chantry.map,planner,1,10599,9227,203,203,9785,9227,11,0,10,False,ht_chantry-random-3.scen,100
100,ht_chantry.map,planner,1,10623,9227,203,203,9795,9227,12,0,10,True,ht_chantry-random-3.scen,100
100,ht_chantry.map,planner,1,10599,9227,203,203,9785,9227,12,0,100,False,ht_chantry-random-3.scen,100
100,ht_chantry.map,planner,1,10623,9227,203,203,9795,9227,11,0,100,True,ht_chantry-random-3.scen,100
100,ht_chantry.map,planner,1,10599,9227,203,203,9785,9227,10,0,1000,False,ht_chantry-random-3.scen,100
100,ht_chantry.map,planner,1,10623,9227,203,203,9795,9227,11,0,1000,True,ht_chantry-random-3.scen,100
140,ht_chantry.map,planner,1,15500,12900,204,203,14004,12900,17,0,0,False,ht_chantry-random-3.scen,140
140,ht_chantry.map,planner,1,15370,12900,203,203,13775,12900,16,0,0,True,ht_chantry-random-3.scen,140
140,ht_chantry.map,planner,1,15500,12900,204,203,14004,12900,16,0,1,False,ht_chantry-random-3.scen,140
140,ht_chantry.map,planner,1,15370,12900,203,203,13775,12900,16,0,1,True,ht_chantry-random-3.scen,140
140,ht_chantry.map,planner,1,15500,12900,204,203,14004,12900,16,0,10,False,ht_chantry-random-3.scen,140
140,ht_chantry.map,planner,1,15370,12900,203,203,13775,12900,18,0,10,True,ht_chantry-random-3.scen,140
140,ht_chantry.map,planner,1,15500,12900,204,203,14004,12900,19,0,100,False,ht_chantry-random-3.scen,140
140,ht_chantry.map,planner,1,15370,12900,203,203,13775,12900,16,0,100,True,ht_chantry-random-3.scen,140
140,ht_chantry.map,planner,1,15500,12900,204,203,14004,12900,19,0,1000,False,ht_chantry-random-3.scen,140
140,ht_chantry.map,planner,1,15370,12900,203,203,13775,12900,16,0,1000,True,ht_chantry-random-3.scen,140
180,ht_chantry.map,planner,1,20865,16407,203,203,18240,16407,20,0,0,False,ht_chantry-random-3.scen,180
180,ht_chantry.map,planner,1,20440,16407,210,203,17814,16407,85,0,0,True,ht_chantry-random-3.scen,180
180,ht_chantry.map,planner,1,20865,16407,203,203,18240,16407,21,0,1,False,ht_chantry-random-3.scen,180
180,ht_chantry.map,planner,1,20440,16407,210,203,17814,16407,86,0,1,True,ht_chantry-random-3.scen,180
180,ht_chantry.map,planner,1,20865,16407,203,203,18240,16407,23,0,10,False,ht_chantry-random-3.scen,180
180,ht_chantry.map,planner,1,20440,16407,210,203,17814,16407,84,0,10,True,ht_chantry-random-3.scen,180
180,ht_chantry.map,planner,1,20865,16407,203,203,18240,16407,22,0,100,False,ht_chantry-random-3.scen,180
180,ht_chantry.map,planner,1,20440,16407,210,203,17814,16407,84,0,100,True,ht_chantry-random-3.scen,180
180,ht_chantry.map,planner,1,20865,16407,203,203,18240,16407,22,0,1000,False,ht_chantry-random-3.scen,180
180,ht_chantry.map,planner,1,20440,16407,210,203,17814,16407,87,0,1000,True,ht_chantry-random-3.scen,180
220,ht_chantry.map,planner,1,26066,20348,203,203,22644,20348,25,0,0,False,ht_chantry-random-3.scen,220
220,ht_chantry.map,planner,1,24964,20348,203,203,22120,20348,56219,0,0,True,ht_chantry-random-3.scen,220
220,ht_chantry.map,planner,1,26066,20348,203,203,22644,20348,25,0,1,False,ht_chantry-random-3.scen,220
220,ht_chantry.map,planner,1,24964,20348,203,203,22120,20348,55298,0,1,True,ht_chantry-random-3.scen,220
220,ht_chantry.map,planner,1,26066,20348,203,203,22644,20348,25,0,10,False,ht_chantry-random-3.scen,220
220,ht_chantry.map,planner,1,24964,20348,203,203,22120,20348,54938,0,10,True,ht_chantry-random-3.scen,220
220,ht_chantry.map,planner,1,26066,20348,203,203,22644,20348,26,0,100,False,ht_chantry-random-3.scen,220
220,ht_chantry.map,planner,1,25542,20348,208,203,22352,20348,28233,0,100,True,ht_chantry-random-3.scen,220
220,ht_chantry.map,planner,1,26066,20348,203,203,22644,20348,22,0,1000,False,ht_chantry-random-3.scen,220
220,ht_chantry.map,planner,1,25542,20348,208,203,22352,20348,28219,0,1000,True,ht_chantry-random-3.scen,220
260,ht_chantry.map,planner,1,31388,23798,204,203,26928,23798,30,0,0,False,ht_chantry-random-3.scen,260
20,ht_chantry.map,planner,1,1649,1640,160,160,1648,1640,2,0,0,False,ht_chantry-random-7.scen,20
20,ht_chantry.map,planner,1,1649,1640,160,160,1648,1640,2,0,0,True,ht_chantry-random-7.scen,20
20,ht_chantry.map,planner,1,1649,1640,160,160,1648,1640,2,0,1,False,ht_chantry-random-7.scen,20
20,ht_chantry.map,planner,1,1649,1640,160,160,1648,1640,2,0,1,True,ht_chantry-random-7.scen,20
20,ht_chantry.map,planner,1,1649,1640,160,160,1648,1640,2,0,10,False,ht_chantry-random-7.scen,20
20,ht_chantry.map,planner,1,1649,1640,160,160,1648,1640,2,0,10,True,ht_chantry-random-7.scen,20
20,ht_chantry.map,planner,1,1649,1640,160,160,1648,1640,1,0,100,False,ht_chantry-random-7.scen,20
20,ht_chantry.map,planner,1,1649,1640,160,160,1648,1640,2,0,100,True,ht_chantry-random-7.scen,20
20,ht_chantry.map,planner,1,1649,1640,160,160,1648,1640,2,0,1000,False,ht_chantry-random-7.scen,20
20,ht_chantry.map,planner,1,1649,1640,160,160,1648,1640,2,0,1000,True,ht_chantry-random-7.scen,20
60,ht_chantry.map,planner,1,6160,5607,172,172,5915,5607,5,0,0,False,ht_chantry-random-7.scen,60
60,ht_chantry.map,planner,1,6160,5607,172,172,5915,5607,5,0,0,True,ht_chantry-random-7.scen,60
60,ht_chantry.map,planner,1,6160,5607,172,172,5915,5607,6,0,1,False,ht_chantry-random-7.scen,60
60,ht_chantry.map,planner,1,6300,5607,172,172,5888,5607,6,0,1,True,ht_chantry-random-7.scen,60
60,ht_chantry.map,planner,1,6160,5607,172,172,5915,5607,6,0,10,False,ht_chantry-random-7.scen,60
60,ht_chantry.map,planner,1,6300,5607,172,172,5888,5607,5,0,10,True,ht_chantry-random-7.scen,60
60,ht_chantry.map,planner,1,6160,5607,172,172,5915,5607,6,0,100,False,ht_chantry-random-7.scen,60
60,ht_chantry.map,planner,1,6300,5607,172,172,5888,5607,6,0,100,True,ht_chantry-random-7.scen,60
60,ht_chantry.map,planner,1,6160,5607,172,172,5915,5607,6,0,1000,False,ht_chantry-random-7.scen,60
60,ht_chantry.map,planner,1,6300,5607,172,172,5888,5607,6,0,1000,True,ht_chantry-random-7.scen,60
100,ht_chantry.map,planner,1,10457,8974,175,172,9683,8974,11,0,0,False,ht_chantry-random-7.scen,100
100,ht_chantry.map,planner,1,10457,8974,175,172,9683,8974,11,0,0,True,ht_chantry-random-7.scen,100
100,ht_chantry.map,planner,1,10457,8974,175,172,9683,8974,10,0,1,False,ht_chantry-random-7.scen,100
100,ht_chantry.map,planner,1,10197,8974,172,172,9495,8974,10,0,1,True,ht_chantry-random-7.scen,100
100,ht_chantry.map,planner,1,10457,8974,175,172,9683,8974,10,0,10,False,ht_chantry-random-7.scen,100
100,ht_chantry.map,planner,1,10197,8974,172,172,9495,8974,9,0,10,True,ht_chantry-random-7.scen,100
100,ht_chantry.map,planner,1,10457,8974,175,172,9683,8974,10,0,100,False,ht_chantry-random-7.scen,100
100,ht_chantry.map,planner,1,10197,8974,172,172,9495,8974,10,0,100,True,ht_chantry-random-7.scen,100
100,ht_chantry.map,planner,1,10457,8974,175,172,9683,8974,10,0,1000,False,ht_chantry-random-7.scen,100
100,ht_chantry.map,planner,1,10197,8974,172,172,9495,8974,10,0,1000,True,ht_chantry-random-7.scen,100
140,ht_chantry.map,planner,1,15615,13148,180,180,14362,13148,13,0,0,False,ht_chantry-random-7.scen,140
140,ht_chantry.map,planner,1,15615,13148,180,180,14362,13148,17,0,0,True,ht_chantry-random-7.scen,140
140,ht_chantry.map,planner,1,15615,13148,180,180,14362,13148,14,0,1,False,ht_chantry-random-7.scen,140
140,ht_chantry.map,planner,1,15393,13148,183,180,14049,13148,17,0,1,True,ht_chantry-random-7.scen,140
140,ht_chantry.map,planner,1,15615,13148,180,180,14362,13148,13,0,10,False,ht_chantry-random-7.scen,140
140,ht_chantry.map,planner,1,15393,13148,183,180,14049,13148,16,0,10,True,ht_chantry-random-7.scen,140
140,ht_chantry.map,planner,1,15615,13148,180,180,14362,13148,15,0,100,False,ht_chantry-random-7.scen,140
140,ht_chantry.map,planner,1,15393,13148,183,180,14049,13148,16,0,100,True,ht_chantry-random-7.scen,140
140,ht_chantry.map,planner,1,15615,13148,180,180,14362,13148,15,0,1000,False,ht_chantry-random-7.scen,140
140,ht_chantry.map,planner,1,15393,13148,183,180,14049,13148,15,0,1000,True,ht_chantry-random-7.scen,140
180,ht_chantry.map,planner,1,20607,17192,180,180,18944,17192,18,0,0,False,ht_chantry-random-7.scen,180
180,ht_chantry.map,planner,1,20607,17192,180,180,18944,17192,20,0,0,True,ht_chantry-random-7.scen,180
180,ht_chantry.map,planner,1,20607,17192,180,180,18944,17192,18,0,1,False,ht_chantry-random-7.scen,180
180,ht_chantry.map,planner,1,20364,17192,191,180,18694,17192,38,0,1,True,ht_chantry-random-7.scen,180
180,ht_chantry.map,planner,1,20607,17192,180,180,18944,17192,18,0,10,False,ht_chantry-random-7.scen,180
180,ht_chantry.map,planner,1,20451,17192,192,180,18703,17192,86,0,10,True,ht_chantry-random-7.scen,180
180,ht_chantry.map,planner,1,20607,17192,180,180,18944,17192,19,0,100,False,ht_chantry-random-7.scen,180
180,ht_chantry.map,planner,1,20234,17192,192,180,18717,17192,93,0,100,True,ht_chantry-random-7.scen,180
180,ht_chantry.map,planner,1,20607,17192,180,180,18944,17192,19,0,1000,False,ht_chantry-random-7.scen,180
180,ht_chantry.map,planner,1,20234,17192,192,180,18717,17192,92,0,1000,True,ht_chantry-random-7.scen,180
220,ht_chantry.map,planner,1,26325,20705,180,180,23351,20705,25,0,0,False,ht_chantry-random-7.scen,220
220,ht_chantry.map,planner,1,26325,20705,180,180,23351,20705,22,0,0,True,ht_chantry-random-7.scen,220
220,ht_chantry.map,planner,1,26325,20705,180,180,23351,20705,24,0,1,False,ht_chantry-random-7.scen,220
220,ht_chantry.map,planner,1,25071,20705,249,180,22640,20705,60,0,1,True,ht_chantry-random-7.scen,220
220,ht_chantry.map,planner,1,26325,20705,180,180,23351,20705,22,0,10,False,ht_chantry-random-7.scen,220
220,ht_chantry.map,planner,1,25212,20705,194,180,22572,20705,139,0,10,True,ht_chantry-random-7.scen,220
220,ht_chantry.map,planner,1,26325,20705,180,180,23351,20705,21,0,100,False,ht_chantry-random-7.scen,220
220,ht_chantry.map,planner,1,24719,20705,190,180,22432,20705,163,0,100,True,ht_chantry-random-7.scen,220
220,ht_chantry.map,planner,1,26325,20705,180,180,23351,20705,25,0,1000,False,ht_chantry-random-7.scen,220
220,ht_chantry.map,planner,1,24776,20705,188,180,22441,20705,1062,0,1000,True,ht_chantry-random-7.scen,220
260,ht_chantry.map,planner,1,30835,24302,181,180,27495,24302,26,0,0,False,ht_chantry-random-7.scen,260
260,ht_chantry.map,planner,1,30835,24302,181,180,27495,24302,32,0,0,True,ht_chantry-random-7.scen,260
260,ht_chantry.map,planner,1,30835,24302,181,180,27495,24302,27,0,1,False,ht_chantry-random-7.scen,260
260,ht_chantry.map,planner,1,30055,24302,190,180,26518,24302,63,0,1,True,ht_chantry-random-7.scen,260
260,ht_chantry.map,planner,1,30835,24302,181,180,27495,24302,26,0,10,False,ht_chantry-random-7.scen,260
260,ht_chantry.map,planner,1,29963,24302,195,180,26599,24302,317,0,10,True,ht_chantry-random-7.scen,260
260,ht_chantry.map,planner,1,30835,24302,181,180,27495,24302,28,0,100,False,ht_chantry-random-7.scen,260
260,ht_chantry.map,planner,1,30223,24302,247,180,26505,24302,1643,0,100,True,ht_chantry-random-7.scen,260
260,ht_chantry.map,planner,1,30835,24302,181,180,27495,24302,27,0,1000,False,ht_chantry-random-7.scen,260
260,ht_chantry.map,planner,1,30093,24302,192,180,26518,24302,9147,0,1000,True,ht_chantry-random-7.scen,260
20,ht_chantry.map,planner,1,2135,1918,191,191,1949,1918,2,0,0,False,ht_chantry-random-9.scen,20
20,ht_chantry.map,planner,1,2135,1918,191,191,1949,1918,2,0,0,True,ht_chantry-random-9.scen,20
20,ht_chantry.map,planner,1,2135,1918,191,191,1949,1918,2,0,1,False,ht_chantry-random-9.scen,20
20,ht_chantry.map,planner,1,2135,1918,191,191,1949,1918,2,0,1,True,ht_chantry-random-9.scen,20
20,ht_chantry.map,planner,1,2135,1918,191,191,1949,1918,2,0,10,False,ht_chantry-random-9.scen,20
20,ht_chantry.map,planner,1,2135,1918,191,191,1949,1918,2,0,10,True,ht_chantry-random-9.scen,20
20,ht_chantry.map,planner,1,2135,1918,191,191,1949,1918,2,0,100,False,ht_chantry-random-9.scen,20
20,ht_chantry.map,planner,1,2135,1918,191,191,1949,1918,2,0,100,True,ht_chantry-random-9.scen,20
20,ht_chantry.map,planner,1,2135,1918,191,191,1949,1918,2,0,1000,False,ht_chantry-random-9.scen,20
20,ht_chantry.map,planner,1,2135,1918,191,191,1949,1918,2,0,1000,True,ht_chantry-random-9.scen,20
60,ht_chantry.map,planner,1,6417,5720,191,191,5885,5720,6,0,0,False,ht_chantry-random-9.scen,60
60,ht_chantry.map,planner,1,6417,5720,191,191,5885,5720,6,0,0,True,ht_chantry-random-9.scen,60
60,ht_chantry.map,planner,1,6417,5720,191,191,5885,5720,6,0,1,False,ht_chantry-random-9.scen,60
60,ht_chantry.map,planner,1,6464,5720,191,191,5910,5720,7,0,1,True,ht_chantry-random-9.scen,60
60,ht_chantry.map,planner,1,6417,5720,191,191,5885,5720,5,0,10,False,ht_chantry-random-9.scen,60
60,ht_chantry.map,planner,1,6464,5720,191,191,5910,5720,6,0,10,True,ht_chantry-random-9.scen,60
60,ht_chantry.map,planner,1,6417,5720,191,191,5885,5720,5,0,100,False,ht_chantry-random-9.scen,60
60,ht_chantry.map,planner,1,6464,5720,191,191,5910,5720,6,0,100,True,ht_chantry-random-9.scen,60
60,ht_chantry.map,planner,1,6417,5720,191,191,5885,5720,5,0,1000,False,ht_chantry-random-9.scen,60
60,ht_chantry.map,planner,1,6464,5720,191,191,5910,5720,5,0,1000,True,ht_chantry-random-9.scen,60
100,ht_chantry.map,planner,1,10870,9618,202,202,10145,9618,10,0,0,False,ht_chantry-random-9.scen,100
100,ht_chantry.map,planner,1,10870,9618,202,202,10145,9618,10,0,0,True,ht_chantry-random-9.scen,100
100,ht_chantry.map,planner,1,10870,9618,202,202,10145,9618,9,0,1,False,ht_chantry-random-9.scen,100
100,ht_chantry.map,planner,1,10998,9618,202,202,10177,9618,10,0,1,True,ht_chantry-random-9.scen,100
100,ht_chantry.map,planner,1,10870,9618,202,202,10145,9618,9,0,10,False,ht_chantry-random-9.scen,100
100,ht_chantry.map,planner,1,10998,9618,202,202,10177,9618,11,0,10,True,ht_chantry-random-9.scen,100
100,ht_chantry.map,planner,1,10870,9618,202,202,10145,9618,10,0,100,False,ht_chantry-random-9.scen,100
100,ht_chantry.map,planner,1,10998,9618,202,202,10177,9618,10,0,100,True,ht_chantry-random-9.scen,100
100,ht_chantry.map,planner,1,10870,9618,202,202,10145,9618,11,0,1000,False,ht_chantry-random-9.scen,100
100,ht_chantry.map,planner,1,10998,9618,202,202,10177,9618,10,0,1000,True,ht_chantry-random-9.scen,100
140,ht_chantry.map,planner,1,15730,13349,202,202,14449,13349,14,0,0,False,ht_chantry-random-9.scen,140
140,ht_chantry.map,planner,1,15730,13349,202,202,14449,13349,13,0,0,True,ht_chantry-random-9.scen,140
140,ht_chantry.map,planner,1,15730,13349,202,202,14449,13349,14,0,1,False,ht_chantry-random-9.scen,140
140,ht_chantry.map,planner,1,15592,13349,202,202,14212,13349,14,0,1,True,ht_chantry-random-9.scen,140
140,ht_chantry.map,planner,1,15730,13349,202,202,14449,13349,15,0,10,False,ht_chantry-random-9.scen,140
140,ht_chantry.map,planner,1,15592,13349,202,202,14212,13349,14,0,10,True,ht_chantry-random-9.scen,140
140,ht_chantry.map,planner,1,15730,13349,202,202,14449,13349,13,0,100,False,ht_chantry-random-9.scen,140
140,ht_chantry.map,planner,1,15592,13349,202,202,14212,13349,16,0,100,True,ht_chantry-random-9.scen,140
140,ht_chantry.map,planner,1,15730,13349,202,202,14449,13349,13,0,1000,False,ht_chantry-random-9.scen,140
140,ht_chantry.map,planner,1,15592,13349,202,202,14212,13349,14,0,1000,True,ht_chantry-random-9.scen,140
180,ht_chantry.map,planner,1,21602,17502,202,202,19205,17502,19,0,0,False,ht_chantry-random-9.scen,180
180,ht_chantry.map,planner,1,21602,17502,202,202,19205,17502,20,0,0,True,ht_chantry-random-9.scen,180
180,ht_chantry.map,planner,1,21602,17502,202,202,19205,17502,18,0,1,False,ht_chantry-random-9.scen,180
180,ht_chantry.map,planner,1,21007,17502,202,202,18824,17502,20,0,1,True,ht_chantry-random-9.scen,180
180,ht_chantry.map,planner,1,21602,17502,202,202,19205,17502,19,0,10,False,ht_chantry-random-9.scen,180
180,ht_chantry.map,planner,1,21007,17502,202,202,18824,17502,22,0,10,True,ht_chantry-random-9.scen,180
180,ht_chantry.map,planner,1,21602,17502,202,202,19205,17502,21,0,100,False,ht_chantry-random-9.scen,180
180,ht_chantry.map,planner,1,21007,17502,202,202,18824,17502,22,0,100,True,ht_chantry-random-9.scen,180
180,ht_chantry.map,planner,1,21602,17502,202,202,19205,17502,19,0,1000,False,ht_chantry-random-9.scen,180
180,ht_chantry.map,planner,1,21007,17502,202,202,18824,17502,22,0,1000,True,ht_chantry-random-9.scen,180
220,ht_chantry.map,planner,1,26290,21063,202,202,23214,21063,23,0,0,False,ht_chantry-random-9.scen,220
220,ht_chantry.map,planner,1,26290,21063,202,202,23214,21063,24,0,0,True,ht_chantry-random-9.scen,220
220,ht_chantry.map,planner,1,26290,21063,202,202,23214,21063,23,0,1,False,ht_chantry-random-9.scen,220
220,ht_chantry.map,planner,1,25635,21063,204,202,22701,21063,32,0,1,True,ht_chantry-random-9.scen,220
220,ht_chantry.map,planner,1,26290,21063,202,202,23214,21063,22,0,10,False,ht_chantry-random-9.scen,220
220,ht_chantry.map,planner,1,26158,21063,204,202,22744,21063,47,0,10,True,ht_chantry-random-9.scen,220
220,ht_chantry.map,planner,1,26290,21063,202,202,23214,21063,23,0,100,False,ht_chantry-random-9.scen,220
220,ht_chantry.map,planner,1,25778,21063,204,202,22640,21063,53,0,100,True,ht_chantry-random-9.scen,220
220,ht_chantry.map,planner,1,26290,21063,202,202,23214,21063,23,0,1000,False,ht_chantry-random-9.scen,220
220,ht_chantry.map,planner,1,25778,21063,204,202,22640,21063,51,0,1000,True,ht_chantry-random-9.scen,220
260,ht_chantry.map,planner,1,31417,24946,202,202,27609,24946,29,0,0,False,ht_chantry-random-9.scen,260
260,ht_chantry.map,planner,1,31417,24946,202,202,27609,24946,29,0,0,True,ht_chantry-random-9.scen,260
260,ht_chantry.map,planner,1,31417,24946,202,202,27609,24946,28,0,1,False,ht_chantry-random-9.scen,260
260,ht_chantry.map,planner,1,30548,24946,202,202,27125,24946,54,0,1,True,ht_chantry-random-9.scen,260
260,ht_chantry.map,planner,1,31417,24946,202,202,27609,24946,28,0,10,False,ht_chantry-random-9.scen,260
260,ht_chantry.map,planner,1,30748,24946,202,202,27132,24946,85,0,10,True,ht_chantry-random-9.scen,260
260,ht_chantry.map,planner,1,31417,24946,202,202,27609,24946,27,0,100,False,ht_chantry-random-9.scen,260
260,ht_chantry.map,planner,1,30563,24946,202,202,27075,24946,87,0,100,True,ht_chantry-random-9.scen,260
260,ht_chantry.map,planner,1,31417,24946,202,202,27609,24946,27,0,1000,False,ht_chantry-random-9.scen,260
260,ht_chantry.map,planner,1,30563,24946,202,202,27075,24946,86,0,1000,True,ht_chantry-random-9.scen,260
20,ht_chantry.map,planner,1,2180,2138,183,183,2155,2138,2,0,0,False,ht_chantry-random-13.scen,20
20,ht_chantry.map,planner,1,2180,2138,183,183,2155,2138,2,0,0,True,ht_chantry-random-13.scen,20
20,ht_chantry.map,planner,1,2180,2138,183,183,2155,2138,2,0,1,False,ht_chantry-random-13.scen,20
20,ht_chantry.map,planner,1,2180,2138,183,183,2155,2138,2,0,1,True,ht_chantry-random-13.scen,20
20,ht_chantry.map,planner,1,2180,2138,183,183,2155,2138,2,0,10,False,ht_chantry-random-13.scen,20
20,ht_chantry.map,planner,1,2180,2138,183,183,2155,2138,2,0,10,True,ht_chantry-random-13.scen,20
20,ht_chantry.map,planner,1,2180,2138,183,183,2155,2138,2,0,100,False,ht_chantry-random-13.scen,20
20,ht_chantry.map,planner,1,2180,2138,183,183,2155,2138,2,0,100,True,ht_chantry-random-13.scen,20
20,ht_chantry.map,planner,1,2180,2138,183,183,2155,2138,2,0,1000,False,ht_chantry-random-13.scen,20
20,ht_chantry.map,planner,1,2180,2138,183,183,2155,2138,2,0,1000,True,ht_chantry-random-13.scen,20
60,ht_chantry.map,planner,1,6876,6253,199,199,6598,6253,6,0,0,False,ht_chantry-random-13.scen,60
60,ht_chantry.map,planner,1,6876,6253,199,199,6598,6253,6,0,0,True,ht_chantry-random-13.scen,60
60,ht_chantry.map,planner,1,6876,6253,199,199,6598,6253,6,0,1,False,ht_chantry-random-13.scen,60
60,ht_chantry.map,planner,1,6841,6253,199,199,6616,6253,6,0,1,True,ht_chantry-random-13.scen,60
60,ht_chantry.map,planner,1,6876,6253,199,199,6598,6253,6,0,10,False,ht_chantry-random-13.scen,60
60,ht_chantry.map,planner,1,6841,6253,199,199,6616,6253,6,0,10,True,ht_chantry-random-13.scen,60
60,ht_chantry.map,planner,1,6876,6253,199,199,6598,6253,6,0,100,False,ht_chantry-random-13.scen,60
60,ht_chantry.map,planner,1,6841,6253,199,199,6616,6253,6,0,100,True,ht_chantry-random-13.scen,60
60,ht_chantry.map,planner,1,6876,6253,199,199,6598,6253,6,0,1000,False,ht_chantry-random-13.scen,60
60,ht_chantry.map,planner,1,6841,6253,199,199,6616,6253,6,0,1000,True,ht_chantry-random-13.scen,60
100,ht_chantry.map,planner,1,11732,10314,201,199,11120,10314,10,0,0,False,ht_chantry-random-13.scen,100
100,ht_chantry.map,planner,1,11732,10314,201,199,11120,10314,11,0,0,True,ht_chantry-random-13.scen,100
100,ht_chantry.map,planner,1,11732,10314,201,199,11120,10314,11,0,1,False,ht_chantry-random-13.scen,100
100,ht_chantry.map,planner,1,11833,10314,207,199,11090,10314,10,0,1,True,ht_chantry-random-13.scen,100
100,ht_chantry.map,planner,1,11732,10314,201,199,11120,10314,11,0,10,False,ht_chantry-random-13.scen,100
100,ht_chantry.map,planner,1,11833,10314,207,199,11090,10314,11,0,10,True,ht_chantry-random-13.scen,100
100,ht_chantry.map,planner,1,11732,10314,201,199,11120,10314,10,0,100,False,ht_chantry-random-13.scen,100
100,ht_chantry.map,planner,1,11833,10314,207,199,11090,10314,11,0,100,True,ht_chantry-random-13.scen,100
100,ht_chantry.map,planner,1,11732,10314,201,199,11120,10314,11,0,1000,False,ht_chantry-random-13.scen,100
100,ht_chantry.map,planner,1,11833,10314,207,199,11090,10314,11,0,1000,True,ht_chantry-random-13.scen,100
140,ht_chantry.map,planner,1,16930,13995,205,199,15604,13995,15,0,0,False,ht_chantry-random-13.scen,140
140,ht_chantry.map,planner,1,16930,13995,205,199,15604,13995,14,0,0,True,ht_chantry-random-13.scen,140
140,ht_chantry.map,planner,1,16930,13995,205,199,15604,13995,16,0,1,False,ht_chantry-random-13.scen,140
140,ht_chantry.map,planner,1,16528,13995,206,199,15214,13995,19,0,1,True,ht_chantry-random-13.scen,140
140,ht_chantry.map,planner,1,16930,13995,205,199,15604,13995,15,0,10,False,ht_chantry-random-13.scen,140
140,ht_chantry.map,planner,1,16528,13995,206,199,15214,13995,18,0,10,True,ht_chantry-random-13.scen,140
140,ht_chantry.map,planner,1,16930,13995,205,199,15604,13995,16,0,100,False,ht_chantry-random-13.scen,140
140,ht_chantry.map,planner,1,16528,13995,206,199,15214,13995,18,0,100,True,ht_chantry-random-13.scen,140
140,ht_chantry.map,planner,1,16930,13995,205,199,15604,13995,17,0,1000,False,ht_chantry-random-13.scen,140
140,ht_chantry.map,planner,1,16528,13995,206,199,15214,13995,17,0,1000,True,ht_chantry-random-13.scen,140
180,ht_chantry.map,planner,1,23456,18760,203,202,21291,18760,21,0,0,False,ht_chantry-random-13.scen,180
180,ht_chantry.map,planner,1,23456,18760,203,202,21291,18760,21,0,0,True,ht_chantry-random-13.scen,180
180,ht_chantry.map,planner,1,23456,18760,203,202,21291,18760,20,0,1,False,ht_chantry-random-13.scen,180
180,ht_chantry.map,planner,1,22048,18760,216,202,20581,18760,45,0,1,True,ht_chantry-random-13.scen,180
180,ht_chantry.map,planner,1,23456,18760,203,202,21291,18760,27,0,10,False,ht_chantry-random-13.scen,180
180,ht_chantry.map,planner,1,21958,18760,210,202,20495,18760,130,0,10,True,ht_chantry-random-13.scen,180
180,ht_chantry.map,planner,1,23456,18760,203,202,21291,18760,19,0,100,False,ht_chantry-random-13.scen,180
180,ht_chantry.map,planner,1,22230,18760,214,202,20616,18760,972,0,100,True,ht_chantry-random-13.scen,180
180,ht_chantry.map,planner,1,23456,18760,203,202,21291,18760,20,0,1000,False,ht_chantry-random-13.scen,180
180,ht_chantry.map,planner,1,22024,18760,213,202,20520,18760,2147,0,1000,True,ht_chantry-random-13.scen,180
220,ht_chantry.map,planner,1,28404,22569,204,202,25733,22569,28,0,0,False,ht_chantry-random-13.scen,220
220,ht_chantry.map,planner,1,28404,22569,204,202,25733,22569,25,0,0,True,ht_chantry-random-13.scen,220
220,ht_chantry.map,planner,1,28404,22569,204,202,25733,22569,24,0,1,False,ht_chantry-random-13.scen,220
220,ht_chantry.map,planner,1,26914,22569,208,202,24862,22569,58,0,1,True,ht_chantry-random-13.scen,220
220,ht_chantry.map,planner,1,28404,22569,204,202,25733,22569,27,0,10,False,ht_chantry-random-13.scen,220
220,ht_chantry.map,planner,1,26991,22569,208,202,24802,22569,166,0,10,True,ht_chantry-random-13.scen,220
220,ht_chantry.map,planner,1,28404,22569,204,202,25733,22569,26,0,100,False,ht_chantry-random-13.scen,220
220,ht_chantry.map,planner,1,26988,22569,204,202,24766,22569,1135,0,100,True,ht_chantry-random-13.scen,220
220,ht_chantry.map,planner,1,28404,22569,204,202,25733,22569,27,0,1000,False,ht_chantry-random-13.scen,220
220,ht_chantry.map,planner,1,27214,22569,211,202,24868,22569,5399,0,1000,True,ht_chantry-random-13.scen,220
260,ht_chantry.map,planner,1,34459,26571,204,202,30762,26571,28,0,0,False,ht_chantry-random-13.scen,260
260,ht_chantry.map,planner,1,34459,26571,204,202,30762,26571,31,0,0,True,ht_chantry-random-13.scen,260
260,ht_chantry.map,planner,1,34459,26571,204,202,30762,26571,29,0,1,False,ht_chantry-random-13.scen,260
260,ht_chantry.map,planner,1,32867,26571,215,202,29548,26571,76,0,1,True,ht_chantry-random-13.scen,260
260,ht_chantry.map,planner,1,34459,26571,204,202,30762,26571,33,0,10,False,ht_chantry-random-13.scen,260
260,ht_chantry.map,planner,1,32901,26571,214,202,29399,26571,315,0,10,True,ht_chantry-random-13.scen,260
260,ht_chantry.map,planner,1,34459,26571,204,202,30762,26571,31,0,100,False,ht_chantry-random-13.scen,260
260,ht_chantry.map,planner,1,32507,26571,207,202,29301,26571,1646,0,100,True,ht_chantry-random-13.scen,260
260,ht_chantry.map,planner,1,34459,26571,204,202,30762,26571,31,0,1000,False,ht_chantry-random-13.scen,260
260,ht_chantry.map,planner,1,32841,26571,207,202,29360,26571,9273,0,1000,True,ht_chantry-random-13.scen,260
20,ht_chantry.map,planner,1,1923,1883,163,163,1923,1883,2,0,0,False,ht_chantry-random-21.scen,20
20,ht_chantry.map,planner,1,1923,1883,163,163,1923,1883,2,0,0,True,ht_chantry-random-21.scen,20
20,ht_chantry.map,planner,1,1923,1883,163,163,1923,1883,2,0,1,False,ht_chantry-random-21.scen,20
20,ht_chantry.map,planner,1,1923,1883,163,163,1923,1883,2,0,1,True,ht_chantry-random-21.scen,20
20,ht_chantry.map,planner,1,1923,1883,163,163,1923,1883,2,0,10,False,ht_chantry-random-21.scen,20
20,ht_chantry.map,planner,1,1923,1883,163,163,1923,1883,2,0,10,True,ht_chantry-random-21.scen,20
20,ht_chantry.map,planner,1,1923,1883,163,163,1923,1883,2,0,100,False,ht_chantry-random-21.scen,20
20,ht_chantry.map,planner,1,1923,1883,163,163,1923,1883,2,0,100,True,ht_chantry-random-21.scen,20
20,ht_chantry.map,planner,1,1923,1883,163,163,1923,1883,2,0,1000,False,ht_chantry-random-21.scen,20
20,ht_chantry.map,planner,1,1923,1883,163,163,1923,1883,2,0,1000,True,ht_chantry-random-21.scen,20
60,ht_chantry.map,planner,1,5834,5361,179,179,5497,5361,5,0,0,False,ht_chantry-random-21.scen,60
60,ht_chantry.map,planner,1,5834,5361,179,179,5497,5361,5,0,0,True,ht_chantry-random-21.scen,60
60,ht_chantry.map,planner,1,5834,5361,179,179,5497,5361,5,0,1,False,ht_chantry-random-21.scen,60
60,ht_chantry.map,planner,1,5784,5361,179,179,5513,5361,5,0,1,True,ht_chantry-random-21.scen,60
60,ht_chantry.map,planner,1,5834,5361,179,179,5497,5361,5,0,10,False,ht_chantry-random-21.scen,60
60,ht_chantry.map,planner,1,5784,5361,179,179,5513,5361,5,0,10,True,ht_chantry-random-21.scen,60
60,ht_chantry.map,planner,1,5834,5361,179,179,5497,5361,5,0,100,False,ht_chantry-random-21.scen,60
60,ht_chantry.map,planner,1,5784,5361,179,179,5513,5361,5,0,100,True,ht_chantry-random-21.scen,60
60,ht_chantry.map,planner,1,5834,5361,179,179,5497,5361,5,0,1000,False,ht_chantry-random-21.scen,60
60,ht_chantry.map,planner,1,5784,5361,179,179,5513,5361,5,0,1000,True,ht_chantry-random-21.scen,60
100,ht_chantry.map,planner,1,10480,9090,179,179,9670,9090,10,0,0,False,ht_chantry-random-21.scen,100
100,ht_chantry.map,planner,1,10480,9090,179,179,9670,9090,9,0,0,True,ht_chantry-random-21.scen,100
100,ht_chantry.map,planner,1,10480,9090,179,179,9670,9090,10,0,1,False,ht_chantry-random-21.scen,100
100,ht_chantry.map,planner,1,10479,9090,180,179,9584,9090,10,0,1,True,ht_chantry-random-21.scen,100
100,ht_chantry.map,planner,1,10480,9090,179,179,9670,9090,9,0,10,False,ht_chantry-random-21.scen,100
100,ht_chantry.map,planner,1,10479,9090,180,179,9584,9090,10,0,10,True,ht_chantry-random-21.scen,100
100,ht_chantry.map,planner,1,10480,9090,179,179,9670,9090,9,0,100,False,ht_chantry-random-21.scen,100
100,ht_chantry.map,planner,1,10479,9090,180,179,9584,9090,9,0,100,True,ht_chantry-random-21.scen,100
100,ht_chantry.map,planner,1,10480,9090,179,179,9670,9090,10,0,1000,False,ht_chantry-random-21.scen,100
100,ht_chantry.map,planner,1,10479,9090,180,179,9584,9090,9,0,1000,True,ht_chantry-random-21.scen,100
140,ht_chantry.map,planner,1,15091,12788,187,187,13619,12788,13,0,0,False,ht_chantry-random-21.scen,140
140,ht_chantry.map,planner,1,15091,12788,187,187,13619,12788,13,0,0,True,ht_chantry-random-21.scen,140
140,ht_chantry.map,planner,1,15091,12788,187,187,13619,12788,13,0,1,False,ht_chantry-random-21.scen,140
140,ht_chantry.map,planner,1,14676,12788,187,187,13463,12788,14,0,1,True,ht_chantry-random-21.scen,140
140,ht_chantry.map,planner,1,15091,12788,187,187,13619,12788,13,0,10,False,ht_chantry-random-21.scen,140
140,ht_chantry.map,planner,1,14676,12788,187,187,13463,12788,15,0,10,True,ht_chantry-random-21.scen,140
140,ht_chantry.map,planner,1,15091,12788,187,187,13619,12788,14,0,100,False,ht_chantry-random-21.scen,140
140,ht_chantry.map,planner,1,14676,12788,187,187,13463,12788,14,0,100,True,ht_chantry-random-21.scen,140
140,ht_chantry.map,planner,1,15091,12788,187,187,13619,12788,15,0,1000,False,ht_chantry-random-21.scen,140
140,ht_chantry.map,planner,1,14676,12788,187,187,13463,12788,15,0,1000,True,ht_chantry-random-21.scen,140
180,ht_chantry.map,planner,1,19815,16163,189,187,17796,16163,18,0,0,False,ht_chantry-random-21.scen,180
180,ht_chantry.map,planner,1,19815,16163,189,187,17796,16163,17,0,0,True,ht_chantry-random-21.scen,180
180,ht_chantry.map,planner,1,19815,16163,189,187,17796,16163,19,0,1,False,ht_chantry-random-21.scen,180
180,ht_chantry.map,planner,1,19352,16163,193,187,17483,16163,28,0,1,True,ht_chantry-random-21.scen,180
180,ht_chantry.map,planner,1,19815,16163,189,187,17796,16163,17,0,10,False,ht_chantry-random-21.scen,180
180,ht_chantry.map,planner,1,19248,16163,193,187,17467,16163,41,0,10,True,ht_chantry-random-21.scen,180
180,ht_chantry.map,planner,1,19815,16163,189,187,17796,16163,18,0,100,False,ht_chantry-random-21.scen,180
180,ht_chantry.map,planner,1,19248,16163,193,187,17467,16163,42,0,100,True,ht_chantry-random-21.scen,180
180,ht_chantry.map,planner,1,19815,16163,189,187,17796,16163,17,0,1000,False,ht_chantry-random-21.scen,180
180,ht_chantry.map,planner,1,19248,16163,193,187,17467,16163,42,0,1000,True,ht_chantry-random-21.scen,180
220,ht_chantry.map,planner,1,25432,19995,195,187,22695,19995,23,0,0,False,ht_chantry-random-21.scen,220
220,ht_chantry.map,planner,1,25432,19995,195,187,22695,19995,21,0,0,True,ht_chantry-random-21.scen,220
220,ht_chantry.map,planner,1,25432,19995,195,187,22695,19995,22,0,1,False,ht_chantry-random-21.scen,220
220,ht_chantry.map,planner,1,24665,19995,189,187,21869,19995,53,0,1,True,ht_chantry-random-21.scen,220
220,ht_chantry.map,planner,1,25432,19995,195,187,22695,19995,22,0,10,False,ht_chantry-random-21.scen,220
220,ht_chantry.map,planner,1,23964,19995,200,187,21674,19995,150,0,10,True,ht_chantry-random-21.scen,220
220,ht_chantry.map,planner,1,25432,19995,195,187,22695,19995,21,0,100,False,ht_chantry-random-21.scen,220
220,ht_chantry.map,planner,1,24583,19995,187,187,21693,19995,514,0,100,True,ht_chantry-random-21.scen,220
220,ht_chantry.map,planner,1,25432,19995,195,187,22695,19995,23,0,1000,False,ht_chantry-random-21.scen,220
220,ht_chantry.map,planner,1,24529,19995,189,187,21711,19995,643,0,1000,True,ht_chantry-random-21.scen,220
260,ht_chantry.map,planner,1,30591,23513,192,187,26460,23513,26,0,0,False,ht_chantry-random-21.scen,260
260,ht_chantry.map,planner,1,30591,23513,192,187,26460,23513,28,0,0,True,ht_chantry-random-21.scen,260
260,ht_chantry.map,planner,1,30591,23513,192,187,26460,23513,27,0,1,False,ht_chantry-random-21.scen,260
260,ht_chantry.map,planner,1,30329,23513,188,187,26066,23513,68,0,1,True,ht_chantry-random-21.scen,260
260,ht_chantry.map,planner,1,30591,23513,192,187,26460,23513,25,0,10,False,ht_chantry-random-21.scen,260
260,ht_chantry.map,planner,1,29905,23513,192,187,25762,23513,303,0,10,True,ht_chantry-random-21.scen,260
260,ht_chantry.map,planner,1,30591,23513,192,187,26460,23513,27,0,100,False,ht_chantry-random-21.scen,260
260,ht_chantry.map,planner,1,30040,23513,193,187,25768,23513,2166,0,100,True,ht_chantry-random-21.scen,260
260,ht_chantry.map,planner,1,30591,23513,192,187,26460,23513,28,0,1000,False,ht_chantry-random-21.scen,260
260,ht_chantry.map,planner,1,29242,23513,194,187,25647,23513,11119,0,1000,True,ht_chantry-random-21.scen,260
20,ht_chantry.map,planner,1,1825,1806,183,183,1825,1806,2,0,0,False,ht_chantry-random-16.scen,20
20,ht_chantry.map,planner,1,1825,1806,183,183,1825,1806,2,0,0,True,ht_chantry-random-16.scen,20
20,ht_chantry.map,planner,1,1825,1806,183,183,1825,1806,2,0,1,False,ht_chantry-random-16.scen,20
20,ht_chantry.map,planner,1,1825,1806,183,183,1825,1806,2,0,1,True,ht_chantry-random-16.scen,20
20,ht_chantry.map,planner,1,1825,1806,183,183,1825,1806,2,0,10,False,ht_chantry-random-16.scen,20
20,ht_chantry.map,planner,1,1825,1806,183,183,1825,1806,2,0,10,True,ht_chantry-random-16.scen,20
20,ht_chantry.map,planner,1,1825,1806,183,183,1825,1806,2,0,100,False,ht_chantry-random-16.scen,20
20,ht_chantry.map,planner,1,1825,1806,183,183,1825,1806,2,0,100,True,ht_chantry-random-16.scen,20
20,ht_chantry.map,planner,1,1825,1806,183,183,1825,1806,2,0,1000,False,ht_chantry-random-16.scen,20
20,ht_chantry.map,planner,1,1825,1806,183,183,1825,1806,2,0,1000,True,ht_chantry-random-16.scen,20
60,ht_chantry.map,planner,1,6460,5755,183,183,5967,5755,6,0,0,False,ht_chantry-random-16.scen,60
60,ht_chantry.map,planner,1,6460,5755,183,183,5967,5755,5,0,0,True,ht_chantry-random-16.scen,60
60,ht_chantry.map,planner,1,6460,5755,183,183,5967,5755,5,0,1,False,ht_chantry-random-16.scen,60
60,ht_chantry.map,planner,1,6363,5755,185,183,5991,5755,6,0,1,True,ht_chantry-random-16.scen,60
60,ht_chantry.map,planner,1,6460,5755,183,183,5967,5755,6,0,10,False,ht_chantry-random-16.scen,60
60,ht_chantry.map,planner,1,6363,5755,185,183,5991,5755,6,0,10,True,ht_chantry-random-16.scen,60
60,ht_chantry.map,planner,1,6460,5755,183,183,5967,5755,5,0,100,False,ht_chantry-random-16.scen,60
60,ht_chantry.map,planner,1,6363,5755,185,183,5991,5755,6,0,100,True,ht_chantry-random-16.scen,60
60,ht_chantry.map,planner,1,6460,5755,183,183,5967,5755,5,0,1000,False,ht_chantry-random-16.scen,60
60,ht_chantry.map,planner,1,6363,5755,185,183,5991,5755,5,0,1000,True,ht_chantry-random-16.scen,60
100,ht_chantry.map,planner,1,10860,9431,183,183,10066,9431,9,0,0,False,ht_chantry-random-16.scen,100
100,ht_chantry.map,planner,1,10860,9431,183,183,10066,9431,9,0,0,True,ht_chantry-random-16.scen,100
100,ht_chantry.map,planner,1,10860,9431,183,183,10066,9431,9,0,1,False,ht_chantry-random-16.scen,100
100,ht_chantry.map,planner,1,10994,9431,185,183,10023,9431,9,0,1,True,ht_chantry-random-16.scen,100
100,ht_chantry.map,planner,1,10860,9431,183,183,10066,9431,9,0,10,False,ht_chantry-random-16.scen,100
100,ht_chantry.map,planner,1,10994,9431,185,183,10023,9431,11,0,10,True,ht_chantry-random-16.scen,100
100,ht_chantry.map,planner,1,10860,9431,183,183,10066,9431,9,0,100,False,ht_chantry-random-16.scen,100
100,ht_chantry.map,planner,1,10994,9431,185,183,10023,9431,9,0,100,True,ht_chantry-random-16.scen,100
100,ht_chantry.map,planner,1,10860,9431,183,183,10066,9431,9,0,1000,False,ht_chantry-random-16.scen,100
100,ht_chantry.map,planner,1,10994,9431,185,183,10023,9431,10,0,1000,True,ht_chantry-random-16.scen,100
140,ht_chantry.map,planner,1,15117,12853,183,183,13863,12853,13,0,0,False,ht_chantry-random-16.scen,140
140,ht_chantry.map,planner,1,15117,12853,183,183,13863,12853,14,0,0,True,ht_chantry-random-16.scen,140
140,ht_chantry.map,planner,1,15117,12853,183,183,13863,12853,13,0,1,False,ht_chantry-random-16.scen,140
140,ht_chantry.map,planner,1,15150,12853,183,183,13821,12853,15,0,1,True,ht_chantry-random-16.scen,140
140,ht_chantry.map,planner,1,15117,12853,183,183,13863,12853,13,0,10,False,ht_chantry-random-16.scen,140
140,ht_chantry.map,planner,1,15150,12853,183,183,13821,12853,15,0,10,True,ht_chantry-random-16.scen,140
140,ht_chantry.map,planner,1,15117,12853,183,183,13863,12853,13,0,100,False,ht_chantry-random-16.scen,140
140,ht_chantry.map,planner,1,15150,12853,183,183,13821,12853,15,0,100,True,ht_chantry-random-16.scen,140
140,ht_chantry.map,planner,1,15117,12853,183,183,13863,12853,13,0,1000,False,ht_chantry-random-16.scen,140
140,ht_chantry.map,planner,1,15150,12853,183,183,13821,12853,16,0,1000,True,ht_chantry-random-16.scen,140
180,ht_chantry.map,planner,1,20355,16071,183,183,17656,16071,19,0,0,False,ht_chantry-random-16.scen,180
180,ht_chantry.map,planner,1,20355,16071,183,183,17656,16071,19,0,0,True,ht_chantry-random-16.scen,180
180,ht_chantry.map,planner,1,20355,16071,183,183,17656,16071,18,0,1,False,ht_chantry-random-16.scen,180
180,ht_chantry.map,planner,1,20079,16071,183,183,17287,16071,21,0,1,True,ht_chantry-random-16.scen,180
180,ht_chantry.map,planner,1,20355,16071,183,183,17656,16071,16,0,10,False,ht_chantry-random-16.scen,180
180,ht_chantry.map,planner,1,19630,16071,184,183,17332,16071,26,0,10,True,ht_chantry-random-16.scen,180
180,ht_chantry.map,planner,1,20355,16071,183,183,17656,16071,19,0,100,False,ht_chantry-random-16.scen,180
180,ht_chantry.map,planner,1,19630,16071,184,183,17332,16071,25,0,100,True,ht_chantry-random-16.scen,180
180,ht_chantry.map,planner,1,20355,16071,183,183,17656,16071,17,0,1000,False,ht_chantry-random-16.scen,180
180,ht_chantry.map,planner,1,19630,16071,184,183,17332,16071,26,0,1000,True,ht_chantry-random-16.scen,180
220,ht_chantry.map,planner,1,25316,19791,187,187,22185,19791,22,0,0,False,ht_chantry-random-16.scen,220
220,ht_chantry.map,planner,1,25316,19791,187,187,22185,19791,22,0,0,True,ht_chantry-random-16.scen,220
220,ht_chantry.map,planner,1,25316,19791,187,187,22185,19791,21,0,1,False,ht_chantry-random-16.scen,220
220,ht_chantry.map,planner,1,25385,19791,187,187,21631,19791,46,0,1,True,ht_chantry-random-16.scen,220
220,ht_chantry.map,planner,1,25316,19791,187,187,22185,19791,24,0,10,False,ht_chantry-random-16.scen,220
220,ht_chantry.map,planner,1,25105,19791,187,187,21608,19791,81,0,10,True,ht_chantry-random-16.scen,220
220,ht_chantry.map,planner,1,25316,19791,187,187,22185,19791,22,0,100,False,ht_chantry-random-16.scen,220
220,ht_chantry.map,planner,1,24787,19791,187,187,21633,19791,91,0,100,True,ht_chantry-random-16.scen,220
220,ht_chantry.map,planner,1,25316,19791,187,187,22185,19791,21,0,1000,False,ht_chantry-random-16.scen,220
220,ht_chantry.map,planner,1,24787,19791,187,187,21633,19791,91,0,1000,True,ht_chantry-random-16.scen,220
260,ht_chantry.map,planner,1,31510,23406,187,187,26654,23406,25,0,0,False,ht_chantry-random-16.scen,260
260,ht_chantry.map,planner,1,31510,23406,187,187,26654,23406,26,0,0,True,ht_chantry-random-16.scen,260
260,ht_chantry.map,planner,1,31510,23406,187,187,26654,23406,26,0,1,False,ht_chantry-random-16.scen,260
260,ht_chantry.map,planner,1,30226,23406,187,187,25692,23406,61,0,1,True,ht_chantry-random-16.scen,260
260,ht_chantry.map,planner,1,31510,23406,187,187,26654,23406,25,0,10,False,ht_chantry-random-16.scen,260
260,ht_chantry.map,planner,1,30108,23406,190,187,25587,23406,239,0,10,True,ht_chantry-random-16.scen,260
260,ht_chantry.map,planner,1,31510,23406,187,187,26654,23406,26,0,100,False,ht_chantry-random-16.scen,260
260,ht_chantry.map,planner,1,29815,23406,190,187,25570,23406,1083,0,100,True,ht_chantry-random-16.scen,260
260,ht_chantry.map,planner,1,31510,23406,187,187,26654,23406,26,0,1000,False,ht_chantry-random-16.scen,260
260,ht_chantry.map,planner,1,29950,23406,187,187,25601,23406,8479,0,1000,True,ht_chantry-random-16.scen,260
20,ht_chantry.map,planner,1,1599,1568,180,180,1591,1568,1,0,0,False,ht_chantry-random-2.scen,20
20,ht_chantry.map,planner,1,1599,1568,180,180,1591,1568,1,0,0,True,ht_chantry-random-2.scen,20
20,ht_chantry.map,planner,1,1599,1568,180,180,1591,1568,1,0,1,False,ht_chantry-random-2.scen,20
20,ht_chantry.map,planner,1,1599,1568,180,180,1591,1568,1,0,1,True,ht_chantry-random-2.scen,20
20,ht_chantry.map,planner,1,1599,1568,180,180,1591,1568,2,0,10,False,ht_chantry-random-2.scen,20
20,ht_chantry.map,planner,1,1599,1568,180,180,1591,1568,1,0,10,True,ht_chantry-random-2.scen,20
20,ht_chantry.map,planner,1,1599,1568,180,180,1591,1568,2,0,100,False,ht_chantry-random-2.scen,20
20,ht_chantry.map,planner,1,1599,1568,180,180,1591,1568,1,0,100,True,ht_chantry-random-2.scen,20
20,ht_chantry.map,planner,1,1599,1568,180,180,1591,1568,1,0,1000,False,ht_chantry-random-2.scen,20
20,ht_chantry.map,planner,1,1599,1568,180,180,1591,1568,1,0,1000,True,ht_chantry-random-2.scen,20
60,ht_chantry.map,planner,1,6422,5613,181,181,5853,5613,6,0,0,False,ht_chantry-random-2.scen,60
60,ht_chantry.map,planner,1,6422,5613,181,181,5853,5613,5,0,0,True,ht_chantry-random-2.scen,60
60,ht_chantry.map,planner,1,6422,5613,181,181,5853,5613,6,0,1,False,ht_chantry-random-2.scen,60
60,ht_chantry.map,planner,1,6522,5613,183,181,5867,5613,6,0,1,True,ht_chantry-random-2.scen,60
60,ht_chantry.map,planner,1,6422,5613,181,181,5853,5613,5,0,10,False,ht_chantry-random-2.scen,60
60,ht_chantry.map,planner,1,6522,5613,183,181,5867,5613,5,0,10,True,ht_chantry-random-2.scen,60
60,ht_chantry.map,planner,1,6422,5613,181,181,5853,5613,6,0,100,False,ht_chantry-random-2.scen,60
60,ht_chantry.map,planner,1,6522,5613,183,181,5867,5613,5,0,100,True,ht_chantry-random-2.scen,60
60,ht_chantry.map,planner,1,6422,5613,181,181,5853,5613,6,0,1000,False,ht_chantry-random-2.scen,60
60,ht_chantry.map,planner,1,6522,5613,183,181,5867,5613,5,0,1000,True,ht_chantry-random-2.scen,60
100,ht_chantry.map,planner,1,10944,9194,181,181,9709,9194,9,0,0,False,ht_chantry-random-2.scen,100
100,ht_chantry.map,planner,1,10944,9194,181,181,9709,9194,9,0,0,True,ht_chantry-random-2.scen,100
100,ht_chantry.map,planner,1,10944,9194,181,181,9709,9194,10,0,1,False,ht_chantry-random-2.scen,100
100,ht_chantry.map,planner,1,10884,9194,182,181,9628,9194,9,0,1,True,ht_chantry-random-2.scen,100
100,ht_chantry.map,planner,1,10944,9194,181,181,9709,9194,9,0,10,False,ht_chantry-random-2.scen,100
100,ht_chantry.map,planner,1,10884,9194,182,181,9628,9194,9,0,10,True,ht_chantry-random-2.scen,100
100,ht_chantry.map,planner,1,10944,9194,181,181,9709,9194,9,0,100,False,ht_chantry-random-2.scen,100
100,ht_chantry.map,planner,1,10884,9194,182,181,9628,9194,9,0,100,True,ht_chantry-random-2.scen,100
100,ht_chantry.map,planner,1,10944,9194,181,181,9709,9194,9,0,1000,False,ht_chantry-random-2.scen,100
100,ht_chantry.map,planner,1,10884,9194,182,181,9628,9194,9,0,1000,True,ht_chantry-random-2.scen,100
140,ht_chantry.map,planner,1,15147,12572,181,181,13386,12572,12,0,0,False,ht_chantry-random-2.scen,140
140,ht_chantry.map,planner,1,15147,12572,181,181,13386,12572,13,0,0,True,ht_chantry-random-2.scen,140
140,ht_chantry.map,planner,1,15147,12572,181,181,13386,12572,12,0,1,False,ht_chantry-random-2.scen,140
140,ht_chantry.map,planner,1,15082,12572,185,181,13382,12572,13,0,1,True,ht_chantry-random-2.scen,140
140,ht_chantry.map,planner,1,15147,12572,181,181,13386,12572,12,0,10,False,ht_chantry-random-2.scen,140
140,ht_chantry.map,planner,1,15082,12572,185,181,13382,12572,14,0,10,True,ht_chantry-random-2.scen,140
140,ht_chantry.map,planner,1,15147,12572,181,181,13386,12572,12,0,100,False,ht_chantry-random-2.scen,140
140,ht_chantry.map,planner,1,15082,12572,185,181,13382,12572,14,0,100,True,ht_chantry-random-2.scen,140
140,ht_chantry.map,planner,1,15147,12572,181,181,13386,12572,13,0,1000,False,ht_chantry-random-2.scen,140
140,ht_chantry.map,planner,1,15082,12572,185,181,13382,12572,14,0,1000,True,ht_chantry-random-2.scen,140
180,ht_chantry.map,planner,1,20018,16023,192,183,17443,16023,17,0,0,False,ht_chantry-random-2.scen,180
180,ht_chantry.map,planner,1,20018,16023,192,183,17443,16023,17,0,0,True,ht_chantry-random-2.scen,180
180,ht_chantry.map,planner,1,20018,16023,192,183,17443,16023,16,0,1,False,ht_chantry-random-2.scen,180
180,ht_chantry.map,planner,1,19762,16023,190,183,17113,16023,20,0,1,True,ht_chantry-random-2.scen,180
180,ht_chantry.map,planner,1,20018,16023,192,183,17443,16023,18,0,10,False,ht_chantry-random-2.scen,180
180,ht_chantry.map,planner,1,19762,16023,190,183,17113,16023,18,0,10,True,ht_chantry-random-2.scen,180
180,ht_chantry.map,planner,1,20018,16023,192,183,17443,16023,17,0,100,False,ht_chantry-random-2.scen,180
180,ht_chantry.map,planner,1,19762,16023,190,183,17113,16023,19,0,100,True,ht_chantry-random-2.scen,180
180,ht_chantry.map,planner,1,20018,16023,192,183,17443,16023,19,0,1000,False,ht_chantry-random-2.scen,180
180,ht_chantry.map,planner,1,19762,16023,190,183,17113,16023,18,0,1000,True,ht_chantry-random-2.scen,180
220,ht_chantry.map,planner,1,25324,20154,196,196,22131,20154,22,0,0,False,ht_chantry-random-2.scen,220
220,ht_chantry.map,planner,1,25324,20154,196,196,22131,20154,22,0,0,True,ht_chantry-random-2.scen,220
220,ht_chantry.map,planner,1,25324,20154,196,196,22131,20154,23,0,1,False,ht_chantry-random-2.scen,220
220,ht_chantry.map,planner,1,24912,20154,211,196,21619,20154,27,0,1,True,ht_chantry-random-2.scen,220
220,ht_chantry.map,planner,1,25324,20154,196,196,22131,20154,22,0,10,False,ht_chantry-random-2.scen,220
220,ht_chantry.map,planner,1,24912,20154,211,196,21619,20154,27,0,10,True,ht_chantry-random-2.scen,220
220,ht_chantry.map,planner,1,25324,20154,196,196,22131,20154,22,0,100,False,ht_chantry-random-2.scen,220
220,ht_chantry.map,planner,1,24912,20154,211,196,21619,20154,28,0,100,True,ht_chantry-random-2.scen,220
220,ht_chantry.map,planner,1,25324,20154,196,196,22131,20154,24,0,1000,False,ht_chantry-random-2.scen,220
220,ht_chantry.map,planner,1,24912,20154,211,196,21619,20154,29,0,1000,True,ht_chantry-random-2.scen,220
260,ht_chantry.map,planner,1,30643,23745,196,196,26376,23745,26,0,0,False,ht_chantry-random-2.scen,260
260,ht_chantry.map,planner,1,30643,23745,196,196,26376,23745,27,0,0,True,ht_chantry-random-2.scen,260
260,ht_chantry.map,planner,1,30643,23745,196,196,26376,23745,26,0,1,False,ht_chantry-random-2.scen,260
260,ht_chantry.map,planner,1,29369,23745,198,196,25718,23745,45,0,1,True,ht_chantry-random-2.scen,260
260,ht_chantry.map,planner,1,30643,23745,196,196,26376,23745,26,0,10,False,ht_chantry-random-2.scen,260
260,ht_chantry.map,planner,1,29101,23745,209,196,25520,23745,53,0,10,True,ht_chantry-random-2.scen,260
260,ht_chantry.map,planner,1,30643,23745,196,196,26376,23745,26,0,100,False,ht_chantry-random-2.scen,260
260,ht_chantry.map,planner,1,29101,23745,209,196,25520,23745,50,0,100,True,ht_chantry-random-2.scen,260
260,ht_chantry.map,planner,1,30643,23745,196,196,26376,23745,25,0,1000,False,ht_chantry-random-2.scen,260
260,ht_chantry.map,planner,1,29101,23745,209,196,25520,23745,50,0,1000,True,ht_chantry-random-2.scen,260
20,ht_chantry.map,planner,1,2300,2243,186,186,2285,2243,2,0,0,False,ht_chantry-random-19.scen,20
20,ht_chantry.map,planner,1,2300,2243,186,186,2285,2243,2,0,0,True,ht_chantry-random-19.scen,20
20,ht_chantry.map,planner,1,2300,2243,186,186,2285,2243,2,0,1,False,ht_chantry-random-19.scen,20
20,ht_chantry.map,planner,1,2300,2243,186,186,2285,2243,2,0,1,True,ht_chantry-random-19.scen,20
20,ht_chantry.map,planner,1,2300,2243,186,186,2285,2243,2,0,10,False,ht_chantry-random-19.scen,20
20,ht_chantry.map,planner,1,2300,2243,186,186,2285,2243,2,0,10,True,ht_chantry-random-19.scen,20
20,ht_chantry.map,planner,1,2300,2243,186,186,2285,2243,2,0,100,False,ht_chantry-random-19.scen,20
20,ht_chantry.map,planner,1,2300,2243,186,186,2285,2243,2,0,100,True,ht_chantry-random-19.scen,20
20,ht_chantry.map,planner,1,2300,2243,186,186,2285,2243,2,0,1000,False,ht_chantry-random-19.scen,20
20,ht_chantry.map,planner,1,2300,2243,186,186,2285,2243,2,0,1000,True,ht_chantry-random-19.scen,20
60,ht_chantry.map,planner,1,6019,5472,188,186,5629,5472,7,0,0,False,ht_chantry-random-19.scen,60
60,ht_chantry.map,planner,1,6019,5472,188,186,5629,5472,6,0,0,True,ht_chantry-random-19.scen,60
60,ht_chantry.map,planner,1,6019,5472,188,186,5629,5472,6,0,1,False,ht_chantry-random-19.scen,60
60,ht_chantry.map,planner,1,5968,5472,188,186,5645,5472,5,0,1,True,ht_chantry-random-19.scen,60
60,ht_chantry.map,planner,1,6019,5472,188,186,5629,5472,6,0,10,False,ht_chantry-random-19.scen,60
60,ht_chantry.map,planner,1,5968,5472,188,186,5645,5472,6,0,10,True,ht_chantry-random-19.scen,60
60,ht_chantry.map,planner,1,6019,5472,188,186,5629,5472,5,0,100,False,ht_chantry-random-19.scen,60
60,ht_chantry.map,planner,1,5968,5472,188,186,5645,5472,6,0,100,True,ht_chantry-random-19.scen,60
60,ht_chantry.map,planner,1,6019,5472,188,186,5629,5472,7,0,1000,False,ht_chantry-random-19.scen,60
60,ht_chantry.map,planner,1,5968,5472,188,186,5645,5472,6,0,1000,True,ht_chantry-random-19.scen,60
100,ht_chantry.map,planner,1,10721,9108,197,197,9751,9108,11,0,0,False,ht_chantry-random-19.scen,100
100,ht_chantry.map,planner,1,10721,9108,197,197,9751,9108,12,0,0,True,ht_chantry-random-19.scen,100
100,ht_chantry.map,planner,1,10721,9108,197,197,9751,9108,10,0,1,False,ht_chantry-random-19.scen,100
100,ht_chantry.map,planner,1,10722,9108,203,197,9630,9108,10,0,1,True,ht_chantry-random-19.scen,100
100,ht_chantry.map,planner,1,10721,9108,197,197,9751,9108,10,0,10,False,ht_chantry-random-19.scen,100
100,ht_chantry.map,planner,1,10722,9108,203,197,9630,9108,10,0,10,True,ht_chantry-random-19.scen,100
100,ht_chantry.map,planner,1,10721,9108,197,197,9751,9108,10,0,100,False,ht_chantry-random-19.scen,100
100,ht_chantry.map,planner,1,10722,9108,203,197,9630,9108,11,0,100,True,ht_chantry-random-19.scen,100
100,ht_chantry.map,planner,1,10721,9108,197,197,9751,9108,10,0,1000,False,ht_chantry-random-19.scen,100
100,ht_chantry.map,planner,1,10722,9108,203,197,9630,9108,11,0,1000,True,ht_chantry-random-19.scen,100
140,ht_chantry.map,planner,1,15847,13060,197,197,14191,13060,14,0,0,False,ht_chantry-random-19.scen,140
140,ht_chantry.map,planner,1,15847,13060,197,197,14191,13060,14,0,0,True,ht_chantry-random-19.scen,140
140,ht_chantry.map,planner,1,15847,13060,197,197,14191,13060,13,0,1,False,ht_chantry-random-19.scen,140
140,ht_chantry.map,planner,1,15497,13060,204,197,13990,13060,17,0,1,True,ht_chantry-random-19.scen,140
140,ht_chantry.map,planner,1,15847,13060,197,197,14191,13060,15,0,10,False,ht_chantry-random-19.scen,140
140,ht_chantry.map,planner,1,15497,13060,204,197,13990,13060,16,0,10,True,ht_chantry-random-19.scen,140
140,ht_chantry.map,planner,1,15847,13060,197,197,14191,13060,14,0,100,False,ht_chantry-random-19.scen,140
140,ht_chantry.map,planner,1,15497,13060,204,197,13990,13060,16,0,100,True,ht_chantry-random-19.scen,140
140,ht_chantry.map,planner,1,15847,13060,197,197,14191,13060,14,0,1000,False,ht_chantry-random-19.scen,140
140,ht_chantry.map,planner,1,15497,13060,204,197,13990,13060,17,0,1000,True,ht_chantry-random-19.scen,140
180,ht_chantry.map,planner,1,21467,17337,199,197,19254,17337,19,0,0,False,ht_chantry-random-19.scen,180
180,ht_chantry.map,planner,1,21467,17337,199,197,19254,17337,20,0,0,True,ht_chantry-random-19.scen,180
180,ht_chantry.map,planner,1,21467,17337,199,197,19254,17337,20,0,1,False,ht_chantry-random-19.scen,180
180,ht_chantry.map,planner,1,21063,17337,216,197,18848,17337,33,0,1,True,ht_chantry-random-19.scen,180
180,ht_chantry.map,planner,1,21467,17337,199,197,19254,17337,18,0,10,False,ht_chantry-random-19.scen,180
180,ht_chantry.map,planner,1,21238,17337,215,197,18854,17337,38,0,10,True,ht_chantry-random-19.scen,180
180,ht_chantry.map,planner,1,21467,17337,199,197,19254,17337,18,0,100,False,ht_chantry-random-19.scen,180
180,ht_chantry.map,planner,1,21238,17337,215,197,18854,17337,38,0,100,True,ht_chantry-random-19.scen,180
180,ht_chantry.map,planner,1,21467,17337,199,197,19254,17337,17,0,1000,False,ht_chantry-random-19.scen,180
180,ht_chantry.map,planner,1,21238,17337,215,197,18854,17337,40,0,1000,True,ht_chantry-random-19.scen,180
220,ht_chantry.map,planner,1,26929,20687,197,197,23155,20687,23,0,0,False,ht_chantry-random-19.scen,220
220,ht_chantry.map,planner,1,26929,20687,197,197,23155,20687,23,0,0,True,ht_chantry-random-19.scen,220
220,ht_chantry.map,planner,1,26929,20687,197,197,23155,20687,24,0,1,False,ht_chantry-random-19.scen,220
220,ht_chantry.map,planner,1,25535,20687,201,197,22390,20687,46,0,1,True,ht_chantry-random-19.scen,220
220,ht_chantry.map,planner,1,26929,20687,197,197,23155,20687,24,0,10,False,ht_chantry-random-19.scen,220
220,ht_chantry.map,planner,1,25244,20687,208,197,22448,20687,152,0,10,True,ht_chantry-random-19.scen,220
220,ht_chantry.map,planner,1,26929,20687,197,197,23155,20687,23,0,100,False,ht_chantry-random-19.scen,220
220,ht_chantry.map,planner,1,25385,20687,204,197,22451,20687,714,0,100,True,ht_chantry-random-19.scen,220
220,ht_chantry.map,planner,1,26929,20687,197,197,23155,20687,23,0,1000,False,ht_chantry-random-19.scen,220
220,ht_chantry.map,planner,1,25472,20687,208,197,22387,20687,518,0,1000,True,ht_chantry-random-19.scen,220
260,ht_chantry.map,planner,1,32104,24453,202,197,27674,24453,29,0,0,False,ht_chantry-random-19.scen,260
260,ht_chantry.map,planner,1,32104,24453,202,197,27674,24453,28,0,0,True,ht_chantry-random-19.scen,260
260,ht_chantry.map,planner,1,32104,24453,202,197,27674,24453,26,0,1,False,ht_chantry-random-19.scen,260
260,ht_chantry.map,planner,1,30179,24453,202,197,26795,24453,69,0,1,True,ht_chantry-random-19.scen,260
260,ht_chantry.map,planner,1,32104,24453,202,197,27674,24453,30,0,10,False,ht_chantry-random-19.scen,260
260,ht_chantry.map,planner,1,31011,24453,214,197,26969,24453,340,0,10,True,ht_chantry-random-19.scen,260
260,ht_chantry.map,planner,1,32104,24453,202,197,27674,24453,27,0,100,False,ht_chantry-random-19.scen,260
260,ht_chantry.map,planner,1,30013,24453,218,197,26808,24453,1935,0,100,True,ht_chantry-random-19.scen,260
260,ht_chantry.map,planner,1,32104,24453,202,197,27674,24453,32,0,1000,False,ht_chantry-random-19.scen,260
260,ht_chantry.map,planner,1,30724,24453,217,197,26882,24453,10387,0,1000,True,ht_chantry-random-19.scen,260
20,ht_chantry.map,planner,1,1782,1761,151,151,1776,1761,2,0,0,False,ht_chantry-random-4.scen,20
20,ht_chantry.map,planner,1,1782,1761,151,151,1776,1761,2,0,0,True,ht_chantry-random-4.scen,20
20,ht_chantry.map,planner,1,1782,1761,151,151,1776,1761,2,0,1,False,ht_chantry-random-4.scen,20
20,ht_chantry.map,planner,1,1782,1761,151,151,1776,1761,2,0,1,True,ht_chantry-random-4.scen,20
20,ht_chantry.map,planner,1,1782,1761,151,151,1776,1761,2,0,10,False,ht_chantry-random-4.scen,20
20,ht_chantry.map,planner,1,1782,1761,151,151,1776,1761,1,0,10,True,ht_chantry-random-4.scen,20
20,ht_chantry.map,planner,1,1782,1761,151,151,1776,1761,1,0,100,False,ht_chantry-random-4.scen,20
20,ht_chantry.map,planner,1,1782,1761,151,151,1776,1761,2,0,100,True,ht_chantry-random-4.scen,20
20,ht_chantry.map,planner,1,1782,1761,151,151,1776,1761,1,0,1000,False,ht_chantry-random-4.scen,20
20,ht_chantry.map,planner,1,1782,1761,151,151,1776,1761,1,0,1000,True,ht_chantry-random-4.scen,20
60,ht_chantry.map,planner,1,6505,5735,195,195,6005,5735,7,0,0,False,ht_chantry-random-4.scen,60
60,ht_chantry.map,planner,1,6505,5735,195,195,6005,5735,6,0,0,True,ht_chantry-random-4.scen,60
60,ht_chantry.map,planner,1,6505,5735,195,195,6005,5735,6,0,1,False,ht_chantry-random-4.scen,60
60,ht_chantry.map,planner,1,6373,5735,195,195,5994,5735,6,0,1,True,ht_chantry-random-4.scen,60
60,ht_chantry.map,planner,1,6505,5735,195,195,6005,5735,6,0,10,False,ht_chantry-random-4.scen,60
60,ht_chantry.map,planner,1,6373,5735,195,195,5994,5735,6,0,10,True,ht_chantry-random-4.scen,60
60,ht_chantry.map,planner,1,6505,5735,195,195,6005,5735,6,0,100,False,ht_chantry-random-4.scen,60
60,ht_chantry.map,planner,1,6373,5735,195,195,5994,5735,6,0,100,True,ht_chantry-random-4.scen,60
60,ht_chantry.map,planner,1,6505,5735,195,195,6005,5735,6,0,1000,False,ht_chantry-random-4.scen,60
60,ht_chantry.map,planner,1,6373,5735,195,195,5994,5735,6,0,1000,True,ht_chantry-random-4.scen,60
100,ht_chantry.map,planner,1,10892,9253,195,195,9919,9253,9,0,0,False,ht_chantry-random-4.scen,100
100,ht_chantry.map,planner,1,10892,9253,195,195,9919,9253,11,0,0,True,ht_chantry-random-4.scen,100
100,ht_chantry.map,planner,1,10892,9253,195,195,9919,9253,9,0,1,False,ht_chantry-random-4.scen,100
100,ht_chantry.map,planner,1,10587,9253,195,195,9846,9253,9,0,1,True,ht_chantry-random-4.scen,100
100,ht_chantry.map,planner,1,10892,9253,195,195,9919,9253,9,0,10,False,ht_chantry-random-4.scen,100
100,ht_chantry.map,planner,1,10587,9253,195,195,9846,9253,10,0,10,True,ht_chantry-random-4.scen,100
100,ht_chantry.map,planner,1,10892,9253,195,195,9919,9253,9,0,100,False,ht_chantry-random-4.scen,100
100,ht_chantry.map,planner,1,10587,9253,195,195,9846,9253,9,0,100,True,ht_chantry-random-4.scen,100
100,ht_chantry.map,planner,1,10892,9253,195,195,9919,9253,9,0,1000,False,ht_chantry-random-4.scen,100
100,ht_chantry.map,planner,1,10587,9253,195,195,9846,9253,9,0,1000,True,ht_chantry-random-4.scen,100
140,ht_chantry.map,planner,1,15648,13012,195,195,14257,13012,14,0,0,False,ht_chantry-random-4.scen,140
140,ht_chantry.map,planner,1,15648,13012,195,195,14257,13012,14,0,0,True,ht_chantry-random-4.scen,140
140,ht_chantry.map,planner,1,15648,13012,195,195,14257,13012,14,0,1,False,ht_chantry-random-4.scen,140
140,ht_chantry.map,planner,1,15577,13012,195,195,14067,13012,18,0,1,True,ht_chantry-random-4.scen,140
140,ht_chantry.map,planner,1,15648,13012,195,195,14257,13012,13,0,10,False,ht_chantry-random-4.scen,140
140,ht_chantry.map,planner,1,15577,13012,195,195,14067,13012,16,0,10,True,ht_chantry-random-4.scen,140
140,ht_chantry.map,planner,1,15648,13012,195,195,14257,13012,13,0,100,False,ht_chantry-random-4.scen,140
140,ht_chantry.map,planner,1,15577,13012,195,195,14067,13012,17,0,100,True,ht_chantry-random-4.scen,140
140,ht_chantry.map,planner,1,15648,13012,195,195,14257,13012,13,0,1000,False,ht_chantry-random-4.scen,140
140,ht_chantry.map,planner,1,15577,13012,195,195,14067,13012,16,0,1000,True,ht_chantry-random-4.scen,140
180,ht_chantry.map,planner,1,20907,16929,198,195,18749,16929,18,0,0,False,ht_chantry-random-4.scen,180
180,ht_chantry.map,planner,1,20907,16929,198,195,18749,16929,18,0,0,True,ht_chantry-random-4.scen,180
180,ht_chantry.map,planner,1,20907,16929,198,195,18749,16929,18,0,1,False,ht_chantry-random-4.scen,180
180,ht_chantry.map,planner,1,19865,16929,195,195,18274,16929,28,0,1,True,ht_chantry-random-4.scen,180
180,ht_chantry.map,planner,1,20907,16929,198,195,18749,16929,19,0,10,False,ht_chantry-random-4.scen,180
180,ht_chantry.map,planner,1,19747,16929,195,195,18158,16929,35,0,10,True,ht_chantry-random-4.scen,180
180,ht_chantry.map,planner,1,20907,16929,198,195,18749,16929,18,0,100,False,ht_chantry-random-4.scen,180
180,ht_chantry.map,planner,1,20231,16929,195,195,18235,16929,56,0,100,True,ht_chantry-random-4.scen,180
180,ht_chantry.map,planner,1,20907,16929,198,195,18749,16929,18,0,1000,False,ht_chantry-random-4.scen,180
180,ht_chantry.map,planner,1,20231,16929,195,195,18235,16929,56,0,1000,True,ht_chantry-random-4.scen,180
220,ht_chantry.map,planner,1,26408,20716,198,195,23384,20716,22,0,0,False,ht_chantry-random-4.scen,220
220,ht_chantry.map,planner,1,26408,20716,198,195,23384,20716,23,0,0,True,ht_chantry-random-4.scen,220
220,ht_chantry.map,planner,1,26408,20716,198,195,23384,20716,23,0,1,False,ht_chantry-random-4.scen,220
220,ht_chantry.map,planner,1,25835,20716,195,195,22771,20716,51,0,1,True,ht_chantry-random-4.scen,220
220,ht_chantry.map,planner,1,26408,20716,198,195,23384,20716,26,0,10,False,ht_chantry-random-4.scen,220
220,ht_chantry.map,planner,1,25907,20716,198,195,22741,20716,183,0,10,True,ht_chantry-random-4.scen,220
220,ht_chantry.map,planner,1,26408,20716,198,195,23384,20716,22,0,100,False,ht_chantry-random-4.scen,220
220,ht_chantry.map,planner,1,25534,20716,202,195,22705,20716,814,0,100,True,ht_chantry-random-4.scen,220
220,ht_chantry.map,planner,1,26408,20716,198,195,23384,20716,23,0,1000,False,ht_chantry-random-4.scen,220
220,ht_chantry.map,planner,1,25766,20716,198,195,22715,20716,3165,0,1000,True,ht_chantry-random-4.scen,220
260,ht_chantry.map,planner,1,32752,25059,199,195,28959,25059,27,0,0,False,ht_chantry-random-4.scen,260
260,ht_chantry.map,planner,1,32752,25059,199,195,28959,25059,27,0,0,True,ht_chantry-random-4.scen,260
260,ht_chantry.map,planner,1,32752,25059,199,195,28959,25059,28,0,1,False,ht_chantry-random-4.scen,260
260,ht_chantry.map,planner,1,31668,25059,201,195,27716,25059,70,0,1,True,ht_chantry-random-4.scen,260
260,ht_chantry.map,planner,1,32752,25059,199,195,28959,25059,26,0,10,False,ht_chantry-random-4.scen,260
260,ht_chantry.map,planner,1,31368,25059,198,195,27566,25059,285,0,10,True,ht_chantry-random-4.scen,260
260,ht_chantry.map,planner,1,32752,25059,199,195,28959,25059,31,0,100,False,ht_chantry-random-4.scen,260
260,ht_chantry.map,planner,1,31367,25059,202,195,27453,25059,1549,0,100,True,ht_chantry-random-4.scen,260
260,ht_chantry.map,planner,1,32752,25059,199,195,28959,25059,27,0,1000,False,ht_chantry-random-4.scen,260
260,ht_chantry.map,planner,1,31338,25059,197,195,27404,25059,6289,0,1000,True,ht_chantry-random-4.scen,260
20,ht_chantry.map,planner,1,1472,1390,149,149,1416,1390,2,0,0,False,ht_chantry-random-24.scen,20
20,ht_chantry.map,planner,1,1472,1390,149,149,1416,1390,2,0,0,True,ht_chantry-random-24.scen,20
20,ht_chantry.map,planner,1,1472,1390,149,149,1416,1390,2,0,1,False,ht_chantry-random-24.scen,20
20,ht_chantry.map,planner,1,1472,1390,149,149,1416,1390,1,0,1,True,ht_chantry-random-24.scen,20
20,ht_chantry.map,planner,1,1472,1390,149,149,1416,1390,1,0,10,False,ht_chantry-random-24.scen,20
20,ht_chantry.map,planner,1,1472,1390,149,149,1416,1390,2,0,10,True,ht_chantry-random-24.scen,20
20,ht_chantry.map,planner,1,1472,1390,149,149,1416,1390,1,0,100,False,ht_chantry-random-24.scen,20
20,ht_chantry.map,planner,1,1472,1390,149,149,1416,1390,1,0,100,True,ht_chantry-random-24.scen,20
20,ht_chantry.map,planner,1,1472,1390,149,149,1416,1390,2,0,1000,False,ht_chantry-random-24.scen,20
20,ht_chantry.map,planner,1,1472,1390,149,149,1416,1390,1,0,1000,True,ht_chantry-random-24.scen,20
60,ht_chantry.map,planner,1,5599,5041,169,169,5223,5041,5,0,0,False,ht_chantry-random-24.scen,60
60,ht_chantry.map,planner,1,5599,5041,169,169,5223,5041,5,0,0,True,ht_chantry-random-24.scen,60
60,ht_chantry.map,planner,1,5599,5041,169,169,5223,5041,5,0,1,False,ht_chantry-random-24.scen,60
60,ht_chantry.map,planner,1,5652,5041,169,169,5216,5041,6,0,1,True,ht_chantry-random-24.scen,60
60,ht_chantry.map,planner,1,5599,5041,169,169,5223,5041,6,0,10,False,ht_chantry-random-24.scen,60
60,ht_chantry.map,planner,1,5652,5041,169,169,5216,5041,5,0,10,True,ht_chantry-random-24.scen,60
60,ht_chantry.map,planner,1,5599,5041,169,169,5223,5041,5,0,100,False,ht_chantry-random-24.scen,60
60,ht_chantry.map,planner,1,5652,5041,169,169,5216,5041,5,0,100,True,ht_chantry-random-24.scen,60
60,ht_chantry.map,planner,1,5599,5041,169,169,5223,5041,6,0,1000,False,ht_chantry-random-24.scen,60
60,ht_chantry.map,planner,1,5652,5041,169,169,5216,5041,5,0,1000,True,ht_chantry-random-24.scen,60
100,ht_chantry.map,planner,1,10763,8768,188,187,9373,8768,10,0,0,False,ht_chantry-random-24.scen,100
100,ht_chantry.map,planner,1,10763,8768,188,187,9373,8768,9,0,0,True,ht_chantry-random-24.scen,100
100,ht_chantry.map,planner,1,10763,8768,188,187,9373,8768,9,0,1,False,ht_chantry-random-24.scen,100
100,ht_chantry.map,planner,1,10182,8768,195,187,9261,8768,10,0,1,True,ht_chantry-random-24.scen,100
100,ht_chantry.map,planner,1,10763,8768,188,187,9373,8768,11,0,10,False,ht_chantry-random-24.scen,100
100,ht_chantry.map,planner,1,10182,8768,195,187,9261,8768,10,0,10,True,ht_chantry-random-24.scen,100
100,ht_chantry.map,planner,1,10763,8768,188,187,9373,8768,9,0,100,False,ht_chantry-random-24.scen,100
100,ht_chantry.map,planner,1,10182,8768,195,187,9261,8768,10,0,100,True,ht_chantry-random-24.scen,100
100,ht_chantry.map,planner,1,10763,8768,188,187,9373,8768,9,0,1000,False,ht_chantry-random-24.scen,100
100,ht_chantry.map,planner,1,10182,8768,195,187,9261,8768,10,0,1000,True,ht_chantry-random-24.scen,100
140,ht_chantry.map,planner,1,14797,12151,190,187,13258,12151,14,0,0,False,ht_chantry-random-24.scen,140
140,ht_chantry.map,planner,1,14797,12151,190,187,13258,12151,15,0,0,True,ht_chantry-random-24.scen,140
140,ht_chantry.map,planner,1,14797,12151,190,187,13258,12151,13,0,1,False,ht_chantry-random-24.scen,140
140,ht_chantry.map,planner,1,14588,12151,187,187,12965,12151,15,0,1,True,ht_chantry-random-24.scen,140
140,ht_chantry.map,planner,1,14797,12151,190,187,13258,12151,13,0,10,False,ht_chantry-random-24.scen,140
140,ht_chantry.map,planner,1,14588,12151,187,187,12965,12151,17,0,10,True,ht_chantry-random-24.scen,140
140,ht_chantry.map,planner,1,14797,12151,190,187,13258,12151,13,0,100,False,ht_chantry-random-24.scen,140
140,ht_chantry.map,planner,1,14588,12151,187,187,12965,12151,15,0,100,True,ht_chantry-random-24.scen,140
140,ht_chantry.map,planner,1,14797,12151,190,187,13258,12151,14,0,1000,False,ht_chantry-random-24.scen,140
140,ht_chantry.map,planner,1,14588,12151,187,187,12965,12151,15,0,1000,True,ht_chantry-random-24.scen,140
180,ht_chantry.map,planner,1,19690,15692,199,199,17072,15692,18,0,0,False,ht_chantry-random-24.scen,180
180,ht_chantry.map,planner,1,19690,15692,199,199,17072,15692,20,0,0,True,ht_chantry-random-24.scen,180
180,ht_chantry.map,planner,1,19690,15692,199,199,17072,15692,19,0,1,False,ht_chantry-random-24.scen,180
180,ht_chantry.map,planner,1,19456,15692,199,199,16722,15692,24,0,1,True,ht_chantry-random-24.scen,180
180,ht_chantry.map,planner,1,19690,15692,199,199,17072,15692,19,0,10,False,ht_chantry-random-24.scen,180
180,ht_chantry.map,planner,1,19008,15692,199,199,16710,15692,23,0,10,True,ht_chantry-random-24.scen,180
180,ht_chantry.map,planner,1,19690,15692,199,199,17072,15692,19,0,100,False,ht_chantry-random-24.scen,180
180,ht_chantry.map,planner,1,19008,15692,199,199,16710,15692,22,0,100,True,ht_chantry-random-24.scen,180
180,ht_chantry.map,planner,1,19690,15692,199,199,17072,15692,18,0,1000,False,ht_chantry-random-24.scen,180
180,ht_chantry.map,planner,1,19008,15692,199,199,16710,15692,22,0,1000,True,ht_chantry-random-24.scen,180
220,ht_chantry.map,planner,1,24717,19226,199,199,21409,19226,21,0,0,False,ht_chantry-random-24.scen,220
220,ht_chantry.map,planner,1,24717,19226,199,199,21409,19226,22,0,0,True,ht_chantry-random-24.scen,220
220,ht_chantry.map,planner,1,24717,19226,199,199,21409,19226,23,0,1,False,ht_chantry-random-24.scen,220
220,ht_chantry.map,planner,1,24280,19226,199,199,20858,19226,44,0,1,True,ht_chantry-random-24.scen,220
220,ht_chantry.map,planner,1,24717,19226,199,199,21409,19226,23,0,10,False,ht_chantry-random-24.scen,220
220,ht_chantry.map,planner,1,24823,19226,199,199,20936,19226,55,0,10,True,ht_chantry-random-24.scen,220
220,ht_chantry.map,planner,1,24717,19226,199,199,21409,19226,24,0,100,False,ht_chantry-random-24.scen,220
220,ht_chantry.map,planner,1,24139,19226,199,199,20830,19226,119,0,100,True,ht_chantry-random-24.scen,220
220,ht_chantry.map,planner,1,24717,19226,199,199,21409,19226,23,0,1000,False,ht_chantry-random-24.scen,220
220,ht_chantry.map,planner,1,24139,19226,199,199,20830,19226,117,0,1000,True,ht_chantry-random-24.scen,220
260,ht_chantry.map,planner,1,31430,23327,199,199,26066,23327,26,0,0,False,ht_chantry-random-24.scen,260
260,ht_chantry.map,planner,1,31430,23327,199,199,26066,23327,29,0,0,True,ht_chantry-random-24.scen,260
260,ht_chantry.map,planner,1,31430,23327,199,199,26066,23327,27,0,1,False,ht_chantry-random-24.scen,260
260,ht_chantry.map,planner,1,30722,23327,199,199,25571,23327,63,0,1,True,ht_chantry-random-24.scen,260
260,ht_chantry.map,planner,1,31430,23327,199,199,26066,23327,28,0,10,False,ht_chantry-random-24.scen,260
260,ht_chantry.map,planner,1,29976,23327,199,199,25508,23327,213,0,10,True,ht_chantry-random-24.scen,260
260,ht_chantry.map,planner,1,31430,23327,199,199,26066,23327,28,0,100,False,ht_chantry-random-24.scen,260
260,ht_chantry.map,planner,1,30545,23327,201,199,25516,23327,828,0,100,True,ht_chantry-random-24.scen,260
260,ht_chantry.map,planner,1,31430,23327,199,199,26066,23327,27,0,1000,False,ht_chantry-random-24.scen,260
260,ht_chantry.map,planner,1,30506,23327,204,199,25511,23327,5577,0,1000,True,ht_chantry-random-24.scen,260
20,ht_chantry.map,planner,1,2263,2248,161,161,2263,2248,2,0,0,False,ht_chantry-random-18.scen,20
20,ht_chantry.map,planner,1,2263,2248,161,161,2263,2248,2,0,0,True,ht_chantry-random-18.scen,20
20,ht_chantry.map,planner,1,2263,2248,161,161,2263,2248,2,0,1,False,ht_chantry-random-18.scen,20
20,ht_chantry.map,planner,1,2263,2248,161,161,2263,2248,2,0,1,True,ht_chantry-random-18.scen,20
20,ht_chantry.map,planner,1,2263,2248,161,161,2263,2248,2,0,10,False,ht_chantry-random-18.scen,20
20,ht_chantry.map,planner,1,2263,2248,161,161,2263,2248,2,0,10,True,ht_chantry-random-18.scen,20
20,ht_chantry.map,planner,1,2263,2248,161,161,2263,2248,2,0,100,False,ht_chantry-random-18.scen,20
20,ht_chantry.map,planner,1,2263,2248,161,161,2263,2248,2,0,100,True,ht_chantry-random-18.scen,20
20,ht_chantry.map,planner,1,2263,2248,161,161,2263,2248,2,0,1000,False,ht_chantry-random-18.scen,20
20,ht_chantry.map,planner,1,2263,2248,161,161,2263,2248,2,0,1000,True,ht_chantry-random-18.scen,20
60,ht_chantry.map,planner,1,6684,6127,188,188,6411,6127,6,0,0,False,ht_chantry-random-18.scen,60
60,ht_chantry.map,planner,1,6684,6127,188,188,6411,6127,6,0,0,True,ht_chantry-random-18.scen,60
60,ht_chantry.map,planner,1,6684,6127,188,188,6411,6127,6,0,1,False,ht_chantry-random-18.scen,60
60,ht_chantry.map,planner,1,6620,6127,188,188,6354,6127,7,0,1,True,ht_chantry-random-18.scen,60
60,ht_chantry.map,planner,1,6684,6127,188,188,6411,6127,6,0,10,False,ht_chantry-random-18.scen,60
60,ht_chantry.map,planner,1,6620,6127,188,188,6354,6127,6,0,10,True,ht_chantry-random-18.scen,60
60,ht_chantry.map,planner,1,6684,6127,188,188,6411,6127,6,0,100,False,ht_chantry-random-18.scen,60
60,ht_chantry.map,planner,1,6620,6127,188,188,6354,6127,6,0,100,True,ht_chantry-random-18.scen,60
60,ht_chantry.map,planner,1,6684,6127,188,188,6411,6127,6,0,1000,False,ht_chantry-random-18.scen,60
60,ht_chantry.map,planner,1,6620,6127,188,188,6354,6127,6,0,1000,True,ht_chantry-random-18.scen,60
100,ht_chantry.map,planner,1,10923,9632,188,188,10131,9632,11,0,0,False,ht_chantry-random-18.scen,100
100,ht_chantry.map,planner,1,10923,9632,188,188,10131,9632,11,0,0,True,ht_chantry-random-18.scen,100
100,ht_chantry.map,planner,1,10923,9632,188,188,10131,9632,9,0,1,False,ht_chantry-random-18.scen,100
100,ht_chantry.map,planner,1,10856,9632,190,188,10080,9632,12,0,1,True,ht_chantry-random-18.scen,100
100,ht_chantry.map,planner,1,10923,9632,188,188,10131,9632,11,0,10,False,ht_chantry-random-18.scen,100
100,ht_chantry.map,planner,1,10856,9632,190,188,10080,9632,11,0,10,True,ht_chantry-random-18.scen,100
100,ht_chantry.map,planner,1,10923,9632,188,188,10131,9632,12,0,100,False,ht_chantry-random-18.scen,100
100,ht_chantry.map,planner,1,10856,9632,190,188,10080,9632,10,0,100,True,ht_chantry-random-18.scen,100
100,ht_chantry.map,planner,1,10923,9632,188,188,10131,9632,9,0,1000,False,ht_chantry-random-18.scen,100
100,ht_chantry.map,planner,1,10856,9632,190,188,10080,9632,10,0,1000,True,ht_chantry-random-18.scen,100
140,ht_chantry.map,planner,1,16041,13756,188,188,14940,13756,14,0,0,False,ht_chantry-random-18.scen,140
140,ht_chantry.map,planner,1,16041,13756,188,188,14940,13756,14,0,0,True,ht_chantry-random-18.scen,140
140,ht_chantry.map,planner,1,16041,13756,188,188,14940,13756,15,0,1,False,ht_chantry-random-18.scen,140
140,ht_chantry.map,planner,1,15914,13756,191,188,14578,13756,18,0,1,True,ht_chantry-random-18.scen,140
140,ht_chantry.map,planner,1,16041,13756,188,188,14940,13756,14,0,10,False,ht_chantry-random-18.scen,140
140,ht_chantry.map,planner,1,15914,13756,191,188,14578,13756,18,0,10,True,ht_chantry-random-18.scen,140
140,ht_chantry.map,planner,1,16041,13756,188,188,14940,13756,16,0,100,False,ht_chantry-random-18.scen,140
140,ht_chantry.map,planner,1,15914,13756,191,188,14578,13756,18,0,100,True,ht_chantry-random-18.scen,140
140,ht_chantry.map,planner,1,16041,13756,188,188,14940,13756,14,0,1000,False,ht_chantry-random-18.scen,140
140,ht_chantry.map,planner,1,15914,13756,191,188,14578,13756,18,0,1000,True,ht_chantry-random-18.scen,140
180,ht_chantry.map,planner,1,20827,17512,188,188,19166,17512,19,0,0,False,ht_chantry-random-18.scen,180
180,ht_chantry.map,planner,1,20827,17512,188,188,19166,17512,19,0,0,True,ht_chantry-random-18.scen,180
180,ht_chantry.map,planner,1,20827,17512,188,188,19166,17512,18,0,1,False,ht_chantry-random-18.scen,180
180,ht_chantry.map,planner,1,20765,17512,189,188,18650,17512,39,0,1,True,ht_chantry-random-18.scen,180
180,ht_chantry.map,planner,1,20827,17512,188,188,19166,17512,17,0,10,False,ht_chantry-random-18.scen,180
180,ht_chantry.map,planner,1,20880,17512,201,188,18650,17512,79,0,10,True,ht_chantry-random-18.scen,180
180,ht_chantry.map,planner,1,20827,17512,188,188,19166,17512,20,0,100,False,ht_chantry-random-18.scen,180
180,ht_chantry.map,planner,1,20753,17512,189,188,18668,17512,166,0,100,True,ht_chantry-random-18.scen,180
180,ht_chantry.map,planner,1,20827,17512,188,188,19166,17512,19,0,1000,False,ht_chantry-random-18.scen,180
180,ht_chantry.map,planner,1,20562,17512,217,188,18655,17512,246,0,1000,True,ht_chantry-random-18.scen,180
220,ht_chantry.map,planner,1,26399,21131,188,188,23613,21131,26,0,0,False,ht_chantry-random-18.scen,220
220,ht_chantry.map,planner,1,26399,21131,188,188,23613,21131,22,0,0,True,ht_chantry-random-18.scen,220
220,ht_chantry.map,planner,1,26399,21131,188,188,23613,21131,24,0,1,False,ht_chantry-random-18.scen,220
220,ht_chantry.map,planner,1,25336,21131,190,188,22804,21131,61,0,1,True,ht_chantry-random-18.scen,220
220,ht_chantry.map,planner,1,26399,21131,188,188,23613,21131,24,0,10,False,ht_chantry-random-18.scen,220
220,ht_chantry.map,planner,1,25123,21131,195,188,22728,21131,182,0,10,True,ht_chantry-random-18.scen,220
220,ht_chantry.map,planner,1,26399,21131,188,188,23613,21131,23,0,100,False,ht_chantry-random-18.scen,220
220,ht_chantry.map,planner,1,25226,21131,194,188,22688,21131,378,0,100,True,ht_chantry-random-18.scen,220
220,ht_chantry.map,planner,1,26399,21131,188,188,23613,21131,22,0,1000,False,ht_chantry-random-18.scen,220
220,ht_chantry.map,planner,1,25428,21131,191,188,22681,21131,267,0,1000,True,ht_chantry-random-18.scen,220
260,ht_chantry.map,planner,1,31739,24786,197,197,27858,24786,29,0,0,False,ht_chantry-random-18.scen,260
260,ht_chantry.map,planner,1,31739,24786,197,197,27858,24786,29,0,0,True,ht_chantry-random-18.scen,260
260,ht_chantry.map,planner,1,31739,24786,197,197,27858,24786,28,0,1,False,ht_chantry-random-18.scen,260
260,ht_chantry.map,planner,1,30515,24786,199,197,26965,24786,73,0,1,True,ht_chantry-random-18.scen,260
260,ht_chantry.map,planner,1,31739,24786,197,197,27858,24786,28,0,10,False,ht_chantry-random-18.scen,260
260,ht_chantry.map,planner,1,30134,24786,199,197,26740,24786,321,0,10,True,ht_chantry-random-18.scen,260
260,ht_chantry.map,planner,1,31739,24786,197,197,27858,24786,28,0,100,False,ht_chantry-random-18.scen,260
260,ht_chantry.map,planner,1,30282,24786,197,197,26895,24786,3099,0,100,True,ht_chantry-random-18.scen,260
260,ht_chantry.map,planner,1,31739,24786,197,197,27858,24786,29,0,1000,False,ht_chantry-random-18.scen,260
260,ht_chantry.map,planner,1,29709,24786,256,197,26783,24786,20471,0,1000,True,ht_chantry-random-18.scen,260
20,ht_chantry.map,planner,1,1886,1824,165,151,1864,1824,2,0,0,False,ht_chantry-random-11.scen,20
20,ht_chantry.map,planner,1,1886,1824,165,151,1864,1824,2,0,0,True,ht_chantry-random-11.scen,20
20,ht_chantry.map,planner,1,1886,1824,165,151,1864,1824,2,0,1,False,ht_chantry-random-11.scen,20
20,ht_chantry.map,planner,1,1886,1824,165,151,1864,1824,2,0,1,True,ht_chantry-random-11.scen,20
20,ht_chantry.map,planner,1,1886,1824,165,151,1864,1824,2,0,10,False,ht_chantry-random-11.scen,20
20,ht_chantry.map,planner,1,1886,1824,165,151,1864,1824,2,0,10,True,ht_chantry-random-11.scen,20
20,ht_chantry.map,planner,1,1886,1824,165,151,1864,1824,2,0,100,False,ht_chantry-random-11.scen,20
20,ht_chantry.map,planner,1,1886,1824,165,151,1864,1824,2,0,100,True,ht_chantry-random-11.scen,20
20,ht_chantry.map,planner,1,1886,1824,165,151,1864,1824,2,0,1000,False,ht_chantry-random-11.scen,20
20,ht_chantry.map,planner,1,1886,1824,165,151,1864,1824,2,0,1000,True,ht_chantry-random-11.scen,20
60,ht_chantry.map,planner,1,5887,5101,164,164,5382,5101,5,0,0,False,ht_chantry-random-11.scen,60
60,ht_chantry.map,planner,1,5887,5101,164,164,5382,5101,5,0,0,True,ht_chantry-random-11.scen,60
60,ht_chantry.map,planner,1,5887,5101,164,164,5382,5101,6,0,1,False,ht_chantry-random-11.scen,60
60,ht_chantry.map,planner,1,6096,5101,164,164,5343,5101,5,0,1,True,ht_chantry-random-11.scen,60
60,ht_chantry.map,planner,1,5887,5101,164,164,5382,5101,6,0,10,False,ht_chantry-random-11.scen,60
60,ht_chantry.map,planner,1,6096,5101,164,164,5343,5101,5,0,10,True,ht_chantry-random-11.scen,60
60,ht_chantry.map,planner,1,5887,5101,164,164,5382,5101,5,0,100,False,ht_chantry-random-11.scen,60
60,ht_chantry.map,planner,1,6096,5101,164,164,5343,5101,6,0,100,True,ht_chantry-random-11.scen,60
60,ht_chantry.map,planner,1,5887,5101,164,164,5382,5101,5,0,1000,False,ht_chantry-random-11.scen,60
60,ht_chantry.map,planner,1,6096,5101,164,164,5343,5101,5,0,1000,True,ht_chantry-random-11.scen,60
100,ht_chantry.map,planner,1,10174,8314,177,177,8916,8314,9,0,0,False,ht_chantry-random-11.scen,100
100,ht_chantry.map,planner,1,10174,8314,177,177,8916,8314,9,0,0,True,ht_chantry-random-11.scen,100
100,ht_chantry.map,planner,1,10174,8314,177,177,8916,8314,9,0,1,False,ht_chantry-random-11.scen,100
100,ht_chantry.map,planner,1,9940,8314,177,177,8796,8314,9,0,1,True,ht_chantry-random-11.scen,100
100,ht_chantry.map,planner,1,10174,8314,177,177,8916,8314,9,0,10,False,ht_chantry-random-11.scen,100
100,ht_chantry.map,planner,1,9940,8314,177,177,8796,8314,9,0,10,True,ht_chantry-random-11.scen,100
100,ht_chantry.map,planner,1,10174,8314,177,177,8916,8314,9,0,100,False,ht_chantry-random-11.scen,100
100,ht_chantry.map,planner,1,9940,8314,177,177,8796,8314,10,0,100,True,ht_chantry-random-11.scen,100
100,ht_chantry.map,planner,1,10174,8314,177,177,8916,8314,9,0,1000,False,ht_chantry-random-11.scen,100
100,ht_chantry.map,planner,1,9940,8314,177,177,8796,8314,10,0,1000,True,ht_chantry-random-11.scen,100
140,ht_chantry.map,planner,1,14618,11807,181,181,12945,11807,14,0,0,False,ht_chantry-random-11.scen,140
140,ht_chantry.map,planner,1,14618,11807,181,181,12945,11807,13,0,0,True,ht_chantry-random-11.scen,140
140,ht_chantry.map,planner,1,14618,11807,181,181,12945,11807,15,0,1,False,ht_chantry-random-11.scen,140
140,ht_chantry.map,planner,1,14548,11807,181,181,12700,11807,15,0,1,True,ht_chantry-random-11.scen,140
140,ht_chantry.map,planner,1,14618,11807,181,181,12945,11807,14,0,10,False,ht_chantry-random-11.scen,140
140,ht_chantry.map,planner,1,14548,11807,181,181,12700,11807,15,0,10,True,ht_chantry-random-11.scen,140
140,ht_chantry.map,planner,1,14618,11807,181,181,12945,11807,15,0,100,False,ht_chantry-random-11.scen,140
140,ht_chantry.map,planner,1,14548,11807,181,181,12700,11807,15,0,100,True,ht_chantry-random-11.scen,140
140,ht_chantry.map,planner,1,14618,11807,181,181,12945,11807,15,0,1000,False,ht_chantry-random-11.scen,140
140,ht_chantry.map,planner,1,14548,11807,181,181,12700,11807,15,0,1000,True,ht_chantry-random-11.scen,140
180,ht_chantry.map,planner,1,19870,15395,181,181,16989,15395,17,0,0,False,ht_chantry-random-11.scen,180
180,ht_chantry.map,planner,1,19870,15395,181,181,16989,15395,19,0,0,True,ht_chantry-random-11.scen,180
180,ht_chantry.map,planner,1,19870,15395,181,181,16989,15395,17,0,1,False,ht_chantry-random-11.scen,180
180,ht_chantry.map,planner,1,19257,15395,181,181,16638,15395,22,0,1,True,ht_chantry-random-11.scen,180
180,ht_chantry.map,planner,1,19870,15395,181,181,16989,15395,17,0,10,False,ht_chantry-random-11.scen,180
180,ht_chantry.map,planner,1,19092,15395,181,181,16663,15395,23,0,10,True,ht_chantry-random-11.scen,180
180,ht_chantry.map,planner,1,19870,15395,181,181,16989,15395,16,0,100,False,ht_chantry-random-11.scen,180
180,ht_chantry.map,planner,1,19092,15395,181,181,16663,15395,25,0,100,True,ht_chantry-random-11.scen,180
180,ht_chantry.map,planner,1,19870,15395,181,181,16989,15395,18,0,1000,False,ht_chantry-random-11.scen,180
180,ht_chantry.map,planner,1,19092,15395,181,181,16663,15395,25,0,1000,True,ht_chantry-random-11.scen,180
220,ht_chantry.map,planner,1,24714,19155,184,181,21142,19155,21,0,0,False,ht_chantry-random-11.scen,220
220,ht_chantry.map,planner,1,24714,19155,184,181,21142,19155,22,0,0,True,ht_chantry-random-11.scen,220
220,ht_chantry.map,planner,1,24714,19155,184,181,21142,19155,20,0,1,False,ht_chantry-random-11.scen,220
220,ht_chantry.map,planner,1,24185,19155,183,181,20811,19155,34,0,1,True,ht_chantry-random-11.scen,220
220,ht_chantry.map,planner,1,24714,19155,184,181,21142,19155,20,0,10,False,ht_chantry-random-11.scen,220
220,ht_chantry.map,planner,1,24035,19155,187,181,20739,19155,77,0,10,True,ht_chantry-random-11.scen,220
220,ht_chantry.map,planner,1,24714,19155,184,181,21142,19155,22,0,100,False,ht_chantry-random-11.scen,220
220,ht_chantry.map,planner,1,24345,19155,184,181,20752,19155,172,0,100,True,ht_chantry-random-11.scen,220
220,ht_chantry.map,planner,1,24714,19155,184,181,21142,19155,21,0,1000,False,ht_chantry-random-11.scen,220
220,ht_chantry.map,planner,1,24304,19155,184,181,20772,19155,523,0,1000,True,ht_chantry-random-11.scen,220
260,ht_chantry.map,planner,1,31514,23014,182,181,26068,23014,26,0,0,False,ht_chantry-random-11.scen,260
260,ht_chantry.map,planner,1,31514,23014,182,181,26068,23014,27,0,0,True,ht_chantry-random-11.scen,260
260,ht_chantry.map,planner,1,31514,23014,182,181,26068,23014,27,0,1,False,ht_chantry-random-11.scen,260
260,ht_chantry.map,planner,1,29679,23014,184,181,25169,23014,62,0,1,True,ht_chantry-random-11.scen,260
260,ht_chantry.map,planner,1,31514,23014,182,181,26068,23014,25,0,10,False,ht_chantry-random-11.scen,260
260,ht_chantry.map,planner,1,29706,23014,189,181,25156,23014,180,0,10,True,ht_chantry-random-11.scen,260
260,ht_chantry.map,planner,1,31514,23014,182,181,26068,23014,27,0,100,False,ht_chantry-random-11.scen,260
260,ht_chantry.map,planner,1,29337,23014,194,181,25098,23014,1049,0,100,True,ht_chantry-random-11.scen,260
260,ht_chantry.map,planner,1,31514,23014,182,181,26068,23014,26,0,1000,False,ht_chantry-random-11.scen,260
260,ht_chantry.map,planner,1,30224,23014,189,181,25137,23014,3115,0,1000,True,ht_chantry-random-11.scen,260
20,ht_chantry.map,planner,1,2042,1984,159,159,2012,1984,2,0,0,False,ht_chantry-random-23.scen,20
20,ht_chantry.map,planner,1,2042,1984,159,159,2012,1984,2,0,0,True,ht_chantry-random-23.scen,20
20,ht_chantry.map,planner,1,2042,1984,159,159,2012,1984,2,0,1,False,ht_chantry-random-23.scen,20
20,ht_chantry.map,planner,1,2042,1984,159,159,2012,1984,2,0,1,True,ht_chantry-random-23.scen,20
20,ht_chantry.map,planner,1,2042,1984,159,159,2012,1984,2,0,10,False,ht_chantry-random-23.scen,20
20,ht_chantry.map,planner,1,2042,1984,159,159,2012,1984,2,0,10,True,ht_chantry-random-23.scen,20
20,ht_chantry.map,planner,1,2042,1984,159,159,2012,1984,2,0,100,False,ht_chantry-random-23.scen,20
20,ht_chantry.map,planner,1,2042,1984,159,159,2012,1984,2,0,100,True,ht_chantry-random-23.scen,20
20,ht_chantry.map,planner,1,2042,1984,159,159,2012,1984,2,0,1000,False,ht_chantry-random-23.scen,20
20,ht_chantry.map,planner,1,2042,1984,159,159,2012,1984,2,0,1000,True,ht_chantry-random-23.scen,20
60,ht_chantry.map,planner,1,6567,6040,180,180,6282,6040,6,0,0,False,ht_chantry-random-23.scen,60
60,ht_chantry.map,planner,1,6567,6040,180,180,6282,6040,7,0,0,True,ht_chantry-random-23.scen,60
60,ht_chantry.map,planner,1,6567,6040,180,180,6282,6040,6,0,1,False,ht_chantry-random-23.scen,60
60,ht_chantry.map,planner,1,6555,6040,180,180,6291,6040,6,0,1,True,ht_chantry-random-23.scen,60
60,ht_chantry.map,planner,1,6567,6040,180,180,6282,6040,6,0,10,False,ht_chantry-random-23.scen,60
60,ht_chantry.map,planner,1,6555,6040,180,180,6291,6040,6,0,10,True,ht_chantry-random-23.scen,60
60,ht_chantry.map,planner,1,6567,6040,180,180,6282,6040,6,0,100,False,ht_chantry-random-23.scen,60
60,ht_chantry.map,planner,1,6555,6040,180,180,6291,6040,6,0,100,True,ht_chantry-random-23.scen,60
60,ht_chantry.map,planner,1,6567,6040,180,180,6282,6040,6,0,1000,False,ht_chantry-random-23.scen,60
60,ht_chantry.map,planner,1,6555,6040,180,180,6291,6040,6,0,1000,True,ht_chantry-random-23.scen,60
100,ht_chantry.map,planner,1,11065,9870,180,180,10405,9870,11,0,0,False,ht_chantry-random-23.scen,100
100,ht_chantry.map,planner,1,11065,9870,180,180,10405,9870,10,0,0,True,ht_chantry-random-23.scen,100
100,ht_chantry.map,planner,1,11065,9870,180,180,10405,9870,11,0,1,False,ht_chantry-random-23.scen,100
100,ht_chantry.map,planner,1,10975,9870,182,180,10403,9870,10,0,1,True,ht_chantry-random-23.scen,100
100,ht_chantry.map,planner,1,11065,9870,180,180,10405,9870,10,0,10,False,ht_chantry-random-23.scen,100
100,ht_chantry.map,planner,1,10975,9870,182,180,10403,9870,10,0,10,True,ht_chantry-random-23.scen,100
100,ht_chantry.map,planner,1,11065,9870,180,180,10405,9870,10,0,100,False,ht_chantry-random-23.scen,100
100,ht_chantry.map,planner,1,10975,9870,182,180,10403,9870,10,0,100,True,ht_chantry-random-23.scen,100
100,ht_chantry.map,planner,1,11065,9870,180,180,10405,9870,10,0,1000,False,ht_chantry-random-23.scen,100
100,ht_chantry.map,planner,1,10975,9870,182,180,10403,9870,11,0,1000,True,ht_chantry-random-23.scen,100
140,ht_chantry.map,planner,1,15585,13427,190,190,14385,13427,15,0,0,False,ht_chantry-random-23.scen,140
140,ht_chantry.map,planner,1,15585,13427,190,190,14385,13427,17,0,0,True,ht_chantry-random-23.scen,140
140,ht_chantry.map,planner,1,15585,13427,190,190,14385,13427,15,0,1,False,ht_chantry-random-23.scen,140
140,ht_chantry.map,planner,1,15460,13427,190,190,14194,13427,16,0,1,True,ht_chantry-random-23.scen,140
140,ht_chantry.map,planner,1,15585,13427,190,190,14385,13427,14,0,10,False,ht_chantry-random-23.scen,140
140,ht_chantry.map,planner,1,15604,13427,190,190,14217,13427,17,0,10,True,ht_chantry-random-23.scen,140
140,ht_chantry.map,planner,1,15585,13427,190,190,14385,13427,14,0,100,False,ht_chantry-random-23.scen,140
140,ht_chantry.map,planner,1,15604,13427,190,190,14217,13427,17,0,100,True,ht_chantry-random-23.scen,140
140,ht_chantry.map,planner,1,15585,13427,190,190,14385,13427,15,0,1000,False,ht_chantry-random-23.scen,140
140,ht_chantry.map,planner,1,15604,13427,190,190,14217,13427,17,0,1000,True,ht_chantry-random-23.scen,140
180,ht_chantry.map,planner,1,20786,17210,190,190,18735,17210,18,0,0,False,ht_chantry-random-23.scen,180
180,ht_chantry.map,planner,1,20786,17210,190,190,18735,17210,20,0,0,True,ht_chantry-random-23.scen,180
180,ht_chantry.map,planner,1,20786,17210,190,190,18735,17210,18,0,1,False,ht_chantry-random-23.scen,180
180,ht_chantry.map,planner,1,20445,17210,191,190,18525,17210,33,0,1,True,ht_chantry-random-23.scen,180
180,ht_chantry.map,planner,1,20786,17210,190,190,18735,17210,18,0,10,False,ht_chantry-random-23.scen,180
180,ht_chantry.map,planner,1,20109,17210,192,190,18448,17210,35,0,10,True,ht_chantry-random-23.scen,180
180,ht_chantry.map,planner,1,20786,17210,190,190,18735,17210,18,0,100,False,ht_chantry-random-23.scen,180
180,ht_chantry.map,planner,1,20109,17210,192,190,18448,17210,35,0,100,True,ht_chantry-random-23.scen,180
180,ht_chantry.map,planner,1,20786,17210,190,190,18735,17210,19,0,1000,False,ht_chantry-random-23.scen,180
180,ht_chantry.map,planner,1,20109,17210,192,190,18448,17210,37,0,1000,True,ht_chantry-random-23.scen,180
220,ht_chantry.map,planner,1,25248,20318,190,190,22512,20318,24,0,0,False,ht_chantry-random-23.scen,220
220,ht_chantry.map,planner,1,25248,20318,190,190,22512,20318,26,0,0,True,ht_chantry-random-23.scen,220
220,ht_chantry.map,planner,1,25248,20318,190,190,22512,20318,23,0,1,False,ht_chantry-random-23.scen,220
220,ht_chantry.map,planner,1,24557,20318,190,190,21955,20318,58,0,1,True,ht_chantry-random-23.scen,220
220,ht_chantry.map,planner,1,25248,20318,190,190,22512,20318,23,0,10,False,ht_chantry-random-23.scen,220
220,ht_chantry.map,planner,1,24594,20318,190,190,21998,20318,220,0,10,True,ht_chantry-random-23.scen,220
220,ht_chantry.map,planner,1,25248,20318,190,190,22512,20318,26,0,100,False,ht_chantry-random-23.scen,220
220,ht_chantry.map,planner,1,24512,20318,190,190,21979,20318,970,0,100,True,ht_chantry-random-23.scen,220
220,ht_chantry.map,planner,1,25248,20318,190,190,22512,20318,23,0,1000,False,ht_chantry-random-23.scen,220
220,ht_chantry.map,planner,1,24967,20318,190,190,22129,20318,8430,0,1000,True,ht_chantry-random-23.scen,220
260,ht_chantry.map,planner,1,30448,23688,190,190,26536,23688,28,0,0,False,ht_chantry-random-23.scen,260
260,ht_chantry.map,planner,1,30448,23688,190,190,26536,23688,31,0,0,True,ht_chantry-random-23.scen,260
260,ht_chantry.map,planner,1,30448,23688,190,190,26536,23688,27,0,1,False,ht_chantry-random-23.scen,260
260,ht_chantry.map,planner,1,29373,23688,191,190,25848,23688,70,0,1,True,ht_chantry-random-23.scen,260
260,ht_chantry.map,planner,1,30448,23688,190,190,26536,23688,28,0,10,False,ht_chantry-random-23.scen,260
260,ht_chantry.map,planner,1,29599,23688,192,190,25977,23688,332,0,10,True,ht_chantry-random-23.scen,260
260,ht_chantry.map,planner,1,30448,23688,190,190,26536,23688,31,0,100,False,ht_chantry-random-23.scen,260
260,ht_chantry.map,planner,1,29289,23688,190,190,25862,23688,943,0,100,True,ht_chantry-random-23.scen,260
260,ht_chantry.map,planner,1,30448,23688,190,190,26536,23688,27,0,1000,False,ht_chantry-random-23.scen,260
260,ht_chantry.map,planner,1,28947,23688,190,190,25922,23688,11921,0,1000,True,ht_chantry-random-23.scen,260
20,ht_chantry.map,planner,1,1455,1448,148,148,1455,1448,1,0,0,False,ht_chantry-random-8.scen,20
20,ht_chantry.map,planner,1,1455,1448,148,148,1455,1448,1,0,0,True,ht_chantry-random-8.scen,20
20,ht_chantry.map,planner,1,1455,1448,148,148,1455,1448,1,0,1,False,ht_chantry-random-8.scen,20
20,ht_chantry.map,planner,1,1455,1448,148,148,1455,1448,1,0,1,True,ht_chantry-random-8.scen,20
20,ht_chantry.map,planner,1,1455,1448,148,148,1455,1448,1,0,10,False,ht_chantry-random-8.scen,20
20,ht_chantry.map,planner,1,1455,1448,148,148,1455,1448,1,0,10,True,ht_chantry-random-8.scen,20
20,ht_chantry.map,planner,1,1455,1448,148,148,1455,1448,1,0,100,False,ht_chantry-random-8.scen,20
20,ht_chantry.map,planner,1,1455,1448,148,148,1455,1448,1,0,100,True,ht_chantry-random-8.scen,20
20,ht_chantry.map,planner,1,1455,1448,148,148,1455,1448,1,0,1000,False,ht_chantry-random-8.scen,20
20,ht_chantry.map,planner,1,1455,1448,148,148,1455,1448,1,0,1000,True,ht_chantry-random-8.scen,20
60,ht_chantry.map,planner,1,5355,4786,189,189,4978,4786,5,0,0,False,ht_chantry-random-8.scen,60
60,ht_chantry.map,planner,1,5355,4786,189,189,4978,4786,5,0,0,True,ht_chantry-random-8.scen,60
60,ht_chantry.map,planner,1,5355,4786,189,189,4978,4786,5,0,1,False,ht_chantry-random-8.scen,60
60,ht_chantry.map,planner,1,5430,4786,191,189,5015,4786,5,0,1,True,ht_chantry-random-8.scen,60
60,ht_chantry.map,planner,1,5355,4786,189,189,4978,4786,5,0,10,False,ht_chantry-random-8.scen,60
60,ht_chantry.map,planner,1,5430,4786,191,189,5015,4786,5,0,10,True,ht_chantry-random-8.scen,60
60,ht_chantry.map,planner,1,5355,4786,189,189,4978,4786,5,0,100,False,ht_chantry-random-8.scen,60
60,ht_chantry.map,planner,1,5430,4786,191,189,5015,4786,5,0,100,True,ht_chantry-random-8.scen,60
60,ht_chantry.map,planner,1,5355,4786,189,189,4978,4786,5,0,1000,False,ht_chantry-random-8.scen,60
60,ht_chantry.map,planner,1,5430,4786,191,189,5015,4786,5,0,1000,True,ht_chantry-random-8.scen,60
100,ht_chantry.map,planner,1,9533,8462,189,189,8936,8462,9,0,0,False,ht_chantry-random-8.scen,100
100,ht_chantry.map,planner,1,9533,8462,189,189,8936,8462,10,0,0,True,ht_chantry-random-8.scen,100
100,ht_chantry.map,planner,1,9533,8462,189,189,8936,8462,9,0,1,False,ht_chantry-random-8.scen,100
100,ht_chantry.map,planner,1,9712,8462,189,189,8966,8462,10,0,1,True,ht_chantry-random-8.scen,100
100,ht_chantry.map,planner,1,9533,8462,189,189,8936,8462,10,0,10,False,ht_chantry-random-8.scen,100
100,ht_chantry.map,planner,1,9712,8462,189,189,8966,8462,9,0,10,True,ht_chantry-random-8.scen,100
100,ht_chantry.map,planner,1,9533,8462,189,189,8936,8462,10,0,100,False,ht_chantry-random-8.scen,100
100,ht_chantry.map,planner,1,9712,8462,189,189,8966,8462,9,0,100,True,ht_chantry-random-8.scen,100
100,ht_chantry.map,planner,1,9533,8462,189,189,8936,8462,9,0,1000,False,ht_chantry-random-8.scen,100
100,ht_chantry.map,planner,1,9712,8462,189,189,8966,8462,9,0,1000,True,ht_chantry-random-8.scen,100
140,ht_chantry.map,planner,1,14684,12503,189,189,13413,12503,13,0,0,False,ht_chantry-random-8.scen,140
140,ht_chantry.map,planner,1,14684,12503,189,189,13413,12503,14,0,0,True,ht_chantry-random-8.scen,140
140,ht_chantry.map,planner,1,14684,12503,189,189,13413,12503,14,0,1,False,ht_chantry-random-8.scen,140
140,ht_chantry.map,planner,1,14207,12503,190,189,13228,12503,15,0,1,True,ht_chantry-random-8.scen,140
140,ht_chantry.map,planner,1,14684,12503,189,189,13413,12503,13,0,10,False,ht_chantry-random-8.scen,140
140,ht_chantry.map,planner,1,14207,12503,190,189,13228,12503,14,0,10,True,ht_chantry-random-8.scen,140
140,ht_chantry.map,planner,1,14684,12503,189,189,13413,12503,15,0,100,False,ht_chantry-random-8.scen,140
140,ht_chantry.map,planner,1,14207,12503,190,189,13228,12503,15,0,100,True,ht_chantry-random-8.scen,140
140,ht_chantry.map,planner,1,14684,12503,189,189,13413,12503,14,0,1000,False,ht_chantry-random-8.scen,140
140,ht_chantry.map,planner,1,14207,12503,190,189,13228,12503,15,0,1000,True,ht_chantry-random-8.scen,140
180,ht_chantry.map,planner,1,19737,15902,190,189,17488,15902,19,0,0,False,ht_chantry-random-8.scen,180
180,ht_chantry.map,planner,1,19737,15902,190,189,17488,15902,18,0,0,True,ht_chantry-random-8.scen,180
180,ht_chantry.map,planner,1,19737,15902,190,189,17488,15902,18,0,1,False,ht_chantry-random-8.scen,180
180,ht_chantry.map,planner,1,18989,15902,196,189,17059,15902,26,0,1,True,ht_chantry-random-8.scen,180
180,ht_chantry.map,planner,1,19737,15902,190,189,17488,15902,18,0,10,False,ht_chantry-random-8.scen,180
180,ht_chantry.map,planner,1,18819,15902,197,189,17046,15902,34,0,10,True,ht_chantry-random-8.scen,180
180,ht_chantry.map,planner,1,19737,15902,190,189,17488,15902,19,0,100,False,ht_chantry-random-8.scen,180
180,ht_chantry.map,planner,1,18851,15902,194,189,17035,15902,48,0,100,True,ht_chantry-random-8.scen,180
180,ht_chantry.map,planner,1,19737,15902,190,189,17488,15902,17,0,1000,False,ht_chantry-random-8.scen,180
180,ht_chantry.map,planner,1,18851,15902,194,189,17035,15902,47,0,1000,True,ht_chantry-random-8.scen,180
220,ht_chantry.map,planner,1,24625,20090,192,189,22157,20090,22,0,0,False,ht_chantry-random-8.scen,220
220,ht_chantry.map,planner,1,24625,20090,192,189,22157,20090,22,0,0,True,ht_chantry-random-8.scen,220
220,ht_chantry.map,planner,1,24625,20090,192,189,22157,20090,22,0,1,False,ht_chantry-random-8.scen,220
220,ht_chantry.map,planner,1,23953,20090,195,189,21667,20090,41,0,1,True,ht_chantry-random-8.scen,220
220,ht_chantry.map,planner,1,24625,20090,192,189,22157,20090,21,0,10,False,ht_chantry-random-8.scen,220
220,ht_chantry.map,planner,1,24047,20090,199,189,21603,20090,121,0,10,True,ht_chantry-random-8.scen,220
220,ht_chantry.map,planner,1,24625,20090,192,189,22157,20090,24,0,100,False,ht_chantry-random-8.scen,220
220,ht_chantry.map,planner,1,24371,20090,200,189,21678,20090,870,0,100,True,ht_chantry-random-8.scen,220
220,ht_chantry.map,planner,1,24625,20090,192,189,22157,20090,22,0,1000,False,ht_chantry-random-8.scen,220
220,ht_chantry.map,planner,1,23876,20090,196,189,21572,20090,2688,0,1000,True,ht_chantry-random-8.scen,220
260,ht_chantry.map,planner,1,30255,23584,189,189,26677,23584,26,0,0,False,ht_chantry-random-8.scen,260
260,ht_chantry.map,planner,1,30255,23584,189,189,26677,23584,27,0,0,True,ht_chantry-random-8.scen,260
260,ht_chantry.map,planner,1,30255,23584,189,189,26677,23584,27,0,1,False,ht_chantry-random-8.scen,260
260,ht_chantry.map,planner,1,28950,23584,197,189,25715,23584,63,0,1,True,ht_chantry-random-8.scen,260
260,ht_chantry.map,planner,1,30255,23584,189,189,26677,23584,27,0,10,False,ht_chantry-random-8.scen,260
260,ht_chantry.map,planner,1,29053,23584,201,189,25650,23584,230,0,10,True,ht_chantry-random-8.scen,260
260,ht_chantry.map,planner,1,30255,23584,189,189,26677,23584,26,0,100,False,ht_chantry-random-8.scen,260
260,ht_chantry.map,planner,1,28755,23584,198,189,25722,23584,1401,0,100,True,ht_chantry-random-8.scen,260
260,ht_chantry.map,planner,1,30255,23584,189,189,26677,23584,27,0,1000,False,ht_chantry-random-8.scen,260
260,ht_chantry.map,planner,1,28890,23584,195,189,25560,23584,4825,0,1000,True,ht_chantry-random-8.scen,260
20,ht_chantry.map,planner,1,2004,1972,163,163,2004,1972,2,0,0,False,ht_chantry-random-10.scen,20
20,ht_chantry.map,planner,1,2004,1972,163,163,2004,1972,2,0,0,True,ht_chantry-random-10.scen,20
20,ht_chantry.map,planner,1,2004,1972,163,163,2004,1972,2,0,1,False,ht_chantry-random-10.scen,20
20,ht_chantry.map,planner,1,2009,1972,163,163,2009,1972,2,0,1,True,ht_chantry-random-10.scen,20
20,ht_chantry.map,planner,1,2004,1972,163,163,2004,1972,2,0,10,False,ht_chantry-random-10.scen,20
20,ht_chantry.map,planner,1,2009,1972,163,163,2009,1972,2,0,10,True,ht_chantry-random-10.scen,20
20,ht_chantry.map,planner,1,2004,1972,163,163,2004,1972,2,0,100,False,ht_chantry-random-10.scen,20
20,ht_chantry.map,planner,1,2009,1972,163,163,2009,1972,2,0,100,True,ht_chantry-random-10.scen,20
20,ht_chantry.map,planner,1,2004,1972,163,163,2004,1972,2,0,1000,False,ht_chantry-random-10.scen,20
20,ht_chantry.map,planner,1,2009,1972,163,163,2009,1972,2,0,1000,True,ht_chantry-random-10.scen,20
60,ht_chantry.map,planner,1,5689,5330,163,163,5520,5330,6,0,0,False,ht_chantry-random-10.scen,60
60,ht_chantry.map,planner,1,5689,5330,163,163,5520,5330,5,0,0,True,ht_chantry-random-10.scen,60
60,ht_chantry.map,planner,1,5689,5330,163,163,5520,5330,5,0,1,False,ht_chantry-random-10.scen,60
60,ht_chantry.map,planner,1,5782,5330,163,163,5553,5330,5,0,1,True,ht_chantry-random-10.scen,60
60,ht_chantry.map,planner,1,5689,5330,163,163,5520,5330,5,0,10,False,ht_chantry-random-10.scen,60
60,ht_chantry.map,planner,1,5782,5330,163,163,5553,5330,6,0,10,True,ht_chantry-random-10.scen,60
60,ht_chantry.map,planner,1,5689,5330,163,163,5520,5330,6,0,100,False,ht_chantry-random-10.scen,60
60,ht_chantry.map,planner,1,5782,5330,163,163,5553,5330,5,0,100,True,ht_chantry-random-10.scen,60
60,ht_chantry.map,planner,1,5689,5330,163,163,5520,5330,5,0,1000,False,ht_chantry-random-10.scen,60
60,ht_chantry.map,planner,1,5782,5330,163,163,5553,5330,6,0,1000,True,ht_chantry-random-10.scen,60
100,ht_chantry.map,planner,1,10168,8806,199,199,9302,8806,9,0,0,False,ht_chantry-random-10.scen,100
100,ht_chantry.map,planner,1,10168,8806,199,199,9302,8806,9,0,0,True,ht_chantry-random-10.scen,100
100,ht_chantry.map,planner,1,10168,8806,199,199,9302,8806,10,0,1,False,ht_chantry-random-10.scen,100
100,ht_chantry.map,planner,1,9934,8806,199,199,9278,8806,10,0,1,True,ht_chantry-random-10.scen,100
100,ht_chantry.map,planner,1,10168,8806,199,199,9302,8806,9,0,10,False,ht_chantry-random-10.scen,100
100,ht_chantry.map,planner,1,9934,8806,199,199,9278,8806,9,0,10,True,ht_chantry-random-10.scen,100
100,ht_chantry.map,planner,1,10168,8806,199,199,9302,8806,10,0,100,False,ht_chantry-random-10.scen,100
100,ht_chantry.map,planner,1,9934,8806,199,199,9278,8806,9,0,100,True,ht_chantry-random-10.scen,100
100,ht_chantry.map,planner,1,10168,8806,199,199,9302,8806,9,0,1000,False,ht_chantry-random-10.scen,100
100,ht_chantry.map,planner,1,9934,8806,199,199,9278,8806,9,0,1000,True,ht_chantry-random-10.scen,100
140,ht_chantry.map,planner,1,15340,12708,199,199,13663,12708,15,0,0,False,ht_chantry-random-10.scen,140
140,ht_chantry.map,planner,1,15340,12708,199,199,13663,12708,16,0,0,True,ht_chantry-random-10.scen,140
140,ht_chantry.map,planner,1,15340,12708,199,199,13663,12708,15,0,1,False,ht_chantry-random-10.scen,140
140,ht_chantry.map,planner,1,15221,12708,199,199,13509,12708,18,0,1,True,ht_chantry-random-10.scen,140
140,ht_chantry.map,planner,1,15340,12708,199,199,13663,12708,15,0,10,False,ht_chantry-random-10.scen,140
140,ht_chantry.map,planner,1,15248,12708,199,199,13474,12708,23,0,10,True,ht_chantry-random-10.scen,140
140,ht_chantry.map,planner,1,15340,12708,199,199,13663,12708,16,0,100,False,ht_chantry-random-10.scen,140
140,ht_chantry.map,planner,1,15248,12708,199,199,13474,12708,25,0,100,True,ht_chantry-random-10.scen,140
140,ht_chantry.map,planner,1,15340,12708,199,199,13663,12708,13,0,1000,False,ht_chantry-random-10.scen,140
140,ht_chantry.map,planner,1,15248,12708,199,199,13474,12708,23,0,1000,True,ht_chantry-random-10.scen,140
180,ht_chantry.map,planner,1,19853,16508,199,199,18058,16508,19,0,0,False,ht_chantry-random-10.scen,180
180,ht_chantry.map,planner,1,19853,16508,199,199,18058,16508,19,0,0,True,ht_chantry-random-10.scen,180
180,ht_chantry.map,planner,1,19853,16508,199,199,18058,16508,18,0,1,False,ht_chantry-random-10.scen,180
180,ht_chantry.map,planner,1,20038,16508,199,199,17741,16508,33,0,1,True,ht_chantry-random-10.scen,180
180,ht_chantry.map,planner,1,19853,16508,199,199,18058,16508,20,0,10,False,ht_chantry-random-10.scen,180
180,ht_chantry.map,planner,1,19544,16508,201,199,17696,16508,40,0,10,True,ht_chantry-random-10.scen,180
180,ht_chantry.map,planner,1,19853,16508,199,199,18058,16508,18,0,100,False,ht_chantry-random-10.scen,180
180,ht_chantry.map,planner,1,20128,16508,201,199,17697,16508,59,0,100,True,ht_chantry-random-10.scen,180
180,ht_chantry.map,planner,1,19853,16508,199,199,18058,16508,17,0,1000,False,ht_chantry-random-10.scen,180
180,ht_chantry.map,planner,1,20128,16508,201,199,17697,16508,57,0,1000,True,ht_chantry-random-10.scen,180
220,ht_chantry.map,planner,1,25644,20245,199,199,22558,20245,25,0,0,False,ht_chantry-random-10.scen,220
220,ht_chantry.map,planner,1,25644,20245,199,199,22558,20245,25,0,0,True,ht_chantry-random-10.scen,220
220,ht_chantry.map,planner,1,25644,20245,199,199,22558,20245,22,0,1,False,ht_chantry-random-10.scen,220
220,ht_chantry.map,planner,1,25117,20245,199,199,21995,20245,48,0,1,True,ht_chantry-random-10.scen,220
220,ht_chantry.map,planner,1,25644,20245,199,199,22558,20245,26,0,10,False,ht_chantry-random-10.scen,220
220,ht_chantry.map,planner,1,24956,20245,200,199,21999,20245,200,0,10,True,ht_chantry-random-10.scen,220
220,ht_chantry.map,planner,1,25644,20245,199,199,22558,20245,23,0,100,False,ht_chantry-random-10.scen,220
220,ht_chantry.map,planner,1,24862,20245,199,199,21967,20245,841,0,100,True,ht_chantry-random-10.scen,220
220,ht_chantry.map,planner,1,25644,20245,199,199,22558,20245,23,0,1000,False,ht_chantry-random-10.scen,220
220,ht_chantry.map,planner,1,25039,20245,204,199,21899,20245,3374,0,1000,True,ht_chantry-random-10.scen,220
260,ht_chantry.map,planner,1,31270,24122,199,199,27235,24122,29,0,0,False,ht_chantry-random-10.scen,260
260,ht_chantry.map,planner,1,31270,24122,199,199,27235,24122,28,0,0,True,ht_chantry-random-10.scen,260
260,ht_chantry.map,planner,1,31270,24122,199,199,27235,24122,28,0,1,False,ht_chantry-random-10.scen,260
260,ht_chantry.map,planner,1,30121,24122,199,199,26352,24122,71,0,1,True,ht_chantry-random-10.scen,260
260,ht_chantry.map,planner,1,31270,24122,199,199,27235,24122,29,0,10,False,ht_chantry-random-10.scen,260
260,ht_chantry.map,planner,1,30072,24122,202,199,26386,24122,337,0,10,True,ht_chantry-random-10.scen,260
260,ht_chantry.map,planner,1,31270,24122,199,199,27235,24122,29,0,100,False,ht_chantry-random-10.scen,260
260,ht_chantry.map,planner,1,29621,24122,202,199,26319,24122,2363,0,100,True,ht_chantry-random-10.scen,260
260,ht_chantry.map,planner,1,31270,24122,199,199,27235,24122,30,0,1000,False,ht_chantry-random-10.scen,260
260,ht_chantry.map,planner,1,29973,24122,202,199,26380,24122,13643,0,1000,True,ht_chantry-random-10.scen,260
20,ht_chantry.map,planner,1,1964,1897,188,188,1939,1897,2,0,0,False,ht_chantry-random-25.scen,20
20,ht_chantry.map,planner,1,1964,1897,188,188,1939,1897,2,0,0,True,ht_chantry-random-25.scen,20
20,ht_chantry.map,planner,1,1964,1897,188,188,1939,1897,2,0,1,False,ht_chantry-random-25.scen,20
20,ht_chantry.map,planner,1,1964,1897,188,188,1939,1897,2,0,1,True,ht_chantry-random-25.scen,20
20,ht_chantry.map,planner,1,1964,1897,188,188,1939,1897,2,0,10,False,ht_chantry-random-25.scen,20
20,ht_chantry.map,planner,1,1964,1897,188,188,1939,1897,2,0,10,True,ht_chantry-random-25.scen,20
20,ht_chantry.map,planner,1,1964,1897,188,188,1939,1897,2,0,100,False,ht_chantry-random-25.scen,20
20,ht_chantry.map,planner,1,1964,1897,188,188,1939,1897,2,0,100,True,ht_chantry-random-25.scen,20
20,ht_chantry.map,planner,1,1964,1897,188,188,1939,1897,2,0,1000,False,ht_chantry-random-25.scen,20
20,ht_chantry.map,planner,1,1964,1897,188,188,1939,1897,2,0,1000,True,ht_chantry-random-25.scen,20
60,ht_chantry.map,planner,1,6532,5899,197,197,6217,5899,6,0,0,False,ht_chantry-random-25.scen,60
60,ht_chantry.map,planner,1,6532,5899,197,197,6217,5899,6,0,0,True,ht_chantry-random-25.scen,60
60,ht_chantry.map,planner,1,6532,5899,197,197,6217,5899,6,0,1,False,ht_chantry-random-25.scen,60
60,ht_chantry.map,planner,1,6481,5899,197,197,6164,5899,6,0,1,True,ht_chantry-random-25.scen,60
60,ht_chantry.map,planner,1,6532,5899,197,197,6217,5899,6,0,10,False,ht_chantry-random-25.scen,60
60,ht_chantry.map,planner,1,6481,5899,197,197,6164,5899,6,0,10,True,ht_chantry-random-25.scen,60
60,ht_chantry.map,planner,1,6532,5899,197,197,6217,5899,6,0,100,False,ht_chantry-random-25.scen,60
60,ht_chantry.map,planner,1,6481,5899,197,197,6164,5899,6,0,100,True,ht_chantry-random-25.scen,60
60,ht_chantry.map,planner,1,6532,5899,197,197,6217,5899,6,0,1000,False,ht_chantry-random-25.scen,60
60,ht_chantry.map,planner,1,6481,5899,197,197,6164,5899,6,0,1000,True,ht_chantry-random-25.scen,60
100,ht_chantry.map,planner,1,11455,9537,197,197,10287,9537,10,0,0,False,ht_chantry-random-25.scen,100
100,ht_chantry.map,planner,1,11455,9537,197,197,10287,9537,10,0,0,True,ht_chantry-random-25.scen,100
100,ht_chantry.map,planner,1,11455,9537,197,197,10287,9537,10,0,1,False,ht_chantry-random-25.scen,100
100,ht_chantry.map,planner,1,11297,9537,197,197,10257,9537,11,0,1,True,ht_chantry-random-25.scen,100
100,ht_chantry.map,planner,1,11455,9537,197,197,10287,9537,10,0,10,False,ht_chantry-random-25.scen,100
100,ht_chantry.map,planner,1,11297,9537,197,197,10257,9537,12,0,10,True,ht_chantry-random-25.scen,100
100,ht_chantry.map,planner,1,11455,9537,197,197,10287,9537,10,0,100,False,ht_chantry-random-25.scen,100
100,ht_chantry.map,planner,1,11297,9537,197,197,10257,9537,11,0,100,True,ht_chantry-random-25.scen,100
100,ht_chantry.map,planner,1,11455,9537,197,197,10287,9537,10,0,1000,False,ht_chantry-random-25.scen,100
100,ht_chantry.map,planner,1,11297,9537,197,197,10257,9537,11,0,1000,True,ht_chantry-random-25.scen,100
140,ht_chantry.map,planner,1,15501,12929,197,197,14057,12929,13,0,0,False,ht_chantry-random-25.scen,140
140,ht_chantry.map,planner,1,15501,12929,197,197,14057,12929,15,0,0,True,ht_chantry-random-25.scen,140
140,ht_chantry.map,planner,1,15501,12929,197,197,14057,12929,14,0,1,False,ht_chantry-random-25.scen,140
140,ht_chantry.map,planner,1,15207,12929,198,197,13827,12929,22,0,1,True,ht_chantry-random-25.scen,140
140,ht_chantry.map,planner,1,15501,12929,197,197,14057,12929,15,0,10,False,ht_chantry-random-25.scen,140
140,ht_chantry.map,planner,1,14891,12929,197,197,13840,12929,19,0,10,True,ht_chantry-random-25.scen,140
140,ht_chantry.map,planner,1,15501,12929,197,197,14057,12929,15,0,100,False,ht_chantry-random-25.scen,140
140,ht_chantry.map,planner,1,14891,12929,197,197,13840,12929,19,0,100,True,ht_chantry-random-25.scen,140
140,ht_chantry.map,planner,1,15501,12929,197,197,14057,12929,14,0,1000,False,ht_chantry-random-25.scen,140
140,ht_chantry.map,planner,1,14891,12929,197,197,13840,12929,20,0,1000,True,ht_chantry-random-25.scen,140
180,ht_chantry.map,planner,1,21137,16727,197,197,18678,16727,20,0,0,False,ht_chantry-random-25.scen,180
180,ht_chantry.map,planner,1,21137,16727,197,197,18678,16727,18,0,0,True,ht_chantry-random-25.scen,180
180,ht_chantry.map,planner,1,21137,16727,197,197,18678,16727,19,0,1,False,ht_chantry-random-25.scen,180
180,ht_chantry.map,planner,1,20695,16727,197,197,18252,16727,30,0,1,True,ht_chantry-random-25.scen,180
180,ht_chantry.map,planner,1,21137,16727,197,197,18678,16727,18,0,10,False,ht_chantry-random-25.scen,180
180,ht_chantry.map,planner,1,20573,16727,197,197,18179,16727,84,0,10,True,ht_chantry-random-25.scen,180
180,ht_chantry.map,planner,1,21137,16727,197,197,18678,16727,20,0,100,False,ht_chantry-random-25.scen,180
180,ht_chantry.map,planner,1,20435,16727,197,197,18126,16727,265,0,100,True,ht_chantry-random-25.scen,180
180,ht_chantry.map,planner,1,21137,16727,197,197,18678,16727,20,0,1000,False,ht_chantry-random-25.scen,180
180,ht_chantry.map,planner,1,20511,16727,197,197,18166,16727,370,0,1000,True,ht_chantry-random-25.scen,180
220,ht_chantry.map,planner,1,26393,20427,197,197,23083,20427,25,0,0,False,ht_chantry-random-25.scen,220
220,ht_chantry.map,planner,1,26393,20427,197,197,23083,20427,24,0,0,True,ht_chantry-random-25.scen,220
220,ht_chantry.map,planner,1,26393,20427,197,197,23083,20427,22,0,1,False,ht_chantry-random-25.scen,220
220,ht_chantry.map,planner,1,25425,20427,198,197,22323,20427,50,0,1,True,ht_chantry-random-25.scen,220
220,ht_chantry.map,planner,1,26393,20427,197,197,23083,20427,24,0,10,False,ht_chantry-random-25.scen,220
220,ht_chantry.map,planner,1,25246,20427,198,197,22155,20427,88,0,10,True,ht_chantry-random-25.scen,220
220,ht_chantry.map,planner,1,26393,20427,197,197,23083,20427,23,0,100,False,ht_chantry-random-25.scen,220
220,ht_chantry.map,planner,1,25414,20427,198,197,22274,20427,425,0,100,True,ht_chantry-random-25.scen,220
220,ht_chantry.map,planner,1,26393,20427,197,197,23083,20427,25,0,1000,False,ht_chantry-random-25.scen,220
220,ht_chantry.map,planner,1,25652,20427,199,197,22310,20427,606,0,1000,True,ht_chantry-random-25.scen,220
260,ht_chantry.map,planner,1,31428,24289,197,197,27787,24289,30,0,0,False,ht_chantry-random-25.scen,260
260,ht_chantry.map,planner,1,31428,24289,197,197,27787,24289,30,0,0,True,ht_chantry-random-25.scen,260
260,ht_chantry.map,planner,1,31428,24289,197,197,27787,24289,29,0,1,False,ht_chantry-random-25.scen,260
260,ht_chantry.map,planner,1,31169,24289,197,197,26909,24289,66,0,1,True,ht_chantry-random-25.scen,260
260,ht_chantry.map,planner,1,31428,24289,197,197,27787,24289,30,0,10,False,ht_chantry-random-25.scen,260
260,ht_chantry.map,planner,1,30134,24289,198,197,26607,24289,277,0,10,True,ht_chantry-random-25.scen,260
260,ht_chantry.map,planner,1,31428,24289,197,197,27787,24289,28,0,100,False,ht_chantry-random-25.scen,260
260,ht_chantry.map,planner,1,30230,24289,197,197,26687,24289,1459,0,100,True,ht_chantry-random-25.scen,260
260,ht_chantry.map,planner,1,31428,24289,197,197,27787,24289,28,0,1000,False,ht_chantry-random-25.scen,260
260,ht_chantry.map,planner,1,30293,24289,198,197,26590,24289,10778,0,1000,True,ht_chantry-random-25.scen,260
20,ht_chantry.map,planner,1,1784,1671,180,180,1731,1671,2,0,0,False,ht_chantry-random-6.scen,20
20,ht_chantry.map,planner,1,1784,1671,180,180,1731,1671,2,0,0,True,ht_chantry-random-6.scen,20
20,ht_chantry.map,planner,1,1784,1671,180,180,1731,1671,2,0,1,False,ht_chantry-random-6.scen,20
20,ht_chantry.map,planner,1,1784,1671,180,180,1731,1671,2,0,1,True,ht_chantry-random-6.scen,20
20,ht_chantry.map,planner,1,1784,1671,180,180,1731,1671,2,0,10,False,ht_chantry-random-6.scen,20
20,ht_chantry.map,planner,1,1784,1671,180,180,1731,1671,2,0,10,True,ht_chantry-random-6.scen,20
20,ht_chantry.map,planner,1,1784,1671,180,180,1731,1671,2,0,100,False,ht_chantry-random-6.scen,20
20,ht_chantry.map,planner,1,1784,1671,180,180,1731,1671,2,0,100,True,ht_chantry-random-6.scen,20
20,ht_chantry.map,planner,1,1784,1671,180,180,1731,1671,2,0,1000,False,ht_chantry-random-6.scen,20
20,ht_chantry.map,planner,1,1784,1671,180,180,1731,1671,2,0,1000,True,ht_chantry-random-6.scen,20
60,ht_chantry.map,planner,1,6178,5626,191,189,5913,5626,6,0,0,False,ht_chantry-random-6.scen,60
60,ht_chantry.map,planner,1,6178,5626,191,189,5913,5626,6,0,0,True,ht_chantry-random-6.scen,60
60,ht_chantry.map,planner,1,6178,5626,191,189,5913,5626,6,0,1,False,ht_chantry-random-6.scen,60
60,ht_chantry.map,planner,1,6348,5626,191,189,5968,5626,6,0,1,True,ht_chantry-random-6.scen,60
60,ht_chantry.map,planner,1,6178,5626,191,189,5913,5626,6,0,10,False,ht_chantry-random-6.scen,60
60,ht_chantry.map,planner,1,6348,5626,191,189,5968,5626,6,0,10,True,ht_chantry-random-6.scen,60
60,ht_chantry.map,planner,1,6178,5626,191,189,5913,5626,6,0,100,False,ht_chantry-random-6.scen,60
60,ht_chantry.map,planner,1,6348,5626,191,189,5968,5626,6,0,100,True,ht_chantry-random-6.scen,60
60,ht_chantry.map,planner,1,6178,5626,191,189,5913,5626,6,0,1000,False,ht_chantry-random-6.scen,60
60,ht_chantry.map,planner,1,6348,5626,191,189,5968,5626,6,0,1000,True,ht_chantry-random-6.scen,60
100,ht_chantry.map,planner,1,11075,9429,189,189,10236,9429,10,0,0,False,ht_chantry-random-6.scen,100
100,ht_chantry.map,planner,1,11075,9429,189,189,10236,9429,10,0,0,True,ht_chantry-random-6.scen,100
100,ht_chantry.map,planner,1,11075,9429,189,189,10236,9429,9,0,1,False,ht_chantry-random-6.scen,100
100,ht_chantry.map,planner,1,10632,9429,189,189,10026,9429,10,0,1,True,ht_chantry-random-6.scen,100
100,ht_chantry.map,planner,1,11075,9429,189,189,10236,9429,9,0,10,False,ht_chantry-random-6.scen,100
100,ht_chantry.map,planner,1,10632,9429,189,189,10026,9429,10,0,10,True,ht_chantry-random-6.scen,100
100,ht_chantry.map,planner,1,11075,9429,189,189,10236,9429,9,0,100,False,ht_chantry-random-6.scen,100
100,ht_chantry.map,planner,1,10632,9429,189,189,10026,9429,10,0,100,True,ht_chantry-random-6.scen,100
100,ht_chantry.map,planner,1,11075,9429,189,189,10236,9429,9,0,1000,False,ht_chantry-random-6.scen,100
100,ht_chantry.map,planner,1,10632,9429,189,189,10026,9429,11,0,1000,True,ht_chantry-random-6.scen,100
140,ht_chantry.map,planner,1,16490,13293,189,189,14505,13293,13,0,0,False,ht_chantry-random-6.scen,140
140,ht_chantry.map,planner,1,16490,13293,189,189,14505,13293,15,0,0,True,ht_chantry-random-6.scen,140
140,ht_chantry.map,planner,1,16490,13293,189,189,14505,13293,15,0,1,False,ht_chantry-random-6.scen,140
140,ht_chantry.map,planner,1,15908,13293,196,189,14177,13293,15,0,1,True,ht_chantry-random-6.scen,140
140,ht_chantry.map,planner,1,16490,13293,189,189,14505,13293,14,0,10,False,ht_chantry-random-6.scen,140
140,ht_chantry.map,planner,1,15908,13293,196,189,14177,13293,17,0,10,True,ht_chantry-random-6.scen,140
140,ht_chantry.map,planner,1,16490,13293,189,189,14505,13293,15,0,100,False,ht_chantry-random-6.scen,140
140,ht_chantry.map,planner,1,15908,13293,196,189,14177,13293,17,0,100,True,ht_chantry-random-6.scen,140
140,ht_chantry.map,planner,1,16490,13293,189,189,14505,13293,15,0,1000,False,ht_chantry-random-6.scen,140
140,ht_chantry.map,planner,1,15908,13293,196,189,14177,13293,16,0,1000,True,ht_chantry-random-6.scen,140
180,ht_chantry.map,planner,1,21229,17196,189,189,18956,17196,20,0,0,False,ht_chantry-random-6.scen,180
180,ht_chantry.map,planner,1,21229,17196,189,189,18956,17196,20,0,0,True,ht_chantry-random-6.scen,180
180,ht_chantry.map,planner,1,21229,17196,189,189,18956,17196,19,0,1,False,ht_chantry-random-6.scen,180
180,ht_chantry.map,planner,1,20989,17196,189,189,18513,17196,30,0,1,True,ht_chantry-random-6.scen,180
180,ht_chantry.map,planner,1,21229,17196,189,189,18956,17196,19,0,10,False,ht_chantry-random-6.scen,180
180,ht_chantry.map,planner,1,20881,17196,189,189,18502,17196,27,0,10,True,ht_chantry-random-6.scen,180
180,ht_chantry.map,planner,1,21229,17196,189,189,18956,17196,20,0,100,False,ht_chantry-random-6.scen,180
180,ht_chantry.map,planner,1,20881,17196,189,189,18502,17196,27,0,100,True,ht_chantry-random-6.scen,180
180,ht_chantry.map,planner,1,21229,17196,189,189,18956,17196,20,0,1000,False,ht_chantry-random-6.scen,180
180,ht_chantry.map,planner,1,20881,17196,189,189,18502,17196,26,0,1000,True,ht_chantry-random-6.scen,180
220,ht_chantry.map,planner,1,27601,21612,189,189,24269,21612,26,0,0,False,ht_chantry-random-6.scen,220
220,ht_chantry.map,planner,1,27601,21612,189,189,24269,21612,24,0,0,True,ht_chantry-random-6.scen,220
220,ht_chantry.map,planner,1,27601,21612,189,189,24269,21612,24,0,1,False,ht_chantry-random-6.scen,220
220,ht_chantry.map,planner,1,26254,21612,190,189,23421,21612,52,0,1,True,ht_chantry-random-6.scen,220
220,ht_chantry.map,planner,1,27601,21612,189,189,24269,21612,23,0,10,False,ht_chantry-random-6.scen,220
220,ht_chantry.map,planner,1,26065,21612,194,189,23333,21612,134,0,10,True,ht_chantry-random-6.scen,220
220,ht_chantry.map,planner,1,27601,21612,189,189,24269,21612,24,0,100,False,ht_chantry-random-6.scen,220
220,ht_chantry.map,planner,1,26176,21612,196,189,23306,21612,421,0,100,True,ht_chantry-random-6.scen,220
220,ht_chantry.map,planner,1,27601,21612,189,189,24269,21612,23,0,1000,False,ht_chantry-random-6.scen,220
220,ht_chantry.map,planner,1,26022,21612,196,189,23317,21612,506,0,1000,True,ht_chantry-random-6.scen,220
260,ht_chantry.map,planner,1,32802,25595,208,189,28662,25595,33,0,0,False,ht_chantry-random-6.scen,260
260,ht_chantry.map,planner,1,32802,25595,208,189,28662,25595,31,0,0,True,ht_chantry-random-6.scen,260
260,ht_chantry.map,planner,1,32802,25595,208,189,28662,25595,33,0,1,False,ht_chantry-random-6.scen,260
260,ht_chantry.map,planner,1,31503,25595,189,189,27880,25595,64,0,1,True,ht_chantry-random-6.scen,260
260,ht_chantry.map,planner,1,32802,25595,208,189,28662,25595,31,0,10,False,ht_chantry-random-6.scen,260
260,ht_chantry.map,planner,1,31037,25595,192,189,27835,25595,287,0,10,True,ht_chantry-random-6.scen,260
260,ht_chantry.map,planner,1,32802,25595,208,189,28662,25595,32,0,100,False,ht_chantry-random-6.scen,260
260,ht_chantry.map,planner,1,31305,25595,189,189,27824,25595,1345,0,100,True,ht_chantry-random-6.scen,260
260,ht_chantry.map,planner,1,32802,25595,208,189,28662,25595,32,0,1000,False,ht_chantry-random-6.scen,260
260,ht_chantry.map,planner,1,31292,25595,198,189,27929,25595,10428,0,1000,True,ht_chantry-random-6.scen,260
20,ht_chantry.map,planner,1,2533,2437,173,173,2515,2437,2,0,0,False,ht_chantry-random-14.scen,20
20,ht_chantry.map,planner,1,2533,2437,173,173,2515,2437,2,0,0,True,ht_chantry-random-14.scen,20
20,ht_chantry.map,planner,1,2533,2437,173,173,2515,2437,2,0,1,False,ht_chantry-random-14.scen,20
20,ht_chantry.map,planner,1,2510,2437,173,173,2490,2437,2,0,1,True,ht_chantry-random-14.scen,20
20,ht_chantry.map,planner,1,2533,2437,173,173,2515,2437,2,0,10,False,ht_chantry-random-14.scen,20
20,ht_chantry.map,planner,1,2510,2437,173,173,2490,2437,2,0,10,True,ht_chantry-random-14.scen,20
20,ht_chantry.map,planner,1,2533,2437,173,173,2515,2437,2,0,100,False,ht_chantry-random-14.scen,20
20,ht_chantry.map,planner,1,2510,2437,173,173,2490,2437,2,0,100,True,ht_chantry-random-14.scen,20
20,ht_chantry.map,planner,1,2533,2437,173,173,2515,2437,2,0,1000,False,ht_chantry-random-14.scen,20
20,ht_chantry.map,planner,1,2510,2437,173,173,2490,2437,2,0,1000,True,ht_chantry-random-14.scen,20
60,ht_chantry.map,planner,1,6817,6125,185,185,6401,6125,6,0,0,False,ht_chantry-random-14.scen,60
60,ht_chantry.map,planner,1,6817,6125,185,185,6401,6125,6,0,0,True,ht_chantry-random-14.scen,60
60,ht_chantry.map,planner,1,6817,6125,185,185,6401,6125,6,0,1,False,ht_chantry-random-14.scen,60
60,ht_chantry.map,planner,1,6807,6125,189,185,6381,6125,6,0,1,True,ht_chantry-random-14.scen,60
60,ht_chantry.map,planner,1,6817,6125,185,185,6401,6125,6,0,10,False,ht_chantry-random-14.scen,60
60,ht_chantry.map,planner,1,6807,6125,189,185,6381,6125,6,0,10,True,ht_chantry-random-14.scen,60
60,ht_chantry.map,planner,1,6817,6125,185,185,6401,6125,6,0,100,False,ht_chantry-random-14.scen,60
60,ht_chantry.map,planner,1,6807,6125,189,185,6381,6125,6,0,100,True,ht_chantry-random-14.scen,60
60,ht_chantry.map,planner,1,6817,6125,185,185,6401,6125,6,0,1000,False,ht_chantry-random-14.scen,60
60,ht_chantry.map,planner,1,6807,6125,189,185,6381,6125,7,0,1000,True,ht_chantry-random-14.scen,60
100,ht_chantry.map,planner,1,11447,9873,185,185,10630,9873,11,0,0,False,ht_chantry-random-14.scen,100
100,ht_chantry.map,planner,1,11447,9873,185,185,10630,9873,10,0,0,True,ht_chantry-random-14.scen,100
100,ht_chantry.map,planner,1,11447,9873,185,185,10630,9873,11,0,1,False,ht_chantry-random-14.scen,100
100,ht_chantry.map,planner,1,11165,9873,185,185,10407,9873,10,0,1,True,ht_chantry-random-14.scen,100
100,ht_chantry.map,planner,1,11447,9873,185,185,10630,9873,11,0,10,False,ht_chantry-random-14.scen,100
100,ht_chantry.map,planner,1,11165,9873,185,185,10407,9873,10,0,10,True,ht_chantry-random-14.scen,100
100,ht_chantry.map,planner,1,11447,9873,185,185,10630,9873,10,0,100,False,ht_chantry-random-14.scen,100
100,ht_chantry.map,planner,1,11165,9873,185,185,10407,9873,11,0,100,True,ht_chantry-random-14.scen,100
100,ht_chantry.map,planner,1,11447,9873,185,185,10630,9873,10,0,1000,False,ht_chantry-random-14.scen,100
100,ht_chantry.map,planner,1,11165,9873,185,185,10407,9873,11,0,1000,True,ht_chantry-random-14.scen,100
140,ht_chantry.map,planner,1,16406,13718,189,185,15001,13718,14,0,0,False,ht_chantry-random-14.scen,140
140,ht_chantry.map,planner,1,16406,13718,189,185,15001,13718,14,0,0,True,ht_chantry-random-14.scen,140
140,ht_chantry.map,planner,1,16406,13718,189,185,15001,13718,14,0,1,False,ht_chantry-random-14.scen,140
140,ht_chantry.map,planner,1,16286,13718,190,185,14595,13718,21,0,1,True,ht_chantry-random-14.scen,140
140,ht_chantry.map,planner,1,16406,13718,189,185,15001,13718,14,0,10,False,ht_chantry-random-14.scen,140
140,ht_chantry.map,planner,1,16361,13718,187,185,14588,13718,28,0,10,True,ht_chantry-random-14.scen,140
140,ht_chantry.map,planner,1,16406,13718,189,185,15001,13718,14,0,100,False,ht_chantry-random-14.scen,140
140,ht_chantry.map,planner,1,16352,13718,190,185,14647,13718,32,0,100,True,ht_chantry-random-14.scen,140
140,ht_chantry.map,planner,1,16406,13718,189,185,15001,13718,14,0,1000,False,ht_chantry-random-14.scen,140
140,ht_chantry.map,planner,1,16352,13718,190,185,14647,13718,32,0,1000,True,ht_chantry-random-14.scen,140
180,ht_chantry.map,planner,1,21755,17664,189,185,19558,17664,20,0,0,False,ht_chantry-random-14.scen,180
180,ht_chantry.map,planner,1,21755,17664,189,185,19558,17664,20,0,0,True,ht_chantry-random-14.scen,180
180,ht_chantry.map,planner,1,21755,17664,189,185,19558,17664,20,0,1,False,ht_chantry-random-14.scen,180
180,ht_chantry.map,planner,1,21349,17664,190,185,19056,17664,44,0,1,True,ht_chantry-random-14.scen,180
180,ht_chantry.map,planner,1,21755,17664,189,185,19558,17664,19,0,10,False,ht_chantry-random-14.scen,180
180,ht_chantry.map,planner,1,21112,17664,191,185,18993,17664,120,0,10,True,ht_chantry-random-14.scen,180
180,ht_chantry.map,planner,1,21755,17664,189,185,19558,17664,20,0,100,False,ht_chantry-random-14.scen,180
180,ht_chantry.map,planner,1,21072,17664,189,185,18909,17664,566,0,100,True,ht_chantry-random-14.scen,180
180,ht_chantry.map,planner,1,21755,17664,189,185,19558,17664,18,0,1000,False,ht_chantry-random-14.scen,180
180,ht_chantry.map,planner,1,21199,17664,190,185,18948,17664,520,0,1000,True,ht_chantry-random-14.scen,180
220,ht_chantry.map,planner,1,26773,21414,189,185,23920,21414,24,0,0,False,ht_chantry-random-14.scen,220
220,ht_chantry.map,planner,1,26773,21414,189,185,23920,21414,22,0,0,True,ht_chantry-random-14.scen,220
220,ht_chantry.map,planner,1,26773,21414,189,185,23920,21414,24,0,1,False,ht_chantry-random-14.scen,220
220,ht_chantry.map,planner,1,26314,21414,189,185,23290,21414,60,0,1,True,ht_chantry-random-14.scen,220
220,ht_chantry.map,planner,1,26773,21414,189,185,23920,21414,23,0,10,False,ht_chantry-random-14.scen,220
220,ht_chantry.map,planner,1,26097,21414,190,185,23255,21414,233,0,10,True,ht_chantry-random-14.scen,220
220,ht_chantry.map,planner,1,26773,21414,189,185,23920,21414,23,0,100,False,ht_chantry-random-14.scen,220
220,ht_chantry.map,planner,1,26325,21414,188,185,23263,21414,1208,0,100,True,ht_chantry-random-14.scen,220
220,ht_chantry.map,planner,1,26773,21414,189,185,23920,21414,24,0,1000,False,ht_chantry-random-14.scen,220
220,ht_chantry.map,planner,1,26105,21414,193,185,23091,21414,9131,0,1000,True,ht_chantry-random-14.scen,220
260,ht_chantry.map,planner,1,32757,25360,189,185,28712,25360,29,0,0,False,ht_chantry-random-14.scen,260
260,ht_chantry.map,planner,1,32757,25360,189,185,28712,25360,30,0,0,True,ht_chantry-random-14.scen,260
260,ht_chantry.map,planner,1,32757,25360,189,185,28712,25360,27,0,1,False,ht_chantry-random-14.scen,260
260,ht_chantry.map,planner,1,32112,25360,193,185,27954,25360,78,0,1,True,ht_chantry-random-14.scen,260
260,ht_chantry.map,planner,1,32757,25360,189,185,28712,25360,28,0,10,False,ht_chantry-random-14.scen,260
260,ht_chantry.map,planner,1,31945,25360,230,185,28137,25360,450,0,10,True,ht_chantry-random-14.scen,260
260,ht_chantry.map,planner,1,32757,25360,189,185,28712,25360,28,0,100,False,ht_chantry-random-14.scen,260
260,ht_chantry.map,planner,1,31525,25360,191,185,27822,25360,2779,0,100,True,ht_chantry-random-14.scen,260
260,ht_chantry.map,planner,1,32757,25360,189,185,28712,25360,27,0,1000,False,ht_chantry-random-14.scen,260
260,ht_chantry.map,planner,1,31324,25360,191,185,27616,25360,23316,0,1000,True,ht_chantry-random-14.scen,260
20,ht_chantry.map,planner,1,2274,2247,181,181,2274,2247,2,0,0,False,ht_chantry-random-17.scen,20
20,ht_chantry.map,planner,1,2274,2247,181,181,2274,2247,2,0,0,True,ht_chantry-random-17.scen,20
20,ht_chantry.map,planner,1,2274,2247,181,181,2274,2247,2,0,1,False,ht_chantry-random-17.scen,20
20,ht_chantry.map,planner,1,2274,2247,181,181,2274,2247,2,0,1,True,ht_chantry-random-17.scen,20
20,ht_chantry.map,planner,1,2274,2247,181,181,2274,2247,2,0,10,False,ht_chantry-random-17.scen,20
20,ht_chantry.map,planner,1,2274,2247,181,181,2274,2247,2,0,10,True,ht_chantry-random-17.scen,20
20,ht_chantry.map,planner,1,2274,2247,181,181,2274,2247,2,0,100,False,ht_chantry-random-17.scen,20
20,ht_chantry.map,planner,1,2274,2247,181,181,2274,2247,2,0,100,True,ht_chantry-random-17.scen,20
20,ht_chantry.map,planner,1,2274,2247,181,181,2274,2247,2,0,1000,False,ht_chantry-random-17.scen,20
20,ht_chantry.map,planner,1,2274,2247,181,181,2274,2247,2,0,1000,True,ht_chantry-random-17.scen,20
60,ht_chantry.map,planner,1,6405,5857,181,181,6108,5857,6,0,0,False,ht_chantry-random-17.scen,60
60,ht_chantry.map,planner,1,6405,5857,181,181,6108,5857,5,0,0,True,ht_chantry-random-17.scen,60
60,ht_chantry.map,planner,1,6405,5857,181,181,6108,5857,5,0,1,False,ht_chantry-random-17.scen,60
60,ht_chantry.map,planner,1,6472,5857,181,181,6097,5857,6,0,1,True,ht_chantry-random-17.scen,60
60,ht_chantry.map,planner,1,6405,5857,181,181,6108,5857,5,0,10,False,ht_chantry-random-17.scen,60
60,ht_chantry.map,planner,1,6472,5857,181,181,6097,5857,5,0,10,True,ht_chantry-random-17.scen,60
60,ht_chantry.map,planner,1,6405,5857,181,181,6108,5857,5,0,100,False,ht_chantry-random-17.scen,60
60,ht_chantry.map,planner,1,6472,5857,181,181,6097,5857,5,0,100,True,ht_chantry-random-17.scen,60
60,ht_chantry.map,planner,1,6405,5857,181,181,6108,5857,5,0,1000,False,ht_chantry-random-17.scen,60
60,ht_chantry.map,planner,1,6472,5857,181,181,6097,5857,5,0,1000,True,ht_chantry-random-17.scen,60
100,ht_chantry.map,planner,1,11212,9639,181,181,10352,9639,10,0,0,False,ht_chantry-random-17.scen,100
100,ht_chantry.map,planner,1,11212,9639,181,181,10352,9639,10,0,0,True,ht_chantry-random-17.scen,100
100,ht_chantry.map,planner,1,11212,9639,181,181,10352,9639,9,0,1,False,ht_chantry-random-17.scen,100
100,ht_chantry.map,planner,1,11072,9639,181,181,10266,9639,9,0,1,True,ht_chantry-random-17.scen,100
100,ht_chantry.map,planner,1,11212,9639,181,181,10352,9639,9,0,10,False,ht_chantry-random-17.scen,100
100,ht_chantry.map,planner,1,11072,9639,181,181,10266,9639,10,0,10,True,ht_chantry-random-17.scen,100
100,ht_chantry.map,planner,1,11212,9639,181,181,10352,9639,8,0,100,False,ht_chantry-random-17.scen,100
100,ht_chantry.map,planner,1,11072,9639,181,181,10266,9639,8,0,100,True,ht_chantry-random-17.scen,100
100,ht_chantry.map,planner,1,11212,9639,181,181,10352,9639,9,0,1000,False,ht_chantry-random-17.scen,100
100,ht_chantry.map,planner,1,11072,9639,181,181,10266,9639,9,0,1000,True,ht_chantry-random-17.scen,100
140,ht_chantry.map,planner,1,15614,13401,181,181,14473,13401,12,0,0,False,ht_chantry-random-17.scen,140
140,ht_chantry.map,planner,1,15614,13401,181,181,14473,13401,15,0,0,True,ht_chantry-random-17.scen,140
140,ht_chantry.map,planner,1,15614,13401,181,181,14473,13401,15,0,1,False,ht_chantry-random-17.scen,140
140,ht_chantry.map,planner,1,15725,13401,184,181,14346,13401,15,0,1,True,ht_chantry-random-17.scen,140
140,ht_chantry.map,planner,1,15614,13401,181,181,14473,13401,15,0,10,False,ht_chantry-random-17.scen,140
140,ht_chantry.map,planner,1,15725,13401,184,181,14346,13401,15,0,10,True,ht_chantry-random-17.scen,140
140,ht_chantry.map,planner,1,15614,13401,181,181,14473,13401,13,0,100,False,ht_chantry-random-17.scen,140
140,ht_chantry.map,planner,1,15725,13401,184,181,14346,13401,14,0,100,True,ht_chantry-random-17.scen,140
140,ht_chantry.map,planner,1,15614,13401,181,181,14473,13401,15,0,1000,False,ht_chantry-random-17.scen,140
140,ht_chantry.map,planner,1,15725,13401,184,181,14346,13401,16,0,1000,True,ht_chantry-random-17.scen,140
180,ht_chantry.map,planner,1,21139,17372,186,181,19000,17372,18,0,0,False,ht_chantry-random-17.scen,180
180,ht_chantry.map,planner,1,21139,17372,186,181,19000,17372,21,0,0,True,ht_chantry-random-17.scen,180
180,ht_chantry.map,planner,1,21139,17372,186,181,19000,17372,18,0,1,False,ht_chantry-random-17.scen,180
180,ht_chantry.map,planner,1,20684,17372,185,181,18538,17372,28,0,1,True,ht_chantry-random-17.scen,180
180,ht_chantry.map,planner,1,21139,17372,186,181,19000,17372,18,0,10,False,ht_chantry-random-17.scen,180
180,ht_chantry.map,planner,1,20467,17372,182,181,18545,17372,37,0,10,True,ht_chantry-random-17.scen,180
180,ht_chantry.map,planner,1,21139,17372,186,181,19000,17372,16,0,100,False,ht_chantry-random-17.scen,180
180,ht_chantry.map,planner,1,20467,17372,182,181,18545,17372,39,0,100,True,ht_chantry-random-17.scen,180
180,ht_chantry.map,planner,1,21139,17372,186,181,19000,17372,17,0,1000,False,ht_chantry-random-17.scen,180
180,ht_chantry.map,planner,1,20467,17372,182,181,18545,17372,36,0,1000,True,ht_chantry-random-17.scen,180
220,ht_chantry.map,planner,1,27398,20998,192,192,23550,20998,20,0,0,False,ht_chantry-random-17.scen,220
220,ht_chantry.map,planner,1,27398,20998,192,192,23550,20998,20,0,0,True,ht_chantry-random-17.scen,220
220,ht_chantry.map,planner,1,27398,20998,192,192,23550,20998,22,0,1,False,ht_chantry-random-17.scen,220
220,ht_chantry.map,planner,1,25709,20998,192,192,22787,20998,47,0,1,True,ht_chantry-random-17.scen,220
220,ht_chantry.map,planner,1,27398,20998,192,192,23550,20998,22,0,10,False,ht_chantry-random-17.scen,220
220,ht_chantry.map,planner,1,25710,20998,192,192,22742,20998,99,0,10,True,ht_chantry-random-17.scen,220
220,ht_chantry.map,planner,1,27398,20998,192,192,23550,20998,22,0,100,False,ht_chantry-random-17.scen,220
220,ht_chantry.map,planner,1,25499,20998,257,192,22739,20998,263,0,100,True,ht_chantry-random-17.scen,220
220,ht_chantry.map,planner,1,27398,20998,192,192,23550,20998,20,0,1000,False,ht_chantry-random-17.scen,220
220,ht_chantry.map,planner,1,25991,20998,192,192,22701,20998,1387,0,1000,True,ht_chantry-random-17.scen,220
260,ht_chantry.map,planner,1,32537,24894,199,192,28001,24894,27,0,0,False,ht_chantry-random-17.scen,260
260,ht_chantry.map,planner,1,32537,24894,199,192,28001,24894,28,0,0,True,ht_chantry-random-17.scen,260
260,ht_chantry.map,planner,1,32537,24894,199,192,28001,24894,30,0,1,False,ht_chantry-random-17.scen,260
260,ht_chantry.map,planner,1,30933,24894,217,192,27095,24894,54,0,1,True,ht_chantry-random-17.scen,260
260,ht_chantry.map,planner,1,32537,24894,199,192,28001,24894,28,0,10,False,ht_chantry-random-17.scen,260
260,ht_chantry.map,planner,1,31153,24894,215,192,27115,24894,182,0,10,True,ht_chantry-random-17.scen,260
260,ht_chantry.map,planner,1,32537,24894,199,192,28001,24894,30,0,100,False,ht_chantry-random-17.scen,260
260,ht_chantry.map,planner,1,30880,24894,229,192,27255,24894,1234,0,100,True,ht_chantry-random-17.scen,260
260,ht_chantry.map,planner,1,32537,24894,199,192,28001,24894,25,0,1000,False,ht_chantry-random-17.scen,260
260,ht_chantry.map,planner,1,30893,24894,217,192,27042,24894,8868,0,1000,True,ht_chantry-random-17.scen,260
20,ht_chantry.map,planner,1,1857,1744,186,186,1775,1744,1,0,0,False,ht_chantry-random-20.scen,20
20,ht_chantry.map,planner,1,1857,1744,186,186,1775,1744,1,0,0,True,ht_chantry-random-20.scen,20
20,ht_chantry.map,planner,1,1857,1744,186,186,1775,1744,2,0,1,False,ht_chantry-random-20.scen,20
20,ht_chantry.map,planner,1,1857,1744,186,186,1775,1744,2,0,1,True,ht_chantry-random-20.scen,20
20,ht_chantry.map,planner,1,1857,1744,186,186,1775,1744,2,0,10,False,ht_chantry-random-20.scen,20
20,ht_chantry.map,planner,1,1857,1744,186,186,1775,1744,2,0,10,True,ht_chantry-random-20.scen,20
20,ht_chantry.map,planner,1,1857,1744,186,186,1775,1744,2,0,100,False,ht_chantry-random-20.scen,20
20,ht_chantry.map,planner,1,1857,1744,186,186,1775,1744,2,0,100,True,ht_chantry-random-20.scen,20
20,ht_chantry.map,planner,1,1857,1744,186,186,1775,1744,2,0,1000,False,ht_chantry-random-20.scen,20
20,ht_chantry.map,planner,1,1857,1744,186,186,1775,1744,2,0,1000,True,ht_chantry-random-20.scen,20
60,ht_chantry.map,planner,1,5491,4911,186,186,5109,4911,5,0,0,False,ht_chantry-random-20.scen,60
60,ht_chantry.map,planner,1,5491,4911,186,186,5109,4911,5,0,0,True,ht_chantry-random-20.scen,60
60,ht_chantry.map,planner,1,5491,4911,186,186,5109,4911,5,0,1,False,ht_chantry-random-20.scen,60
60,ht_chantry.map,planner,1,5377,4911,186,186,5055,4911,5,0,1,True,ht_chantry-random-20.scen,60
60,ht_chantry.map,planner,1,5491,4911,186,186,5109,4911,5,0,10,False,ht_chantry-random-20.scen,60
60,ht_chantry.map,planner,1,5377,4911,186,186,5055,4911,5,0,10,True,ht_chantry-random-20.scen,60
60,ht_chantry.map,planner,1,5491,4911,186,186,5109,4911,5,0,100,False,ht_chantry-random-20.scen,60
60,ht_chantry.map,planner,1,5377,4911,186,186,5055,4911,5,0,100,True,ht_chantry-random-20.scen,60
60,ht_chantry.map,planner,1,5491,4911,186,186,5109,4911,5,0,1000,False,ht_chantry-random-20.scen,60
60,ht_chantry.map,planner,1,5377,4911,186,186,5055,4911,5,0,1000,True,ht_chantry-random-20.scen,60
100,ht_chantry.map,planner,1,10793,9182,186,186,9747,9182,9,0,0,False,ht_chantry-random-20.scen,100
100,ht_chantry.map,planner,1,10793,9182,186,186,9747,9182,11,0,0,True,ht_chantry-random-20.scen,100
100,ht_chantry.map,planner,1,10793,9182,186,186,9747,9182,9,0,1,False,ht_chantry-random-20.scen,100
100,ht_chantry.map,planner,1,10702,9182,186,186,9676,9182,9,0,1,True,ht_chantry-random-20.scen,100
100,ht_chantry.map,planner,1,10793,9182,186,186,9747,9182,9,0,10,False,ht_chantry-random-20.scen,100
100,ht_chantry.map,planner,1,10702,9182,186,186,9676,9182,8,0,10,True,ht_chantry-random-20.scen,100
100,ht_chantry.map,planner,1,10793,9182,186,186,9747,9182,9,0,100,False,ht_chantry-random-20.scen,100
100,ht_chantry.map,planner,1,10702,9182,186,186,9676,9182,9,0,100,True,ht_chantry-random-20.scen,100
100,ht_chantry.map,planner,1,10793,9182,186,186,9747,9182,8,0,1000,False,ht_chantry-random-20.scen,100
100,ht_chantry.map,planner,1,10702,9182,186,186,9676,9182,9,0,1000,True,ht_chantry-random-20.scen,100
140,ht_chantry.map,planner,1,15714,12797,186,186,13937,12797,13,0,0,False,ht_chantry-random-20.scen,140
140,ht_chantry.map,planner,1,15714,12797,186,186,13937,12797,14,0,0,True,ht_chantry-random-20.scen,140
140,ht_chantry.map,planner,1,15714,12797,186,186,13937,12797,13,0,1,False,ht_chantry-random-20.scen,140
140,ht_chantry.map,planner,1,15530,12797,186,186,13731,12797,14,0,1,True,ht_chantry-random-20.scen,140
140,ht_chantry.map,planner,1,15714,12797,186,186,13937,12797,11,0,10,False,ht_chantry-random-20.scen,140
140,ht_chantry.map,planner,1,15530,12797,186,186,13731,12797,15,0,10,True,ht_chantry-random-20.scen,140
140,ht_chantry.map,planner,1,15714,12797,186,186,13937,12797,13,0,100,False,ht_chantry-random-20.scen,140
140,ht_chantry.map,planner,1,15530,12797,186,186,13731,12797,14,0,100,True,ht_chantry-random-20.scen,140
140,ht_chantry.map,planner,1,15714,12797,186,186,13937,12797,11,0,1000,False,ht_chantry-random-20.scen,140
140,ht_chantry.map,planner,1,15530,12797,186,186,13731,12797,13,0,1000,True,ht_chantry-random-20.scen,140
180,ht_chantry.map,planner,1,20387,16360,186,186,18073,16360,15,0,0,False,ht_chantry-random-20.scen,180
180,ht_chantry.map,planner,1,20387,16360,186,186,18073,16360,18,0,0,True,ht_chantry-random-20.scen,180
180,ht_chantry.map,planner,1,20387,16360,186,186,18073,16360,16,0,1,False,ht_chantry-random-20.scen,180
180,ht_chantry.map,planner,1,20075,16360,186,186,17682,16360,25,0,1,True,ht_chantry-random-20.scen,180
180,ht_chantry.map,planner,1,20387,16360,186,186,18073,16360,15,0,10,False,ht_chantry-random-20.scen,180
180,ht_chantry.map,planner,1,20073,16360,186,186,17715,16360,27,0,10,True,ht_chantry-random-20.scen,180
180,ht_chantry.map,planner,1,20387,16360,186,186,18073,16360,18,0,100,False,ht_chantry-random-20.scen,180
180,ht_chantry.map,planner,1,20073,16360,186,186,17715,16360,30,0,100,True,ht_chantry-random-20.scen,180
180,ht_chantry.map,planner,1,20387,16360,186,186,18073,16360,16,0,1000,False,ht_chantry-random-20.scen,180
180,ht_chantry.map,planner,1,20073,16360,186,186,17715,16360,29,0,1000,True,ht_chantry-random-20.scen,180
220,ht_chantry.map,planner,1,26876,20319,186,186,22952,20319,21,0,0,False,ht_chantry-random-20.scen,220
220,ht_chantry.map,planner,1,26876,20319,186,186,22952,20319,21,0,0,True,ht_chantry-random-20.scen,220
220,ht_chantry.map,planner,1,26876,20319,186,186,22952,20319,21,0,1,False,ht_chantry-random-20.scen,220
220,ht_chantry.map,planner,1,25422,20319,187,186,22266,20319,52,0,1,True,ht_chantry-random-20.scen,220
220,ht_chantry.map,planner,1,26876,20319,186,186,22952,20319,22,0,10,False,ht_chantry-random-20.scen,220
220,ht_chantry.map,planner,1,25682,20319,187,186,22237,20319,205,0,10,True,ht_chantry-random-20.scen,220
220,ht_chantry.map,planner,1,26876,20319,186,186,22952,20319,23,0,100,False,ht_chantry-random-20.scen,220
220,ht_chantry.map,planner,1,25271,20319,187,186,22234,20319,1224,0,100,True,ht_chantry-random-20.scen,220
220,ht_chantry.map,planner,1,26876,20319,186,186,22952,20319,21,0,1000,False,ht_chantry-random-20.scen,220
220,ht_chantry.map,planner,1,25196,20319,193,186,22151,20319,5034,0,1000,True,ht_chantry-random-20.scen,220
260,ht_chantry.map,planner,1,31577,23789,196,190,27140,23789,26,0,0,False,ht_chantry-random-20.scen,260
260,ht_chantry.map,planner,1,31577,23789,196,190,27140,23789,27,0,0,True,ht_chantry-random-20.scen,260
260,ht_chantry.map,planner,1,31577,23789,196,190,27140,23789,28,0,1,False,ht_chantry-random-20.scen,260
260,ht_chantry.map,planner,1,30832,23789,194,190,26471,23789,70,0,1,True,ht_chantry-random-20.scen,260
260,ht_chantry.map,planner,1,31577,23789,196,190,27140,23789,27,0,10,False,ht_chantry-random-20.scen,260
260,ht_chantry.map,planner,1,30308,23789,193,190,26366,23789,344,0,10,True,ht_chantry-random-20.scen,260
260,ht_chantry.map,planner,1,31577,23789,196,190,27140,23789,25,0,100,False,ht_chantry-random-20.scen,260
260,ht_chantry.map,planner,1,30065,23789,193,190,26149,23789,2249,0,100,True,ht_chantry-random-20.scen,260
260,ht_chantry.map,planner,1,31577,23789,196,190,27140,23789,26,0,1000,False,ht_chantry-random-20.scen,260
260,ht_chantry.map,planner,1,30108,23789,194,190,26261,23789,19978,0,1000,True,ht_chantry-random-20.scen,260
20,ht_chantry.map,planner,1,1792,1745,177,177,1752,1745,2,0,0,False,ht_chantry-random-15.scen,20
20,ht_chantry.map,planner,1,1792,1745,177,177,1752,1745,2,0,0,True,ht_chantry-random-15.scen,20
20,ht_chantry.map,planner,1,1792,1745,177,177,1752,1745,2,0,1,False,ht_chantry-random-15.scen,20
20,ht_chantry.map,planner,1,1792,1745,177,177,1752,1745,2,0,1,True,ht_chantry-random-15.scen,20
20,ht_chantry.map,planner,1,1792,1745,177,177,1752,1745,2,0,10,False,ht_chantry-random-15.scen,20
20,ht_chantry.map,planner,1,1792,1745,177,177,1752,1745,2,0,10,True,ht_chantry-random-15.scen,20
20,ht_chantry.map,planner,1,1792,1745,177,177,1752,1745,2,0,100,False,ht_chantry-random-15.scen,20
20,ht_chantry.map,planner,1,1792,1745,177,177,1752,1745,2,0,100,True,ht_chantry-random-15.scen,20
20,ht_chantry.map,planner,1,1792,1745,177,177,1752,1745,2,0,1000,False,ht_chantry-random-15.scen,20
20,ht_chantry.map,planner,1,1792,1745,177,177,1752,1745,2,0,1000,True,ht_chantry-random-15.scen,20
60,ht_chantry.map,planner,1,6233,5416,184,177,5561,5416,6,0,0,False,ht_chantry-random-15.scen,60
60,ht_chantry.map,planner,1,6233,5416,184,177,5561,5416,6,0,0,True,ht_chantry-random-15.scen,60
60,ht_chantry.map,planner,1,6233,5416,184,177,5561,5416,5,0,1,False,ht_chantry-random-15.scen,60
60,ht_chantry.map,planner,1,6239,5416,186,177,5588,5416,5,0,1,True,ht_chantry-random-15.scen,60
60,ht_chantry.map,planner,1,6233,5416,184,177,5561,5416,5,0,10,False,ht_chantry-random-15.scen,60
60,ht_chantry.map,planner,1,6239,5416,186,177,5588,5416,5,0,10,True,ht_chantry-random-15.scen,60
60,ht_chantry.map,planner,1,6233,5416,184,177,5561,5416,5,0,100,False,ht_chantry-random-15.scen,60
60,ht_chantry.map,planner,1,6239,5416,186,177,5588,5416,6,0,100,True,ht_chantry-random-15.scen,60
60,ht_chantry.map,planner,1,6233,5416,184,177,5561,5416,5,0,1000,False,ht_chantry-random-15.scen,60
60,ht_chantry.map,planner,1,6239,5416,186,177,5588,5416,5,0,1000,True,ht_chantry-random-15.scen,60
100,ht_chantry.map,planner,1,10901,8999,189,182,9502,8999,10,0,0,False,ht_chantry-random-15.scen,100
100,ht_chantry.map,planner,1,10901,8999,189,182,9502,8999,9,0,0,True,ht_chantry-random-15.scen,100
100,ht_chantry.map,planner,1,10901,8999,189,182,9502,8999,9,0,1,False,ht_chantry-random-15.scen,100
100,ht_chantry.map,planner,1,10405,8999,182,182,9447,8999,9,0,1,True,ht_chantry-random-15.scen,100
100,ht_chantry.map,planner,1,10901,8999,189,182,9502,8999,9,0,10,False,ht_chantry-random-15.scen,100
100,ht_chantry.map,planner,1,10405,8999,182,182,9447,8999,9,0,10,True,ht_chantry-random-15.scen,100
100,ht_chantry.map,planner,1,10901,8999,189,182,9502,8999,10,0,100,False,ht_chantry-random-15.scen,100
100,ht_chantry.map,planner,1,10405,8999,182,182,9447,8999,9,0,100,True,ht_chantry-random-15.scen,100
100,ht_chantry.map,planner,1,10901,8999,189,182,9502,8999,9,0,1000,False,ht_chantry-random-15.scen,100
100,ht_chantry.map,planner,1,10405,8999,182,182,9447,8999,10,0,1000,True,ht_chantry-random-15.scen,100
140,ht_chantry.map,planner,1,16061,13247,185,185,14187,13247,14,0,0,False,ht_chantry-random-15.scen,140
140,ht_chantry.map,planner,1,16061,13247,185,185,14187,13247,15,0,0,True,ht_chantry-random-15.scen,140
140,ht_chantry.map,planner,1,16061,13247,185,185,14187,13247,15,0,1,False,ht_chantry-random-15.scen,140
140,ht_chantry.map,planner,1,15704,13247,187,185,14083,13247,15,0,1,True,ht_chantry-random-15.scen,140
140,ht_chantry.map,planner,1,16061,13247,185,185,14187,13247,15,0,10,False,ht_chantry-random-15.scen,140
140,ht_chantry.map,planner,1,15704,13247,187,185,14083,13247,14,0,10,True,ht_chantry-random-15.scen,140
140,ht_chantry.map,planner,1,16061,13247,185,185,14187,13247,13,0,100,False,ht_chantry-random-15.scen,140
140,ht_chantry.map,planner,1,15704,13247,187,185,14083,13247,14,0,100,True,ht_chantry-random-15.scen,140
140,ht_chantry.map,planner,1,16061,13247,185,185,14187,13247,13,0,1000,False,ht_chantry-random-15.scen,140
140,ht_chantry.map,planner,1,15704,13247,187,185,14083,13247,14,0,1000,True,ht_chantry-random-15.scen,140
180,ht_chantry.map,planner,1,21610,17241,189,189,18943,17241,18,0,0,False,ht_chantry-random-15.scen,180
180,ht_chantry.map,planner,1,21610,17241,189,189,18943,17241,20,0,0,True,ht_chantry-random-15.scen,180
180,ht_chantry.map,planner,1,21610,17241,189,189,18943,17241,20,0,1,False,ht_chantry-random-15.scen,180
180,ht_chantry.map,planner,1,20773,17241,195,189,18474,17241,27,0,1,True,ht_chantry-random-15.scen,180
180,ht_chantry.map,planner,1,21610,17241,189,189,18943,17241,16,0,10,False,ht_chantry-random-15.scen,180
180,ht_chantry.map,planner,1,21058,17241,193,189,18494,17241,26,0,10,True,ht_chantry-random-15.scen,180
180,ht_chantry.map,planner,1,21610,17241,189,189,18943,17241,18,0,100,False,ht_chantry-random-15.scen,180
180,ht_chantry.map,planner,1,21058,17241,193,189,18494,17241,26,0,100,True,ht_chantry-random-15.scen,180
180,ht_chantry.map,planner,1,21610,17241,189,189,18943,17241,19,0,1000,False,ht_chantry-random-15.scen,180
180,ht_chantry.map,planner,1,21058,17241,193,189,18494,17241,25,0,1000,True,ht_chantry-random-15.scen,180
220,ht_chantry.map,planner,1,27217,21110,189,189,23365,21110,23,0,0,False,ht_chantry-random-15.scen,220
220,ht_chantry.map,planner,1,27217,21110,189,189,23365,21110,23,0,0,True,ht_chantry-random-15.scen,220
220,ht_chantry.map,planner,1,27217,21110,189,189,23365,21110,20,0,1,False,ht_chantry-random-15.scen,220
220,ht_chantry.map,planner,1,26407,21110,199,189,22875,21110,48,0,1,True,ht_chantry-random-15.scen,220
220,ht_chantry.map,planner,1,27217,21110,189,189,23365,21110,22,0,10,False,ht_chantry-random-15.scen,220
220,ht_chantry.map,planner,1,26213,21110,189,189,22781,21110,110,0,10,True,ht_chantry-random-15.scen,220
220,ht_chantry.map,planner,1,27217,21110,189,189,23365,21110,25,0,100,False,ht_chantry-random-15.scen,220
220,ht_chantry.map,planner,1,26118,21110,195,189,22768,21110,155,0,100,True,ht_chantry-random-15.scen,220
220,ht_chantry.map,planner,1,27217,21110,189,189,23365,21110,21,0,1000,False,ht_chantry-random-15.scen,220
220,ht_chantry.map,planner,1,26118,21110,195,189,22768,21110,148,0,1000,True,ht_chantry-random-15.scen,220
260,ht_chantry.map,planner,1,32502,24599,201,189,27856,24599,27,0,0,False,ht_chantry-random-15.scen,260
260,ht_chantry.map,planner,1,32502,24599,201,189,27856,24599,26,0,0,True,ht_chantry-random-15.scen,260
260,ht_chantry.map,planner,1,32502,24599,201,189,27856,24599,28,0,1,False,ht_chantry-random-15.scen,260
260,ht_chantry.map,planner,1,31044,24599,197,189,26683,24599,70,0,1,True,ht_chantry-random-15.scen,260
260,ht_chantry.map,planner,1,32502,24599,201,189,27856,24599,27,0,10,False,ht_chantry-random-15.scen,260
260,ht_chantry.map,planner,1,31290,24599,199,189,26697,24599,320,0,10,True,ht_chantry-random-15.scen,260
260,ht_chantry.map,planner,1,32502,24599,201,189,27856,24599,27,0,100,False,ht_chantry-random-15.scen,260
260,ht_chantry.map,planner,1,31483,24599,195,189,26689,24599,1383,0,100,True,ht_chantry-random-15.scen,260
260,ht_chantry.map,planner,1,32502,24599,201,189,27856,24599,26,0,1000,False,ht_chantry-random-15.scen,260
260,ht_chantry.map,planner,1,30902,24599,193,189,26693,24599,6838,0,1000,True,ht_chantry-random-15.scen,260
20,ht_chantry.map,planner,1,2175,2055,197,197,2096,2055,2,0,0,False,ht_chantry-random-22.scen,20
20,ht_chantry.map,planner,1,2175,2055,197,197,2096,2055,2,0,0,True,ht_chantry-random-22.scen,20
20,ht_chantry.map,planner,1,2175,2055,197,197,2096,2055,2,0,1,False,ht_chantry-random-22.scen,20
20,ht_chantry.map,planner,1,2175,2055,197,197,2096,2055,2,0,1,True,ht_chantry-random-22.scen,20
20,ht_chantry.map,planner,1,2175,2055,197,197,2096,2055,2,0,10,False,ht_chantry-random-22.scen,20
20,ht_chantry.map,planner,1,2175,2055,197,197,2096,2055,2,0,10,True,ht_chantry-random-22.scen,20
20,ht_chantry.map,planner,1,2175,2055,197,197,2096,2055,2,0,100,False,ht_chantry-random-22.scen,20
20,ht_chantry.map,planner,1,2175,2055,197,197,2096,2055,2,0,100,True,ht_chantry-random-22.scen,20
20,ht_chantry.map,planner,1,2175,2055,197,197,2096,2055,2,0,1000,False,ht_chantry-random-22.scen,20
20,ht_chantry.map,planner,1,2175,2055,197,197,2096,2055,2,0,1000,True,ht_chantry-random-22.scen,20
60,ht_chantry.map,planner,1,6781,6091,197,197,6327,6091,6,0,0,False,ht_chantry-random-22.scen,60
60,ht_chantry.map,planner,1,6781,6091,197,197,6327,6091,6,0,0,True,ht_chantry-random-22.scen,60
60,ht_chantry.map,planner,1,6781,6091,197,197,6327,6091,6,0,1,False,ht_chantry-random-22.scen,60
60,ht_chantry.map,planner,1,6693,6091,199,197,6338,6091,6,0,1,True,ht_chantry-random-22.scen,60
60,ht_chantry.map,planner,1,6781,6091,197,197,6327,6091,6,0,10,False,ht_chantry-random-22.scen,60
60,ht_chantry.map,planner,1,6693,6091,199,197,6338,6091,6,0,10,True,ht_chantry-random-22.scen,60
60,ht_chantry.map,planner,1,6781,6091,197,197,6327,6091,6,0,100,False,ht_chantry-random-22.scen,60
60,ht_chantry.map,planner,1,6693,6091,199,197,6338,6091,6,0,100,True,ht_chantry-random-22.scen,60
60,ht_chantry.map,planner,1,6781,6091,197,197,6327,6091,6,0,1000,False,ht_chantry-random-22.scen,60
60,ht_chantry.map,planner,1,6693,6091,199,197,6338,6091,6,0,1000,True,ht_chantry-random-22.scen,60
100,ht_chantry.map,planner,1,11626,9727,198,198,10381,9727,10,0,0,False,ht_chantry-random-22.scen,100
100,ht_chantry.map,planner,1,11626,9727,198,198,10381,9727,11,0,0,True,ht_chantry-random-22.scen,100
100,ht_chantry.map,planner,1,11626,9727,198,198,10381,9727,10,0,1,False,ht_chantry-random-22.scen,100
100,ht_chantry.map,planner,1,11800,9727,205,198,10378,9727,10,0,1,True,ht_chantry-random-22.scen,100
100,ht_chantry.map,planner,1,11626,9727,198,198,10381,9727,11,0,10,False,ht_chantry-random-22.scen,100
100,ht_chantry.map,planner,1,11800,9727,205,198,10378,9727,11,0,10,True,ht_chantry-random-22.scen,100
100,ht_chantry.map,planner,1,11626,9727,198,198,10381,9727,11,0,100,False,ht_chantry-random-22.scen,100
100,ht_chantry.map,planner,1,11800,9727,205,198,10378,9727,10,0,100,True,ht_chantry-random-22.scen,100
100,ht_chantry.map,planner,1,11626,9727,198,198,10381,9727,9,0,1000,False,ht_chantry-random-22.scen,100
100,ht_chantry.map,planner,1,11800,9727,205,198,10378,9727,11,0,1000,True,ht_chantry-random-22.scen,100
140,ht_chantry.map,planner,1,16836,13649,198,198,14879,13649,15,0,0,False,ht_chantry-random-22.scen,140
140,ht_chantry.map,planner,1,16836,13649,198,198,14879,13649,16,0,0,True,ht_chantry-random-22.scen,140
140,ht_chantry.map,planner,1,16836,13649,198,198,14879,13649,15,0,1,False,ht_chantry-random-22.scen,140
140,ht_chantry.map,planner,1,16399,13649,203,198,14618,13649,17,0,1,True,ht_chantry-random-22.scen,140
140,ht_chantry.map,planner,1,16836,13649,198,198,14879,13649,15,0,10,False,ht_chantry-random-22.scen,140
140,ht_chantry.map,planner,1,16289,13649,205,198,14583,13649,19,0,10,True,ht_chantry-random-22.scen,140
140,ht_chantry.map,planner,1,16836,13649,198,198,14879,13649,16,0,100,False,ht_chantry-random-22.scen,140
140,ht_chantry.map,planner,1,16289,13649,205,198,14583,13649,19,0,100,True,ht_chantry-random-22.scen,140
140,ht_chantry.map,planner,1,16836,13649,198,198,14879,13649,16,0,1000,False,ht_chantry-random-22.scen,140
140,ht_chantry.map,planner,1,16289,13649,205,198,14583,13649,17,0,1000,True,ht_chantry-random-22.scen,140
180,ht_chantry.map,planner,1,21790,17534,198,198,19461,17534,19,0,0,False,ht_chantry-random-22.scen,180
180,ht_chantry.map,planner,1,21790,17534,198,198,19461,17534,19,0,0,True,ht_chantry-random-22.scen,180
180,ht_chantry.map,planner,1,21790,17534,198,198,19461,17534,16,0,1,False,ht_chantry-random-22.scen,180
180,ht_chantry.map,planner,1,20969,17534,202,198,18902,17534,29,0,1,True,ht_chantry-random-22.scen,180
180,ht_chantry.map,planner,1,21790,17534,198,198,19461,17534,18,0,10,False,ht_chantry-random-22.scen,180
180,ht_chantry.map,planner,1,21024,17534,202,198,18864,17534,36,0,10,True,ht_chantry-random-22.scen,180
180,ht_chantry.map,planner,1,21790,17534,198,198,19461,17534,17,0,100,False,ht_chantry-random-22.scen,180
180,ht_chantry.map,planner,1,21024,17534,202,198,18864,17534,36,0,100,True,ht_chantry-random-22.scen,180
180,ht_chantry.map,planner,1,21790,17534,198,198,19461,17534,19,0,1000,False,ht_chantry-random-22.scen,180
180,ht_chantry.map,planner,1,21024,17534,202,198,18864,17534,37,0,1000,True,ht_chantry-random-22.scen,180
220,ht_chantry.map,planner,1,27197,21291,208,198,23687,21291,23,0,0,False,ht_chantry-random-22.scen,220
220,ht_chantry.map,planner,1,27197,21291,208,198,23687,21291,23,0,0,True,ht_chantry-random-22.scen,220
220,ht_chantry.map,planner,1,27197,21291,208,198,23687,21291,20,0,1,False,ht_chantry-random-22.scen,220
220,ht_chantry.map,planner,1,26350,21291,200,198,23050,21291,52,0,1,True,ht_chantry-random-22.scen,220
220,ht_chantry.map,planner,1,27197,21291,208,198,23687,21291,24,0,10,False,ht_chantry-random-22.scen,220
220,ht_chantry.map,planner,1,26454,21291,204,198,23113,21291,218,0,10,True,ht_chantry-random-22.scen,220
220,ht_chantry.map,planner,1,27197,21291,208,198,23687,21291,23,0,100,False,ht_chantry-random-22.scen,220
220,ht_chantry.map,planner,1,26047,21291,211,198,22948,21291,587,0,100,True,ht_chantry-random-22.scen,220
220,ht_chantry.map,planner,1,27197,21291,208,198,23687,21291,24,0,1000,False,ht_chantry-random-22.scen,220
220,ht_chantry.map,planner,1,26269,21291,200,198,23065,21291,2155,0,1000,True,ht_chantry-random-22.scen,220
260,ht_chantry.map,planner,1,32429,24670,214,200,27910,24670,27,0,0,False,ht_chantry-random-22.scen,260
260,ht_chantry.map,planner,1,32429,24670,214,200,27910,24670,28,0,0,True,ht_chantry-random-22.scen,260
260,ht_chantry.map,planner,1,32429,24670,214,200,27910,24670,25,0,1,False,ht_chantry-random-22.scen,260
260,ht_chantry.map,planner,1,31963,24670,201,200,27314,24670,67,0,1,True,ht_chantry-random-22.scen,260
260,ht_chantry.map,planner,1,32429,24670,214,200,27910,24670,27,0,10,False,ht_chantry-random-22.scen,260
260,ht_chantry.map,planner,1,31891,24670,203,200,27289,24670,328,0,10,True,ht_chantry-random-22.scen,260
260,ht_chantry.map,planner,1,32429,24670,214,200,27910,24670,28,0,100,False,ht_chantry-random-22.scen,260
260,ht_chantry.map,planner,1,31660,24670,206,200,27249,24670,2553,0,100,True,ht_chantry-random-22.scen,260
260,ht_chantry.map,planner,1,32429,24670,214,200,27910,24670,28,0,1000,False,ht_chantry-random-22.scen,260
260,ht_chantry.map,planner,1,31174,24670,205,200,27181,24670,10959,0,1000,True,ht_chantry-random-22.scen,260
