agents,map_file,solver,solved,soc,soc_lb,makespan,makespan_lb,sum_of_loss,sum_of_loss_lb,comp_time,seed,Opti_Deadline,Bool_Opti,Scenario_File,N
20,den520d.map,planner,1,4257,4185,349,349,4195,4185,8,0,0,False,den520d-random-17.scen,20
20,den520d.map,planner,1,4257,4185,349,349,4195,4185,8,0,0,True,den520d-random-17.scen,20
20,den520d.map,planner,1,4257,4185,349,349,4195,4185,8,0,1,False,den520d-random-17.scen,20
20,den520d.map,planner,1,4257,4185,349,349,4195,4185,8,0,1,True,den520d-random-17.scen,20
20,den520d.map,planner,1,4257,4185,349,349,4195,4185,8,0,10,False,den520d-random-17.scen,20
20,den520d.map,planner,1,4257,4185,349,349,4195,4185,8,0,10,True,den520d-random-17.scen,20
20,den520d.map,planner,1,4257,4185,349,349,4195,4185,7,0,100,False,den520d-random-17.scen,20
20,den520d.map,planner,1,4257,4185,349,349,4195,4185,7,0,100,True,den520d-random-17.scen,20
20,den520d.map,planner,1,4257,4185,349,349,4195,4185,7,0,1000,False,den520d-random-17.scen,20
20,den520d.map,planner,1,4257,4185,349,349,4195,4185,7,0,1000,True,den520d-random-17.scen,20
60,den520d.map,planner,1,11543,11130,349,349,11232,11130,21,0,0,False,den520d-random-17.scen,60
60,den520d.map,planner,1,11543,11130,349,349,11232,11130,20,0,0,True,den520d-random-17.scen,60
60,den520d.map,planner,1,11543,11130,349,349,11232,11130,19,0,1,False,den520d-random-17.scen,60
60,den520d.map,planner,1,11543,11130,349,349,11232,11130,21,0,1,True,den520d-random-17.scen,60
60,den520d.map,planner,1,11543,11130,349,349,11232,11130,19,0,10,False,den520d-random-17.scen,60
60,den520d.map,planner,1,11543,11130,349,349,11232,11130,18,0,10,True,den520d-random-17.scen,60
60,den520d.map,planner,1,11543,11130,349,349,11232,11130,20,0,100,False,den520d-random-17.scen,60
60,den520d.map,planner,1,11543,11130,349,349,11232,11130,22,0,100,True,den520d-random-17.scen,60
60,den520d.map,planner,1,11543,11130,349,349,11232,11130,19,0,1000,False,den520d-random-17.scen,60
60,den520d.map,planner,1,11543,11130,349,349,11232,11130,23,0,1000,True,den520d-random-17.scen,60
100,den520d.map,planner,1,19092,18061,410,410,18246,18061,39,0,0,False,den520d-random-17.scen,100
100,den520d.map,planner,1,19092,18061,410,410,18246,18061,35,0,0,True,den520d-random-17.scen,100
100,den520d.map,planner,1,19092,18061,410,410,18246,18061,35,0,1,False,den520d-random-17.scen,100
100,den520d.map,planner,1,18970,18061,410,410,18249,18061,49,0,1,True,den520d-random-17.scen,100
100,den520d.map,planner,1,19092,18061,410,410,18246,18061,39,0,10,False,den520d-random-17.scen,100
100,den520d.map,planner,1,18961,18061,410,410,18242,18061,108,0,10,True,den520d-random-17.scen,100
100,den520d.map,planner,1,19092,18061,410,410,18246,18061,34,0,100,False,den520d-random-17.scen,100
100,den520d.map,planner,1,19473,18061,410,410,18257,18061,739,0,100,True,den520d-random-17.scen,100
100,den520d.map,planner,1,19092,18061,410,410,18246,18061,38,0,1000,False,den520d-random-17.scen,100
100,den520d.map,planner,1,19400,18061,410,410,18284,18061,8035,0,1000,True,den520d-random-17.scen,100
140,den520d.map,planner,1,25336,23753,410,410,24119,23753,48,0,0,False,den520d-random-17.scen,140
140,den520d.map,planner,1,25336,23753,410,410,24119,23753,46,0,0,True,den520d-random-17.scen,140
140,den520d.map,planner,1,25336,23753,410,410,24119,23753,47,0,1,False,den520d-random-17.scen,140
140,den520d.map,planner,1,25684,23753,410,410,24112,23753,49,0,1,True,den520d-random-17.scen,140
140,den520d.map,planner,1,25336,23753,410,410,24119,23753,49,0,10,False,den520d-random-17.scen,140
140,den520d.map,planner,1,25807,23753,410,410,24115,23753,67,0,10,True,den520d-random-17.scen,140
140,den520d.map,planner,1,25336,23753,410,410,24119,23753,48,0,100,False,den520d-random-17.scen,140
140,den520d.map,planner,1,25593,23753,410,410,24100,23753,347,0,100,True,den520d-random-17.scen,140
140,den520d.map,planner,1,25336,23753,410,410,24119,23753,50,0,1000,False,den520d-random-17.scen,140
140,den520d.map,planner,1,25135,23753,410,410,24101,23753,2049,0,1000,True,den520d-random-17.scen,140
180,den520d.map,planner,1,33647,30340,410,410,30908,30340,68,0,0,False,den520d-random-17.scen,180
180,den520d.map,planner,1,33647,30340,410,410,30908,30340,62,0,0,True,den520d-random-17.scen,180
180,den520d.map,planner,1,33647,30340,410,410,30908,30340,60,0,1,False,den520d-random-17.scen,180
180,den520d.map,planner,1,33482,30340,410,410,30801,30340,96,0,1,True,den520d-random-17.scen,180
180,den520d.map,planner,1,33647,30340,410,410,30908,30340,63,0,10,False,den520d-random-17.scen,180
180,den520d.map,planner,1,33356,30340,410,410,30803,30340,174,0,10,True,den520d-random-17.scen,180
180,den520d.map,planner,1,33647,30340,410,410,30908,30340,65,0,100,False,den520d-random-17.scen,180
180,den520d.map,planner,1,33251,30340,410,410,30895,30340,1868,0,100,True,den520d-random-17.scen,180
180,den520d.map,planner,1,33647,30340,410,410,30908,30340,58,0,1000,False,den520d-random-17.scen,180
180,den520d.map,planner,1,33325,30340,410,410,30832,30340,18073,0,1000,True,den520d-random-17.scen,180
220,den520d.map,planner,1,42218,36992,410,410,37837,36992,83,0,0,False,den520d-random-17.scen,220
220,den520d.map,planner,1,42218,36992,410,410,37837,36992,80,0,0,True,den520d-random-17.scen,220
220,den520d.map,planner,1,42218,36992,410,410,37837,36992,90,0,1,False,den520d-random-17.scen,220
220,den520d.map,planner,1,40485,36992,410,410,37707,36992,107,0,1,True,den520d-random-17.scen,220
220,den520d.map,planner,1,42218,36992,410,410,37837,36992,75,0,10,False,den520d-random-17.scen,220
220,den520d.map,planner,1,41467,36992,410,410,37745,36992,355,0,10,True,den520d-random-17.scen,220
220,den520d.map,planner,1,42218,36992,410,410,37837,36992,79,0,100,False,den520d-random-17.scen,220
220,den520d.map,planner,1,40735,36992,410,410,37676,36992,2581,0,100,True,den520d-random-17.scen,220
220,den520d.map,planner,1,42218,36992,410,410,37837,36992,79,0,1000,False,den520d-random-17.scen,220
220,den520d.map,planner,1,40778,36992,410,410,37788,36992,25086,0,1000,True,den520d-random-17.scen,220
260,den520d.map,planner,1,50604,44016,410,410,45230,44016,103,0,0,False,den520d-random-17.scen,260
260,den520d.map,planner,1,50604,44016,410,410,45230,44016,88,0,0,True,den520d-random-17.scen,260
260,den520d.map,planner,1,50604,44016,410,410,45230,44016,96,0,1,False,den520d-random-17.scen,260
260,den520d.map,planner,1,49997,44016,410,410,45173,44016,157,0,1,True,den520d-random-17.scen,260
260,den520d.map,planner,1,50604,44016,410,410,45230,44016,95,0,10,False,den520d-random-17.scen,260
260,den520d.map,planner,1,49710,44016,410,410,45141,44016,582,0,10,True,den520d-random-17.scen,260
260,den520d.map,planner,1,50604,44016,410,410,45230,44016,98,0,100,False,den520d-random-17.scen,260
260,den520d.map,planner,1,49149,44016,410,410,45052,44016,4098,0,100,True,den520d-random-17.scen,260
260,den520d.map,planner,1,50604,44016,410,410,45230,44016,88,0,1000,False,den520d-random-17.scen,260
20,den520d.map,planner,1,3314,3307,328,328,3314,3307,7,0,0,False,den520d-random-2.scen,20
20,den520d.map,planner,1,3314,3307,328,328,3314,3307,7,0,0,True,den520d-random-2.scen,20
20,den520d.map,planner,1,3314,3307,328,328,3314,3307,7,0,1,False,den520d-random-2.scen,20
20,den520d.map,planner,1,3314,3307,328,328,3314,3307,9,0,1,True,den520d-random-2.scen,20
20,den520d.map,planner,1,3314,3307,328,328,3314,3307,7,0,10,False,den520d-random-2.scen,20
20,den520d.map,planner,1,3314,3307,328,328,3314,3307,7,0,10,True,den520d-random-2.scen,20
20,den520d.map,planner,1,3314,3307,328,328,3314,3307,7,0,100,False,den520d-random-2.scen,20
20,den520d.map,planner,1,3314,3307,328,328,3314,3307,7,0,100,True,den520d-random-2.scen,20
20,den520d.map,planner,1,3314,3307,328,328,3314,3307,7,0,1000,False,den520d-random-2.scen,20
20,den520d.map,planner,1,3314,3307,328,328,3314,3307,7,0,1000,True,den520d-random-2.scen,20
60,den520d.map,planner,1,10974,9986,359,359,10069,9986,20,0,0,False,den520d-random-2.scen,60
60,den520d.map,planner,1,10974,9986,359,359,10069,9986,19,0,0,True,den520d-random-2.scen,60
60,den520d.map,planner,1,10974,9986,359,359,10069,9986,19,0,1,False,den520d-random-2.scen,60
60,den520d.map,planner,1,10974,9986,359,359,10069,9986,19,0,1,True,den520d-random-2.scen,60
60,den520d.map,planner,1,10974,9986,359,359,10069,9986,21,0,10,False,den520d-random-2.scen,60
60,den520d.map,planner,1,10974,9986,359,359,10069,9986,22,0,10,True,den520d-random-2.scen,60
60,den520d.map,planner,1,10974,9986,359,359,10069,9986,19,0,100,False,den520d-random-2.scen,60
60,den520d.map,planner,1,10974,9986,359,359,10069,9986,23,0,100,True,den520d-random-2.scen,60
60,den520d.map,planner,1,10974,9986,359,359,10069,9986,21,0,1000,False,den520d-random-2.scen,60
60,den520d.map,planner,1,10974,9986,359,359,10069,9986,21,0,1000,True,den520d-random-2.scen,60
100,den520d.map,planner,1,18868,17046,383,383,17231,17046,35,0,0,False,den520d-random-2.scen,100
100,den520d.map,planner,1,18868,17046,383,383,17231,17046,33,0,0,True,den520d-random-2.scen,100
100,den520d.map,planner,1,18868,17046,383,383,17231,17046,38,0,1,False,den520d-random-2.scen,100
100,den520d.map,planner,1,18868,17046,383,383,17231,17046,36,0,1,True,den520d-random-2.scen,100
100,den520d.map,planner,1,18868,17046,383,383,17231,17046,36,0,10,False,den520d-random-2.scen,100
100,den520d.map,planner,1,18868,17046,383,383,17231,17046,32,0,10,True,den520d-random-2.scen,100
100,den520d.map,planner,1,18868,17046,383,383,17231,17046,34,0,100,False,den520d-random-2.scen,100
100,den520d.map,planner,1,18868,17046,383,383,17231,17046,36,0,100,True,den520d-random-2.scen,100
100,den520d.map,planner,1,18868,17046,383,383,17231,17046,35,0,1000,False,den520d-random-2.scen,100
100,den520d.map,planner,1,18868,17046,383,383,17231,17046,40,0,1000,True,den520d-random-2.scen,100
140,den520d.map,planner,1,27778,24801,383,383,25231,24801,54,0,0,False,den520d-random-2.scen,140
140,den520d.map,planner,1,27778,24801,383,383,25231,24801,51,0,0,True,den520d-random-2.scen,140
140,den520d.map,planner,1,27778,24801,383,383,25231,24801,55,0,1,False,den520d-random-2.scen,140
140,den520d.map,planner,1,27308,24801,383,383,25162,24801,58,0,1,True,den520d-random-2.scen,140
140,den520d.map,planner,1,27778,24801,383,383,25231,24801,55,0,10,False,den520d-random-2.scen,140
140,den520d.map,planner,1,27464,24801,383,383,25162,24801,140,0,10,True,den520d-random-2.scen,140
140,den520d.map,planner,1,27778,24801,383,383,25231,24801,48,0,100,False,den520d-random-2.scen,140
140,den520d.map,planner,1,27662,24801,383,383,25207,24801,754,0,100,True,den520d-random-2.scen,140
140,den520d.map,planner,1,27778,24801,383,383,25231,24801,57,0,1000,False,den520d-random-2.scen,140
140,den520d.map,planner,1,27718,24801,383,383,25178,24801,3056,0,1000,True,den520d-random-2.scen,140
180,den520d.map,planner,1,36632,32320,383,383,32813,32320,65,0,0,False,den520d-random-2.scen,180
180,den520d.map,planner,1,36632,32320,383,383,32813,32320,65,0,0,True,den520d-random-2.scen,180
180,den520d.map,planner,1,36632,32320,383,383,32813,32320,64,0,1,False,den520d-random-2.scen,180
180,den520d.map,planner,1,36574,32320,383,383,32874,32320,81,0,1,True,den520d-random-2.scen,180
180,den520d.map,planner,1,36632,32320,383,383,32813,32320,63,0,10,False,den520d-random-2.scen,180
180,den520d.map,planner,1,36563,32320,383,383,32843,32320,208,0,10,True,den520d-random-2.scen,180
180,den520d.map,planner,1,36632,32320,383,383,32813,32320,65,0,100,False,den520d-random-2.scen,180
180,den520d.map,planner,1,36531,32320,383,383,32875,32320,1061,0,100,True,den520d-random-2.scen,180
180,den520d.map,planner,1,36632,32320,383,383,32813,32320,69,0,1000,False,den520d-random-2.scen,180
180,den520d.map,planner,1,37185,32320,386,383,32867,32320,11065,0,1000,True,den520d-random-2.scen,180
220,den520d.map,planner,1,44830,38978,383,383,39832,38978,79,0,0,False,den520d-random-2.scen,220
220,den520d.map,planner,1,44830,38978,383,383,39832,38978,76,0,0,True,den520d-random-2.scen,220
220,den520d.map,planner,1,44830,38978,383,383,39832,38978,79,0,1,False,den520d-random-2.scen,220
220,den520d.map,planner,1,44224,38978,383,383,39731,38978,110,0,1,True,den520d-random-2.scen,220
220,den520d.map,planner,1,44830,38978,383,383,39832,38978,80,0,10,False,den520d-random-2.scen,220
220,den520d.map,planner,1,44110,38978,383,383,39683,38978,256,0,10,True,den520d-random-2.scen,220
220,den520d.map,planner,1,44830,38978,383,383,39832,38978,74,0,100,False,den520d-random-2.scen,220
220,den520d.map,planner,1,44332,38978,383,383,39827,38978,2784,0,100,True,den520d-random-2.scen,220
220,den520d.map,planner,1,44830,38978,383,383,39832,38978,83,0,1000,False,den520d-random-2.scen,220
220,den520d.map,planner,1,44102,38978,383,383,39839,38978,29085,0,1000,True,den520d-random-2.scen,220
20,den520d.map,planner,1,3617,3471,324,324,3476,3471,6,0,0,False,den520d-random-10.scen,20
20,den520d.map,planner,1,3617,3471,324,324,3476,3471,6,0,0,True,den520d-random-10.scen,20
20,den520d.map,planner,1,3617,3471,324,324,3476,3471,7,0,1,False,den520d-random-10.scen,20
20,den520d.map,planner,1,3617,3471,324,324,3476,3471,6,0,1,True,den520d-random-10.scen,20
20,den520d.map,planner,1,3617,3471,324,324,3476,3471,7,0,10,False,den520d-random-10.scen,20
20,den520d.map,planner,1,3617,3471,324,324,3476,3471,6,0,10,True,den520d-random-10.scen,20
20,den520d.map,planner,1,3617,3471,324,324,3476,3471,6,0,100,False,den520d-random-10.scen,20
20,den520d.map,planner,1,3617,3471,324,324,3476,3471,6,0,100,True,den520d-random-10.scen,20
20,den520d.map,planner,1,3617,3471,324,324,3476,3471,6,0,1000,False,den520d-random-10.scen,20
20,den520d.map,planner,1,3617,3471,324,324,3476,3471,6,0,1000,True,den520d-random-10.scen,20
60,den520d.map,planner,1,10698,10422,324,324,10488,10422,21,0,0,False,den520d-random-10.scen,60
60,den520d.map,planner,1,10698,10422,324,324,10488,10422,20,0,0,True,den520d-random-10.scen,60
60,den520d.map,planner,1,10698,10422,324,324,10488,10422,19,0,1,False,den520d-random-10.scen,60
60,den520d.map,planner,1,10698,10422,324,324,10488,10422,18,0,1,True,den520d-random-10.scen,60
60,den520d.map,planner,1,10698,10422,324,324,10488,10422,20,0,10,False,den520d-random-10.scen,60
60,den520d.map,planner,1,10698,10422,324,324,10488,10422,22,0,10,True,den520d-random-10.scen,60
60,den520d.map,planner,1,10698,10422,324,324,10488,10422,21,0,100,False,den520d-random-10.scen,60
60,den520d.map,planner,1,10698,10422,324,324,10488,10422,19,0,100,True,den520d-random-10.scen,60
60,den520d.map,planner,1,10698,10422,324,324,10488,10422,20,0,1000,False,den520d-random-10.scen,60
60,den520d.map,planner,1,10698,10422,324,324,10488,10422,20,0,1000,True,den520d-random-10.scen,60
100,den520d.map,planner,1,18959,17570,339,339,17759,17570,34,0,0,False,den520d-random-10.scen,100
100,den520d.map,planner,1,18959,17570,339,339,17759,17570,33,0,0,True,den520d-random-10.scen,100
100,den520d.map,planner,1,18959,17570,339,339,17759,17570,32,0,1,False,den520d-random-10.scen,100
100,den520d.map,planner,1,18744,17570,339,339,17765,17570,33,0,1,True,den520d-random-10.scen,100
100,den520d.map,planner,1,18959,17570,339,339,17759,17570,38,0,10,False,den520d-random-10.scen,100
100,den520d.map,planner,1,18854,17570,339,339,17738,17570,63,0,10,True,den520d-random-10.scen,100
100,den520d.map,planner,1,18959,17570,339,339,17759,17570,36,0,100,False,den520d-random-10.scen,100
100,den520d.map,planner,1,18863,17570,339,339,17745,17570,238,0,100,True,den520d-random-10.scen,100
100,den520d.map,planner,1,18959,17570,339,339,17759,17570,34,0,1000,False,den520d-random-10.scen,100
100,den520d.map,planner,1,18616,17570,339,339,17742,17570,2032,0,1000,True,den520d-random-10.scen,100
140,den520d.map,planner,1,26210,23975,339,339,24351,23975,48,0,0,False,den520d-random-10.scen,140
140,den520d.map,planner,1,26210,23975,339,339,24351,23975,48,0,0,True,den520d-random-10.scen,140
140,den520d.map,planner,1,26210,23975,339,339,24351,23975,48,0,1,False,den520d-random-10.scen,140
140,den520d.map,planner,1,26079,23975,339,339,24311,23975,53,0,1,True,den520d-random-10.scen,140
140,den520d.map,planner,1,26210,23975,339,339,24351,23975,47,0,10,False,den520d-random-10.scen,140
140,den520d.map,planner,1,26167,23975,339,339,24340,23975,183,0,10,True,den520d-random-10.scen,140
140,den520d.map,planner,1,26210,23975,339,339,24351,23975,51,0,100,False,den520d-random-10.scen,140
140,den520d.map,planner,1,26348,23975,339,339,24319,23975,746,0,100,True,den520d-random-10.scen,140
140,den520d.map,planner,1,26210,23975,339,339,24351,23975,50,0,1000,False,den520d-random-10.scen,140
140,den520d.map,planner,1,26362,23975,339,339,24308,23975,10054,0,1000,True,den520d-random-10.scen,140
180,den520d.map,planner,1,33710,30570,339,339,31121,30570,63,0,0,False,den520d-random-10.scen,180
180,den520d.map,planner,1,33710,30570,339,339,31121,30570,67,0,0,True,den520d-random-10.scen,180
180,den520d.map,planner,1,33710,30570,339,339,31121,30570,62,0,1,False,den520d-random-10.scen,180
180,den520d.map,planner,1,34156,30570,339,339,31113,30570,80,0,1,True,den520d-random-10.scen,180
180,den520d.map,planner,1,33710,30570,339,339,31121,30570,60,0,10,False,den520d-random-10.scen,180
180,den520d.map,planner,1,33635,30570,339,339,31120,30570,181,0,10,True,den520d-random-10.scen,180
180,den520d.map,planner,1,33710,30570,339,339,31121,30570,64,0,100,False,den520d-random-10.scen,180
180,den520d.map,planner,1,33991,30570,339,339,31085,30570,1364,0,100,True,den520d-random-10.scen,180
180,den520d.map,planner,1,33710,30570,339,339,31121,30570,65,0,1000,False,den520d-random-10.scen,180
180,den520d.map,planner,1,33413,30570,339,339,31181,30570,20066,0,1000,True,den520d-random-10.scen,180
220,den520d.map,planner,1,41975,37061,408,408,37755,37061,75,0,0,False,den520d-random-10.scen,220
220,den520d.map,planner,1,41975,37061,408,408,37755,37061,79,0,0,True,den520d-random-10.scen,220
220,den520d.map,planner,1,41975,37061,408,408,37755,37061,88,0,1,False,den520d-random-10.scen,220
220,den520d.map,planner,1,41821,37061,408,408,37775,37061,111,0,1,True,den520d-random-10.scen,220
220,den520d.map,planner,1,41975,37061,408,408,37755,37061,73,0,10,False,den520d-random-10.scen,220
220,den520d.map,planner,1,42085,37061,408,408,37763,37061,306,0,10,True,den520d-random-10.scen,220
220,den520d.map,planner,1,41975,37061,408,408,37755,37061,78,0,100,False,den520d-random-10.scen,220
220,den520d.map,planner,1,41746,37061,408,408,37775,37061,2684,0,100,True,den520d-random-10.scen,220
220,den520d.map,planner,1,41975,37061,408,408,37755,37061,77,0,1000,False,den520d-random-10.scen,220
220,den520d.map,planner,1,41018,37061,408,408,37769,37061,28087,0,1000,True,den520d-random-10.scen,220
20,den520d.map,planner,1,3183,3032,271,271,3045,3032,6,0,0,False,den520d-random-13.scen,20
20,den520d.map,planner,1,3183,3032,271,271,3045,3032,6,0,0,True,den520d-random-13.scen,20
20,den520d.map,planner,1,3183,3032,271,271,3045,3032,6,0,1,False,den520d-random-13.scen,20
20,den520d.map,planner,1,3183,3032,271,271,3045,3032,6,0,1,True,den520d-random-13.scen,20
20,den520d.map,planner,1,3183,3032,271,271,3045,3032,6,0,10,False,den520d-random-13.scen,20
20,den520d.map,planner,1,3183,3032,271,271,3045,3032,6,0,10,True,den520d-random-13.scen,20
20,den520d.map,planner,1,3183,3032,271,271,3045,3032,6,0,100,False,den520d-random-13.scen,20
20,den520d.map,planner,1,3183,3032,271,271,3045,3032,6,0,100,True,den520d-random-13.scen,20
20,den520d.map,planner,1,3183,3032,271,271,3045,3032,6,0,1000,False,den520d-random-13.scen,20
20,den520d.map,planner,1,3183,3032,271,271,3045,3032,6,0,1000,True,den520d-random-13.scen,20
60,den520d.map,planner,1,9964,9342,382,382,9411,9342,20,0,0,False,den520d-random-13.scen,60
60,den520d.map,planner,1,9964,9342,382,382,9411,9342,23,0,0,True,den520d-random-13.scen,60
60,den520d.map,planner,1,9964,9342,382,382,9411,9342,20,0,1,False,den520d-random-13.scen,60
60,den520d.map,planner,1,9964,9342,382,382,9411,9342,20,0,1,True,den520d-random-13.scen,60
60,den520d.map,planner,1,9964,9342,382,382,9411,9342,18,0,10,False,den520d-random-13.scen,60
60,den520d.map,planner,1,9964,9342,382,382,9411,9342,20,0,10,True,den520d-random-13.scen,60
60,den520d.map,planner,1,9964,9342,382,382,9411,9342,17,0,100,False,den520d-random-13.scen,60
60,den520d.map,planner,1,9964,9342,382,382,9411,9342,21,0,100,True,den520d-random-13.scen,60
60,den520d.map,planner,1,9964,9342,382,382,9411,9342,25,0,1000,False,den520d-random-13.scen,60
60,den520d.map,planner,1,9964,9342,382,382,9411,9342,19,0,1000,True,den520d-random-13.scen,60
100,den520d.map,planner,1,18369,16853,417,417,16998,16853,36,0,0,False,den520d-random-13.scen,100
100,den520d.map,planner,1,18369,16853,417,417,16998,16853,36,0,0,True,den520d-random-13.scen,100
100,den520d.map,planner,1,18369,16853,417,417,16998,16853,35,0,1,False,den520d-random-13.scen,100
100,den520d.map,planner,1,18539,16853,417,417,17019,16853,39,0,1,True,den520d-random-13.scen,100
100,den520d.map,planner,1,18369,16853,417,417,16998,16853,36,0,10,False,den520d-random-13.scen,100
100,den520d.map,planner,1,18028,16853,417,417,16995,16853,45,0,10,True,den520d-random-13.scen,100
100,den520d.map,planner,1,18369,16853,417,417,16998,16853,38,0,100,False,den520d-random-13.scen,100
100,den520d.map,planner,1,18546,16853,417,417,17005,16853,240,0,100,True,den520d-random-13.scen,100
100,den520d.map,planner,1,18369,16853,417,417,16998,16853,38,0,1000,False,den520d-random-13.scen,100
100,den520d.map,planner,1,18174,16853,417,417,17002,16853,1038,0,1000,True,den520d-random-13.scen,100
140,den520d.map,planner,1,27245,24028,417,417,24355,24028,45,0,0,False,den520d-random-13.scen,140
140,den520d.map,planner,1,27245,24028,417,417,24355,24028,54,0,0,True,den520d-random-13.scen,140
140,den520d.map,planner,1,27245,24028,417,417,24355,24028,51,0,1,False,den520d-random-13.scen,140
140,den520d.map,planner,1,26683,24028,417,417,24309,24028,50,0,1,True,den520d-random-13.scen,140
140,den520d.map,planner,1,27245,24028,417,417,24355,24028,54,0,10,False,den520d-random-13.scen,140
140,den520d.map,planner,1,26683,24028,417,417,24309,24028,58,0,10,True,den520d-random-13.scen,140
140,den520d.map,planner,1,27245,24028,417,417,24355,24028,51,0,100,False,den520d-random-13.scen,140
140,den520d.map,planner,1,26683,24028,417,417,24309,24028,55,0,100,True,den520d-random-13.scen,140
140,den520d.map,planner,1,27245,24028,417,417,24355,24028,53,0,1000,False,den520d-random-13.scen,140
140,den520d.map,planner,1,26683,24028,417,417,24309,24028,53,0,1000,True,den520d-random-13.scen,140
180,den520d.map,planner,1,35122,30652,417,417,31227,30652,64,0,0,False,den520d-random-13.scen,180
180,den520d.map,planner,1,35122,30652,417,417,31227,30652,68,0,0,True,den520d-random-13.scen,180
180,den520d.map,planner,1,35122,30652,417,417,31227,30652,64,0,1,False,den520d-random-13.scen,180
180,den520d.map,planner,1,34305,30652,417,417,31162,30652,70,0,1,True,den520d-random-13.scen,180
180,den520d.map,planner,1,35122,30652,417,417,31227,30652,64,0,10,False,den520d-random-13.scen,180
180,den520d.map,planner,1,34627,30652,417,417,31188,30652,173,0,10,True,den520d-random-13.scen,180
180,den520d.map,planner,1,35122,30652,417,417,31227,30652,67,0,100,False,den520d-random-13.scen,180
180,den520d.map,planner,1,33825,30652,417,417,31133,30652,867,0,100,True,den520d-random-13.scen,180
180,den520d.map,planner,1,35122,30652,417,417,31227,30652,64,0,1000,False,den520d-random-13.scen,180
180,den520d.map,planner,1,34036,30652,417,417,31161,30652,5067,0,1000,True,den520d-random-13.scen,180
220,den520d.map,planner,1,42438,37451,417,417,38325,37451,97,0,0,False,den520d-random-13.scen,220
220,den520d.map,planner,1,42438,37451,417,417,38325,37451,81,0,0,True,den520d-random-13.scen,220
220,den520d.map,planner,1,42438,37451,417,417,38325,37451,95,0,1,False,den520d-random-13.scen,220
220,den520d.map,planner,1,42048,37451,417,417,38188,37451,85,0,1,True,den520d-random-13.scen,220
220,den520d.map,planner,1,42438,37451,417,417,38325,37451,101,0,10,False,den520d-random-13.scen,220
220,den520d.map,planner,1,42048,37451,417,417,38188,37451,95,0,10,True,den520d-random-13.scen,220
220,den520d.map,planner,1,42438,37451,417,417,38325,37451,99,0,100,False,den520d-random-13.scen,220
220,den520d.map,planner,1,42048,37451,417,417,38188,37451,86,0,100,True,den520d-random-13.scen,220
220,den520d.map,planner,1,42438,37451,417,417,38325,37451,90,0,1000,False,den520d-random-13.scen,220
220,den520d.map,planner,1,42048,37451,417,417,38188,37451,84,0,1000,True,den520d-random-13.scen,220
20,den520d.map,planner,1,3690,3614,433,433,3618,3614,7,0,0,False,den520d-random-12.scen,20
20,den520d.map,planner,1,3690,3614,433,433,3618,3614,7,0,0,True,den520d-random-12.scen,20
20,den520d.map,planner,1,3690,3614,433,433,3618,3614,7,0,1,False,den520d-random-12.scen,20
20,den520d.map,planner,1,3690,3614,433,433,3618,3614,7,0,1,True,den520d-random-12.scen,20
20,den520d.map,planner,1,3690,3614,433,433,3618,3614,7,0,10,False,den520d-random-12.scen,20
20,den520d.map,planner,1,3690,3614,433,433,3618,3614,7,0,10,True,den520d-random-12.scen,20
20,den520d.map,planner,1,3690,3614,433,433,3618,3614,9,0,100,False,den520d-random-12.scen,20
20,den520d.map,planner,1,3690,3614,433,433,3618,3614,7,0,100,True,den520d-random-12.scen,20
20,den520d.map,planner,1,3690,3614,433,433,3618,3614,7,0,1000,False,den520d-random-12.scen,20
20,den520d.map,planner,1,3690,3614,433,433,3618,3614,7,0,1000,True,den520d-random-12.scen,20
60,den520d.map,planner,1,10774,10611,433,433,10674,10611,21,0,0,False,den520d-random-12.scen,60
60,den520d.map,planner,1,10774,10611,433,433,10674,10611,21,0,0,True,den520d-random-12.scen,60
60,den520d.map,planner,1,10774,10611,433,433,10674,10611,24,0,1,False,den520d-random-12.scen,60
60,den520d.map,planner,1,10774,10611,433,433,10674,10611,21,0,1,True,den520d-random-12.scen,60
60,den520d.map,planner,1,10774,10611,433,433,10674,10611,21,0,10,False,den520d-random-12.scen,60
60,den520d.map,planner,1,10774,10611,433,433,10674,10611,26,0,10,True,den520d-random-12.scen,60
60,den520d.map,planner,1,10774,10611,433,433,10674,10611,23,0,100,False,den520d-random-12.scen,60
60,den520d.map,planner,1,10774,10611,433,433,10674,10611,23,0,100,True,den520d-random-12.scen,60
60,den520d.map,planner,1,10774,10611,433,433,10674,10611,22,0,1000,False,den520d-random-12.scen,60
60,den520d.map,planner,1,10774,10611,433,433,10674,10611,23,0,1000,True,den520d-random-12.scen,60
100,den520d.map,planner,1,18619,17605,433,433,17828,17605,36,0,0,False,den520d-random-12.scen,100
100,den520d.map,planner,1,18619,17605,433,433,17828,17605,42,0,0,True,den520d-random-12.scen,100
100,den520d.map,planner,1,18619,17605,433,433,17828,17605,35,0,1,False,den520d-random-12.scen,100
100,den520d.map,planner,1,18197,17605,433,433,17782,17605,43,0,1,True,den520d-random-12.scen,100
100,den520d.map,planner,1,18619,17605,433,433,17828,17605,42,0,10,False,den520d-random-12.scen,100
100,den520d.map,planner,1,18197,17605,433,433,17782,17605,40,0,10,True,den520d-random-12.scen,100
100,den520d.map,planner,1,18619,17605,433,433,17828,17605,39,0,100,False,den520d-random-12.scen,100
100,den520d.map,planner,1,18197,17605,433,433,17782,17605,35,0,100,True,den520d-random-12.scen,100
100,den520d.map,planner,1,18619,17605,433,433,17828,17605,36,0,1000,False,den520d-random-12.scen,100
100,den520d.map,planner,1,18197,17605,433,433,17782,17605,35,0,1000,True,den520d-random-12.scen,100
140,den520d.map,planner,1,26344,24506,433,433,24909,24506,54,0,0,False,den520d-random-12.scen,140
140,den520d.map,planner,1,26344,24506,433,433,24909,24506,51,0,0,True,den520d-random-12.scen,140
140,den520d.map,planner,1,26344,24506,433,433,24909,24506,61,0,1,False,den520d-random-12.scen,140
140,den520d.map,planner,1,26600,24506,433,433,24910,24506,59,0,1,True,den520d-random-12.scen,140
140,den520d.map,planner,1,26344,24506,433,433,24909,24506,61,0,10,False,den520d-random-12.scen,140
140,den520d.map,planner,1,26600,24506,433,433,24910,24506,50,0,10,True,den520d-random-12.scen,140
140,den520d.map,planner,1,26344,24506,433,433,24909,24506,51,0,100,False,den520d-random-12.scen,140
140,den520d.map,planner,1,26600,24506,433,433,24910,24506,61,0,100,True,den520d-random-12.scen,140
140,den520d.map,planner,1,26344,24506,433,433,24909,24506,60,0,1000,False,den520d-random-12.scen,140
140,den520d.map,planner,1,26600,24506,433,433,24910,24506,57,0,1000,True,den520d-random-12.scen,140
180,den520d.map,planner,1,34632,30811,433,433,31452,30811,72,0,0,False,den520d-random-12.scen,180
180,den520d.map,planner,1,34632,30811,433,433,31452,30811,74,0,0,True,den520d-random-12.scen,180
180,den520d.map,planner,1,34632,30811,433,433,31452,30811,72,0,1,False,den520d-random-12.scen,180
180,den520d.map,planner,1,34314,30811,433,433,31495,30811,74,0,1,True,den520d-random-12.scen,180
180,den520d.map,planner,1,34632,30811,433,433,31452,30811,71,0,10,False,den520d-random-12.scen,180
180,den520d.map,planner,1,34314,30811,433,433,31495,30811,72,0,10,True,den520d-random-12.scen,180
180,den520d.map,planner,1,34632,30811,433,433,31452,30811,71,0,100,False,den520d-random-12.scen,180
180,den520d.map,planner,1,34314,30811,433,433,31495,30811,77,0,100,True,den520d-random-12.scen,180
180,den520d.map,planner,1,34632,30811,433,433,31452,30811,70,0,1000,False,den520d-random-12.scen,180
180,den520d.map,planner,1,34314,30811,433,433,31495,30811,76,0,1000,True,den520d-random-12.scen,180
220,den520d.map,planner,1,43485,37497,433,433,38400,37497,90,0,0,False,den520d-random-12.scen,220
220,den520d.map,planner,1,43485,37497,433,433,38400,37497,91,0,0,True,den520d-random-12.scen,220
220,den520d.map,planner,1,43485,37497,433,433,38400,37497,92,0,1,False,den520d-random-12.scen,220
220,den520d.map,planner,1,43452,37497,437,433,38364,37497,98,0,1,True,den520d-random-12.scen,220
220,den520d.map,planner,1,43485,37497,433,433,38400,37497,90,0,10,False,den520d-random-12.scen,220
220,den520d.map,planner,1,43452,37497,437,433,38364,37497,94,0,10,True,den520d-random-12.scen,220
220,den520d.map,planner,1,43485,37497,433,433,38400,37497,80,0,100,False,den520d-random-12.scen,220
220,den520d.map,planner,1,43452,37497,437,433,38364,37497,103,0,100,True,den520d-random-12.scen,220
220,den520d.map,planner,1,43485,37497,433,433,38400,37497,86,0,1000,False,den520d-random-12.scen,220
220,den520d.map,planner,1,43452,37497,437,433,38364,37497,87,0,1000,True,den520d-random-12.scen,220
20,den520d.map,planner,1,3836,3834,346,346,3836,3834,8,0,0,False,den520d-random-18.scen,20
20,den520d.map,planner,1,3836,3834,346,346,3836,3834,8,0,0,True,den520d-random-18.scen,20
20,den520d.map,planner,1,3836,3834,346,346,3836,3834,8,0,1,False,den520d-random-18.scen,20
20,den520d.map,planner,1,3836,3834,346,346,3836,3834,8,0,1,True,den520d-random-18.scen,20
20,den520d.map,planner,1,3836,3834,346,346,3836,3834,8,0,10,False,den520d-random-18.scen,20
20,den520d.map,planner,1,3836,3834,346,346,3836,3834,7,0,10,True,den520d-random-18.scen,20
20,den520d.map,planner,1,3836,3834,346,346,3836,3834,7,0,100,False,den520d-random-18.scen,20
20,den520d.map,planner,1,3836,3834,346,346,3836,3834,8,0,100,True,den520d-random-18.scen,20
20,den520d.map,planner,1,3836,3834,346,346,3836,3834,8,0,1000,False,den520d-random-18.scen,20
20,den520d.map,planner,1,3836,3834,346,346,3836,3834,8,0,1000,True,den520d-random-18.scen,20
60,den520d.map,planner,1,11790,11352,380,380,11420,11352,26,0,0,False,den520d-random-18.scen,60
60,den520d.map,planner,1,11790,11352,380,380,11420,11352,22,0,0,True,den520d-random-18.scen,60
60,den520d.map,planner,1,11790,11352,380,380,11420,11352,21,0,1,False,den520d-random-18.scen,60
60,den520d.map,planner,1,11790,11352,380,380,11420,11352,25,0,1,True,den520d-random-18.scen,60
60,den520d.map,planner,1,11790,11352,380,380,11420,11352,22,0,10,False,den520d-random-18.scen,60
60,den520d.map,planner,1,11790,11352,380,380,11420,11352,22,0,10,True,den520d-random-18.scen,60
60,den520d.map,planner,1,11790,11352,380,380,11420,11352,25,0,100,False,den520d-random-18.scen,60
60,den520d.map,planner,1,11790,11352,380,380,11420,11352,26,0,100,True,den520d-random-18.scen,60
60,den520d.map,planner,1,11790,11352,380,380,11420,11352,21,0,1000,False,den520d-random-18.scen,60
60,den520d.map,planner,1,11790,11352,380,380,11420,11352,23,0,1000,True,den520d-random-18.scen,60
100,den520d.map,planner,1,21081,19484,380,380,19689,19484,39,0,0,False,den520d-random-18.scen,100
100,den520d.map,planner,1,21081,19484,380,380,19689,19484,37,0,0,True,den520d-random-18.scen,100
100,den520d.map,planner,1,21081,19484,380,380,19689,19484,45,0,1,False,den520d-random-18.scen,100
100,den520d.map,planner,1,20950,19484,380,380,19677,19484,42,0,1,True,den520d-random-18.scen,100
100,den520d.map,planner,1,21081,19484,380,380,19689,19484,40,0,10,False,den520d-random-18.scen,100
100,den520d.map,planner,1,20950,19484,380,380,19677,19484,45,0,10,True,den520d-random-18.scen,100
100,den520d.map,planner,1,21081,19484,380,380,19689,19484,42,0,100,False,den520d-random-18.scen,100
100,den520d.map,planner,1,20950,19484,380,380,19677,19484,46,0,100,True,den520d-random-18.scen,100
100,den520d.map,planner,1,21081,19484,380,380,19689,19484,45,0,1000,False,den520d-random-18.scen,100
100,den520d.map,planner,1,20950,19484,380,380,19677,19484,39,0,1000,True,den520d-random-18.scen,100
140,den520d.map,planner,1,29422,26209,422,422,26563,26209,58,0,0,False,den520d-random-18.scen,140
140,den520d.map,planner,1,29422,26209,422,422,26563,26209,62,0,0,True,den520d-random-18.scen,140
140,den520d.map,planner,1,29422,26209,422,422,26563,26209,63,0,1,False,den520d-random-18.scen,140
140,den520d.map,planner,1,29035,26209,422,422,26568,26209,58,0,1,True,den520d-random-18.scen,140
140,den520d.map,planner,1,29422,26209,422,422,26563,26209,58,0,10,False,den520d-random-18.scen,140
140,den520d.map,planner,1,29035,26209,422,422,26568,26209,64,0,10,True,den520d-random-18.scen,140
140,den520d.map,planner,1,29422,26209,422,422,26563,26209,50,0,100,False,den520d-random-18.scen,140
140,den520d.map,planner,1,29035,26209,422,422,26568,26209,59,0,100,True,den520d-random-18.scen,140
140,den520d.map,planner,1,29422,26209,422,422,26563,26209,68,0,1000,False,den520d-random-18.scen,140
140,den520d.map,planner,1,29035,26209,422,422,26568,26209,49,0,1000,True,den520d-random-18.scen,140
180,den520d.map,planner,1,37448,33338,422,422,33916,33338,75,0,0,False,den520d-random-18.scen,180
180,den520d.map,planner,1,37448,33338,422,422,33916,33338,61,0,0,True,den520d-random-18.scen,180
180,den520d.map,planner,1,37448,33338,422,422,33916,33338,68,0,1,False,den520d-random-18.scen,180
180,den520d.map,planner,1,36769,33338,422,422,33823,33338,75,0,1,True,den520d-random-18.scen,180
180,den520d.map,planner,1,37448,33338,422,422,33916,33338,74,0,10,False,den520d-random-18.scen,180
180,den520d.map,planner,1,36769,33338,422,422,33823,33338,75,0,10,True,den520d-random-18.scen,180
180,den520d.map,planner,1,37448,33338,422,422,33916,33338,63,0,100,False,den520d-random-18.scen,180
180,den520d.map,planner,1,36769,33338,422,422,33823,33338,75,0,100,True,den520d-random-18.scen,180
180,den520d.map,planner,1,37448,33338,422,422,33916,33338,64,0,1000,False,den520d-random-18.scen,180
180,den520d.map,planner,1,36769,33338,422,422,33823,33338,73,0,1000,True,den520d-random-18.scen,180
220,den520d.map,planner,1,44812,39992,422,422,40791,39992,92,0,0,False,den520d-random-18.scen,220
220,den520d.map,planner,1,44812,39992,422,422,40791,39992,81,0,0,True,den520d-random-18.scen,220
220,den520d.map,planner,1,44812,39992,422,422,40791,39992,90,0,1,False,den520d-random-18.scen,220
220,den520d.map,planner,1,45561,39992,422,422,40759,39992,91,0,1,True,den520d-random-18.scen,220
220,den520d.map,planner,1,44812,39992,422,422,40791,39992,92,0,10,False,den520d-random-18.scen,220
220,den520d.map,planner,1,45561,39992,422,422,40759,39992,84,0,10,True,den520d-random-18.scen,220
220,den520d.map,planner,1,44812,39992,422,422,40791,39992,82,0,100,False,den520d-random-18.scen,220
220,den520d.map,planner,1,45561,39992,422,422,40759,39992,103,0,100,True,den520d-random-18.scen,220
220,den520d.map,planner,1,44812,39992,422,422,40791,39992,76,0,1000,False,den520d-random-18.scen,220
220,den520d.map,planner,1,45561,39992,422,422,40759,39992,77,0,1000,True,den520d-random-18.scen,220
20,den520d.map,planner,1,3724,3724,370,370,3724,3724,7,0,0,False,den520d-random-21.scen,20
20,den520d.map,planner,1,3724,3724,370,370,3724,3724,6,0,0,True,den520d-random-21.scen,20
20,den520d.map,planner,1,3724,3724,370,370,3724,3724,6,0,1,False,den520d-random-21.scen,20
20,den520d.map,planner,1,3724,3724,370,370,3724,3724,7,0,1,True,den520d-random-21.scen,20
20,den520d.map,planner,1,3724,3724,370,370,3724,3724,6,0,10,False,den520d-random-21.scen,20
20,den520d.map,planner,1,3724,3724,370,370,3724,3724,6,0,10,True,den520d-random-21.scen,20
20,den520d.map,planner,1,3724,3724,370,370,3724,3724,6,0,100,False,den520d-random-21.scen,20
20,den520d.map,planner,1,3724,3724,370,370,3724,3724,7,0,100,True,den520d-random-21.scen,20
20,den520d.map,planner,1,3724,3724,370,370,3724,3724,7,0,1000,False,den520d-random-21.scen,20
20,den520d.map,planner,1,3724,3724,370,370,3724,3724,7,0,1000,True,den520d-random-21.scen,20
60,den520d.map,planner,1,11301,10848,378,378,10888,10848,21,0,0,False,den520d-random-21.scen,60
60,den520d.map,planner,1,11301,10848,378,378,10888,10848,24,0,0,True,den520d-random-21.scen,60
60,den520d.map,planner,1,11301,10848,378,378,10888,10848,23,0,1,False,den520d-random-21.scen,60
60,den520d.map,planner,1,11301,10848,378,378,10888,10848,23,0,1,True,den520d-random-21.scen,60
60,den520d.map,planner,1,11301,10848,378,378,10888,10848,22,0,10,False,den520d-random-21.scen,60
60,den520d.map,planner,1,11301,10848,378,378,10888,10848,24,0,10,True,den520d-random-21.scen,60
60,den520d.map,planner,1,11301,10848,378,378,10888,10848,21,0,100,False,den520d-random-21.scen,60
60,den520d.map,planner,1,11301,10848,378,378,10888,10848,21,0,100,True,den520d-random-21.scen,60
60,den520d.map,planner,1,11301,10848,378,378,10888,10848,22,0,1000,False,den520d-random-21.scen,60
60,den520d.map,planner,1,11301,10848,378,378,10888,10848,20,0,1000,True,den520d-random-21.scen,60
100,den520d.map,planner,1,19837,18411,378,378,18557,18411,41,0,0,False,den520d-random-21.scen,100
100,den520d.map,planner,1,19837,18411,378,378,18557,18411,42,0,0,True,den520d-random-21.scen,100
100,den520d.map,planner,1,19837,18411,378,378,18557,18411,37,0,1,False,den520d-random-21.scen,100
100,den520d.map,planner,1,19741,18411,378,378,18529,18411,39,0,1,True,den520d-random-21.scen,100
100,den520d.map,planner,1,19837,18411,378,378,18557,18411,40,0,10,False,den520d-random-21.scen,100
100,den520d.map,planner,1,19741,18411,378,378,18529,18411,31,0,10,True,den520d-random-21.scen,100
100,den520d.map,planner,1,19837,18411,378,378,18557,18411,37,0,100,False,den520d-random-21.scen,100
100,den520d.map,planner,1,19741,18411,378,378,18529,18411,35,0,100,True,den520d-random-21.scen,100
100,den520d.map,planner,1,19837,18411,378,378,18557,18411,30,0,1000,False,den520d-random-21.scen,100
100,den520d.map,planner,1,19741,18411,378,378,18529,18411,41,0,1000,True,den520d-random-21.scen,100
140,den520d.map,planner,1,27026,24999,378,378,25294,24999,62,0,0,False,den520d-random-21.scen,140
140,den520d.map,planner,1,27026,24999,378,378,25294,24999,47,0,0,True,den520d-random-21.scen,140
140,den520d.map,planner,1,27026,24999,378,378,25294,24999,51,0,1,False,den520d-random-21.scen,140
140,den520d.map,planner,1,26789,24999,378,378,25292,24999,48,0,1,True,den520d-random-21.scen,140
140,den520d.map,planner,1,27026,24999,378,378,25294,24999,46,0,10,False,den520d-random-21.scen,140
140,den520d.map,planner,1,26789,24999,378,378,25292,24999,52,0,10,True,den520d-random-21.scen,140
140,den520d.map,planner,1,27026,24999,378,378,25294,24999,46,0,100,False,den520d-random-21.scen,140
140,den520d.map,planner,1,26789,24999,378,378,25292,24999,54,0,100,True,den520d-random-21.scen,140
140,den520d.map,planner,1,27026,24999,378,378,25294,24999,52,0,1000,False,den520d-random-21.scen,140
140,den520d.map,planner,1,26789,24999,378,378,25292,24999,54,0,1000,True,den520d-random-21.scen,140
180,den520d.map,planner,1,35968,32073,392,392,32589,32073,68,0,0,False,den520d-random-21.scen,180
180,den520d.map,planner,1,35968,32073,392,392,32589,32073,79,0,0,True,den520d-random-21.scen,180
180,den520d.map,planner,1,35968,32073,392,392,32589,32073,67,0,1,False,den520d-random-21.scen,180
180,den520d.map,planner,1,35432,32073,392,392,32523,32073,74,0,1,True,den520d-random-21.scen,180
180,den520d.map,planner,1,35968,32073,392,392,32589,32073,70,0,10,False,den520d-random-21.scen,180
180,den520d.map,planner,1,35432,32073,392,392,32523,32073,73,0,10,True,den520d-random-21.scen,180
180,den520d.map,planner,1,35968,32073,392,392,32589,32073,63,0,100,False,den520d-random-21.scen,180
180,den520d.map,planner,1,35432,32073,392,392,32523,32073,63,0,100,True,den520d-random-21.scen,180
180,den520d.map,planner,1,35968,32073,392,392,32589,32073,66,0,1000,False,den520d-random-21.scen,180
180,den520d.map,planner,1,35432,32073,392,392,32523,32073,75,0,1000,True,den520d-random-21.scen,180
220,den520d.map,planner,1,43330,39231,392,392,39864,39231,91,0,0,False,den520d-random-21.scen,220
220,den520d.map,planner,1,43330,39231,392,392,39864,39231,88,0,0,True,den520d-random-21.scen,220
220,den520d.map,planner,1,43330,39231,392,392,39864,39231,99,0,1,False,den520d-random-21.scen,220
220,den520d.map,planner,1,43866,39231,392,392,39863,39231,81,0,1,True,den520d-random-21.scen,220
220,den520d.map,planner,1,43330,39231,392,392,39864,39231,91,0,10,False,den520d-random-21.scen,220
220,den520d.map,planner,1,43866,39231,392,392,39863,39231,86,0,10,True,den520d-random-21.scen,220
220,den520d.map,planner,1,43330,39231,392,392,39864,39231,87,0,100,False,den520d-random-21.scen,220
220,den520d.map,planner,1,43866,39231,392,392,39863,39231,83,0,100,True,den520d-random-21.scen,220
220,den520d.map,planner,1,43330,39231,392,392,39864,39231,85,0,1000,False,den520d-random-21.scen,220
220,den520d.map,planner,1,43866,39231,392,392,39863,39231,89,0,1000,True,den520d-random-21.scen,220
20,den520d.map,planner,1,4108,3975,344,344,3986,3975,7,0,0,False,den520d-random-20.scen,20
20,den520d.map,planner,1,4108,3975,344,344,3986,3975,9,0,0,True,den520d-random-20.scen,20
20,den520d.map,planner,1,4108,3975,344,344,3986,3975,7,0,1,False,den520d-random-20.scen,20
20,den520d.map,planner,1,4108,3975,344,344,3986,3975,7,0,1,True,den520d-random-20.scen,20
20,den520d.map,planner,1,4108,3975,344,344,3986,3975,8,0,10,False,den520d-random-20.scen,20
20,den520d.map,planner,1,4108,3975,344,344,3986,3975,9,0,10,True,den520d-random-20.scen,20
20,den520d.map,planner,1,4108,3975,344,344,3986,3975,8,0,100,False,den520d-random-20.scen,20
20,den520d.map,planner,1,4108,3975,344,344,3986,3975,7,0,100,True,den520d-random-20.scen,20
20,den520d.map,planner,1,4108,3975,344,344,3986,3975,8,0,1000,False,den520d-random-20.scen,20
20,den520d.map,planner,1,4108,3975,344,344,3986,3975,7,0,1000,True,den520d-random-20.scen,20
60,den520d.map,planner,1,11599,11410,347,347,11501,11410,24,0,0,False,den520d-random-20.scen,60
60,den520d.map,planner,1,11599,11410,347,347,11501,11410,23,0,0,True,den520d-random-20.scen,60
60,den520d.map,planner,1,11599,11410,347,347,11501,11410,19,0,1,False,den520d-random-20.scen,60
60,den520d.map,planner,1,11599,11410,347,347,11501,11410,22,0,1,True,den520d-random-20.scen,60
60,den520d.map,planner,1,11599,11410,347,347,11501,11410,25,0,10,False,den520d-random-20.scen,60
60,den520d.map,planner,1,11599,11410,347,347,11501,11410,26,0,10,True,den520d-random-20.scen,60
60,den520d.map,planner,1,11599,11410,347,347,11501,11410,23,0,100,False,den520d-random-20.scen,60
60,den520d.map,planner,1,11599,11410,347,347,11501,11410,24,0,100,True,den520d-random-20.scen,60
60,den520d.map,planner,1,11599,11410,347,347,11501,11410,24,0,1000,False,den520d-random-20.scen,60
60,den520d.map,planner,1,11599,11410,347,347,11501,11410,18,0,1000,True,den520d-random-20.scen,60
100,den520d.map,planner,1,18922,18213,347,347,18366,18213,35,0,0,False,den520d-random-20.scen,100
100,den520d.map,planner,1,18922,18213,347,347,18366,18213,41,0,0,True,den520d-random-20.scen,100
100,den520d.map,planner,1,18922,18213,347,347,18366,18213,38,0,1,False,den520d-random-20.scen,100
100,den520d.map,planner,1,19286,18213,347,347,18396,18213,40,0,1,True,den520d-random-20.scen,100
100,den520d.map,planner,1,18922,18213,347,347,18366,18213,32,0,10,False,den520d-random-20.scen,100
100,den520d.map,planner,1,19286,18213,347,347,18396,18213,37,0,10,True,den520d-random-20.scen,100
100,den520d.map,planner,1,18922,18213,347,347,18366,18213,37,0,100,False,den520d-random-20.scen,100
100,den520d.map,planner,1,19286,18213,347,347,18396,18213,41,0,100,True,den520d-random-20.scen,100
100,den520d.map,planner,1,18922,18213,347,347,18366,18213,32,0,1000,False,den520d-random-20.scen,100
100,den520d.map,planner,1,19286,18213,347,347,18396,18213,35,0,1000,True,den520d-random-20.scen,100
140,den520d.map,planner,1,27173,25212,368,368,25580,25212,55,0,0,False,den520d-random-20.scen,140
140,den520d.map,planner,1,27173,25212,368,368,25580,25212,50,0,0,True,den520d-random-20.scen,140
140,den520d.map,planner,1,27173,25212,368,368,25580,25212,53,0,1,False,den520d-random-20.scen,140
140,den520d.map,planner,1,27065,25212,368,368,25562,25212,48,0,1,True,den520d-random-20.scen,140
140,den520d.map,planner,1,27173,25212,368,368,25580,25212,54,0,10,False,den520d-random-20.scen,140
140,den520d.map,planner,1,27065,25212,368,368,25562,25212,57,0,10,True,den520d-random-20.scen,140
140,den520d.map,planner,1,27173,25212,368,368,25580,25212,60,0,100,False,den520d-random-20.scen,140
140,den520d.map,planner,1,27065,25212,368,368,25562,25212,57,0,100,True,den520d-random-20.scen,140
140,den520d.map,planner,1,27173,25212,368,368,25580,25212,61,0,1000,False,den520d-random-20.scen,140
140,den520d.map,planner,1,27065,25212,368,368,25562,25212,58,0,1000,True,den520d-random-20.scen,140
180,den520d.map,planner,1,35243,31721,368,368,32264,31721,71,0,0,False,den520d-random-20.scen,180
180,den520d.map,planner,1,35243,31721,368,368,32264,31721,69,0,0,True,den520d-random-20.scen,180
180,den520d.map,planner,1,35243,31721,368,368,32264,31721,67,0,1,False,den520d-random-20.scen,180
180,den520d.map,planner,1,35052,31721,368,368,32309,31721,65,0,1,True,den520d-random-20.scen,180
180,den520d.map,planner,1,35243,31721,368,368,32264,31721,71,0,10,False,den520d-random-20.scen,180
180,den520d.map,planner,1,35052,31721,368,368,32309,31721,73,0,10,True,den520d-random-20.scen,180
180,den520d.map,planner,1,35243,31721,368,368,32264,31721,63,0,100,False,den520d-random-20.scen,180
180,den520d.map,planner,1,35052,31721,368,368,32309,31721,67,0,100,True,den520d-random-20.scen,180
180,den520d.map,planner,1,35243,31721,368,368,32264,31721,71,0,1000,False,den520d-random-20.scen,180
180,den520d.map,planner,1,35052,31721,368,368,32309,31721,76,0,1000,True,den520d-random-20.scen,180
220,den520d.map,planner,1,43824,39113,368,368,39933,39113,85,0,0,False,den520d-random-20.scen,220
220,den520d.map,planner,1,43824,39113,368,368,39933,39113,88,0,0,True,den520d-random-20.scen,220
220,den520d.map,planner,1,43824,39113,368,368,39933,39113,86,0,1,False,den520d-random-20.scen,220
220,den520d.map,planner,1,44002,39113,368,368,39845,39113,90,0,1,True,den520d-random-20.scen,220
220,den520d.map,planner,1,43824,39113,368,368,39933,39113,78,0,10,False,den520d-random-20.scen,220
220,den520d.map,planner,1,44002,39113,368,368,39845,39113,86,0,10,True,den520d-random-20.scen,220
220,den520d.map,planner,1,43824,39113,368,368,39933,39113,89,0,100,False,den520d-random-20.scen,220
220,den520d.map,planner,1,44002,39113,368,368,39845,39113,84,0,100,True,den520d-random-20.scen,220
220,den520d.map,planner,1,43824,39113,368,368,39933,39113,85,0,1000,False,den520d-random-20.scen,220
220,den520d.map,planner,1,44002,39113,368,368,39845,39113,82,0,1000,True,den520d-random-20.scen,220
20,den520d.map,planner,1,2888,2888,313,313,2888,2888,6,0,0,False,den520d-random-23.scen,20
20,den520d.map,planner,1,2888,2888,313,313,2888,2888,6,0,0,True,den520d-random-23.scen,20
20,den520d.map,planner,1,2888,2888,313,313,2888,2888,7,0,1,False,den520d-random-23.scen,20
20,den520d.map,planner,1,2888,2888,313,313,2888,2888,7,0,1,True,den520d-random-23.scen,20
20,den520d.map,planner,1,2888,2888,313,313,2888,2888,8,0,10,False,den520d-random-23.scen,20
20,den520d.map,planner,1,2888,2888,313,313,2888,2888,7,0,10,True,den520d-random-23.scen,20
20,den520d.map,planner,1,2888,2888,313,313,2888,2888,6,0,100,False,den520d-random-23.scen,20
20,den520d.map,planner,1,2888,2888,313,313,2888,2888,6,0,100,True,den520d-random-23.scen,20
20,den520d.map,planner,1,2888,2888,313,313,2888,2888,7,0,1000,False,den520d-random-23.scen,20
20,den520d.map,planner,1,2888,2888,313,313,2888,2888,8,0,1000,True,den520d-random-23.scen,20
60,den520d.map,planner,1,10651,10006,359,359,10078,10006,24,0,0,False,den520d-random-23.scen,60
60,den520d.map,planner,1,10651,10006,359,359,10078,10006,22,0,0,True,den520d-random-23.scen,60
60,den520d.map,planner,1,10651,10006,359,359,10078,10006,22,0,1,False,den520d-random-23.scen,60
60,den520d.map,planner,1,10651,10006,359,359,10078,10006,24,0,1,True,den520d-random-23.scen,60
60,den520d.map,planner,1,10651,10006,359,359,10078,10006,22,0,10,False,den520d-random-23.scen,60
60,den520d.map,planner,1,10651,10006,359,359,10078,10006,24,0,10,True,den520d-random-23.scen,60
60,den520d.map,planner,1,10651,10006,359,359,10078,10006,21,0,100,False,den520d-random-23.scen,60
60,den520d.map,planner,1,10651,10006,359,359,10078,10006,21,0,100,True,den520d-random-23.scen,60
60,den520d.map,planner,1,10651,10006,359,359,10078,10006,22,0,1000,False,den520d-random-23.scen,60
60,den520d.map,planner,1,10651,10006,359,359,10078,10006,23,0,1000,True,den520d-random-23.scen,60
100,den520d.map,planner,1,18516,17346,359,359,17461,17346,38,0,0,False,den520d-random-23.scen,100
100,den520d.map,planner,1,18516,17346,359,359,17461,17346,36,0,0,True,den520d-random-23.scen,100
100,den520d.map,planner,1,18516,17346,359,359,17461,17346,40,0,1,False,den520d-random-23.scen,100
100,den520d.map,planner,1,18430,17346,359,359,17449,17346,38,0,1,True,den520d-random-23.scen,100
100,den520d.map,planner,1,18516,17346,359,359,17461,17346,41,0,10,False,den520d-random-23.scen,100
100,den520d.map,planner,1,18430,17346,359,359,17449,17346,37,0,10,True,den520d-random-23.scen,100
100,den520d.map,planner,1,18516,17346,359,359,17461,17346,37,0,100,False,den520d-random-23.scen,100
100,den520d.map,planner,1,18430,17346,359,359,17449,17346,36,0,100,True,den520d-random-23.scen,100
100,den520d.map,planner,1,18516,17346,359,359,17461,17346,37,0,1000,False,den520d-random-23.scen,100
100,den520d.map,planner,1,18430,17346,359,359,17449,17346,38,0,1000,True,den520d-random-23.scen,100
140,den520d.map,planner,1,26449,24492,371,371,24819,24492,51,0,0,False,den520d-random-23.scen,140
140,den520d.map,planner,1,26449,24492,371,371,24819,24492,59,0,0,True,den520d-random-23.scen,140
140,den520d.map,planner,1,26449,24492,371,371,24819,24492,47,0,1,False,den520d-random-23.scen,140
140,den520d.map,planner,1,26619,24492,371,371,24855,24492,57,0,1,True,den520d-random-23.scen,140
140,den520d.map,planner,1,26449,24492,371,371,24819,24492,50,0,10,False,den520d-random-23.scen,140
140,den520d.map,planner,1,26619,24492,371,371,24855,24492,52,0,10,True,den520d-random-23.scen,140
140,den520d.map,planner,1,26449,24492,371,371,24819,24492,54,0,100,False,den520d-random-23.scen,140
140,den520d.map,planner,1,26619,24492,371,371,24855,24492,52,0,100,True,den520d-random-23.scen,140
140,den520d.map,planner,1,26449,24492,371,371,24819,24492,47,0,1000,False,den520d-random-23.scen,140
140,den520d.map,planner,1,26619,24492,371,371,24855,24492,57,0,1000,True,den520d-random-23.scen,140
180,den520d.map,planner,1,34357,31482,371,371,32030,31482,68,0,0,False,den520d-random-23.scen,180
180,den520d.map,planner,1,34357,31482,371,371,32030,31482,71,0,0,True,den520d-random-23.scen,180
180,den520d.map,planner,1,34357,31482,371,371,32030,31482,70,0,1,False,den520d-random-23.scen,180
180,den520d.map,planner,1,34481,31482,375,371,32013,31482,72,0,1,True,den520d-random-23.scen,180
180,den520d.map,planner,1,34357,31482,371,371,32030,31482,73,0,10,False,den520d-random-23.scen,180
180,den520d.map,planner,1,34481,31482,375,371,32013,31482,66,0,10,True,den520d-random-23.scen,180
180,den520d.map,planner,1,34357,31482,371,371,32030,31482,71,0,100,False,den520d-random-23.scen,180
180,den520d.map,planner,1,34481,31482,375,371,32013,31482,82,0,100,True,den520d-random-23.scen,180
180,den520d.map,planner,1,34357,31482,371,371,32030,31482,73,0,1000,False,den520d-random-23.scen,180
180,den520d.map,planner,1,34481,31482,375,371,32013,31482,69,0,1000,True,den520d-random-23.scen,180
220,den520d.map,planner,1,42028,38151,371,371,38947,38151,86,0,0,False,den520d-random-23.scen,220
220,den520d.map,planner,1,42028,38151,371,371,38947,38151,86,0,0,True,den520d-random-23.scen,220
220,den520d.map,planner,1,42028,38151,371,371,38947,38151,91,0,1,False,den520d-random-23.scen,220
220,den520d.map,planner,1,42445,38151,371,371,38880,38151,89,0,1,True,den520d-random-23.scen,220
220,den520d.map,planner,1,42028,38151,371,371,38947,38151,86,0,10,False,den520d-random-23.scen,220
220,den520d.map,planner,1,42445,38151,371,371,38880,38151,89,0,10,True,den520d-random-23.scen,220
220,den520d.map,planner,1,42028,38151,371,371,38947,38151,79,0,100,False,den520d-random-23.scen,220
220,den520d.map,planner,1,42445,38151,371,371,38880,38151,90,0,100,True,den520d-random-23.scen,220
220,den520d.map,planner,1,42028,38151,371,371,38947,38151,91,0,1000,False,den520d-random-23.scen,220
220,den520d.map,planner,1,42445,38151,371,371,38880,38151,83,0,1000,True,den520d-random-23.scen,220
20,den520d.map,planner,1,3783,3780,392,392,3783,3780,7,0,0,False,den520d-random-7.scen,20
20,den520d.map,planner,1,3783,3780,392,392,3783,3780,7,0,0,True,den520d-random-7.scen,20
20,den520d.map,planner,1,3783,3780,392,392,3783,3780,9,0,1,False,den520d-random-7.scen,20
20,den520d.map,planner,1,3783,3780,392,392,3783,3780,7,0,1,True,den520d-random-7.scen,20
20,den520d.map,planner,1,3783,3780,392,392,3783,3780,8,0,10,False,den520d-random-7.scen,20
20,den520d.map,planner,1,3783,3780,392,392,3783,3780,7,0,10,True,den520d-random-7.scen,20
20,den520d.map,planner,1,3783,3780,392,392,3783,3780,7,0,100,False,den520d-random-7.scen,20
20,den520d.map,planner,1,3783,3780,392,392,3783,3780,6,0,100,True,den520d-random-7.scen,20
20,den520d.map,planner,1,3783,3780,392,392,3783,3780,7,0,1000,False,den520d-random-7.scen,20
20,den520d.map,planner,1,3783,3780,392,392,3783,3780,9,0,1000,True,den520d-random-7.scen,20
60,den520d.map,planner,1,12025,11530,392,392,11614,11530,24,0,0,False,den520d-random-7.scen,60
60,den520d.map,planner,1,12025,11530,392,392,11614,11530,24,0,0,True,den520d-random-7.scen,60
60,den520d.map,planner,1,12025,11530,392,392,11614,11530,19,0,1,False,den520d-random-7.scen,60
60,den520d.map,planner,1,12025,11530,392,392,11614,11530,20,0,1,True,den520d-random-7.scen,60
60,den520d.map,planner,1,12025,11530,392,392,11614,11530,26,0,10,False,den520d-random-7.scen,60
60,den520d.map,planner,1,12025,11530,392,392,11614,11530,25,0,10,True,den520d-random-7.scen,60
60,den520d.map,planner,1,12025,11530,392,392,11614,11530,22,0,100,False,den520d-random-7.scen,60
60,den520d.map,planner,1,12025,11530,392,392,11614,11530,26,0,100,True,den520d-random-7.scen,60
60,den520d.map,planner,1,12025,11530,392,392,11614,11530,23,0,1000,False,den520d-random-7.scen,60
60,den520d.map,planner,1,12025,11530,392,392,11614,11530,19,0,1000,True,den520d-random-7.scen,60
100,den520d.map,planner,1,18385,17719,392,392,17812,17719,32,0,0,False,den520d-random-7.scen,100
100,den520d.map,planner,1,18385,17719,392,392,17812,17719,30,0,0,True,den520d-random-7.scen,100
100,den520d.map,planner,1,18385,17719,392,392,17812,17719,37,0,1,False,den520d-random-7.scen,100
100,den520d.map,planner,1,18385,17719,392,392,17812,17719,36,0,1,True,den520d-random-7.scen,100
100,den520d.map,planner,1,18385,17719,392,392,17812,17719,39,0,10,False,den520d-random-7.scen,100
100,den520d.map,planner,1,18385,17719,392,392,17812,17719,37,0,10,True,den520d-random-7.scen,100
100,den520d.map,planner,1,18385,17719,392,392,17812,17719,40,0,100,False,den520d-random-7.scen,100
100,den520d.map,planner,1,18385,17719,392,392,17812,17719,42,0,100,True,den520d-random-7.scen,100
100,den520d.map,planner,1,18385,17719,392,392,17812,17719,44,0,1000,False,den520d-random-7.scen,100
100,den520d.map,planner,1,18385,17719,392,392,17812,17719,43,0,1000,True,den520d-random-7.scen,100
140,den520d.map,planner,1,26391,24258,392,392,24510,24258,61,0,0,False,den520d-random-7.scen,140
140,den520d.map,planner,1,26391,24258,392,392,24510,24258,60,0,0,True,den520d-random-7.scen,140
140,den520d.map,planner,1,26391,24258,392,392,24510,24258,51,0,1,False,den520d-random-7.scen,140
140,den520d.map,planner,1,26177,24258,392,392,24529,24258,59,0,1,True,den520d-random-7.scen,140
140,den520d.map,planner,1,26391,24258,392,392,24510,24258,49,0,10,False,den520d-random-7.scen,140
140,den520d.map,planner,1,26177,24258,392,392,24529,24258,55,0,10,True,den520d-random-7.scen,140
140,den520d.map,planner,1,26391,24258,392,392,24510,24258,47,0,100,False,den520d-random-7.scen,140
140,den520d.map,planner,1,26177,24258,392,392,24529,24258,55,0,100,True,den520d-random-7.scen,140
140,den520d.map,planner,1,26391,24258,392,392,24510,24258,52,0,1000,False,den520d-random-7.scen,140
140,den520d.map,planner,1,26177,24258,392,392,24529,24258,50,0,1000,True,den520d-random-7.scen,140
180,den520d.map,planner,1,35342,30771,392,392,31293,30771,70,0,0,False,den520d-random-7.scen,180
180,den520d.map,planner,1,35342,30771,392,392,31293,30771,67,0,0,True,den520d-random-7.scen,180
180,den520d.map,planner,1,35342,30771,392,392,31293,30771,70,0,1,False,den520d-random-7.scen,180
180,den520d.map,planner,1,35278,30771,392,392,31187,30771,70,0,1,True,den520d-random-7.scen,180
180,den520d.map,planner,1,35342,30771,392,392,31293,30771,77,0,10,False,den520d-random-7.scen,180
180,den520d.map,planner,1,35278,30771,392,392,31187,30771,72,0,10,True,den520d-random-7.scen,180
180,den520d.map,planner,1,35342,30771,392,392,31293,30771,67,0,100,False,den520d-random-7.scen,180
180,den520d.map,planner,1,35278,30771,392,392,31187,30771,66,0,100,True,den520d-random-7.scen,180
180,den520d.map,planner,1,35342,30771,392,392,31293,30771,72,0,1000,False,den520d-random-7.scen,180
180,den520d.map,planner,1,35278,30771,392,392,31187,30771,68,0,1000,True,den520d-random-7.scen,180
220,den520d.map,planner,1,43263,37752,392,392,38466,37752,78,0,0,False,den520d-random-7.scen,220
220,den520d.map,planner,1,43263,37752,392,392,38466,37752,85,0,0,True,den520d-random-7.scen,220
220,den520d.map,planner,1,43263,37752,392,392,38466,37752,73,0,1,False,den520d-random-7.scen,220
220,den520d.map,planner,1,43289,37752,392,392,38410,37752,78,0,1,True,den520d-random-7.scen,220
220,den520d.map,planner,1,43263,37752,392,392,38466,37752,81,0,10,False,den520d-random-7.scen,220
220,den520d.map,planner,1,43289,37752,392,392,38410,37752,78,0,10,True,den520d-random-7.scen,220
220,den520d.map,planner,1,43263,37752,392,392,38466,37752,89,0,100,False,den520d-random-7.scen,220
220,den520d.map,planner,1,43289,37752,392,392,38410,37752,82,0,100,True,den520d-random-7.scen,220
220,den520d.map,planner,1,43263,37752,392,392,38466,37752,85,0,1000,False,den520d-random-7.scen,220
220,den520d.map,planner,1,43289,37752,392,392,38410,37752,87,0,1000,True,den520d-random-7.scen,220
20,den520d.map,planner,1,3544,3384,330,330,3389,3384,6,0,0,False,den520d-random-9.scen,20
20,den520d.map,planner,1,3544,3384,330,330,3389,3384,6,0,0,True,den520d-random-9.scen,20
20,den520d.map,planner,1,3544,3384,330,330,3389,3384,6,0,1,False,den520d-random-9.scen,20
20,den520d.map,planner,1,3544,3384,330,330,3389,3384,6,0,1,True,den520d-random-9.scen,20
20,den520d.map,planner,1,3544,3384,330,330,3389,3384,7,0,10,False,den520d-random-9.scen,20
20,den520d.map,planner,1,3544,3384,330,330,3389,3384,7,0,10,True,den520d-random-9.scen,20
20,den520d.map,planner,1,3544,3384,330,330,3389,3384,7,0,100,False,den520d-random-9.scen,20
20,den520d.map,planner,1,3544,3384,330,330,3389,3384,7,0,100,True,den520d-random-9.scen,20
20,den520d.map,planner,1,3544,3384,330,330,3389,3384,6,0,1000,False,den520d-random-9.scen,20
20,den520d.map,planner,1,3544,3384,330,330,3389,3384,6,0,1000,True,den520d-random-9.scen,20
60,den520d.map,planner,1,9288,9057,359,359,9083,9057,18,0,0,False,den520d-random-9.scen,60
60,den520d.map,planner,1,9288,9057,359,359,9083,9057,21,0,0,True,den520d-random-9.scen,60
60,den520d.map,planner,1,9288,9057,359,359,9083,9057,20,0,1,False,den520d-random-9.scen,60
60,den520d.map,planner,1,9288,9057,359,359,9083,9057,17,0,1,True,den520d-random-9.scen,60
60,den520d.map,planner,1,9288,9057,359,359,9083,9057,18,0,10,False,den520d-random-9.scen,60
60,den520d.map,planner,1,9288,9057,359,359,9083,9057,18,0,10,True,den520d-random-9.scen,60
60,den520d.map,planner,1,9288,9057,359,359,9083,9057,16,0,100,False,den520d-random-9.scen,60
60,den520d.map,planner,1,9288,9057,359,359,9083,9057,21,0,100,True,den520d-random-9.scen,60
60,den520d.map,planner,1,9288,9057,359,359,9083,9057,21,0,1000,False,den520d-random-9.scen,60
60,den520d.map,planner,1,9288,9057,359,359,9083,9057,21,0,1000,True,den520d-random-9.scen,60
100,den520d.map,planner,1,15378,14694,359,359,14788,14694,28,0,0,False,den520d-random-9.scen,100
100,den520d.map,planner,1,15378,14694,359,359,14788,14694,29,0,0,True,den520d-random-9.scen,100
100,den520d.map,planner,1,15378,14694,359,359,14788,14694,33,0,1,False,den520d-random-9.scen,100
100,den520d.map,planner,1,15716,14694,359,359,14781,14694,31,0,1,True,den520d-random-9.scen,100
100,den520d.map,planner,1,15378,14694,359,359,14788,14694,35,0,10,False,den520d-random-9.scen,100
100,den520d.map,planner,1,15716,14694,359,359,14781,14694,34,0,10,True,den520d-random-9.scen,100
100,den520d.map,planner,1,15378,14694,359,359,14788,14694,33,0,100,False,den520d-random-9.scen,100
100,den520d.map,planner,1,15716,14694,359,359,14781,14694,30,0,100,True,den520d-random-9.scen,100
100,den520d.map,planner,1,15378,14694,359,359,14788,14694,30,0,1000,False,den520d-random-9.scen,100
100,den520d.map,planner,1,15716,14694,359,359,14781,14694,36,0,1000,True,den520d-random-9.scen,100
140,den520d.map,planner,1,22699,21369,359,359,21554,21369,52,0,0,False,den520d-random-9.scen,140
140,den520d.map,planner,1,22699,21369,359,359,21554,21369,43,0,0,True,den520d-random-9.scen,140
140,den520d.map,planner,1,22699,21369,359,359,21554,21369,51,0,1,False,den520d-random-9.scen,140
140,den520d.map,planner,1,22871,21369,359,359,21534,21369,48,0,1,True,den520d-random-9.scen,140
140,den520d.map,planner,1,22699,21369,359,359,21554,21369,51,0,10,False,den520d-random-9.scen,140
140,den520d.map,planner,1,22871,21369,359,359,21534,21369,46,0,10,True,den520d-random-9.scen,140
140,den520d.map,planner,1,22699,21369,359,359,21554,21369,54,0,100,False,den520d-random-9.scen,140
140,den520d.map,planner,1,22871,21369,359,359,21534,21369,49,0,100,True,den520d-random-9.scen,140
140,den520d.map,planner,1,22699,21369,359,359,21554,21369,46,0,1000,False,den520d-random-9.scen,140
140,den520d.map,planner,1,22871,21369,359,359,21534,21369,48,0,1000,True,den520d-random-9.scen,140
180,den520d.map,planner,1,30090,27381,359,359,27674,27381,60,0,0,False,den520d-random-9.scen,180
180,den520d.map,planner,1,30090,27381,359,359,27674,27381,60,0,0,True,den520d-random-9.scen,180
180,den520d.map,planner,1,30090,27381,359,359,27674,27381,64,0,1,False,den520d-random-9.scen,180
180,den520d.map,planner,1,29845,27381,359,359,27693,27381,64,0,1,True,den520d-random-9.scen,180
180,den520d.map,planner,1,30090,27381,359,359,27674,27381,62,0,10,False,den520d-random-9.scen,180
180,den520d.map,planner,1,29845,27381,359,359,27693,27381,65,0,10,True,den520d-random-9.scen,180
180,den520d.map,planner,1,30090,27381,359,359,27674,27381,70,0,100,False,den520d-random-9.scen,180
180,den520d.map,planner,1,29845,27381,359,359,27693,27381,61,0,100,True,den520d-random-9.scen,180
180,den520d.map,planner,1,30090,27381,359,359,27674,27381,62,0,1000,False,den520d-random-9.scen,180
180,den520d.map,planner,1,29845,27381,359,359,27693,27381,66,0,1000,True,den520d-random-9.scen,180
220,den520d.map,planner,1,38204,34438,364,364,34943,34438,81,0,0,False,den520d-random-9.scen,220
220,den520d.map,planner,1,38204,34438,364,364,34943,34438,74,0,0,True,den520d-random-9.scen,220
220,den520d.map,planner,1,38204,34438,364,364,34943,34438,80,0,1,False,den520d-random-9.scen,220
220,den520d.map,planner,1,38197,34438,364,364,34976,34438,78,0,1,True,den520d-random-9.scen,220
220,den520d.map,planner,1,38204,34438,364,364,34943,34438,78,0,10,False,den520d-random-9.scen,220
220,den520d.map,planner,1,38197,34438,364,364,34976,34438,83,0,10,True,den520d-random-9.scen,220
220,den520d.map,planner,1,38204,34438,364,364,34943,34438,85,0,100,False,den520d-random-9.scen,220
220,den520d.map,planner,1,38197,34438,364,364,34976,34438,82,0,100,True,den520d-random-9.scen,220
220,den520d.map,planner,1,38204,34438,364,364,34943,34438,74,0,1000,False,den520d-random-9.scen,220
220,den520d.map,planner,1,38197,34438,364,364,34976,34438,83,0,1000,True,den520d-random-9.scen,220
20,den520d.map,planner,1,4201,4194,341,341,4201,4194,9,0,0,False,den520d-random-4.scen,20
20,den520d.map,planner,1,4201,4194,341,341,4201,4194,8,0,0,True,den520d-random-4.scen,20
20,den520d.map,planner,1,4201,4194,341,341,4201,4194,8,0,1,False,den520d-random-4.scen,20
20,den520d.map,planner,1,4201,4194,341,341,4201,4194,8,0,1,True,den520d-random-4.scen,20
20,den520d.map,planner,1,4201,4194,341,341,4201,4194,10,0,10,False,den520d-random-4.scen,20
20,den520d.map,planner,1,4201,4194,341,341,4201,4194,8,0,10,True,den520d-random-4.scen,20
20,den520d.map,planner,1,4201,4194,341,341,4201,4194,8,0,100,False,den520d-random-4.scen,20
20,den520d.map,planner,1,4201,4194,341,341,4201,4194,8,0,100,True,den520d-random-4.scen,20
20,den520d.map,planner,1,4201,4194,341,341,4201,4194,8,0,1000,False,den520d-random-4.scen,20
20,den520d.map,planner,1,4201,4194,341,341,4201,4194,8,0,1000,True,den520d-random-4.scen,20
60,den520d.map,planner,1,10950,10455,341,341,10526,10455,26,0,0,False,den520d-random-4.scen,60
60,den520d.map,planner,1,10950,10455,341,341,10526,10455,22,0,0,True,den520d-random-4.scen,60
60,den520d.map,planner,1,10950,10455,341,341,10526,10455,23,0,1,False,den520d-random-4.scen,60
60,den520d.map,planner,1,10950,10455,341,341,10526,10455,26,0,1,True,den520d-random-4.scen,60
60,den520d.map,planner,1,10950,10455,341,341,10526,10455,20,0,10,False,den520d-random-4.scen,60
60,den520d.map,planner,1,10950,10455,341,341,10526,10455,21,0,10,True,den520d-random-4.scen,60
60,den520d.map,planner,1,10950,10455,341,341,10526,10455,20,0,100,False,den520d-random-4.scen,60
60,den520d.map,planner,1,10950,10455,341,341,10526,10455,25,0,100,True,den520d-random-4.scen,60
60,den520d.map,planner,1,10950,10455,341,341,10526,10455,23,0,1000,False,den520d-random-4.scen,60
60,den520d.map,planner,1,10950,10455,341,341,10526,10455,26,0,1000,True,den520d-random-4.scen,60
100,den520d.map,planner,1,18066,16820,367,367,17057,16820,43,0,0,False,den520d-random-4.scen,100
100,den520d.map,planner,1,18066,16820,367,367,17057,16820,45,0,0,True,den520d-random-4.scen,100
100,den520d.map,planner,1,18066,16820,367,367,17057,16820,39,0,1,False,den520d-random-4.scen,100
100,den520d.map,planner,1,18200,16820,367,367,17050,16820,40,0,1,True,den520d-random-4.scen,100
100,den520d.map,planner,1,18066,16820,367,367,17057,16820,38,0,10,False,den520d-random-4.scen,100
100,den520d.map,planner,1,18200,16820,367,367,17050,16820,37,0,10,True,den520d-random-4.scen,100
100,den520d.map,planner,1,18066,16820,367,367,17057,16820,43,0,100,False,den520d-random-4.scen,100
100,den520d.map,planner,1,18200,16820,367,367,17050,16820,40,0,100,True,den520d-random-4.scen,100
100,den520d.map,planner,1,18066,16820,367,367,17057,16820,37,0,1000,False,den520d-random-4.scen,100
100,den520d.map,planner,1,18200,16820,367,367,17050,16820,41,0,1000,True,den520d-random-4.scen,100
140,den520d.map,planner,1,25516,23047,367,367,23442,23047,56,0,0,False,den520d-random-4.scen,140
140,den520d.map,planner,1,25516,23047,367,367,23442,23047,53,0,0,True,den520d-random-4.scen,140
140,den520d.map,planner,1,25516,23047,367,367,23442,23047,53,0,1,False,den520d-random-4.scen,140
140,den520d.map,planner,1,25240,23047,367,367,23358,23047,54,0,1,True,den520d-random-4.scen,140
140,den520d.map,planner,1,25516,23047,367,367,23442,23047,47,0,10,False,den520d-random-4.scen,140
140,den520d.map,planner,1,25240,23047,367,367,23358,23047,58,0,10,True,den520d-random-4.scen,140
140,den520d.map,planner,1,25516,23047,367,367,23442,23047,57,0,100,False,den520d-random-4.scen,140
140,den520d.map,planner,1,25240,23047,367,367,23358,23047,57,0,100,True,den520d-random-4.scen,140
140,den520d.map,planner,1,25516,23047,367,367,23442,23047,55,0,1000,False,den520d-random-4.scen,140
140,den520d.map,planner,1,25240,23047,367,367,23358,23047,46,0,1000,True,den520d-random-4.scen,140
180,den520d.map,planner,1,32271,29230,367,367,29770,29230,67,0,0,False,den520d-random-4.scen,180
180,den520d.map,planner,1,32271,29230,367,367,29770,29230,74,0,0,True,den520d-random-4.scen,180
180,den520d.map,planner,1,32271,29230,367,367,29770,29230,76,0,1,False,den520d-random-4.scen,180
180,den520d.map,planner,1,32376,29230,367,367,29732,29230,72,0,1,True,den520d-random-4.scen,180
180,den520d.map,planner,1,32271,29230,367,367,29770,29230,67,0,10,False,den520d-random-4.scen,180
180,den520d.map,planner,1,32376,29230,367,367,29732,29230,60,0,10,True,den520d-random-4.scen,180
180,den520d.map,planner,1,32271,29230,367,367,29770,29230,71,0,100,False,den520d-random-4.scen,180
180,den520d.map,planner,1,32376,29230,367,367,29732,29230,65,0,100,True,den520d-random-4.scen,180
180,den520d.map,planner,1,32271,29230,367,367,29770,29230,64,0,1000,False,den520d-random-4.scen,180
180,den520d.map,planner,1,32376,29230,367,367,29732,29230,75,0,1000,True,den520d-random-4.scen,180
220,den520d.map,planner,1,40575,36146,411,411,36804,36146,87,0,0,False,den520d-random-4.scen,220
220,den520d.map,planner,1,40575,36146,411,411,36804,36146,84,0,0,True,den520d-random-4.scen,220
220,den520d.map,planner,1,40575,36146,411,411,36804,36146,75,0,1,False,den520d-random-4.scen,220
220,den520d.map,planner,1,40317,36146,411,411,36793,36146,86,0,1,True,den520d-random-4.scen,220
220,den520d.map,planner,1,40575,36146,411,411,36804,36146,96,0,10,False,den520d-random-4.scen,220
220,den520d.map,planner,1,40317,36146,411,411,36793,36146,82,0,10,True,den520d-random-4.scen,220
220,den520d.map,planner,1,40575,36146,411,411,36804,36146,92,0,100,False,den520d-random-4.scen,220
220,den520d.map,planner,1,40317,36146,411,411,36793,36146,80,0,100,True,den520d-random-4.scen,220
220,den520d.map,planner,1,40575,36146,411,411,36804,36146,93,0,1000,False,den520d-random-4.scen,220
220,den520d.map,planner,1,40317,36146,411,411,36793,36146,92,0,1000,True,den520d-random-4.scen,220
20,den520d.map,planner,1,3022,3019,325,325,3022,3019,6,0,0,False,den520d-random-5.scen,20
20,den520d.map,planner,1,3022,3019,325,325,3022,3019,6,0,0,True,den520d-random-5.scen,20
20,den520d.map,planner,1,3022,3019,325,325,3022,3019,6,0,1,False,den520d-random-5.scen,20
20,den520d.map,planner,1,3022,3019,325,325,3022,3019,7,0,1,True,den520d-random-5.scen,20
20,den520d.map,planner,1,3022,3019,325,325,3022,3019,6,0,10,False,den520d-random-5.scen,20
20,den520d.map,planner,1,3022,3019,325,325,3022,3019,7,0,10,True,den520d-random-5.scen,20
20,den520d.map,planner,1,3022,3019,325,325,3022,3019,6,0,100,False,den520d-random-5.scen,20
20,den520d.map,planner,1,3022,3019,325,325,3022,3019,6,0,100,True,den520d-random-5.scen,20
20,den520d.map,planner,1,3022,3019,325,325,3022,3019,6,0,1000,False,den520d-random-5.scen,20
20,den520d.map,planner,1,3022,3019,325,325,3022,3019,6,0,1000,True,den520d-random-5.scen,20
60,den520d.map,planner,1,9977,9708,357,357,9753,9708,19,0,0,False,den520d-random-5.scen,60
60,den520d.map,planner,1,9977,9708,357,357,9753,9708,20,0,0,True,den520d-random-5.scen,60
60,den520d.map,planner,1,9977,9708,357,357,9753,9708,22,0,1,False,den520d-random-5.scen,60
60,den520d.map,planner,1,9977,9708,357,357,9753,9708,17,0,1,True,den520d-random-5.scen,60
60,den520d.map,planner,1,9977,9708,357,357,9753,9708,23,0,10,False,den520d-random-5.scen,60
60,den520d.map,planner,1,9977,9708,357,357,9753,9708,23,0,10,True,den520d-random-5.scen,60
60,den520d.map,planner,1,9977,9708,357,357,9753,9708,18,0,100,False,den520d-random-5.scen,60
60,den520d.map,planner,1,9977,9708,357,357,9753,9708,19,0,100,True,den520d-random-5.scen,60
60,den520d.map,planner,1,9977,9708,357,357,9753,9708,18,0,1000,False,den520d-random-5.scen,60
60,den520d.map,planner,1,9977,9708,357,357,9753,9708,20,0,1000,True,den520d-random-5.scen,60
100,den520d.map,planner,1,17515,16213,357,357,16438,16213,35,0,0,False,den520d-random-5.scen,100
100,den520d.map,planner,1,17515,16213,357,357,16438,16213,35,0,0,True,den520d-random-5.scen,100
100,den520d.map,planner,1,17515,16213,357,357,16438,16213,34,0,1,False,den520d-random-5.scen,100
100,den520d.map,planner,1,17764,16213,357,357,16409,16213,37,0,1,True,den520d-random-5.scen,100
100,den520d.map,planner,1,17515,16213,357,357,16438,16213,40,0,10,False,den520d-random-5.scen,100
100,den520d.map,planner,1,17764,16213,357,357,16409,16213,35,0,10,True,den520d-random-5.scen,100
100,den520d.map,planner,1,17515,16213,357,357,16438,16213,34,0,100,False,den520d-random-5.scen,100
100,den520d.map,planner,1,17764,16213,357,357,16409,16213,38,0,100,True,den520d-random-5.scen,100
100,den520d.map,planner,1,17515,16213,357,357,16438,16213,33,0,1000,False,den520d-random-5.scen,100
100,den520d.map,planner,1,17764,16213,357,357,16409,16213,37,0,1000,True,den520d-random-5.scen,100
140,den520d.map,planner,1,26416,23483,361,361,23853,23483,48,0,0,False,den520d-random-5.scen,140
140,den520d.map,planner,1,26416,23483,361,361,23853,23483,49,0,0,True,den520d-random-5.scen,140
140,den520d.map,planner,1,26416,23483,361,361,23853,23483,49,0,1,False,den520d-random-5.scen,140
140,den520d.map,planner,1,25634,23483,361,361,23866,23483,50,0,1,True,den520d-random-5.scen,140
140,den520d.map,planner,1,26416,23483,361,361,23853,23483,48,0,10,False,den520d-random-5.scen,140
140,den520d.map,planner,1,25634,23483,361,361,23866,23483,52,0,10,True,den520d-random-5.scen,140
140,den520d.map,planner,1,26416,23483,361,361,23853,23483,48,0,100,False,den520d-random-5.scen,140
140,den520d.map,planner,1,25634,23483,361,361,23866,23483,47,0,100,True,den520d-random-5.scen,140
140,den520d.map,planner,1,26416,23483,361,361,23853,23483,49,0,1000,False,den520d-random-5.scen,140
140,den520d.map,planner,1,25634,23483,361,361,23866,23483,52,0,1000,True,den520d-random-5.scen,140
180,den520d.map,planner,1,32860,29813,383,383,30362,29813,59,0,0,False,den520d-random-5.scen,180
180,den520d.map,planner,1,32860,29813,383,383,30362,29813,61,0,0,True,den520d-random-5.scen,180
180,den520d.map,planner,1,32860,29813,383,383,30362,29813,67,0,1,False,den520d-random-5.scen,180
180,den520d.map,planner,1,33109,29813,383,383,30311,29813,68,0,1,True,den520d-random-5.scen,180
180,den520d.map,planner,1,32860,29813,383,383,30362,29813,71,0,10,False,den520d-random-5.scen,180
180,den520d.map,planner,1,33109,29813,383,383,30311,29813,65,0,10,True,den520d-random-5.scen,180
180,den520d.map,planner,1,32860,29813,383,383,30362,29813,54,0,100,False,den520d-random-5.scen,180
180,den520d.map,planner,1,33109,29813,383,383,30311,29813,70,0,100,True,den520d-random-5.scen,180
180,den520d.map,planner,1,32860,29813,383,383,30362,29813,74,0,1000,False,den520d-random-5.scen,180
180,den520d.map,planner,1,33109,29813,383,383,30311,29813,59,0,1000,True,den520d-random-5.scen,180
220,den520d.map,planner,1,42217,36796,383,383,37625,36796,81,0,0,False,den520d-random-5.scen,220
220,den520d.map,planner,1,42217,36796,383,383,37625,36796,88,0,0,True,den520d-random-5.scen,220
220,den520d.map,planner,1,42217,36796,383,383,37625,36796,88,0,1,False,den520d-random-5.scen,220
220,den520d.map,planner,1,42086,36796,383,383,37550,36796,76,0,1,True,den520d-random-5.scen,220
220,den520d.map,planner,1,42217,36796,383,383,37625,36796,88,0,10,False,den520d-random-5.scen,220
220,den520d.map,planner,1,42086,36796,383,383,37550,36796,84,0,10,True,den520d-random-5.scen,220
220,den520d.map,planner,1,42217,36796,383,383,37625,36796,83,0,100,False,den520d-random-5.scen,220
220,den520d.map,planner,1,42086,36796,383,383,37550,36796,86,0,100,True,den520d-random-5.scen,220
220,den520d.map,planner,1,42217,36796,383,383,37625,36796,88,0,1000,False,den520d-random-5.scen,220
220,den520d.map,planner,1,42086,36796,383,383,37550,36796,73,0,1000,True,den520d-random-5.scen,220
20,den520d.map,planner,1,3616,3611,336,336,3616,3611,7,0,0,False,den520d-random-16.scen,20
20,den520d.map,planner,1,3616,3611,336,336,3616,3611,7,0,0,True,den520d-random-16.scen,20
20,den520d.map,planner,1,3616,3611,336,336,3616,3611,7,0,1,False,den520d-random-16.scen,20
20,den520d.map,planner,1,3616,3611,336,336,3616,3611,6,0,1,True,den520d-random-16.scen,20
20,den520d.map,planner,1,3616,3611,336,336,3616,3611,7,0,10,False,den520d-random-16.scen,20
20,den520d.map,planner,1,3616,3611,336,336,3616,3611,7,0,10,True,den520d-random-16.scen,20
20,den520d.map,planner,1,3616,3611,336,336,3616,3611,7,0,100,False,den520d-random-16.scen,20
20,den520d.map,planner,1,3616,3611,336,336,3616,3611,7,0,100,True,den520d-random-16.scen,20
20,den520d.map,planner,1,3616,3611,336,336,3616,3611,7,0,1000,False,den520d-random-16.scen,20
20,den520d.map,planner,1,3616,3611,336,336,3616,3611,7,0,1000,True,den520d-random-16.scen,20
60,den520d.map,planner,1,11164,10352,362,362,10411,10352,23,0,0,False,den520d-random-16.scen,60
60,den520d.map,planner,1,11164,10352,362,362,10411,10352,20,0,0,True,den520d-random-16.scen,60
60,den520d.map,planner,1,11164,10352,362,362,10411,10352,23,0,1,False,den520d-random-16.scen,60
60,den520d.map,planner,1,11164,10352,362,362,10411,10352,23,0,1,True,den520d-random-16.scen,60
60,den520d.map,planner,1,11164,10352,362,362,10411,10352,21,0,10,False,den520d-random-16.scen,60
60,den520d.map,planner,1,11164,10352,362,362,10411,10352,21,0,10,True,den520d-random-16.scen,60
60,den520d.map,planner,1,11164,10352,362,362,10411,10352,23,0,100,False,den520d-random-16.scen,60
60,den520d.map,planner,1,11164,10352,362,362,10411,10352,24,0,100,True,den520d-random-16.scen,60
60,den520d.map,planner,1,11164,10352,362,362,10411,10352,20,0,1000,False,den520d-random-16.scen,60
60,den520d.map,planner,1,11164,10352,362,362,10411,10352,23,0,1000,True,den520d-random-16.scen,60
100,den520d.map,planner,1,18855,17348,368,368,17495,17348,41,0,0,False,den520d-random-16.scen,100
100,den520d.map,planner,1,18855,17348,368,368,17495,17348,42,0,0,True,den520d-random-16.scen,100
100,den520d.map,planner,1,18855,17348,368,368,17495,17348,43,0,1,False,den520d-random-16.scen,100
100,den520d.map,planner,1,18790,17348,368,368,17517,17348,34,0,1,True,den520d-random-16.scen,100
100,den520d.map,planner,1,18855,17348,368,368,17495,17348,38,0,10,False,den520d-random-16.scen,100
100,den520d.map,planner,1,18790,17348,368,368,17517,17348,38,0,10,True,den520d-random-16.scen,100
100,den520d.map,planner,1,18855,17348,368,368,17495,17348,39,0,100,False,den520d-random-16.scen,100
100,den520d.map,planner,1,18790,17348,368,368,17517,17348,34,0,100,True,den520d-random-16.scen,100
100,den520d.map,planner,1,18855,17348,368,368,17495,17348,37,0,1000,False,den520d-random-16.scen,100
100,den520d.map,planner,1,18790,17348,368,368,17517,17348,35,0,1000,True,den520d-random-16.scen,100
140,den520d.map,planner,1,27163,24153,416,416,24517,24153,50,0,0,False,den520d-random-16.scen,140
140,den520d.map,planner,1,27163,24153,416,416,24517,24153,47,0,0,True,den520d-random-16.scen,140
140,den520d.map,planner,1,27163,24153,416,416,24517,24153,59,0,1,False,den520d-random-16.scen,140
140,den520d.map,planner,1,27056,24153,416,416,24469,24153,57,0,1,True,den520d-random-16.scen,140
140,den520d.map,planner,1,27163,24153,416,416,24517,24153,53,0,10,False,den520d-random-16.scen,140
140,den520d.map,planner,1,27056,24153,416,416,24469,24153,56,0,10,True,den520d-random-16.scen,140
140,den520d.map,planner,1,27163,24153,416,416,24517,24153,56,0,100,False,den520d-random-16.scen,140
140,den520d.map,planner,1,27056,24153,416,416,24469,24153,49,0,100,True,den520d-random-16.scen,140
140,den520d.map,planner,1,27163,24153,416,416,24517,24153,57,0,1000,False,den520d-random-16.scen,140
140,den520d.map,planner,1,27056,24153,416,416,24469,24153,55,0,1000,True,den520d-random-16.scen,140
180,den520d.map,planner,1,35054,30752,416,416,31304,30752,76,0,0,False,den520d-random-16.scen,180
180,den520d.map,planner,1,35054,30752,416,416,31304,30752,69,0,0,True,den520d-random-16.scen,180
180,den520d.map,planner,1,35054,30752,416,416,31304,30752,63,0,1,False,den520d-random-16.scen,180
180,den520d.map,planner,1,34828,30752,416,416,31265,30752,61,0,1,True,den520d-random-16.scen,180
180,den520d.map,planner,1,35054,30752,416,416,31304,30752,69,0,10,False,den520d-random-16.scen,180
180,den520d.map,planner,1,34828,30752,416,416,31265,30752,69,0,10,True,den520d-random-16.scen,180
180,den520d.map,planner,1,35054,30752,416,416,31304,30752,72,0,100,False,den520d-random-16.scen,180
180,den520d.map,planner,1,34828,30752,416,416,31265,30752,66,0,100,True,den520d-random-16.scen,180
180,den520d.map,planner,1,35054,30752,416,416,31304,30752,65,0,1000,False,den520d-random-16.scen,180
180,den520d.map,planner,1,34828,30752,416,416,31265,30752,63,0,1000,True,den520d-random-16.scen,180
220,den520d.map,planner,1,43237,37489,416,416,38246,37489,85,0,0,False,den520d-random-16.scen,220
220,den520d.map,planner,1,43237,37489,416,416,38246,37489,86,0,0,True,den520d-random-16.scen,220
220,den520d.map,planner,1,43237,37489,416,416,38246,37489,78,0,1,False,den520d-random-16.scen,220
220,den520d.map,planner,1,43528,37489,416,416,38175,37489,91,0,1,True,den520d-random-16.scen,220
220,den520d.map,planner,1,43237,37489,416,416,38246,37489,74,0,10,False,den520d-random-16.scen,220
220,den520d.map,planner,1,43528,37489,416,416,38175,37489,82,0,10,True,den520d-random-16.scen,220
220,den520d.map,planner,1,43237,37489,416,416,38246,37489,73,0,100,False,den520d-random-16.scen,220
220,den520d.map,planner,1,43528,37489,416,416,38175,37489,83,0,100,True,den520d-random-16.scen,220
220,den520d.map,planner,1,43237,37489,416,416,38246,37489,80,0,1000,False,den520d-random-16.scen,220
220,den520d.map,planner,1,43528,37489,416,416,38175,37489,84,0,1000,True,den520d-random-16.scen,220
20,den520d.map,planner,1,2912,2907,293,293,2912,2907,6,0,0,False,den520d-random-14.scen,20
20,den520d.map,planner,1,2912,2907,293,293,2912,2907,6,0,0,True,den520d-random-14.scen,20
20,den520d.map,planner,1,2912,2907,293,293,2912,2907,8,0,1,False,den520d-random-14.scen,20
20,den520d.map,planner,1,2912,2907,293,293,2912,2907,6,0,1,True,den520d-random-14.scen,20
20,den520d.map,planner,1,2912,2907,293,293,2912,2907,6,0,10,False,den520d-random-14.scen,20
20,den520d.map,planner,1,2912,2907,293,293,2912,2907,7,0,10,True,den520d-random-14.scen,20
20,den520d.map,planner,1,2912,2907,293,293,2912,2907,6,0,100,False,den520d-random-14.scen,20
20,den520d.map,planner,1,2912,2907,293,293,2912,2907,6,0,100,True,den520d-random-14.scen,20
20,den520d.map,planner,1,2912,2907,293,293,2912,2907,6,0,1000,False,den520d-random-14.scen,20
20,den520d.map,planner,1,2912,2907,293,293,2912,2907,6,0,1000,True,den520d-random-14.scen,20
60,den520d.map,planner,1,10208,9523,352,352,9598,9523,23,0,0,False,den520d-random-14.scen,60
60,den520d.map,planner,1,10208,9523,352,352,9598,9523,18,0,0,True,den520d-random-14.scen,60
60,den520d.map,planner,1,10208,9523,352,352,9598,9523,23,0,1,False,den520d-random-14.scen,60
60,den520d.map,planner,1,10208,9523,352,352,9598,9523,17,0,1,True,den520d-random-14.scen,60
60,den520d.map,planner,1,10208,9523,352,352,9598,9523,19,0,10,False,den520d-random-14.scen,60
60,den520d.map,planner,1,10208,9523,352,352,9598,9523,20,0,10,True,den520d-random-14.scen,60
60,den520d.map,planner,1,10208,9523,352,352,9598,9523,24,0,100,False,den520d-random-14.scen,60
60,den520d.map,planner,1,10208,9523,352,352,9598,9523,22,0,100,True,den520d-random-14.scen,60
60,den520d.map,planner,1,10208,9523,352,352,9598,9523,21,0,1000,False,den520d-random-14.scen,60
60,den520d.map,planner,1,10208,9523,352,352,9598,9523,20,0,1000,True,den520d-random-14.scen,60
100,den520d.map,planner,1,17381,16059,373,373,16233,16059,34,0,0,False,den520d-random-14.scen,100
100,den520d.map,planner,1,17381,16059,373,373,16233,16059,32,0,0,True,den520d-random-14.scen,100
100,den520d.map,planner,1,17381,16059,373,373,16233,16059,35,0,1,False,den520d-random-14.scen,100
100,den520d.map,planner,1,17236,16059,373,373,16221,16059,41,0,1,True,den520d-random-14.scen,100
100,den520d.map,planner,1,17381,16059,373,373,16233,16059,35,0,10,False,den520d-random-14.scen,100
100,den520d.map,planner,1,17236,16059,373,373,16221,16059,39,0,10,True,den520d-random-14.scen,100
100,den520d.map,planner,1,17381,16059,373,373,16233,16059,39,0,100,False,den520d-random-14.scen,100
100,den520d.map,planner,1,17236,16059,373,373,16221,16059,38,0,100,True,den520d-random-14.scen,100
100,den520d.map,planner,1,17381,16059,373,373,16233,16059,37,0,1000,False,den520d-random-14.scen,100
100,den520d.map,planner,1,17236,16059,373,373,16221,16059,37,0,1000,True,den520d-random-14.scen,100
140,den520d.map,planner,1,24890,22423,373,373,22825,22423,54,0,0,False,den520d-random-14.scen,140
140,den520d.map,planner,1,24890,22423,373,373,22825,22423,54,0,0,True,den520d-random-14.scen,140
140,den520d.map,planner,1,24890,22423,373,373,22825,22423,42,0,1,False,den520d-random-14.scen,140
140,den520d.map,planner,1,25004,22423,375,373,22839,22423,54,0,1,True,den520d-random-14.scen,140
140,den520d.map,planner,1,24890,22423,373,373,22825,22423,56,0,10,False,den520d-random-14.scen,140
140,den520d.map,planner,1,25004,22423,375,373,22839,22423,54,0,10,True,den520d-random-14.scen,140
140,den520d.map,planner,1,24890,22423,373,373,22825,22423,56,0,100,False,den520d-random-14.scen,140
140,den520d.map,planner,1,25004,22423,375,373,22839,22423,58,0,100,True,den520d-random-14.scen,140
140,den520d.map,planner,1,24890,22423,373,373,22825,22423,46,0,1000,False,den520d-random-14.scen,140
140,den520d.map,planner,1,25004,22423,375,373,22839,22423,57,0,1000,True,den520d-random-14.scen,140
180,den520d.map,planner,1,34123,28902,376,376,29580,28902,64,0,0,False,den520d-random-14.scen,180
180,den520d.map,planner,1,34123,28902,376,376,29580,28902,74,0,0,True,den520d-random-14.scen,180
180,den520d.map,planner,1,34123,28902,376,376,29580,28902,61,0,1,False,den520d-random-14.scen,180
180,den520d.map,planner,1,33676,28902,376,376,29564,28902,66,0,1,True,den520d-random-14.scen,180
180,den520d.map,planner,1,34123,28902,376,376,29580,28902,69,0,10,False,den520d-random-14.scen,180
180,den520d.map,planner,1,33676,28902,376,376,29564,28902,64,0,10,True,den520d-random-14.scen,180
180,den520d.map,planner,1,34123,28902,376,376,29580,28902,71,0,100,False,den520d-random-14.scen,180
180,den520d.map,planner,1,33676,28902,376,376,29564,28902,72,0,100,True,den520d-random-14.scen,180
180,den520d.map,planner,1,34123,28902,376,376,29580,28902,63,0,1000,False,den520d-random-14.scen,180
180,den520d.map,planner,1,33676,28902,376,376,29564,28902,59,0,1000,True,den520d-random-14.scen,180
220,den520d.map,planner,1,41421,35296,376,376,36264,35296,87,0,0,False,den520d-random-14.scen,220
220,den520d.map,planner,1,41421,35296,376,376,36264,35296,76,0,0,True,den520d-random-14.scen,220
220,den520d.map,planner,1,41421,35296,376,376,36264,35296,88,0,1,False,den520d-random-14.scen,220
220,den520d.map,planner,1,40638,35296,376,376,36058,35296,79,0,1,True,den520d-random-14.scen,220
220,den520d.map,planner,1,41421,35296,376,376,36264,35296,79,0,10,False,den520d-random-14.scen,220
220,den520d.map,planner,1,40638,35296,376,376,36058,35296,81,0,10,True,den520d-random-14.scen,220
220,den520d.map,planner,1,41421,35296,376,376,36264,35296,78,0,100,False,den520d-random-14.scen,220
220,den520d.map,planner,1,40638,35296,376,376,36058,35296,77,0,100,True,den520d-random-14.scen,220
220,den520d.map,planner,1,41421,35296,376,376,36264,35296,88,0,1000,False,den520d-random-14.scen,220
220,den520d.map,planner,1,40638,35296,376,376,36058,35296,76,0,1000,True,den520d-random-14.scen,220
20,den520d.map,planner,1,3791,3784,320,320,3791,3784,7,0,0,False,den520d-random-25.scen,20
20,den520d.map,planner,1,3791,3784,320,320,3791,3784,7,0,0,True,den520d-random-25.scen,20
20,den520d.map,planner,1,3791,3784,320,320,3791,3784,7,0,1,False,den520d-random-25.scen,20
20,den520d.map,planner,1,3791,3784,320,320,3791,3784,9,0,1,True,den520d-random-25.scen,20
20,den520d.map,planner,1,3791,3784,320,320,3791,3784,7,0,10,False,den520d-random-25.scen,20
20,den520d.map,planner,1,3791,3784,320,320,3791,3784,7,0,10,True,den520d-random-25.scen,20
20,den520d.map,planner,1,3791,3784,320,320,3791,3784,8,0,100,False,den520d-random-25.scen,20
20,den520d.map,planner,1,3791,3784,320,320,3791,3784,7,0,100,True,den520d-random-25.scen,20
20,den520d.map,planner,1,3791,3784,320,320,3791,3784,6,0,1000,False,den520d-random-25.scen,20
20,den520d.map,planner,1,3791,3784,320,320,3791,3784,6,0,1000,True,den520d-random-25.scen,20
60,den520d.map,planner,1,12115,11699,351,351,11765,11699,23,0,0,False,den520d-random-25.scen,60
60,den520d.map,planner,1,12115,11699,351,351,11765,11699,24,0,0,True,den520d-random-25.scen,60
60,den520d.map,planner,1,12115,11699,351,351,11765,11699,20,0,1,False,den520d-random-25.scen,60
60,den520d.map,planner,1,12248,11699,353,351,11776,11699,21,0,1,True,den520d-random-25.scen,60
60,den520d.map,planner,1,12115,11699,351,351,11765,11699,25,0,10,False,den520d-random-25.scen,60
60,den520d.map,planner,1,12248,11699,353,351,11776,11699,21,0,10,True,den520d-random-25.scen,60
60,den520d.map,planner,1,12115,11699,351,351,11765,11699,27,0,100,False,den520d-random-25.scen,60
60,den520d.map,planner,1,12248,11699,353,351,11776,11699,26,0,100,True,den520d-random-25.scen,60
60,den520d.map,planner,1,12115,11699,351,351,11765,11699,27,0,1000,False,den520d-random-25.scen,60
60,den520d.map,planner,1,12248,11699,353,351,11776,11699,20,0,1000,True,den520d-random-25.scen,60
100,den520d.map,planner,1,19994,18880,372,372,19055,18880,32,0,0,False,den520d-random-25.scen,100
100,den520d.map,planner,1,19994,18880,372,372,19055,18880,44,0,0,True,den520d-random-25.scen,100
100,den520d.map,planner,1,19994,18880,372,372,19055,18880,41,0,1,False,den520d-random-25.scen,100
100,den520d.map,planner,1,20201,18880,372,372,19070,18880,40,0,1,True,den520d-random-25.scen,100
100,den520d.map,planner,1,19994,18880,372,372,19055,18880,30,0,10,False,den520d-random-25.scen,100
100,den520d.map,planner,1,20201,18880,372,372,19070,18880,40,0,10,True,den520d-random-25.scen,100
100,den520d.map,planner,1,19994,18880,372,372,19055,18880,31,0,100,False,den520d-random-25.scen,100
100,den520d.map,planner,1,20201,18880,372,372,19070,18880,32,0,100,True,den520d-random-25.scen,100
100,den520d.map,planner,1,19994,18880,372,372,19055,18880,42,0,1000,False,den520d-random-25.scen,100
100,den520d.map,planner,1,20201,18880,372,372,19070,18880,38,0,1000,True,den520d-random-25.scen,100
140,den520d.map,planner,1,29337,26673,403,403,26990,26673,57,0,0,False,den520d-random-25.scen,140
140,den520d.map,planner,1,29337,26673,403,403,26990,26673,53,0,0,True,den520d-random-25.scen,140
140,den520d.map,planner,1,29337,26673,403,403,26990,26673,56,0,1,False,den520d-random-25.scen,140
140,den520d.map,planner,1,29192,26673,403,403,26974,26673,55,0,1,True,den520d-random-25.scen,140
140,den520d.map,planner,1,29337,26673,403,403,26990,26673,66,0,10,False,den520d-random-25.scen,140
140,den520d.map,planner,1,29192,26673,403,403,26974,26673,61,0,10,True,den520d-random-25.scen,140
140,den520d.map,planner,1,29337,26673,403,403,26990,26673,65,0,100,False,den520d-random-25.scen,140
140,den520d.map,planner,1,29192,26673,403,403,26974,26673,70,0,100,True,den520d-random-25.scen,140
140,den520d.map,planner,1,29337,26673,403,403,26990,26673,53,0,1000,False,den520d-random-25.scen,140
140,den520d.map,planner,1,29192,26673,403,403,26974,26673,51,0,1000,True,den520d-random-25.scen,140
180,den520d.map,planner,1,38686,34388,403,403,34993,34388,76,0,0,False,den520d-random-25.scen,180
180,den520d.map,planner,1,38686,34388,403,403,34993,34388,75,0,0,True,den520d-random-25.scen,180
180,den520d.map,planner,1,38686,34388,403,403,34993,34388,67,0,1,False,den520d-random-25.scen,180
180,den520d.map,planner,1,37950,34388,403,403,34951,34388,74,0,1,True,den520d-random-25.scen,180
180,den520d.map,planner,1,38686,34388,403,403,34993,34388,63,0,10,False,den520d-random-25.scen,180
180,den520d.map,planner,1,37950,34388,403,403,34951,34388,71,0,10,True,den520d-random-25.scen,180
180,den520d.map,planner,1,38686,34388,403,403,34993,34388,74,0,100,False,den520d-random-25.scen,180
180,den520d.map,planner,1,37950,34388,403,403,34951,34388,71,0,100,True,den520d-random-25.scen,180
180,den520d.map,planner,1,38686,34388,403,403,34993,34388,67,0,1000,False,den520d-random-25.scen,180
180,den520d.map,planner,1,37950,34388,403,403,34951,34388,77,0,1000,True,den520d-random-25.scen,180
220,den520d.map,planner,1,46238,41020,403,403,41792,41020,94,0,0,False,den520d-random-25.scen,220
220,den520d.map,planner,1,46238,41020,403,403,41792,41020,94,0,0,True,den520d-random-25.scen,220
220,den520d.map,planner,1,46238,41020,403,403,41792,41020,85,0,1,False,den520d-random-25.scen,220
220,den520d.map,planner,1,45891,41020,403,403,41665,41020,91,0,1,True,den520d-random-25.scen,220
220,den520d.map,planner,1,46238,41020,403,403,41792,41020,89,0,10,False,den520d-random-25.scen,220
220,den520d.map,planner,1,45891,41020,403,403,41665,41020,84,0,10,True,den520d-random-25.scen,220
220,den520d.map,planner,1,46238,41020,403,403,41792,41020,83,0,100,False,den520d-random-25.scen,220
220,den520d.map,planner,1,45891,41020,403,403,41665,41020,80,0,100,True,den520d-random-25.scen,220
220,den520d.map,planner,1,46238,41020,403,403,41792,41020,90,0,1000,False,den520d-random-25.scen,220
220,den520d.map,planner,1,45891,41020,403,403,41665,41020,88,0,1000,True,den520d-random-25.scen,220
20,den520d.map,planner,1,2983,2981,319,319,2983,2981,9,0,0,False,den520d-random-6.scen,20
20,den520d.map,planner,1,2983,2981,319,319,2983,2981,6,0,0,True,den520d-random-6.scen,20
20,den520d.map,planner,1,2983,2981,319,319,2983,2981,6,0,1,False,den520d-random-6.scen,20
20,den520d.map,planner,1,2983,2981,319,319,2983,2981,6,0,1,True,den520d-random-6.scen,20
20,den520d.map,planner,1,2983,2981,319,319,2983,2981,6,0,10,False,den520d-random-6.scen,20
20,den520d.map,planner,1,2983,2981,319,319,2983,2981,6,0,10,True,den520d-random-6.scen,20
20,den520d.map,planner,1,2983,2981,319,319,2983,2981,6,0,100,False,den520d-random-6.scen,20
20,den520d.map,planner,1,2983,2981,319,319,2983,2981,5,0,100,True,den520d-random-6.scen,20
20,den520d.map,planner,1,2983,2981,319,319,2983,2981,7,0,1000,False,den520d-random-6.scen,20
20,den520d.map,planner,1,2983,2981,319,319,2983,2981,6,0,1000,True,den520d-random-6.scen,20
60,den520d.map,planner,1,10486,10054,335,335,10137,10054,24,0,0,False,den520d-random-6.scen,60
60,den520d.map,planner,1,10486,10054,335,335,10137,10054,22,0,0,True,den520d-random-6.scen,60
60,den520d.map,planner,1,10486,10054,335,335,10137,10054,22,0,1,False,den520d-random-6.scen,60
60,den520d.map,planner,1,10486,10054,335,335,10137,10054,22,0,1,True,den520d-random-6.scen,60
60,den520d.map,planner,1,10486,10054,335,335,10137,10054,17,0,10,False,den520d-random-6.scen,60
60,den520d.map,planner,1,10486,10054,335,335,10137,10054,22,0,10,True,den520d-random-6.scen,60
60,den520d.map,planner,1,10486,10054,335,335,10137,10054,25,0,100,False,den520d-random-6.scen,60
60,den520d.map,planner,1,10486,10054,335,335,10137,10054,20,0,100,True,den520d-random-6.scen,60
60,den520d.map,planner,1,10486,10054,335,335,10137,10054,19,0,1000,False,den520d-random-6.scen,60
60,den520d.map,planner,1,10486,10054,335,335,10137,10054,20,0,1000,True,den520d-random-6.scen,60
100,den520d.map,planner,1,18439,17448,353,353,17611,17448,38,0,0,False,den520d-random-6.scen,100
100,den520d.map,planner,1,18439,17448,353,353,17611,17448,31,0,0,True,den520d-random-6.scen,100
100,den520d.map,planner,1,18439,17448,353,353,17611,17448,39,0,1,False,den520d-random-6.scen,100
100,den520d.map,planner,1,18099,17448,353,353,17583,17448,37,0,1,True,den520d-random-6.scen,100
100,den520d.map,planner,1,18439,17448,353,353,17611,17448,44,0,10,False,den520d-random-6.scen,100
100,den520d.map,planner,1,18099,17448,353,353,17583,17448,39,0,10,True,den520d-random-6.scen,100
100,den520d.map,planner,1,18439,17448,353,353,17611,17448,31,0,100,False,den520d-random-6.scen,100
100,den520d.map,planner,1,18099,17448,353,353,17583,17448,37,0,100,True,den520d-random-6.scen,100
100,den520d.map,planner,1,18439,17448,353,353,17611,17448,36,0,1000,False,den520d-random-6.scen,100
100,den520d.map,planner,1,18099,17448,353,353,17583,17448,40,0,1000,True,den520d-random-6.scen,100
140,den520d.map,planner,1,26304,24577,371,371,24985,24577,62,0,0,False,den520d-random-6.scen,140
140,den520d.map,planner,1,26304,24577,371,371,24985,24577,53,0,0,True,den520d-random-6.scen,140
140,den520d.map,planner,1,26304,24577,371,371,24985,24577,59,0,1,False,den520d-random-6.scen,140
140,den520d.map,planner,1,26329,24577,371,371,25013,24577,55,0,1,True,den520d-random-6.scen,140
140,den520d.map,planner,1,26304,24577,371,371,24985,24577,57,0,10,False,den520d-random-6.scen,140
140,den520d.map,planner,1,26329,24577,371,371,25013,24577,54,0,10,True,den520d-random-6.scen,140
140,den520d.map,planner,1,26304,24577,371,371,24985,24577,55,0,100,False,den520d-random-6.scen,140
140,den520d.map,planner,1,26329,24577,371,371,25013,24577,56,0,100,True,den520d-random-6.scen,140
140,den520d.map,planner,1,26304,24577,371,371,24985,24577,53,0,1000,False,den520d-random-6.scen,140
140,den520d.map,planner,1,26329,24577,371,371,25013,24577,45,0,1000,True,den520d-random-6.scen,140
180,den520d.map,planner,1,36132,32278,371,371,32937,32278,63,0,0,False,den520d-random-6.scen,180
180,den520d.map,planner,1,36132,32278,371,371,32937,32278,76,0,0,True,den520d-random-6.scen,180
180,den520d.map,planner,1,36132,32278,371,371,32937,32278,59,0,1,False,den520d-random-6.scen,180
180,den520d.map,planner,1,36230,32278,371,371,32930,32278,81,0,1,True,den520d-random-6.scen,180
180,den520d.map,planner,1,36132,32278,371,371,32937,32278,64,0,10,False,den520d-random-6.scen,180
180,den520d.map,planner,1,36230,32278,371,371,32930,32278,75,0,10,True,den520d-random-6.scen,180
180,den520d.map,planner,1,36132,32278,371,371,32937,32278,70,0,100,False,den520d-random-6.scen,180
180,den520d.map,planner,1,36230,32278,371,371,32930,32278,65,0,100,True,den520d-random-6.scen,180
180,den520d.map,planner,1,36132,32278,371,371,32937,32278,67,0,1000,False,den520d-random-6.scen,180
180,den520d.map,planner,1,36230,32278,371,371,32930,32278,70,0,1000,True,den520d-random-6.scen,180
220,den520d.map,planner,1,44115,38511,376,376,39470,38511,87,0,0,False,den520d-random-6.scen,220
220,den520d.map,planner,1,44115,38511,376,376,39470,38511,85,0,0,True,den520d-random-6.scen,220
220,den520d.map,planner,1,44115,38511,376,376,39470,38511,88,0,1,False,den520d-random-6.scen,220
220,den520d.map,planner,1,43838,38511,376,376,39357,38511,86,0,1,True,den520d-random-6.scen,220
220,den520d.map,planner,1,44115,38511,376,376,39470,38511,91,0,10,False,den520d-random-6.scen,220
220,den520d.map,planner,1,43838,38511,376,376,39357,38511,83,0,10,True,den520d-random-6.scen,220
220,den520d.map,planner,1,44115,38511,376,376,39470,38511,93,0,100,False,den520d-random-6.scen,220
220,den520d.map,planner,1,43838,38511,376,376,39357,38511,82,0,100,True,den520d-random-6.scen,220
220,den520d.map,planner,1,44115,38511,376,376,39470,38511,93,0,1000,False,den520d-random-6.scen,220
220,den520d.map,planner,1,43838,38511,376,376,39357,38511,96,0,1000,True,den520d-random-6.scen,220
20,den520d.map,planner,1,2630,2528,326,326,2535,2528,5,0,0,False,den520d-random-8.scen,20
20,den520d.map,planner,1,2630,2528,326,326,2535,2528,5,0,0,True,den520d-random-8.scen,20
20,den520d.map,planner,1,2630,2528,326,326,2535,2528,7,0,1,False,den520d-random-8.scen,20
20,den520d.map,planner,1,2630,2528,326,326,2535,2528,7,0,1,True,den520d-random-8.scen,20
20,den520d.map,planner,1,2630,2528,326,326,2535,2528,7,0,10,False,den520d-random-8.scen,20
20,den520d.map,planner,1,2630,2528,326,326,2535,2528,5,0,10,True,den520d-random-8.scen,20
20,den520d.map,planner,1,2630,2528,326,326,2535,2528,6,0,100,False,den520d-random-8.scen,20
20,den520d.map,planner,1,2630,2528,326,326,2535,2528,6,0,100,True,den520d-random-8.scen,20
20,den520d.map,planner,1,2630,2528,326,326,2535,2528,5,0,1000,False,den520d-random-8.scen,20
20,den520d.map,planner,1,2630,2528,326,326,2535,2528,6,0,1000,True,den520d-random-8.scen,20
60,den520d.map,planner,1,10545,10151,366,366,10223,10151,20,0,0,False,den520d-random-8.scen,60
60,den520d.map,planner,1,10545,10151,366,366,10223,10151,24,0,0,True,den520d-random-8.scen,60
60,den520d.map,planner,1,10545,10151,366,366,10223,10151,20,0,1,False,den520d-random-8.scen,60
60,den520d.map,planner,1,10545,10151,366,366,10223,10151,24,0,1,True,den520d-random-8.scen,60
60,den520d.map,planner,1,10545,10151,366,366,10223,10151,25,0,10,False,den520d-random-8.scen,60
60,den520d.map,planner,1,10545,10151,366,366,10223,10151,22,0,10,True,den520d-random-8.scen,60
60,den520d.map,planner,1,10545,10151,366,366,10223,10151,25,0,100,False,den520d-random-8.scen,60
60,den520d.map,planner,1,10545,10151,366,366,10223,10151,23,0,100,True,den520d-random-8.scen,60
60,den520d.map,planner,1,10545,10151,366,366,10223,10151,20,0,1000,False,den520d-random-8.scen,60
60,den520d.map,planner,1,10545,10151,366,366,10223,10151,24,0,1000,True,den520d-random-8.scen,60
100,den520d.map,planner,1,17983,16709,366,366,16893,16709,39,0,0,False,den520d-random-8.scen,100
100,den520d.map,planner,1,17983,16709,366,366,16893,16709,38,0,0,True,den520d-random-8.scen,100
100,den520d.map,planner,1,17983,16709,366,366,16893,16709,41,0,1,False,den520d-random-8.scen,100
100,den520d.map,planner,1,17696,16709,366,366,16893,16709,36,0,1,True,den520d-random-8.scen,100
100,den520d.map,planner,1,17983,16709,366,366,16893,16709,32,0,10,False,den520d-random-8.scen,100
100,den520d.map,planner,1,17696,16709,366,366,16893,16709,37,0,10,True,den520d-random-8.scen,100
100,den520d.map,planner,1,17983,16709,366,366,16893,16709,39,0,100,False,den520d-random-8.scen,100
100,den520d.map,planner,1,17696,16709,366,366,16893,16709,33,0,100,True,den520d-random-8.scen,100
100,den520d.map,planner,1,17983,16709,366,366,16893,16709,41,0,1000,False,den520d-random-8.scen,100
100,den520d.map,planner,1,17696,16709,366,366,16893,16709,42,0,1000,True,den520d-random-8.scen,100
140,den520d.map,planner,1,26010,23180,370,370,23531,23180,57,0,0,False,den520d-random-8.scen,140
140,den520d.map,planner,1,26010,23180,370,370,23531,23180,53,0,0,True,den520d-random-8.scen,140
140,den520d.map,planner,1,26010,23180,370,370,23531,23180,48,0,1,False,den520d-random-8.scen,140
140,den520d.map,planner,1,26367,23180,370,370,23527,23180,47,0,1,True,den520d-random-8.scen,140
140,den520d.map,planner,1,26010,23180,370,370,23531,23180,53,0,10,False,den520d-random-8.scen,140
140,den520d.map,planner,1,26367,23180,370,370,23527,23180,53,0,10,True,den520d-random-8.scen,140
140,den520d.map,planner,1,26010,23180,370,370,23531,23180,54,0,100,False,den520d-random-8.scen,140
140,den520d.map,planner,1,26367,23180,370,370,23527,23180,55,0,100,True,den520d-random-8.scen,140
140,den520d.map,planner,1,26010,23180,370,370,23531,23180,46,0,1000,False,den520d-random-8.scen,140
140,den520d.map,planner,1,26367,23180,370,370,23527,23180,55,0,1000,True,den520d-random-8.scen,140
180,den520d.map,planner,1,34527,30414,370,370,31003,30414,64,0,0,False,den520d-random-8.scen,180
180,den520d.map,planner,1,34527,30414,370,370,31003,30414,57,0,0,True,den520d-random-8.scen,180
180,den520d.map,planner,1,34527,30414,370,370,31003,30414,64,0,1,False,den520d-random-8.scen,180
180,den520d.map,planner,1,33885,30414,370,370,30948,30414,72,0,1,True,den520d-random-8.scen,180
180,den520d.map,planner,1,34527,30414,370,370,31003,30414,71,0,10,False,den520d-random-8.scen,180
180,den520d.map,planner,1,33885,30414,370,370,30948,30414,75,0,10,True,den520d-random-8.scen,180
180,den520d.map,planner,1,34527,30414,370,370,31003,30414,67,0,100,False,den520d-random-8.scen,180
180,den520d.map,planner,1,33885,30414,370,370,30948,30414,73,0,100,True,den520d-random-8.scen,180
180,den520d.map,planner,1,34527,30414,370,370,31003,30414,57,0,1000,False,den520d-random-8.scen,180
180,den520d.map,planner,1,33885,30414,370,370,30948,30414,72,0,1000,True,den520d-random-8.scen,180
220,den520d.map,planner,1,43446,38120,370,370,38990,38120,81,0,0,False,den520d-random-8.scen,220
220,den520d.map,planner,1,43446,38120,370,370,38990,38120,79,0,0,True,den520d-random-8.scen,220
220,den520d.map,planner,1,43446,38120,370,370,38990,38120,91,0,1,False,den520d-random-8.scen,220
220,den520d.map,planner,1,43418,38120,370,370,38915,38120,91,0,1,True,den520d-random-8.scen,220
220,den520d.map,planner,1,43446,38120,370,370,38990,38120,79,0,10,False,den520d-random-8.scen,220
220,den520d.map,planner,1,43418,38120,370,370,38915,38120,87,0,10,True,den520d-random-8.scen,220
220,den520d.map,planner,1,43446,38120,370,370,38990,38120,90,0,100,False,den520d-random-8.scen,220
220,den520d.map,planner,1,43418,38120,370,370,38915,38120,92,0,100,True,den520d-random-8.scen,220
220,den520d.map,planner,1,43446,38120,370,370,38990,38120,76,0,1000,False,den520d-random-8.scen,220
220,den520d.map,planner,1,43418,38120,370,370,38915,38120,84,0,1000,True,den520d-random-8.scen,220
20,den520d.map,planner,1,3808,3803,343,343,3808,3803,7,0,0,False,den520d-random-11.scen,20
20,den520d.map,planner,1,3808,3803,343,343,3808,3803,8,0,0,True,den520d-random-11.scen,20
20,den520d.map,planner,1,3808,3803,343,343,3808,3803,9,0,1,False,den520d-random-11.scen,20
20,den520d.map,planner,1,3808,3803,343,343,3808,3803,8,0,1,True,den520d-random-11.scen,20
20,den520d.map,planner,1,3808,3803,343,343,3808,3803,7,0,10,False,den520d-random-11.scen,20
20,den520d.map,planner,1,3808,3803,343,343,3808,3803,8,0,10,True,den520d-random-11.scen,20
20,den520d.map,planner,1,3808,3803,343,343,3808,3803,7,0,100,False,den520d-random-11.scen,20
20,den520d.map,planner,1,3808,3803,343,343,3808,3803,7,0,100,True,den520d-random-11.scen,20
20,den520d.map,planner,1,3808,3803,343,343,3808,3803,7,0,1000,False,den520d-random-11.scen,20
20,den520d.map,planner,1,3808,3803,343,343,3808,3803,8,0,1000,True,den520d-random-11.scen,20
60,den520d.map,planner,1,11314,10990,382,382,11021,10990,21,0,0,False,den520d-random-11.scen,60
60,den520d.map,planner,1,11314,10990,382,382,11021,10990,19,0,0,True,den520d-random-11.scen,60
60,den520d.map,planner,1,11314,10990,382,382,11021,10990,21,0,1,False,den520d-random-11.scen,60
60,den520d.map,planner,1,11314,10990,382,382,11021,10990,24,0,1,True,den520d-random-11.scen,60
60,den520d.map,planner,1,11314,10990,382,382,11021,10990,24,0,10,False,den520d-random-11.scen,60
60,den520d.map,planner,1,11314,10990,382,382,11021,10990,23,0,10,True,den520d-random-11.scen,60
60,den520d.map,planner,1,11314,10990,382,382,11021,10990,25,0,100,False,den520d-random-11.scen,60
60,den520d.map,planner,1,11314,10990,382,382,11021,10990,24,0,100,True,den520d-random-11.scen,60
60,den520d.map,planner,1,11314,10990,382,382,11021,10990,21,0,1000,False,den520d-random-11.scen,60
60,den520d.map,planner,1,11314,10990,382,382,11021,10990,27,0,1000,True,den520d-random-11.scen,60
100,den520d.map,planner,1,19520,18475,388,388,18665,18475,46,0,0,False,den520d-random-11.scen,100
100,den520d.map,planner,1,19520,18475,388,388,18665,18475,40,0,0,True,den520d-random-11.scen,100
100,den520d.map,planner,1,19520,18475,388,388,18665,18475,39,0,1,False,den520d-random-11.scen,100
100,den520d.map,planner,1,19249,18475,388,388,18653,18475,41,0,1,True,den520d-random-11.scen,100
100,den520d.map,planner,1,19520,18475,388,388,18665,18475,43,0,10,False,den520d-random-11.scen,100
100,den520d.map,planner,1,19249,18475,388,388,18653,18475,43,0,10,True,den520d-random-11.scen,100
100,den520d.map,planner,1,19520,18475,388,388,18665,18475,45,0,100,False,den520d-random-11.scen,100
100,den520d.map,planner,1,19249,18475,388,388,18653,18475,44,0,100,True,den520d-random-11.scen,100
100,den520d.map,planner,1,19520,18475,388,388,18665,18475,44,0,1000,False,den520d-random-11.scen,100
100,den520d.map,planner,1,19249,18475,388,388,18653,18475,38,0,1000,True,den520d-random-11.scen,100
140,den520d.map,planner,1,27323,25367,395,395,25722,25367,48,0,0,False,den520d-random-11.scen,140
140,den520d.map,planner,1,27323,25367,395,395,25722,25367,58,0,0,True,den520d-random-11.scen,140
140,den520d.map,planner,1,27323,25367,395,395,25722,25367,58,0,1,False,den520d-random-11.scen,140
140,den520d.map,planner,1,27154,25367,395,395,25686,25367,54,0,1,True,den520d-random-11.scen,140
140,den520d.map,planner,1,27323,25367,395,395,25722,25367,60,0,10,False,den520d-random-11.scen,140
140,den520d.map,planner,1,27154,25367,395,395,25686,25367,57,0,10,True,den520d-random-11.scen,140
140,den520d.map,planner,1,27323,25367,395,395,25722,25367,58,0,100,False,den520d-random-11.scen,140
140,den520d.map,planner,1,27154,25367,395,395,25686,25367,58,0,100,True,den520d-random-11.scen,140
140,den520d.map,planner,1,27323,25367,395,395,25722,25367,57,0,1000,False,den520d-random-11.scen,140
140,den520d.map,planner,1,27154,25367,395,395,25686,25367,60,0,1000,True,den520d-random-11.scen,140
180,den520d.map,planner,1,35519,32908,395,395,33430,32908,73,0,0,False,den520d-random-11.scen,180
180,den520d.map,planner,1,35519,32908,395,395,33430,32908,76,0,0,True,den520d-random-11.scen,180
180,den520d.map,planner,1,35519,32908,395,395,33430,32908,74,0,1,False,den520d-random-11.scen,180
180,den520d.map,planner,1,35491,32908,395,395,33430,32908,76,0,1,True,den520d-random-11.scen,180
180,den520d.map,planner,1,35519,32908,395,395,33430,32908,81,0,10,False,den520d-random-11.scen,180
180,den520d.map,planner,1,35491,32908,395,395,33430,32908,83,0,10,True,den520d-random-11.scen,180
180,den520d.map,planner,1,35519,32908,395,395,33430,32908,77,0,100,False,den520d-random-11.scen,180
180,den520d.map,planner,1,35491,32908,395,395,33430,32908,70,0,100,True,den520d-random-11.scen,180
180,den520d.map,planner,1,35519,32908,395,395,33430,32908,74,0,1000,False,den520d-random-11.scen,180
180,den520d.map,planner,1,35491,32908,395,395,33430,32908,70,0,1000,True,den520d-random-11.scen,180
220,den520d.map,planner,1,43323,39688,395,395,40505,39688,95,0,0,False,den520d-random-11.scen,220
220,den520d.map,planner,1,43323,39688,395,395,40505,39688,100,0,0,True,den520d-random-11.scen,220
220,den520d.map,planner,1,43323,39688,395,395,40505,39688,90,0,1,False,den520d-random-11.scen,220
220,den520d.map,planner,1,43229,39688,395,395,40411,39688,92,0,1,True,den520d-random-11.scen,220
220,den520d.map,planner,1,43323,39688,395,395,40505,39688,82,0,10,False,den520d-random-11.scen,220
220,den520d.map,planner,1,43229,39688,395,395,40411,39688,92,0,10,True,den520d-random-11.scen,220
220,den520d.map,planner,1,43323,39688,395,395,40505,39688,88,0,100,False,den520d-random-11.scen,220
220,den520d.map,planner,1,43229,39688,395,395,40411,39688,81,0,100,True,den520d-random-11.scen,220
220,den520d.map,planner,1,43323,39688,395,395,40505,39688,87,0,1000,False,den520d-random-11.scen,220
220,den520d.map,planner,1,43229,39688,395,395,40411,39688,90,0,1000,True,den520d-random-11.scen,220
20,den520d.map,planner,1,3433,3424,362,362,3433,3424,7,0,0,False,den520d-random-19.scen,20
20,den520d.map,planner,1,3433,3424,362,362,3433,3424,8,0,0,True,den520d-random-19.scen,20
20,den520d.map,planner,1,3433,3424,362,362,3433,3424,6,0,1,False,den520d-random-19.scen,20
20,den520d.map,planner,1,3433,3424,362,362,3433,3424,6,0,1,True,den520d-random-19.scen,20
20,den520d.map,planner,1,3433,3424,362,362,3433,3424,7,0,10,False,den520d-random-19.scen,20
20,den520d.map,planner,1,3433,3424,362,362,3433,3424,7,0,10,True,den520d-random-19.scen,20
20,den520d.map,planner,1,3433,3424,362,362,3433,3424,6,0,100,False,den520d-random-19.scen,20
20,den520d.map,planner,1,3433,3424,362,362,3433,3424,7,0,100,True,den520d-random-19.scen,20
20,den520d.map,planner,1,3433,3424,362,362,3433,3424,7,0,1000,False,den520d-random-19.scen,20
20,den520d.map,planner,1,3433,3424,362,362,3433,3424,7,0,1000,True,den520d-random-19.scen,20
60,den520d.map,planner,1,10501,10042,362,362,10098,10042,23,0,0,False,den520d-random-19.scen,60
60,den520d.map,planner,1,10501,10042,362,362,10098,10042,19,0,0,True,den520d-random-19.scen,60
60,den520d.map,planner,1,10501,10042,362,362,10098,10042,18,0,1,False,den520d-random-19.scen,60
60,den520d.map,planner,1,10501,10042,362,362,10098,10042,24,0,1,True,den520d-random-19.scen,60
60,den520d.map,planner,1,10501,10042,362,362,10098,10042,25,0,10,False,den520d-random-19.scen,60
60,den520d.map,planner,1,10501,10042,362,362,10098,10042,20,0,10,True,den520d-random-19.scen,60
60,den520d.map,planner,1,10501,10042,362,362,10098,10042,27,0,100,False,den520d-random-19.scen,60
60,den520d.map,planner,1,10501,10042,362,362,10098,10042,21,0,100,True,den520d-random-19.scen,60
60,den520d.map,planner,1,10501,10042,362,362,10098,10042,23,0,1000,False,den520d-random-19.scen,60
60,den520d.map,planner,1,10501,10042,362,362,10098,10042,24,0,1000,True,den520d-random-19.scen,60
100,den520d.map,planner,1,19372,18241,363,363,18386,18241,34,0,0,False,den520d-random-19.scen,100
100,den520d.map,planner,1,19372,18241,363,363,18386,18241,40,0,0,True,den520d-random-19.scen,100
100,den520d.map,planner,1,19372,18241,363,363,18386,18241,38,0,1,False,den520d-random-19.scen,100
100,den520d.map,planner,1,19637,18241,363,363,18376,18241,31,0,1,True,den520d-random-19.scen,100
100,den520d.map,planner,1,19372,18241,363,363,18386,18241,40,0,10,False,den520d-random-19.scen,100
100,den520d.map,planner,1,19637,18241,363,363,18376,18241,38,0,10,True,den520d-random-19.scen,100
100,den520d.map,planner,1,19372,18241,363,363,18386,18241,39,0,100,False,den520d-random-19.scen,100
100,den520d.map,planner,1,19637,18241,363,363,18376,18241,39,0,100,True,den520d-random-19.scen,100
100,den520d.map,planner,1,19372,18241,363,363,18386,18241,37,0,1000,False,den520d-random-19.scen,100
100,den520d.map,planner,1,19637,18241,363,363,18376,18241,34,0,1000,True,den520d-random-19.scen,100
140,den520d.map,planner,1,27431,24720,363,363,25108,24720,56,0,0,False,den520d-random-19.scen,140
140,den520d.map,planner,1,27431,24720,363,363,25108,24720,57,0,0,True,den520d-random-19.scen,140
140,den520d.map,planner,1,27431,24720,363,363,25108,24720,58,0,1,False,den520d-random-19.scen,140
140,den520d.map,planner,1,27886,24720,363,363,25056,24720,54,0,1,True,den520d-random-19.scen,140
140,den520d.map,planner,1,27431,24720,363,363,25108,24720,50,0,10,False,den520d-random-19.scen,140
140,den520d.map,planner,1,27886,24720,363,363,25056,24720,50,0,10,True,den520d-random-19.scen,140
140,den520d.map,planner,1,27431,24720,363,363,25108,24720,55,0,100,False,den520d-random-19.scen,140
140,den520d.map,planner,1,27886,24720,363,363,25056,24720,59,0,100,True,den520d-random-19.scen,140
140,den520d.map,planner,1,27431,24720,363,363,25108,24720,55,0,1000,False,den520d-random-19.scen,140
140,den520d.map,planner,1,27886,24720,363,363,25056,24720,61,0,1000,True,den520d-random-19.scen,140
180,den520d.map,planner,1,35715,32059,363,363,32642,32059,67,0,0,False,den520d-random-19.scen,180
180,den520d.map,planner,1,35715,32059,363,363,32642,32059,74,0,0,True,den520d-random-19.scen,180
180,den520d.map,planner,1,35715,32059,363,363,32642,32059,72,0,1,False,den520d-random-19.scen,180
180,den520d.map,planner,1,35820,32059,363,363,32588,32059,58,0,1,True,den520d-random-19.scen,180
180,den520d.map,planner,1,35715,32059,363,363,32642,32059,72,0,10,False,den520d-random-19.scen,180
180,den520d.map,planner,1,35820,32059,363,363,32588,32059,70,0,10,True,den520d-random-19.scen,180
180,den520d.map,planner,1,35715,32059,363,363,32642,32059,72,0,100,False,den520d-random-19.scen,180
180,den520d.map,planner,1,35820,32059,363,363,32588,32059,78,0,100,True,den520d-random-19.scen,180
180,den520d.map,planner,1,35715,32059,363,363,32642,32059,68,0,1000,False,den520d-random-19.scen,180
180,den520d.map,planner,1,35820,32059,363,363,32588,32059,74,0,1000,True,den520d-random-19.scen,180
220,den520d.map,planner,1,44524,39436,367,367,40195,39436,86,0,0,False,den520d-random-19.scen,220
220,den520d.map,planner,1,44524,39436,367,367,40195,39436,91,0,0,True,den520d-random-19.scen,220
220,den520d.map,planner,1,44524,39436,367,367,40195,39436,82,0,1,False,den520d-random-19.scen,220
220,den520d.map,planner,1,44574,39436,367,367,40218,39436,87,0,1,True,den520d-random-19.scen,220
220,den520d.map,planner,1,44524,39436,367,367,40195,39436,84,0,10,False,den520d-random-19.scen,220
220,den520d.map,planner,1,44574,39436,367,367,40218,39436,92,0,10,True,den520d-random-19.scen,220
220,den520d.map,planner,1,44524,39436,367,367,40195,39436,85,0,100,False,den520d-random-19.scen,220
220,den520d.map,planner,1,44574,39436,367,367,40218,39436,88,0,100,True,den520d-random-19.scen,220
220,den520d.map,planner,1,44524,39436,367,367,40195,39436,95,0,1000,False,den520d-random-19.scen,220
220,den520d.map,planner,1,44574,39436,367,367,40218,39436,90,0,1000,True,den520d-random-19.scen,220
20,den520d.map,planner,1,3687,3685,395,395,3687,3685,9,0,0,False,den520d-random-1.scen,20
20,den520d.map,planner,1,3687,3685,395,395,3687,3685,8,0,0,True,den520d-random-1.scen,20
20,den520d.map,planner,1,3687,3685,395,395,3687,3685,8,0,1,False,den520d-random-1.scen,20
20,den520d.map,planner,1,3687,3685,395,395,3687,3685,10,0,1,True,den520d-random-1.scen,20
20,den520d.map,planner,1,3687,3685,395,395,3687,3685,8,0,10,False,den520d-random-1.scen,20
20,den520d.map,planner,1,3687,3685,395,395,3687,3685,7,0,10,True,den520d-random-1.scen,20
20,den520d.map,planner,1,3687,3685,395,395,3687,3685,7,0,100,False,den520d-random-1.scen,20
20,den520d.map,planner,1,3687,3685,395,395,3687,3685,7,0,100,True,den520d-random-1.scen,20
20,den520d.map,planner,1,3687,3685,395,395,3687,3685,8,0,1000,False,den520d-random-1.scen,20
20,den520d.map,planner,1,3687,3685,395,395,3687,3685,8,0,1000,True,den520d-random-1.scen,20
60,den520d.map,planner,1,9887,9755,395,395,9800,9755,19,0,0,False,den520d-random-1.scen,60
60,den520d.map,planner,1,9887,9755,395,395,9800,9755,20,0,0,True,den520d-random-1.scen,60
60,den520d.map,planner,1,9887,9755,395,395,9800,9755,23,0,1,False,den520d-random-1.scen,60
60,den520d.map,planner,1,9887,9755,395,395,9800,9755,19,0,1,True,den520d-random-1.scen,60
60,den520d.map,planner,1,9887,9755,395,395,9800,9755,23,0,10,False,den520d-random-1.scen,60
60,den520d.map,planner,1,9887,9755,395,395,9800,9755,23,0,10,True,den520d-random-1.scen,60
60,den520d.map,planner,1,9887,9755,395,395,9800,9755,23,0,100,False,den520d-random-1.scen,60
60,den520d.map,planner,1,9887,9755,395,395,9800,9755,21,0,100,True,den520d-random-1.scen,60
60,den520d.map,planner,1,9887,9755,395,395,9800,9755,18,0,1000,False,den520d-random-1.scen,60
60,den520d.map,planner,1,9887,9755,395,395,9800,9755,19,0,1000,True,den520d-random-1.scen,60
100,den520d.map,planner,1,17007,16637,395,395,16776,16637,39,0,0,False,den520d-random-1.scen,100
100,den520d.map,planner,1,17007,16637,395,395,16776,16637,33,0,0,True,den520d-random-1.scen,100
100,den520d.map,planner,1,17007,16637,395,395,16776,16637,34,0,1,False,den520d-random-1.scen,100
100,den520d.map,planner,1,16981,16637,395,395,16762,16637,37,0,1,True,den520d-random-1.scen,100
100,den520d.map,planner,1,17007,16637,395,395,16776,16637,39,0,10,False,den520d-random-1.scen,100
100,den520d.map,planner,1,16981,16637,395,395,16762,16637,33,0,10,True,den520d-random-1.scen,100
100,den520d.map,planner,1,17007,16637,395,395,16776,16637,36,0,100,False,den520d-random-1.scen,100
100,den520d.map,planner,1,16981,16637,395,395,16762,16637,36,0,100,True,den520d-random-1.scen,100
100,den520d.map,planner,1,17007,16637,395,395,16776,16637,36,0,1000,False,den520d-random-1.scen,100
100,den520d.map,planner,1,16981,16637,395,395,16762,16637,31,0,1000,True,den520d-random-1.scen,100
140,den520d.map,planner,1,25471,24867,401,401,25102,24867,51,0,0,False,den520d-random-1.scen,140
140,den520d.map,planner,1,25471,24867,401,401,25102,24867,49,0,0,True,den520d-random-1.scen,140
140,den520d.map,planner,1,25471,24867,401,401,25102,24867,54,0,1,False,den520d-random-1.scen,140
140,den520d.map,planner,1,25431,24867,401,401,25104,24867,48,0,1,True,den520d-random-1.scen,140
140,den520d.map,planner,1,25471,24867,401,401,25102,24867,56,0,10,False,den520d-random-1.scen,140
140,den520d.map,planner,1,25431,24867,401,401,25104,24867,53,0,10,True,den520d-random-1.scen,140
140,den520d.map,planner,1,25471,24867,401,401,25102,24867,53,0,100,False,den520d-random-1.scen,140
140,den520d.map,planner,1,25431,24867,401,401,25104,24867,46,0,100,True,den520d-random-1.scen,140
140,den520d.map,planner,1,25471,24867,401,401,25102,24867,58,0,1000,False,den520d-random-1.scen,140
140,den520d.map,planner,1,25431,24867,401,401,25104,24867,55,0,1000,True,den520d-random-1.scen,140
180,den520d.map,planner,1,33564,30832,401,401,31288,30832,68,0,0,False,den520d-random-1.scen,180
180,den520d.map,planner,1,33564,30832,401,401,31288,30832,69,0,0,True,den520d-random-1.scen,180
180,den520d.map,planner,1,33564,30832,401,401,31288,30832,72,0,1,False,den520d-random-1.scen,180
180,den520d.map,planner,1,32333,30832,401,401,31206,30832,67,0,1,True,den520d-random-1.scen,180
180,den520d.map,planner,1,33564,30832,401,401,31288,30832,70,0,10,False,den520d-random-1.scen,180
180,den520d.map,planner,1,32333,30832,401,401,31206,30832,72,0,10,True,den520d-random-1.scen,180
180,den520d.map,planner,1,33564,30832,401,401,31288,30832,74,0,100,False,den520d-random-1.scen,180
180,den520d.map,planner,1,32333,30832,401,401,31206,30832,63,0,100,True,den520d-random-1.scen,180
180,den520d.map,planner,1,33564,30832,401,401,31288,30832,74,0,1000,False,den520d-random-1.scen,180
180,den520d.map,planner,1,32333,30832,401,401,31206,30832,81,0,1000,True,den520d-random-1.scen,180
220,den520d.map,planner,1,42058,38181,401,401,38796,38181,85,0,0,False,den520d-random-1.scen,220
220,den520d.map,planner,1,42058,38181,401,401,38796,38181,84,0,0,True,den520d-random-1.scen,220
220,den520d.map,planner,1,42058,38181,401,401,38796,38181,82,0,1,False,den520d-random-1.scen,220
220,den520d.map,planner,1,41263,38181,401,401,38758,38181,85,0,1,True,den520d-random-1.scen,220
220,den520d.map,planner,1,42058,38181,401,401,38796,38181,83,0,10,False,den520d-random-1.scen,220
220,den520d.map,planner,1,41263,38181,401,401,38758,38181,93,0,10,True,den520d-random-1.scen,220
220,den520d.map,planner,1,42058,38181,401,401,38796,38181,76,0,100,False,den520d-random-1.scen,220
220,den520d.map,planner,1,41263,38181,401,401,38758,38181,76,0,100,True,den520d-random-1.scen,220
220,den520d.map,planner,1,42058,38181,401,401,38796,38181,74,0,1000,False,den520d-random-1.scen,220
220,den520d.map,planner,1,41263,38181,401,401,38758,38181,90,0,1000,True,den520d-random-1.scen,220
20,den520d.map,planner,1,3395,3392,370,370,3395,3392,7,0,0,False,den520d-random-3.scen,20
20,den520d.map,planner,1,3395,3392,370,370,3395,3392,7,0,0,True,den520d-random-3.scen,20
20,den520d.map,planner,1,3395,3392,370,370,3395,3392,7,0,1,False,den520d-random-3.scen,20
20,den520d.map,planner,1,3395,3392,370,370,3395,3392,7,0,1,True,den520d-random-3.scen,20
20,den520d.map,planner,1,3395,3392,370,370,3395,3392,7,0,10,False,den520d-random-3.scen,20
20,den520d.map,planner,1,3395,3392,370,370,3395,3392,7,0,10,True,den520d-random-3.scen,20
20,den520d.map,planner,1,3395,3392,370,370,3395,3392,8,0,100,False,den520d-random-3.scen,20
20,den520d.map,planner,1,3395,3392,370,370,3395,3392,7,0,100,True,den520d-random-3.scen,20
20,den520d.map,planner,1,3395,3392,370,370,3395,3392,11,0,1000,False,den520d-random-3.scen,20
20,den520d.map,planner,1,3395,3392,370,370,3395,3392,7,0,1000,True,den520d-random-3.scen,20
60,den520d.map,planner,1,10311,10166,370,370,10190,10166,23,0,0,False,den520d-random-3.scen,60
60,den520d.map,planner,1,10311,10166,370,370,10190,10166,24,0,0,True,den520d-random-3.scen,60
60,den520d.map,planner,1,10311,10166,370,370,10190,10166,19,0,1,False,den520d-random-3.scen,60
60,den520d.map,planner,1,10311,10166,370,370,10190,10166,24,0,1,True,den520d-random-3.scen,60
60,den520d.map,planner,1,10311,10166,370,370,10190,10166,23,0,10,False,den520d-random-3.scen,60
60,den520d.map,planner,1,10311,10166,370,370,10190,10166,23,0,10,True,den520d-random-3.scen,60
60,den520d.map,planner,1,10311,10166,370,370,10190,10166,20,0,100,False,den520d-random-3.scen,60
60,den520d.map,planner,1,10311,10166,370,370,10190,10166,20,0,100,True,den520d-random-3.scen,60
60,den520d.map,planner,1,10311,10166,370,370,10190,10166,24,0,1000,False,den520d-random-3.scen,60
60,den520d.map,planner,1,10311,10166,370,370,10190,10166,23,0,1000,True,den520d-random-3.scen,60
100,den520d.map,planner,1,17742,17274,379,379,17408,17274,41,0,0,False,den520d-random-3.scen,100
100,den520d.map,planner,1,17742,17274,379,379,17408,17274,38,0,0,True,den520d-random-3.scen,100
100,den520d.map,planner,1,17742,17274,379,379,17408,17274,41,0,1,False,den520d-random-3.scen,100
100,den520d.map,planner,1,17581,17274,379,379,17382,17274,40,0,1,True,den520d-random-3.scen,100
100,den520d.map,planner,1,17742,17274,379,379,17408,17274,35,0,10,False,den520d-random-3.scen,100
100,den520d.map,planner,1,17581,17274,379,379,17382,17274,40,0,10,True,den520d-random-3.scen,100
100,den520d.map,planner,1,17742,17274,379,379,17408,17274,37,0,100,False,den520d-random-3.scen,100
100,den520d.map,planner,1,17581,17274,379,379,17382,17274,38,0,100,True,den520d-random-3.scen,100
100,den520d.map,planner,1,17742,17274,379,379,17408,17274,38,0,1000,False,den520d-random-3.scen,100
100,den520d.map,planner,1,17581,17274,379,379,17382,17274,38,0,1000,True,den520d-random-3.scen,100
140,den520d.map,planner,1,25681,23783,379,379,24019,23783,55,0,0,False,den520d-random-3.scen,140
140,den520d.map,planner,1,25681,23783,379,379,24019,23783,56,0,0,True,den520d-random-3.scen,140
140,den520d.map,planner,1,25681,23783,379,379,24019,23783,59,0,1,False,den520d-random-3.scen,140
140,den520d.map,planner,1,25743,23783,379,379,23975,23783,59,0,1,True,den520d-random-3.scen,140
140,den520d.map,planner,1,25681,23783,379,379,24019,23783,53,0,10,False,den520d-random-3.scen,140
140,den520d.map,planner,1,25743,23783,379,379,23975,23783,47,0,10,True,den520d-random-3.scen,140
140,den520d.map,planner,1,25681,23783,379,379,24019,23783,56,0,100,False,den520d-random-3.scen,140
140,den520d.map,planner,1,25743,23783,379,379,23975,23783,57,0,100,True,den520d-random-3.scen,140
140,den520d.map,planner,1,25681,23783,379,379,24019,23783,51,0,1000,False,den520d-random-3.scen,140
140,den520d.map,planner,1,25743,23783,379,379,23975,23783,54,0,1000,True,den520d-random-3.scen,140
180,den520d.map,planner,1,34050,30476,392,392,30971,30476,73,0,0,False,den520d-random-3.scen,180
180,den520d.map,planner,1,34050,30476,392,392,30971,30476,69,0,0,True,den520d-random-3.scen,180
180,den520d.map,planner,1,34050,30476,392,392,30971,30476,73,0,1,False,den520d-random-3.scen,180
180,den520d.map,planner,1,33674,30476,392,392,31032,30476,60,0,1,True,den520d-random-3.scen,180
180,den520d.map,planner,1,34050,30476,392,392,30971,30476,63,0,10,False,den520d-random-3.scen,180
180,den520d.map,planner,1,33674,30476,392,392,31032,30476,71,0,10,True,den520d-random-3.scen,180
180,den520d.map,planner,1,34050,30476,392,392,30971,30476,70,0,100,False,den520d-random-3.scen,180
180,den520d.map,planner,1,33674,30476,392,392,31032,30476,72,0,100,True,den520d-random-3.scen,180
180,den520d.map,planner,1,34050,30476,392,392,30971,30476,67,0,1000,False,den520d-random-3.scen,180
180,den520d.map,planner,1,33674,30476,392,392,31032,30476,66,0,1000,True,den520d-random-3.scen,180
220,den520d.map,planner,1,41886,36331,392,392,37137,36331,83,0,0,False,den520d-random-3.scen,220
220,den520d.map,planner,1,41886,36331,392,392,37137,36331,81,0,0,True,den520d-random-3.scen,220
220,den520d.map,planner,1,41886,36331,392,392,37137,36331,84,0,1,False,den520d-random-3.scen,220
220,den520d.map,planner,1,41555,36331,392,392,37155,36331,84,0,1,True,den520d-random-3.scen,220
220,den520d.map,planner,1,41886,36331,392,392,37137,36331,85,0,10,False,den520d-random-3.scen,220
220,den520d.map,planner,1,41555,36331,392,392,37155,36331,89,0,10,True,den520d-random-3.scen,220
220,den520d.map,planner,1,41886,36331,392,392,37137,36331,80,0,100,False,den520d-random-3.scen,220
220,den520d.map,planner,1,41555,36331,392,392,37155,36331,70,0,100,True,den520d-random-3.scen,220
220,den520d.map,planner,1,41886,36331,392,392,37137,36331,84,0,1000,False,den520d-random-3.scen,220
220,den520d.map,planner,1,41555,36331,392,392,37155,36331,78,0,1000,True,den520d-random-3.scen,220
20,den520d.map,planner,1,4122,4116,365,365,4122,4116,8,0,0,False,den520d-random-15.scen,20
20,den520d.map,planner,1,4122,4116,365,365,4122,4116,9,0,0,True,den520d-random-15.scen,20
20,den520d.map,planner,1,4122,4116,365,365,4122,4116,8,0,1,False,den520d-random-15.scen,20
20,den520d.map,planner,1,4122,4116,365,365,4122,4116,8,0,1,True,den520d-random-15.scen,20
20,den520d.map,planner,1,4122,4116,365,365,4122,4116,7,0,10,False,den520d-random-15.scen,20
20,den520d.map,planner,1,4122,4116,365,365,4122,4116,7,0,10,True,den520d-random-15.scen,20
20,den520d.map,planner,1,4122,4116,365,365,4122,4116,8,0,100,False,den520d-random-15.scen,20
20,den520d.map,planner,1,4122,4116,365,365,4122,4116,8,0,100,True,den520d-random-15.scen,20
20,den520d.map,planner,1,4122,4116,365,365,4122,4116,7,0,1000,False,den520d-random-15.scen,20
20,den520d.map,planner,1,4122,4116,365,365,4122,4116,7,0,1000,True,den520d-random-15.scen,20
60,den520d.map,planner,1,10872,10566,365,365,10652,10566,24,0,0,False,den520d-random-15.scen,60
60,den520d.map,planner,1,10872,10566,365,365,10652,10566,20,0,0,True,den520d-random-15.scen,60
60,den520d.map,planner,1,10872,10566,365,365,10652,10566,18,0,1,False,den520d-random-15.scen,60
60,den520d.map,planner,1,11150,10566,367,365,10648,10566,23,0,1,True,den520d-random-15.scen,60
60,den520d.map,planner,1,10872,10566,365,365,10652,10566,22,0,10,False,den520d-random-15.scen,60
60,den520d.map,planner,1,11150,10566,367,365,10648,10566,23,0,10,True,den520d-random-15.scen,60
60,den520d.map,planner,1,10872,10566,365,365,10652,10566,23,0,100,False,den520d-random-15.scen,60
60,den520d.map,planner,1,11150,10566,367,365,10648,10566,24,0,100,True,den520d-random-15.scen,60
60,den520d.map,planner,1,10872,10566,365,365,10652,10566,19,0,1000,False,den520d-random-15.scen,60
60,den520d.map,planner,1,11150,10566,367,365,10648,10566,23,0,1000,True,den520d-random-15.scen,60
100,den520d.map,planner,1,17928,16835,377,377,16982,16835,35,0,0,False,den520d-random-15.scen,100
100,den520d.map,planner,1,17928,16835,377,377,16982,16835,34,0,0,True,den520d-random-15.scen,100
100,den520d.map,planner,1,17928,16835,377,377,16982,16835,32,0,1,False,den520d-random-15.scen,100
100,den520d.map,planner,1,17871,16835,377,377,16974,16835,39,0,1,True,den520d-random-15.scen,100
100,den520d.map,planner,1,17928,16835,377,377,16982,16835,33,0,10,False,den520d-random-15.scen,100
100,den520d.map,planner,1,17871,16835,377,377,16974,16835,35,0,10,True,den520d-random-15.scen,100
100,den520d.map,planner,1,17928,16835,377,377,16982,16835,32,0,100,False,den520d-random-15.scen,100
100,den520d.map,planner,1,17871,16835,377,377,16974,16835,37,0,100,True,den520d-random-15.scen,100
100,den520d.map,planner,1,17928,16835,377,377,16982,16835,41,0,1000,False,den520d-random-15.scen,100
100,den520d.map,planner,1,17871,16835,377,377,16974,16835,35,0,1000,True,den520d-random-15.scen,100
140,den520d.map,planner,1,25660,24067,400,400,24366,24067,56,0,0,False,den520d-random-15.scen,140
140,den520d.map,planner,1,25660,24067,400,400,24366,24067,55,0,0,True,den520d-random-15.scen,140
140,den520d.map,planner,1,25660,24067,400,400,24366,24067,58,0,1,False,den520d-random-15.scen,140
140,den520d.map,planner,1,25308,24067,400,400,24329,24067,50,0,1,True,den520d-random-15.scen,140
140,den520d.map,planner,1,25660,24067,400,400,24366,24067,53,0,10,False,den520d-random-15.scen,140
140,den520d.map,planner,1,25308,24067,400,400,24329,24067,52,0,10,True,den520d-random-15.scen,140
140,den520d.map,planner,1,25660,24067,400,400,24366,24067,44,0,100,False,den520d-random-15.scen,140
140,den520d.map,planner,1,25308,24067,400,400,24329,24067,54,0,100,True,den520d-random-15.scen,140
140,den520d.map,planner,1,25660,24067,400,400,24366,24067,44,0,1000,False,den520d-random-15.scen,140
140,den520d.map,planner,1,25308,24067,400,400,24329,24067,54,0,1000,True,den520d-random-15.scen,140
180,den520d.map,planner,1,34609,32173,400,400,32645,32173,70,0,0,False,den520d-random-15.scen,180
180,den520d.map,planner,1,34609,32173,400,400,32645,32173,74,0,0,True,den520d-random-15.scen,180
180,den520d.map,planner,1,34609,32173,400,400,32645,32173,70,0,1,False,den520d-random-15.scen,180
180,den520d.map,planner,1,34433,32173,400,400,32638,32173,71,0,1,True,den520d-random-15.scen,180
180,den520d.map,planner,1,34609,32173,400,400,32645,32173,69,0,10,False,den520d-random-15.scen,180
180,den520d.map,planner,1,34433,32173,400,400,32638,32173,73,0,10,True,den520d-random-15.scen,180
180,den520d.map,planner,1,34609,32173,400,400,32645,32173,77,0,100,False,den520d-random-15.scen,180
180,den520d.map,planner,1,34433,32173,400,400,32638,32173,80,0,100,True,den520d-random-15.scen,180
180,den520d.map,planner,1,34609,32173,400,400,32645,32173,67,0,1000,False,den520d-random-15.scen,180
180,den520d.map,planner,1,34433,32173,400,400,32638,32173,67,0,1000,True,den520d-random-15.scen,180
220,den520d.map,planner,1,43404,38912,400,400,39566,38912,87,0,0,False,den520d-random-15.scen,220
220,den520d.map,planner,1,43404,38912,400,400,39566,38912,88,0,0,True,den520d-random-15.scen,220
220,den520d.map,planner,1,43404,38912,400,400,39566,38912,92,0,1,False,den520d-random-15.scen,220
220,den520d.map,planner,1,43201,38912,400,400,39552,38912,79,0,1,True,den520d-random-15.scen,220
220,den520d.map,planner,1,43404,38912,400,400,39566,38912,79,0,10,False,den520d-random-15.scen,220
220,den520d.map,planner,1,43201,38912,400,400,39552,38912,92,0,10,True,den520d-random-15.scen,220
220,den520d.map,planner,1,43404,38912,400,400,39566,38912,88,0,100,False,den520d-random-15.scen,220
220,den520d.map,planner,1,43201,38912,400,400,39552,38912,88,0,100,True,den520d-random-15.scen,220
220,den520d.map,planner,1,43404,38912,400,400,39566,38912,84,0,1000,False,den520d-random-15.scen,220
220,den520d.map,planner,1,43201,38912,400,400,39552,38912,94,0,1000,True,den520d-random-15.scen,220
20,den520d.map,planner,1,3384,3202,320,320,3211,3202,6,0,0,False,den520d-random-22.scen,20
20,den520d.map,planner,1,3384,3202,320,320,3211,3202,6,0,0,True,den520d-random-22.scen,20
20,den520d.map,planner,1,3384,3202,320,320,3211,3202,6,0,1,False,den520d-random-22.scen,20
20,den520d.map,planner,1,3384,3202,320,320,3211,3202,6,0,1,True,den520d-random-22.scen,20
20,den520d.map,planner,1,3384,3202,320,320,3211,3202,6,0,10,False,den520d-random-22.scen,20
20,den520d.map,planner,1,3384,3202,320,320,3211,3202,6,0,10,True,den520d-random-22.scen,20
20,den520d.map,planner,1,3384,3202,320,320,3211,3202,6,0,100,False,den520d-random-22.scen,20
20,den520d.map,planner,1,3384,3202,320,320,3211,3202,6,0,100,True,den520d-random-22.scen,20
20,den520d.map,planner,1,3384,3202,320,320,3211,3202,7,0,1000,False,den520d-random-22.scen,20
20,den520d.map,planner,1,3384,3202,320,320,3211,3202,6,0,1000,True,den520d-random-22.scen,20
60,den520d.map,planner,1,10651,10222,323,323,10269,10222,25,0,0,False,den520d-random-22.scen,60
60,den520d.map,planner,1,10651,10222,323,323,10269,10222,20,0,0,True,den520d-random-22.scen,60
60,den520d.map,planner,1,10651,10222,323,323,10269,10222,22,0,1,False,den520d-random-22.scen,60
60,den520d.map,planner,1,10651,10222,323,323,10269,10222,24,0,1,True,den520d-random-22.scen,60
60,den520d.map,planner,1,10651,10222,323,323,10269,10222,18,0,10,False,den520d-random-22.scen,60
60,den520d.map,planner,1,10651,10222,323,323,10269,10222,24,0,10,True,den520d-random-22.scen,60
60,den520d.map,planner,1,10651,10222,323,323,10269,10222,23,0,100,False,den520d-random-22.scen,60
60,den520d.map,planner,1,10651,10222,323,323,10269,10222,17,0,100,True,den520d-random-22.scen,60
60,den520d.map,planner,1,10651,10222,323,323,10269,10222,19,0,1000,False,den520d-random-22.scen,60
60,den520d.map,planner,1,10651,10222,323,323,10269,10222,25,0,1000,True,den520d-random-22.scen,60
100,den520d.map,planner,1,19227,17567,376,376,17742,17567,36,0,0,False,den520d-random-22.scen,100
100,den520d.map,planner,1,19227,17567,376,376,17742,17567,41,0,0,True,den520d-random-22.scen,100
100,den520d.map,planner,1,19227,17567,376,376,17742,17567,38,0,1,False,den520d-random-22.scen,100
100,den520d.map,planner,1,19443,17567,376,376,17759,17567,37,0,1,True,den520d-random-22.scen,100
100,den520d.map,planner,1,19227,17567,376,376,17742,17567,37,0,10,False,den520d-random-22.scen,100
100,den520d.map,planner,1,19443,17567,376,376,17759,17567,39,0,10,True,den520d-random-22.scen,100
100,den520d.map,planner,1,19227,17567,376,376,17742,17567,38,0,100,False,den520d-random-22.scen,100
100,den520d.map,planner,1,19443,17567,376,376,17759,17567,39,0,100,True,den520d-random-22.scen,100
100,den520d.map,planner,1,19227,17567,376,376,17742,17567,40,0,1000,False,den520d-random-22.scen,100
100,den520d.map,planner,1,19443,17567,376,376,17759,17567,38,0,1000,True,den520d-random-22.scen,100
140,den520d.map,planner,1,27506,25359,376,376,25613,25359,58,0,0,False,den520d-random-22.scen,140
140,den520d.map,planner,1,27506,25359,376,376,25613,25359,58,0,0,True,den520d-random-22.scen,140
140,den520d.map,planner,1,27506,25359,376,376,25613,25359,56,0,1,False,den520d-random-22.scen,140
140,den520d.map,planner,1,27391,25359,376,376,25642,25359,57,0,1,True,den520d-random-22.scen,140
140,den520d.map,planner,1,27506,25359,376,376,25613,25359,53,0,10,False,den520d-random-22.scen,140
140,den520d.map,planner,1,27391,25359,376,376,25642,25359,62,0,10,True,den520d-random-22.scen,140
140,den520d.map,planner,1,27506,25359,376,376,25613,25359,57,0,100,False,den520d-random-22.scen,140
140,den520d.map,planner,1,27391,25359,376,376,25642,25359,52,0,100,True,den520d-random-22.scen,140
140,den520d.map,planner,1,27506,25359,376,376,25613,25359,46,0,1000,False,den520d-random-22.scen,140
140,den520d.map,planner,1,27391,25359,376,376,25642,25359,57,0,1000,True,den520d-random-22.scen,140
180,den520d.map,planner,1,35841,32168,376,376,32722,32168,67,0,0,False,den520d-random-22.scen,180
180,den520d.map,planner,1,35841,32168,376,376,32722,32168,64,0,0,True,den520d-random-22.scen,180
180,den520d.map,planner,1,35841,32168,376,376,32722,32168,65,0,1,False,den520d-random-22.scen,180
180,den520d.map,planner,1,35706,32168,376,376,32619,32168,83,0,1,True,den520d-random-22.scen,180
180,den520d.map,planner,1,35841,32168,376,376,32722,32168,75,0,10,False,den520d-random-22.scen,180
180,den520d.map,planner,1,35706,32168,376,376,32619,32168,74,0,10,True,den520d-random-22.scen,180
180,den520d.map,planner,1,35841,32168,376,376,32722,32168,66,0,100,False,den520d-random-22.scen,180
180,den520d.map,planner,1,35706,32168,376,376,32619,32168,73,0,100,True,den520d-random-22.scen,180
180,den520d.map,planner,1,35841,32168,376,376,32722,32168,72,0,1000,False,den520d-random-22.scen,180
180,den520d.map,planner,1,35706,32168,376,376,32619,32168,62,0,1000,True,den520d-random-22.scen,180
220,den520d.map,planner,1,42172,37705,376,376,38420,37705,69,0,0,False,den520d-random-22.scen,220
220,den520d.map,planner,1,42172,37705,376,376,38420,37705,73,0,0,True,den520d-random-22.scen,220
220,den520d.map,planner,1,42172,37705,376,376,38420,37705,84,0,1,False,den520d-random-22.scen,220
220,den520d.map,planner,1,41515,37705,376,376,38438,37705,86,0,1,True,den520d-random-22.scen,220
220,den520d.map,planner,1,42172,37705,376,376,38420,37705,84,0,10,False,den520d-random-22.scen,220
220,den520d.map,planner,1,41515,37705,376,376,38438,37705,87,0,10,True,den520d-random-22.scen,220
220,den520d.map,planner,1,42172,37705,376,376,38420,37705,88,0,100,False,den520d-random-22.scen,220
220,den520d.map,planner,1,41515,37705,376,376,38438,37705,74,0,100,True,den520d-random-22.scen,220
220,den520d.map,planner,1,42172,37705,376,376,38420,37705,84,0,1000,False,den520d-random-22.scen,220
220,den520d.map,planner,1,41515,37705,376,376,38438,37705,76,0,1000,True,den520d-random-22.scen,220
20,den520d.map,planner,1,3902,3897,347,347,3902,3897,7,0,0,False,den520d-random-24.scen,20
20,den520d.map,planner,1,3902,3897,347,347,3902,3897,7,0,0,True,den520d-random-24.scen,20
20,den520d.map,planner,1,3902,3897,347,347,3902,3897,7,0,1,False,den520d-random-24.scen,20
20,den520d.map,planner,1,3902,3897,347,347,3902,3897,7,0,1,True,den520d-random-24.scen,20
20,den520d.map,planner,1,3902,3897,347,347,3902,3897,7,0,10,False,den520d-random-24.scen,20
20,den520d.map,planner,1,3902,3897,347,347,3902,3897,7,0,10,True,den520d-random-24.scen,20
20,den520d.map,planner,1,3902,3897,347,347,3902,3897,7,0,100,False,den520d-random-24.scen,20
20,den520d.map,planner,1,3902,3897,347,347,3902,3897,7,0,100,True,den520d-random-24.scen,20
20,den520d.map,planner,1,3902,3897,347,347,3902,3897,7,0,1000,False,den520d-random-24.scen,20
20,den520d.map,planner,1,3902,3897,347,347,3902,3897,8,0,1000,True,den520d-random-24.scen,20
60,den520d.map,planner,1,11069,10921,347,347,10959,10921,21,0,0,False,den520d-random-24.scen,60
60,den520d.map,planner,1,11069,10921,347,347,10959,10921,24,0,0,True,den520d-random-24.scen,60
60,den520d.map,planner,1,11069,10921,347,347,10959,10921,18,0,1,False,den520d-random-24.scen,60
60,den520d.map,planner,1,11069,10921,347,347,10959,10921,24,0,1,True,den520d-random-24.scen,60
60,den520d.map,planner,1,11069,10921,347,347,10959,10921,19,0,10,False,den520d-random-24.scen,60
60,den520d.map,planner,1,11069,10921,347,347,10959,10921,23,0,10,True,den520d-random-24.scen,60
60,den520d.map,planner,1,11069,10921,347,347,10959,10921,24,0,100,False,den520d-random-24.scen,60
60,den520d.map,planner,1,11069,10921,347,347,10959,10921,20,0,100,True,den520d-random-24.scen,60
60,den520d.map,planner,1,11069,10921,347,347,10959,10921,25,0,1000,False,den520d-random-24.scen,60
60,den520d.map,planner,1,11069,10921,347,347,10959,10921,24,0,1000,True,den520d-random-24.scen,60
100,den520d.map,planner,1,18047,16986,347,347,17186,16986,40,0,0,False,den520d-random-24.scen,100
100,den520d.map,planner,1,18047,16986,347,347,17186,16986,36,0,0,True,den520d-random-24.scen,100
100,den520d.map,planner,1,18047,16986,347,347,17186,16986,36,0,1,False,den520d-random-24.scen,100
100,den520d.map,planner,1,17773,16986,347,347,17157,16986,35,0,1,True,den520d-random-24.scen,100
100,den520d.map,planner,1,18047,16986,347,347,17186,16986,38,0,10,False,den520d-random-24.scen,100
100,den520d.map,planner,1,17773,16986,347,347,17157,16986,41,0,10,True,den520d-random-24.scen,100
100,den520d.map,planner,1,18047,16986,347,347,17186,16986,38,0,100,False,den520d-random-24.scen,100
100,den520d.map,planner,1,17773,16986,347,347,17157,16986,33,0,100,True,den520d-random-24.scen,100
100,den520d.map,planner,1,18047,16986,347,347,17186,16986,42,0,1000,False,den520d-random-24.scen,100
100,den520d.map,planner,1,17773,16986,347,347,17157,16986,38,0,1000,True,den520d-random-24.scen,100
140,den520d.map,planner,1,27311,24499,360,360,24847,24499,59,0,0,False,den520d-random-24.scen,140
140,den520d.map,planner,1,27311,24499,360,360,24847,24499,49,0,0,True,den520d-random-24.scen,140
140,den520d.map,planner,1,27311,24499,360,360,24847,24499,54,0,1,False,den520d-random-24.scen,140
140,den520d.map,planner,1,27840,24499,360,360,24856,24499,52,0,1,True,den520d-random-24.scen,140
140,den520d.map,planner,1,27311,24499,360,360,24847,24499,60,0,10,False,den520d-random-24.scen,140
140,den520d.map,planner,1,27840,24499,360,360,24856,24499,54,0,10,True,den520d-random-24.scen,140
140,den520d.map,planner,1,27311,24499,360,360,24847,24499,52,0,100,False,den520d-random-24.scen,140
140,den520d.map,planner,1,27840,24499,360,360,24856,24499,54,0,100,True,den520d-random-24.scen,140
140,den520d.map,planner,1,27311,24499,360,360,24847,24499,57,0,1000,False,den520d-random-24.scen,140
140,den520d.map,planner,1,27840,24499,360,360,24856,24499,57,0,1000,True,den520d-random-24.scen,140
180,den520d.map,planner,1,34127,31356,360,360,31857,31356,72,0,0,False,den520d-random-24.scen,180
180,den520d.map,planner,1,34127,31356,360,360,31857,31356,71,0,0,True,den520d-random-24.scen,180
180,den520d.map,planner,1,34127,31356,360,360,31857,31356,62,0,1,False,den520d-random-24.scen,180
180,den520d.map,planner,1,34400,31356,360,360,31850,31356,60,0,1,True,den520d-random-24.scen,180
180,den520d.map,planner,1,34127,31356,360,360,31857,31356,67,0,10,False,den520d-random-24.scen,180
180,den520d.map,planner,1,34400,31356,360,360,31850,31356,69,0,10,True,den520d-random-24.scen,180
180,den520d.map,planner,1,34127,31356,360,360,31857,31356,75,0,100,False,den520d-random-24.scen,180
180,den520d.map,planner,1,34400,31356,360,360,31850,31356,69,0,100,True,den520d-random-24.scen,180
180,den520d.map,planner,1,34127,31356,360,360,31857,31356,68,0,1000,False,den520d-random-24.scen,180
180,den520d.map,planner,1,34400,31356,360,360,31850,31356,63,0,1000,True,den520d-random-24.scen,180
220,den520d.map,planner,1,42873,38117,360,360,39044,38117,85,0,0,False,den520d-random-24.scen,220
220,den520d.map,planner,1,42873,38117,360,360,39044,38117,89,0,0,True,den520d-random-24.scen,220
220,den520d.map,planner,1,42873,38117,360,360,39044,38117,82,0,1,False,den520d-random-24.scen,220
220,den520d.map,planner,1,42540,38117,360,360,38813,38117,90,0,1,True,den520d-random-24.scen,220
220,den520d.map,planner,1,42873,38117,360,360,39044,38117,75,0,10,False,den520d-random-24.scen,220
220,den520d.map,planner,1,42540,38117,360,360,38813,38117,79,0,10,True,den520d-random-24.scen,220
220,den520d.map,planner,1,42873,38117,360,360,39044,38117,92,0,100,False,den520d-random-24.scen,220
220,den520d.map,planner,1,42540,38117,360,360,38813,38117,87,0,100,True,den520d-random-24.scen,220
220,den520d.map,planner,1,42873,38117,360,360,39044,38117,83,0,1000,False,den520d-random-24.scen,220
220,den520d.map,planner,1,42540,38117,360,360,38813,38117,87,0,1000,True,den520d-random-24.scen,220
