agents,map_file,solver,solved,soc,soc_lb,makespan,makespan_lb,sum_of_loss,sum_of_loss_lb,comp_time,seed,Opti_Deadline,Bool_Opti,Scenario_File,N
20,warehouse-10-20-10-2-1.map,planner,1,1705,1542,175,175,1652,1542,1,0,0,False,warehouse-10-20-10-2-1-random-16.scen,20
20,warehouse-10-20-10-2-1.map,planner,1,1705,1542,175,175,1652,1542,1,0,0,True,warehouse-10-20-10-2-1-random-16.scen,20
20,warehouse-10-20-10-2-1.map,planner,1,1705,1542,175,175,1652,1542,1,0,1,False,warehouse-10-20-10-2-1-random-16.scen,20
20,warehouse-10-20-10-2-1.map,planner,1,1705,1542,175,175,1652,1542,1,0,1,True,warehouse-10-20-10-2-1-random-16.scen,20
20,warehouse-10-20-10-2-1.map,planner,1,1705,1542,175,175,1652,1542,1,0,10,False,warehouse-10-20-10-2-1-random-16.scen,20
20,warehouse-10-20-10-2-1.map,planner,1,1705,1542,175,175,1652,1542,1,0,10,True,warehouse-10-20-10-2-1-random-16.scen,20
20,warehouse-10-20-10-2-1.map,planner,1,1705,1542,175,175,1652,1542,1,0,100,False,warehouse-10-20-10-2-1-random-16.scen,20
20,warehouse-10-20-10-2-1.map,planner,1,1705,1542,175,175,1652,1542,1,0,100,True,warehouse-10-20-10-2-1-random-16.scen,20
20,warehouse-10-20-10-2-1.map,planner,1,1705,1542,175,175,1652,1542,1,0,1000,False,warehouse-10-20-10-2-1-random-16.scen,20
20,warehouse-10-20-10-2-1.map,planner,1,1705,1542,175,175,1652,1542,1,0,1000,True,warehouse-10-20-10-2-1-random-16.scen,20
60,warehouse-10-20-10-2-1.map,planner,1,6617,5554,194,194,6138,5554,5,0,0,False,warehouse-10-20-10-2-1-random-16.scen,60
60,warehouse-10-20-10-2-1.map,planner,1,6617,5554,194,194,6138,5554,5,0,0,True,warehouse-10-20-10-2-1-random-16.scen,60
60,warehouse-10-20-10-2-1.map,planner,1,6617,5554,194,194,6138,5554,5,0,1,False,warehouse-10-20-10-2-1-random-16.scen,60
60,warehouse-10-20-10-2-1.map,planner,1,6712,5554,194,194,6125,5554,5,0,1,True,warehouse-10-20-10-2-1-random-16.scen,60
60,warehouse-10-20-10-2-1.map,planner,1,6617,5554,194,194,6138,5554,5,0,10,False,warehouse-10-20-10-2-1-random-16.scen,60
60,warehouse-10-20-10-2-1.map,planner,1,6712,5554,194,194,6125,5554,5,0,10,True,warehouse-10-20-10-2-1-random-16.scen,60
60,warehouse-10-20-10-2-1.map,planner,1,6617,5554,194,194,6138,5554,5,0,100,False,warehouse-10-20-10-2-1-random-16.scen,60
60,warehouse-10-20-10-2-1.map,planner,1,6712,5554,194,194,6125,5554,5,0,100,True,warehouse-10-20-10-2-1-random-16.scen,60
60,warehouse-10-20-10-2-1.map,planner,1,6617,5554,194,194,6138,5554,5,0,1000,False,warehouse-10-20-10-2-1-random-16.scen,60
60,warehouse-10-20-10-2-1.map,planner,1,6712,5554,194,194,6125,5554,5,0,1000,True,warehouse-10-20-10-2-1-random-16.scen,60
100,warehouse-10-20-10-2-1.map,planner,1,11936,8918,239,194,10688,8918,472,0,0,False,warehouse-10-20-10-2-1-random-16.scen,100
100,warehouse-10-20-10-2-1.map,planner,1,11936,8918,239,194,10688,8918,479,0,0,True,warehouse-10-20-10-2-1-random-16.scen,100
100,warehouse-10-20-10-2-1.map,planner,1,11936,8918,239,194,10688,8918,463,0,1,False,warehouse-10-20-10-2-1-random-16.scen,100
100,warehouse-10-20-10-2-1.map,planner,1,11765,8918,214,194,10382,8918,8,0,1,True,warehouse-10-20-10-2-1-random-16.scen,100
100,warehouse-10-20-10-2-1.map,planner,1,11936,8918,239,194,10688,8918,474,0,10,False,warehouse-10-20-10-2-1-random-16.scen,100
100,warehouse-10-20-10-2-1.map,planner,1,11765,8918,214,194,10382,8918,8,0,10,True,warehouse-10-20-10-2-1-random-16.scen,100
100,warehouse-10-20-10-2-1.map,planner,1,11936,8918,239,194,10688,8918,478,0,100,False,warehouse-10-20-10-2-1-random-16.scen,100
100,warehouse-10-20-10-2-1.map,planner,1,11765,8918,214,194,10382,8918,9,0,100,True,warehouse-10-20-10-2-1-random-16.scen,100
100,warehouse-10-20-10-2-1.map,planner,1,11936,8918,239,194,10688,8918,461,0,1000,False,warehouse-10-20-10-2-1-random-16.scen,100
100,warehouse-10-20-10-2-1.map,planner,1,11765,8918,214,194,10382,8918,9,0,1000,True,warehouse-10-20-10-2-1-random-16.scen,100
140,warehouse-10-20-10-2-1.map,planner,1,18098,11786,334,194,15585,11786,1308,0,0,False,warehouse-10-20-10-2-1-random-16.scen,140
140,warehouse-10-20-10-2-1.map,planner,1,18098,11786,334,194,15585,11786,1316,0,0,True,warehouse-10-20-10-2-1-random-16.scen,140
140,warehouse-10-20-10-2-1.map,planner,1,18098,11786,334,194,15585,11786,1309,0,1,False,warehouse-10-20-10-2-1-random-16.scen,140
140,warehouse-10-20-10-2-1.map,planner,1,21189,11786,549,194,17054,11786,1433,0,1,True,warehouse-10-20-10-2-1-random-16.scen,140
140,warehouse-10-20-10-2-1.map,planner,1,18098,11786,334,194,15585,11786,1344,0,10,False,warehouse-10-20-10-2-1-random-16.scen,140
140,warehouse-10-20-10-2-1.map,planner,1,20884,11786,548,194,17081,11786,453,0,10,True,warehouse-10-20-10-2-1-random-16.scen,140
140,warehouse-10-20-10-2-1.map,planner,1,18098,11786,334,194,15585,11786,1316,0,100,False,warehouse-10-20-10-2-1-random-16.scen,140
140,warehouse-10-20-10-2-1.map,planner,1,20884,11786,548,194,17081,11786,456,0,100,True,warehouse-10-20-10-2-1-random-16.scen,140
140,warehouse-10-20-10-2-1.map,planner,1,18098,11786,334,194,15585,11786,1333,0,1000,False,warehouse-10-20-10-2-1-random-16.scen,140
140,warehouse-10-20-10-2-1.map,planner,1,20884,11786,548,194,17081,11786,445,0,1000,True,warehouse-10-20-10-2-1-random-16.scen,140
180,warehouse-10-20-10-2-1.map,planner,1,22584,14584,346,194,19471,14584,1601,0,0,False,warehouse-10-20-10-2-1-random-16.scen,180
180,warehouse-10-20-10-2-1.map,planner,1,22584,14584,346,194,19471,14584,1617,0,0,True,warehouse-10-20-10-2-1-random-16.scen,180
180,warehouse-10-20-10-2-1.map,planner,1,22584,14584,346,194,19471,14584,1629,0,1,False,warehouse-10-20-10-2-1-random-16.scen,180
180,warehouse-10-20-10-2-1.map,planner,1,41380,14584,1075,194,30900,14584,1952,0,1,True,warehouse-10-20-10-2-1-random-16.scen,180
180,warehouse-10-20-10-2-1.map,planner,1,22584,14584,346,194,19471,14584,1658,0,10,False,warehouse-10-20-10-2-1-random-16.scen,180
180,warehouse-10-20-10-2-1.map,planner,1,41380,14584,1075,194,30900,14584,1935,0,10,True,warehouse-10-20-10-2-1-random-16.scen,180
180,warehouse-10-20-10-2-1.map,planner,1,22584,14584,346,194,19471,14584,1620,0,100,False,warehouse-10-20-10-2-1-random-16.scen,180
180,warehouse-10-20-10-2-1.map,planner,1,41380,14584,1075,194,30900,14584,1938,0,100,True,warehouse-10-20-10-2-1-random-16.scen,180
180,warehouse-10-20-10-2-1.map,planner,1,22584,14584,346,194,19471,14584,1614,0,1000,False,warehouse-10-20-10-2-1-random-16.scen,180
180,warehouse-10-20-10-2-1.map,planner,1,41380,14584,1075,194,30900,14584,1921,0,1000,True,warehouse-10-20-10-2-1-random-16.scen,180
220,warehouse-10-20-10-2-1.map,planner,1,29321,17636,457,194,25511,17636,2646,0,0,False,warehouse-10-20-10-2-1-random-16.scen,220
220,warehouse-10-20-10-2-1.map,planner,1,29321,17636,457,194,25511,17636,2702,0,0,True,warehouse-10-20-10-2-1-random-16.scen,220
220,warehouse-10-20-10-2-1.map,planner,1,29321,17636,457,194,25511,17636,2778,0,1,False,warehouse-10-20-10-2-1-random-16.scen,220
220,warehouse-10-20-10-2-1.map,planner,1,55771,17636,1203,194,40629,17636,2461,0,1,True,warehouse-10-20-10-2-1-random-16.scen,220
220,warehouse-10-20-10-2-1.map,planner,1,29321,17636,457,194,25511,17636,2776,0,10,False,warehouse-10-20-10-2-1-random-16.scen,220
220,warehouse-10-20-10-2-1.map,planner,1,60592,17636,1335,194,43155,17636,5228,0,10,True,warehouse-10-20-10-2-1-random-16.scen,220
220,warehouse-10-20-10-2-1.map,planner,1,29321,17636,457,194,25511,17636,2828,0,100,False,warehouse-10-20-10-2-1-random-16.scen,220
220,warehouse-10-20-10-2-1.map,planner,1,60592,17636,1335,194,43155,17636,5316,0,100,True,warehouse-10-20-10-2-1-random-16.scen,220
220,warehouse-10-20-10-2-1.map,planner,1,29321,17636,457,194,25511,17636,2637,0,1000,False,warehouse-10-20-10-2-1-random-16.scen,220
220,warehouse-10-20-10-2-1.map,planner,1,60592,17636,1335,194,43155,17636,5131,0,1000,True,warehouse-10-20-10-2-1-random-16.scen,220
260,warehouse-10-20-10-2-1.map,planner,1,36666,20646,468,194,30572,20646,1858,0,0,False,warehouse-10-20-10-2-1-random-16.scen,260
260,warehouse-10-20-10-2-1.map,planner,1,36666,20646,468,194,30572,20646,1929,0,0,True,warehouse-10-20-10-2-1-random-16.scen,260
260,warehouse-10-20-10-2-1.map,planner,1,36666,20646,468,194,30572,20646,1888,0,1,False,warehouse-10-20-10-2-1-random-16.scen,260
260,warehouse-10-20-10-2-1.map,planner,1,173150,20646,3047,194,101967,20646,19732,0,1,True,warehouse-10-20-10-2-1-random-16.scen,260
260,warehouse-10-20-10-2-1.map,planner,1,36666,20646,468,194,30572,20646,1947,0,10,False,warehouse-10-20-10-2-1-random-16.scen,260
260,warehouse-10-20-10-2-1.map,planner,1,64197,20646,1187,194,45245,20646,11125,0,10,True,warehouse-10-20-10-2-1-random-16.scen,260
260,warehouse-10-20-10-2-1.map,planner,1,36666,20646,468,194,30572,20646,1870,0,100,False,warehouse-10-20-10-2-1-random-16.scen,260
260,warehouse-10-20-10-2-1.map,planner,1,64197,20646,1187,194,45245,20646,10990,0,100,True,warehouse-10-20-10-2-1-random-16.scen,260
260,warehouse-10-20-10-2-1.map,planner,1,36666,20646,468,194,30572,20646,1862,0,1000,False,warehouse-10-20-10-2-1-random-16.scen,260
260,warehouse-10-20-10-2-1.map,planner,1,64197,20646,1187,194,45245,20646,10899,0,1000,True,warehouse-10-20-10-2-1-random-16.scen,260
300,warehouse-10-20-10-2-1.map,planner,1,49875,23661,797,194,41484,23661,37347,0,0,False,warehouse-10-20-10-2-1-random-16.scen,300
300,warehouse-10-20-10-2-1.map,planner,1,49875,23661,797,194,41484,23661,37942,0,0,True,warehouse-10-20-10-2-1-random-16.scen,300
300,warehouse-10-20-10-2-1.map,planner,1,49875,23661,797,194,41484,23661,37248,0,1,False,warehouse-10-20-10-2-1-random-16.scen,300
300,warehouse-10-20-10-2-1.map,planner,1,152034,23661,2138,194,85580,23661,10465,0,1,True,warehouse-10-20-10-2-1-random-16.scen,300
300,warehouse-10-20-10-2-1.map,planner,1,49875,23661,797,194,41484,23661,37220,0,10,False,warehouse-10-20-10-2-1-random-16.scen,300
20,warehouse-10-20-10-2-1.map,planner,1,1750,1552,185,185,1653,1552,1,0,0,False,warehouse-10-20-10-2-1-random-17.scen,20
20,warehouse-10-20-10-2-1.map,planner,1,1750,1552,185,185,1653,1552,1,0,0,True,warehouse-10-20-10-2-1-random-17.scen,20
20,warehouse-10-20-10-2-1.map,planner,1,1750,1552,185,185,1653,1552,1,0,1,False,warehouse-10-20-10-2-1-random-17.scen,20
20,warehouse-10-20-10-2-1.map,planner,1,1750,1552,185,185,1653,1552,1,0,1,True,warehouse-10-20-10-2-1-random-17.scen,20
20,warehouse-10-20-10-2-1.map,planner,1,1750,1552,185,185,1653,1552,1,0,10,False,warehouse-10-20-10-2-1-random-17.scen,20
20,warehouse-10-20-10-2-1.map,planner,1,1750,1552,185,185,1653,1552,1,0,10,True,warehouse-10-20-10-2-1-random-17.scen,20
20,warehouse-10-20-10-2-1.map,planner,1,1750,1552,185,185,1653,1552,1,0,100,False,warehouse-10-20-10-2-1-random-17.scen,20
20,warehouse-10-20-10-2-1.map,planner,1,1750,1552,185,185,1653,1552,1,0,100,True,warehouse-10-20-10-2-1-random-17.scen,20
20,warehouse-10-20-10-2-1.map,planner,1,1750,1552,185,185,1653,1552,1,0,1000,False,warehouse-10-20-10-2-1-random-17.scen,20
20,warehouse-10-20-10-2-1.map,planner,1,1750,1552,185,185,1653,1552,1,0,1000,True,warehouse-10-20-10-2-1-random-17.scen,20
60,warehouse-10-20-10-2-1.map,planner,1,6151,5221,185,185,5675,5221,5,0,0,False,warehouse-10-20-10-2-1-random-17.scen,60
60,warehouse-10-20-10-2-1.map,planner,1,6151,5221,185,185,5675,5221,5,0,0,True,warehouse-10-20-10-2-1-random-17.scen,60
60,warehouse-10-20-10-2-1.map,planner,1,6151,5221,185,185,5675,5221,5,0,1,False,warehouse-10-20-10-2-1-random-17.scen,60
60,warehouse-10-20-10-2-1.map,planner,1,6122,5221,185,185,5743,5221,5,0,1,True,warehouse-10-20-10-2-1-random-17.scen,60
60,warehouse-10-20-10-2-1.map,planner,1,6151,5221,185,185,5675,5221,5,0,10,False,warehouse-10-20-10-2-1-random-17.scen,60
60,warehouse-10-20-10-2-1.map,planner,1,6122,5221,185,185,5743,5221,5,0,10,True,warehouse-10-20-10-2-1-random-17.scen,60
60,warehouse-10-20-10-2-1.map,planner,1,6151,5221,185,185,5675,5221,5,0,100,False,warehouse-10-20-10-2-1-random-17.scen,60
60,warehouse-10-20-10-2-1.map,planner,1,6122,5221,185,185,5743,5221,5,0,100,True,warehouse-10-20-10-2-1-random-17.scen,60
60,warehouse-10-20-10-2-1.map,planner,1,6151,5221,185,185,5675,5221,5,0,1000,False,warehouse-10-20-10-2-1-random-17.scen,60
60,warehouse-10-20-10-2-1.map,planner,1,6122,5221,185,185,5743,5221,5,0,1000,True,warehouse-10-20-10-2-1-random-17.scen,60
100,warehouse-10-20-10-2-1.map,planner,1,11938,8671,289,185,10814,8671,597,0,0,False,warehouse-10-20-10-2-1-random-17.scen,100
100,warehouse-10-20-10-2-1.map,planner,1,11938,8671,289,185,10814,8671,597,0,0,True,warehouse-10-20-10-2-1-random-17.scen,100
100,warehouse-10-20-10-2-1.map,planner,1,11938,8671,289,185,10814,8671,573,0,1,False,warehouse-10-20-10-2-1-random-17.scen,100
100,warehouse-10-20-10-2-1.map,planner,1,12949,8671,363,185,11516,8671,299,0,1,True,warehouse-10-20-10-2-1-random-17.scen,100
100,warehouse-10-20-10-2-1.map,planner,1,11938,8671,289,185,10814,8671,599,0,10,False,warehouse-10-20-10-2-1-random-17.scen,100
100,warehouse-10-20-10-2-1.map,planner,1,12949,8671,363,185,11516,8671,300,0,10,True,warehouse-10-20-10-2-1-random-17.scen,100
100,warehouse-10-20-10-2-1.map,planner,1,11938,8671,289,185,10814,8671,580,0,100,False,warehouse-10-20-10-2-1-random-17.scen,100
100,warehouse-10-20-10-2-1.map,planner,1,12949,8671,363,185,11516,8671,304,0,100,True,warehouse-10-20-10-2-1-random-17.scen,100
100,warehouse-10-20-10-2-1.map,planner,1,11938,8671,289,185,10814,8671,585,0,1000,False,warehouse-10-20-10-2-1-random-17.scen,100
100,warehouse-10-20-10-2-1.map,planner,1,12949,8671,363,185,11516,8671,316,0,1000,True,warehouse-10-20-10-2-1-random-17.scen,100
140,warehouse-10-20-10-2-1.map,planner,1,16640,11456,282,185,15208,11456,1068,0,0,False,warehouse-10-20-10-2-1-random-17.scen,140
140,warehouse-10-20-10-2-1.map,planner,1,16640,11456,282,185,15208,11456,1082,0,0,True,warehouse-10-20-10-2-1-random-17.scen,140
140,warehouse-10-20-10-2-1.map,planner,1,16640,11456,282,185,15208,11456,1075,0,1,False,warehouse-10-20-10-2-1-random-17.scen,140
140,warehouse-10-20-10-2-1.map,planner,1,45791,11456,1289,185,34938,11456,2145,0,1,True,warehouse-10-20-10-2-1-random-17.scen,140
140,warehouse-10-20-10-2-1.map,planner,1,16640,11456,282,185,15208,11456,1078,0,10,False,warehouse-10-20-10-2-1-random-17.scen,140
140,warehouse-10-20-10-2-1.map,planner,1,47937,11456,1309,185,36085,11456,2164,0,10,True,warehouse-10-20-10-2-1-random-17.scen,140
140,warehouse-10-20-10-2-1.map,planner,1,16640,11456,282,185,15208,11456,1083,0,100,False,warehouse-10-20-10-2-1-random-17.scen,140
140,warehouse-10-20-10-2-1.map,planner,1,47937,11456,1309,185,36085,11456,2057,0,100,True,warehouse-10-20-10-2-1-random-17.scen,140
140,warehouse-10-20-10-2-1.map,planner,1,16640,11456,282,185,15208,11456,1062,0,1000,False,warehouse-10-20-10-2-1-random-17.scen,140
140,warehouse-10-20-10-2-1.map,planner,1,47937,11456,1309,185,36085,11456,2048,0,1000,True,warehouse-10-20-10-2-1-random-17.scen,140
180,warehouse-10-20-10-2-1.map,planner,1,29841,14387,712,185,25013,14387,16124,0,0,False,warehouse-10-20-10-2-1-random-17.scen,180
180,warehouse-10-20-10-2-1.map,planner,1,29841,14387,712,185,25013,14387,16297,0,0,True,warehouse-10-20-10-2-1-random-17.scen,180
180,warehouse-10-20-10-2-1.map,planner,1,29841,14387,712,185,25013,14387,16033,0,1,False,warehouse-10-20-10-2-1-random-17.scen,180
20,warehouse-10-20-10-2-1.map,planner,1,1445,1369,167,167,1396,1369,1,0,0,False,warehouse-10-20-10-2-1-random-9.scen,20
20,warehouse-10-20-10-2-1.map,planner,1,1445,1369,167,167,1396,1369,1,0,0,True,warehouse-10-20-10-2-1-random-9.scen,20
20,warehouse-10-20-10-2-1.map,planner,1,1445,1369,167,167,1396,1369,1,0,1,False,warehouse-10-20-10-2-1-random-9.scen,20
20,warehouse-10-20-10-2-1.map,planner,1,1445,1369,167,167,1396,1369,1,0,1,True,warehouse-10-20-10-2-1-random-9.scen,20
20,warehouse-10-20-10-2-1.map,planner,1,1445,1369,167,167,1396,1369,1,0,10,False,warehouse-10-20-10-2-1-random-9.scen,20
20,warehouse-10-20-10-2-1.map,planner,1,1445,1369,167,167,1396,1369,1,0,10,True,warehouse-10-20-10-2-1-random-9.scen,20
20,warehouse-10-20-10-2-1.map,planner,1,1445,1369,167,167,1396,1369,1,0,100,False,warehouse-10-20-10-2-1-random-9.scen,20
20,warehouse-10-20-10-2-1.map,planner,1,1445,1369,167,167,1396,1369,1,0,100,True,warehouse-10-20-10-2-1-random-9.scen,20
20,warehouse-10-20-10-2-1.map,planner,1,1445,1369,167,167,1396,1369,1,0,1000,False,warehouse-10-20-10-2-1-random-9.scen,20
20,warehouse-10-20-10-2-1.map,planner,1,1445,1369,167,167,1396,1369,1,0,1000,True,warehouse-10-20-10-2-1-random-9.scen,20
60,warehouse-10-20-10-2-1.map,planner,1,5896,5184,167,167,5593,5184,4,0,0,False,warehouse-10-20-10-2-1-random-9.scen,60
60,warehouse-10-20-10-2-1.map,planner,1,5896,5184,167,167,5593,5184,5,0,0,True,warehouse-10-20-10-2-1-random-9.scen,60
60,warehouse-10-20-10-2-1.map,planner,1,5896,5184,167,167,5593,5184,4,0,1,False,warehouse-10-20-10-2-1-random-9.scen,60
60,warehouse-10-20-10-2-1.map,planner,1,6048,5184,167,167,5665,5184,4,0,1,True,warehouse-10-20-10-2-1-random-9.scen,60
60,warehouse-10-20-10-2-1.map,planner,1,5896,5184,167,167,5593,5184,4,0,10,False,warehouse-10-20-10-2-1-random-9.scen,60
60,warehouse-10-20-10-2-1.map,planner,1,6048,5184,167,167,5665,5184,4,0,10,True,warehouse-10-20-10-2-1-random-9.scen,60
60,warehouse-10-20-10-2-1.map,planner,1,5896,5184,167,167,5593,5184,4,0,100,False,warehouse-10-20-10-2-1-random-9.scen,60
60,warehouse-10-20-10-2-1.map,planner,1,6048,5184,167,167,5665,5184,4,0,100,True,warehouse-10-20-10-2-1-random-9.scen,60
60,warehouse-10-20-10-2-1.map,planner,1,5896,5184,167,167,5593,5184,4,0,1000,False,warehouse-10-20-10-2-1-random-9.scen,60
60,warehouse-10-20-10-2-1.map,planner,1,6048,5184,167,167,5665,5184,4,0,1000,True,warehouse-10-20-10-2-1-random-9.scen,60
100,warehouse-10-20-10-2-1.map,planner,1,11226,8856,218,190,10411,8856,200,0,0,False,warehouse-10-20-10-2-1-random-9.scen,100
100,warehouse-10-20-10-2-1.map,planner,1,11226,8856,218,190,10411,8856,218,0,0,True,warehouse-10-20-10-2-1-random-9.scen,100
100,warehouse-10-20-10-2-1.map,planner,1,11226,8856,218,190,10411,8856,204,0,1,False,warehouse-10-20-10-2-1-random-9.scen,100
100,warehouse-10-20-10-2-1.map,planner,1,11613,8856,250,190,10530,8856,712,0,1,True,warehouse-10-20-10-2-1-random-9.scen,100
100,warehouse-10-20-10-2-1.map,planner,1,11226,8856,218,190,10411,8856,204,0,10,False,warehouse-10-20-10-2-1-random-9.scen,100
100,warehouse-10-20-10-2-1.map,planner,1,11613,8856,250,190,10530,8856,683,0,10,True,warehouse-10-20-10-2-1-random-9.scen,100
100,warehouse-10-20-10-2-1.map,planner,1,11226,8856,218,190,10411,8856,203,0,100,False,warehouse-10-20-10-2-1-random-9.scen,100
100,warehouse-10-20-10-2-1.map,planner,1,11613,8856,250,190,10530,8856,692,0,100,True,warehouse-10-20-10-2-1-random-9.scen,100
100,warehouse-10-20-10-2-1.map,planner,1,11226,8856,218,190,10411,8856,206,0,1000,False,warehouse-10-20-10-2-1-random-9.scen,100
100,warehouse-10-20-10-2-1.map,planner,1,11613,8856,250,190,10530,8856,662,0,1000,True,warehouse-10-20-10-2-1-random-9.scen,100
140,warehouse-10-20-10-2-1.map,planner,1,17161,12080,288,190,15468,12080,735,0,0,False,warehouse-10-20-10-2-1-random-9.scen,140
140,warehouse-10-20-10-2-1.map,planner,1,17161,12080,288,190,15468,12080,760,0,0,True,warehouse-10-20-10-2-1-random-9.scen,140
140,warehouse-10-20-10-2-1.map,planner,1,17161,12080,288,190,15468,12080,716,0,1,False,warehouse-10-20-10-2-1-random-9.scen,140
140,warehouse-10-20-10-2-1.map,planner,1,23837,12080,612,190,19669,12080,1761,0,1,True,warehouse-10-20-10-2-1-random-9.scen,140
140,warehouse-10-20-10-2-1.map,planner,1,17161,12080,288,190,15468,12080,715,0,10,False,warehouse-10-20-10-2-1-random-9.scen,140
140,warehouse-10-20-10-2-1.map,planner,1,23837,12080,612,190,19669,12080,1778,0,10,True,warehouse-10-20-10-2-1-random-9.scen,140
140,warehouse-10-20-10-2-1.map,planner,1,17161,12080,288,190,15468,12080,721,0,100,False,warehouse-10-20-10-2-1-random-9.scen,140
140,warehouse-10-20-10-2-1.map,planner,1,23837,12080,612,190,19669,12080,1746,0,100,True,warehouse-10-20-10-2-1-random-9.scen,140
140,warehouse-10-20-10-2-1.map,planner,1,17161,12080,288,190,15468,12080,724,0,1000,False,warehouse-10-20-10-2-1-random-9.scen,140
140,warehouse-10-20-10-2-1.map,planner,1,23837,12080,612,190,19669,12080,1748,0,1000,True,warehouse-10-20-10-2-1-random-9.scen,140
180,warehouse-10-20-10-2-1.map,planner,1,21271,15038,255,190,19259,15038,1626,0,0,False,warehouse-10-20-10-2-1-random-9.scen,180
180,warehouse-10-20-10-2-1.map,planner,1,21271,15038,255,190,19259,15038,1644,0,0,True,warehouse-10-20-10-2-1-random-9.scen,180
180,warehouse-10-20-10-2-1.map,planner,1,21271,15038,255,190,19259,15038,1635,0,1,False,warehouse-10-20-10-2-1-random-9.scen,180
180,warehouse-10-20-10-2-1.map,planner,1,41079,15038,966,190,31507,15038,2129,0,1,True,warehouse-10-20-10-2-1-random-9.scen,180
180,warehouse-10-20-10-2-1.map,planner,1,21271,15038,255,190,19259,15038,1636,0,10,False,warehouse-10-20-10-2-1-random-9.scen,180
180,warehouse-10-20-10-2-1.map,planner,1,41079,15038,966,190,31507,15038,2115,0,10,True,warehouse-10-20-10-2-1-random-9.scen,180
180,warehouse-10-20-10-2-1.map,planner,1,21271,15038,255,190,19259,15038,1687,0,100,False,warehouse-10-20-10-2-1-random-9.scen,180
180,warehouse-10-20-10-2-1.map,planner,1,41079,15038,966,190,31507,15038,2137,0,100,True,warehouse-10-20-10-2-1-random-9.scen,180
180,warehouse-10-20-10-2-1.map,planner,1,21271,15038,255,190,19259,15038,1662,0,1000,False,warehouse-10-20-10-2-1-random-9.scen,180
180,warehouse-10-20-10-2-1.map,planner,1,41079,15038,966,190,31507,15038,2216,0,1000,True,warehouse-10-20-10-2-1-random-9.scen,180
20,warehouse-10-20-10-2-1.map,planner,1,2079,1816,188,176,1944,1816,1,0,0,False,warehouse-10-20-10-2-1-random-15.scen,20
20,warehouse-10-20-10-2-1.map,planner,1,2079,1816,188,176,1944,1816,1,0,0,True,warehouse-10-20-10-2-1-random-15.scen,20
20,warehouse-10-20-10-2-1.map,planner,1,2079,1816,188,176,1944,1816,2,0,1,False,warehouse-10-20-10-2-1-random-15.scen,20
20,warehouse-10-20-10-2-1.map,planner,1,2079,1816,188,176,1944,1816,1,0,1,True,warehouse-10-20-10-2-1-random-15.scen,20
20,warehouse-10-20-10-2-1.map,planner,1,2079,1816,188,176,1944,1816,1,0,10,False,warehouse-10-20-10-2-1-random-15.scen,20
20,warehouse-10-20-10-2-1.map,planner,1,2079,1816,188,176,1944,1816,1,0,10,True,warehouse-10-20-10-2-1-random-15.scen,20
20,warehouse-10-20-10-2-1.map,planner,1,2079,1816,188,176,1944,1816,1,0,100,False,warehouse-10-20-10-2-1-random-15.scen,20
20,warehouse-10-20-10-2-1.map,planner,1,2079,1816,188,176,1944,1816,1,0,100,True,warehouse-10-20-10-2-1-random-15.scen,20
20,warehouse-10-20-10-2-1.map,planner,1,2079,1816,188,176,1944,1816,1,0,1000,False,warehouse-10-20-10-2-1-random-15.scen,20
20,warehouse-10-20-10-2-1.map,planner,1,2079,1816,188,176,1944,1816,1,0,1000,True,warehouse-10-20-10-2-1-random-15.scen,20
60,warehouse-10-20-10-2-1.map,planner,1,6467,5196,193,179,5896,5196,5,0,0,False,warehouse-10-20-10-2-1-random-15.scen,60
60,warehouse-10-20-10-2-1.map,planner,1,6467,5196,193,179,5896,5196,5,0,0,True,warehouse-10-20-10-2-1-random-15.scen,60
60,warehouse-10-20-10-2-1.map,planner,1,6467,5196,193,179,5896,5196,5,0,1,False,warehouse-10-20-10-2-1-random-15.scen,60
60,warehouse-10-20-10-2-1.map,planner,1,6538,5196,209,179,5919,5196,5,0,1,True,warehouse-10-20-10-2-1-random-15.scen,60
60,warehouse-10-20-10-2-1.map,planner,1,6467,5196,193,179,5896,5196,5,0,10,False,warehouse-10-20-10-2-1-random-15.scen,60
60,warehouse-10-20-10-2-1.map,planner,1,6538,5196,209,179,5919,5196,5,0,10,True,warehouse-10-20-10-2-1-random-15.scen,60
60,warehouse-10-20-10-2-1.map,planner,1,6467,5196,193,179,5896,5196,5,0,100,False,warehouse-10-20-10-2-1-random-15.scen,60
60,warehouse-10-20-10-2-1.map,planner,1,6538,5196,209,179,5919,5196,5,0,100,True,warehouse-10-20-10-2-1-random-15.scen,60
60,warehouse-10-20-10-2-1.map,planner,1,6467,5196,193,179,5896,5196,5,0,1000,False,warehouse-10-20-10-2-1-random-15.scen,60
60,warehouse-10-20-10-2-1.map,planner,1,6538,5196,209,179,5919,5196,5,0,1000,True,warehouse-10-20-10-2-1-random-15.scen,60
100,warehouse-10-20-10-2-1.map,planner,1,11613,8619,233,193,10427,8619,9,0,0,False,warehouse-10-20-10-2-1-random-15.scen,100
100,warehouse-10-20-10-2-1.map,planner,1,11613,8619,233,193,10427,8619,9,0,0,True,warehouse-10-20-10-2-1-random-15.scen,100
100,warehouse-10-20-10-2-1.map,planner,1,11613,8619,233,193,10427,8619,9,0,1,False,warehouse-10-20-10-2-1-random-15.scen,100
100,warehouse-10-20-10-2-1.map,planner,1,12705,8619,260,193,10729,8619,10,0,1,True,warehouse-10-20-10-2-1-random-15.scen,100
100,warehouse-10-20-10-2-1.map,planner,1,11613,8619,233,193,10427,8619,8,0,10,False,warehouse-10-20-10-2-1-random-15.scen,100
100,warehouse-10-20-10-2-1.map,planner,1,12705,8619,260,193,10729,8619,10,0,10,True,warehouse-10-20-10-2-1-random-15.scen,100
100,warehouse-10-20-10-2-1.map,planner,1,11613,8619,233,193,10427,8619,9,0,100,False,warehouse-10-20-10-2-1-random-15.scen,100
100,warehouse-10-20-10-2-1.map,planner,1,12705,8619,260,193,10729,8619,9,0,100,True,warehouse-10-20-10-2-1-random-15.scen,100
100,warehouse-10-20-10-2-1.map,planner,1,11613,8619,233,193,10427,8619,9,0,1000,False,warehouse-10-20-10-2-1-random-15.scen,100
100,warehouse-10-20-10-2-1.map,planner,1,12705,8619,260,193,10729,8619,10,0,1000,True,warehouse-10-20-10-2-1-random-15.scen,100
140,warehouse-10-20-10-2-1.map,planner,1,16100,11308,196,193,14111,11308,11,0,0,False,warehouse-10-20-10-2-1-random-15.scen,140
140,warehouse-10-20-10-2-1.map,planner,1,16100,11308,196,193,14111,11308,12,0,0,True,warehouse-10-20-10-2-1-random-15.scen,140
140,warehouse-10-20-10-2-1.map,planner,1,16100,11308,196,193,14111,11308,11,0,1,False,warehouse-10-20-10-2-1-random-15.scen,140
140,warehouse-10-20-10-2-1.map,planner,1,26660,11308,701,193,18583,11308,1565,0,1,True,warehouse-10-20-10-2-1-random-15.scen,140
140,warehouse-10-20-10-2-1.map,planner,1,16100,11308,196,193,14111,11308,11,0,10,False,warehouse-10-20-10-2-1-random-15.scen,140
140,warehouse-10-20-10-2-1.map,planner,1,26660,11308,701,193,18583,11308,1539,0,10,True,warehouse-10-20-10-2-1-random-15.scen,140
140,warehouse-10-20-10-2-1.map,planner,1,16100,11308,196,193,14111,11308,11,0,100,False,warehouse-10-20-10-2-1-random-15.scen,140
140,warehouse-10-20-10-2-1.map,planner,1,26660,11308,701,193,18583,11308,1577,0,100,True,warehouse-10-20-10-2-1-random-15.scen,140
140,warehouse-10-20-10-2-1.map,planner,1,16100,11308,196,193,14111,11308,11,0,1000,False,warehouse-10-20-10-2-1-random-15.scen,140
140,warehouse-10-20-10-2-1.map,planner,1,26660,11308,701,193,18583,11308,1573,0,1000,True,warehouse-10-20-10-2-1-random-15.scen,140
180,warehouse-10-20-10-2-1.map,planner,1,24350,14572,355,193,20518,14572,1969,0,0,False,warehouse-10-20-10-2-1-random-15.scen,180
180,warehouse-10-20-10-2-1.map,planner,1,24350,14572,355,193,20518,14572,1982,0,0,True,warehouse-10-20-10-2-1-random-15.scen,180
180,warehouse-10-20-10-2-1.map,planner,1,24350,14572,355,193,20518,14572,1961,0,1,False,warehouse-10-20-10-2-1-random-15.scen,180
180,warehouse-10-20-10-2-1.map,planner,1,45319,14572,1085,193,30036,14572,2210,0,1,True,warehouse-10-20-10-2-1-random-15.scen,180
180,warehouse-10-20-10-2-1.map,planner,1,24350,14572,355,193,20518,14572,1920,0,10,False,warehouse-10-20-10-2-1-random-15.scen,180
180,warehouse-10-20-10-2-1.map,planner,1,45714,14572,1103,193,32147,14572,4259,0,10,True,warehouse-10-20-10-2-1-random-15.scen,180
180,warehouse-10-20-10-2-1.map,planner,1,24350,14572,355,193,20518,14572,1992,0,100,False,warehouse-10-20-10-2-1-random-15.scen,180
180,warehouse-10-20-10-2-1.map,planner,1,42529,14572,967,193,29792,14572,2442,0,100,True,warehouse-10-20-10-2-1-random-15.scen,180
180,warehouse-10-20-10-2-1.map,planner,1,24350,14572,355,193,20518,14572,1945,0,1000,False,warehouse-10-20-10-2-1-random-15.scen,180
180,warehouse-10-20-10-2-1.map,planner,1,47111,14572,1118,193,31876,14572,3167,0,1000,True,warehouse-10-20-10-2-1-random-15.scen,180
20,warehouse-10-20-10-2-1.map,planner,1,1800,1618,172,172,1715,1618,1,0,0,False,warehouse-10-20-10-2-1-random-12.scen,20
20,warehouse-10-20-10-2-1.map,planner,1,1800,1618,172,172,1715,1618,1,0,0,True,warehouse-10-20-10-2-1-random-12.scen,20
20,warehouse-10-20-10-2-1.map,planner,1,1800,1618,172,172,1715,1618,1,0,1,False,warehouse-10-20-10-2-1-random-12.scen,20
20,warehouse-10-20-10-2-1.map,planner,1,1800,1618,172,172,1715,1618,1,0,1,True,warehouse-10-20-10-2-1-random-12.scen,20
20,warehouse-10-20-10-2-1.map,planner,1,1800,1618,172,172,1715,1618,1,0,10,False,warehouse-10-20-10-2-1-random-12.scen,20
20,warehouse-10-20-10-2-1.map,planner,1,1800,1618,172,172,1715,1618,1,0,10,True,warehouse-10-20-10-2-1-random-12.scen,20
20,warehouse-10-20-10-2-1.map,planner,1,1800,1618,172,172,1715,1618,1,0,100,False,warehouse-10-20-10-2-1-random-12.scen,20
20,warehouse-10-20-10-2-1.map,planner,1,1800,1618,172,172,1715,1618,1,0,100,True,warehouse-10-20-10-2-1-random-12.scen,20
20,warehouse-10-20-10-2-1.map,planner,1,1800,1618,172,172,1715,1618,1,0,1000,False,warehouse-10-20-10-2-1-random-12.scen,20
20,warehouse-10-20-10-2-1.map,planner,1,1800,1618,172,172,1715,1618,1,0,1000,True,warehouse-10-20-10-2-1-random-12.scen,20
60,warehouse-10-20-10-2-1.map,planner,1,6208,4772,206,172,5500,4772,5,0,0,False,warehouse-10-20-10-2-1-random-12.scen,60
60,warehouse-10-20-10-2-1.map,planner,1,6208,4772,206,172,5500,4772,5,0,0,True,warehouse-10-20-10-2-1-random-12.scen,60
60,warehouse-10-20-10-2-1.map,planner,1,6208,4772,206,172,5500,4772,5,0,1,False,warehouse-10-20-10-2-1-random-12.scen,60
60,warehouse-10-20-10-2-1.map,planner,1,6572,4772,235,172,5795,4772,5,0,1,True,warehouse-10-20-10-2-1-random-12.scen,60
60,warehouse-10-20-10-2-1.map,planner,1,6208,4772,206,172,5500,4772,4,0,10,False,warehouse-10-20-10-2-1-random-12.scen,60
60,warehouse-10-20-10-2-1.map,planner,1,6572,4772,235,172,5795,4772,5,0,10,True,warehouse-10-20-10-2-1-random-12.scen,60
60,warehouse-10-20-10-2-1.map,planner,1,6208,4772,206,172,5500,4772,5,0,100,False,warehouse-10-20-10-2-1-random-12.scen,60
60,warehouse-10-20-10-2-1.map,planner,1,6572,4772,235,172,5795,4772,5,0,100,True,warehouse-10-20-10-2-1-random-12.scen,60
60,warehouse-10-20-10-2-1.map,planner,1,6208,4772,206,172,5500,4772,5,0,1000,False,warehouse-10-20-10-2-1-random-12.scen,60
60,warehouse-10-20-10-2-1.map,planner,1,6572,4772,235,172,5795,4772,5,0,1000,True,warehouse-10-20-10-2-1-random-12.scen,60
100,warehouse-10-20-10-2-1.map,planner,1,11114,8269,220,182,10005,8269,8,0,0,False,warehouse-10-20-10-2-1-random-12.scen,100
100,warehouse-10-20-10-2-1.map,planner,1,11114,8269,220,182,10005,8269,8,0,0,True,warehouse-10-20-10-2-1-random-12.scen,100
100,warehouse-10-20-10-2-1.map,planner,1,11114,8269,220,182,10005,8269,8,0,1,False,warehouse-10-20-10-2-1-random-12.scen,100
100,warehouse-10-20-10-2-1.map,planner,1,14489,8269,515,182,12070,8269,51,0,1,True,warehouse-10-20-10-2-1-random-12.scen,100
100,warehouse-10-20-10-2-1.map,planner,1,11114,8269,220,182,10005,8269,8,0,10,False,warehouse-10-20-10-2-1-random-12.scen,100
100,warehouse-10-20-10-2-1.map,planner,1,14489,8269,515,182,12070,8269,51,0,10,True,warehouse-10-20-10-2-1-random-12.scen,100
100,warehouse-10-20-10-2-1.map,planner,1,11114,8269,220,182,10005,8269,9,0,100,False,warehouse-10-20-10-2-1-random-12.scen,100
100,warehouse-10-20-10-2-1.map,planner,1,14489,8269,515,182,12070,8269,50,0,100,True,warehouse-10-20-10-2-1-random-12.scen,100
100,warehouse-10-20-10-2-1.map,planner,1,11114,8269,220,182,10005,8269,8,0,1000,False,warehouse-10-20-10-2-1-random-12.scen,100
100,warehouse-10-20-10-2-1.map,planner,1,14489,8269,515,182,12070,8269,50,0,1000,True,warehouse-10-20-10-2-1-random-12.scen,100
140,warehouse-10-20-10-2-1.map,planner,1,15447,10910,250,182,13952,10910,618,0,0,False,warehouse-10-20-10-2-1-random-12.scen,140
140,warehouse-10-20-10-2-1.map,planner,1,15447,10910,250,182,13952,10910,649,0,0,True,warehouse-10-20-10-2-1-random-12.scen,140
140,warehouse-10-20-10-2-1.map,planner,1,15447,10910,250,182,13952,10910,621,0,1,False,warehouse-10-20-10-2-1-random-12.scen,140
140,warehouse-10-20-10-2-1.map,planner,1,24605,10910,714,182,19799,10910,1029,0,1,True,warehouse-10-20-10-2-1-random-12.scen,140
140,warehouse-10-20-10-2-1.map,planner,1,15447,10910,250,182,13952,10910,654,0,10,False,warehouse-10-20-10-2-1-random-12.scen,140
140,warehouse-10-20-10-2-1.map,planner,1,24605,10910,714,182,19799,10910,1052,0,10,True,warehouse-10-20-10-2-1-random-12.scen,140
140,warehouse-10-20-10-2-1.map,planner,1,15447,10910,250,182,13952,10910,669,0,100,False,warehouse-10-20-10-2-1-random-12.scen,140
140,warehouse-10-20-10-2-1.map,planner,1,24605,10910,714,182,19799,10910,1068,0,100,True,warehouse-10-20-10-2-1-random-12.scen,140
140,warehouse-10-20-10-2-1.map,planner,1,15447,10910,250,182,13952,10910,630,0,1000,False,warehouse-10-20-10-2-1-random-12.scen,140
140,warehouse-10-20-10-2-1.map,planner,1,24605,10910,714,182,19799,10910,1071,0,1000,True,warehouse-10-20-10-2-1-random-12.scen,140
180,warehouse-10-20-10-2-1.map,planner,1,22696,14169,367,182,19357,14169,1290,0,0,False,warehouse-10-20-10-2-1-random-12.scen,180
180,warehouse-10-20-10-2-1.map,planner,1,22696,14169,367,182,19357,14169,1272,0,0,True,warehouse-10-20-10-2-1-random-12.scen,180
180,warehouse-10-20-10-2-1.map,planner,1,22696,14169,367,182,19357,14169,1265,0,1,False,warehouse-10-20-10-2-1-random-12.scen,180
180,warehouse-10-20-10-2-1.map,planner,1,31862,14169,707,182,24566,14169,1141,0,1,True,warehouse-10-20-10-2-1-random-12.scen,180
180,warehouse-10-20-10-2-1.map,planner,1,22696,14169,367,182,19357,14169,1322,0,10,False,warehouse-10-20-10-2-1-random-12.scen,180
180,warehouse-10-20-10-2-1.map,planner,1,31862,14169,707,182,24566,14169,1225,0,10,True,warehouse-10-20-10-2-1-random-12.scen,180
180,warehouse-10-20-10-2-1.map,planner,1,22696,14169,367,182,19357,14169,1344,0,100,False,warehouse-10-20-10-2-1-random-12.scen,180
180,warehouse-10-20-10-2-1.map,planner,1,31862,14169,707,182,24566,14169,1219,0,100,True,warehouse-10-20-10-2-1-random-12.scen,180
180,warehouse-10-20-10-2-1.map,planner,1,22696,14169,367,182,19357,14169,1323,0,1000,False,warehouse-10-20-10-2-1-random-12.scen,180
180,warehouse-10-20-10-2-1.map,planner,1,31862,14169,707,182,24566,14169,1216,0,1000,True,warehouse-10-20-10-2-1-random-12.scen,180
20,warehouse-10-20-10-2-1.map,planner,1,1664,1650,178,178,1664,1650,1,0,0,False,warehouse-10-20-10-2-1-random-13.scen,20
20,warehouse-10-20-10-2-1.map,planner,1,1664,1650,178,178,1664,1650,1,0,0,True,warehouse-10-20-10-2-1-random-13.scen,20
20,warehouse-10-20-10-2-1.map,planner,1,1664,1650,178,178,1664,1650,1,0,1,False,warehouse-10-20-10-2-1-random-13.scen,20
20,warehouse-10-20-10-2-1.map,planner,1,1664,1650,178,178,1664,1650,1,0,1,True,warehouse-10-20-10-2-1-random-13.scen,20
20,warehouse-10-20-10-2-1.map,planner,1,1664,1650,178,178,1664,1650,1,0,10,False,warehouse-10-20-10-2-1-random-13.scen,20
20,warehouse-10-20-10-2-1.map,planner,1,1664,1650,178,178,1664,1650,1,0,10,True,warehouse-10-20-10-2-1-random-13.scen,20
20,warehouse-10-20-10-2-1.map,planner,1,1664,1650,178,178,1664,1650,1,0,100,False,warehouse-10-20-10-2-1-random-13.scen,20
20,warehouse-10-20-10-2-1.map,planner,1,1664,1650,178,178,1664,1650,1,0,100,True,warehouse-10-20-10-2-1-random-13.scen,20
20,warehouse-10-20-10-2-1.map,planner,1,1664,1650,178,178,1664,1650,1,0,1000,False,warehouse-10-20-10-2-1-random-13.scen,20
20,warehouse-10-20-10-2-1.map,planner,1,1664,1650,178,178,1664,1650,1,0,1000,True,warehouse-10-20-10-2-1-random-13.scen,20
60,warehouse-10-20-10-2-1.map,planner,1,6226,5067,206,178,5751,5067,234,0,0,False,warehouse-10-20-10-2-1-random-13.scen,60
60,warehouse-10-20-10-2-1.map,planner,1,6226,5067,206,178,5751,5067,231,0,0,True,warehouse-10-20-10-2-1-random-13.scen,60
60,warehouse-10-20-10-2-1.map,planner,1,6226,5067,206,178,5751,5067,231,0,1,False,warehouse-10-20-10-2-1-random-13.scen,60
60,warehouse-10-20-10-2-1.map,planner,1,6294,5067,205,178,5840,5067,400,0,1,True,warehouse-10-20-10-2-1-random-13.scen,60
60,warehouse-10-20-10-2-1.map,planner,1,6226,5067,206,178,5751,5067,224,0,10,False,warehouse-10-20-10-2-1-random-13.scen,60
60,warehouse-10-20-10-2-1.map,planner,1,6294,5067,205,178,5840,5067,404,0,10,True,warehouse-10-20-10-2-1-random-13.scen,60
60,warehouse-10-20-10-2-1.map,planner,1,6226,5067,206,178,5751,5067,238,0,100,False,warehouse-10-20-10-2-1-random-13.scen,60
60,warehouse-10-20-10-2-1.map,planner,1,6294,5067,205,178,5840,5067,401,0,100,True,warehouse-10-20-10-2-1-random-13.scen,60
60,warehouse-10-20-10-2-1.map,planner,1,6226,5067,206,178,5751,5067,223,0,1000,False,warehouse-10-20-10-2-1-random-13.scen,60
60,warehouse-10-20-10-2-1.map,planner,1,6294,5067,205,178,5840,5067,409,0,1000,True,warehouse-10-20-10-2-1-random-13.scen,60
100,warehouse-10-20-10-2-1.map,planner,1,11057,8316,264,196,10071,8316,215,0,0,False,warehouse-10-20-10-2-1-random-13.scen,100
100,warehouse-10-20-10-2-1.map,planner,1,11057,8316,264,196,10071,8316,215,0,0,True,warehouse-10-20-10-2-1-random-13.scen,100
100,warehouse-10-20-10-2-1.map,planner,1,11057,8316,264,196,10071,8316,221,0,1,False,warehouse-10-20-10-2-1-random-13.scen,100
100,warehouse-10-20-10-2-1.map,planner,1,11729,8316,299,196,10434,8316,290,0,1,True,warehouse-10-20-10-2-1-random-13.scen,100
100,warehouse-10-20-10-2-1.map,planner,1,11057,8316,264,196,10071,8316,227,0,10,False,warehouse-10-20-10-2-1-random-13.scen,100
100,warehouse-10-20-10-2-1.map,planner,1,11729,8316,299,196,10434,8316,277,0,10,True,warehouse-10-20-10-2-1-random-13.scen,100
100,warehouse-10-20-10-2-1.map,planner,1,11057,8316,264,196,10071,8316,217,0,100,False,warehouse-10-20-10-2-1-random-13.scen,100
100,warehouse-10-20-10-2-1.map,planner,1,11729,8316,299,196,10434,8316,276,0,100,True,warehouse-10-20-10-2-1-random-13.scen,100
100,warehouse-10-20-10-2-1.map,planner,1,11057,8316,264,196,10071,8316,224,0,1000,False,warehouse-10-20-10-2-1-random-13.scen,100
100,warehouse-10-20-10-2-1.map,planner,1,11729,8316,299,196,10434,8316,274,0,1000,True,warehouse-10-20-10-2-1-random-13.scen,100
140,warehouse-10-20-10-2-1.map,planner,1,17186,11393,354,196,15337,11393,924,0,0,False,warehouse-10-20-10-2-1-random-13.scen,140
140,warehouse-10-20-10-2-1.map,planner,1,17186,11393,354,196,15337,11393,918,0,0,True,warehouse-10-20-10-2-1-random-13.scen,140
140,warehouse-10-20-10-2-1.map,planner,1,17186,11393,354,196,15337,11393,918,0,1,False,warehouse-10-20-10-2-1-random-13.scen,140
140,warehouse-10-20-10-2-1.map,planner,1,24242,11393,625,196,19093,11393,958,0,1,True,warehouse-10-20-10-2-1-random-13.scen,140
140,warehouse-10-20-10-2-1.map,planner,1,17186,11393,354,196,15337,11393,914,0,10,False,warehouse-10-20-10-2-1-random-13.scen,140
140,warehouse-10-20-10-2-1.map,planner,1,24242,11393,625,196,19093,11393,949,0,10,True,warehouse-10-20-10-2-1-random-13.scen,140
140,warehouse-10-20-10-2-1.map,planner,1,17186,11393,354,196,15337,11393,894,0,100,False,warehouse-10-20-10-2-1-random-13.scen,140
140,warehouse-10-20-10-2-1.map,planner,1,24242,11393,625,196,19093,11393,940,0,100,True,warehouse-10-20-10-2-1-random-13.scen,140
140,warehouse-10-20-10-2-1.map,planner,1,17186,11393,354,196,15337,11393,899,0,1000,False,warehouse-10-20-10-2-1-random-13.scen,140
140,warehouse-10-20-10-2-1.map,planner,1,24242,11393,625,196,19093,11393,937,0,1000,True,warehouse-10-20-10-2-1-random-13.scen,140
180,warehouse-10-20-10-2-1.map,planner,1,22431,14647,315,196,19234,14647,6223,0,0,False,warehouse-10-20-10-2-1-random-13.scen,180
180,warehouse-10-20-10-2-1.map,planner,1,22431,14647,315,196,19234,14647,6138,0,0,True,warehouse-10-20-10-2-1-random-13.scen,180
180,warehouse-10-20-10-2-1.map,planner,1,22431,14647,315,196,19234,14647,6170,0,1,False,warehouse-10-20-10-2-1-random-13.scen,180
180,warehouse-10-20-10-2-1.map,planner,1,46518,14647,1171,196,34225,14647,7959,0,1,True,warehouse-10-20-10-2-1-random-13.scen,180
180,warehouse-10-20-10-2-1.map,planner,1,22431,14647,315,196,19234,14647,6284,0,10,False,warehouse-10-20-10-2-1-random-13.scen,180
180,warehouse-10-20-10-2-1.map,planner,1,42586,14647,1124,196,34007,14647,7099,0,10,True,warehouse-10-20-10-2-1-random-13.scen,180
180,warehouse-10-20-10-2-1.map,planner,1,22431,14647,315,196,19234,14647,6108,0,100,False,warehouse-10-20-10-2-1-random-13.scen,180
180,warehouse-10-20-10-2-1.map,planner,1,42586,14647,1124,196,34007,14647,7466,0,100,True,warehouse-10-20-10-2-1-random-13.scen,180
180,warehouse-10-20-10-2-1.map,planner,1,22431,14647,315,196,19234,14647,6079,0,1000,False,warehouse-10-20-10-2-1-random-13.scen,180
180,warehouse-10-20-10-2-1.map,planner,1,42586,14647,1124,196,34007,14647,7152,0,1000,True,warehouse-10-20-10-2-1-random-13.scen,180
20,warehouse-10-20-10-2-1.map,planner,1,1999,1654,204,179,1983,1654,17,0,0,False,warehouse-10-20-10-2-1-random-24.scen,20
20,warehouse-10-20-10-2-1.map,planner,1,1999,1654,204,179,1983,1654,18,0,0,True,warehouse-10-20-10-2-1-random-24.scen,20
20,warehouse-10-20-10-2-1.map,planner,1,1999,1654,204,179,1983,1654,17,0,1,False,warehouse-10-20-10-2-1-random-24.scen,20
20,warehouse-10-20-10-2-1.map,planner,1,1999,1654,204,179,1983,1654,18,0,1,True,warehouse-10-20-10-2-1-random-24.scen,20
20,warehouse-10-20-10-2-1.map,planner,1,1999,1654,204,179,1983,1654,19,0,10,False,warehouse-10-20-10-2-1-random-24.scen,20
20,warehouse-10-20-10-2-1.map,planner,1,1999,1654,204,179,1983,1654,18,0,10,True,warehouse-10-20-10-2-1-random-24.scen,20
20,warehouse-10-20-10-2-1.map,planner,1,1999,1654,204,179,1983,1654,17,0,100,False,warehouse-10-20-10-2-1-random-24.scen,20
20,warehouse-10-20-10-2-1.map,planner,1,1999,1654,204,179,1983,1654,17,0,100,True,warehouse-10-20-10-2-1-random-24.scen,20
20,warehouse-10-20-10-2-1.map,planner,1,1999,1654,204,179,1983,1654,17,0,1000,False,warehouse-10-20-10-2-1-random-24.scen,20
20,warehouse-10-20-10-2-1.map,planner,1,1999,1654,204,179,1983,1654,17,0,1000,True,warehouse-10-20-10-2-1-random-24.scen,20
60,warehouse-10-20-10-2-1.map,planner,1,6314,5501,212,212,6106,5501,4,0,0,False,warehouse-10-20-10-2-1-random-24.scen,60
60,warehouse-10-20-10-2-1.map,planner,1,6314,5501,212,212,6106,5501,5,0,0,True,warehouse-10-20-10-2-1-random-24.scen,60
60,warehouse-10-20-10-2-1.map,planner,1,6314,5501,212,212,6106,5501,5,0,1,False,warehouse-10-20-10-2-1-random-24.scen,60
60,warehouse-10-20-10-2-1.map,planner,1,7023,5501,288,212,6536,5501,36,0,1,True,warehouse-10-20-10-2-1-random-24.scen,60
60,warehouse-10-20-10-2-1.map,planner,1,6314,5501,212,212,6106,5501,5,0,10,False,warehouse-10-20-10-2-1-random-24.scen,60
60,warehouse-10-20-10-2-1.map,planner,1,7023,5501,288,212,6536,5501,38,0,10,True,warehouse-10-20-10-2-1-random-24.scen,60
60,warehouse-10-20-10-2-1.map,planner,1,6314,5501,212,212,6106,5501,5,0,100,False,warehouse-10-20-10-2-1-random-24.scen,60
60,warehouse-10-20-10-2-1.map,planner,1,7023,5501,288,212,6536,5501,38,0,100,True,warehouse-10-20-10-2-1-random-24.scen,60
60,warehouse-10-20-10-2-1.map,planner,1,6314,5501,212,212,6106,5501,5,0,1000,False,warehouse-10-20-10-2-1-random-24.scen,60
60,warehouse-10-20-10-2-1.map,planner,1,7023,5501,288,212,6536,5501,38,0,1000,True,warehouse-10-20-10-2-1-random-24.scen,60
100,warehouse-10-20-10-2-1.map,planner,1,12546,9213,234,212,11389,9213,18,0,0,False,warehouse-10-20-10-2-1-random-24.scen,100
100,warehouse-10-20-10-2-1.map,planner,1,12546,9213,234,212,11389,9213,19,0,0,True,warehouse-10-20-10-2-1-random-24.scen,100
100,warehouse-10-20-10-2-1.map,planner,1,12546,9213,234,212,11389,9213,19,0,1,False,warehouse-10-20-10-2-1-random-24.scen,100
100,warehouse-10-20-10-2-1.map,planner,1,16944,9213,605,212,14500,9213,1555,0,1,True,warehouse-10-20-10-2-1-random-24.scen,100
100,warehouse-10-20-10-2-1.map,planner,1,12546,9213,234,212,11389,9213,18,0,10,False,warehouse-10-20-10-2-1-random-24.scen,100
100,warehouse-10-20-10-2-1.map,planner,1,16944,9213,605,212,14500,9213,1515,0,10,True,warehouse-10-20-10-2-1-random-24.scen,100
100,warehouse-10-20-10-2-1.map,planner,1,12546,9213,234,212,11389,9213,17,0,100,False,warehouse-10-20-10-2-1-random-24.scen,100
100,warehouse-10-20-10-2-1.map,planner,1,16944,9213,605,212,14500,9213,1540,0,100,True,warehouse-10-20-10-2-1-random-24.scen,100
100,warehouse-10-20-10-2-1.map,planner,1,12546,9213,234,212,11389,9213,17,0,1000,False,warehouse-10-20-10-2-1-random-24.scen,100
100,warehouse-10-20-10-2-1.map,planner,1,16944,9213,605,212,14500,9213,1515,0,1000,True,warehouse-10-20-10-2-1-random-24.scen,100
140,warehouse-10-20-10-2-1.map,planner,1,18689,12267,388,212,17115,12267,2420,0,0,False,warehouse-10-20-10-2-1-random-24.scen,140
140,warehouse-10-20-10-2-1.map,planner,1,18689,12267,388,212,17115,12267,2486,0,0,True,warehouse-10-20-10-2-1-random-24.scen,140
140,warehouse-10-20-10-2-1.map,planner,1,18689,12267,388,212,17115,12267,2462,0,1,False,warehouse-10-20-10-2-1-random-24.scen,140
140,warehouse-10-20-10-2-1.map,planner,1,24327,12267,624,212,20640,12267,555,0,1,True,warehouse-10-20-10-2-1-random-24.scen,140
140,warehouse-10-20-10-2-1.map,planner,1,18689,12267,388,212,17115,12267,2457,0,10,False,warehouse-10-20-10-2-1-random-24.scen,140
140,warehouse-10-20-10-2-1.map,planner,1,24327,12267,624,212,20640,12267,555,0,10,True,warehouse-10-20-10-2-1-random-24.scen,140
140,warehouse-10-20-10-2-1.map,planner,1,18689,12267,388,212,17115,12267,2450,0,100,False,warehouse-10-20-10-2-1-random-24.scen,140
140,warehouse-10-20-10-2-1.map,planner,1,24327,12267,624,212,20640,12267,535,0,100,True,warehouse-10-20-10-2-1-random-24.scen,140
140,warehouse-10-20-10-2-1.map,planner,1,18689,12267,388,212,17115,12267,2543,0,1000,False,warehouse-10-20-10-2-1-random-24.scen,140
140,warehouse-10-20-10-2-1.map,planner,1,24327,12267,624,212,20640,12267,577,0,1000,True,warehouse-10-20-10-2-1-random-24.scen,140
180,warehouse-10-20-10-2-1.map,planner,1,28750,15474,706,212,24688,15474,6851,0,0,False,warehouse-10-20-10-2-1-random-24.scen,180
180,warehouse-10-20-10-2-1.map,planner,1,28750,15474,706,212,24688,15474,6739,0,0,True,warehouse-10-20-10-2-1-random-24.scen,180
180,warehouse-10-20-10-2-1.map,planner,1,28750,15474,706,212,24688,15474,6653,0,1,False,warehouse-10-20-10-2-1-random-24.scen,180
180,warehouse-10-20-10-2-1.map,planner,1,44171,15474,1178,212,32584,15474,11469,0,1,True,warehouse-10-20-10-2-1-random-24.scen,180
180,warehouse-10-20-10-2-1.map,planner,1,28750,15474,706,212,24688,15474,6754,0,10,False,warehouse-10-20-10-2-1-random-24.scen,180
180,warehouse-10-20-10-2-1.map,planner,1,44171,15474,1178,212,32584,15474,11450,0,10,True,warehouse-10-20-10-2-1-random-24.scen,180
180,warehouse-10-20-10-2-1.map,planner,1,28750,15474,706,212,24688,15474,6832,0,100,False,warehouse-10-20-10-2-1-random-24.scen,180
180,warehouse-10-20-10-2-1.map,planner,1,44171,15474,1178,212,32584,15474,11325,0,100,True,warehouse-10-20-10-2-1-random-24.scen,180
180,warehouse-10-20-10-2-1.map,planner,1,28750,15474,706,212,24688,15474,6773,0,1000,False,warehouse-10-20-10-2-1-random-24.scen,180
180,warehouse-10-20-10-2-1.map,planner,1,44171,15474,1178,212,32584,15474,11414,0,1000,True,warehouse-10-20-10-2-1-random-24.scen,180
20,warehouse-10-20-10-2-1.map,planner,1,1864,1640,162,162,1750,1640,1,0,0,False,warehouse-10-20-10-2-1-random-22.scen,20
20,warehouse-10-20-10-2-1.map,planner,1,1864,1640,162,162,1750,1640,1,0,0,True,warehouse-10-20-10-2-1-random-22.scen,20
20,warehouse-10-20-10-2-1.map,planner,1,1864,1640,162,162,1750,1640,1,0,1,False,warehouse-10-20-10-2-1-random-22.scen,20
20,warehouse-10-20-10-2-1.map,planner,1,1864,1640,162,162,1750,1640,1,0,1,True,warehouse-10-20-10-2-1-random-22.scen,20
20,warehouse-10-20-10-2-1.map,planner,1,1864,1640,162,162,1750,1640,1,0,10,False,warehouse-10-20-10-2-1-random-22.scen,20
20,warehouse-10-20-10-2-1.map,planner,1,1864,1640,162,162,1750,1640,1,0,10,True,warehouse-10-20-10-2-1-random-22.scen,20
20,warehouse-10-20-10-2-1.map,planner,1,1864,1640,162,162,1750,1640,1,0,100,False,warehouse-10-20-10-2-1-random-22.scen,20
20,warehouse-10-20-10-2-1.map,planner,1,1864,1640,162,162,1750,1640,1,0,100,True,warehouse-10-20-10-2-1-random-22.scen,20
20,warehouse-10-20-10-2-1.map,planner,1,1864,1640,162,162,1750,1640,1,0,1000,False,warehouse-10-20-10-2-1-random-22.scen,20
20,warehouse-10-20-10-2-1.map,planner,1,1864,1640,162,162,1750,1640,1,0,1000,True,warehouse-10-20-10-2-1-random-22.scen,20
60,warehouse-10-20-10-2-1.map,planner,1,6767,5229,184,181,6136,5229,5,0,0,False,warehouse-10-20-10-2-1-random-22.scen,60
60,warehouse-10-20-10-2-1.map,planner,1,6767,5229,184,181,6136,5229,5,0,0,True,warehouse-10-20-10-2-1-random-22.scen,60
60,warehouse-10-20-10-2-1.map,planner,1,6767,5229,184,181,6136,5229,5,0,1,False,warehouse-10-20-10-2-1-random-22.scen,60
60,warehouse-10-20-10-2-1.map,planner,1,6655,5229,194,181,6013,5229,5,0,1,True,warehouse-10-20-10-2-1-random-22.scen,60
60,warehouse-10-20-10-2-1.map,planner,1,6767,5229,184,181,6136,5229,5,0,10,False,warehouse-10-20-10-2-1-random-22.scen,60
60,warehouse-10-20-10-2-1.map,planner,1,6655,5229,194,181,6013,5229,5,0,10,True,warehouse-10-20-10-2-1-random-22.scen,60
60,warehouse-10-20-10-2-1.map,planner,1,6767,5229,184,181,6136,5229,5,0,100,False,warehouse-10-20-10-2-1-random-22.scen,60
60,warehouse-10-20-10-2-1.map,planner,1,6655,5229,194,181,6013,5229,5,0,100,True,warehouse-10-20-10-2-1-random-22.scen,60
60,warehouse-10-20-10-2-1.map,planner,1,6767,5229,184,181,6136,5229,5,0,1000,False,warehouse-10-20-10-2-1-random-22.scen,60
60,warehouse-10-20-10-2-1.map,planner,1,6655,5229,194,181,6013,5229,5,0,1000,True,warehouse-10-20-10-2-1-random-22.scen,60
100,warehouse-10-20-10-2-1.map,planner,1,11901,8583,237,181,10509,8583,256,0,0,False,warehouse-10-20-10-2-1-random-22.scen,100
100,warehouse-10-20-10-2-1.map,planner,1,11901,8583,237,181,10509,8583,242,0,0,True,warehouse-10-20-10-2-1-random-22.scen,100
100,warehouse-10-20-10-2-1.map,planner,1,11901,8583,237,181,10509,8583,245,0,1,False,warehouse-10-20-10-2-1-random-22.scen,100
100,warehouse-10-20-10-2-1.map,planner,1,12559,8583,276,181,10657,8583,208,0,1,True,warehouse-10-20-10-2-1-random-22.scen,100
100,warehouse-10-20-10-2-1.map,planner,1,11901,8583,237,181,10509,8583,246,0,10,False,warehouse-10-20-10-2-1-random-22.scen,100
100,warehouse-10-20-10-2-1.map,planner,1,12559,8583,276,181,10657,8583,204,0,10,True,warehouse-10-20-10-2-1-random-22.scen,100
100,warehouse-10-20-10-2-1.map,planner,1,11901,8583,237,181,10509,8583,252,0,100,False,warehouse-10-20-10-2-1-random-22.scen,100
100,warehouse-10-20-10-2-1.map,planner,1,12559,8583,276,181,10657,8583,204,0,100,True,warehouse-10-20-10-2-1-random-22.scen,100
100,warehouse-10-20-10-2-1.map,planner,1,11901,8583,237,181,10509,8583,257,0,1000,False,warehouse-10-20-10-2-1-random-22.scen,100
100,warehouse-10-20-10-2-1.map,planner,1,12559,8583,276,181,10657,8583,210,0,1000,True,warehouse-10-20-10-2-1-random-22.scen,100
140,warehouse-10-20-10-2-1.map,planner,1,17789,11338,373,181,15749,11338,1722,0,0,False,warehouse-10-20-10-2-1-random-22.scen,140
140,warehouse-10-20-10-2-1.map,planner,1,17789,11338,373,181,15749,11338,1752,0,0,True,warehouse-10-20-10-2-1-random-22.scen,140
140,warehouse-10-20-10-2-1.map,planner,1,17789,11338,373,181,15749,11338,1777,0,1,False,warehouse-10-20-10-2-1-random-22.scen,140
140,warehouse-10-20-10-2-1.map,planner,1,23152,11338,593,181,18275,11338,1165,0,1,True,warehouse-10-20-10-2-1-random-22.scen,140
140,warehouse-10-20-10-2-1.map,planner,1,17789,11338,373,181,15749,11338,1785,0,10,False,warehouse-10-20-10-2-1-random-22.scen,140
140,warehouse-10-20-10-2-1.map,planner,1,23152,11338,593,181,18275,11338,1138,0,10,True,warehouse-10-20-10-2-1-random-22.scen,140
140,warehouse-10-20-10-2-1.map,planner,1,17789,11338,373,181,15749,11338,1802,0,100,False,warehouse-10-20-10-2-1-random-22.scen,140
140,warehouse-10-20-10-2-1.map,planner,1,23152,11338,593,181,18275,11338,1114,0,100,True,warehouse-10-20-10-2-1-random-22.scen,140
140,warehouse-10-20-10-2-1.map,planner,1,17789,11338,373,181,15749,11338,1781,0,1000,False,warehouse-10-20-10-2-1-random-22.scen,140
140,warehouse-10-20-10-2-1.map,planner,1,23152,11338,593,181,18275,11338,1114,0,1000,True,warehouse-10-20-10-2-1-random-22.scen,140
180,warehouse-10-20-10-2-1.map,planner,1,24365,14498,370,181,20924,14498,1074,0,0,False,warehouse-10-20-10-2-1-random-22.scen,180
180,warehouse-10-20-10-2-1.map,planner,1,24365,14498,370,181,20924,14498,1077,0,0,True,warehouse-10-20-10-2-1-random-22.scen,180
180,warehouse-10-20-10-2-1.map,planner,1,24365,14498,370,181,20924,14498,1066,0,1,False,warehouse-10-20-10-2-1-random-22.scen,180
180,warehouse-10-20-10-2-1.map,planner,1,39377,14498,854,181,29123,14498,1923,0,1,True,warehouse-10-20-10-2-1-random-22.scen,180
180,warehouse-10-20-10-2-1.map,planner,1,24365,14498,370,181,20924,14498,1052,0,10,False,warehouse-10-20-10-2-1-random-22.scen,180
180,warehouse-10-20-10-2-1.map,planner,1,37635,14498,824,181,27031,14498,3536,0,10,True,warehouse-10-20-10-2-1-random-22.scen,180
180,warehouse-10-20-10-2-1.map,planner,1,24365,14498,370,181,20924,14498,1076,0,100,False,warehouse-10-20-10-2-1-random-22.scen,180
180,warehouse-10-20-10-2-1.map,planner,1,37635,14498,824,181,27031,14498,3545,0,100,True,warehouse-10-20-10-2-1-random-22.scen,180
180,warehouse-10-20-10-2-1.map,planner,1,24365,14498,370,181,20924,14498,1092,0,1000,False,warehouse-10-20-10-2-1-random-22.scen,180
180,warehouse-10-20-10-2-1.map,planner,1,37635,14498,824,181,27031,14498,3574,0,1000,True,warehouse-10-20-10-2-1-random-22.scen,180
20,warehouse-10-20-10-2-1.map,planner,1,1552,1491,167,167,1515,1491,1,0,0,False,warehouse-10-20-10-2-1-random-21.scen,20
20,warehouse-10-20-10-2-1.map,planner,1,1552,1491,167,167,1515,1491,1,0,0,True,warehouse-10-20-10-2-1-random-21.scen,20
20,warehouse-10-20-10-2-1.map,planner,1,1552,1491,167,167,1515,1491,1,0,1,False,warehouse-10-20-10-2-1-random-21.scen,20
20,warehouse-10-20-10-2-1.map,planner,1,1552,1491,167,167,1515,1491,1,0,1,True,warehouse-10-20-10-2-1-random-21.scen,20
20,warehouse-10-20-10-2-1.map,planner,1,1552,1491,167,167,1515,1491,1,0,10,False,warehouse-10-20-10-2-1-random-21.scen,20
20,warehouse-10-20-10-2-1.map,planner,1,1552,1491,167,167,1515,1491,1,0,10,True,warehouse-10-20-10-2-1-random-21.scen,20
20,warehouse-10-20-10-2-1.map,planner,1,1552,1491,167,167,1515,1491,1,0,100,False,warehouse-10-20-10-2-1-random-21.scen,20
20,warehouse-10-20-10-2-1.map,planner,1,1552,1491,167,167,1515,1491,1,0,100,True,warehouse-10-20-10-2-1-random-21.scen,20
20,warehouse-10-20-10-2-1.map,planner,1,1552,1491,167,167,1515,1491,1,0,1000,False,warehouse-10-20-10-2-1-random-21.scen,20
20,warehouse-10-20-10-2-1.map,planner,1,1552,1491,167,167,1515,1491,1,0,1000,True,warehouse-10-20-10-2-1-random-21.scen,20
60,warehouse-10-20-10-2-1.map,planner,1,6382,5369,183,183,5924,5369,5,0,0,False,warehouse-10-20-10-2-1-random-21.scen,60
60,warehouse-10-20-10-2-1.map,planner,1,6382,5369,183,183,5924,5369,5,0,0,True,warehouse-10-20-10-2-1-random-21.scen,60
60,warehouse-10-20-10-2-1.map,planner,1,6382,5369,183,183,5924,5369,5,0,1,False,warehouse-10-20-10-2-1-random-21.scen,60
60,warehouse-10-20-10-2-1.map,planner,1,6747,5369,289,183,6244,5369,6,0,1,True,warehouse-10-20-10-2-1-random-21.scen,60
60,warehouse-10-20-10-2-1.map,planner,1,6382,5369,183,183,5924,5369,5,0,10,False,warehouse-10-20-10-2-1-random-21.scen,60
60,warehouse-10-20-10-2-1.map,planner,1,6747,5369,289,183,6244,5369,6,0,10,True,warehouse-10-20-10-2-1-random-21.scen,60
60,warehouse-10-20-10-2-1.map,planner,1,6382,5369,183,183,5924,5369,5,0,100,False,warehouse-10-20-10-2-1-random-21.scen,60
60,warehouse-10-20-10-2-1.map,planner,1,6747,5369,289,183,6244,5369,6,0,100,True,warehouse-10-20-10-2-1-random-21.scen,60
60,warehouse-10-20-10-2-1.map,planner,1,6382,5369,183,183,5924,5369,5,0,1000,False,warehouse-10-20-10-2-1-random-21.scen,60
60,warehouse-10-20-10-2-1.map,planner,1,6747,5369,289,183,6244,5369,6,0,1000,True,warehouse-10-20-10-2-1-random-21.scen,60
100,warehouse-10-20-10-2-1.map,planner,1,11479,8812,204,183,10670,8812,68,0,0,False,warehouse-10-20-10-2-1-random-21.scen,100
100,warehouse-10-20-10-2-1.map,planner,1,11479,8812,204,183,10670,8812,69,0,0,True,warehouse-10-20-10-2-1-random-21.scen,100
100,warehouse-10-20-10-2-1.map,planner,1,11479,8812,204,183,10670,8812,70,0,1,False,warehouse-10-20-10-2-1-random-21.scen,100
100,warehouse-10-20-10-2-1.map,planner,1,13644,8812,467,183,11966,8812,81,0,1,True,warehouse-10-20-10-2-1-random-21.scen,100
100,warehouse-10-20-10-2-1.map,planner,1,11479,8812,204,183,10670,8812,71,0,10,False,warehouse-10-20-10-2-1-random-21.scen,100
100,warehouse-10-20-10-2-1.map,planner,1,13644,8812,467,183,11966,8812,77,0,10,True,warehouse-10-20-10-2-1-random-21.scen,100
100,warehouse-10-20-10-2-1.map,planner,1,11479,8812,204,183,10670,8812,70,0,100,False,warehouse-10-20-10-2-1-random-21.scen,100
100,warehouse-10-20-10-2-1.map,planner,1,13644,8812,467,183,11966,8812,76,0,100,True,warehouse-10-20-10-2-1-random-21.scen,100
100,warehouse-10-20-10-2-1.map,planner,1,11479,8812,204,183,10670,8812,69,0,1000,False,warehouse-10-20-10-2-1-random-21.scen,100
100,warehouse-10-20-10-2-1.map,planner,1,13644,8812,467,183,11966,8812,74,0,1000,True,warehouse-10-20-10-2-1-random-21.scen,100
140,warehouse-10-20-10-2-1.map,planner,1,19266,11766,404,183,16707,11766,1720,0,0,False,warehouse-10-20-10-2-1-random-21.scen,140
140,warehouse-10-20-10-2-1.map,planner,1,19266,11766,404,183,16707,11766,1717,0,0,True,warehouse-10-20-10-2-1-random-21.scen,140
140,warehouse-10-20-10-2-1.map,planner,1,19266,11766,404,183,16707,11766,1707,0,1,False,warehouse-10-20-10-2-1-random-21.scen,140
140,warehouse-10-20-10-2-1.map,planner,1,29541,11766,862,183,23058,11766,1890,0,1,True,warehouse-10-20-10-2-1-random-21.scen,140
140,warehouse-10-20-10-2-1.map,planner,1,19266,11766,404,183,16707,11766,1697,0,10,False,warehouse-10-20-10-2-1-random-21.scen,140
140,warehouse-10-20-10-2-1.map,planner,1,29541,11766,862,183,23058,11766,1959,0,10,True,warehouse-10-20-10-2-1-random-21.scen,140
140,warehouse-10-20-10-2-1.map,planner,1,19266,11766,404,183,16707,11766,1811,0,100,False,warehouse-10-20-10-2-1-random-21.scen,140
140,warehouse-10-20-10-2-1.map,planner,1,29541,11766,862,183,23058,11766,1962,0,100,True,warehouse-10-20-10-2-1-random-21.scen,140
140,warehouse-10-20-10-2-1.map,planner,1,19266,11766,404,183,16707,11766,1739,0,1000,False,warehouse-10-20-10-2-1-random-21.scen,140
140,warehouse-10-20-10-2-1.map,planner,1,29541,11766,862,183,23058,11766,1964,0,1000,True,warehouse-10-20-10-2-1-random-21.scen,140
180,warehouse-10-20-10-2-1.map,planner,1,28390,14534,686,183,24911,14534,11776,0,0,False,warehouse-10-20-10-2-1-random-21.scen,180
180,warehouse-10-20-10-2-1.map,planner,1,28390,14534,686,183,24911,14534,11500,0,0,True,warehouse-10-20-10-2-1-random-21.scen,180
180,warehouse-10-20-10-2-1.map,planner,1,28390,14534,686,183,24911,14534,11490,0,1,False,warehouse-10-20-10-2-1-random-21.scen,180
180,warehouse-10-20-10-2-1.map,planner,1,70064,14534,1520,183,45564,14534,6509,0,1,True,warehouse-10-20-10-2-1-random-21.scen,180
180,warehouse-10-20-10-2-1.map,planner,1,28390,14534,686,183,24911,14534,11494,0,10,False,warehouse-10-20-10-2-1-random-21.scen,180
180,warehouse-10-20-10-2-1.map,planner,1,89872,14534,1881,183,60265,14534,10049,0,10,True,warehouse-10-20-10-2-1-random-21.scen,180
180,warehouse-10-20-10-2-1.map,planner,1,28390,14534,686,183,24911,14534,11378,0,100,False,warehouse-10-20-10-2-1-random-21.scen,180
180,warehouse-10-20-10-2-1.map,planner,1,88284,14534,1992,183,60991,14534,13370,0,100,True,warehouse-10-20-10-2-1-random-21.scen,180
180,warehouse-10-20-10-2-1.map,planner,1,28390,14534,686,183,24911,14534,11576,0,1000,False,warehouse-10-20-10-2-1-random-21.scen,180
180,warehouse-10-20-10-2-1.map,planner,1,88284,14534,1992,183,60991,14534,13089,0,1000,True,warehouse-10-20-10-2-1-random-21.scen,180
20,warehouse-10-20-10-2-1.map,planner,1,1807,1508,168,168,1573,1508,1,0,0,False,warehouse-10-20-10-2-1-random-14.scen,20
20,warehouse-10-20-10-2-1.map,planner,1,1807,1508,168,168,1573,1508,1,0,0,True,warehouse-10-20-10-2-1-random-14.scen,20
20,warehouse-10-20-10-2-1.map,planner,1,1807,1508,168,168,1573,1508,1,0,1,False,warehouse-10-20-10-2-1-random-14.scen,20
20,warehouse-10-20-10-2-1.map,planner,1,1807,1508,168,168,1573,1508,1,0,1,True,warehouse-10-20-10-2-1-random-14.scen,20
20,warehouse-10-20-10-2-1.map,planner,1,1807,1508,168,168,1573,1508,1,0,10,False,warehouse-10-20-10-2-1-random-14.scen,20
20,warehouse-10-20-10-2-1.map,planner,1,1807,1508,168,168,1573,1508,1,0,10,True,warehouse-10-20-10-2-1-random-14.scen,20
20,warehouse-10-20-10-2-1.map,planner,1,1807,1508,168,168,1573,1508,1,0,100,False,warehouse-10-20-10-2-1-random-14.scen,20
20,warehouse-10-20-10-2-1.map,planner,1,1807,1508,168,168,1573,1508,1,0,100,True,warehouse-10-20-10-2-1-random-14.scen,20
20,warehouse-10-20-10-2-1.map,planner,1,1807,1508,168,168,1573,1508,1,0,1000,False,warehouse-10-20-10-2-1-random-14.scen,20
20,warehouse-10-20-10-2-1.map,planner,1,1807,1508,168,168,1573,1508,1,0,1000,True,warehouse-10-20-10-2-1-random-14.scen,20
60,warehouse-10-20-10-2-1.map,planner,1,7041,5253,219,173,5975,5253,18,0,0,False,warehouse-10-20-10-2-1-random-14.scen,60
60,warehouse-10-20-10-2-1.map,planner,1,7041,5253,219,173,5975,5253,19,0,0,True,warehouse-10-20-10-2-1-random-14.scen,60
60,warehouse-10-20-10-2-1.map,planner,1,7041,5253,219,173,5975,5253,19,0,1,False,warehouse-10-20-10-2-1-random-14.scen,60
60,warehouse-10-20-10-2-1.map,planner,1,7309,5253,246,173,6156,5253,17,0,1,True,warehouse-10-20-10-2-1-random-14.scen,60
60,warehouse-10-20-10-2-1.map,planner,1,7041,5253,219,173,5975,5253,18,0,10,False,warehouse-10-20-10-2-1-random-14.scen,60
60,warehouse-10-20-10-2-1.map,planner,1,7309,5253,246,173,6156,5253,17,0,10,True,warehouse-10-20-10-2-1-random-14.scen,60
60,warehouse-10-20-10-2-1.map,planner,1,7041,5253,219,173,5975,5253,19,0,100,False,warehouse-10-20-10-2-1-random-14.scen,60
60,warehouse-10-20-10-2-1.map,planner,1,7309,5253,246,173,6156,5253,17,0,100,True,warehouse-10-20-10-2-1-random-14.scen,60
60,warehouse-10-20-10-2-1.map,planner,1,7041,5253,219,173,5975,5253,18,0,1000,False,warehouse-10-20-10-2-1-random-14.scen,60
60,warehouse-10-20-10-2-1.map,planner,1,7309,5253,246,173,6156,5253,18,0,1000,True,warehouse-10-20-10-2-1-random-14.scen,60
100,warehouse-10-20-10-2-1.map,planner,1,12620,8842,246,182,11037,8842,27,0,0,False,warehouse-10-20-10-2-1-random-14.scen,100
100,warehouse-10-20-10-2-1.map,planner,1,12620,8842,246,182,11037,8842,27,0,0,True,warehouse-10-20-10-2-1-random-14.scen,100
100,warehouse-10-20-10-2-1.map,planner,1,12620,8842,246,182,11037,8842,26,0,1,False,warehouse-10-20-10-2-1-random-14.scen,100
100,warehouse-10-20-10-2-1.map,planner,1,12642,8842,264,182,10944,8842,31,0,1,True,warehouse-10-20-10-2-1-random-14.scen,100
100,warehouse-10-20-10-2-1.map,planner,1,12620,8842,246,182,11037,8842,26,0,10,False,warehouse-10-20-10-2-1-random-14.scen,100
100,warehouse-10-20-10-2-1.map,planner,1,12642,8842,264,182,10944,8842,30,0,10,True,warehouse-10-20-10-2-1-random-14.scen,100
100,warehouse-10-20-10-2-1.map,planner,1,12620,8842,246,182,11037,8842,25,0,100,False,warehouse-10-20-10-2-1-random-14.scen,100
100,warehouse-10-20-10-2-1.map,planner,1,12642,8842,264,182,10944,8842,29,0,100,True,warehouse-10-20-10-2-1-random-14.scen,100
100,warehouse-10-20-10-2-1.map,planner,1,12620,8842,246,182,11037,8842,26,0,1000,False,warehouse-10-20-10-2-1-random-14.scen,100
100,warehouse-10-20-10-2-1.map,planner,1,12642,8842,264,182,10944,8842,31,0,1000,True,warehouse-10-20-10-2-1-random-14.scen,100
140,warehouse-10-20-10-2-1.map,planner,1,19338,11607,384,182,16457,11607,753,0,0,False,warehouse-10-20-10-2-1-random-14.scen,140
140,warehouse-10-20-10-2-1.map,planner,1,19338,11607,384,182,16457,11607,787,0,0,True,warehouse-10-20-10-2-1-random-14.scen,140
140,warehouse-10-20-10-2-1.map,planner,1,19338,11607,384,182,16457,11607,757,0,1,False,warehouse-10-20-10-2-1-random-14.scen,140
140,warehouse-10-20-10-2-1.map,planner,1,52570,11607,1624,182,37807,11607,14753,0,1,True,warehouse-10-20-10-2-1-random-14.scen,140
140,warehouse-10-20-10-2-1.map,planner,1,19338,11607,384,182,16457,11607,751,0,10,False,warehouse-10-20-10-2-1-random-14.scen,140
140,warehouse-10-20-10-2-1.map,planner,1,52570,11607,1624,182,37807,11607,14649,0,10,True,warehouse-10-20-10-2-1-random-14.scen,140
140,warehouse-10-20-10-2-1.map,planner,1,19338,11607,384,182,16457,11607,755,0,100,False,warehouse-10-20-10-2-1-random-14.scen,140
140,warehouse-10-20-10-2-1.map,planner,1,52570,11607,1624,182,37807,11607,14623,0,100,True,warehouse-10-20-10-2-1-random-14.scen,140
140,warehouse-10-20-10-2-1.map,planner,1,19338,11607,384,182,16457,11607,772,0,1000,False,warehouse-10-20-10-2-1-random-14.scen,140
140,warehouse-10-20-10-2-1.map,planner,1,52570,11607,1624,182,37807,11607,14674,0,1000,True,warehouse-10-20-10-2-1-random-14.scen,140
180,warehouse-10-20-10-2-1.map,planner,1,28458,14519,693,193,23226,14519,2305,0,0,False,warehouse-10-20-10-2-1-random-14.scen,180
180,warehouse-10-20-10-2-1.map,planner,1,28458,14519,693,193,23226,14519,2352,0,0,True,warehouse-10-20-10-2-1-random-14.scen,180
180,warehouse-10-20-10-2-1.map,planner,1,28458,14519,693,193,23226,14519,2299,0,1,False,warehouse-10-20-10-2-1-random-14.scen,180
180,warehouse-10-20-10-2-1.map,planner,1,54558,14519,1423,193,36479,14519,1659,0,1,True,warehouse-10-20-10-2-1-random-14.scen,180
180,warehouse-10-20-10-2-1.map,planner,1,28458,14519,693,193,23226,14519,2380,0,10,False,warehouse-10-20-10-2-1-random-14.scen,180
180,warehouse-10-20-10-2-1.map,planner,1,64927,14519,1832,193,44103,14519,22169,0,10,True,warehouse-10-20-10-2-1-random-14.scen,180
180,warehouse-10-20-10-2-1.map,planner,1,28458,14519,693,193,23226,14519,2310,0,100,False,warehouse-10-20-10-2-1-random-14.scen,180
180,warehouse-10-20-10-2-1.map,planner,1,64927,14519,1832,193,44103,14519,21935,0,100,True,warehouse-10-20-10-2-1-random-14.scen,180
180,warehouse-10-20-10-2-1.map,planner,1,28458,14519,693,193,23226,14519,2348,0,1000,False,warehouse-10-20-10-2-1-random-14.scen,180
180,warehouse-10-20-10-2-1.map,planner,1,64927,14519,1832,193,44103,14519,22140,0,1000,True,warehouse-10-20-10-2-1-random-14.scen,180
20,warehouse-10-20-10-2-1.map,planner,1,1693,1594,175,175,1634,1594,1,0,0,False,warehouse-10-20-10-2-1-random-20.scen,20
20,warehouse-10-20-10-2-1.map,planner,1,1693,1594,175,175,1634,1594,1,0,0,True,warehouse-10-20-10-2-1-random-20.scen,20
20,warehouse-10-20-10-2-1.map,planner,1,1693,1594,175,175,1634,1594,1,0,1,False,warehouse-10-20-10-2-1-random-20.scen,20
20,warehouse-10-20-10-2-1.map,planner,1,1693,1594,175,175,1634,1594,1,0,1,True,warehouse-10-20-10-2-1-random-20.scen,20
20,warehouse-10-20-10-2-1.map,planner,1,1693,1594,175,175,1634,1594,1,0,10,False,warehouse-10-20-10-2-1-random-20.scen,20
20,warehouse-10-20-10-2-1.map,planner,1,1693,1594,175,175,1634,1594,1,0,10,True,warehouse-10-20-10-2-1-random-20.scen,20
20,warehouse-10-20-10-2-1.map,planner,1,1693,1594,175,175,1634,1594,1,0,100,False,warehouse-10-20-10-2-1-random-20.scen,20
20,warehouse-10-20-10-2-1.map,planner,1,1693,1594,175,175,1634,1594,1,0,100,True,warehouse-10-20-10-2-1-random-20.scen,20
20,warehouse-10-20-10-2-1.map,planner,1,1693,1594,175,175,1634,1594,1,0,1000,False,warehouse-10-20-10-2-1-random-20.scen,20
20,warehouse-10-20-10-2-1.map,planner,1,1693,1594,175,175,1634,1594,1,0,1000,True,warehouse-10-20-10-2-1-random-20.scen,20
60,warehouse-10-20-10-2-1.map,planner,1,6248,5328,175,175,5825,5328,5,0,0,False,warehouse-10-20-10-2-1-random-20.scen,60
60,warehouse-10-20-10-2-1.map,planner,1,6248,5328,175,175,5825,5328,4,0,0,True,warehouse-10-20-10-2-1-random-20.scen,60
60,warehouse-10-20-10-2-1.map,planner,1,6248,5328,175,175,5825,5328,4,0,1,False,warehouse-10-20-10-2-1-random-20.scen,60
60,warehouse-10-20-10-2-1.map,planner,1,6243,5328,196,175,5886,5328,5,0,1,True,warehouse-10-20-10-2-1-random-20.scen,60
60,warehouse-10-20-10-2-1.map,planner,1,6248,5328,175,175,5825,5328,5,0,10,False,warehouse-10-20-10-2-1-random-20.scen,60
60,warehouse-10-20-10-2-1.map,planner,1,6243,5328,196,175,5886,5328,5,0,10,True,warehouse-10-20-10-2-1-random-20.scen,60
60,warehouse-10-20-10-2-1.map,planner,1,6248,5328,175,175,5825,5328,4,0,100,False,warehouse-10-20-10-2-1-random-20.scen,60
60,warehouse-10-20-10-2-1.map,planner,1,6243,5328,196,175,5886,5328,5,0,100,True,warehouse-10-20-10-2-1-random-20.scen,60
60,warehouse-10-20-10-2-1.map,planner,1,6248,5328,175,175,5825,5328,5,0,1000,False,warehouse-10-20-10-2-1-random-20.scen,60
60,warehouse-10-20-10-2-1.map,planner,1,6243,5328,196,175,5886,5328,5,0,1000,True,warehouse-10-20-10-2-1-random-20.scen,60
100,warehouse-10-20-10-2-1.map,planner,1,11815,8805,242,175,10582,8805,33,0,0,False,warehouse-10-20-10-2-1-random-20.scen,100
100,warehouse-10-20-10-2-1.map,planner,1,11815,8805,242,175,10582,8805,33,0,0,True,warehouse-10-20-10-2-1-random-20.scen,100
100,warehouse-10-20-10-2-1.map,planner,1,11815,8805,242,175,10582,8805,31,0,1,False,warehouse-10-20-10-2-1-random-20.scen,100
100,warehouse-10-20-10-2-1.map,planner,1,17022,8805,564,175,14135,8805,63,0,1,True,warehouse-10-20-10-2-1-random-20.scen,100
100,warehouse-10-20-10-2-1.map,planner,1,11815,8805,242,175,10582,8805,31,0,10,False,warehouse-10-20-10-2-1-random-20.scen,100
100,warehouse-10-20-10-2-1.map,planner,1,17022,8805,564,175,14135,8805,64,0,10,True,warehouse-10-20-10-2-1-random-20.scen,100
100,warehouse-10-20-10-2-1.map,planner,1,11815,8805,242,175,10582,8805,33,0,100,False,warehouse-10-20-10-2-1-random-20.scen,100
100,warehouse-10-20-10-2-1.map,planner,1,17022,8805,564,175,14135,8805,62,0,100,True,warehouse-10-20-10-2-1-random-20.scen,100
100,warehouse-10-20-10-2-1.map,planner,1,11815,8805,242,175,10582,8805,33,0,1000,False,warehouse-10-20-10-2-1-random-20.scen,100
100,warehouse-10-20-10-2-1.map,planner,1,17022,8805,564,175,14135,8805,66,0,1000,True,warehouse-10-20-10-2-1-random-20.scen,100
140,warehouse-10-20-10-2-1.map,planner,1,17343,11446,252,175,15022,11446,95,0,0,False,warehouse-10-20-10-2-1-random-20.scen,140
140,warehouse-10-20-10-2-1.map,planner,1,17343,11446,252,175,15022,11446,98,0,0,True,warehouse-10-20-10-2-1-random-20.scen,140
140,warehouse-10-20-10-2-1.map,planner,1,17343,11446,252,175,15022,11446,95,0,1,False,warehouse-10-20-10-2-1-random-20.scen,140
140,warehouse-10-20-10-2-1.map,planner,1,31004,11446,860,175,22690,11446,3072,0,1,True,warehouse-10-20-10-2-1-random-20.scen,140
140,warehouse-10-20-10-2-1.map,planner,1,17343,11446,252,175,15022,11446,94,0,10,False,warehouse-10-20-10-2-1-random-20.scen,140
140,warehouse-10-20-10-2-1.map,planner,1,31004,11446,860,175,22690,11446,3092,0,10,True,warehouse-10-20-10-2-1-random-20.scen,140
140,warehouse-10-20-10-2-1.map,planner,1,17343,11446,252,175,15022,11446,98,0,100,False,warehouse-10-20-10-2-1-random-20.scen,140
140,warehouse-10-20-10-2-1.map,planner,1,31004,11446,860,175,22690,11446,3049,0,100,True,warehouse-10-20-10-2-1-random-20.scen,140
140,warehouse-10-20-10-2-1.map,planner,1,17343,11446,252,175,15022,11446,93,0,1000,False,warehouse-10-20-10-2-1-random-20.scen,140
140,warehouse-10-20-10-2-1.map,planner,1,31004,11446,860,175,22690,11446,3151,0,1000,True,warehouse-10-20-10-2-1-random-20.scen,140
180,warehouse-10-20-10-2-1.map,planner,1,44187,14280,1518,175,36404,14280,49601,0,0,False,warehouse-10-20-10-2-1-random-20.scen,180
180,warehouse-10-20-10-2-1.map,planner,1,44187,14280,1518,175,36404,14280,51029,0,0,True,warehouse-10-20-10-2-1-random-20.scen,180
180,warehouse-10-20-10-2-1.map,planner,1,44187,14280,1518,175,36404,14280,50137,0,1,False,warehouse-10-20-10-2-1-random-20.scen,180
180,warehouse-10-20-10-2-1.map,planner,1,73057,14280,1703,175,49657,14280,6106,0,1,True,warehouse-10-20-10-2-1-random-20.scen,180
180,warehouse-10-20-10-2-1.map,planner,1,44187,14280,1518,175,36404,14280,50009,0,10,False,warehouse-10-20-10-2-1-random-20.scen,180
180,warehouse-10-20-10-2-1.map,planner,1,55031,14280,1353,175,38712,14280,6771,0,10,True,warehouse-10-20-10-2-1-random-20.scen,180
180,warehouse-10-20-10-2-1.map,planner,1,44187,14280,1518,175,36404,14280,49778,0,100,False,warehouse-10-20-10-2-1-random-20.scen,180
180,warehouse-10-20-10-2-1.map,planner,1,55031,14280,1353,175,38712,14280,6656,0,100,True,warehouse-10-20-10-2-1-random-20.scen,180
180,warehouse-10-20-10-2-1.map,planner,1,44187,14280,1518,175,36404,14280,49641,0,1000,False,warehouse-10-20-10-2-1-random-20.scen,180
180,warehouse-10-20-10-2-1.map,planner,1,55031,14280,1353,175,38712,14280,6817,0,1000,True,warehouse-10-20-10-2-1-random-20.scen,180
20,warehouse-10-20-10-2-1.map,planner,1,1856,1752,198,177,1836,1752,1,0,0,False,warehouse-10-20-10-2-1-random-2.scen,20
20,warehouse-10-20-10-2-1.map,planner,1,1856,1752,198,177,1836,1752,1,0,0,True,warehouse-10-20-10-2-1-random-2.scen,20
20,warehouse-10-20-10-2-1.map,planner,1,1856,1752,198,177,1836,1752,1,0,1,False,warehouse-10-20-10-2-1-random-2.scen,20
20,warehouse-10-20-10-2-1.map,planner,1,1856,1752,198,177,1836,1752,1,0,1,True,warehouse-10-20-10-2-1-random-2.scen,20
20,warehouse-10-20-10-2-1.map,planner,1,1856,1752,198,177,1836,1752,1,0,10,False,warehouse-10-20-10-2-1-random-2.scen,20
20,warehouse-10-20-10-2-1.map,planner,1,1856,1752,198,177,1836,1752,1,0,10,True,warehouse-10-20-10-2-1-random-2.scen,20
20,warehouse-10-20-10-2-1.map,planner,1,1856,1752,198,177,1836,1752,1,0,100,False,warehouse-10-20-10-2-1-random-2.scen,20
20,warehouse-10-20-10-2-1.map,planner,1,1856,1752,198,177,1836,1752,1,0,100,True,warehouse-10-20-10-2-1-random-2.scen,20
20,warehouse-10-20-10-2-1.map,planner,1,1856,1752,198,177,1836,1752,1,0,1000,False,warehouse-10-20-10-2-1-random-2.scen,20
20,warehouse-10-20-10-2-1.map,planner,1,1856,1752,198,177,1836,1752,1,0,1000,True,warehouse-10-20-10-2-1-random-2.scen,20
60,warehouse-10-20-10-2-1.map,planner,1,6388,5359,178,178,5867,5359,5,0,0,False,warehouse-10-20-10-2-1-random-2.scen,60
60,warehouse-10-20-10-2-1.map,planner,1,6388,5359,178,178,5867,5359,5,0,0,True,warehouse-10-20-10-2-1-random-2.scen,60
60,warehouse-10-20-10-2-1.map,planner,1,6388,5359,178,178,5867,5359,5,0,1,False,warehouse-10-20-10-2-1-random-2.scen,60
60,warehouse-10-20-10-2-1.map,planner,1,6577,5359,190,178,5949,5359,5,0,1,True,warehouse-10-20-10-2-1-random-2.scen,60
60,warehouse-10-20-10-2-1.map,planner,1,6388,5359,178,178,5867,5359,5,0,10,False,warehouse-10-20-10-2-1-random-2.scen,60
60,warehouse-10-20-10-2-1.map,planner,1,6577,5359,190,178,5949,5359,5,0,10,True,warehouse-10-20-10-2-1-random-2.scen,60
60,warehouse-10-20-10-2-1.map,planner,1,6388,5359,178,178,5867,5359,4,0,100,False,warehouse-10-20-10-2-1-random-2.scen,60
60,warehouse-10-20-10-2-1.map,planner,1,6577,5359,190,178,5949,5359,5,0,100,True,warehouse-10-20-10-2-1-random-2.scen,60
60,warehouse-10-20-10-2-1.map,planner,1,6388,5359,178,178,5867,5359,5,0,1000,False,warehouse-10-20-10-2-1-random-2.scen,60
60,warehouse-10-20-10-2-1.map,planner,1,6577,5359,190,178,5949,5359,5,0,1000,True,warehouse-10-20-10-2-1-random-2.scen,60
100,warehouse-10-20-10-2-1.map,planner,1,11527,8963,217,194,10519,8963,44,0,0,False,warehouse-10-20-10-2-1-random-2.scen,100
100,warehouse-10-20-10-2-1.map,planner,1,11527,8963,217,194,10519,8963,45,0,0,True,warehouse-10-20-10-2-1-random-2.scen,100
100,warehouse-10-20-10-2-1.map,planner,1,11527,8963,217,194,10519,8963,45,0,1,False,warehouse-10-20-10-2-1-random-2.scen,100
100,warehouse-10-20-10-2-1.map,planner,1,17065,8963,563,194,13256,8963,96,0,1,True,warehouse-10-20-10-2-1-random-2.scen,100
100,warehouse-10-20-10-2-1.map,planner,1,11527,8963,217,194,10519,8963,44,0,10,False,warehouse-10-20-10-2-1-random-2.scen,100
100,warehouse-10-20-10-2-1.map,planner,1,17065,8963,563,194,13256,8963,95,0,10,True,warehouse-10-20-10-2-1-random-2.scen,100
100,warehouse-10-20-10-2-1.map,planner,1,11527,8963,217,194,10519,8963,45,0,100,False,warehouse-10-20-10-2-1-random-2.scen,100
100,warehouse-10-20-10-2-1.map,planner,1,17065,8963,563,194,13256,8963,94,0,100,True,warehouse-10-20-10-2-1-random-2.scen,100
100,warehouse-10-20-10-2-1.map,planner,1,11527,8963,217,194,10519,8963,44,0,1000,False,warehouse-10-20-10-2-1-random-2.scen,100
100,warehouse-10-20-10-2-1.map,planner,1,17065,8963,563,194,13256,8963,94,0,1000,True,warehouse-10-20-10-2-1-random-2.scen,100
140,warehouse-10-20-10-2-1.map,planner,1,16314,11668,244,194,15001,11668,265,0,0,False,warehouse-10-20-10-2-1-random-2.scen,140
140,warehouse-10-20-10-2-1.map,planner,1,16314,11668,244,194,15001,11668,258,0,0,True,warehouse-10-20-10-2-1-random-2.scen,140
140,warehouse-10-20-10-2-1.map,planner,1,16314,11668,244,194,15001,11668,256,0,1,False,warehouse-10-20-10-2-1-random-2.scen,140
140,warehouse-10-20-10-2-1.map,planner,1,48454,11668,1291,194,31439,11668,1204,0,1,True,warehouse-10-20-10-2-1-random-2.scen,140
140,warehouse-10-20-10-2-1.map,planner,1,16314,11668,244,194,15001,11668,271,0,10,False,warehouse-10-20-10-2-1-random-2.scen,140
140,warehouse-10-20-10-2-1.map,planner,1,46489,11668,1234,194,30052,11668,1065,0,10,True,warehouse-10-20-10-2-1-random-2.scen,140
140,warehouse-10-20-10-2-1.map,planner,1,16314,11668,244,194,15001,11668,267,0,100,False,warehouse-10-20-10-2-1-random-2.scen,140
140,warehouse-10-20-10-2-1.map,planner,1,46489,11668,1234,194,30052,11668,1066,0,100,True,warehouse-10-20-10-2-1-random-2.scen,140
140,warehouse-10-20-10-2-1.map,planner,1,16314,11668,244,194,15001,11668,264,0,1000,False,warehouse-10-20-10-2-1-random-2.scen,140
140,warehouse-10-20-10-2-1.map,planner,1,46489,11668,1234,194,30052,11668,1068,0,1000,True,warehouse-10-20-10-2-1-random-2.scen,140
180,warehouse-10-20-10-2-1.map,planner,1,27910,14675,643,194,23243,14675,8240,0,0,False,warehouse-10-20-10-2-1-random-2.scen,180
180,warehouse-10-20-10-2-1.map,planner,1,27910,14675,643,194,23243,14675,8285,0,0,True,warehouse-10-20-10-2-1-random-2.scen,180
180,warehouse-10-20-10-2-1.map,planner,1,27910,14675,643,194,23243,14675,8342,0,1,False,warehouse-10-20-10-2-1-random-2.scen,180
180,warehouse-10-20-10-2-1.map,planner,1,43344,14675,1019,194,28907,14675,522,0,1,True,warehouse-10-20-10-2-1-random-2.scen,180
180,warehouse-10-20-10-2-1.map,planner,1,27910,14675,643,194,23243,14675,8178,0,10,False,warehouse-10-20-10-2-1-random-2.scen,180
180,warehouse-10-20-10-2-1.map,planner,1,48022,14675,1175,194,31637,14675,1661,0,10,True,warehouse-10-20-10-2-1-random-2.scen,180
180,warehouse-10-20-10-2-1.map,planner,1,27910,14675,643,194,23243,14675,7999,0,100,False,warehouse-10-20-10-2-1-random-2.scen,180
180,warehouse-10-20-10-2-1.map,planner,1,47451,14675,1118,194,31469,14675,677,0,100,True,warehouse-10-20-10-2-1-random-2.scen,180
180,warehouse-10-20-10-2-1.map,planner,1,27910,14675,643,194,23243,14675,8182,0,1000,False,warehouse-10-20-10-2-1-random-2.scen,180
180,warehouse-10-20-10-2-1.map,planner,1,47451,14675,1118,194,31469,14675,651,0,1000,True,warehouse-10-20-10-2-1-random-2.scen,180
20,warehouse-10-20-10-2-1.map,planner,1,1623,1491,168,168,1546,1491,1,0,0,False,warehouse-10-20-10-2-1-random-7.scen,20
20,warehouse-10-20-10-2-1.map,planner,1,1623,1491,168,168,1546,1491,1,0,0,True,warehouse-10-20-10-2-1-random-7.scen,20
20,warehouse-10-20-10-2-1.map,planner,1,1623,1491,168,168,1546,1491,1,0,1,False,warehouse-10-20-10-2-1-random-7.scen,20
20,warehouse-10-20-10-2-1.map,planner,1,1623,1491,168,168,1546,1491,1,0,1,True,warehouse-10-20-10-2-1-random-7.scen,20
20,warehouse-10-20-10-2-1.map,planner,1,1623,1491,168,168,1546,1491,1,0,10,False,warehouse-10-20-10-2-1-random-7.scen,20
20,warehouse-10-20-10-2-1.map,planner,1,1623,1491,168,168,1546,1491,1,0,10,True,warehouse-10-20-10-2-1-random-7.scen,20
20,warehouse-10-20-10-2-1.map,planner,1,1623,1491,168,168,1546,1491,1,0,100,False,warehouse-10-20-10-2-1-random-7.scen,20
20,warehouse-10-20-10-2-1.map,planner,1,1623,1491,168,168,1546,1491,1,0,100,True,warehouse-10-20-10-2-1-random-7.scen,20
20,warehouse-10-20-10-2-1.map,planner,1,1623,1491,168,168,1546,1491,1,0,1000,False,warehouse-10-20-10-2-1-random-7.scen,20
20,warehouse-10-20-10-2-1.map,planner,1,1623,1491,168,168,1546,1491,1,0,1000,True,warehouse-10-20-10-2-1-random-7.scen,20
60,warehouse-10-20-10-2-1.map,planner,1,5296,4341,195,173,4849,4341,40,0,0,False,warehouse-10-20-10-2-1-random-7.scen,60
60,warehouse-10-20-10-2-1.map,planner,1,5296,4341,195,173,4849,4341,40,0,0,True,warehouse-10-20-10-2-1-random-7.scen,60
60,warehouse-10-20-10-2-1.map,planner,1,5296,4341,195,173,4849,4341,40,0,1,False,warehouse-10-20-10-2-1-random-7.scen,60
60,warehouse-10-20-10-2-1.map,planner,1,5296,4341,195,173,4849,4341,40,0,1,True,warehouse-10-20-10-2-1-random-7.scen,60
60,warehouse-10-20-10-2-1.map,planner,1,5296,4341,195,173,4849,4341,40,0,10,False,warehouse-10-20-10-2-1-random-7.scen,60
60,warehouse-10-20-10-2-1.map,planner,1,5296,4341,195,173,4849,4341,39,0,10,True,warehouse-10-20-10-2-1-random-7.scen,60
60,warehouse-10-20-10-2-1.map,planner,1,5296,4341,195,173,4849,4341,39,0,100,False,warehouse-10-20-10-2-1-random-7.scen,60
60,warehouse-10-20-10-2-1.map,planner,1,5296,4341,195,173,4849,4341,39,0,100,True,warehouse-10-20-10-2-1-random-7.scen,60
60,warehouse-10-20-10-2-1.map,planner,1,5296,4341,195,173,4849,4341,39,0,1000,False,warehouse-10-20-10-2-1-random-7.scen,60
60,warehouse-10-20-10-2-1.map,planner,1,5296,4341,195,173,4849,4341,41,0,1000,True,warehouse-10-20-10-2-1-random-7.scen,60
100,warehouse-10-20-10-2-1.map,planner,1,10548,8165,183,183,9501,8165,7,0,0,False,warehouse-10-20-10-2-1-random-7.scen,100
100,warehouse-10-20-10-2-1.map,planner,1,10548,8165,183,183,9501,8165,8,0,0,True,warehouse-10-20-10-2-1-random-7.scen,100
100,warehouse-10-20-10-2-1.map,planner,1,10548,8165,183,183,9501,8165,8,0,1,False,warehouse-10-20-10-2-1-random-7.scen,100
100,warehouse-10-20-10-2-1.map,planner,1,11616,8165,285,183,10280,8165,166,0,1,True,warehouse-10-20-10-2-1-random-7.scen,100
100,warehouse-10-20-10-2-1.map,planner,1,10548,8165,183,183,9501,8165,8,0,10,False,warehouse-10-20-10-2-1-random-7.scen,100
100,warehouse-10-20-10-2-1.map,planner,1,11616,8165,285,183,10280,8165,163,0,10,True,warehouse-10-20-10-2-1-random-7.scen,100
100,warehouse-10-20-10-2-1.map,planner,1,10548,8165,183,183,9501,8165,8,0,100,False,warehouse-10-20-10-2-1-random-7.scen,100
100,warehouse-10-20-10-2-1.map,planner,1,11616,8165,285,183,10280,8165,156,0,100,True,warehouse-10-20-10-2-1-random-7.scen,100
100,warehouse-10-20-10-2-1.map,planner,1,10548,8165,183,183,9501,8165,7,0,1000,False,warehouse-10-20-10-2-1-random-7.scen,100
100,warehouse-10-20-10-2-1.map,planner,1,11616,8165,285,183,10280,8165,164,0,1000,True,warehouse-10-20-10-2-1-random-7.scen,100
140,warehouse-10-20-10-2-1.map,planner,1,15701,11175,203,203,13465,11175,11,0,0,False,warehouse-10-20-10-2-1-random-7.scen,140
140,warehouse-10-20-10-2-1.map,planner,1,15701,11175,203,203,13465,11175,12,0,0,True,warehouse-10-20-10-2-1-random-7.scen,140
140,warehouse-10-20-10-2-1.map,planner,1,15701,11175,203,203,13465,11175,11,0,1,False,warehouse-10-20-10-2-1-random-7.scen,140
140,warehouse-10-20-10-2-1.map,planner,1,24946,11175,794,203,18296,11175,410,0,1,True,warehouse-10-20-10-2-1-random-7.scen,140
140,warehouse-10-20-10-2-1.map,planner,1,15701,11175,203,203,13465,11175,11,0,10,False,warehouse-10-20-10-2-1-random-7.scen,140
140,warehouse-10-20-10-2-1.map,planner,1,24946,11175,794,203,18296,11175,434,0,10,True,warehouse-10-20-10-2-1-random-7.scen,140
140,warehouse-10-20-10-2-1.map,planner,1,15701,11175,203,203,13465,11175,11,0,100,False,warehouse-10-20-10-2-1-random-7.scen,140
140,warehouse-10-20-10-2-1.map,planner,1,24946,11175,794,203,18296,11175,421,0,100,True,warehouse-10-20-10-2-1-random-7.scen,140
140,warehouse-10-20-10-2-1.map,planner,1,15701,11175,203,203,13465,11175,11,0,1000,False,warehouse-10-20-10-2-1-random-7.scen,140
140,warehouse-10-20-10-2-1.map,planner,1,24946,11175,794,203,18296,11175,420,0,1000,True,warehouse-10-20-10-2-1-random-7.scen,140
180,warehouse-10-20-10-2-1.map,planner,1,22125,14428,294,203,18739,14428,83,0,0,False,warehouse-10-20-10-2-1-random-7.scen,180
180,warehouse-10-20-10-2-1.map,planner,1,22125,14428,294,203,18739,14428,86,0,0,True,warehouse-10-20-10-2-1-random-7.scen,180
180,warehouse-10-20-10-2-1.map,planner,1,22125,14428,294,203,18739,14428,88,0,1,False,warehouse-10-20-10-2-1-random-7.scen,180
180,warehouse-10-20-10-2-1.map,planner,1,34534,14428,812,203,25124,14428,527,0,1,True,warehouse-10-20-10-2-1-random-7.scen,180
180,warehouse-10-20-10-2-1.map,planner,1,22125,14428,294,203,18739,14428,87,0,10,False,warehouse-10-20-10-2-1-random-7.scen,180
180,warehouse-10-20-10-2-1.map,planner,1,34534,14428,812,203,25124,14428,522,0,10,True,warehouse-10-20-10-2-1-random-7.scen,180
180,warehouse-10-20-10-2-1.map,planner,1,22125,14428,294,203,18739,14428,86,0,100,False,warehouse-10-20-10-2-1-random-7.scen,180
180,warehouse-10-20-10-2-1.map,planner,1,34534,14428,812,203,25124,14428,535,0,100,True,warehouse-10-20-10-2-1-random-7.scen,180
180,warehouse-10-20-10-2-1.map,planner,1,22125,14428,294,203,18739,14428,83,0,1000,False,warehouse-10-20-10-2-1-random-7.scen,180
180,warehouse-10-20-10-2-1.map,planner,1,34534,14428,812,203,25124,14428,527,0,1000,True,warehouse-10-20-10-2-1-random-7.scen,180
20,warehouse-10-20-10-2-1.map,planner,1,1513,1391,182,182,1452,1391,1,0,0,False,warehouse-10-20-10-2-1-random-6.scen,20
20,warehouse-10-20-10-2-1.map,planner,1,1513,1391,182,182,1452,1391,1,0,0,True,warehouse-10-20-10-2-1-random-6.scen,20
20,warehouse-10-20-10-2-1.map,planner,1,1513,1391,182,182,1452,1391,1,0,1,False,warehouse-10-20-10-2-1-random-6.scen,20
20,warehouse-10-20-10-2-1.map,planner,1,1513,1391,182,182,1452,1391,1,0,1,True,warehouse-10-20-10-2-1-random-6.scen,20
20,warehouse-10-20-10-2-1.map,planner,1,1513,1391,182,182,1452,1391,1,0,10,False,warehouse-10-20-10-2-1-random-6.scen,20
20,warehouse-10-20-10-2-1.map,planner,1,1513,1391,182,182,1452,1391,1,0,10,True,warehouse-10-20-10-2-1-random-6.scen,20
20,warehouse-10-20-10-2-1.map,planner,1,1513,1391,182,182,1452,1391,1,0,100,False,warehouse-10-20-10-2-1-random-6.scen,20
20,warehouse-10-20-10-2-1.map,planner,1,1513,1391,182,182,1452,1391,1,0,100,True,warehouse-10-20-10-2-1-random-6.scen,20
20,warehouse-10-20-10-2-1.map,planner,1,1513,1391,182,182,1452,1391,1,0,1000,False,warehouse-10-20-10-2-1-random-6.scen,20
20,warehouse-10-20-10-2-1.map,planner,1,1513,1391,182,182,1452,1391,1,0,1000,True,warehouse-10-20-10-2-1-random-6.scen,20
60,warehouse-10-20-10-2-1.map,planner,1,6870,5311,216,189,6049,5311,237,0,0,False,warehouse-10-20-10-2-1-random-6.scen,60
60,warehouse-10-20-10-2-1.map,planner,1,6870,5311,216,189,6049,5311,243,0,0,True,warehouse-10-20-10-2-1-random-6.scen,60
60,warehouse-10-20-10-2-1.map,planner,1,6870,5311,216,189,6049,5311,235,0,1,False,warehouse-10-20-10-2-1-random-6.scen,60
60,warehouse-10-20-10-2-1.map,planner,1,6632,5311,203,189,5963,5311,5,0,1,True,warehouse-10-20-10-2-1-random-6.scen,60
60,warehouse-10-20-10-2-1.map,planner,1,6870,5311,216,189,6049,5311,262,0,10,False,warehouse-10-20-10-2-1-random-6.scen,60
60,warehouse-10-20-10-2-1.map,planner,1,6632,5311,203,189,5963,5311,5,0,10,True,warehouse-10-20-10-2-1-random-6.scen,60
60,warehouse-10-20-10-2-1.map,planner,1,6870,5311,216,189,6049,5311,240,0,100,False,warehouse-10-20-10-2-1-random-6.scen,60
60,warehouse-10-20-10-2-1.map,planner,1,6632,5311,203,189,5963,5311,5,0,100,True,warehouse-10-20-10-2-1-random-6.scen,60
60,warehouse-10-20-10-2-1.map,planner,1,6870,5311,216,189,6049,5311,238,0,1000,False,warehouse-10-20-10-2-1-random-6.scen,60
60,warehouse-10-20-10-2-1.map,planner,1,6632,5311,203,189,5963,5311,5,0,1000,True,warehouse-10-20-10-2-1-random-6.scen,60
100,warehouse-10-20-10-2-1.map,planner,1,11840,8750,212,189,10491,8750,8,0,0,False,warehouse-10-20-10-2-1-random-6.scen,100
100,warehouse-10-20-10-2-1.map,planner,1,11840,8750,212,189,10491,8750,9,0,0,True,warehouse-10-20-10-2-1-random-6.scen,100
100,warehouse-10-20-10-2-1.map,planner,1,11840,8750,212,189,10491,8750,9,0,1,False,warehouse-10-20-10-2-1-random-6.scen,100
100,warehouse-10-20-10-2-1.map,planner,1,18306,8750,632,189,14081,8750,661,0,1,True,warehouse-10-20-10-2-1-random-6.scen,100
100,warehouse-10-20-10-2-1.map,planner,1,11840,8750,212,189,10491,8750,8,0,10,False,warehouse-10-20-10-2-1-random-6.scen,100
100,warehouse-10-20-10-2-1.map,planner,1,18306,8750,632,189,14081,8750,647,0,10,True,warehouse-10-20-10-2-1-random-6.scen,100
100,warehouse-10-20-10-2-1.map,planner,1,11840,8750,212,189,10491,8750,8,0,100,False,warehouse-10-20-10-2-1-random-6.scen,100
100,warehouse-10-20-10-2-1.map,planner,1,18306,8750,632,189,14081,8750,654,0,100,True,warehouse-10-20-10-2-1-random-6.scen,100
100,warehouse-10-20-10-2-1.map,planner,1,11840,8750,212,189,10491,8750,8,0,1000,False,warehouse-10-20-10-2-1-random-6.scen,100
100,warehouse-10-20-10-2-1.map,planner,1,18306,8750,632,189,14081,8750,655,0,1000,True,warehouse-10-20-10-2-1-random-6.scen,100
140,warehouse-10-20-10-2-1.map,planner,1,17104,11804,250,189,14801,11804,318,0,0,False,warehouse-10-20-10-2-1-random-6.scen,140
140,warehouse-10-20-10-2-1.map,planner,1,17104,11804,250,189,14801,11804,325,0,0,True,warehouse-10-20-10-2-1-random-6.scen,140
140,warehouse-10-20-10-2-1.map,planner,1,17104,11804,250,189,14801,11804,329,0,1,False,warehouse-10-20-10-2-1-random-6.scen,140
140,warehouse-10-20-10-2-1.map,planner,1,21685,11804,479,189,17540,11804,302,0,1,True,warehouse-10-20-10-2-1-random-6.scen,140
140,warehouse-10-20-10-2-1.map,planner,1,17104,11804,250,189,14801,11804,318,0,10,False,warehouse-10-20-10-2-1-random-6.scen,140
140,warehouse-10-20-10-2-1.map,planner,1,21685,11804,479,189,17540,11804,302,0,10,True,warehouse-10-20-10-2-1-random-6.scen,140
140,warehouse-10-20-10-2-1.map,planner,1,17104,11804,250,189,14801,11804,317,0,100,False,warehouse-10-20-10-2-1-random-6.scen,140
140,warehouse-10-20-10-2-1.map,planner,1,21685,11804,479,189,17540,11804,313,0,100,True,warehouse-10-20-10-2-1-random-6.scen,140
140,warehouse-10-20-10-2-1.map,planner,1,17104,11804,250,189,14801,11804,318,0,1000,False,warehouse-10-20-10-2-1-random-6.scen,140
140,warehouse-10-20-10-2-1.map,planner,1,21685,11804,479,189,17540,11804,305,0,1000,True,warehouse-10-20-10-2-1-random-6.scen,140
180,warehouse-10-20-10-2-1.map,planner,1,23828,14864,319,189,20183,14864,4806,0,0,False,warehouse-10-20-10-2-1-random-6.scen,180
180,warehouse-10-20-10-2-1.map,planner,1,23828,14864,319,189,20183,14864,4861,0,0,True,warehouse-10-20-10-2-1-random-6.scen,180
180,warehouse-10-20-10-2-1.map,planner,1,23828,14864,319,189,20183,14864,4854,0,1,False,warehouse-10-20-10-2-1-random-6.scen,180
180,warehouse-10-20-10-2-1.map,planner,1,51891,14864,963,189,34978,14864,2851,0,1,True,warehouse-10-20-10-2-1-random-6.scen,180
180,warehouse-10-20-10-2-1.map,planner,1,23828,14864,319,189,20183,14864,4876,0,10,False,warehouse-10-20-10-2-1-random-6.scen,180
180,warehouse-10-20-10-2-1.map,planner,1,51891,14864,963,189,34978,14864,2919,0,10,True,warehouse-10-20-10-2-1-random-6.scen,180
180,warehouse-10-20-10-2-1.map,planner,1,23828,14864,319,189,20183,14864,4852,0,100,False,warehouse-10-20-10-2-1-random-6.scen,180
180,warehouse-10-20-10-2-1.map,planner,1,51891,14864,963,189,34978,14864,2967,0,100,True,warehouse-10-20-10-2-1-random-6.scen,180
180,warehouse-10-20-10-2-1.map,planner,1,23828,14864,319,189,20183,14864,4953,0,1000,False,warehouse-10-20-10-2-1-random-6.scen,180
180,warehouse-10-20-10-2-1.map,planner,1,51891,14864,963,189,34978,14864,2848,0,1000,True,warehouse-10-20-10-2-1-random-6.scen,180
20,warehouse-10-20-10-2-1.map,planner,1,1640,1470,162,162,1532,1470,1,0,0,False,warehouse-10-20-10-2-1-random-4.scen,20
20,warehouse-10-20-10-2-1.map,planner,1,1640,1470,162,162,1532,1470,1,0,0,True,warehouse-10-20-10-2-1-random-4.scen,20
20,warehouse-10-20-10-2-1.map,planner,1,1640,1470,162,162,1532,1470,1,0,1,False,warehouse-10-20-10-2-1-random-4.scen,20
20,warehouse-10-20-10-2-1.map,planner,1,1640,1470,162,162,1532,1470,1,0,1,True,warehouse-10-20-10-2-1-random-4.scen,20
20,warehouse-10-20-10-2-1.map,planner,1,1640,1470,162,162,1532,1470,1,0,10,False,warehouse-10-20-10-2-1-random-4.scen,20
20,warehouse-10-20-10-2-1.map,planner,1,1640,1470,162,162,1532,1470,1,0,10,True,warehouse-10-20-10-2-1-random-4.scen,20
20,warehouse-10-20-10-2-1.map,planner,1,1640,1470,162,162,1532,1470,1,0,100,False,warehouse-10-20-10-2-1-random-4.scen,20
20,warehouse-10-20-10-2-1.map,planner,1,1640,1470,162,162,1532,1470,1,0,100,True,warehouse-10-20-10-2-1-random-4.scen,20
20,warehouse-10-20-10-2-1.map,planner,1,1640,1470,162,162,1532,1470,1,0,1000,False,warehouse-10-20-10-2-1-random-4.scen,20
20,warehouse-10-20-10-2-1.map,planner,1,1640,1470,162,162,1532,1470,1,0,1000,True,warehouse-10-20-10-2-1-random-4.scen,20
60,warehouse-10-20-10-2-1.map,planner,1,5810,4766,190,190,5241,4766,4,0,0,False,warehouse-10-20-10-2-1-random-4.scen,60
60,warehouse-10-20-10-2-1.map,planner,1,5810,4766,190,190,5241,4766,4,0,0,True,warehouse-10-20-10-2-1-random-4.scen,60
60,warehouse-10-20-10-2-1.map,planner,1,5810,4766,190,190,5241,4766,4,0,1,False,warehouse-10-20-10-2-1-random-4.scen,60
60,warehouse-10-20-10-2-1.map,planner,1,6157,4766,191,190,5452,4766,5,0,1,True,warehouse-10-20-10-2-1-random-4.scen,60
60,warehouse-10-20-10-2-1.map,planner,1,5810,4766,190,190,5241,4766,4,0,10,False,warehouse-10-20-10-2-1-random-4.scen,60
60,warehouse-10-20-10-2-1.map,planner,1,6157,4766,191,190,5452,4766,4,0,10,True,warehouse-10-20-10-2-1-random-4.scen,60
60,warehouse-10-20-10-2-1.map,planner,1,5810,4766,190,190,5241,4766,5,0,100,False,warehouse-10-20-10-2-1-random-4.scen,60
60,warehouse-10-20-10-2-1.map,planner,1,6157,4766,191,190,5452,4766,5,0,100,True,warehouse-10-20-10-2-1-random-4.scen,60
60,warehouse-10-20-10-2-1.map,planner,1,5810,4766,190,190,5241,4766,4,0,1000,False,warehouse-10-20-10-2-1-random-4.scen,60
60,warehouse-10-20-10-2-1.map,planner,1,6157,4766,191,190,5452,4766,5,0,1000,True,warehouse-10-20-10-2-1-random-4.scen,60
100,warehouse-10-20-10-2-1.map,planner,1,10396,7810,228,202,9309,7810,202,0,0,False,warehouse-10-20-10-2-1-random-4.scen,100
100,warehouse-10-20-10-2-1.map,planner,1,10396,7810,228,202,9309,7810,200,0,0,True,warehouse-10-20-10-2-1-random-4.scen,100
100,warehouse-10-20-10-2-1.map,planner,1,10396,7810,228,202,9309,7810,212,0,1,False,warehouse-10-20-10-2-1-random-4.scen,100
100,warehouse-10-20-10-2-1.map,planner,1,12375,7810,403,202,10395,7810,81,0,1,True,warehouse-10-20-10-2-1-random-4.scen,100
100,warehouse-10-20-10-2-1.map,planner,1,10396,7810,228,202,9309,7810,205,0,10,False,warehouse-10-20-10-2-1-random-4.scen,100
100,warehouse-10-20-10-2-1.map,planner,1,12375,7810,403,202,10395,7810,79,0,10,True,warehouse-10-20-10-2-1-random-4.scen,100
100,warehouse-10-20-10-2-1.map,planner,1,10396,7810,228,202,9309,7810,202,0,100,False,warehouse-10-20-10-2-1-random-4.scen,100
100,warehouse-10-20-10-2-1.map,planner,1,12375,7810,403,202,10395,7810,79,0,100,True,warehouse-10-20-10-2-1-random-4.scen,100
100,warehouse-10-20-10-2-1.map,planner,1,10396,7810,228,202,9309,7810,204,0,1000,False,warehouse-10-20-10-2-1-random-4.scen,100
100,warehouse-10-20-10-2-1.map,planner,1,12375,7810,403,202,10395,7810,80,0,1000,True,warehouse-10-20-10-2-1-random-4.scen,100
140,warehouse-10-20-10-2-1.map,planner,1,14928,10430,239,202,12888,10430,37,0,0,False,warehouse-10-20-10-2-1-random-4.scen,140
140,warehouse-10-20-10-2-1.map,planner,1,14928,10430,239,202,12888,10430,38,0,0,True,warehouse-10-20-10-2-1-random-4.scen,140
140,warehouse-10-20-10-2-1.map,planner,1,14928,10430,239,202,12888,10430,37,0,1,False,warehouse-10-20-10-2-1-random-4.scen,140
140,warehouse-10-20-10-2-1.map,planner,1,18248,10430,416,202,15450,10430,91,0,1,True,warehouse-10-20-10-2-1-random-4.scen,140
140,warehouse-10-20-10-2-1.map,planner,1,14928,10430,239,202,12888,10430,36,0,10,False,warehouse-10-20-10-2-1-random-4.scen,140
140,warehouse-10-20-10-2-1.map,planner,1,18248,10430,416,202,15450,10430,91,0,10,True,warehouse-10-20-10-2-1-random-4.scen,140
140,warehouse-10-20-10-2-1.map,planner,1,14928,10430,239,202,12888,10430,38,0,100,False,warehouse-10-20-10-2-1-random-4.scen,140
140,warehouse-10-20-10-2-1.map,planner,1,18248,10430,416,202,15450,10430,90,0,100,True,warehouse-10-20-10-2-1-random-4.scen,140
140,warehouse-10-20-10-2-1.map,planner,1,14928,10430,239,202,12888,10430,37,0,1000,False,warehouse-10-20-10-2-1-random-4.scen,140
140,warehouse-10-20-10-2-1.map,planner,1,18248,10430,416,202,15450,10430,92,0,1000,True,warehouse-10-20-10-2-1-random-4.scen,140
180,warehouse-10-20-10-2-1.map,planner,1,20168,13159,243,202,17292,13159,67,0,0,False,warehouse-10-20-10-2-1-random-4.scen,180
180,warehouse-10-20-10-2-1.map,planner,1,20168,13159,243,202,17292,13159,66,0,0,True,warehouse-10-20-10-2-1-random-4.scen,180
180,warehouse-10-20-10-2-1.map,planner,1,20168,13159,243,202,17292,13159,68,0,1,False,warehouse-10-20-10-2-1-random-4.scen,180
180,warehouse-10-20-10-2-1.map,planner,1,25255,13159,522,202,19060,13159,173,0,1,True,warehouse-10-20-10-2-1-random-4.scen,180
180,warehouse-10-20-10-2-1.map,planner,1,20168,13159,243,202,17292,13159,65,0,10,False,warehouse-10-20-10-2-1-random-4.scen,180
180,warehouse-10-20-10-2-1.map,planner,1,25255,13159,522,202,19060,13159,165,0,10,True,warehouse-10-20-10-2-1-random-4.scen,180
180,warehouse-10-20-10-2-1.map,planner,1,20168,13159,243,202,17292,13159,64,0,100,False,warehouse-10-20-10-2-1-random-4.scen,180
180,warehouse-10-20-10-2-1.map,planner,1,25255,13159,522,202,19060,13159,168,0,100,True,warehouse-10-20-10-2-1-random-4.scen,180
180,warehouse-10-20-10-2-1.map,planner,1,20168,13159,243,202,17292,13159,64,0,1000,False,warehouse-10-20-10-2-1-random-4.scen,180
180,warehouse-10-20-10-2-1.map,planner,1,25255,13159,522,202,19060,13159,166,0,1000,True,warehouse-10-20-10-2-1-random-4.scen,180
20,warehouse-10-20-10-2-1.map,planner,1,1569,1460,174,174,1521,1460,1,0,0,False,warehouse-10-20-10-2-1-random-8.scen,20
20,warehouse-10-20-10-2-1.map,planner,1,1569,1460,174,174,1521,1460,1,0,0,True,warehouse-10-20-10-2-1-random-8.scen,20
20,warehouse-10-20-10-2-1.map,planner,1,1569,1460,174,174,1521,1460,1,0,1,False,warehouse-10-20-10-2-1-random-8.scen,20
20,warehouse-10-20-10-2-1.map,planner,1,1569,1460,174,174,1521,1460,1,0,1,True,warehouse-10-20-10-2-1-random-8.scen,20
20,warehouse-10-20-10-2-1.map,planner,1,1569,1460,174,174,1521,1460,1,0,10,False,warehouse-10-20-10-2-1-random-8.scen,20
20,warehouse-10-20-10-2-1.map,planner,1,1569,1460,174,174,1521,1460,1,0,10,True,warehouse-10-20-10-2-1-random-8.scen,20
20,warehouse-10-20-10-2-1.map,planner,1,1569,1460,174,174,1521,1460,1,0,100,False,warehouse-10-20-10-2-1-random-8.scen,20
20,warehouse-10-20-10-2-1.map,planner,1,1569,1460,174,174,1521,1460,1,0,100,True,warehouse-10-20-10-2-1-random-8.scen,20
20,warehouse-10-20-10-2-1.map,planner,1,1569,1460,174,174,1521,1460,1,0,1000,False,warehouse-10-20-10-2-1-random-8.scen,20
20,warehouse-10-20-10-2-1.map,planner,1,1569,1460,174,174,1521,1460,1,0,1000,True,warehouse-10-20-10-2-1-random-8.scen,20
60,warehouse-10-20-10-2-1.map,planner,1,5897,4904,181,174,5449,4904,5,0,0,False,warehouse-10-20-10-2-1-random-8.scen,60
60,warehouse-10-20-10-2-1.map,planner,1,5897,4904,181,174,5449,4904,4,0,0,True,warehouse-10-20-10-2-1-random-8.scen,60
60,warehouse-10-20-10-2-1.map,planner,1,5897,4904,181,174,5449,4904,4,0,1,False,warehouse-10-20-10-2-1-random-8.scen,60
60,warehouse-10-20-10-2-1.map,planner,1,5748,4904,179,174,5378,4904,4,0,1,True,warehouse-10-20-10-2-1-random-8.scen,60
60,warehouse-10-20-10-2-1.map,planner,1,5897,4904,181,174,5449,4904,5,0,10,False,warehouse-10-20-10-2-1-random-8.scen,60
60,warehouse-10-20-10-2-1.map,planner,1,5748,4904,179,174,5378,4904,5,0,10,True,warehouse-10-20-10-2-1-random-8.scen,60
60,warehouse-10-20-10-2-1.map,planner,1,5897,4904,181,174,5449,4904,5,0,100,False,warehouse-10-20-10-2-1-random-8.scen,60
60,warehouse-10-20-10-2-1.map,planner,1,5748,4904,179,174,5378,4904,4,0,100,True,warehouse-10-20-10-2-1-random-8.scen,60
60,warehouse-10-20-10-2-1.map,planner,1,5897,4904,181,174,5449,4904,4,0,1000,False,warehouse-10-20-10-2-1-random-8.scen,60
60,warehouse-10-20-10-2-1.map,planner,1,5748,4904,179,174,5378,4904,5,0,1000,True,warehouse-10-20-10-2-1-random-8.scen,60
100,warehouse-10-20-10-2-1.map,planner,1,10511,7916,232,174,9585,7916,106,0,0,False,warehouse-10-20-10-2-1-random-8.scen,100
100,warehouse-10-20-10-2-1.map,planner,1,10511,7916,232,174,9585,7916,113,0,0,True,warehouse-10-20-10-2-1-random-8.scen,100
100,warehouse-10-20-10-2-1.map,planner,1,10511,7916,232,174,9585,7916,108,0,1,False,warehouse-10-20-10-2-1-random-8.scen,100
100,warehouse-10-20-10-2-1.map,planner,1,10381,7916,234,174,9520,7916,9,0,1,True,warehouse-10-20-10-2-1-random-8.scen,100
100,warehouse-10-20-10-2-1.map,planner,1,10511,7916,232,174,9585,7916,111,0,10,False,warehouse-10-20-10-2-1-random-8.scen,100
100,warehouse-10-20-10-2-1.map,planner,1,10381,7916,234,174,9520,7916,9,0,10,True,warehouse-10-20-10-2-1-random-8.scen,100
100,warehouse-10-20-10-2-1.map,planner,1,10511,7916,232,174,9585,7916,109,0,100,False,warehouse-10-20-10-2-1-random-8.scen,100
100,warehouse-10-20-10-2-1.map,planner,1,10381,7916,234,174,9520,7916,9,0,100,True,warehouse-10-20-10-2-1-random-8.scen,100
100,warehouse-10-20-10-2-1.map,planner,1,10511,7916,232,174,9585,7916,113,0,1000,False,warehouse-10-20-10-2-1-random-8.scen,100
100,warehouse-10-20-10-2-1.map,planner,1,10381,7916,234,174,9520,7916,9,0,1000,True,warehouse-10-20-10-2-1-random-8.scen,100
140,warehouse-10-20-10-2-1.map,planner,1,14452,10622,198,174,12893,10622,262,0,0,False,warehouse-10-20-10-2-1-random-8.scen,140
140,warehouse-10-20-10-2-1.map,planner,1,14452,10622,198,174,12893,10622,247,0,0,True,warehouse-10-20-10-2-1-random-8.scen,140
140,warehouse-10-20-10-2-1.map,planner,1,14452,10622,198,174,12893,10622,252,0,1,False,warehouse-10-20-10-2-1-random-8.scen,140
140,warehouse-10-20-10-2-1.map,planner,1,22718,10622,643,174,17383,10622,63,0,1,True,warehouse-10-20-10-2-1-random-8.scen,140
140,warehouse-10-20-10-2-1.map,planner,1,14452,10622,198,174,12893,10622,253,0,10,False,warehouse-10-20-10-2-1-random-8.scen,140
140,warehouse-10-20-10-2-1.map,planner,1,22718,10622,643,174,17383,10622,64,0,10,True,warehouse-10-20-10-2-1-random-8.scen,140
140,warehouse-10-20-10-2-1.map,planner,1,14452,10622,198,174,12893,10622,244,0,100,False,warehouse-10-20-10-2-1-random-8.scen,140
140,warehouse-10-20-10-2-1.map,planner,1,22718,10622,643,174,17383,10622,66,0,100,True,warehouse-10-20-10-2-1-random-8.scen,140
140,warehouse-10-20-10-2-1.map,planner,1,14452,10622,198,174,12893,10622,254,0,1000,False,warehouse-10-20-10-2-1-random-8.scen,140
140,warehouse-10-20-10-2-1.map,planner,1,22718,10622,643,174,17383,10622,65,0,1000,True,warehouse-10-20-10-2-1-random-8.scen,140
180,warehouse-10-20-10-2-1.map,planner,1,20753,13211,301,186,17883,13211,935,0,0,False,warehouse-10-20-10-2-1-random-8.scen,180
180,warehouse-10-20-10-2-1.map,planner,1,20753,13211,301,186,17883,13211,906,0,0,True,warehouse-10-20-10-2-1-random-8.scen,180
180,warehouse-10-20-10-2-1.map,planner,1,20753,13211,301,186,17883,13211,953,0,1,False,warehouse-10-20-10-2-1-random-8.scen,180
180,warehouse-10-20-10-2-1.map,planner,1,23042,13211,418,186,18823,13211,268,0,1,True,warehouse-10-20-10-2-1-random-8.scen,180
180,warehouse-10-20-10-2-1.map,planner,1,20753,13211,301,186,17883,13211,901,0,10,False,warehouse-10-20-10-2-1-random-8.scen,180
180,warehouse-10-20-10-2-1.map,planner,1,23042,13211,418,186,18823,13211,266,0,10,True,warehouse-10-20-10-2-1-random-8.scen,180
180,warehouse-10-20-10-2-1.map,planner,1,20753,13211,301,186,17883,13211,929,0,100,False,warehouse-10-20-10-2-1-random-8.scen,180
180,warehouse-10-20-10-2-1.map,planner,1,23042,13211,418,186,18823,13211,274,0,100,True,warehouse-10-20-10-2-1-random-8.scen,180
180,warehouse-10-20-10-2-1.map,planner,1,20753,13211,301,186,17883,13211,913,0,1000,False,warehouse-10-20-10-2-1-random-8.scen,180
180,warehouse-10-20-10-2-1.map,planner,1,23042,13211,418,186,18823,13211,270,0,1000,True,warehouse-10-20-10-2-1-random-8.scen,180
20,warehouse-10-20-10-2-1.map,planner,1,1689,1490,167,167,1553,1490,1,0,0,False,warehouse-10-20-10-2-1-random-3.scen,20
20,warehouse-10-20-10-2-1.map,planner,1,1689,1490,167,167,1553,1490,1,0,0,True,warehouse-10-20-10-2-1-random-3.scen,20
20,warehouse-10-20-10-2-1.map,planner,1,1689,1490,167,167,1553,1490,1,0,1,False,warehouse-10-20-10-2-1-random-3.scen,20
20,warehouse-10-20-10-2-1.map,planner,1,1689,1490,167,167,1553,1490,1,0,1,True,warehouse-10-20-10-2-1-random-3.scen,20
20,warehouse-10-20-10-2-1.map,planner,1,1689,1490,167,167,1553,1490,1,0,10,False,warehouse-10-20-10-2-1-random-3.scen,20
20,warehouse-10-20-10-2-1.map,planner,1,1689,1490,167,167,1553,1490,1,0,10,True,warehouse-10-20-10-2-1-random-3.scen,20
20,warehouse-10-20-10-2-1.map,planner,1,1689,1490,167,167,1553,1490,1,0,100,False,warehouse-10-20-10-2-1-random-3.scen,20
20,warehouse-10-20-10-2-1.map,planner,1,1689,1490,167,167,1553,1490,1,0,100,True,warehouse-10-20-10-2-1-random-3.scen,20
20,warehouse-10-20-10-2-1.map,planner,1,1689,1490,167,167,1553,1490,1,0,1000,False,warehouse-10-20-10-2-1-random-3.scen,20
20,warehouse-10-20-10-2-1.map,planner,1,1689,1490,167,167,1553,1490,1,0,1000,True,warehouse-10-20-10-2-1-random-3.scen,20
60,warehouse-10-20-10-2-1.map,planner,1,6787,5227,223,167,6090,5227,123,0,0,False,warehouse-10-20-10-2-1-random-3.scen,60
60,warehouse-10-20-10-2-1.map,planner,1,6787,5227,223,167,6090,5227,123,0,0,True,warehouse-10-20-10-2-1-random-3.scen,60
60,warehouse-10-20-10-2-1.map,planner,1,6787,5227,223,167,6090,5227,121,0,1,False,warehouse-10-20-10-2-1-random-3.scen,60
60,warehouse-10-20-10-2-1.map,planner,1,6857,5227,259,167,6291,5227,13,0,1,True,warehouse-10-20-10-2-1-random-3.scen,60
60,warehouse-10-20-10-2-1.map,planner,1,6787,5227,223,167,6090,5227,120,0,10,False,warehouse-10-20-10-2-1-random-3.scen,60
60,warehouse-10-20-10-2-1.map,planner,1,6857,5227,259,167,6291,5227,13,0,10,True,warehouse-10-20-10-2-1-random-3.scen,60
60,warehouse-10-20-10-2-1.map,planner,1,6787,5227,223,167,6090,5227,118,0,100,False,warehouse-10-20-10-2-1-random-3.scen,60
60,warehouse-10-20-10-2-1.map,planner,1,6857,5227,259,167,6291,5227,13,0,100,True,warehouse-10-20-10-2-1-random-3.scen,60
60,warehouse-10-20-10-2-1.map,planner,1,6787,5227,223,167,6090,5227,118,0,1000,False,warehouse-10-20-10-2-1-random-3.scen,60
60,warehouse-10-20-10-2-1.map,planner,1,6857,5227,259,167,6291,5227,13,0,1000,True,warehouse-10-20-10-2-1-random-3.scen,60
100,warehouse-10-20-10-2-1.map,planner,1,12413,8969,295,173,11171,8969,375,0,0,False,warehouse-10-20-10-2-1-random-3.scen,100
100,warehouse-10-20-10-2-1.map,planner,1,12413,8969,295,173,11171,8969,377,0,0,True,warehouse-10-20-10-2-1-random-3.scen,100
100,warehouse-10-20-10-2-1.map,planner,1,12413,8969,295,173,11171,8969,378,0,1,False,warehouse-10-20-10-2-1-random-3.scen,100
100,warehouse-10-20-10-2-1.map,planner,1,14785,8969,526,173,12454,8969,214,0,1,True,warehouse-10-20-10-2-1-random-3.scen,100
100,warehouse-10-20-10-2-1.map,planner,1,12413,8969,295,173,11171,8969,411,0,10,False,warehouse-10-20-10-2-1-random-3.scen,100
100,warehouse-10-20-10-2-1.map,planner,1,14785,8969,526,173,12454,8969,218,0,10,True,warehouse-10-20-10-2-1-random-3.scen,100
100,warehouse-10-20-10-2-1.map,planner,1,12413,8969,295,173,11171,8969,376,0,100,False,warehouse-10-20-10-2-1-random-3.scen,100
100,warehouse-10-20-10-2-1.map,planner,1,14785,8969,526,173,12454,8969,199,0,100,True,warehouse-10-20-10-2-1-random-3.scen,100
100,warehouse-10-20-10-2-1.map,planner,1,12413,8969,295,173,11171,8969,380,0,1000,False,warehouse-10-20-10-2-1-random-3.scen,100
100,warehouse-10-20-10-2-1.map,planner,1,14785,8969,526,173,12454,8969,202,0,1000,True,warehouse-10-20-10-2-1-random-3.scen,100
140,warehouse-10-20-10-2-1.map,planner,1,22287,11847,572,173,18864,11847,2842,0,0,False,warehouse-10-20-10-2-1-random-3.scen,140
140,warehouse-10-20-10-2-1.map,planner,1,22287,11847,572,173,18864,11847,2814,0,0,True,warehouse-10-20-10-2-1-random-3.scen,140
140,warehouse-10-20-10-2-1.map,planner,1,22287,11847,572,173,18864,11847,2658,0,1,False,warehouse-10-20-10-2-1-random-3.scen,140
140,warehouse-10-20-10-2-1.map,planner,1,33520,11847,1014,173,25199,11847,2636,0,1,True,warehouse-10-20-10-2-1-random-3.scen,140
140,warehouse-10-20-10-2-1.map,planner,1,22287,11847,572,173,18864,11847,2722,0,10,False,warehouse-10-20-10-2-1-random-3.scen,140
140,warehouse-10-20-10-2-1.map,planner,1,33520,11847,1014,173,25199,11847,2555,0,10,True,warehouse-10-20-10-2-1-random-3.scen,140
140,warehouse-10-20-10-2-1.map,planner,1,22287,11847,572,173,18864,11847,2735,0,100,False,warehouse-10-20-10-2-1-random-3.scen,140
140,warehouse-10-20-10-2-1.map,planner,1,33520,11847,1014,173,25199,11847,2586,0,100,True,warehouse-10-20-10-2-1-random-3.scen,140
140,warehouse-10-20-10-2-1.map,planner,1,22287,11847,572,173,18864,11847,2720,0,1000,False,warehouse-10-20-10-2-1-random-3.scen,140
140,warehouse-10-20-10-2-1.map,planner,1,33520,11847,1014,173,25199,11847,2592,0,1000,True,warehouse-10-20-10-2-1-random-3.scen,140
180,warehouse-10-20-10-2-1.map,planner,1,34621,14833,885,173,27275,14833,7464,0,0,False,warehouse-10-20-10-2-1-random-3.scen,180
180,warehouse-10-20-10-2-1.map,planner,1,34621,14833,885,173,27275,14833,7651,0,0,True,warehouse-10-20-10-2-1-random-3.scen,180
180,warehouse-10-20-10-2-1.map,planner,1,34621,14833,885,173,27275,14833,7588,0,1,False,warehouse-10-20-10-2-1-random-3.scen,180
20,warehouse-10-20-10-2-1.map,planner,1,1564,1392,152,152,1416,1392,1,0,0,False,warehouse-10-20-10-2-1-random-5.scen,20
20,warehouse-10-20-10-2-1.map,planner,1,1564,1392,152,152,1416,1392,1,0,0,True,warehouse-10-20-10-2-1-random-5.scen,20
20,warehouse-10-20-10-2-1.map,planner,1,1564,1392,152,152,1416,1392,1,0,1,False,warehouse-10-20-10-2-1-random-5.scen,20
20,warehouse-10-20-10-2-1.map,planner,1,1564,1392,152,152,1416,1392,1,0,1,True,warehouse-10-20-10-2-1-random-5.scen,20
20,warehouse-10-20-10-2-1.map,planner,1,1564,1392,152,152,1416,1392,1,0,10,False,warehouse-10-20-10-2-1-random-5.scen,20
20,warehouse-10-20-10-2-1.map,planner,1,1564,1392,152,152,1416,1392,1,0,10,True,warehouse-10-20-10-2-1-random-5.scen,20
20,warehouse-10-20-10-2-1.map,planner,1,1564,1392,152,152,1416,1392,1,0,100,False,warehouse-10-20-10-2-1-random-5.scen,20
20,warehouse-10-20-10-2-1.map,planner,1,1564,1392,152,152,1416,1392,1,0,100,True,warehouse-10-20-10-2-1-random-5.scen,20
20,warehouse-10-20-10-2-1.map,planner,1,1564,1392,152,152,1416,1392,1,0,1000,False,warehouse-10-20-10-2-1-random-5.scen,20
20,warehouse-10-20-10-2-1.map,planner,1,1564,1392,152,152,1416,1392,1,0,1000,True,warehouse-10-20-10-2-1-random-5.scen,20
60,warehouse-10-20-10-2-1.map,planner,1,6284,5099,175,175,5683,5099,4,0,0,False,warehouse-10-20-10-2-1-random-5.scen,60
60,warehouse-10-20-10-2-1.map,planner,1,6284,5099,175,175,5683,5099,4,0,0,True,warehouse-10-20-10-2-1-random-5.scen,60
60,warehouse-10-20-10-2-1.map,planner,1,6284,5099,175,175,5683,5099,4,0,1,False,warehouse-10-20-10-2-1-random-5.scen,60
60,warehouse-10-20-10-2-1.map,planner,1,6181,5099,193,175,5661,5099,4,0,1,True,warehouse-10-20-10-2-1-random-5.scen,60
60,warehouse-10-20-10-2-1.map,planner,1,6284,5099,175,175,5683,5099,4,0,10,False,warehouse-10-20-10-2-1-random-5.scen,60
60,warehouse-10-20-10-2-1.map,planner,1,6181,5099,193,175,5661,5099,4,0,10,True,warehouse-10-20-10-2-1-random-5.scen,60
60,warehouse-10-20-10-2-1.map,planner,1,6284,5099,175,175,5683,5099,5,0,100,False,warehouse-10-20-10-2-1-random-5.scen,60
60,warehouse-10-20-10-2-1.map,planner,1,6181,5099,193,175,5661,5099,5,0,100,True,warehouse-10-20-10-2-1-random-5.scen,60
60,warehouse-10-20-10-2-1.map,planner,1,6284,5099,175,175,5683,5099,5,0,1000,False,warehouse-10-20-10-2-1-random-5.scen,60
60,warehouse-10-20-10-2-1.map,planner,1,6181,5099,193,175,5661,5099,4,0,1000,True,warehouse-10-20-10-2-1-random-5.scen,60
100,warehouse-10-20-10-2-1.map,planner,1,11116,8536,221,175,9780,8536,61,0,0,False,warehouse-10-20-10-2-1-random-5.scen,100
100,warehouse-10-20-10-2-1.map,planner,1,11116,8536,221,175,9780,8536,65,0,0,True,warehouse-10-20-10-2-1-random-5.scen,100
100,warehouse-10-20-10-2-1.map,planner,1,11116,8536,221,175,9780,8536,63,0,1,False,warehouse-10-20-10-2-1-random-5.scen,100
100,warehouse-10-20-10-2-1.map,planner,1,11710,8536,277,175,10380,8536,78,0,1,True,warehouse-10-20-10-2-1-random-5.scen,100
100,warehouse-10-20-10-2-1.map,planner,1,11116,8536,221,175,9780,8536,63,0,10,False,warehouse-10-20-10-2-1-random-5.scen,100
100,warehouse-10-20-10-2-1.map,planner,1,11710,8536,277,175,10380,8536,74,0,10,True,warehouse-10-20-10-2-1-random-5.scen,100
100,warehouse-10-20-10-2-1.map,planner,1,11116,8536,221,175,9780,8536,61,0,100,False,warehouse-10-20-10-2-1-random-5.scen,100
100,warehouse-10-20-10-2-1.map,planner,1,11710,8536,277,175,10380,8536,75,0,100,True,warehouse-10-20-10-2-1-random-5.scen,100
100,warehouse-10-20-10-2-1.map,planner,1,11116,8536,221,175,9780,8536,63,0,1000,False,warehouse-10-20-10-2-1-random-5.scen,100
100,warehouse-10-20-10-2-1.map,planner,1,11710,8536,277,175,10380,8536,78,0,1000,True,warehouse-10-20-10-2-1-random-5.scen,100
140,warehouse-10-20-10-2-1.map,planner,1,17144,11299,358,198,15385,11299,3891,0,0,False,warehouse-10-20-10-2-1-random-5.scen,140
140,warehouse-10-20-10-2-1.map,planner,1,17144,11299,358,198,15385,11299,3940,0,0,True,warehouse-10-20-10-2-1-random-5.scen,140
140,warehouse-10-20-10-2-1.map,planner,1,17144,11299,358,198,15385,11299,3947,0,1,False,warehouse-10-20-10-2-1-random-5.scen,140
140,warehouse-10-20-10-2-1.map,planner,1,20572,11299,540,198,17190,11299,3660,0,1,True,warehouse-10-20-10-2-1-random-5.scen,140
140,warehouse-10-20-10-2-1.map,planner,1,17144,11299,358,198,15385,11299,3935,0,10,False,warehouse-10-20-10-2-1-random-5.scen,140
140,warehouse-10-20-10-2-1.map,planner,1,20572,11299,540,198,17190,11299,3565,0,10,True,warehouse-10-20-10-2-1-random-5.scen,140
140,warehouse-10-20-10-2-1.map,planner,1,17144,11299,358,198,15385,11299,3910,0,100,False,warehouse-10-20-10-2-1-random-5.scen,140
140,warehouse-10-20-10-2-1.map,planner,1,20572,11299,540,198,17190,11299,3683,0,100,True,warehouse-10-20-10-2-1-random-5.scen,140
140,warehouse-10-20-10-2-1.map,planner,1,17144,11299,358,198,15385,11299,3896,0,1000,False,warehouse-10-20-10-2-1-random-5.scen,140
140,warehouse-10-20-10-2-1.map,planner,1,20572,11299,540,198,17190,11299,3700,0,1000,True,warehouse-10-20-10-2-1-random-5.scen,140
180,warehouse-10-20-10-2-1.map,planner,1,21870,14502,327,198,18700,14502,2994,0,0,False,warehouse-10-20-10-2-1-random-5.scen,180
180,warehouse-10-20-10-2-1.map,planner,1,21870,14502,327,198,18700,14502,2830,0,0,True,warehouse-10-20-10-2-1-random-5.scen,180
180,warehouse-10-20-10-2-1.map,planner,1,21870,14502,327,198,18700,14502,2816,0,1,False,warehouse-10-20-10-2-1-random-5.scen,180
180,warehouse-10-20-10-2-1.map,planner,1,26722,14502,607,198,21820,14502,2111,0,1,True,warehouse-10-20-10-2-1-random-5.scen,180
180,warehouse-10-20-10-2-1.map,planner,1,21870,14502,327,198,18700,14502,2867,0,10,False,warehouse-10-20-10-2-1-random-5.scen,180
180,warehouse-10-20-10-2-1.map,planner,1,26722,14502,607,198,21820,14502,2134,0,10,True,warehouse-10-20-10-2-1-random-5.scen,180
180,warehouse-10-20-10-2-1.map,planner,1,21870,14502,327,198,18700,14502,2752,0,100,False,warehouse-10-20-10-2-1-random-5.scen,180
180,warehouse-10-20-10-2-1.map,planner,1,26722,14502,607,198,21820,14502,2126,0,100,True,warehouse-10-20-10-2-1-random-5.scen,180
180,warehouse-10-20-10-2-1.map,planner,1,21870,14502,327,198,18700,14502,2783,0,1000,False,warehouse-10-20-10-2-1-random-5.scen,180
180,warehouse-10-20-10-2-1.map,planner,1,26722,14502,607,198,21820,14502,2133,0,1000,True,warehouse-10-20-10-2-1-random-5.scen,180
20,warehouse-10-20-10-2-1.map,planner,1,1565,1476,166,166,1506,1476,1,0,0,False,warehouse-10-20-10-2-1-random-23.scen,20
20,warehouse-10-20-10-2-1.map,planner,1,1565,1476,166,166,1506,1476,1,0,0,True,warehouse-10-20-10-2-1-random-23.scen,20
20,warehouse-10-20-10-2-1.map,planner,1,1565,1476,166,166,1506,1476,1,0,1,False,warehouse-10-20-10-2-1-random-23.scen,20
20,warehouse-10-20-10-2-1.map,planner,1,1565,1476,166,166,1506,1476,1,0,1,True,warehouse-10-20-10-2-1-random-23.scen,20
20,warehouse-10-20-10-2-1.map,planner,1,1565,1476,166,166,1506,1476,1,0,10,False,warehouse-10-20-10-2-1-random-23.scen,20
20,warehouse-10-20-10-2-1.map,planner,1,1565,1476,166,166,1506,1476,1,0,10,True,warehouse-10-20-10-2-1-random-23.scen,20
20,warehouse-10-20-10-2-1.map,planner,1,1565,1476,166,166,1506,1476,1,0,100,False,warehouse-10-20-10-2-1-random-23.scen,20
20,warehouse-10-20-10-2-1.map,planner,1,1565,1476,166,166,1506,1476,1,0,100,True,warehouse-10-20-10-2-1-random-23.scen,20
20,warehouse-10-20-10-2-1.map,planner,1,1565,1476,166,166,1506,1476,1,0,1000,False,warehouse-10-20-10-2-1-random-23.scen,20
20,warehouse-10-20-10-2-1.map,planner,1,1565,1476,166,166,1506,1476,1,0,1000,True,warehouse-10-20-10-2-1-random-23.scen,20
60,warehouse-10-20-10-2-1.map,planner,1,6391,5242,197,175,5896,5242,12,0,0,False,warehouse-10-20-10-2-1-random-23.scen,60
60,warehouse-10-20-10-2-1.map,planner,1,6391,5242,197,175,5896,5242,12,0,0,True,warehouse-10-20-10-2-1-random-23.scen,60
60,warehouse-10-20-10-2-1.map,planner,1,6391,5242,197,175,5896,5242,12,0,1,False,warehouse-10-20-10-2-1-random-23.scen,60
60,warehouse-10-20-10-2-1.map,planner,1,6391,5242,197,175,5896,5242,12,0,1,True,warehouse-10-20-10-2-1-random-23.scen,60
60,warehouse-10-20-10-2-1.map,planner,1,6391,5242,197,175,5896,5242,12,0,10,False,warehouse-10-20-10-2-1-random-23.scen,60
60,warehouse-10-20-10-2-1.map,planner,1,6391,5242,197,175,5896,5242,12,0,10,True,warehouse-10-20-10-2-1-random-23.scen,60
60,warehouse-10-20-10-2-1.map,planner,1,6391,5242,197,175,5896,5242,12,0,100,False,warehouse-10-20-10-2-1-random-23.scen,60
60,warehouse-10-20-10-2-1.map,planner,1,6391,5242,197,175,5896,5242,12,0,100,True,warehouse-10-20-10-2-1-random-23.scen,60
60,warehouse-10-20-10-2-1.map,planner,1,6391,5242,197,175,5896,5242,12,0,1000,False,warehouse-10-20-10-2-1-random-23.scen,60
60,warehouse-10-20-10-2-1.map,planner,1,6391,5242,197,175,5896,5242,12,0,1000,True,warehouse-10-20-10-2-1-random-23.scen,60
100,warehouse-10-20-10-2-1.map,planner,1,12609,8951,260,189,11077,8951,28,0,0,False,warehouse-10-20-10-2-1-random-23.scen,100
100,warehouse-10-20-10-2-1.map,planner,1,12609,8951,260,189,11077,8951,28,0,0,True,warehouse-10-20-10-2-1-random-23.scen,100
100,warehouse-10-20-10-2-1.map,planner,1,12609,8951,260,189,11077,8951,29,0,1,False,warehouse-10-20-10-2-1-random-23.scen,100
100,warehouse-10-20-10-2-1.map,planner,1,11999,8951,210,189,10761,8951,9,0,1,True,warehouse-10-20-10-2-1-random-23.scen,100
100,warehouse-10-20-10-2-1.map,planner,1,12609,8951,260,189,11077,8951,28,0,10,False,warehouse-10-20-10-2-1-random-23.scen,100
100,warehouse-10-20-10-2-1.map,planner,1,11999,8951,210,189,10761,8951,9,0,10,True,warehouse-10-20-10-2-1-random-23.scen,100
100,warehouse-10-20-10-2-1.map,planner,1,12609,8951,260,189,11077,8951,27,0,100,False,warehouse-10-20-10-2-1-random-23.scen,100
100,warehouse-10-20-10-2-1.map,planner,1,11999,8951,210,189,10761,8951,9,0,100,True,warehouse-10-20-10-2-1-random-23.scen,100
100,warehouse-10-20-10-2-1.map,planner,1,12609,8951,260,189,11077,8951,28,0,1000,False,warehouse-10-20-10-2-1-random-23.scen,100
100,warehouse-10-20-10-2-1.map,planner,1,11999,8951,210,189,10761,8951,9,0,1000,True,warehouse-10-20-10-2-1-random-23.scen,100
140,warehouse-10-20-10-2-1.map,planner,1,17369,11990,229,189,15207,11990,413,0,0,False,warehouse-10-20-10-2-1-random-23.scen,140
140,warehouse-10-20-10-2-1.map,planner,1,17369,11990,229,189,15207,11990,399,0,0,True,warehouse-10-20-10-2-1-random-23.scen,140
140,warehouse-10-20-10-2-1.map,planner,1,17369,11990,229,189,15207,11990,400,0,1,False,warehouse-10-20-10-2-1-random-23.scen,140
140,warehouse-10-20-10-2-1.map,planner,1,30016,11990,822,189,21366,11990,846,0,1,True,warehouse-10-20-10-2-1-random-23.scen,140
140,warehouse-10-20-10-2-1.map,planner,1,17369,11990,229,189,15207,11990,406,0,10,False,warehouse-10-20-10-2-1-random-23.scen,140
140,warehouse-10-20-10-2-1.map,planner,1,30016,11990,822,189,21366,11990,842,0,10,True,warehouse-10-20-10-2-1-random-23.scen,140
140,warehouse-10-20-10-2-1.map,planner,1,17369,11990,229,189,15207,11990,415,0,100,False,warehouse-10-20-10-2-1-random-23.scen,140
140,warehouse-10-20-10-2-1.map,planner,1,30016,11990,822,189,21366,11990,846,0,100,True,warehouse-10-20-10-2-1-random-23.scen,140
140,warehouse-10-20-10-2-1.map,planner,1,17369,11990,229,189,15207,11990,403,0,1000,False,warehouse-10-20-10-2-1-random-23.scen,140
140,warehouse-10-20-10-2-1.map,planner,1,30016,11990,822,189,21366,11990,862,0,1000,True,warehouse-10-20-10-2-1-random-23.scen,140
180,warehouse-10-20-10-2-1.map,planner,1,24348,14865,512,189,21205,14865,3805,0,0,False,warehouse-10-20-10-2-1-random-23.scen,180
180,warehouse-10-20-10-2-1.map,planner,1,24348,14865,512,189,21205,14865,3903,0,0,True,warehouse-10-20-10-2-1-random-23.scen,180
180,warehouse-10-20-10-2-1.map,planner,1,24348,14865,512,189,21205,14865,3855,0,1,False,warehouse-10-20-10-2-1-random-23.scen,180
180,warehouse-10-20-10-2-1.map,planner,1,50829,14865,1266,189,33471,14865,9040,0,1,True,warehouse-10-20-10-2-1-random-23.scen,180
180,warehouse-10-20-10-2-1.map,planner,1,24348,14865,512,189,21205,14865,3917,0,10,False,warehouse-10-20-10-2-1-random-23.scen,180
180,warehouse-10-20-10-2-1.map,planner,1,45561,14865,1056,189,31509,14865,3114,0,10,True,warehouse-10-20-10-2-1-random-23.scen,180
180,warehouse-10-20-10-2-1.map,planner,1,24348,14865,512,189,21205,14865,3887,0,100,False,warehouse-10-20-10-2-1-random-23.scen,180
180,warehouse-10-20-10-2-1.map,planner,1,45561,14865,1056,189,31509,14865,3042,0,100,True,warehouse-10-20-10-2-1-random-23.scen,180
180,warehouse-10-20-10-2-1.map,planner,1,24348,14865,512,189,21205,14865,3903,0,1000,False,warehouse-10-20-10-2-1-random-23.scen,180
180,warehouse-10-20-10-2-1.map,planner,1,45561,14865,1056,189,31509,14865,3049,0,1000,True,warehouse-10-20-10-2-1-random-23.scen,180
20,warehouse-10-20-10-2-1.map,planner,1,1529,1356,165,165,1413,1356,1,0,0,False,warehouse-10-20-10-2-1-random-11.scen,20
20,warehouse-10-20-10-2-1.map,planner,1,1529,1356,165,165,1413,1356,1,0,0,True,warehouse-10-20-10-2-1-random-11.scen,20
20,warehouse-10-20-10-2-1.map,planner,1,1529,1356,165,165,1413,1356,1,0,1,False,warehouse-10-20-10-2-1-random-11.scen,20
20,warehouse-10-20-10-2-1.map,planner,1,1529,1356,165,165,1413,1356,1,0,1,True,warehouse-10-20-10-2-1-random-11.scen,20
20,warehouse-10-20-10-2-1.map,planner,1,1529,1356,165,165,1413,1356,1,0,10,False,warehouse-10-20-10-2-1-random-11.scen,20
20,warehouse-10-20-10-2-1.map,planner,1,1529,1356,165,165,1413,1356,1,0,10,True,warehouse-10-20-10-2-1-random-11.scen,20
20,warehouse-10-20-10-2-1.map,planner,1,1529,1356,165,165,1413,1356,1,0,100,False,warehouse-10-20-10-2-1-random-11.scen,20
20,warehouse-10-20-10-2-1.map,planner,1,1529,1356,165,165,1413,1356,1,0,100,True,warehouse-10-20-10-2-1-random-11.scen,20
20,warehouse-10-20-10-2-1.map,planner,1,1529,1356,165,165,1413,1356,1,0,1000,False,warehouse-10-20-10-2-1-random-11.scen,20
20,warehouse-10-20-10-2-1.map,planner,1,1529,1356,165,165,1413,1356,1,0,1000,True,warehouse-10-20-10-2-1-random-11.scen,20
60,warehouse-10-20-10-2-1.map,planner,1,8382,5211,391,181,7506,5211,846,0,0,False,warehouse-10-20-10-2-1-random-11.scen,60
60,warehouse-10-20-10-2-1.map,planner,1,8382,5211,391,181,7506,5211,875,0,0,True,warehouse-10-20-10-2-1-random-11.scen,60
60,warehouse-10-20-10-2-1.map,planner,1,8382,5211,391,181,7506,5211,857,0,1,False,warehouse-10-20-10-2-1-random-11.scen,60
60,warehouse-10-20-10-2-1.map,planner,1,9729,5211,464,181,8534,5211,455,0,1,True,warehouse-10-20-10-2-1-random-11.scen,60
60,warehouse-10-20-10-2-1.map,planner,1,8382,5211,391,181,7506,5211,840,0,10,False,warehouse-10-20-10-2-1-random-11.scen,60
60,warehouse-10-20-10-2-1.map,planner,1,9729,5211,464,181,8534,5211,447,0,10,True,warehouse-10-20-10-2-1-random-11.scen,60
60,warehouse-10-20-10-2-1.map,planner,1,8382,5211,391,181,7506,5211,844,0,100,False,warehouse-10-20-10-2-1-random-11.scen,60
60,warehouse-10-20-10-2-1.map,planner,1,9729,5211,464,181,8534,5211,443,0,100,True,warehouse-10-20-10-2-1-random-11.scen,60
60,warehouse-10-20-10-2-1.map,planner,1,8382,5211,391,181,7506,5211,860,0,1000,False,warehouse-10-20-10-2-1-random-11.scen,60
60,warehouse-10-20-10-2-1.map,planner,1,9729,5211,464,181,8534,5211,475,0,1000,True,warehouse-10-20-10-2-1-random-11.scen,60
100,warehouse-10-20-10-2-1.map,planner,1,12581,8761,336,185,11531,8761,570,0,0,False,warehouse-10-20-10-2-1-random-11.scen,100
100,warehouse-10-20-10-2-1.map,planner,1,12581,8761,336,185,11531,8761,549,0,0,True,warehouse-10-20-10-2-1-random-11.scen,100
100,warehouse-10-20-10-2-1.map,planner,1,12581,8761,336,185,11531,8761,561,0,1,False,warehouse-10-20-10-2-1-random-11.scen,100
100,warehouse-10-20-10-2-1.map,planner,1,14216,8761,405,185,12487,8761,830,0,1,True,warehouse-10-20-10-2-1-random-11.scen,100
100,warehouse-10-20-10-2-1.map,planner,1,12581,8761,336,185,11531,8761,565,0,10,False,warehouse-10-20-10-2-1-random-11.scen,100
100,warehouse-10-20-10-2-1.map,planner,1,14216,8761,405,185,12487,8761,832,0,10,True,warehouse-10-20-10-2-1-random-11.scen,100
100,warehouse-10-20-10-2-1.map,planner,1,12581,8761,336,185,11531,8761,564,0,100,False,warehouse-10-20-10-2-1-random-11.scen,100
100,warehouse-10-20-10-2-1.map,planner,1,14216,8761,405,185,12487,8761,807,0,100,True,warehouse-10-20-10-2-1-random-11.scen,100
100,warehouse-10-20-10-2-1.map,planner,1,12581,8761,336,185,11531,8761,546,0,1000,False,warehouse-10-20-10-2-1-random-11.scen,100
100,warehouse-10-20-10-2-1.map,planner,1,14216,8761,405,185,12487,8761,822,0,1000,True,warehouse-10-20-10-2-1-random-11.scen,100
140,warehouse-10-20-10-2-1.map,planner,1,22066,11644,819,185,19861,11644,2443,0,0,False,warehouse-10-20-10-2-1-random-11.scen,140
140,warehouse-10-20-10-2-1.map,planner,1,22066,11644,819,185,19861,11644,2470,0,0,True,warehouse-10-20-10-2-1-random-11.scen,140
140,warehouse-10-20-10-2-1.map,planner,1,22066,11644,819,185,19861,11644,2481,0,1,False,warehouse-10-20-10-2-1-random-11.scen,140
140,warehouse-10-20-10-2-1.map,planner,1,53549,11644,1800,185,42185,11644,36511,0,1,True,warehouse-10-20-10-2-1-random-11.scen,140
140,warehouse-10-20-10-2-1.map,planner,1,22066,11644,819,185,19861,11644,2395,0,10,False,warehouse-10-20-10-2-1-random-11.scen,140
140,warehouse-10-20-10-2-1.map,planner,1,52198,11644,1618,185,39162,11644,25983,0,10,True,warehouse-10-20-10-2-1-random-11.scen,140
140,warehouse-10-20-10-2-1.map,planner,1,22066,11644,819,185,19861,11644,2458,0,100,False,warehouse-10-20-10-2-1-random-11.scen,140
140,warehouse-10-20-10-2-1.map,planner,1,52198,11644,1618,185,39162,11644,25824,0,100,True,warehouse-10-20-10-2-1-random-11.scen,140
140,warehouse-10-20-10-2-1.map,planner,1,22066,11644,819,185,19861,11644,2399,0,1000,False,warehouse-10-20-10-2-1-random-11.scen,140
140,warehouse-10-20-10-2-1.map,planner,1,52198,11644,1618,185,39162,11644,26003,0,1000,True,warehouse-10-20-10-2-1-random-11.scen,140
180,warehouse-10-20-10-2-1.map,planner,1,26364,14772,518,185,22182,14772,4784,0,0,False,warehouse-10-20-10-2-1-random-11.scen,180
180,warehouse-10-20-10-2-1.map,planner,1,26364,14772,518,185,22182,14772,4772,0,0,True,warehouse-10-20-10-2-1-random-11.scen,180
180,warehouse-10-20-10-2-1.map,planner,1,26364,14772,518,185,22182,14772,4800,0,1,False,warehouse-10-20-10-2-1-random-11.scen,180
20,warehouse-10-20-10-2-1.map,planner,1,1680,1470,168,168,1546,1470,1,0,0,False,warehouse-10-20-10-2-1-random-18.scen,20
20,warehouse-10-20-10-2-1.map,planner,1,1680,1470,168,168,1546,1470,1,0,0,True,warehouse-10-20-10-2-1-random-18.scen,20
20,warehouse-10-20-10-2-1.map,planner,1,1680,1470,168,168,1546,1470,1,0,1,False,warehouse-10-20-10-2-1-random-18.scen,20
20,warehouse-10-20-10-2-1.map,planner,1,1680,1470,168,168,1546,1470,1,0,1,True,warehouse-10-20-10-2-1-random-18.scen,20
20,warehouse-10-20-10-2-1.map,planner,1,1680,1470,168,168,1546,1470,1,0,10,False,warehouse-10-20-10-2-1-random-18.scen,20
20,warehouse-10-20-10-2-1.map,planner,1,1680,1470,168,168,1546,1470,1,0,10,True,warehouse-10-20-10-2-1-random-18.scen,20
20,warehouse-10-20-10-2-1.map,planner,1,1680,1470,168,168,1546,1470,1,0,100,False,warehouse-10-20-10-2-1-random-18.scen,20
20,warehouse-10-20-10-2-1.map,planner,1,1680,1470,168,168,1546,1470,1,0,100,True,warehouse-10-20-10-2-1-random-18.scen,20
20,warehouse-10-20-10-2-1.map,planner,1,1680,1470,168,168,1546,1470,1,0,1000,False,warehouse-10-20-10-2-1-random-18.scen,20
20,warehouse-10-20-10-2-1.map,planner,1,1680,1470,168,168,1546,1470,1,0,1000,True,warehouse-10-20-10-2-1-random-18.scen,20
60,warehouse-10-20-10-2-1.map,planner,1,5769,4815,177,177,5354,4815,5,0,0,False,warehouse-10-20-10-2-1-random-18.scen,60
60,warehouse-10-20-10-2-1.map,planner,1,5769,4815,177,177,5354,4815,5,0,0,True,warehouse-10-20-10-2-1-random-18.scen,60
60,warehouse-10-20-10-2-1.map,planner,1,5769,4815,177,177,5354,4815,4,0,1,False,warehouse-10-20-10-2-1-random-18.scen,60
60,warehouse-10-20-10-2-1.map,planner,1,5814,4815,177,177,5458,4815,5,0,1,True,warehouse-10-20-10-2-1-random-18.scen,60
60,warehouse-10-20-10-2-1.map,planner,1,5769,4815,177,177,5354,4815,5,0,10,False,warehouse-10-20-10-2-1-random-18.scen,60
60,warehouse-10-20-10-2-1.map,planner,1,5814,4815,177,177,5458,4815,5,0,10,True,warehouse-10-20-10-2-1-random-18.scen,60
60,warehouse-10-20-10-2-1.map,planner,1,5769,4815,177,177,5354,4815,5,0,100,False,warehouse-10-20-10-2-1-random-18.scen,60
60,warehouse-10-20-10-2-1.map,planner,1,5814,4815,177,177,5458,4815,5,0,100,True,warehouse-10-20-10-2-1-random-18.scen,60
60,warehouse-10-20-10-2-1.map,planner,1,5769,4815,177,177,5354,4815,5,0,1000,False,warehouse-10-20-10-2-1-random-18.scen,60
60,warehouse-10-20-10-2-1.map,planner,1,5814,4815,177,177,5458,4815,5,0,1000,True,warehouse-10-20-10-2-1-random-18.scen,60
100,warehouse-10-20-10-2-1.map,planner,1,11087,8173,252,186,9969,8173,474,0,0,False,warehouse-10-20-10-2-1-random-18.scen,100
100,warehouse-10-20-10-2-1.map,planner,1,11087,8173,252,186,9969,8173,508,0,0,True,warehouse-10-20-10-2-1-random-18.scen,100
100,warehouse-10-20-10-2-1.map,planner,1,11087,8173,252,186,9969,8173,471,0,1,False,warehouse-10-20-10-2-1-random-18.scen,100
100,warehouse-10-20-10-2-1.map,planner,1,10608,8173,200,186,9695,8173,8,0,1,True,warehouse-10-20-10-2-1-random-18.scen,100
100,warehouse-10-20-10-2-1.map,planner,1,11087,8173,252,186,9969,8173,484,0,10,False,warehouse-10-20-10-2-1-random-18.scen,100
100,warehouse-10-20-10-2-1.map,planner,1,10608,8173,200,186,9695,8173,8,0,10,True,warehouse-10-20-10-2-1-random-18.scen,100
100,warehouse-10-20-10-2-1.map,planner,1,11087,8173,252,186,9969,8173,472,0,100,False,warehouse-10-20-10-2-1-random-18.scen,100
100,warehouse-10-20-10-2-1.map,planner,1,10608,8173,200,186,9695,8173,8,0,100,True,warehouse-10-20-10-2-1-random-18.scen,100
100,warehouse-10-20-10-2-1.map,planner,1,11087,8173,252,186,9969,8173,487,0,1000,False,warehouse-10-20-10-2-1-random-18.scen,100
100,warehouse-10-20-10-2-1.map,planner,1,10608,8173,200,186,9695,8173,8,0,1000,True,warehouse-10-20-10-2-1-random-18.scen,100
140,warehouse-10-20-10-2-1.map,planner,1,15564,10617,252,186,13595,10617,680,0,0,False,warehouse-10-20-10-2-1-random-18.scen,140
140,warehouse-10-20-10-2-1.map,planner,1,15564,10617,252,186,13595,10617,690,0,0,True,warehouse-10-20-10-2-1-random-18.scen,140
140,warehouse-10-20-10-2-1.map,planner,1,15564,10617,252,186,13595,10617,711,0,1,False,warehouse-10-20-10-2-1-random-18.scen,140
140,warehouse-10-20-10-2-1.map,planner,1,23570,10617,675,186,17683,10617,301,0,1,True,warehouse-10-20-10-2-1-random-18.scen,140
140,warehouse-10-20-10-2-1.map,planner,1,15564,10617,252,186,13595,10617,690,0,10,False,warehouse-10-20-10-2-1-random-18.scen,140
140,warehouse-10-20-10-2-1.map,planner,1,23570,10617,675,186,17683,10617,311,0,10,True,warehouse-10-20-10-2-1-random-18.scen,140
140,warehouse-10-20-10-2-1.map,planner,1,15564,10617,252,186,13595,10617,723,0,100,False,warehouse-10-20-10-2-1-random-18.scen,140
140,warehouse-10-20-10-2-1.map,planner,1,23570,10617,675,186,17683,10617,324,0,100,True,warehouse-10-20-10-2-1-random-18.scen,140
140,warehouse-10-20-10-2-1.map,planner,1,15564,10617,252,186,13595,10617,698,0,1000,False,warehouse-10-20-10-2-1-random-18.scen,140
140,warehouse-10-20-10-2-1.map,planner,1,23570,10617,675,186,17683,10617,304,0,1000,True,warehouse-10-20-10-2-1-random-18.scen,140
180,warehouse-10-20-10-2-1.map,planner,1,22984,14043,343,186,19455,14043,2389,0,0,False,warehouse-10-20-10-2-1-random-18.scen,180
180,warehouse-10-20-10-2-1.map,planner,1,22984,14043,343,186,19455,14043,2394,0,0,True,warehouse-10-20-10-2-1-random-18.scen,180
180,warehouse-10-20-10-2-1.map,planner,1,22984,14043,343,186,19455,14043,2384,0,1,False,warehouse-10-20-10-2-1-random-18.scen,180
180,warehouse-10-20-10-2-1.map,planner,1,32971,14043,674,186,24053,14043,462,0,1,True,warehouse-10-20-10-2-1-random-18.scen,180
180,warehouse-10-20-10-2-1.map,planner,1,22984,14043,343,186,19455,14043,2333,0,10,False,warehouse-10-20-10-2-1-random-18.scen,180
180,warehouse-10-20-10-2-1.map,planner,1,39318,14043,856,186,26776,14043,921,0,10,True,warehouse-10-20-10-2-1-random-18.scen,180
180,warehouse-10-20-10-2-1.map,planner,1,22984,14043,343,186,19455,14043,2433,0,100,False,warehouse-10-20-10-2-1-random-18.scen,180
180,warehouse-10-20-10-2-1.map,planner,1,39318,14043,856,186,26776,14043,917,0,100,True,warehouse-10-20-10-2-1-random-18.scen,180
180,warehouse-10-20-10-2-1.map,planner,1,22984,14043,343,186,19455,14043,2398,0,1000,False,warehouse-10-20-10-2-1-random-18.scen,180
180,warehouse-10-20-10-2-1.map,planner,1,39318,14043,856,186,26776,14043,896,0,1000,True,warehouse-10-20-10-2-1-random-18.scen,180
20,warehouse-10-20-10-2-1.map,planner,1,1651,1540,172,172,1572,1540,1,0,0,False,warehouse-10-20-10-2-1-random-25.scen,20
20,warehouse-10-20-10-2-1.map,planner,1,1651,1540,172,172,1572,1540,1,0,0,True,warehouse-10-20-10-2-1-random-25.scen,20
20,warehouse-10-20-10-2-1.map,planner,1,1651,1540,172,172,1572,1540,1,0,1,False,warehouse-10-20-10-2-1-random-25.scen,20
20,warehouse-10-20-10-2-1.map,planner,1,1651,1540,172,172,1572,1540,1,0,1,True,warehouse-10-20-10-2-1-random-25.scen,20
20,warehouse-10-20-10-2-1.map,planner,1,1651,1540,172,172,1572,1540,1,0,10,False,warehouse-10-20-10-2-1-random-25.scen,20
20,warehouse-10-20-10-2-1.map,planner,1,1651,1540,172,172,1572,1540,1,0,10,True,warehouse-10-20-10-2-1-random-25.scen,20
20,warehouse-10-20-10-2-1.map,planner,1,1651,1540,172,172,1572,1540,1,0,100,False,warehouse-10-20-10-2-1-random-25.scen,20
20,warehouse-10-20-10-2-1.map,planner,1,1651,1540,172,172,1572,1540,1,0,100,True,warehouse-10-20-10-2-1-random-25.scen,20
20,warehouse-10-20-10-2-1.map,planner,1,1651,1540,172,172,1572,1540,1,0,1000,False,warehouse-10-20-10-2-1-random-25.scen,20
20,warehouse-10-20-10-2-1.map,planner,1,1651,1540,172,172,1572,1540,1,0,1000,True,warehouse-10-20-10-2-1-random-25.scen,20
60,warehouse-10-20-10-2-1.map,planner,1,6687,5357,238,172,6092,5357,5,0,0,False,warehouse-10-20-10-2-1-random-25.scen,60
60,warehouse-10-20-10-2-1.map,planner,1,6687,5357,238,172,6092,5357,5,0,0,True,warehouse-10-20-10-2-1-random-25.scen,60
60,warehouse-10-20-10-2-1.map,planner,1,6687,5357,238,172,6092,5357,5,0,1,False,warehouse-10-20-10-2-1-random-25.scen,60
60,warehouse-10-20-10-2-1.map,planner,1,6394,5357,196,172,6000,5357,5,0,1,True,warehouse-10-20-10-2-1-random-25.scen,60
60,warehouse-10-20-10-2-1.map,planner,1,6687,5357,238,172,6092,5357,5,0,10,False,warehouse-10-20-10-2-1-random-25.scen,60
60,warehouse-10-20-10-2-1.map,planner,1,6394,5357,196,172,6000,5357,5,0,10,True,warehouse-10-20-10-2-1-random-25.scen,60
60,warehouse-10-20-10-2-1.map,planner,1,6687,5357,238,172,6092,5357,5,0,100,False,warehouse-10-20-10-2-1-random-25.scen,60
60,warehouse-10-20-10-2-1.map,planner,1,6394,5357,196,172,6000,5357,4,0,100,True,warehouse-10-20-10-2-1-random-25.scen,60
60,warehouse-10-20-10-2-1.map,planner,1,6687,5357,238,172,6092,5357,5,0,1000,False,warehouse-10-20-10-2-1-random-25.scen,60
60,warehouse-10-20-10-2-1.map,planner,1,6394,5357,196,172,6000,5357,4,0,1000,True,warehouse-10-20-10-2-1-random-25.scen,60
100,warehouse-10-20-10-2-1.map,planner,1,11309,8899,240,172,10655,8899,22,0,0,False,warehouse-10-20-10-2-1-random-25.scen,100
100,warehouse-10-20-10-2-1.map,planner,1,11309,8899,240,172,10655,8899,23,0,0,True,warehouse-10-20-10-2-1-random-25.scen,100
100,warehouse-10-20-10-2-1.map,planner,1,11309,8899,240,172,10655,8899,22,0,1,False,warehouse-10-20-10-2-1-random-25.scen,100
100,warehouse-10-20-10-2-1.map,planner,1,11593,8899,257,172,10833,8899,131,0,1,True,warehouse-10-20-10-2-1-random-25.scen,100
100,warehouse-10-20-10-2-1.map,planner,1,11309,8899,240,172,10655,8899,22,0,10,False,warehouse-10-20-10-2-1-random-25.scen,100
100,warehouse-10-20-10-2-1.map,planner,1,11593,8899,257,172,10833,8899,135,0,10,True,warehouse-10-20-10-2-1-random-25.scen,100
100,warehouse-10-20-10-2-1.map,planner,1,11309,8899,240,172,10655,8899,22,0,100,False,warehouse-10-20-10-2-1-random-25.scen,100
100,warehouse-10-20-10-2-1.map,planner,1,11593,8899,257,172,10833,8899,135,0,100,True,warehouse-10-20-10-2-1-random-25.scen,100
100,warehouse-10-20-10-2-1.map,planner,1,11309,8899,240,172,10655,8899,22,0,1000,False,warehouse-10-20-10-2-1-random-25.scen,100
100,warehouse-10-20-10-2-1.map,planner,1,11593,8899,257,172,10833,8899,134,0,1000,True,warehouse-10-20-10-2-1-random-25.scen,100
140,warehouse-10-20-10-2-1.map,planner,1,15724,11635,218,172,14111,11635,38,0,0,False,warehouse-10-20-10-2-1-random-25.scen,140
140,warehouse-10-20-10-2-1.map,planner,1,15724,11635,218,172,14111,11635,38,0,0,True,warehouse-10-20-10-2-1-random-25.scen,140
140,warehouse-10-20-10-2-1.map,planner,1,15724,11635,218,172,14111,11635,38,0,1,False,warehouse-10-20-10-2-1-random-25.scen,140
140,warehouse-10-20-10-2-1.map,planner,1,18489,11635,414,172,15425,11635,151,0,1,True,warehouse-10-20-10-2-1-random-25.scen,140
140,warehouse-10-20-10-2-1.map,planner,1,15724,11635,218,172,14111,11635,38,0,10,False,warehouse-10-20-10-2-1-random-25.scen,140
140,warehouse-10-20-10-2-1.map,planner,1,18489,11635,414,172,15425,11635,151,0,10,True,warehouse-10-20-10-2-1-random-25.scen,140
140,warehouse-10-20-10-2-1.map,planner,1,15724,11635,218,172,14111,11635,36,0,100,False,warehouse-10-20-10-2-1-random-25.scen,140
140,warehouse-10-20-10-2-1.map,planner,1,18489,11635,414,172,15425,11635,150,0,100,True,warehouse-10-20-10-2-1-random-25.scen,140
140,warehouse-10-20-10-2-1.map,planner,1,15724,11635,218,172,14111,11635,37,0,1000,False,warehouse-10-20-10-2-1-random-25.scen,140
140,warehouse-10-20-10-2-1.map,planner,1,18489,11635,414,172,15425,11635,149,0,1000,True,warehouse-10-20-10-2-1-random-25.scen,140
180,warehouse-10-20-10-2-1.map,planner,1,22725,14606,394,180,19988,14606,2575,0,0,False,warehouse-10-20-10-2-1-random-25.scen,180
180,warehouse-10-20-10-2-1.map,planner,1,22725,14606,394,180,19988,14606,2481,0,0,True,warehouse-10-20-10-2-1-random-25.scen,180
180,warehouse-10-20-10-2-1.map,planner,1,22725,14606,394,180,19988,14606,2487,0,1,False,warehouse-10-20-10-2-1-random-25.scen,180
180,warehouse-10-20-10-2-1.map,planner,1,30224,14606,690,180,24141,14606,1661,0,1,True,warehouse-10-20-10-2-1-random-25.scen,180
180,warehouse-10-20-10-2-1.map,planner,1,22725,14606,394,180,19988,14606,2429,0,10,False,warehouse-10-20-10-2-1-random-25.scen,180
180,warehouse-10-20-10-2-1.map,planner,1,30224,14606,690,180,24141,14606,1617,0,10,True,warehouse-10-20-10-2-1-random-25.scen,180
180,warehouse-10-20-10-2-1.map,planner,1,22725,14606,394,180,19988,14606,2473,0,100,False,warehouse-10-20-10-2-1-random-25.scen,180
180,warehouse-10-20-10-2-1.map,planner,1,30224,14606,690,180,24141,14606,1633,0,100,True,warehouse-10-20-10-2-1-random-25.scen,180
180,warehouse-10-20-10-2-1.map,planner,1,22725,14606,394,180,19988,14606,2465,0,1000,False,warehouse-10-20-10-2-1-random-25.scen,180
180,warehouse-10-20-10-2-1.map,planner,1,30224,14606,690,180,24141,14606,1644,0,1000,True,warehouse-10-20-10-2-1-random-25.scen,180
20,warehouse-10-20-10-2-1.map,planner,1,1580,1544,179,170,1580,1544,1,0,0,False,warehouse-10-20-10-2-1-random-19.scen,20
20,warehouse-10-20-10-2-1.map,planner,1,1580,1544,179,170,1580,1544,1,0,0,True,warehouse-10-20-10-2-1-random-19.scen,20
20,warehouse-10-20-10-2-1.map,planner,1,1580,1544,179,170,1580,1544,1,0,1,False,warehouse-10-20-10-2-1-random-19.scen,20
20,warehouse-10-20-10-2-1.map,planner,1,1580,1544,179,170,1580,1544,1,0,1,True,warehouse-10-20-10-2-1-random-19.scen,20
20,warehouse-10-20-10-2-1.map,planner,1,1580,1544,179,170,1580,1544,1,0,10,False,warehouse-10-20-10-2-1-random-19.scen,20
20,warehouse-10-20-10-2-1.map,planner,1,1580,1544,179,170,1580,1544,1,0,10,True,warehouse-10-20-10-2-1-random-19.scen,20
20,warehouse-10-20-10-2-1.map,planner,1,1580,1544,179,170,1580,1544,1,0,100,False,warehouse-10-20-10-2-1-random-19.scen,20
20,warehouse-10-20-10-2-1.map,planner,1,1580,1544,179,170,1580,1544,1,0,100,True,warehouse-10-20-10-2-1-random-19.scen,20
20,warehouse-10-20-10-2-1.map,planner,1,1580,1544,179,170,1580,1544,1,0,1000,False,warehouse-10-20-10-2-1-random-19.scen,20
20,warehouse-10-20-10-2-1.map,planner,1,1580,1544,179,170,1580,1544,1,0,1000,True,warehouse-10-20-10-2-1-random-19.scen,20
60,warehouse-10-20-10-2-1.map,planner,1,5886,5258,177,177,5635,5258,5,0,0,False,warehouse-10-20-10-2-1-random-19.scen,60
60,warehouse-10-20-10-2-1.map,planner,1,5886,5258,177,177,5635,5258,4,0,0,True,warehouse-10-20-10-2-1-random-19.scen,60
60,warehouse-10-20-10-2-1.map,planner,1,5886,5258,177,177,5635,5258,5,0,1,False,warehouse-10-20-10-2-1-random-19.scen,60
60,warehouse-10-20-10-2-1.map,planner,1,6066,5258,177,177,5689,5258,5,0,1,True,warehouse-10-20-10-2-1-random-19.scen,60
60,warehouse-10-20-10-2-1.map,planner,1,5886,5258,177,177,5635,5258,5,0,10,False,warehouse-10-20-10-2-1-random-19.scen,60
60,warehouse-10-20-10-2-1.map,planner,1,6066,5258,177,177,5689,5258,5,0,10,True,warehouse-10-20-10-2-1-random-19.scen,60
60,warehouse-10-20-10-2-1.map,planner,1,5886,5258,177,177,5635,5258,4,0,100,False,warehouse-10-20-10-2-1-random-19.scen,60
60,warehouse-10-20-10-2-1.map,planner,1,6066,5258,177,177,5689,5258,4,0,100,True,warehouse-10-20-10-2-1-random-19.scen,60
60,warehouse-10-20-10-2-1.map,planner,1,5886,5258,177,177,5635,5258,5,0,1000,False,warehouse-10-20-10-2-1-random-19.scen,60
60,warehouse-10-20-10-2-1.map,planner,1,6066,5258,177,177,5689,5258,5,0,1000,True,warehouse-10-20-10-2-1-random-19.scen,60
100,warehouse-10-20-10-2-1.map,planner,1,11423,8585,246,177,10297,8585,562,0,0,False,warehouse-10-20-10-2-1-random-19.scen,100
100,warehouse-10-20-10-2-1.map,planner,1,11423,8585,246,177,10297,8585,586,0,0,True,warehouse-10-20-10-2-1-random-19.scen,100
100,warehouse-10-20-10-2-1.map,planner,1,11423,8585,246,177,10297,8585,560,0,1,False,warehouse-10-20-10-2-1-random-19.scen,100
100,warehouse-10-20-10-2-1.map,planner,1,14413,8585,455,177,12552,8585,240,0,1,True,warehouse-10-20-10-2-1-random-19.scen,100
100,warehouse-10-20-10-2-1.map,planner,1,11423,8585,246,177,10297,8585,552,0,10,False,warehouse-10-20-10-2-1-random-19.scen,100
100,warehouse-10-20-10-2-1.map,planner,1,14413,8585,455,177,12552,8585,240,0,10,True,warehouse-10-20-10-2-1-random-19.scen,100
100,warehouse-10-20-10-2-1.map,planner,1,11423,8585,246,177,10297,8585,560,0,100,False,warehouse-10-20-10-2-1-random-19.scen,100
100,warehouse-10-20-10-2-1.map,planner,1,14413,8585,455,177,12552,8585,231,0,100,True,warehouse-10-20-10-2-1-random-19.scen,100
100,warehouse-10-20-10-2-1.map,planner,1,11423,8585,246,177,10297,8585,567,0,1000,False,warehouse-10-20-10-2-1-random-19.scen,100
100,warehouse-10-20-10-2-1.map,planner,1,14413,8585,455,177,12552,8585,234,0,1000,True,warehouse-10-20-10-2-1-random-19.scen,100
140,warehouse-10-20-10-2-1.map,planner,1,16182,11326,206,177,14267,11326,604,0,0,False,warehouse-10-20-10-2-1-random-19.scen,140
140,warehouse-10-20-10-2-1.map,planner,1,16182,11326,206,177,14267,11326,610,0,0,True,warehouse-10-20-10-2-1-random-19.scen,140
140,warehouse-10-20-10-2-1.map,planner,1,16182,11326,206,177,14267,11326,589,0,1,False,warehouse-10-20-10-2-1-random-19.scen,140
140,warehouse-10-20-10-2-1.map,planner,1,25618,11326,631,177,19727,11326,1258,0,1,True,warehouse-10-20-10-2-1-random-19.scen,140
140,warehouse-10-20-10-2-1.map,planner,1,16182,11326,206,177,14267,11326,621,0,10,False,warehouse-10-20-10-2-1-random-19.scen,140
140,warehouse-10-20-10-2-1.map,planner,1,25004,11326,601,177,19438,11326,471,0,10,True,warehouse-10-20-10-2-1-random-19.scen,140
140,warehouse-10-20-10-2-1.map,planner,1,16182,11326,206,177,14267,11326,600,0,100,False,warehouse-10-20-10-2-1-random-19.scen,140
140,warehouse-10-20-10-2-1.map,planner,1,25004,11326,601,177,19438,11326,479,0,100,True,warehouse-10-20-10-2-1-random-19.scen,140
140,warehouse-10-20-10-2-1.map,planner,1,16182,11326,206,177,14267,11326,616,0,1000,False,warehouse-10-20-10-2-1-random-19.scen,140
140,warehouse-10-20-10-2-1.map,planner,1,25004,11326,601,177,19438,11326,478,0,1000,True,warehouse-10-20-10-2-1-random-19.scen,140
180,warehouse-10-20-10-2-1.map,planner,1,26102,14193,480,177,21502,14193,4446,0,0,False,warehouse-10-20-10-2-1-random-19.scen,180
180,warehouse-10-20-10-2-1.map,planner,1,26102,14193,480,177,21502,14193,4519,0,0,True,warehouse-10-20-10-2-1-random-19.scen,180
180,warehouse-10-20-10-2-1.map,planner,1,26102,14193,480,177,21502,14193,4482,0,1,False,warehouse-10-20-10-2-1-random-19.scen,180
180,warehouse-10-20-10-2-1.map,planner,1,65440,14193,1354,177,45296,14193,6554,0,1,True,warehouse-10-20-10-2-1-random-19.scen,180
180,warehouse-10-20-10-2-1.map,planner,1,26102,14193,480,177,21502,14193,4397,0,10,False,warehouse-10-20-10-2-1-random-19.scen,180
180,warehouse-10-20-10-2-1.map,planner,1,46263,14193,1020,177,32893,14193,4576,0,10,True,warehouse-10-20-10-2-1-random-19.scen,180
180,warehouse-10-20-10-2-1.map,planner,1,26102,14193,480,177,21502,14193,4537,0,100,False,warehouse-10-20-10-2-1-random-19.scen,180
180,warehouse-10-20-10-2-1.map,planner,1,46263,14193,1020,177,32893,14193,4573,0,100,True,warehouse-10-20-10-2-1-random-19.scen,180
180,warehouse-10-20-10-2-1.map,planner,1,26102,14193,480,177,21502,14193,4411,0,1000,False,warehouse-10-20-10-2-1-random-19.scen,180
180,warehouse-10-20-10-2-1.map,planner,1,46263,14193,1020,177,32893,14193,4481,0,1000,True,warehouse-10-20-10-2-1-random-19.scen,180
20,warehouse-10-20-10-2-1.map,planner,1,1715,1505,174,174,1597,1505,1,0,0,False,warehouse-10-20-10-2-1-random-1.scen,20
20,warehouse-10-20-10-2-1.map,planner,1,1715,1505,174,174,1597,1505,1,0,0,True,warehouse-10-20-10-2-1-random-1.scen,20
20,warehouse-10-20-10-2-1.map,planner,1,1715,1505,174,174,1597,1505,1,0,1,False,warehouse-10-20-10-2-1-random-1.scen,20
20,warehouse-10-20-10-2-1.map,planner,1,1715,1505,174,174,1597,1505,1,0,1,True,warehouse-10-20-10-2-1-random-1.scen,20
20,warehouse-10-20-10-2-1.map,planner,1,1715,1505,174,174,1597,1505,1,0,10,False,warehouse-10-20-10-2-1-random-1.scen,20
20,warehouse-10-20-10-2-1.map,planner,1,1715,1505,174,174,1597,1505,1,0,10,True,warehouse-10-20-10-2-1-random-1.scen,20
20,warehouse-10-20-10-2-1.map,planner,1,1715,1505,174,174,1597,1505,1,0,100,False,warehouse-10-20-10-2-1-random-1.scen,20
20,warehouse-10-20-10-2-1.map,planner,1,1715,1505,174,174,1597,1505,1,0,100,True,warehouse-10-20-10-2-1-random-1.scen,20
20,warehouse-10-20-10-2-1.map,planner,1,1715,1505,174,174,1597,1505,1,0,1000,False,warehouse-10-20-10-2-1-random-1.scen,20
20,warehouse-10-20-10-2-1.map,planner,1,1715,1505,174,174,1597,1505,1,0,1000,True,warehouse-10-20-10-2-1-random-1.scen,20
60,warehouse-10-20-10-2-1.map,planner,1,6274,5042,174,174,5506,5042,4,0,0,False,warehouse-10-20-10-2-1-random-1.scen,60
60,warehouse-10-20-10-2-1.map,planner,1,6274,5042,174,174,5506,5042,4,0,0,True,warehouse-10-20-10-2-1-random-1.scen,60
60,warehouse-10-20-10-2-1.map,planner,1,6274,5042,174,174,5506,5042,5,0,1,False,warehouse-10-20-10-2-1-random-1.scen,60
60,warehouse-10-20-10-2-1.map,planner,1,6422,5042,197,174,5773,5042,12,0,1,True,warehouse-10-20-10-2-1-random-1.scen,60
60,warehouse-10-20-10-2-1.map,planner,1,6274,5042,174,174,5506,5042,4,0,10,False,warehouse-10-20-10-2-1-random-1.scen,60
60,warehouse-10-20-10-2-1.map,planner,1,6422,5042,197,174,5773,5042,12,0,10,True,warehouse-10-20-10-2-1-random-1.scen,60
60,warehouse-10-20-10-2-1.map,planner,1,6274,5042,174,174,5506,5042,4,0,100,False,warehouse-10-20-10-2-1-random-1.scen,60
60,warehouse-10-20-10-2-1.map,planner,1,6422,5042,197,174,5773,5042,12,0,100,True,warehouse-10-20-10-2-1-random-1.scen,60
60,warehouse-10-20-10-2-1.map,planner,1,6274,5042,174,174,5506,5042,4,0,1000,False,warehouse-10-20-10-2-1-random-1.scen,60
60,warehouse-10-20-10-2-1.map,planner,1,6422,5042,197,174,5773,5042,12,0,1000,True,warehouse-10-20-10-2-1-random-1.scen,60
100,warehouse-10-20-10-2-1.map,planner,1,11935,8991,220,198,10765,8991,103,0,0,False,warehouse-10-20-10-2-1-random-1.scen,100
100,warehouse-10-20-10-2-1.map,planner,1,11935,8991,220,198,10765,8991,104,0,0,True,warehouse-10-20-10-2-1-random-1.scen,100
100,warehouse-10-20-10-2-1.map,planner,1,11935,8991,220,198,10765,8991,106,0,1,False,warehouse-10-20-10-2-1-random-1.scen,100
100,warehouse-10-20-10-2-1.map,planner,1,13562,8991,374,198,11764,8991,174,0,1,True,warehouse-10-20-10-2-1-random-1.scen,100
100,warehouse-10-20-10-2-1.map,planner,1,11935,8991,220,198,10765,8991,101,0,10,False,warehouse-10-20-10-2-1-random-1.scen,100
100,warehouse-10-20-10-2-1.map,planner,1,13562,8991,374,198,11764,8991,177,0,10,True,warehouse-10-20-10-2-1-random-1.scen,100
100,warehouse-10-20-10-2-1.map,planner,1,11935,8991,220,198,10765,8991,99,0,100,False,warehouse-10-20-10-2-1-random-1.scen,100
100,warehouse-10-20-10-2-1.map,planner,1,13562,8991,374,198,11764,8991,177,0,100,True,warehouse-10-20-10-2-1-random-1.scen,100
100,warehouse-10-20-10-2-1.map,planner,1,11935,8991,220,198,10765,8991,108,0,1000,False,warehouse-10-20-10-2-1-random-1.scen,100
100,warehouse-10-20-10-2-1.map,planner,1,13562,8991,374,198,11764,8991,177,0,1000,True,warehouse-10-20-10-2-1-random-1.scen,100
140,warehouse-10-20-10-2-1.map,planner,1,17177,11878,238,198,15216,11878,34,0,0,False,warehouse-10-20-10-2-1-random-1.scen,140
140,warehouse-10-20-10-2-1.map,planner,1,17177,11878,238,198,15216,11878,36,0,0,True,warehouse-10-20-10-2-1-random-1.scen,140
140,warehouse-10-20-10-2-1.map,planner,1,17177,11878,238,198,15216,11878,35,0,1,False,warehouse-10-20-10-2-1-random-1.scen,140
140,warehouse-10-20-10-2-1.map,planner,1,32709,11878,836,198,25488,11878,245,0,1,True,warehouse-10-20-10-2-1-random-1.scen,140
140,warehouse-10-20-10-2-1.map,planner,1,17177,11878,238,198,15216,11878,34,0,10,False,warehouse-10-20-10-2-1-random-1.scen,140
140,warehouse-10-20-10-2-1.map,planner,1,35799,11878,958,198,25579,11878,135,0,10,True,warehouse-10-20-10-2-1-random-1.scen,140
140,warehouse-10-20-10-2-1.map,planner,1,17177,11878,238,198,15216,11878,35,0,100,False,warehouse-10-20-10-2-1-random-1.scen,140
140,warehouse-10-20-10-2-1.map,planner,1,35799,11878,958,198,25579,11878,134,0,100,True,warehouse-10-20-10-2-1-random-1.scen,140
140,warehouse-10-20-10-2-1.map,planner,1,17177,11878,238,198,15216,11878,36,0,1000,False,warehouse-10-20-10-2-1-random-1.scen,140
140,warehouse-10-20-10-2-1.map,planner,1,35799,11878,958,198,25579,11878,142,0,1000,True,warehouse-10-20-10-2-1-random-1.scen,140
180,warehouse-10-20-10-2-1.map,planner,1,22830,14702,300,198,19867,14702,896,0,0,False,warehouse-10-20-10-2-1-random-1.scen,180
180,warehouse-10-20-10-2-1.map,planner,1,22830,14702,300,198,19867,14702,900,0,0,True,warehouse-10-20-10-2-1-random-1.scen,180
180,warehouse-10-20-10-2-1.map,planner,1,22830,14702,300,198,19867,14702,953,0,1,False,warehouse-10-20-10-2-1-random-1.scen,180
180,warehouse-10-20-10-2-1.map,planner,1,64694,14702,1700,198,45829,14702,11880,0,1,True,warehouse-10-20-10-2-1-random-1.scen,180
180,warehouse-10-20-10-2-1.map,planner,1,22830,14702,300,198,19867,14702,959,0,10,False,warehouse-10-20-10-2-1-random-1.scen,180
180,warehouse-10-20-10-2-1.map,planner,1,38797,14702,864,198,28231,14702,1041,0,10,True,warehouse-10-20-10-2-1-random-1.scen,180
180,warehouse-10-20-10-2-1.map,planner,1,22830,14702,300,198,19867,14702,986,0,100,False,warehouse-10-20-10-2-1-random-1.scen,180
180,warehouse-10-20-10-2-1.map,planner,1,38797,14702,864,198,28231,14702,1025,0,100,True,warehouse-10-20-10-2-1-random-1.scen,180
180,warehouse-10-20-10-2-1.map,planner,1,22830,14702,300,198,19867,14702,948,0,1000,False,warehouse-10-20-10-2-1-random-1.scen,180
180,warehouse-10-20-10-2-1.map,planner,1,38797,14702,864,198,28231,14702,1020,0,1000,True,warehouse-10-20-10-2-1-random-1.scen,180
20,warehouse-10-20-10-2-1.map,planner,1,1997,1574,220,194,1863,1574,42,0,0,False,warehouse-10-20-10-2-1-random-10.scen,20
20,warehouse-10-20-10-2-1.map,planner,1,1997,1574,220,194,1863,1574,41,0,0,True,warehouse-10-20-10-2-1-random-10.scen,20
20,warehouse-10-20-10-2-1.map,planner,1,1997,1574,220,194,1863,1574,41,0,1,False,warehouse-10-20-10-2-1-random-10.scen,20
20,warehouse-10-20-10-2-1.map,planner,1,1997,1574,220,194,1863,1574,41,0,1,True,warehouse-10-20-10-2-1-random-10.scen,20
20,warehouse-10-20-10-2-1.map,planner,1,1997,1574,220,194,1863,1574,40,0,10,False,warehouse-10-20-10-2-1-random-10.scen,20
20,warehouse-10-20-10-2-1.map,planner,1,1997,1574,220,194,1863,1574,41,0,10,True,warehouse-10-20-10-2-1-random-10.scen,20
20,warehouse-10-20-10-2-1.map,planner,1,1997,1574,220,194,1863,1574,40,0,100,False,warehouse-10-20-10-2-1-random-10.scen,20
20,warehouse-10-20-10-2-1.map,planner,1,1997,1574,220,194,1863,1574,40,0,100,True,warehouse-10-20-10-2-1-random-10.scen,20
20,warehouse-10-20-10-2-1.map,planner,1,1997,1574,220,194,1863,1574,41,0,1000,False,warehouse-10-20-10-2-1-random-10.scen,20
20,warehouse-10-20-10-2-1.map,planner,1,1997,1574,220,194,1863,1574,41,0,1000,True,warehouse-10-20-10-2-1-random-10.scen,20
60,warehouse-10-20-10-2-1.map,planner,1,6668,5494,218,194,6141,5494,68,0,0,False,warehouse-10-20-10-2-1-random-10.scen,60
60,warehouse-10-20-10-2-1.map,planner,1,6668,5494,218,194,6141,5494,67,0,0,True,warehouse-10-20-10-2-1-random-10.scen,60
60,warehouse-10-20-10-2-1.map,planner,1,6668,5494,218,194,6141,5494,67,0,1,False,warehouse-10-20-10-2-1-random-10.scen,60
60,warehouse-10-20-10-2-1.map,planner,1,6668,5494,218,194,6141,5494,67,0,1,True,warehouse-10-20-10-2-1-random-10.scen,60
60,warehouse-10-20-10-2-1.map,planner,1,6668,5494,218,194,6141,5494,67,0,10,False,warehouse-10-20-10-2-1-random-10.scen,60
60,warehouse-10-20-10-2-1.map,planner,1,6668,5494,218,194,6141,5494,67,0,10,True,warehouse-10-20-10-2-1-random-10.scen,60
60,warehouse-10-20-10-2-1.map,planner,1,6668,5494,218,194,6141,5494,67,0,100,False,warehouse-10-20-10-2-1-random-10.scen,60
60,warehouse-10-20-10-2-1.map,planner,1,6668,5494,218,194,6141,5494,70,0,100,True,warehouse-10-20-10-2-1-random-10.scen,60
60,warehouse-10-20-10-2-1.map,planner,1,6668,5494,218,194,6141,5494,67,0,1000,False,warehouse-10-20-10-2-1-random-10.scen,60
60,warehouse-10-20-10-2-1.map,planner,1,6668,5494,218,194,6141,5494,67,0,1000,True,warehouse-10-20-10-2-1-random-10.scen,60
100,warehouse-10-20-10-2-1.map,planner,1,11978,9085,220,194,10773,9085,119,0,0,False,warehouse-10-20-10-2-1-random-10.scen,100
100,warehouse-10-20-10-2-1.map,planner,1,11978,9085,220,194,10773,9085,119,0,0,True,warehouse-10-20-10-2-1-random-10.scen,100
100,warehouse-10-20-10-2-1.map,planner,1,11978,9085,220,194,10773,9085,119,0,1,False,warehouse-10-20-10-2-1-random-10.scen,100
100,warehouse-10-20-10-2-1.map,planner,1,17290,9085,583,194,14495,9085,570,0,1,True,warehouse-10-20-10-2-1-random-10.scen,100
100,warehouse-10-20-10-2-1.map,planner,1,11978,9085,220,194,10773,9085,111,0,10,False,warehouse-10-20-10-2-1-random-10.scen,100
100,warehouse-10-20-10-2-1.map,planner,1,17290,9085,583,194,14495,9085,585,0,10,True,warehouse-10-20-10-2-1-random-10.scen,100
100,warehouse-10-20-10-2-1.map,planner,1,11978,9085,220,194,10773,9085,116,0,100,False,warehouse-10-20-10-2-1-random-10.scen,100
100,warehouse-10-20-10-2-1.map,planner,1,17290,9085,583,194,14495,9085,584,0,100,True,warehouse-10-20-10-2-1-random-10.scen,100
100,warehouse-10-20-10-2-1.map,planner,1,11978,9085,220,194,10773,9085,119,0,1000,False,warehouse-10-20-10-2-1-random-10.scen,100
100,warehouse-10-20-10-2-1.map,planner,1,17290,9085,583,194,14495,9085,565,0,1000,True,warehouse-10-20-10-2-1-random-10.scen,100
140,warehouse-10-20-10-2-1.map,planner,1,20631,11830,501,194,17203,11830,1415,0,0,False,warehouse-10-20-10-2-1-random-10.scen,140
140,warehouse-10-20-10-2-1.map,planner,1,20631,11830,501,194,17203,11830,1449,0,0,True,warehouse-10-20-10-2-1-random-10.scen,140
140,warehouse-10-20-10-2-1.map,planner,1,20631,11830,501,194,17203,11830,1426,0,1,False,warehouse-10-20-10-2-1-random-10.scen,140
140,warehouse-10-20-10-2-1.map,planner,1,23345,11830,720,194,19289,11830,1072,0,1,True,warehouse-10-20-10-2-1-random-10.scen,140
140,warehouse-10-20-10-2-1.map,planner,1,20631,11830,501,194,17203,11830,1455,0,10,False,warehouse-10-20-10-2-1-random-10.scen,140
140,warehouse-10-20-10-2-1.map,planner,1,23345,11830,720,194,19289,11830,1065,0,10,True,warehouse-10-20-10-2-1-random-10.scen,140
140,warehouse-10-20-10-2-1.map,planner,1,20631,11830,501,194,17203,11830,1402,0,100,False,warehouse-10-20-10-2-1-random-10.scen,140
140,warehouse-10-20-10-2-1.map,planner,1,23345,11830,720,194,19289,11830,1066,0,100,True,warehouse-10-20-10-2-1-random-10.scen,140
140,warehouse-10-20-10-2-1.map,planner,1,20631,11830,501,194,17203,11830,1438,0,1000,False,warehouse-10-20-10-2-1-random-10.scen,140
140,warehouse-10-20-10-2-1.map,planner,1,23345,11830,720,194,19289,11830,1079,0,1000,True,warehouse-10-20-10-2-1-random-10.scen,140
