agents,map_file,solver,solved,soc,soc_lb,makespan,makespan_lb,sum_of_loss,sum_of_loss_lb,comp_time,seed,Opti_Deadline,Bool_Opti,Scenario_File,N
20,random-32-32-20.map,planner,1,441,388,41,41,416,388,0,0,0,False,random-32-32-20-random-3.scen,20
20,random-32-32-20.map,planner,1,441,388,41,41,416,388,0,0,0,True,random-32-32-20-random-3.scen,20
20,random-32-32-20.map,planner,1,441,388,41,41,416,388,0,0,1,False,random-32-32-20-random-3.scen,20
20,random-32-32-20.map,planner,1,441,388,41,41,416,388,0,0,1,True,random-32-32-20-random-3.scen,20
20,random-32-32-20.map,planner,1,441,388,41,41,416,388,0,0,10,False,random-32-32-20-random-3.scen,20
20,random-32-32-20.map,planner,1,441,388,41,41,416,388,0,0,10,True,random-32-32-20-random-3.scen,20
20,random-32-32-20.map,planner,1,441,388,41,41,416,388,0,0,100,False,random-32-32-20-random-3.scen,20
20,random-32-32-20.map,planner,1,441,388,41,41,416,388,0,0,100,True,random-32-32-20-random-3.scen,20
20,random-32-32-20.map,planner,1,441,388,41,41,416,388,0,0,1000,False,random-32-32-20-random-3.scen,20
20,random-32-32-20.map,planner,1,441,388,41,41,416,388,0,0,1000,True,random-32-32-20-random-3.scen,20
60,random-32-32-20.map,planner,1,1557,1229,42,42,1430,1229,0,0,0,False,random-32-32-20-random-3.scen,60
60,random-32-32-20.map,planner,1,1557,1229,42,42,1430,1229,0,0,0,True,random-32-32-20-random-3.scen,60
60,random-32-32-20.map,planner,1,1557,1229,42,42,1430,1229,0,0,1,False,random-32-32-20-random-3.scen,60
60,random-32-32-20.map,planner,1,1486,1229,42,42,1406,1229,0,0,1,True,random-32-32-20-random-3.scen,60
60,random-32-32-20.map,planner,1,1557,1229,42,42,1430,1229,0,0,10,False,random-32-32-20-random-3.scen,60
60,random-32-32-20.map,planner,1,1486,1229,42,42,1406,1229,0,0,10,True,random-32-32-20-random-3.scen,60
60,random-32-32-20.map,planner,1,1557,1229,42,42,1430,1229,0,0,100,False,random-32-32-20-random-3.scen,60
60,random-32-32-20.map,planner,1,1486,1229,42,42,1406,1229,1,0,100,True,random-32-32-20-random-3.scen,60
60,random-32-32-20.map,planner,1,1557,1229,42,42,1430,1229,0,0,1000,False,random-32-32-20-random-3.scen,60
60,random-32-32-20.map,planner,1,1486,1229,42,42,1406,1229,0,0,1000,True,random-32-32-20-random-3.scen,60
100,random-32-32-20.map,planner,1,2964,2083,47,42,2703,2083,1,0,0,False,random-32-32-20-random-3.scen,100
100,random-32-32-20.map,planner,1,2964,2083,47,42,2703,2083,1,0,0,True,random-32-32-20-random-3.scen,100
100,random-32-32-20.map,planner,1,2964,2083,47,42,2703,2083,1,0,1,False,random-32-32-20-random-3.scen,100
100,random-32-32-20.map,planner,1,2921,2083,51,42,2561,2083,2,0,1,True,random-32-32-20-random-3.scen,100
100,random-32-32-20.map,planner,1,2964,2083,47,42,2703,2083,1,0,10,False,random-32-32-20-random-3.scen,100
100,random-32-32-20.map,planner,1,3002,2083,58,42,2623,2083,3,0,10,True,random-32-32-20-random-3.scen,100
100,random-32-32-20.map,planner,1,2964,2083,47,42,2703,2083,1,0,100,False,random-32-32-20-random-3.scen,100
100,random-32-32-20.map,planner,1,3002,2083,58,42,2623,2083,3,0,100,True,random-32-32-20-random-3.scen,100
100,random-32-32-20.map,planner,1,2964,2083,47,42,2703,2083,1,0,1000,False,random-32-32-20-random-3.scen,100
100,random-32-32-20.map,planner,1,3002,2083,58,42,2623,2083,3,0,1000,True,random-32-32-20-random-3.scen,100
140,random-32-32-20.map,planner,1,4916,2990,63,42,4254,2990,3,0,0,False,random-32-32-20-random-3.scen,140
140,random-32-32-20.map,planner,1,4916,2990,63,42,4254,2990,4,0,0,True,random-32-32-20-random-3.scen,140
140,random-32-32-20.map,planner,1,4916,2990,63,42,4254,2990,3,0,1,False,random-32-32-20-random-3.scen,140
140,random-32-32-20.map,planner,1,4909,2990,83,42,4147,2990,11,0,1,True,random-32-32-20-random-3.scen,140
140,random-32-32-20.map,planner,1,4916,2990,63,42,4254,2990,3,0,10,False,random-32-32-20-random-3.scen,140
140,random-32-32-20.map,planner,1,4971,2990,85,42,4185,2990,25,0,10,True,random-32-32-20-random-3.scen,140
140,random-32-32-20.map,planner,1,4916,2990,63,42,4254,2990,3,0,100,False,random-32-32-20-random-3.scen,140
140,random-32-32-20.map,planner,1,4895,2990,81,42,4157,2990,127,0,100,True,random-32-32-20-random-3.scen,140
140,random-32-32-20.map,planner,1,4916,2990,63,42,4254,2990,3,0,1000,False,random-32-32-20-random-3.scen,140
140,random-32-32-20.map,planner,1,4750,2990,75,42,4118,2990,402,0,1000,True,random-32-32-20-random-3.scen,140
180,random-32-32-20.map,planner,1,7162,3862,85,42,6170,3862,21,0,0,False,random-32-32-20-random-3.scen,180
180,random-32-32-20.map,planner,1,7162,3862,85,42,6170,3862,21,0,0,True,random-32-32-20-random-3.scen,180
180,random-32-32-20.map,planner,1,7162,3862,85,42,6170,3862,20,0,1,False,random-32-32-20-random-3.scen,180
180,random-32-32-20.map,planner,1,7901,3862,139,42,6605,3862,51,0,1,True,random-32-32-20-random-3.scen,180
180,random-32-32-20.map,planner,1,7162,3862,85,42,6170,3862,19,0,10,False,random-32-32-20-random-3.scen,180
180,random-32-32-20.map,planner,1,7664,3862,114,42,6280,3862,91,0,10,True,random-32-32-20-random-3.scen,180
180,random-32-32-20.map,planner,1,7162,3862,85,42,6170,3862,20,0,100,False,random-32-32-20-random-3.scen,180
180,random-32-32-20.map,planner,1,8083,3862,129,42,6355,3862,840,0,100,True,random-32-32-20-random-3.scen,180
180,random-32-32-20.map,planner,1,7162,3862,85,42,6170,3862,19,0,1000,False,random-32-32-20-random-3.scen,180
180,random-32-32-20.map,planner,1,7500,3862,127,42,6251,3862,6655,0,1000,True,random-32-32-20-random-3.scen,180
220,random-32-32-20.map,planner,1,9758,4752,93,56,8342,4752,64,0,0,False,random-32-32-20-random-3.scen,220
220,random-32-32-20.map,planner,1,9758,4752,93,56,8342,4752,68,0,0,True,random-32-32-20-random-3.scen,220
220,random-32-32-20.map,planner,1,9758,4752,93,56,8342,4752,65,0,1,False,random-32-32-20-random-3.scen,220
220,random-32-32-20.map,planner,1,11338,4752,153,56,9073,4752,37,0,1,True,random-32-32-20-random-3.scen,220
220,random-32-32-20.map,planner,1,9758,4752,93,56,8342,4752,66,0,10,False,random-32-32-20-random-3.scen,220
220,random-32-32-20.map,planner,1,11533,4752,153,56,9147,4752,177,0,10,True,random-32-32-20-random-3.scen,220
220,random-32-32-20.map,planner,1,9758,4752,93,56,8342,4752,64,0,100,False,random-32-32-20-random-3.scen,220
220,random-32-32-20.map,planner,1,11974,4752,179,56,9164,4752,1185,0,100,True,random-32-32-20-random-3.scen,220
220,random-32-32-20.map,planner,1,9758,4752,93,56,8342,4752,68,0,1000,False,random-32-32-20-random-3.scen,220
220,random-32-32-20.map,planner,1,12057,4752,173,56,9089,4752,14781,0,1000,True,random-32-32-20-random-3.scen,220
260,random-32-32-20.map,planner,1,13093,5731,93,56,11157,5731,19,0,0,False,random-32-32-20-random-3.scen,260
260,random-32-32-20.map,planner,1,13093,5731,93,56,11157,5731,20,0,0,True,random-32-32-20-random-3.scen,260
260,random-32-32-20.map,planner,1,13093,5731,93,56,11157,5731,19,0,1,False,random-32-32-20-random-3.scen,260
260,random-32-32-20.map,planner,1,15083,5731,182,56,12083,5731,89,0,1,True,random-32-32-20-random-3.scen,260
260,random-32-32-20.map,planner,1,13093,5731,93,56,11157,5731,18,0,10,False,random-32-32-20-random-3.scen,260
260,random-32-32-20.map,planner,1,14051,5731,149,56,11478,5731,242,0,10,True,random-32-32-20-random-3.scen,260
260,random-32-32-20.map,planner,1,13093,5731,93,56,11157,5731,19,0,100,False,random-32-32-20-random-3.scen,260
260,random-32-32-20.map,planner,1,14796,5731,151,56,11701,5731,2360,0,100,True,random-32-32-20-random-3.scen,260
260,random-32-32-20.map,planner,1,13093,5731,93,56,11157,5731,18,0,1000,False,random-32-32-20-random-3.scen,260
260,random-32-32-20.map,planner,1,16959,5731,235,56,12594,5731,21535,0,1000,True,random-32-32-20-random-3.scen,260
300,random-32-32-20.map,planner,1,18407,6618,147,56,14903,6618,40,0,0,False,random-32-32-20-random-3.scen,300
300,random-32-32-20.map,planner,1,18407,6618,147,56,14903,6618,43,0,0,True,random-32-32-20-random-3.scen,300
300,random-32-32-20.map,planner,1,18407,6618,147,56,14903,6618,41,0,1,False,random-32-32-20-random-3.scen,300
300,random-32-32-20.map,planner,1,20942,6618,206,56,16139,6618,207,0,1,True,random-32-32-20-random-3.scen,300
300,random-32-32-20.map,planner,1,18407,6618,147,56,14903,6618,40,0,10,False,random-32-32-20-random-3.scen,300
300,random-32-32-20.map,planner,1,22754,6618,233,56,16723,6618,376,0,10,True,random-32-32-20-random-3.scen,300
300,random-32-32-20.map,planner,1,18407,6618,147,56,14903,6618,40,0,100,False,random-32-32-20-random-3.scen,300
300,random-32-32-20.map,planner,1,21646,6618,221,56,16140,6618,3746,0,100,True,random-32-32-20-random-3.scen,300
300,random-32-32-20.map,planner,1,18407,6618,147,56,14903,6618,44,0,1000,False,random-32-32-20-random-3.scen,300
300,random-32-32-20.map,planner,1,21526,6618,244,56,16194,6618,31490,0,1000,True,random-32-32-20-random-3.scen,300
340,random-32-32-20.map,planner,1,22193,7484,143,56,18480,7484,201,0,0,False,random-32-32-20-random-3.scen,340
340,random-32-32-20.map,planner,1,22193,7484,143,56,18480,7484,196,0,0,True,random-32-32-20-random-3.scen,340
340,random-32-32-20.map,planner,1,22193,7484,143,56,18480,7484,180,0,1,False,random-32-32-20-random-3.scen,340
340,random-32-32-20.map,planner,1,26152,7484,200,56,19495,7484,105,0,1,True,random-32-32-20-random-3.scen,340
340,random-32-32-20.map,planner,1,22193,7484,143,56,18480,7484,185,0,10,False,random-32-32-20-random-3.scen,340
340,random-32-32-20.map,planner,1,30142,7484,294,56,20820,7484,504,0,10,True,random-32-32-20-random-3.scen,340
340,random-32-32-20.map,planner,1,22193,7484,143,56,18480,7484,190,0,100,False,random-32-32-20-random-3.scen,340
340,random-32-32-20.map,planner,1,33664,7484,303,56,21504,7484,4262,0,100,True,random-32-32-20-random-3.scen,340
340,random-32-32-20.map,planner,1,22193,7484,143,56,18480,7484,191,0,1000,False,random-32-32-20-random-3.scen,340
340,random-32-32-20.map,planner,1,36416,7484,356,56,24027,7484,40368,0,1000,True,random-32-32-20-random-3.scen,340
380,random-32-32-20.map,planner,1,33129,8390,253,56,24686,8390,1766,0,0,False,random-32-32-20-random-3.scen,380
380,random-32-32-20.map,planner,1,33129,8390,253,56,24686,8390,1796,0,0,True,random-32-32-20-random-3.scen,380
380,random-32-32-20.map,planner,1,33129,8390,253,56,24686,8390,1765,0,1,False,random-32-32-20-random-3.scen,380
380,random-32-32-20.map,planner,1,35322,8390,262,56,25150,8390,177,0,1,True,random-32-32-20-random-3.scen,380
380,random-32-32-20.map,planner,1,33129,8390,253,56,24686,8390,1758,0,10,False,random-32-32-20-random-3.scen,380
380,random-32-32-20.map,planner,1,40401,8390,344,56,27555,8390,2824,0,10,True,random-32-32-20-random-3.scen,380
380,random-32-32-20.map,planner,1,33129,8390,253,56,24686,8390,1765,0,100,False,random-32-32-20-random-3.scen,380
380,random-32-32-20.map,planner,1,63998,8390,482,56,33182,8390,7854,0,100,True,random-32-32-20-random-3.scen,380
380,random-32-32-20.map,planner,1,33129,8390,253,56,24686,8390,1735,0,1000,False,random-32-32-20-random-3.scen,380
380,random-32-32-20.map,planner,1,81587,8390,585,56,35142,8390,57141,0,1000,True,random-32-32-20-random-3.scen,380
380,random-32-32-20.map,planner,1,81587,8390,585,56,35142,8390,57141,0,0,False,random-32-32-20-random-3.scen,420
380,random-32-32-20.map,planner,1,81587,8390,585,56,35142,8390,57141,0,0,True,random-32-32-20-random-3.scen,420
380,random-32-32-20.map,planner,1,81587,8390,585,56,35142,8390,57141,0,1,False,random-32-32-20-random-3.scen,420
380,random-32-32-20.map,planner,1,81587,8390,585,56,35142,8390,57141,0,1,True,random-32-32-20-random-3.scen,420
380,random-32-32-20.map,planner,1,81587,8390,585,56,35142,8390,57141,0,10,False,random-32-32-20-random-3.scen,420
380,random-32-32-20.map,planner,1,81587,8390,585,56,35142,8390,57141,0,10,True,random-32-32-20-random-3.scen,420
380,random-32-32-20.map,planner,1,81587,8390,585,56,35142,8390,57141,0,100,False,random-32-32-20-random-3.scen,420
380,random-32-32-20.map,planner,1,81587,8390,585,56,35142,8390,57141,0,100,True,random-32-32-20-random-3.scen,420
380,random-32-32-20.map,planner,1,81587,8390,585,56,35142,8390,57141,0,1000,False,random-32-32-20-random-3.scen,420
380,random-32-32-20.map,planner,1,81587,8390,585,56,35142,8390,57141,0,1000,True,random-32-32-20-random-3.scen,420
380,random-32-32-20.map,planner,1,81587,8390,585,56,35142,8390,57141,0,0,False,random-32-32-20-random-3.scen,460
380,random-32-32-20.map,planner,1,81587,8390,585,56,35142,8390,57141,0,0,True,random-32-32-20-random-3.scen,460
380,random-32-32-20.map,planner,1,81587,8390,585,56,35142,8390,57141,0,1,False,random-32-32-20-random-3.scen,460
380,random-32-32-20.map,planner,1,81587,8390,585,56,35142,8390,57141,0,1,True,random-32-32-20-random-3.scen,460
380,random-32-32-20.map,planner,1,81587,8390,585,56,35142,8390,57141,0,10,False,random-32-32-20-random-3.scen,460
380,random-32-32-20.map,planner,1,81587,8390,585,56,35142,8390,57141,0,10,True,random-32-32-20-random-3.scen,460
380,random-32-32-20.map,planner,1,81587,8390,585,56,35142,8390,57141,0,100,False,random-32-32-20-random-3.scen,460
380,random-32-32-20.map,planner,1,81587,8390,585,56,35142,8390,57141,0,100,True,random-32-32-20-random-3.scen,460
380,random-32-32-20.map,planner,1,81587,8390,585,56,35142,8390,57141,0,1000,False,random-32-32-20-random-3.scen,460
380,random-32-32-20.map,planner,1,81587,8390,585,56,35142,8390,57141,0,1000,True,random-32-32-20-random-3.scen,460
380,random-32-32-20.map,planner,1,81587,8390,585,56,35142,8390,57141,0,0,False,random-32-32-20-random-3.scen,500
380,random-32-32-20.map,planner,1,81587,8390,585,56,35142,8390,57141,0,0,True,random-32-32-20-random-3.scen,500
380,random-32-32-20.map,planner,1,81587,8390,585,56,35142,8390,57141,0,1,False,random-32-32-20-random-3.scen,500
380,random-32-32-20.map,planner,1,81587,8390,585,56,35142,8390,57141,0,1,True,random-32-32-20-random-3.scen,500
380,random-32-32-20.map,planner,1,81587,8390,585,56,35142,8390,57141,0,10,False,random-32-32-20-random-3.scen,500
380,random-32-32-20.map,planner,1,81587,8390,585,56,35142,8390,57141,0,10,True,random-32-32-20-random-3.scen,500
380,random-32-32-20.map,planner,1,81587,8390,585,56,35142,8390,57141,0,100,False,random-32-32-20-random-3.scen,500
380,random-32-32-20.map,planner,1,81587,8390,585,56,35142,8390,57141,0,100,True,random-32-32-20-random-3.scen,500
380,random-32-32-20.map,planner,1,81587,8390,585,56,35142,8390,57141,0,1000,False,random-32-32-20-random-3.scen,500
380,random-32-32-20.map,planner,1,81587,8390,585,56,35142,8390,57141,0,1000,True,random-32-32-20-random-3.scen,500
380,random-32-32-20.map,planner,1,81587,8390,585,56,35142,8390,57141,0,0,False,random-32-32-20-random-3.scen,540
380,random-32-32-20.map,planner,1,81587,8390,585,56,35142,8390,57141,0,0,True,random-32-32-20-random-3.scen,540
380,random-32-32-20.map,planner,1,81587,8390,585,56,35142,8390,57141,0,1,False,random-32-32-20-random-3.scen,540
380,random-32-32-20.map,planner,1,81587,8390,585,56,35142,8390,57141,0,1,True,random-32-32-20-random-3.scen,540
380,random-32-32-20.map,planner,1,81587,8390,585,56,35142,8390,57141,0,10,False,random-32-32-20-random-3.scen,540
380,random-32-32-20.map,planner,1,81587,8390,585,56,35142,8390,57141,0,10,True,random-32-32-20-random-3.scen,540
380,random-32-32-20.map,planner,1,81587,8390,585,56,35142,8390,57141,0,100,False,random-32-32-20-random-3.scen,540
380,random-32-32-20.map,planner,1,81587,8390,585,56,35142,8390,57141,0,100,True,random-32-32-20-random-3.scen,540
380,random-32-32-20.map,planner,1,81587,8390,585,56,35142,8390,57141,0,1000,False,random-32-32-20-random-3.scen,540
380,random-32-32-20.map,planner,1,81587,8390,585,56,35142,8390,57141,0,1000,True,random-32-32-20-random-3.scen,540
380,random-32-32-20.map,planner,1,81587,8390,585,56,35142,8390,57141,0,0,False,random-32-32-20-random-3.scen,580
380,random-32-32-20.map,planner,1,81587,8390,585,56,35142,8390,57141,0,0,True,random-32-32-20-random-3.scen,580
380,random-32-32-20.map,planner,1,81587,8390,585,56,35142,8390,57141,0,1,False,random-32-32-20-random-3.scen,580
380,random-32-32-20.map,planner,1,81587,8390,585,56,35142,8390,57141,0,1,True,random-32-32-20-random-3.scen,580
380,random-32-32-20.map,planner,1,81587,8390,585,56,35142,8390,57141,0,10,False,random-32-32-20-random-3.scen,580
380,random-32-32-20.map,planner,1,81587,8390,585,56,35142,8390,57141,0,10,True,random-32-32-20-random-3.scen,580
380,random-32-32-20.map,planner,1,81587,8390,585,56,35142,8390,57141,0,100,False,random-32-32-20-random-3.scen,580
380,random-32-32-20.map,planner,1,81587,8390,585,56,35142,8390,57141,0,100,True,random-32-32-20-random-3.scen,580
380,random-32-32-20.map,planner,1,81587,8390,585,56,35142,8390,57141,0,1000,False,random-32-32-20-random-3.scen,580
380,random-32-32-20.map,planner,1,81587,8390,585,56,35142,8390,57141,0,1000,True,random-32-32-20-random-3.scen,580
380,random-32-32-20.map,planner,1,81587,8390,585,56,35142,8390,57141,0,0,False,random-32-32-20-random-3.scen,620
380,random-32-32-20.map,planner,1,81587,8390,585,56,35142,8390,57141,0,0,True,random-32-32-20-random-3.scen,620
380,random-32-32-20.map,planner,1,81587,8390,585,56,35142,8390,57141,0,1,False,random-32-32-20-random-3.scen,620
380,random-32-32-20.map,planner,1,81587,8390,585,56,35142,8390,57141,0,1,True,random-32-32-20-random-3.scen,620
380,random-32-32-20.map,planner,1,81587,8390,585,56,35142,8390,57141,0,10,False,random-32-32-20-random-3.scen,620
380,random-32-32-20.map,planner,1,81587,8390,585,56,35142,8390,57141,0,10,True,random-32-32-20-random-3.scen,620
380,random-32-32-20.map,planner,1,81587,8390,585,56,35142,8390,57141,0,100,False,random-32-32-20-random-3.scen,620
380,random-32-32-20.map,planner,1,81587,8390,585,56,35142,8390,57141,0,100,True,random-32-32-20-random-3.scen,620
380,random-32-32-20.map,planner,1,81587,8390,585,56,35142,8390,57141,0,1000,False,random-32-32-20-random-3.scen,620
380,random-32-32-20.map,planner,1,81587,8390,585,56,35142,8390,57141,0,1000,True,random-32-32-20-random-3.scen,620
380,random-32-32-20.map,planner,1,81587,8390,585,56,35142,8390,57141,0,0,False,random-32-32-20-random-3.scen,660
380,random-32-32-20.map,planner,1,81587,8390,585,56,35142,8390,57141,0,0,True,random-32-32-20-random-3.scen,660
380,random-32-32-20.map,planner,1,81587,8390,585,56,35142,8390,57141,0,1,False,random-32-32-20-random-3.scen,660
380,random-32-32-20.map,planner,1,81587,8390,585,56,35142,8390,57141,0,1,True,random-32-32-20-random-3.scen,660
380,random-32-32-20.map,planner,1,81587,8390,585,56,35142,8390,57141,0,10,False,random-32-32-20-random-3.scen,660
380,random-32-32-20.map,planner,1,81587,8390,585,56,35142,8390,57141,0,10,True,random-32-32-20-random-3.scen,660
380,random-32-32-20.map,planner,1,81587,8390,585,56,35142,8390,57141,0,100,False,random-32-32-20-random-3.scen,660
380,random-32-32-20.map,planner,1,81587,8390,585,56,35142,8390,57141,0,100,True,random-32-32-20-random-3.scen,660
380,random-32-32-20.map,planner,1,81587,8390,585,56,35142,8390,57141,0,1000,False,random-32-32-20-random-3.scen,660
380,random-32-32-20.map,planner,1,81587,8390,585,56,35142,8390,57141,0,1000,True,random-32-32-20-random-3.scen,660
380,random-32-32-20.map,planner,1,81587,8390,585,56,35142,8390,57141,0,0,False,random-32-32-20-random-3.scen,700
380,random-32-32-20.map,planner,1,81587,8390,585,56,35142,8390,57141,0,0,True,random-32-32-20-random-3.scen,700
380,random-32-32-20.map,planner,1,81587,8390,585,56,35142,8390,57141,0,1,False,random-32-32-20-random-3.scen,700
380,random-32-32-20.map,planner,1,81587,8390,585,56,35142,8390,57141,0,1,True,random-32-32-20-random-3.scen,700
380,random-32-32-20.map,planner,1,81587,8390,585,56,35142,8390,57141,0,10,False,random-32-32-20-random-3.scen,700
380,random-32-32-20.map,planner,1,81587,8390,585,56,35142,8390,57141,0,10,True,random-32-32-20-random-3.scen,700
380,random-32-32-20.map,planner,1,81587,8390,585,56,35142,8390,57141,0,100,False,random-32-32-20-random-3.scen,700
380,random-32-32-20.map,planner,1,81587,8390,585,56,35142,8390,57141,0,100,True,random-32-32-20-random-3.scen,700
380,random-32-32-20.map,planner,1,81587,8390,585,56,35142,8390,57141,0,1000,False,random-32-32-20-random-3.scen,700
380,random-32-32-20.map,planner,1,81587,8390,585,56,35142,8390,57141,0,1000,True,random-32-32-20-random-3.scen,700
380,random-32-32-20.map,planner,1,81587,8390,585,56,35142,8390,57141,0,0,False,random-32-32-20-random-3.scen,740
380,random-32-32-20.map,planner,1,81587,8390,585,56,35142,8390,57141,0,0,True,random-32-32-20-random-3.scen,740
380,random-32-32-20.map,planner,1,81587,8390,585,56,35142,8390,57141,0,1,False,random-32-32-20-random-3.scen,740
380,random-32-32-20.map,planner,1,81587,8390,585,56,35142,8390,57141,0,1,True,random-32-32-20-random-3.scen,740
380,random-32-32-20.map,planner,1,81587,8390,585,56,35142,8390,57141,0,10,False,random-32-32-20-random-3.scen,740
380,random-32-32-20.map,planner,1,81587,8390,585,56,35142,8390,57141,0,10,True,random-32-32-20-random-3.scen,740
380,random-32-32-20.map,planner,1,81587,8390,585,56,35142,8390,57141,0,100,False,random-32-32-20-random-3.scen,740
380,random-32-32-20.map,planner,1,81587,8390,585,56,35142,8390,57141,0,100,True,random-32-32-20-random-3.scen,740
380,random-32-32-20.map,planner,1,81587,8390,585,56,35142,8390,57141,0,1000,False,random-32-32-20-random-3.scen,740
380,random-32-32-20.map,planner,1,81587,8390,585,56,35142,8390,57141,0,1000,True,random-32-32-20-random-3.scen,740
380,random-32-32-20.map,planner,1,81587,8390,585,56,35142,8390,57141,0,0,False,random-32-32-20-random-3.scen,780
380,random-32-32-20.map,planner,1,81587,8390,585,56,35142,8390,57141,0,0,True,random-32-32-20-random-3.scen,780
380,random-32-32-20.map,planner,1,81587,8390,585,56,35142,8390,57141,0,1,False,random-32-32-20-random-3.scen,780
380,random-32-32-20.map,planner,1,81587,8390,585,56,35142,8390,57141,0,1,True,random-32-32-20-random-3.scen,780
380,random-32-32-20.map,planner,1,81587,8390,585,56,35142,8390,57141,0,10,False,random-32-32-20-random-3.scen,780
380,random-32-32-20.map,planner,1,81587,8390,585,56,35142,8390,57141,0,10,True,random-32-32-20-random-3.scen,780
380,random-32-32-20.map,planner,1,81587,8390,585,56,35142,8390,57141,0,100,False,random-32-32-20-random-3.scen,780
380,random-32-32-20.map,planner,1,81587,8390,585,56,35142,8390,57141,0,100,True,random-32-32-20-random-3.scen,780
380,random-32-32-20.map,planner,1,81587,8390,585,56,35142,8390,57141,0,1000,False,random-32-32-20-random-3.scen,780
380,random-32-32-20.map,planner,1,81587,8390,585,56,35142,8390,57141,0,1000,True,random-32-32-20-random-3.scen,780
380,random-32-32-20.map,planner,1,81587,8390,585,56,35142,8390,57141,0,0,False,random-32-32-20-random-3.scen,820
380,random-32-32-20.map,planner,1,81587,8390,585,56,35142,8390,57141,0,0,True,random-32-32-20-random-3.scen,820
380,random-32-32-20.map,planner,1,81587,8390,585,56,35142,8390,57141,0,1,False,random-32-32-20-random-3.scen,820
380,random-32-32-20.map,planner,1,81587,8390,585,56,35142,8390,57141,0,1,True,random-32-32-20-random-3.scen,820
380,random-32-32-20.map,planner,1,81587,8390,585,56,35142,8390,57141,0,10,False,random-32-32-20-random-3.scen,820
380,random-32-32-20.map,planner,1,81587,8390,585,56,35142,8390,57141,0,10,True,random-32-32-20-random-3.scen,820
380,random-32-32-20.map,planner,1,81587,8390,585,56,35142,8390,57141,0,100,False,random-32-32-20-random-3.scen,820
380,random-32-32-20.map,planner,1,81587,8390,585,56,35142,8390,57141,0,100,True,random-32-32-20-random-3.scen,820
380,random-32-32-20.map,planner,1,81587,8390,585,56,35142,8390,57141,0,1000,False,random-32-32-20-random-3.scen,820
380,random-32-32-20.map,planner,1,81587,8390,585,56,35142,8390,57141,0,1000,True,random-32-32-20-random-3.scen,820
380,random-32-32-20.map,planner,1,81587,8390,585,56,35142,8390,57141,0,0,False,random-32-32-20-random-3.scen,860
380,random-32-32-20.map,planner,1,81587,8390,585,56,35142,8390,57141,0,0,True,random-32-32-20-random-3.scen,860
380,random-32-32-20.map,planner,1,81587,8390,585,56,35142,8390,57141,0,1,False,random-32-32-20-random-3.scen,860
380,random-32-32-20.map,planner,1,81587,8390,585,56,35142,8390,57141,0,1,True,random-32-32-20-random-3.scen,860
380,random-32-32-20.map,planner,1,81587,8390,585,56,35142,8390,57141,0,10,False,random-32-32-20-random-3.scen,860
380,random-32-32-20.map,planner,1,81587,8390,585,56,35142,8390,57141,0,10,True,random-32-32-20-random-3.scen,860
380,random-32-32-20.map,planner,1,81587,8390,585,56,35142,8390,57141,0,100,False,random-32-32-20-random-3.scen,860
380,random-32-32-20.map,planner,1,81587,8390,585,56,35142,8390,57141,0,100,True,random-32-32-20-random-3.scen,860
380,random-32-32-20.map,planner,1,81587,8390,585,56,35142,8390,57141,0,1000,False,random-32-32-20-random-3.scen,860
380,random-32-32-20.map,planner,1,81587,8390,585,56,35142,8390,57141,0,1000,True,random-32-32-20-random-3.scen,860
380,random-32-32-20.map,planner,1,81587,8390,585,56,35142,8390,57141,0,0,False,random-32-32-20-random-3.scen,900
380,random-32-32-20.map,planner,1,81587,8390,585,56,35142,8390,57141,0,0,True,random-32-32-20-random-3.scen,900
380,random-32-32-20.map,planner,1,81587,8390,585,56,35142,8390,57141,0,1,False,random-32-32-20-random-3.scen,900
380,random-32-32-20.map,planner,1,81587,8390,585,56,35142,8390,57141,0,1,True,random-32-32-20-random-3.scen,900
380,random-32-32-20.map,planner,1,81587,8390,585,56,35142,8390,57141,0,10,False,random-32-32-20-random-3.scen,900
380,random-32-32-20.map,planner,1,81587,8390,585,56,35142,8390,57141,0,10,True,random-32-32-20-random-3.scen,900
380,random-32-32-20.map,planner,1,81587,8390,585,56,35142,8390,57141,0,100,False,random-32-32-20-random-3.scen,900
380,random-32-32-20.map,planner,1,81587,8390,585,56,35142,8390,57141,0,100,True,random-32-32-20-random-3.scen,900
380,random-32-32-20.map,planner,1,81587,8390,585,56,35142,8390,57141,0,1000,False,random-32-32-20-random-3.scen,900
380,random-32-32-20.map,planner,1,81587,8390,585,56,35142,8390,57141,0,1000,True,random-32-32-20-random-3.scen,900
380,random-32-32-20.map,planner,1,81587,8390,585,56,35142,8390,57141,0,0,False,random-32-32-20-random-3.scen,940
380,random-32-32-20.map,planner,1,81587,8390,585,56,35142,8390,57141,0,0,True,random-32-32-20-random-3.scen,940
380,random-32-32-20.map,planner,1,81587,8390,585,56,35142,8390,57141,0,1,False,random-32-32-20-random-3.scen,940
380,random-32-32-20.map,planner,1,81587,8390,585,56,35142,8390,57141,0,1,True,random-32-32-20-random-3.scen,940
380,random-32-32-20.map,planner,1,81587,8390,585,56,35142,8390,57141,0,10,False,random-32-32-20-random-3.scen,940
380,random-32-32-20.map,planner,1,81587,8390,585,56,35142,8390,57141,0,10,True,random-32-32-20-random-3.scen,940
380,random-32-32-20.map,planner,1,81587,8390,585,56,35142,8390,57141,0,100,False,random-32-32-20-random-3.scen,940
380,random-32-32-20.map,planner,1,81587,8390,585,56,35142,8390,57141,0,100,True,random-32-32-20-random-3.scen,940
380,random-32-32-20.map,planner,1,81587,8390,585,56,35142,8390,57141,0,1000,False,random-32-32-20-random-3.scen,940
380,random-32-32-20.map,planner,1,81587,8390,585,56,35142,8390,57141,0,1000,True,random-32-32-20-random-3.scen,940
380,random-32-32-20.map,planner,1,81587,8390,585,56,35142,8390,57141,0,0,False,random-32-32-20-random-3.scen,980
380,random-32-32-20.map,planner,1,81587,8390,585,56,35142,8390,57141,0,0,True,random-32-32-20-random-3.scen,980
380,random-32-32-20.map,planner,1,81587,8390,585,56,35142,8390,57141,0,1,False,random-32-32-20-random-3.scen,980
380,random-32-32-20.map,planner,1,81587,8390,585,56,35142,8390,57141,0,1,True,random-32-32-20-random-3.scen,980
380,random-32-32-20.map,planner,1,81587,8390,585,56,35142,8390,57141,0,10,False,random-32-32-20-random-3.scen,980
380,random-32-32-20.map,planner,1,81587,8390,585,56,35142,8390,57141,0,10,True,random-32-32-20-random-3.scen,980
380,random-32-32-20.map,planner,1,81587,8390,585,56,35142,8390,57141,0,100,False,random-32-32-20-random-3.scen,980
380,random-32-32-20.map,planner,1,81587,8390,585,56,35142,8390,57141,0,100,True,random-32-32-20-random-3.scen,980
380,random-32-32-20.map,planner,1,81587,8390,585,56,35142,8390,57141,0,1000,False,random-32-32-20-random-3.scen,980
380,random-32-32-20.map,planner,1,81587,8390,585,56,35142,8390,57141,0,1000,True,random-32-32-20-random-3.scen,980
20,random-32-32-20.map,planner,1,409,388,47,47,399,388,0,0,0,False,random-32-32-20-random-2.scen,20
20,random-32-32-20.map,planner,1,409,388,47,47,399,388,0,0,0,True,random-32-32-20-random-2.scen,20
20,random-32-32-20.map,planner,1,409,388,47,47,399,388,0,0,1,False,random-32-32-20-random-2.scen,20
20,random-32-32-20.map,planner,1,409,388,47,47,399,388,0,0,1,True,random-32-32-20-random-2.scen,20
20,random-32-32-20.map,planner,1,409,388,47,47,399,388,0,0,10,False,random-32-32-20-random-2.scen,20
20,random-32-32-20.map,planner,1,409,388,47,47,399,388,0,0,10,True,random-32-32-20-random-2.scen,20
20,random-32-32-20.map,planner,1,409,388,47,47,399,388,0,0,100,False,random-32-32-20-random-2.scen,20
20,random-32-32-20.map,planner,1,409,388,47,47,399,388,0,0,100,True,random-32-32-20-random-2.scen,20
20,random-32-32-20.map,planner,1,409,388,47,47,399,388,0,0,1000,False,random-32-32-20-random-2.scen,20
20,random-32-32-20.map,planner,1,409,388,47,47,399,388,0,0,1000,True,random-32-32-20-random-2.scen,20
60,random-32-32-20.map,planner,1,1719,1341,51,51,1530,1341,1,0,0,False,random-32-32-20-random-2.scen,60
60,random-32-32-20.map,planner,1,1719,1341,51,51,1530,1341,1,0,0,True,random-32-32-20-random-2.scen,60
60,random-32-32-20.map,planner,1,1719,1341,51,51,1530,1341,1,0,1,False,random-32-32-20-random-2.scen,60
60,random-32-32-20.map,planner,1,1695,1341,55,51,1554,1341,1,0,1,True,random-32-32-20-random-2.scen,60
60,random-32-32-20.map,planner,1,1719,1341,51,51,1530,1341,1,0,10,False,random-32-32-20-random-2.scen,60
60,random-32-32-20.map,planner,1,1695,1341,55,51,1554,1341,1,0,10,True,random-32-32-20-random-2.scen,60
60,random-32-32-20.map,planner,1,1719,1341,51,51,1530,1341,1,0,100,False,random-32-32-20-random-2.scen,60
60,random-32-32-20.map,planner,1,1695,1341,55,51,1554,1341,1,0,100,True,random-32-32-20-random-2.scen,60
60,random-32-32-20.map,planner,1,1719,1341,51,51,1530,1341,1,0,1000,False,random-32-32-20-random-2.scen,60
60,random-32-32-20.map,planner,1,1695,1341,55,51,1554,1341,1,0,1000,True,random-32-32-20-random-2.scen,60
100,random-32-32-20.map,planner,1,3268,2232,52,51,2912,2232,1,0,0,False,random-32-32-20-random-2.scen,100
100,random-32-32-20.map,planner,1,3268,2232,52,51,2912,2232,1,0,0,True,random-32-32-20-random-2.scen,100
100,random-32-32-20.map,planner,1,3268,2232,52,51,2912,2232,1,0,1,False,random-32-32-20-random-2.scen,100
100,random-32-32-20.map,planner,1,3196,2232,60,51,2793,2232,2,0,1,True,random-32-32-20-random-2.scen,100
100,random-32-32-20.map,planner,1,3268,2232,52,51,2912,2232,1,0,10,False,random-32-32-20-random-2.scen,100
100,random-32-32-20.map,planner,1,3196,2232,60,51,2793,2232,2,0,10,True,random-32-32-20-random-2.scen,100
100,random-32-32-20.map,planner,1,3268,2232,52,51,2912,2232,1,0,100,False,random-32-32-20-random-2.scen,100
100,random-32-32-20.map,planner,1,3196,2232,60,51,2793,2232,2,0,100,True,random-32-32-20-random-2.scen,100
100,random-32-32-20.map,planner,1,3268,2232,52,51,2912,2232,1,0,1000,False,random-32-32-20-random-2.scen,100
100,random-32-32-20.map,planner,1,3196,2232,60,51,2793,2232,2,0,1000,True,random-32-32-20-random-2.scen,100
140,random-32-32-20.map,planner,1,4795,3063,60,51,4257,3063,3,0,0,False,random-32-32-20-random-2.scen,140
140,random-32-32-20.map,planner,1,4795,3063,60,51,4257,3063,3,0,0,True,random-32-32-20-random-2.scen,140
140,random-32-32-20.map,planner,1,4795,3063,60,51,4257,3063,3,0,1,False,random-32-32-20-random-2.scen,140
140,random-32-32-20.map,planner,1,4748,3063,62,51,4108,3063,5,0,1,True,random-32-32-20-random-2.scen,140
140,random-32-32-20.map,planner,1,4795,3063,60,51,4257,3063,3,0,10,False,random-32-32-20-random-2.scen,140
140,random-32-32-20.map,planner,1,4611,3063,60,51,4091,3063,9,0,10,True,random-32-32-20-random-2.scen,140
140,random-32-32-20.map,planner,1,4795,3063,60,51,4257,3063,3,0,100,False,random-32-32-20-random-2.scen,140
140,random-32-32-20.map,planner,1,5206,3063,89,51,4305,3063,38,0,100,True,random-32-32-20-random-2.scen,140
140,random-32-32-20.map,planner,1,4795,3063,60,51,4257,3063,3,0,1000,False,random-32-32-20-random-2.scen,140
140,random-32-32-20.map,planner,1,5206,3063,89,51,4305,3063,38,0,1000,True,random-32-32-20-random-2.scen,140
180,random-32-32-20.map,planner,1,7057,4018,65,51,6154,4018,3,0,0,False,random-32-32-20-random-2.scen,180
180,random-32-32-20.map,planner,1,7057,4018,65,51,6154,4018,3,0,0,True,random-32-32-20-random-2.scen,180
180,random-32-32-20.map,planner,1,7057,4018,65,51,6154,4018,3,0,1,False,random-32-32-20-random-2.scen,180
180,random-32-32-20.map,planner,1,7080,4018,95,51,6072,4018,10,0,1,True,random-32-32-20-random-2.scen,180
180,random-32-32-20.map,planner,1,7057,4018,65,51,6154,4018,3,0,10,False,random-32-32-20-random-2.scen,180
180,random-32-32-20.map,planner,1,6875,4018,66,51,5921,4018,72,0,10,True,random-32-32-20-random-2.scen,180
180,random-32-32-20.map,planner,1,7057,4018,65,51,6154,4018,3,0,100,False,random-32-32-20-random-2.scen,180
180,random-32-32-20.map,planner,1,6691,4018,72,51,5852,4018,622,0,100,True,random-32-32-20-random-2.scen,180
180,random-32-32-20.map,planner,1,7057,4018,65,51,6154,4018,3,0,1000,False,random-32-32-20-random-2.scen,180
180,random-32-32-20.map,planner,1,6595,4018,75,51,5890,4018,3979,0,1000,True,random-32-32-20-random-2.scen,180
220,random-32-32-20.map,planner,1,9594,4875,81,51,8261,4875,5,0,0,False,random-32-32-20-random-2.scen,220
220,random-32-32-20.map,planner,1,9594,4875,81,51,8261,4875,5,0,0,True,random-32-32-20-random-2.scen,220
220,random-32-32-20.map,planner,1,9594,4875,81,51,8261,4875,4,0,1,False,random-32-32-20-random-2.scen,220
220,random-32-32-20.map,planner,1,9673,4875,103,51,8180,4875,17,0,1,True,random-32-32-20-random-2.scen,220
220,random-32-32-20.map,planner,1,9594,4875,81,51,8261,4875,4,0,10,False,random-32-32-20-random-2.scen,220
220,random-32-32-20.map,planner,1,9208,4875,81,51,7762,4875,105,0,10,True,random-32-32-20-random-2.scen,220
220,random-32-32-20.map,planner,1,9594,4875,81,51,8261,4875,5,0,100,False,random-32-32-20-random-2.scen,220
220,random-32-32-20.map,planner,1,9798,4875,114,51,8085,4875,987,0,100,True,random-32-32-20-random-2.scen,220
220,random-32-32-20.map,planner,1,9594,4875,81,51,8261,4875,5,0,1000,False,random-32-32-20-random-2.scen,220
220,random-32-32-20.map,planner,1,9964,4875,104,51,8445,4875,11192,0,1000,True,random-32-32-20-random-2.scen,220
260,random-32-32-20.map,planner,1,12859,5740,130,51,10888,5740,8,0,0,False,random-32-32-20-random-2.scen,260
260,random-32-32-20.map,planner,1,12859,5740,130,51,10888,5740,8,0,0,True,random-32-32-20-random-2.scen,260
260,random-32-32-20.map,planner,1,12859,5740,130,51,10888,5740,8,0,1,False,random-32-32-20-random-2.scen,260
260,random-32-32-20.map,planner,1,13983,5740,145,51,11119,5740,30,0,1,True,random-32-32-20-random-2.scen,260
260,random-32-32-20.map,planner,1,12859,5740,130,51,10888,5740,8,0,10,False,random-32-32-20-random-2.scen,260
260,random-32-32-20.map,planner,1,12240,5740,124,51,10431,5740,167,0,10,True,random-32-32-20-random-2.scen,260
260,random-32-32-20.map,planner,1,12859,5740,130,51,10888,5740,8,0,100,False,random-32-32-20-random-2.scen,260
260,random-32-32-20.map,planner,1,13087,5740,123,51,10705,5740,1580,0,100,True,random-32-32-20-random-2.scen,260
260,random-32-32-20.map,planner,1,12859,5740,130,51,10888,5740,8,0,1000,False,random-32-32-20-random-2.scen,260
260,random-32-32-20.map,planner,1,14549,5740,161,51,11258,5740,15350,0,1000,True,random-32-32-20-random-2.scen,260
300,random-32-32-20.map,planner,1,16924,6658,106,51,14113,6658,8,0,0,False,random-32-32-20-random-2.scen,300
300,random-32-32-20.map,planner,1,16924,6658,106,51,14113,6658,9,0,0,True,random-32-32-20-random-2.scen,300
300,random-32-32-20.map,planner,1,16924,6658,106,51,14113,6658,8,0,1,False,random-32-32-20-random-2.scen,300
300,random-32-32-20.map,planner,1,17263,6658,171,51,14001,6658,93,0,1,True,random-32-32-20-random-2.scen,300
300,random-32-32-20.map,planner,1,16924,6658,106,51,14113,6658,8,0,10,False,random-32-32-20-random-2.scen,300
300,random-32-32-20.map,planner,1,21226,6658,222,51,15468,6658,385,0,10,True,random-32-32-20-random-2.scen,300
300,random-32-32-20.map,planner,1,16924,6658,106,51,14113,6658,8,0,100,False,random-32-32-20-random-2.scen,300
300,random-32-32-20.map,planner,1,21136,6658,214,51,15464,6658,2633,0,100,True,random-32-32-20-random-2.scen,300
300,random-32-32-20.map,planner,1,16924,6658,106,51,14113,6658,8,0,1000,False,random-32-32-20-random-2.scen,300
300,random-32-32-20.map,planner,1,24801,6658,291,51,16790,6658,26051,0,1000,True,random-32-32-20-random-2.scen,300
340,random-32-32-20.map,planner,1,22379,7624,164,51,18371,7624,159,0,0,False,random-32-32-20-random-2.scen,340
340,random-32-32-20.map,planner,1,22379,7624,164,51,18371,7624,161,0,0,True,random-32-32-20-random-2.scen,340
340,random-32-32-20.map,planner,1,22379,7624,164,51,18371,7624,159,0,1,False,random-32-32-20-random-2.scen,340
340,random-32-32-20.map,planner,1,26317,7624,248,51,19497,7624,80,0,1,True,random-32-32-20-random-2.scen,340
340,random-32-32-20.map,planner,1,22379,7624,164,51,18371,7624,152,0,10,False,random-32-32-20-random-2.scen,340
340,random-32-32-20.map,planner,1,26707,7624,262,51,19355,7624,466,0,10,True,random-32-32-20-random-2.scen,340
340,random-32-32-20.map,planner,1,22379,7624,164,51,18371,7624,151,0,100,False,random-32-32-20-random-2.scen,340
340,random-32-32-20.map,planner,1,28855,7624,293,51,20062,7624,3711,0,100,True,random-32-32-20-random-2.scen,340
340,random-32-32-20.map,planner,1,22379,7624,164,51,18371,7624,159,0,1000,False,random-32-32-20-random-2.scen,340
340,random-32-32-20.map,planner,1,37341,7624,388,51,23794,7624,38712,0,1000,True,random-32-32-20-random-2.scen,340
380,random-32-32-20.map,planner,1,29555,8386,185,51,22973,8386,18,0,0,False,random-32-32-20-random-2.scen,380
380,random-32-32-20.map,planner,1,29555,8386,185,51,22973,8386,22,0,0,True,random-32-32-20-random-2.scen,380
380,random-32-32-20.map,planner,1,29555,8386,185,51,22973,8386,19,0,1,False,random-32-32-20-random-2.scen,380
380,random-32-32-20.map,planner,1,37876,8386,369,51,25363,8386,3460,0,1,True,random-32-32-20-random-2.scen,380
380,random-32-32-20.map,planner,1,29555,8386,185,51,22973,8386,16,0,10,False,random-32-32-20-random-2.scen,380
380,random-32-32-20.map,planner,1,53321,8386,581,51,30920,8386,3923,0,10,True,random-32-32-20-random-2.scen,380
380,random-32-32-20.map,planner,1,29555,8386,185,51,22973,8386,17,0,100,False,random-32-32-20-random-2.scen,380
380,random-32-32-20.map,planner,1,39690,8386,369,51,26294,8386,7096,0,100,True,random-32-32-20-random-2.scen,380
380,random-32-32-20.map,planner,1,29555,8386,185,51,22973,8386,17,0,1000,False,random-32-32-20-random-2.scen,380
380,random-32-32-20.map,planner,1,52239,8386,526,51,31465,8386,50151,0,1000,True,random-32-32-20-random-2.scen,380
380,random-32-32-20.map,planner,1,52239,8386,526,51,31465,8386,50151,0,0,False,random-32-32-20-random-2.scen,420
380,random-32-32-20.map,planner,1,52239,8386,526,51,31465,8386,50151,0,0,True,random-32-32-20-random-2.scen,420
380,random-32-32-20.map,planner,1,52239,8386,526,51,31465,8386,50151,0,1,False,random-32-32-20-random-2.scen,420
380,random-32-32-20.map,planner,1,52239,8386,526,51,31465,8386,50151,0,1,True,random-32-32-20-random-2.scen,420
380,random-32-32-20.map,planner,1,52239,8386,526,51,31465,8386,50151,0,10,False,random-32-32-20-random-2.scen,420
380,random-32-32-20.map,planner,1,52239,8386,526,51,31465,8386,50151,0,10,True,random-32-32-20-random-2.scen,420
380,random-32-32-20.map,planner,1,52239,8386,526,51,31465,8386,50151,0,100,False,random-32-32-20-random-2.scen,420
380,random-32-32-20.map,planner,1,52239,8386,526,51,31465,8386,50151,0,100,True,random-32-32-20-random-2.scen,420
380,random-32-32-20.map,planner,1,52239,8386,526,51,31465,8386,50151,0,1000,False,random-32-32-20-random-2.scen,420
380,random-32-32-20.map,planner,1,52239,8386,526,51,31465,8386,50151,0,1000,True,random-32-32-20-random-2.scen,420
380,random-32-32-20.map,planner,1,52239,8386,526,51,31465,8386,50151,0,0,False,random-32-32-20-random-2.scen,460
380,random-32-32-20.map,planner,1,52239,8386,526,51,31465,8386,50151,0,0,True,random-32-32-20-random-2.scen,460
380,random-32-32-20.map,planner,1,52239,8386,526,51,31465,8386,50151,0,1,False,random-32-32-20-random-2.scen,460
380,random-32-32-20.map,planner,1,52239,8386,526,51,31465,8386,50151,0,1,True,random-32-32-20-random-2.scen,460
380,random-32-32-20.map,planner,1,52239,8386,526,51,31465,8386,50151,0,10,False,random-32-32-20-random-2.scen,460
380,random-32-32-20.map,planner,1,52239,8386,526,51,31465,8386,50151,0,10,True,random-32-32-20-random-2.scen,460
380,random-32-32-20.map,planner,1,52239,8386,526,51,31465,8386,50151,0,100,False,random-32-32-20-random-2.scen,460
380,random-32-32-20.map,planner,1,52239,8386,526,51,31465,8386,50151,0,100,True,random-32-32-20-random-2.scen,460
380,random-32-32-20.map,planner,1,52239,8386,526,51,31465,8386,50151,0,1000,False,random-32-32-20-random-2.scen,460
380,random-32-32-20.map,planner,1,52239,8386,526,51,31465,8386,50151,0,1000,True,random-32-32-20-random-2.scen,460
380,random-32-32-20.map,planner,1,52239,8386,526,51,31465,8386,50151,0,0,False,random-32-32-20-random-2.scen,500
380,random-32-32-20.map,planner,1,52239,8386,526,51,31465,8386,50151,0,0,True,random-32-32-20-random-2.scen,500
380,random-32-32-20.map,planner,1,52239,8386,526,51,31465,8386,50151,0,1,False,random-32-32-20-random-2.scen,500
380,random-32-32-20.map,planner,1,52239,8386,526,51,31465,8386,50151,0,1,True,random-32-32-20-random-2.scen,500
380,random-32-32-20.map,planner,1,52239,8386,526,51,31465,8386,50151,0,10,False,random-32-32-20-random-2.scen,500
380,random-32-32-20.map,planner,1,52239,8386,526,51,31465,8386,50151,0,10,True,random-32-32-20-random-2.scen,500
380,random-32-32-20.map,planner,1,52239,8386,526,51,31465,8386,50151,0,100,False,random-32-32-20-random-2.scen,500
380,random-32-32-20.map,planner,1,52239,8386,526,51,31465,8386,50151,0,100,True,random-32-32-20-random-2.scen,500
380,random-32-32-20.map,planner,1,52239,8386,526,51,31465,8386,50151,0,1000,False,random-32-32-20-random-2.scen,500
380,random-32-32-20.map,planner,1,52239,8386,526,51,31465,8386,50151,0,1000,True,random-32-32-20-random-2.scen,500
380,random-32-32-20.map,planner,1,52239,8386,526,51,31465,8386,50151,0,0,False,random-32-32-20-random-2.scen,540
380,random-32-32-20.map,planner,1,52239,8386,526,51,31465,8386,50151,0,0,True,random-32-32-20-random-2.scen,540
380,random-32-32-20.map,planner,1,52239,8386,526,51,31465,8386,50151,0,1,False,random-32-32-20-random-2.scen,540
380,random-32-32-20.map,planner,1,52239,8386,526,51,31465,8386,50151,0,1,True,random-32-32-20-random-2.scen,540
380,random-32-32-20.map,planner,1,52239,8386,526,51,31465,8386,50151,0,10,False,random-32-32-20-random-2.scen,540
380,random-32-32-20.map,planner,1,52239,8386,526,51,31465,8386,50151,0,10,True,random-32-32-20-random-2.scen,540
380,random-32-32-20.map,planner,1,52239,8386,526,51,31465,8386,50151,0,100,False,random-32-32-20-random-2.scen,540
380,random-32-32-20.map,planner,1,52239,8386,526,51,31465,8386,50151,0,100,True,random-32-32-20-random-2.scen,540
380,random-32-32-20.map,planner,1,52239,8386,526,51,31465,8386,50151,0,1000,False,random-32-32-20-random-2.scen,540
380,random-32-32-20.map,planner,1,52239,8386,526,51,31465,8386,50151,0,1000,True,random-32-32-20-random-2.scen,540
380,random-32-32-20.map,planner,1,52239,8386,526,51,31465,8386,50151,0,0,False,random-32-32-20-random-2.scen,580
380,random-32-32-20.map,planner,1,52239,8386,526,51,31465,8386,50151,0,0,True,random-32-32-20-random-2.scen,580
380,random-32-32-20.map,planner,1,52239,8386,526,51,31465,8386,50151,0,1,False,random-32-32-20-random-2.scen,580
380,random-32-32-20.map,planner,1,52239,8386,526,51,31465,8386,50151,0,1,True,random-32-32-20-random-2.scen,580
380,random-32-32-20.map,planner,1,52239,8386,526,51,31465,8386,50151,0,10,False,random-32-32-20-random-2.scen,580
380,random-32-32-20.map,planner,1,52239,8386,526,51,31465,8386,50151,0,10,True,random-32-32-20-random-2.scen,580
380,random-32-32-20.map,planner,1,52239,8386,526,51,31465,8386,50151,0,100,False,random-32-32-20-random-2.scen,580
380,random-32-32-20.map,planner,1,52239,8386,526,51,31465,8386,50151,0,100,True,random-32-32-20-random-2.scen,580
380,random-32-32-20.map,planner,1,52239,8386,526,51,31465,8386,50151,0,1000,False,random-32-32-20-random-2.scen,580
380,random-32-32-20.map,planner,1,52239,8386,526,51,31465,8386,50151,0,1000,True,random-32-32-20-random-2.scen,580
380,random-32-32-20.map,planner,1,52239,8386,526,51,31465,8386,50151,0,0,False,random-32-32-20-random-2.scen,620
380,random-32-32-20.map,planner,1,52239,8386,526,51,31465,8386,50151,0,0,True,random-32-32-20-random-2.scen,620
380,random-32-32-20.map,planner,1,52239,8386,526,51,31465,8386,50151,0,1,False,random-32-32-20-random-2.scen,620
380,random-32-32-20.map,planner,1,52239,8386,526,51,31465,8386,50151,0,1,True,random-32-32-20-random-2.scen,620
380,random-32-32-20.map,planner,1,52239,8386,526,51,31465,8386,50151,0,10,False,random-32-32-20-random-2.scen,620
380,random-32-32-20.map,planner,1,52239,8386,526,51,31465,8386,50151,0,10,True,random-32-32-20-random-2.scen,620
380,random-32-32-20.map,planner,1,52239,8386,526,51,31465,8386,50151,0,100,False,random-32-32-20-random-2.scen,620
380,random-32-32-20.map,planner,1,52239,8386,526,51,31465,8386,50151,0,100,True,random-32-32-20-random-2.scen,620
380,random-32-32-20.map,planner,1,52239,8386,526,51,31465,8386,50151,0,1000,False,random-32-32-20-random-2.scen,620
380,random-32-32-20.map,planner,1,52239,8386,526,51,31465,8386,50151,0,1000,True,random-32-32-20-random-2.scen,620
380,random-32-32-20.map,planner,1,52239,8386,526,51,31465,8386,50151,0,0,False,random-32-32-20-random-2.scen,660
380,random-32-32-20.map,planner,1,52239,8386,526,51,31465,8386,50151,0,0,True,random-32-32-20-random-2.scen,660
380,random-32-32-20.map,planner,1,52239,8386,526,51,31465,8386,50151,0,1,False,random-32-32-20-random-2.scen,660
380,random-32-32-20.map,planner,1,52239,8386,526,51,31465,8386,50151,0,1,True,random-32-32-20-random-2.scen,660
380,random-32-32-20.map,planner,1,52239,8386,526,51,31465,8386,50151,0,10,False,random-32-32-20-random-2.scen,660
380,random-32-32-20.map,planner,1,52239,8386,526,51,31465,8386,50151,0,10,True,random-32-32-20-random-2.scen,660
380,random-32-32-20.map,planner,1,52239,8386,526,51,31465,8386,50151,0,100,False,random-32-32-20-random-2.scen,660
380,random-32-32-20.map,planner,1,52239,8386,526,51,31465,8386,50151,0,100,True,random-32-32-20-random-2.scen,660
380,random-32-32-20.map,planner,1,52239,8386,526,51,31465,8386,50151,0,1000,False,random-32-32-20-random-2.scen,660
380,random-32-32-20.map,planner,1,52239,8386,526,51,31465,8386,50151,0,1000,True,random-32-32-20-random-2.scen,660
380,random-32-32-20.map,planner,1,52239,8386,526,51,31465,8386,50151,0,0,False,random-32-32-20-random-2.scen,700
380,random-32-32-20.map,planner,1,52239,8386,526,51,31465,8386,50151,0,0,True,random-32-32-20-random-2.scen,700
380,random-32-32-20.map,planner,1,52239,8386,526,51,31465,8386,50151,0,1,False,random-32-32-20-random-2.scen,700
380,random-32-32-20.map,planner,1,52239,8386,526,51,31465,8386,50151,0,1,True,random-32-32-20-random-2.scen,700
380,random-32-32-20.map,planner,1,52239,8386,526,51,31465,8386,50151,0,10,False,random-32-32-20-random-2.scen,700
380,random-32-32-20.map,planner,1,52239,8386,526,51,31465,8386,50151,0,10,True,random-32-32-20-random-2.scen,700
380,random-32-32-20.map,planner,1,52239,8386,526,51,31465,8386,50151,0,100,False,random-32-32-20-random-2.scen,700
380,random-32-32-20.map,planner,1,52239,8386,526,51,31465,8386,50151,0,100,True,random-32-32-20-random-2.scen,700
380,random-32-32-20.map,planner,1,52239,8386,526,51,31465,8386,50151,0,1000,False,random-32-32-20-random-2.scen,700
380,random-32-32-20.map,planner,1,52239,8386,526,51,31465,8386,50151,0,1000,True,random-32-32-20-random-2.scen,700
380,random-32-32-20.map,planner,1,52239,8386,526,51,31465,8386,50151,0,0,False,random-32-32-20-random-2.scen,740
380,random-32-32-20.map,planner,1,52239,8386,526,51,31465,8386,50151,0,0,True,random-32-32-20-random-2.scen,740
380,random-32-32-20.map,planner,1,52239,8386,526,51,31465,8386,50151,0,1,False,random-32-32-20-random-2.scen,740
380,random-32-32-20.map,planner,1,52239,8386,526,51,31465,8386,50151,0,1,True,random-32-32-20-random-2.scen,740
380,random-32-32-20.map,planner,1,52239,8386,526,51,31465,8386,50151,0,10,False,random-32-32-20-random-2.scen,740
380,random-32-32-20.map,planner,1,52239,8386,526,51,31465,8386,50151,0,10,True,random-32-32-20-random-2.scen,740
380,random-32-32-20.map,planner,1,52239,8386,526,51,31465,8386,50151,0,100,False,random-32-32-20-random-2.scen,740
380,random-32-32-20.map,planner,1,52239,8386,526,51,31465,8386,50151,0,100,True,random-32-32-20-random-2.scen,740
380,random-32-32-20.map,planner,1,52239,8386,526,51,31465,8386,50151,0,1000,False,random-32-32-20-random-2.scen,740
380,random-32-32-20.map,planner,1,52239,8386,526,51,31465,8386,50151,0,1000,True,random-32-32-20-random-2.scen,740
380,random-32-32-20.map,planner,1,52239,8386,526,51,31465,8386,50151,0,0,False,random-32-32-20-random-2.scen,780
380,random-32-32-20.map,planner,1,52239,8386,526,51,31465,8386,50151,0,0,True,random-32-32-20-random-2.scen,780
380,random-32-32-20.map,planner,1,52239,8386,526,51,31465,8386,50151,0,1,False,random-32-32-20-random-2.scen,780
380,random-32-32-20.map,planner,1,52239,8386,526,51,31465,8386,50151,0,1,True,random-32-32-20-random-2.scen,780
380,random-32-32-20.map,planner,1,52239,8386,526,51,31465,8386,50151,0,10,False,random-32-32-20-random-2.scen,780
380,random-32-32-20.map,planner,1,52239,8386,526,51,31465,8386,50151,0,10,True,random-32-32-20-random-2.scen,780
380,random-32-32-20.map,planner,1,52239,8386,526,51,31465,8386,50151,0,100,False,random-32-32-20-random-2.scen,780
380,random-32-32-20.map,planner,1,52239,8386,526,51,31465,8386,50151,0,100,True,random-32-32-20-random-2.scen,780
380,random-32-32-20.map,planner,1,52239,8386,526,51,31465,8386,50151,0,1000,False,random-32-32-20-random-2.scen,780
380,random-32-32-20.map,planner,1,52239,8386,526,51,31465,8386,50151,0,1000,True,random-32-32-20-random-2.scen,780
380,random-32-32-20.map,planner,1,52239,8386,526,51,31465,8386,50151,0,0,False,random-32-32-20-random-2.scen,820
380,random-32-32-20.map,planner,1,52239,8386,526,51,31465,8386,50151,0,0,True,random-32-32-20-random-2.scen,820
380,random-32-32-20.map,planner,1,52239,8386,526,51,31465,8386,50151,0,1,False,random-32-32-20-random-2.scen,820
380,random-32-32-20.map,planner,1,52239,8386,526,51,31465,8386,50151,0,1,True,random-32-32-20-random-2.scen,820
380,random-32-32-20.map,planner,1,52239,8386,526,51,31465,8386,50151,0,10,False,random-32-32-20-random-2.scen,820
380,random-32-32-20.map,planner,1,52239,8386,526,51,31465,8386,50151,0,10,True,random-32-32-20-random-2.scen,820
380,random-32-32-20.map,planner,1,52239,8386,526,51,31465,8386,50151,0,100,False,random-32-32-20-random-2.scen,820
380,random-32-32-20.map,planner,1,52239,8386,526,51,31465,8386,50151,0,100,True,random-32-32-20-random-2.scen,820
380,random-32-32-20.map,planner,1,52239,8386,526,51,31465,8386,50151,0,1000,False,random-32-32-20-random-2.scen,820
380,random-32-32-20.map,planner,1,52239,8386,526,51,31465,8386,50151,0,1000,True,random-32-32-20-random-2.scen,820
380,random-32-32-20.map,planner,1,52239,8386,526,51,31465,8386,50151,0,0,False,random-32-32-20-random-2.scen,860
380,random-32-32-20.map,planner,1,52239,8386,526,51,31465,8386,50151,0,0,True,random-32-32-20-random-2.scen,860
380,random-32-32-20.map,planner,1,52239,8386,526,51,31465,8386,50151,0,1,False,random-32-32-20-random-2.scen,860
380,random-32-32-20.map,planner,1,52239,8386,526,51,31465,8386,50151,0,1,True,random-32-32-20-random-2.scen,860
380,random-32-32-20.map,planner,1,52239,8386,526,51,31465,8386,50151,0,10,False,random-32-32-20-random-2.scen,860
380,random-32-32-20.map,planner,1,52239,8386,526,51,31465,8386,50151,0,10,True,random-32-32-20-random-2.scen,860
380,random-32-32-20.map,planner,1,52239,8386,526,51,31465,8386,50151,0,100,False,random-32-32-20-random-2.scen,860
380,random-32-32-20.map,planner,1,52239,8386,526,51,31465,8386,50151,0,100,True,random-32-32-20-random-2.scen,860
380,random-32-32-20.map,planner,1,52239,8386,526,51,31465,8386,50151,0,1000,False,random-32-32-20-random-2.scen,860
380,random-32-32-20.map,planner,1,52239,8386,526,51,31465,8386,50151,0,1000,True,random-32-32-20-random-2.scen,860
380,random-32-32-20.map,planner,1,52239,8386,526,51,31465,8386,50151,0,0,False,random-32-32-20-random-2.scen,900
380,random-32-32-20.map,planner,1,52239,8386,526,51,31465,8386,50151,0,0,True,random-32-32-20-random-2.scen,900
380,random-32-32-20.map,planner,1,52239,8386,526,51,31465,8386,50151,0,1,False,random-32-32-20-random-2.scen,900
380,random-32-32-20.map,planner,1,52239,8386,526,51,31465,8386,50151,0,1,True,random-32-32-20-random-2.scen,900
380,random-32-32-20.map,planner,1,52239,8386,526,51,31465,8386,50151,0,10,False,random-32-32-20-random-2.scen,900
380,random-32-32-20.map,planner,1,52239,8386,526,51,31465,8386,50151,0,10,True,random-32-32-20-random-2.scen,900
380,random-32-32-20.map,planner,1,52239,8386,526,51,31465,8386,50151,0,100,False,random-32-32-20-random-2.scen,900
380,random-32-32-20.map,planner,1,52239,8386,526,51,31465,8386,50151,0,100,True,random-32-32-20-random-2.scen,900
380,random-32-32-20.map,planner,1,52239,8386,526,51,31465,8386,50151,0,1000,False,random-32-32-20-random-2.scen,900
380,random-32-32-20.map,planner,1,52239,8386,526,51,31465,8386,50151,0,1000,True,random-32-32-20-random-2.scen,900
380,random-32-32-20.map,planner,1,52239,8386,526,51,31465,8386,50151,0,0,False,random-32-32-20-random-2.scen,940
380,random-32-32-20.map,planner,1,52239,8386,526,51,31465,8386,50151,0,0,True,random-32-32-20-random-2.scen,940
380,random-32-32-20.map,planner,1,52239,8386,526,51,31465,8386,50151,0,1,False,random-32-32-20-random-2.scen,940
380,random-32-32-20.map,planner,1,52239,8386,526,51,31465,8386,50151,0,1,True,random-32-32-20-random-2.scen,940
380,random-32-32-20.map,planner,1,52239,8386,526,51,31465,8386,50151,0,10,False,random-32-32-20-random-2.scen,940
380,random-32-32-20.map,planner,1,52239,8386,526,51,31465,8386,50151,0,10,True,random-32-32-20-random-2.scen,940
380,random-32-32-20.map,planner,1,52239,8386,526,51,31465,8386,50151,0,100,False,random-32-32-20-random-2.scen,940
380,random-32-32-20.map,planner,1,52239,8386,526,51,31465,8386,50151,0,100,True,random-32-32-20-random-2.scen,940
380,random-32-32-20.map,planner,1,52239,8386,526,51,31465,8386,50151,0,1000,False,random-32-32-20-random-2.scen,940
380,random-32-32-20.map,planner,1,52239,8386,526,51,31465,8386,50151,0,1000,True,random-32-32-20-random-2.scen,940
380,random-32-32-20.map,planner,1,52239,8386,526,51,31465,8386,50151,0,0,False,random-32-32-20-random-2.scen,980
380,random-32-32-20.map,planner,1,52239,8386,526,51,31465,8386,50151,0,0,True,random-32-32-20-random-2.scen,980
380,random-32-32-20.map,planner,1,52239,8386,526,51,31465,8386,50151,0,1,False,random-32-32-20-random-2.scen,980
380,random-32-32-20.map,planner,1,52239,8386,526,51,31465,8386,50151,0,1,True,random-32-32-20-random-2.scen,980
380,random-32-32-20.map,planner,1,52239,8386,526,51,31465,8386,50151,0,10,False,random-32-32-20-random-2.scen,980
380,random-32-32-20.map,planner,1,52239,8386,526,51,31465,8386,50151,0,10,True,random-32-32-20-random-2.scen,980
380,random-32-32-20.map,planner,1,52239,8386,526,51,31465,8386,50151,0,100,False,random-32-32-20-random-2.scen,980
380,random-32-32-20.map,planner,1,52239,8386,526,51,31465,8386,50151,0,100,True,random-32-32-20-random-2.scen,980
380,random-32-32-20.map,planner,1,52239,8386,526,51,31465,8386,50151,0,1000,False,random-32-32-20-random-2.scen,980
380,random-32-32-20.map,planner,1,52239,8386,526,51,31465,8386,50151,0,1000,True,random-32-32-20-random-2.scen,980
20,random-32-32-20.map,planner,1,448,409,56,56,424,409,0,0,0,False,random-32-32-20-random-24.scen,20
20,random-32-32-20.map,planner,1,448,409,56,56,424,409,0,0,0,True,random-32-32-20-random-24.scen,20
20,random-32-32-20.map,planner,1,448,409,56,56,424,409,0,0,1,False,random-32-32-20-random-24.scen,20
20,random-32-32-20.map,planner,1,448,409,56,56,424,409,0,0,1,True,random-32-32-20-random-24.scen,20
20,random-32-32-20.map,planner,1,448,409,56,56,424,409,0,0,10,False,random-32-32-20-random-24.scen,20
20,random-32-32-20.map,planner,1,448,409,56,56,424,409,0,0,10,True,random-32-32-20-random-24.scen,20
20,random-32-32-20.map,planner,1,448,409,56,56,424,409,0,0,100,False,random-32-32-20-random-24.scen,20
20,random-32-32-20.map,planner,1,448,409,56,56,424,409,0,0,100,True,random-32-32-20-random-24.scen,20
20,random-32-32-20.map,planner,1,448,409,56,56,424,409,0,0,1000,False,random-32-32-20-random-24.scen,20
20,random-32-32-20.map,planner,1,448,409,56,56,424,409,0,0,1000,True,random-32-32-20-random-24.scen,20
60,random-32-32-20.map,planner,1,1607,1285,58,56,1437,1285,1,0,0,False,random-32-32-20-random-24.scen,60
60,random-32-32-20.map,planner,1,1607,1285,58,56,1437,1285,1,0,0,True,random-32-32-20-random-24.scen,60
60,random-32-32-20.map,planner,1,1607,1285,58,56,1437,1285,1,0,1,False,random-32-32-20-random-24.scen,60
60,random-32-32-20.map,planner,1,1759,1285,58,56,1568,1285,1,0,1,True,random-32-32-20-random-24.scen,60
60,random-32-32-20.map,planner,1,1607,1285,58,56,1437,1285,1,0,10,False,random-32-32-20-random-24.scen,60
60,random-32-32-20.map,planner,1,1759,1285,58,56,1568,1285,1,0,10,True,random-32-32-20-random-24.scen,60
60,random-32-32-20.map,planner,1,1607,1285,58,56,1437,1285,1,0,100,False,random-32-32-20-random-24.scen,60
60,random-32-32-20.map,planner,1,1759,1285,58,56,1568,1285,1,0,100,True,random-32-32-20-random-24.scen,60
60,random-32-32-20.map,planner,1,1607,1285,58,56,1437,1285,1,0,1000,False,random-32-32-20-random-24.scen,60
60,random-32-32-20.map,planner,1,1759,1285,58,56,1568,1285,1,0,1000,True,random-32-32-20-random-24.scen,60
100,random-32-32-20.map,planner,1,2993,2053,59,56,2655,2053,1,0,0,False,random-32-32-20-random-24.scen,100
100,random-32-32-20.map,planner,1,2993,2053,59,56,2655,2053,1,0,0,True,random-32-32-20-random-24.scen,100
100,random-32-32-20.map,planner,1,2993,2053,59,56,2655,2053,1,0,1,False,random-32-32-20-random-24.scen,100
100,random-32-32-20.map,planner,1,2897,2053,56,56,2533,2053,1,0,1,True,random-32-32-20-random-24.scen,100
100,random-32-32-20.map,planner,1,2993,2053,59,56,2655,2053,1,0,10,False,random-32-32-20-random-24.scen,100
100,random-32-32-20.map,planner,1,2897,2053,56,56,2533,2053,1,0,10,True,random-32-32-20-random-24.scen,100
100,random-32-32-20.map,planner,1,2993,2053,59,56,2655,2053,1,0,100,False,random-32-32-20-random-24.scen,100
100,random-32-32-20.map,planner,1,2897,2053,56,56,2533,2053,1,0,100,True,random-32-32-20-random-24.scen,100
100,random-32-32-20.map,planner,1,2993,2053,59,56,2655,2053,1,0,1000,False,random-32-32-20-random-24.scen,100
100,random-32-32-20.map,planner,1,2897,2053,56,56,2533,2053,1,0,1000,True,random-32-32-20-random-24.scen,100
140,random-32-32-20.map,planner,1,4678,2957,56,56,4152,2957,2,0,0,False,random-32-32-20-random-24.scen,140
140,random-32-32-20.map,planner,1,4678,2957,56,56,4152,2957,2,0,0,True,random-32-32-20-random-24.scen,140
140,random-32-32-20.map,planner,1,4678,2957,56,56,4152,2957,2,0,1,False,random-32-32-20-random-24.scen,140
140,random-32-32-20.map,planner,1,5600,2957,113,56,4446,2957,7,0,1,True,random-32-32-20-random-24.scen,140
140,random-32-32-20.map,planner,1,4678,2957,56,56,4152,2957,2,0,10,False,random-32-32-20-random-24.scen,140
140,random-32-32-20.map,planner,1,4895,2957,73,56,4128,2957,9,0,10,True,random-32-32-20-random-24.scen,140
140,random-32-32-20.map,planner,1,4678,2957,56,56,4152,2957,2,0,100,False,random-32-32-20-random-24.scen,140
140,random-32-32-20.map,planner,1,5023,2957,77,56,4146,2957,11,0,100,True,random-32-32-20-random-24.scen,140
140,random-32-32-20.map,planner,1,4678,2957,56,56,4152,2957,2,0,1000,False,random-32-32-20-random-24.scen,140
140,random-32-32-20.map,planner,1,5023,2957,77,56,4146,2957,11,0,1000,True,random-32-32-20-random-24.scen,140
180,random-32-32-20.map,planner,1,6925,3874,63,56,6030,3874,3,0,0,False,random-32-32-20-random-24.scen,180
180,random-32-32-20.map,planner,1,6925,3874,63,56,6030,3874,3,0,0,True,random-32-32-20-random-24.scen,180
180,random-32-32-20.map,planner,1,6925,3874,63,56,6030,3874,3,0,1,False,random-32-32-20-random-24.scen,180
180,random-32-32-20.map,planner,1,6942,3874,75,56,5921,3874,12,0,1,True,random-32-32-20-random-24.scen,180
180,random-32-32-20.map,planner,1,6925,3874,63,56,6030,3874,3,0,10,False,random-32-32-20-random-24.scen,180
180,random-32-32-20.map,planner,1,6953,3874,84,56,5904,3874,107,0,10,True,random-32-32-20-random-24.scen,180
180,random-32-32-20.map,planner,1,6925,3874,63,56,6030,3874,3,0,100,False,random-32-32-20-random-24.scen,180
180,random-32-32-20.map,planner,1,8454,3874,123,56,6401,3874,665,0,100,True,random-32-32-20-random-24.scen,180
180,random-32-32-20.map,planner,1,6925,3874,63,56,6030,3874,3,0,1000,False,random-32-32-20-random-24.scen,180
180,random-32-32-20.map,planner,1,7545,3874,101,56,6069,3874,6553,0,1000,True,random-32-32-20-random-24.scen,180
220,random-32-32-20.map,planner,1,9552,4770,67,56,8179,4770,4,0,0,False,random-32-32-20-random-24.scen,220
220,random-32-32-20.map,planner,1,9552,4770,67,56,8179,4770,4,0,0,True,random-32-32-20-random-24.scen,220
220,random-32-32-20.map,planner,1,9552,4770,67,56,8179,4770,4,0,1,False,random-32-32-20-random-24.scen,220
220,random-32-32-20.map,planner,1,10108,4770,105,56,8349,4770,24,0,1,True,random-32-32-20-random-24.scen,220
220,random-32-32-20.map,planner,1,9552,4770,67,56,8179,4770,4,0,10,False,random-32-32-20-random-24.scen,220
220,random-32-32-20.map,planner,1,10036,4770,104,56,8004,4770,148,0,10,True,random-32-32-20-random-24.scen,220
220,random-32-32-20.map,planner,1,9552,4770,67,56,8179,4770,4,0,100,False,random-32-32-20-random-24.scen,220
220,random-32-32-20.map,planner,1,9377,4770,77,56,7777,4770,1311,0,100,True,random-32-32-20-random-24.scen,220
220,random-32-32-20.map,planner,1,9552,4770,67,56,8179,4770,4,0,1000,False,random-32-32-20-random-24.scen,220
220,random-32-32-20.map,planner,1,9701,4770,101,56,7968,4770,13776,0,1000,True,random-32-32-20-random-24.scen,220
260,random-32-32-20.map,planner,1,11938,5590,68,56,10203,5590,5,0,0,False,random-32-32-20-random-24.scen,260
260,random-32-32-20.map,planner,1,11938,5590,68,56,10203,5590,6,0,0,True,random-32-32-20-random-24.scen,260
260,random-32-32-20.map,planner,1,11938,5590,68,56,10203,5590,5,0,1,False,random-32-32-20-random-24.scen,260
260,random-32-32-20.map,planner,1,13575,5590,128,56,11036,5590,32,0,1,True,random-32-32-20-random-24.scen,260
260,random-32-32-20.map,planner,1,11938,5590,68,56,10203,5590,5,0,10,False,random-32-32-20-random-24.scen,260
260,random-32-32-20.map,planner,1,15185,5590,185,56,11825,5590,236,0,10,True,random-32-32-20-random-24.scen,260
260,random-32-32-20.map,planner,1,11938,5590,68,56,10203,5590,5,0,100,False,random-32-32-20-random-24.scen,260
260,random-32-32-20.map,planner,1,13787,5590,146,56,11038,5590,2029,0,100,True,random-32-32-20-random-24.scen,260
260,random-32-32-20.map,planner,1,11938,5590,68,56,10203,5590,5,0,1000,False,random-32-32-20-random-24.scen,260
260,random-32-32-20.map,planner,1,13900,5590,133,56,11131,5590,21033,0,1000,True,random-32-32-20-random-24.scen,260
300,random-32-32-20.map,planner,1,16635,6450,94,56,13994,6450,7,0,0,False,random-32-32-20-random-24.scen,300
300,random-32-32-20.map,planner,1,16635,6450,94,56,13994,6450,9,0,0,True,random-32-32-20-random-24.scen,300
300,random-32-32-20.map,planner,1,16635,6450,94,56,13994,6450,7,0,1,False,random-32-32-20-random-24.scen,300
300,random-32-32-20.map,planner,1,18023,6450,179,56,14373,6450,46,0,1,True,random-32-32-20-random-24.scen,300
300,random-32-32-20.map,planner,1,16635,6450,94,56,13994,6450,7,0,10,False,random-32-32-20-random-24.scen,300
300,random-32-32-20.map,planner,1,25282,6450,288,56,17020,6450,363,0,10,True,random-32-32-20-random-24.scen,300
300,random-32-32-20.map,planner,1,16635,6450,94,56,13994,6450,7,0,100,False,random-32-32-20-random-24.scen,300
300,random-32-32-20.map,planner,1,24665,6450,270,56,16602,6450,3151,0,100,True,random-32-32-20-random-24.scen,300
300,random-32-32-20.map,planner,1,16635,6450,94,56,13994,6450,7,0,1000,False,random-32-32-20-random-24.scen,300
300,random-32-32-20.map,planner,1,23675,6450,258,56,16434,6450,25191,0,1000,True,random-32-32-20-random-24.scen,300
340,random-32-32-20.map,planner,1,21615,7395,145,56,17474,7395,352,0,0,False,random-32-32-20-random-24.scen,340
340,random-32-32-20.map,planner,1,21615,7395,145,56,17474,7395,358,0,0,True,random-32-32-20-random-24.scen,340
340,random-32-32-20.map,planner,1,21615,7395,145,56,17474,7395,352,0,1,False,random-32-32-20-random-24.scen,340
340,random-32-32-20.map,planner,1,24657,7395,220,56,18845,7395,576,0,1,True,random-32-32-20-random-24.scen,340
340,random-32-32-20.map,planner,1,21615,7395,145,56,17474,7395,357,0,10,False,random-32-32-20-random-24.scen,340
340,random-32-32-20.map,planner,1,30690,7395,294,56,21158,7395,432,0,10,True,random-32-32-20-random-24.scen,340
340,random-32-32-20.map,planner,1,21615,7395,145,56,17474,7395,359,0,100,False,random-32-32-20-random-24.scen,340
340,random-32-32-20.map,planner,1,31262,7395,305,56,21844,7395,3732,0,100,True,random-32-32-20-random-24.scen,340
340,random-32-32-20.map,planner,1,21615,7395,145,56,17474,7395,365,0,1000,False,random-32-32-20-random-24.scen,340
340,random-32-32-20.map,planner,1,42139,7395,399,56,25284,7395,33913,0,1000,True,random-32-32-20-random-24.scen,340
380,random-32-32-20.map,planner,1,25597,8192,101,56,21290,8192,10,0,0,False,random-32-32-20-random-24.scen,380
380,random-32-32-20.map,planner,1,25597,8192,101,56,21290,8192,14,0,0,True,random-32-32-20-random-24.scen,380
380,random-32-32-20.map,planner,1,25597,8192,101,56,21290,8192,10,0,1,False,random-32-32-20-random-24.scen,380
380,random-32-32-20.map,planner,1,29942,8192,209,56,22711,8192,117,0,1,True,random-32-32-20-random-24.scen,380
380,random-32-32-20.map,planner,1,25597,8192,101,56,21290,8192,10,0,10,False,random-32-32-20-random-24.scen,380
380,random-32-32-20.map,planner,1,49711,8192,446,56,29601,8192,2231,0,10,True,random-32-32-20-random-24.scen,380
380,random-32-32-20.map,planner,1,25597,8192,101,56,21290,8192,9,0,100,False,random-32-32-20-random-24.scen,380
380,random-32-32-20.map,planner,1,54311,8192,441,56,31758,8192,5945,0,100,True,random-32-32-20-random-24.scen,380
380,random-32-32-20.map,planner,1,25597,8192,101,56,21290,8192,10,0,1000,False,random-32-32-20-random-24.scen,380
380,random-32-32-20.map,planner,1,39916,8192,331,56,26458,8192,51298,0,1000,True,random-32-32-20-random-24.scen,380
380,random-32-32-20.map,planner,1,39916,8192,331,56,26458,8192,51298,0,0,False,random-32-32-20-random-24.scen,420
380,random-32-32-20.map,planner,1,39916,8192,331,56,26458,8192,51298,0,0,True,random-32-32-20-random-24.scen,420
380,random-32-32-20.map,planner,1,39916,8192,331,56,26458,8192,51298,0,1,False,random-32-32-20-random-24.scen,420
380,random-32-32-20.map,planner,1,39916,8192,331,56,26458,8192,51298,0,1,True,random-32-32-20-random-24.scen,420
380,random-32-32-20.map,planner,1,39916,8192,331,56,26458,8192,51298,0,10,False,random-32-32-20-random-24.scen,420
380,random-32-32-20.map,planner,1,39916,8192,331,56,26458,8192,51298,0,10,True,random-32-32-20-random-24.scen,420
380,random-32-32-20.map,planner,1,39916,8192,331,56,26458,8192,51298,0,100,False,random-32-32-20-random-24.scen,420
380,random-32-32-20.map,planner,1,39916,8192,331,56,26458,8192,51298,0,100,True,random-32-32-20-random-24.scen,420
380,random-32-32-20.map,planner,1,39916,8192,331,56,26458,8192,51298,0,1000,False,random-32-32-20-random-24.scen,420
380,random-32-32-20.map,planner,1,39916,8192,331,56,26458,8192,51298,0,1000,True,random-32-32-20-random-24.scen,420
380,random-32-32-20.map,planner,1,39916,8192,331,56,26458,8192,51298,0,0,False,random-32-32-20-random-24.scen,460
380,random-32-32-20.map,planner,1,39916,8192,331,56,26458,8192,51298,0,0,True,random-32-32-20-random-24.scen,460
380,random-32-32-20.map,planner,1,39916,8192,331,56,26458,8192,51298,0,1,False,random-32-32-20-random-24.scen,460
380,random-32-32-20.map,planner,1,39916,8192,331,56,26458,8192,51298,0,1,True,random-32-32-20-random-24.scen,460
380,random-32-32-20.map,planner,1,39916,8192,331,56,26458,8192,51298,0,10,False,random-32-32-20-random-24.scen,460
380,random-32-32-20.map,planner,1,39916,8192,331,56,26458,8192,51298,0,10,True,random-32-32-20-random-24.scen,460
380,random-32-32-20.map,planner,1,39916,8192,331,56,26458,8192,51298,0,100,False,random-32-32-20-random-24.scen,460
380,random-32-32-20.map,planner,1,39916,8192,331,56,26458,8192,51298,0,100,True,random-32-32-20-random-24.scen,460
380,random-32-32-20.map,planner,1,39916,8192,331,56,26458,8192,51298,0,1000,False,random-32-32-20-random-24.scen,460
380,random-32-32-20.map,planner,1,39916,8192,331,56,26458,8192,51298,0,1000,True,random-32-32-20-random-24.scen,460
380,random-32-32-20.map,planner,1,39916,8192,331,56,26458,8192,51298,0,0,False,random-32-32-20-random-24.scen,500
380,random-32-32-20.map,planner,1,39916,8192,331,56,26458,8192,51298,0,0,True,random-32-32-20-random-24.scen,500
380,random-32-32-20.map,planner,1,39916,8192,331,56,26458,8192,51298,0,1,False,random-32-32-20-random-24.scen,500
380,random-32-32-20.map,planner,1,39916,8192,331,56,26458,8192,51298,0,1,True,random-32-32-20-random-24.scen,500
380,random-32-32-20.map,planner,1,39916,8192,331,56,26458,8192,51298,0,10,False,random-32-32-20-random-24.scen,500
380,random-32-32-20.map,planner,1,39916,8192,331,56,26458,8192,51298,0,10,True,random-32-32-20-random-24.scen,500
380,random-32-32-20.map,planner,1,39916,8192,331,56,26458,8192,51298,0,100,False,random-32-32-20-random-24.scen,500
380,random-32-32-20.map,planner,1,39916,8192,331,56,26458,8192,51298,0,100,True,random-32-32-20-random-24.scen,500
380,random-32-32-20.map,planner,1,39916,8192,331,56,26458,8192,51298,0,1000,False,random-32-32-20-random-24.scen,500
380,random-32-32-20.map,planner,1,39916,8192,331,56,26458,8192,51298,0,1000,True,random-32-32-20-random-24.scen,500
380,random-32-32-20.map,planner,1,39916,8192,331,56,26458,8192,51298,0,0,False,random-32-32-20-random-24.scen,540
380,random-32-32-20.map,planner,1,39916,8192,331,56,26458,8192,51298,0,0,True,random-32-32-20-random-24.scen,540
380,random-32-32-20.map,planner,1,39916,8192,331,56,26458,8192,51298,0,1,False,random-32-32-20-random-24.scen,540
380,random-32-32-20.map,planner,1,39916,8192,331,56,26458,8192,51298,0,1,True,random-32-32-20-random-24.scen,540
380,random-32-32-20.map,planner,1,39916,8192,331,56,26458,8192,51298,0,10,False,random-32-32-20-random-24.scen,540
380,random-32-32-20.map,planner,1,39916,8192,331,56,26458,8192,51298,0,10,True,random-32-32-20-random-24.scen,540
380,random-32-32-20.map,planner,1,39916,8192,331,56,26458,8192,51298,0,100,False,random-32-32-20-random-24.scen,540
380,random-32-32-20.map,planner,1,39916,8192,331,56,26458,8192,51298,0,100,True,random-32-32-20-random-24.scen,540
380,random-32-32-20.map,planner,1,39916,8192,331,56,26458,8192,51298,0,1000,False,random-32-32-20-random-24.scen,540
380,random-32-32-20.map,planner,1,39916,8192,331,56,26458,8192,51298,0,1000,True,random-32-32-20-random-24.scen,540
380,random-32-32-20.map,planner,1,39916,8192,331,56,26458,8192,51298,0,0,False,random-32-32-20-random-24.scen,580
380,random-32-32-20.map,planner,1,39916,8192,331,56,26458,8192,51298,0,0,True,random-32-32-20-random-24.scen,580
380,random-32-32-20.map,planner,1,39916,8192,331,56,26458,8192,51298,0,1,False,random-32-32-20-random-24.scen,580
380,random-32-32-20.map,planner,1,39916,8192,331,56,26458,8192,51298,0,1,True,random-32-32-20-random-24.scen,580
380,random-32-32-20.map,planner,1,39916,8192,331,56,26458,8192,51298,0,10,False,random-32-32-20-random-24.scen,580
380,random-32-32-20.map,planner,1,39916,8192,331,56,26458,8192,51298,0,10,True,random-32-32-20-random-24.scen,580
380,random-32-32-20.map,planner,1,39916,8192,331,56,26458,8192,51298,0,100,False,random-32-32-20-random-24.scen,580
380,random-32-32-20.map,planner,1,39916,8192,331,56,26458,8192,51298,0,100,True,random-32-32-20-random-24.scen,580
380,random-32-32-20.map,planner,1,39916,8192,331,56,26458,8192,51298,0,1000,False,random-32-32-20-random-24.scen,580
380,random-32-32-20.map,planner,1,39916,8192,331,56,26458,8192,51298,0,1000,True,random-32-32-20-random-24.scen,580
380,random-32-32-20.map,planner,1,39916,8192,331,56,26458,8192,51298,0,0,False,random-32-32-20-random-24.scen,620
380,random-32-32-20.map,planner,1,39916,8192,331,56,26458,8192,51298,0,0,True,random-32-32-20-random-24.scen,620
380,random-32-32-20.map,planner,1,39916,8192,331,56,26458,8192,51298,0,1,False,random-32-32-20-random-24.scen,620
380,random-32-32-20.map,planner,1,39916,8192,331,56,26458,8192,51298,0,1,True,random-32-32-20-random-24.scen,620
380,random-32-32-20.map,planner,1,39916,8192,331,56,26458,8192,51298,0,10,False,random-32-32-20-random-24.scen,620
380,random-32-32-20.map,planner,1,39916,8192,331,56,26458,8192,51298,0,10,True,random-32-32-20-random-24.scen,620
380,random-32-32-20.map,planner,1,39916,8192,331,56,26458,8192,51298,0,100,False,random-32-32-20-random-24.scen,620
380,random-32-32-20.map,planner,1,39916,8192,331,56,26458,8192,51298,0,100,True,random-32-32-20-random-24.scen,620
380,random-32-32-20.map,planner,1,39916,8192,331,56,26458,8192,51298,0,1000,False,random-32-32-20-random-24.scen,620
380,random-32-32-20.map,planner,1,39916,8192,331,56,26458,8192,51298,0,1000,True,random-32-32-20-random-24.scen,620
380,random-32-32-20.map,planner,1,39916,8192,331,56,26458,8192,51298,0,0,False,random-32-32-20-random-24.scen,660
380,random-32-32-20.map,planner,1,39916,8192,331,56,26458,8192,51298,0,0,True,random-32-32-20-random-24.scen,660
380,random-32-32-20.map,planner,1,39916,8192,331,56,26458,8192,51298,0,1,False,random-32-32-20-random-24.scen,660
380,random-32-32-20.map,planner,1,39916,8192,331,56,26458,8192,51298,0,1,True,random-32-32-20-random-24.scen,660
380,random-32-32-20.map,planner,1,39916,8192,331,56,26458,8192,51298,0,10,False,random-32-32-20-random-24.scen,660
380,random-32-32-20.map,planner,1,39916,8192,331,56,26458,8192,51298,0,10,True,random-32-32-20-random-24.scen,660
380,random-32-32-20.map,planner,1,39916,8192,331,56,26458,8192,51298,0,100,False,random-32-32-20-random-24.scen,660
380,random-32-32-20.map,planner,1,39916,8192,331,56,26458,8192,51298,0,100,True,random-32-32-20-random-24.scen,660
380,random-32-32-20.map,planner,1,39916,8192,331,56,26458,8192,51298,0,1000,False,random-32-32-20-random-24.scen,660
380,random-32-32-20.map,planner,1,39916,8192,331,56,26458,8192,51298,0,1000,True,random-32-32-20-random-24.scen,660
380,random-32-32-20.map,planner,1,39916,8192,331,56,26458,8192,51298,0,0,False,random-32-32-20-random-24.scen,700
380,random-32-32-20.map,planner,1,39916,8192,331,56,26458,8192,51298,0,0,True,random-32-32-20-random-24.scen,700
380,random-32-32-20.map,planner,1,39916,8192,331,56,26458,8192,51298,0,1,False,random-32-32-20-random-24.scen,700
380,random-32-32-20.map,planner,1,39916,8192,331,56,26458,8192,51298,0,1,True,random-32-32-20-random-24.scen,700
380,random-32-32-20.map,planner,1,39916,8192,331,56,26458,8192,51298,0,10,False,random-32-32-20-random-24.scen,700
380,random-32-32-20.map,planner,1,39916,8192,331,56,26458,8192,51298,0,10,True,random-32-32-20-random-24.scen,700
380,random-32-32-20.map,planner,1,39916,8192,331,56,26458,8192,51298,0,100,False,random-32-32-20-random-24.scen,700
380,random-32-32-20.map,planner,1,39916,8192,331,56,26458,8192,51298,0,100,True,random-32-32-20-random-24.scen,700
380,random-32-32-20.map,planner,1,39916,8192,331,56,26458,8192,51298,0,1000,False,random-32-32-20-random-24.scen,700
380,random-32-32-20.map,planner,1,39916,8192,331,56,26458,8192,51298,0,1000,True,random-32-32-20-random-24.scen,700
380,random-32-32-20.map,planner,1,39916,8192,331,56,26458,8192,51298,0,0,False,random-32-32-20-random-24.scen,740
380,random-32-32-20.map,planner,1,39916,8192,331,56,26458,8192,51298,0,0,True,random-32-32-20-random-24.scen,740
380,random-32-32-20.map,planner,1,39916,8192,331,56,26458,8192,51298,0,1,False,random-32-32-20-random-24.scen,740
380,random-32-32-20.map,planner,1,39916,8192,331,56,26458,8192,51298,0,1,True,random-32-32-20-random-24.scen,740
380,random-32-32-20.map,planner,1,39916,8192,331,56,26458,8192,51298,0,10,False,random-32-32-20-random-24.scen,740
380,random-32-32-20.map,planner,1,39916,8192,331,56,26458,8192,51298,0,10,True,random-32-32-20-random-24.scen,740
380,random-32-32-20.map,planner,1,39916,8192,331,56,26458,8192,51298,0,100,False,random-32-32-20-random-24.scen,740
380,random-32-32-20.map,planner,1,39916,8192,331,56,26458,8192,51298,0,100,True,random-32-32-20-random-24.scen,740
380,random-32-32-20.map,planner,1,39916,8192,331,56,26458,8192,51298,0,1000,False,random-32-32-20-random-24.scen,740
380,random-32-32-20.map,planner,1,39916,8192,331,56,26458,8192,51298,0,1000,True,random-32-32-20-random-24.scen,740
380,random-32-32-20.map,planner,1,39916,8192,331,56,26458,8192,51298,0,0,False,random-32-32-20-random-24.scen,780
380,random-32-32-20.map,planner,1,39916,8192,331,56,26458,8192,51298,0,0,True,random-32-32-20-random-24.scen,780
380,random-32-32-20.map,planner,1,39916,8192,331,56,26458,8192,51298,0,1,False,random-32-32-20-random-24.scen,780
380,random-32-32-20.map,planner,1,39916,8192,331,56,26458,8192,51298,0,1,True,random-32-32-20-random-24.scen,780
380,random-32-32-20.map,planner,1,39916,8192,331,56,26458,8192,51298,0,10,False,random-32-32-20-random-24.scen,780
380,random-32-32-20.map,planner,1,39916,8192,331,56,26458,8192,51298,0,10,True,random-32-32-20-random-24.scen,780
380,random-32-32-20.map,planner,1,39916,8192,331,56,26458,8192,51298,0,100,False,random-32-32-20-random-24.scen,780
380,random-32-32-20.map,planner,1,39916,8192,331,56,26458,8192,51298,0,100,True,random-32-32-20-random-24.scen,780
380,random-32-32-20.map,planner,1,39916,8192,331,56,26458,8192,51298,0,1000,False,random-32-32-20-random-24.scen,780
380,random-32-32-20.map,planner,1,39916,8192,331,56,26458,8192,51298,0,1000,True,random-32-32-20-random-24.scen,780
380,random-32-32-20.map,planner,1,39916,8192,331,56,26458,8192,51298,0,0,False,random-32-32-20-random-24.scen,820
380,random-32-32-20.map,planner,1,39916,8192,331,56,26458,8192,51298,0,0,True,random-32-32-20-random-24.scen,820
380,random-32-32-20.map,planner,1,39916,8192,331,56,26458,8192,51298,0,1,False,random-32-32-20-random-24.scen,820
380,random-32-32-20.map,planner,1,39916,8192,331,56,26458,8192,51298,0,1,True,random-32-32-20-random-24.scen,820
380,random-32-32-20.map,planner,1,39916,8192,331,56,26458,8192,51298,0,10,False,random-32-32-20-random-24.scen,820
380,random-32-32-20.map,planner,1,39916,8192,331,56,26458,8192,51298,0,10,True,random-32-32-20-random-24.scen,820
380,random-32-32-20.map,planner,1,39916,8192,331,56,26458,8192,51298,0,100,False,random-32-32-20-random-24.scen,820
380,random-32-32-20.map,planner,1,39916,8192,331,56,26458,8192,51298,0,100,True,random-32-32-20-random-24.scen,820
380,random-32-32-20.map,planner,1,39916,8192,331,56,26458,8192,51298,0,1000,False,random-32-32-20-random-24.scen,820
380,random-32-32-20.map,planner,1,39916,8192,331,56,26458,8192,51298,0,1000,True,random-32-32-20-random-24.scen,820
380,random-32-32-20.map,planner,1,39916,8192,331,56,26458,8192,51298,0,0,False,random-32-32-20-random-24.scen,860
380,random-32-32-20.map,planner,1,39916,8192,331,56,26458,8192,51298,0,0,True,random-32-32-20-random-24.scen,860
380,random-32-32-20.map,planner,1,39916,8192,331,56,26458,8192,51298,0,1,False,random-32-32-20-random-24.scen,860
380,random-32-32-20.map,planner,1,39916,8192,331,56,26458,8192,51298,0,1,True,random-32-32-20-random-24.scen,860
380,random-32-32-20.map,planner,1,39916,8192,331,56,26458,8192,51298,0,10,False,random-32-32-20-random-24.scen,860
380,random-32-32-20.map,planner,1,39916,8192,331,56,26458,8192,51298,0,10,True,random-32-32-20-random-24.scen,860
380,random-32-32-20.map,planner,1,39916,8192,331,56,26458,8192,51298,0,100,False,random-32-32-20-random-24.scen,860
380,random-32-32-20.map,planner,1,39916,8192,331,56,26458,8192,51298,0,100,True,random-32-32-20-random-24.scen,860
380,random-32-32-20.map,planner,1,39916,8192,331,56,26458,8192,51298,0,1000,False,random-32-32-20-random-24.scen,860
380,random-32-32-20.map,planner,1,39916,8192,331,56,26458,8192,51298,0,1000,True,random-32-32-20-random-24.scen,860
380,random-32-32-20.map,planner,1,39916,8192,331,56,26458,8192,51298,0,0,False,random-32-32-20-random-24.scen,900
380,random-32-32-20.map,planner,1,39916,8192,331,56,26458,8192,51298,0,0,True,random-32-32-20-random-24.scen,900
380,random-32-32-20.map,planner,1,39916,8192,331,56,26458,8192,51298,0,1,False,random-32-32-20-random-24.scen,900
380,random-32-32-20.map,planner,1,39916,8192,331,56,26458,8192,51298,0,1,True,random-32-32-20-random-24.scen,900
380,random-32-32-20.map,planner,1,39916,8192,331,56,26458,8192,51298,0,10,False,random-32-32-20-random-24.scen,900
380,random-32-32-20.map,planner,1,39916,8192,331,56,26458,8192,51298,0,10,True,random-32-32-20-random-24.scen,900
380,random-32-32-20.map,planner,1,39916,8192,331,56,26458,8192,51298,0,100,False,random-32-32-20-random-24.scen,900
380,random-32-32-20.map,planner,1,39916,8192,331,56,26458,8192,51298,0,100,True,random-32-32-20-random-24.scen,900
380,random-32-32-20.map,planner,1,39916,8192,331,56,26458,8192,51298,0,1000,False,random-32-32-20-random-24.scen,900
380,random-32-32-20.map,planner,1,39916,8192,331,56,26458,8192,51298,0,1000,True,random-32-32-20-random-24.scen,900
380,random-32-32-20.map,planner,1,39916,8192,331,56,26458,8192,51298,0,0,False,random-32-32-20-random-24.scen,940
380,random-32-32-20.map,planner,1,39916,8192,331,56,26458,8192,51298,0,0,True,random-32-32-20-random-24.scen,940
380,random-32-32-20.map,planner,1,39916,8192,331,56,26458,8192,51298,0,1,False,random-32-32-20-random-24.scen,940
380,random-32-32-20.map,planner,1,39916,8192,331,56,26458,8192,51298,0,1,True,random-32-32-20-random-24.scen,940
380,random-32-32-20.map,planner,1,39916,8192,331,56,26458,8192,51298,0,10,False,random-32-32-20-random-24.scen,940
380,random-32-32-20.map,planner,1,39916,8192,331,56,26458,8192,51298,0,10,True,random-32-32-20-random-24.scen,940
380,random-32-32-20.map,planner,1,39916,8192,331,56,26458,8192,51298,0,100,False,random-32-32-20-random-24.scen,940
380,random-32-32-20.map,planner,1,39916,8192,331,56,26458,8192,51298,0,100,True,random-32-32-20-random-24.scen,940
380,random-32-32-20.map,planner,1,39916,8192,331,56,26458,8192,51298,0,1000,False,random-32-32-20-random-24.scen,940
380,random-32-32-20.map,planner,1,39916,8192,331,56,26458,8192,51298,0,1000,True,random-32-32-20-random-24.scen,940
380,random-32-32-20.map,planner,1,39916,8192,331,56,26458,8192,51298,0,0,False,random-32-32-20-random-24.scen,980
380,random-32-32-20.map,planner,1,39916,8192,331,56,26458,8192,51298,0,0,True,random-32-32-20-random-24.scen,980
380,random-32-32-20.map,planner,1,39916,8192,331,56,26458,8192,51298,0,1,False,random-32-32-20-random-24.scen,980
380,random-32-32-20.map,planner,1,39916,8192,331,56,26458,8192,51298,0,1,True,random-32-32-20-random-24.scen,980
380,random-32-32-20.map,planner,1,39916,8192,331,56,26458,8192,51298,0,10,False,random-32-32-20-random-24.scen,980
380,random-32-32-20.map,planner,1,39916,8192,331,56,26458,8192,51298,0,10,True,random-32-32-20-random-24.scen,980
380,random-32-32-20.map,planner,1,39916,8192,331,56,26458,8192,51298,0,100,False,random-32-32-20-random-24.scen,980
380,random-32-32-20.map,planner,1,39916,8192,331,56,26458,8192,51298,0,100,True,random-32-32-20-random-24.scen,980
380,random-32-32-20.map,planner,1,39916,8192,331,56,26458,8192,51298,0,1000,False,random-32-32-20-random-24.scen,980
380,random-32-32-20.map,planner,1,39916,8192,331,56,26458,8192,51298,0,1000,True,random-32-32-20-random-24.scen,980
20,random-32-32-20.map,planner,1,508,481,46,46,497,481,0,0,0,False,random-32-32-20-random-4.scen,20
20,random-32-32-20.map,planner,1,508,481,46,46,497,481,0,0,0,True,random-32-32-20-random-4.scen,20
20,random-32-32-20.map,planner,1,508,481,46,46,497,481,0,0,1,False,random-32-32-20-random-4.scen,20
20,random-32-32-20.map,planner,1,508,481,46,46,497,481,0,0,1,True,random-32-32-20-random-4.scen,20
20,random-32-32-20.map,planner,1,508,481,46,46,497,481,0,0,10,False,random-32-32-20-random-4.scen,20
20,random-32-32-20.map,planner,1,508,481,46,46,497,481,0,0,10,True,random-32-32-20-random-4.scen,20
20,random-32-32-20.map,planner,1,508,481,46,46,497,481,0,0,100,False,random-32-32-20-random-4.scen,20
20,random-32-32-20.map,planner,1,508,481,46,46,497,481,0,0,100,True,random-32-32-20-random-4.scen,20
20,random-32-32-20.map,planner,1,508,481,46,46,497,481,0,0,1000,False,random-32-32-20-random-4.scen,20
20,random-32-32-20.map,planner,1,508,481,46,46,497,481,0,0,1000,True,random-32-32-20-random-4.scen,20
60,random-32-32-20.map,planner,1,1729,1223,48,46,1467,1223,1,0,0,False,random-32-32-20-random-4.scen,60
60,random-32-32-20.map,planner,1,1729,1223,48,46,1467,1223,1,0,0,True,random-32-32-20-random-4.scen,60
60,random-32-32-20.map,planner,1,1729,1223,48,46,1467,1223,1,0,1,False,random-32-32-20-random-4.scen,60
60,random-32-32-20.map,planner,1,1597,1223,46,46,1428,1223,0,0,1,True,random-32-32-20-random-4.scen,60
60,random-32-32-20.map,planner,1,1729,1223,48,46,1467,1223,0,0,10,False,random-32-32-20-random-4.scen,60
60,random-32-32-20.map,planner,1,1597,1223,46,46,1428,1223,1,0,10,True,random-32-32-20-random-4.scen,60
60,random-32-32-20.map,planner,1,1729,1223,48,46,1467,1223,1,0,100,False,random-32-32-20-random-4.scen,60
60,random-32-32-20.map,planner,1,1597,1223,46,46,1428,1223,1,0,100,True,random-32-32-20-random-4.scen,60
60,random-32-32-20.map,planner,1,1729,1223,48,46,1467,1223,0,0,1000,False,random-32-32-20-random-4.scen,60
60,random-32-32-20.map,planner,1,1597,1223,46,46,1428,1223,0,0,1000,True,random-32-32-20-random-4.scen,60
100,random-32-32-20.map,planner,1,3110,2094,54,54,2673,2094,1,0,0,False,random-32-32-20-random-4.scen,100
100,random-32-32-20.map,planner,1,3110,2094,54,54,2673,2094,1,0,0,True,random-32-32-20-random-4.scen,100
100,random-32-32-20.map,planner,1,3110,2094,54,54,2673,2094,1,0,1,False,random-32-32-20-random-4.scen,100
100,random-32-32-20.map,planner,1,3025,2094,55,54,2550,2094,1,0,1,True,random-32-32-20-random-4.scen,100
100,random-32-32-20.map,planner,1,3110,2094,54,54,2673,2094,1,0,10,False,random-32-32-20-random-4.scen,100
100,random-32-32-20.map,planner,1,3025,2094,55,54,2550,2094,1,0,10,True,random-32-32-20-random-4.scen,100
100,random-32-32-20.map,planner,1,3110,2094,54,54,2673,2094,1,0,100,False,random-32-32-20-random-4.scen,100
100,random-32-32-20.map,planner,1,3025,2094,55,54,2550,2094,1,0,100,True,random-32-32-20-random-4.scen,100
100,random-32-32-20.map,planner,1,3110,2094,54,54,2673,2094,1,0,1000,False,random-32-32-20-random-4.scen,100
100,random-32-32-20.map,planner,1,3025,2094,55,54,2550,2094,1,0,1000,True,random-32-32-20-random-4.scen,100
140,random-32-32-20.map,planner,1,4922,3036,54,54,4216,3036,2,0,0,False,random-32-32-20-random-4.scen,140
140,random-32-32-20.map,planner,1,4922,3036,54,54,4216,3036,2,0,0,True,random-32-32-20-random-4.scen,140
140,random-32-32-20.map,planner,1,4922,3036,54,54,4216,3036,2,0,1,False,random-32-32-20-random-4.scen,140
140,random-32-32-20.map,planner,1,4600,3036,56,54,3999,3036,4,0,1,True,random-32-32-20-random-4.scen,140
140,random-32-32-20.map,planner,1,4922,3036,54,54,4216,3036,2,0,10,False,random-32-32-20-random-4.scen,140
140,random-32-32-20.map,planner,1,4883,3036,60,54,4019,3036,18,0,10,True,random-32-32-20-random-4.scen,140
140,random-32-32-20.map,planner,1,4922,3036,54,54,4216,3036,2,0,100,False,random-32-32-20-random-4.scen,140
140,random-32-32-20.map,planner,1,4939,3036,62,54,4081,3036,67,0,100,True,random-32-32-20-random-4.scen,140
140,random-32-32-20.map,planner,1,4922,3036,54,54,4216,3036,2,0,1000,False,random-32-32-20-random-4.scen,140
140,random-32-32-20.map,planner,1,4902,3036,60,54,4054,3036,67,0,1000,True,random-32-32-20-random-4.scen,140
180,random-32-32-20.map,planner,1,7109,3915,64,54,6210,3915,3,0,0,False,random-32-32-20-random-4.scen,180
180,random-32-32-20.map,planner,1,7109,3915,64,54,6210,3915,4,0,0,True,random-32-32-20-random-4.scen,180
180,random-32-32-20.map,planner,1,7109,3915,64,54,6210,3915,3,0,1,False,random-32-32-20-random-4.scen,180
180,random-32-32-20.map,planner,1,7007,3915,74,54,5848,3915,12,0,1,True,random-32-32-20-random-4.scen,180
180,random-32-32-20.map,planner,1,7109,3915,64,54,6210,3915,3,0,10,False,random-32-32-20-random-4.scen,180
180,random-32-32-20.map,planner,1,7683,3915,116,54,6134,3915,67,0,10,True,random-32-32-20-random-4.scen,180
180,random-32-32-20.map,planner,1,7109,3915,64,54,6210,3915,3,0,100,False,random-32-32-20-random-4.scen,180
180,random-32-32-20.map,planner,1,6898,3915,82,54,5840,3915,551,0,100,True,random-32-32-20-random-4.scen,180
180,random-32-32-20.map,planner,1,7109,3915,64,54,6210,3915,3,0,1000,False,random-32-32-20-random-4.scen,180
180,random-32-32-20.map,planner,1,6898,3915,82,54,5785,3915,5861,0,1000,True,random-32-32-20-random-4.scen,180
220,random-32-32-20.map,planner,1,9366,4791,66,54,8096,4791,4,0,0,False,random-32-32-20-random-4.scen,220
220,random-32-32-20.map,planner,1,9366,4791,66,54,8096,4791,5,0,0,True,random-32-32-20-random-4.scen,220
220,random-32-32-20.map,planner,1,9366,4791,66,54,8096,4791,4,0,1,False,random-32-32-20-random-4.scen,220
220,random-32-32-20.map,planner,1,9459,4791,98,54,7949,4791,20,0,1,True,random-32-32-20-random-4.scen,220
220,random-32-32-20.map,planner,1,9366,4791,66,54,8096,4791,4,0,10,False,random-32-32-20-random-4.scen,220
220,random-32-32-20.map,planner,1,11057,4791,130,54,8671,4791,125,0,10,True,random-32-32-20-random-4.scen,220
220,random-32-32-20.map,planner,1,9366,4791,66,54,8096,4791,4,0,100,False,random-32-32-20-random-4.scen,220
220,random-32-32-20.map,planner,1,11556,4791,137,54,8843,4791,1530,0,100,True,random-32-32-20-random-4.scen,220
220,random-32-32-20.map,planner,1,9366,4791,66,54,8096,4791,4,0,1000,False,random-32-32-20-random-4.scen,220
220,random-32-32-20.map,planner,1,11135,4791,136,54,8802,4791,11164,0,1000,True,random-32-32-20-random-4.scen,220
260,random-32-32-20.map,planner,1,12534,5592,76,56,10747,5592,5,0,0,False,random-32-32-20-random-4.scen,260
260,random-32-32-20.map,planner,1,12534,5592,76,56,10747,5592,6,0,0,True,random-32-32-20-random-4.scen,260
260,random-32-32-20.map,planner,1,12534,5592,76,56,10747,5592,5,0,1,False,random-32-32-20-random-4.scen,260
260,random-32-32-20.map,planner,1,14499,5592,166,56,11276,5592,40,0,1,True,random-32-32-20-random-4.scen,260
260,random-32-32-20.map,planner,1,12534,5592,76,56,10747,5592,5,0,10,False,random-32-32-20-random-4.scen,260
260,random-32-32-20.map,planner,1,14318,5592,150,56,11237,5592,230,0,10,True,random-32-32-20-random-4.scen,260
260,random-32-32-20.map,planner,1,12534,5592,76,56,10747,5592,5,0,100,False,random-32-32-20-random-4.scen,260
260,random-32-32-20.map,planner,1,12266,5592,95,56,10368,5592,1970,0,100,True,random-32-32-20-random-4.scen,260
260,random-32-32-20.map,planner,1,12534,5592,76,56,10747,5592,5,0,1000,False,random-32-32-20-random-4.scen,260
260,random-32-32-20.map,planner,1,15349,5592,179,56,11970,5592,18639,0,1000,True,random-32-32-20-random-4.scen,260
300,random-32-32-20.map,planner,1,17471,6524,107,56,14720,6524,223,0,0,False,random-32-32-20-random-4.scen,300
300,random-32-32-20.map,planner,1,17471,6524,107,56,14720,6524,237,0,0,True,random-32-32-20-random-4.scen,300
300,random-32-32-20.map,planner,1,17471,6524,107,56,14720,6524,234,0,1,False,random-32-32-20-random-4.scen,300
300,random-32-32-20.map,planner,1,18246,6524,158,56,14082,6524,42,0,1,True,random-32-32-20-random-4.scen,300
300,random-32-32-20.map,planner,1,17471,6524,107,56,14720,6524,224,0,10,False,random-32-32-20-random-4.scen,300
300,random-32-32-20.map,planner,1,22520,6524,233,56,16423,6524,506,0,10,True,random-32-32-20-random-4.scen,300
300,random-32-32-20.map,planner,1,17471,6524,107,56,14720,6524,232,0,100,False,random-32-32-20-random-4.scen,300
300,random-32-32-20.map,planner,1,23119,6524,231,56,16117,6524,2891,0,100,True,random-32-32-20-random-4.scen,300
300,random-32-32-20.map,planner,1,17471,6524,107,56,14720,6524,238,0,1000,False,random-32-32-20-random-4.scen,300
300,random-32-32-20.map,planner,1,24298,6524,241,56,17235,6524,27281,0,1000,True,random-32-32-20-random-4.scen,300
340,random-32-32-20.map,planner,1,19917,7383,97,56,17228,7383,8,0,0,False,random-32-32-20-random-4.scen,340
340,random-32-32-20.map,planner,1,19917,7383,97,56,17228,7383,11,0,0,True,random-32-32-20-random-4.scen,340
340,random-32-32-20.map,planner,1,19917,7383,97,56,17228,7383,8,0,1,False,random-32-32-20-random-4.scen,340
340,random-32-32-20.map,planner,1,27085,7383,242,56,19315,7383,191,0,1,True,random-32-32-20-random-4.scen,340
340,random-32-32-20.map,planner,1,19917,7383,97,56,17228,7383,8,0,10,False,random-32-32-20-random-4.scen,340
340,random-32-32-20.map,planner,1,40318,7383,373,56,24074,7383,802,0,10,True,random-32-32-20-random-4.scen,340
340,random-32-32-20.map,planner,1,19917,7383,97,56,17228,7383,8,0,100,False,random-32-32-20-random-4.scen,340
340,random-32-32-20.map,planner,1,43189,7383,400,56,24650,7383,4945,0,100,True,random-32-32-20-random-4.scen,340
340,random-32-32-20.map,planner,1,19917,7383,97,56,17228,7383,8,0,1000,False,random-32-32-20-random-4.scen,340
340,random-32-32-20.map,planner,1,38634,7383,354,56,24266,7383,36821,0,1000,True,random-32-32-20-random-4.scen,340
380,random-32-32-20.map,planner,1,28305,8253,148,56,22304,8253,284,0,0,False,random-32-32-20-random-4.scen,380
380,random-32-32-20.map,planner,1,28305,8253,148,56,22304,8253,274,0,0,True,random-32-32-20-random-4.scen,380
380,random-32-32-20.map,planner,1,28305,8253,148,56,22304,8253,266,0,1,False,random-32-32-20-random-4.scen,380
380,random-32-32-20.map,planner,1,35913,8253,301,56,23998,8253,1216,0,1,True,random-32-32-20-random-4.scen,380
380,random-32-32-20.map,planner,1,28305,8253,148,56,22304,8253,260,0,10,False,random-32-32-20-random-4.scen,380
380,random-32-32-20.map,planner,1,31744,8253,244,56,23964,8253,772,0,10,True,random-32-32-20-random-4.scen,380
380,random-32-32-20.map,planner,1,28305,8253,148,56,22304,8253,269,0,100,False,random-32-32-20-random-4.scen,380
380,random-32-32-20.map,planner,1,40763,8253,312,56,26934,8253,4399,0,100,True,random-32-32-20-random-4.scen,380
380,random-32-32-20.map,planner,1,28305,8253,148,56,22304,8253,269,0,1000,False,random-32-32-20-random-4.scen,380
380,random-32-32-20.map,planner,1,43866,8253,356,56,27918,8253,43560,0,1000,True,random-32-32-20-random-4.scen,380
380,random-32-32-20.map,planner,1,43866,8253,356,56,27918,8253,43560,0,0,False,random-32-32-20-random-4.scen,420
380,random-32-32-20.map,planner,1,43866,8253,356,56,27918,8253,43560,0,0,True,random-32-32-20-random-4.scen,420
380,random-32-32-20.map,planner,1,43866,8253,356,56,27918,8253,43560,0,1,False,random-32-32-20-random-4.scen,420
380,random-32-32-20.map,planner,1,43866,8253,356,56,27918,8253,43560,0,1,True,random-32-32-20-random-4.scen,420
380,random-32-32-20.map,planner,1,43866,8253,356,56,27918,8253,43560,0,10,False,random-32-32-20-random-4.scen,420
380,random-32-32-20.map,planner,1,43866,8253,356,56,27918,8253,43560,0,10,True,random-32-32-20-random-4.scen,420
380,random-32-32-20.map,planner,1,43866,8253,356,56,27918,8253,43560,0,100,False,random-32-32-20-random-4.scen,420
380,random-32-32-20.map,planner,1,43866,8253,356,56,27918,8253,43560,0,100,True,random-32-32-20-random-4.scen,420
380,random-32-32-20.map,planner,1,43866,8253,356,56,27918,8253,43560,0,1000,False,random-32-32-20-random-4.scen,420
380,random-32-32-20.map,planner,1,43866,8253,356,56,27918,8253,43560,0,1000,True,random-32-32-20-random-4.scen,420
380,random-32-32-20.map,planner,1,43866,8253,356,56,27918,8253,43560,0,0,False,random-32-32-20-random-4.scen,460
380,random-32-32-20.map,planner,1,43866,8253,356,56,27918,8253,43560,0,0,True,random-32-32-20-random-4.scen,460
380,random-32-32-20.map,planner,1,43866,8253,356,56,27918,8253,43560,0,1,False,random-32-32-20-random-4.scen,460
380,random-32-32-20.map,planner,1,43866,8253,356,56,27918,8253,43560,0,1,True,random-32-32-20-random-4.scen,460
380,random-32-32-20.map,planner,1,43866,8253,356,56,27918,8253,43560,0,10,False,random-32-32-20-random-4.scen,460
380,random-32-32-20.map,planner,1,43866,8253,356,56,27918,8253,43560,0,10,True,random-32-32-20-random-4.scen,460
380,random-32-32-20.map,planner,1,43866,8253,356,56,27918,8253,43560,0,100,False,random-32-32-20-random-4.scen,460
380,random-32-32-20.map,planner,1,43866,8253,356,56,27918,8253,43560,0,100,True,random-32-32-20-random-4.scen,460
380,random-32-32-20.map,planner,1,43866,8253,356,56,27918,8253,43560,0,1000,False,random-32-32-20-random-4.scen,460
380,random-32-32-20.map,planner,1,43866,8253,356,56,27918,8253,43560,0,1000,True,random-32-32-20-random-4.scen,460
380,random-32-32-20.map,planner,1,43866,8253,356,56,27918,8253,43560,0,0,False,random-32-32-20-random-4.scen,500
380,random-32-32-20.map,planner,1,43866,8253,356,56,27918,8253,43560,0,0,True,random-32-32-20-random-4.scen,500
380,random-32-32-20.map,planner,1,43866,8253,356,56,27918,8253,43560,0,1,False,random-32-32-20-random-4.scen,500
380,random-32-32-20.map,planner,1,43866,8253,356,56,27918,8253,43560,0,1,True,random-32-32-20-random-4.scen,500
380,random-32-32-20.map,planner,1,43866,8253,356,56,27918,8253,43560,0,10,False,random-32-32-20-random-4.scen,500
380,random-32-32-20.map,planner,1,43866,8253,356,56,27918,8253,43560,0,10,True,random-32-32-20-random-4.scen,500
380,random-32-32-20.map,planner,1,43866,8253,356,56,27918,8253,43560,0,100,False,random-32-32-20-random-4.scen,500
380,random-32-32-20.map,planner,1,43866,8253,356,56,27918,8253,43560,0,100,True,random-32-32-20-random-4.scen,500
380,random-32-32-20.map,planner,1,43866,8253,356,56,27918,8253,43560,0,1000,False,random-32-32-20-random-4.scen,500
380,random-32-32-20.map,planner,1,43866,8253,356,56,27918,8253,43560,0,1000,True,random-32-32-20-random-4.scen,500
380,random-32-32-20.map,planner,1,43866,8253,356,56,27918,8253,43560,0,0,False,random-32-32-20-random-4.scen,540
380,random-32-32-20.map,planner,1,43866,8253,356,56,27918,8253,43560,0,0,True,random-32-32-20-random-4.scen,540
380,random-32-32-20.map,planner,1,43866,8253,356,56,27918,8253,43560,0,1,False,random-32-32-20-random-4.scen,540
380,random-32-32-20.map,planner,1,43866,8253,356,56,27918,8253,43560,0,1,True,random-32-32-20-random-4.scen,540
380,random-32-32-20.map,planner,1,43866,8253,356,56,27918,8253,43560,0,10,False,random-32-32-20-random-4.scen,540
380,random-32-32-20.map,planner,1,43866,8253,356,56,27918,8253,43560,0,10,True,random-32-32-20-random-4.scen,540
380,random-32-32-20.map,planner,1,43866,8253,356,56,27918,8253,43560,0,100,False,random-32-32-20-random-4.scen,540
380,random-32-32-20.map,planner,1,43866,8253,356,56,27918,8253,43560,0,100,True,random-32-32-20-random-4.scen,540
380,random-32-32-20.map,planner,1,43866,8253,356,56,27918,8253,43560,0,1000,False,random-32-32-20-random-4.scen,540
380,random-32-32-20.map,planner,1,43866,8253,356,56,27918,8253,43560,0,1000,True,random-32-32-20-random-4.scen,540
380,random-32-32-20.map,planner,1,43866,8253,356,56,27918,8253,43560,0,0,False,random-32-32-20-random-4.scen,580
380,random-32-32-20.map,planner,1,43866,8253,356,56,27918,8253,43560,0,0,True,random-32-32-20-random-4.scen,580
380,random-32-32-20.map,planner,1,43866,8253,356,56,27918,8253,43560,0,1,False,random-32-32-20-random-4.scen,580
380,random-32-32-20.map,planner,1,43866,8253,356,56,27918,8253,43560,0,1,True,random-32-32-20-random-4.scen,580
380,random-32-32-20.map,planner,1,43866,8253,356,56,27918,8253,43560,0,10,False,random-32-32-20-random-4.scen,580
380,random-32-32-20.map,planner,1,43866,8253,356,56,27918,8253,43560,0,10,True,random-32-32-20-random-4.scen,580
380,random-32-32-20.map,planner,1,43866,8253,356,56,27918,8253,43560,0,100,False,random-32-32-20-random-4.scen,580
380,random-32-32-20.map,planner,1,43866,8253,356,56,27918,8253,43560,0,100,True,random-32-32-20-random-4.scen,580
380,random-32-32-20.map,planner,1,43866,8253,356,56,27918,8253,43560,0,1000,False,random-32-32-20-random-4.scen,580
380,random-32-32-20.map,planner,1,43866,8253,356,56,27918,8253,43560,0,1000,True,random-32-32-20-random-4.scen,580
380,random-32-32-20.map,planner,1,43866,8253,356,56,27918,8253,43560,0,0,False,random-32-32-20-random-4.scen,620
380,random-32-32-20.map,planner,1,43866,8253,356,56,27918,8253,43560,0,0,True,random-32-32-20-random-4.scen,620
380,random-32-32-20.map,planner,1,43866,8253,356,56,27918,8253,43560,0,1,False,random-32-32-20-random-4.scen,620
380,random-32-32-20.map,planner,1,43866,8253,356,56,27918,8253,43560,0,1,True,random-32-32-20-random-4.scen,620
380,random-32-32-20.map,planner,1,43866,8253,356,56,27918,8253,43560,0,10,False,random-32-32-20-random-4.scen,620
380,random-32-32-20.map,planner,1,43866,8253,356,56,27918,8253,43560,0,10,True,random-32-32-20-random-4.scen,620
380,random-32-32-20.map,planner,1,43866,8253,356,56,27918,8253,43560,0,100,False,random-32-32-20-random-4.scen,620
380,random-32-32-20.map,planner,1,43866,8253,356,56,27918,8253,43560,0,100,True,random-32-32-20-random-4.scen,620
380,random-32-32-20.map,planner,1,43866,8253,356,56,27918,8253,43560,0,1000,False,random-32-32-20-random-4.scen,620
380,random-32-32-20.map,planner,1,43866,8253,356,56,27918,8253,43560,0,1000,True,random-32-32-20-random-4.scen,620
380,random-32-32-20.map,planner,1,43866,8253,356,56,27918,8253,43560,0,0,False,random-32-32-20-random-4.scen,660
380,random-32-32-20.map,planner,1,43866,8253,356,56,27918,8253,43560,0,0,True,random-32-32-20-random-4.scen,660
380,random-32-32-20.map,planner,1,43866,8253,356,56,27918,8253,43560,0,1,False,random-32-32-20-random-4.scen,660
380,random-32-32-20.map,planner,1,43866,8253,356,56,27918,8253,43560,0,1,True,random-32-32-20-random-4.scen,660
380,random-32-32-20.map,planner,1,43866,8253,356,56,27918,8253,43560,0,10,False,random-32-32-20-random-4.scen,660
380,random-32-32-20.map,planner,1,43866,8253,356,56,27918,8253,43560,0,10,True,random-32-32-20-random-4.scen,660
380,random-32-32-20.map,planner,1,43866,8253,356,56,27918,8253,43560,0,100,False,random-32-32-20-random-4.scen,660
380,random-32-32-20.map,planner,1,43866,8253,356,56,27918,8253,43560,0,100,True,random-32-32-20-random-4.scen,660
380,random-32-32-20.map,planner,1,43866,8253,356,56,27918,8253,43560,0,1000,False,random-32-32-20-random-4.scen,660
380,random-32-32-20.map,planner,1,43866,8253,356,56,27918,8253,43560,0,1000,True,random-32-32-20-random-4.scen,660
380,random-32-32-20.map,planner,1,43866,8253,356,56,27918,8253,43560,0,0,False,random-32-32-20-random-4.scen,700
380,random-32-32-20.map,planner,1,43866,8253,356,56,27918,8253,43560,0,0,True,random-32-32-20-random-4.scen,700
380,random-32-32-20.map,planner,1,43866,8253,356,56,27918,8253,43560,0,1,False,random-32-32-20-random-4.scen,700
380,random-32-32-20.map,planner,1,43866,8253,356,56,27918,8253,43560,0,1,True,random-32-32-20-random-4.scen,700
380,random-32-32-20.map,planner,1,43866,8253,356,56,27918,8253,43560,0,10,False,random-32-32-20-random-4.scen,700
380,random-32-32-20.map,planner,1,43866,8253,356,56,27918,8253,43560,0,10,True,random-32-32-20-random-4.scen,700
380,random-32-32-20.map,planner,1,43866,8253,356,56,27918,8253,43560,0,100,False,random-32-32-20-random-4.scen,700
380,random-32-32-20.map,planner,1,43866,8253,356,56,27918,8253,43560,0,100,True,random-32-32-20-random-4.scen,700
380,random-32-32-20.map,planner,1,43866,8253,356,56,27918,8253,43560,0,1000,False,random-32-32-20-random-4.scen,700
380,random-32-32-20.map,planner,1,43866,8253,356,56,27918,8253,43560,0,1000,True,random-32-32-20-random-4.scen,700
380,random-32-32-20.map,planner,1,43866,8253,356,56,27918,8253,43560,0,0,False,random-32-32-20-random-4.scen,740
380,random-32-32-20.map,planner,1,43866,8253,356,56,27918,8253,43560,0,0,True,random-32-32-20-random-4.scen,740
380,random-32-32-20.map,planner,1,43866,8253,356,56,27918,8253,43560,0,1,False,random-32-32-20-random-4.scen,740
380,random-32-32-20.map,planner,1,43866,8253,356,56,27918,8253,43560,0,1,True,random-32-32-20-random-4.scen,740
380,random-32-32-20.map,planner,1,43866,8253,356,56,27918,8253,43560,0,10,False,random-32-32-20-random-4.scen,740
380,random-32-32-20.map,planner,1,43866,8253,356,56,27918,8253,43560,0,10,True,random-32-32-20-random-4.scen,740
380,random-32-32-20.map,planner,1,43866,8253,356,56,27918,8253,43560,0,100,False,random-32-32-20-random-4.scen,740
380,random-32-32-20.map,planner,1,43866,8253,356,56,27918,8253,43560,0,100,True,random-32-32-20-random-4.scen,740
380,random-32-32-20.map,planner,1,43866,8253,356,56,27918,8253,43560,0,1000,False,random-32-32-20-random-4.scen,740
380,random-32-32-20.map,planner,1,43866,8253,356,56,27918,8253,43560,0,1000,True,random-32-32-20-random-4.scen,740
380,random-32-32-20.map,planner,1,43866,8253,356,56,27918,8253,43560,0,0,False,random-32-32-20-random-4.scen,780
380,random-32-32-20.map,planner,1,43866,8253,356,56,27918,8253,43560,0,0,True,random-32-32-20-random-4.scen,780
380,random-32-32-20.map,planner,1,43866,8253,356,56,27918,8253,43560,0,1,False,random-32-32-20-random-4.scen,780
380,random-32-32-20.map,planner,1,43866,8253,356,56,27918,8253,43560,0,1,True,random-32-32-20-random-4.scen,780
380,random-32-32-20.map,planner,1,43866,8253,356,56,27918,8253,43560,0,10,False,random-32-32-20-random-4.scen,780
380,random-32-32-20.map,planner,1,43866,8253,356,56,27918,8253,43560,0,10,True,random-32-32-20-random-4.scen,780
380,random-32-32-20.map,planner,1,43866,8253,356,56,27918,8253,43560,0,100,False,random-32-32-20-random-4.scen,780
380,random-32-32-20.map,planner,1,43866,8253,356,56,27918,8253,43560,0,100,True,random-32-32-20-random-4.scen,780
380,random-32-32-20.map,planner,1,43866,8253,356,56,27918,8253,43560,0,1000,False,random-32-32-20-random-4.scen,780
380,random-32-32-20.map,planner,1,43866,8253,356,56,27918,8253,43560,0,1000,True,random-32-32-20-random-4.scen,780
380,random-32-32-20.map,planner,1,43866,8253,356,56,27918,8253,43560,0,0,False,random-32-32-20-random-4.scen,820
380,random-32-32-20.map,planner,1,43866,8253,356,56,27918,8253,43560,0,0,True,random-32-32-20-random-4.scen,820
380,random-32-32-20.map,planner,1,43866,8253,356,56,27918,8253,43560,0,1,False,random-32-32-20-random-4.scen,820
380,random-32-32-20.map,planner,1,43866,8253,356,56,27918,8253,43560,0,1,True,random-32-32-20-random-4.scen,820
380,random-32-32-20.map,planner,1,43866,8253,356,56,27918,8253,43560,0,10,False,random-32-32-20-random-4.scen,820
380,random-32-32-20.map,planner,1,43866,8253,356,56,27918,8253,43560,0,10,True,random-32-32-20-random-4.scen,820
380,random-32-32-20.map,planner,1,43866,8253,356,56,27918,8253,43560,0,100,False,random-32-32-20-random-4.scen,820
380,random-32-32-20.map,planner,1,43866,8253,356,56,27918,8253,43560,0,100,True,random-32-32-20-random-4.scen,820
380,random-32-32-20.map,planner,1,43866,8253,356,56,27918,8253,43560,0,1000,False,random-32-32-20-random-4.scen,820
380,random-32-32-20.map,planner,1,43866,8253,356,56,27918,8253,43560,0,1000,True,random-32-32-20-random-4.scen,820
380,random-32-32-20.map,planner,1,43866,8253,356,56,27918,8253,43560,0,0,False,random-32-32-20-random-4.scen,860
380,random-32-32-20.map,planner,1,43866,8253,356,56,27918,8253,43560,0,0,True,random-32-32-20-random-4.scen,860
380,random-32-32-20.map,planner,1,43866,8253,356,56,27918,8253,43560,0,1,False,random-32-32-20-random-4.scen,860
380,random-32-32-20.map,planner,1,43866,8253,356,56,27918,8253,43560,0,1,True,random-32-32-20-random-4.scen,860
380,random-32-32-20.map,planner,1,43866,8253,356,56,27918,8253,43560,0,10,False,random-32-32-20-random-4.scen,860
380,random-32-32-20.map,planner,1,43866,8253,356,56,27918,8253,43560,0,10,True,random-32-32-20-random-4.scen,860
380,random-32-32-20.map,planner,1,43866,8253,356,56,27918,8253,43560,0,100,False,random-32-32-20-random-4.scen,860
380,random-32-32-20.map,planner,1,43866,8253,356,56,27918,8253,43560,0,100,True,random-32-32-20-random-4.scen,860
380,random-32-32-20.map,planner,1,43866,8253,356,56,27918,8253,43560,0,1000,False,random-32-32-20-random-4.scen,860
380,random-32-32-20.map,planner,1,43866,8253,356,56,27918,8253,43560,0,1000,True,random-32-32-20-random-4.scen,860
380,random-32-32-20.map,planner,1,43866,8253,356,56,27918,8253,43560,0,0,False,random-32-32-20-random-4.scen,900
380,random-32-32-20.map,planner,1,43866,8253,356,56,27918,8253,43560,0,0,True,random-32-32-20-random-4.scen,900
380,random-32-32-20.map,planner,1,43866,8253,356,56,27918,8253,43560,0,1,False,random-32-32-20-random-4.scen,900
380,random-32-32-20.map,planner,1,43866,8253,356,56,27918,8253,43560,0,1,True,random-32-32-20-random-4.scen,900
380,random-32-32-20.map,planner,1,43866,8253,356,56,27918,8253,43560,0,10,False,random-32-32-20-random-4.scen,900
380,random-32-32-20.map,planner,1,43866,8253,356,56,27918,8253,43560,0,10,True,random-32-32-20-random-4.scen,900
380,random-32-32-20.map,planner,1,43866,8253,356,56,27918,8253,43560,0,100,False,random-32-32-20-random-4.scen,900
380,random-32-32-20.map,planner,1,43866,8253,356,56,27918,8253,43560,0,100,True,random-32-32-20-random-4.scen,900
380,random-32-32-20.map,planner,1,43866,8253,356,56,27918,8253,43560,0,1000,False,random-32-32-20-random-4.scen,900
380,random-32-32-20.map,planner,1,43866,8253,356,56,27918,8253,43560,0,1000,True,random-32-32-20-random-4.scen,900
380,random-32-32-20.map,planner,1,43866,8253,356,56,27918,8253,43560,0,0,False,random-32-32-20-random-4.scen,940
380,random-32-32-20.map,planner,1,43866,8253,356,56,27918,8253,43560,0,0,True,random-32-32-20-random-4.scen,940
380,random-32-32-20.map,planner,1,43866,8253,356,56,27918,8253,43560,0,1,False,random-32-32-20-random-4.scen,940
380,random-32-32-20.map,planner,1,43866,8253,356,56,27918,8253,43560,0,1,True,random-32-32-20-random-4.scen,940
380,random-32-32-20.map,planner,1,43866,8253,356,56,27918,8253,43560,0,10,False,random-32-32-20-random-4.scen,940
380,random-32-32-20.map,planner,1,43866,8253,356,56,27918,8253,43560,0,10,True,random-32-32-20-random-4.scen,940
380,random-32-32-20.map,planner,1,43866,8253,356,56,27918,8253,43560,0,100,False,random-32-32-20-random-4.scen,940
380,random-32-32-20.map,planner,1,43866,8253,356,56,27918,8253,43560,0,100,True,random-32-32-20-random-4.scen,940
380,random-32-32-20.map,planner,1,43866,8253,356,56,27918,8253,43560,0,1000,False,random-32-32-20-random-4.scen,940
380,random-32-32-20.map,planner,1,43866,8253,356,56,27918,8253,43560,0,1000,True,random-32-32-20-random-4.scen,940
380,random-32-32-20.map,planner,1,43866,8253,356,56,27918,8253,43560,0,0,False,random-32-32-20-random-4.scen,980
380,random-32-32-20.map,planner,1,43866,8253,356,56,27918,8253,43560,0,0,True,random-32-32-20-random-4.scen,980
380,random-32-32-20.map,planner,1,43866,8253,356,56,27918,8253,43560,0,1,False,random-32-32-20-random-4.scen,980
380,random-32-32-20.map,planner,1,43866,8253,356,56,27918,8253,43560,0,1,True,random-32-32-20-random-4.scen,980
380,random-32-32-20.map,planner,1,43866,8253,356,56,27918,8253,43560,0,10,False,random-32-32-20-random-4.scen,980
380,random-32-32-20.map,planner,1,43866,8253,356,56,27918,8253,43560,0,10,True,random-32-32-20-random-4.scen,980
380,random-32-32-20.map,planner,1,43866,8253,356,56,27918,8253,43560,0,100,False,random-32-32-20-random-4.scen,980
380,random-32-32-20.map,planner,1,43866,8253,356,56,27918,8253,43560,0,100,True,random-32-32-20-random-4.scen,980
380,random-32-32-20.map,planner,1,43866,8253,356,56,27918,8253,43560,0,1000,False,random-32-32-20-random-4.scen,980
380,random-32-32-20.map,planner,1,43866,8253,356,56,27918,8253,43560,0,1000,True,random-32-32-20-random-4.scen,980
20,random-32-32-20.map,planner,1,479,405,48,48,437,405,0,0,0,False,random-32-32-20-random-1.scen,20
20,random-32-32-20.map,planner,1,479,405,48,48,437,405,0,0,0,True,random-32-32-20-random-1.scen,20
20,random-32-32-20.map,planner,1,479,405,48,48,437,405,0,0,1,False,random-32-32-20-random-1.scen,20
20,random-32-32-20.map,planner,1,479,405,48,48,437,405,0,0,1,True,random-32-32-20-random-1.scen,20
20,random-32-32-20.map,planner,1,479,405,48,48,437,405,0,0,10,False,random-32-32-20-random-1.scen,20
20,random-32-32-20.map,planner,1,479,405,48,48,437,405,0,0,10,True,random-32-32-20-random-1.scen,20
20,random-32-32-20.map,planner,1,479,405,48,48,437,405,0,0,100,False,random-32-32-20-random-1.scen,20
20,random-32-32-20.map,planner,1,479,405,48,48,437,405,0,0,100,True,random-32-32-20-random-1.scen,20
20,random-32-32-20.map,planner,1,479,405,48,48,437,405,0,0,1000,False,random-32-32-20-random-1.scen,20
20,random-32-32-20.map,planner,1,479,405,48,48,437,405,0,0,1000,True,random-32-32-20-random-1.scen,20
60,random-32-32-20.map,planner,1,1790,1370,48,48,1615,1370,1,0,0,False,random-32-32-20-random-1.scen,60
60,random-32-32-20.map,planner,1,1790,1370,48,48,1615,1370,1,0,0,True,random-32-32-20-random-1.scen,60
60,random-32-32-20.map,planner,1,1790,1370,48,48,1615,1370,1,0,1,False,random-32-32-20-random-1.scen,60
60,random-32-32-20.map,planner,1,1900,1370,69,48,1664,1370,1,0,1,True,random-32-32-20-random-1.scen,60
60,random-32-32-20.map,planner,1,1790,1370,48,48,1615,1370,1,0,10,False,random-32-32-20-random-1.scen,60
60,random-32-32-20.map,planner,1,1900,1370,69,48,1664,1370,1,0,10,True,random-32-32-20-random-1.scen,60
60,random-32-32-20.map,planner,1,1790,1370,48,48,1615,1370,1,0,100,False,random-32-32-20-random-1.scen,60
60,random-32-32-20.map,planner,1,1900,1370,69,48,1664,1370,1,0,100,True,random-32-32-20-random-1.scen,60
60,random-32-32-20.map,planner,1,1790,1370,48,48,1615,1370,1,0,1000,False,random-32-32-20-random-1.scen,60
60,random-32-32-20.map,planner,1,1900,1370,69,48,1664,1370,1,0,1000,True,random-32-32-20-random-1.scen,60
100,random-32-32-20.map,planner,1,3236,2253,51,48,2961,2253,2,0,0,False,random-32-32-20-random-1.scen,100
100,random-32-32-20.map,planner,1,3236,2253,51,48,2961,2253,2,0,0,True,random-32-32-20-random-1.scen,100
100,random-32-32-20.map,planner,1,3236,2253,51,48,2961,2253,2,0,1,False,random-32-32-20-random-1.scen,100
100,random-32-32-20.map,planner,1,3282,2253,75,48,2953,2253,2,0,1,True,random-32-32-20-random-1.scen,100
100,random-32-32-20.map,planner,1,3236,2253,51,48,2961,2253,2,0,10,False,random-32-32-20-random-1.scen,100
100,random-32-32-20.map,planner,1,3282,2253,75,48,2953,2253,2,0,10,True,random-32-32-20-random-1.scen,100
100,random-32-32-20.map,planner,1,3236,2253,51,48,2961,2253,2,0,100,False,random-32-32-20-random-1.scen,100
100,random-32-32-20.map,planner,1,3282,2253,75,48,2953,2253,2,0,100,True,random-32-32-20-random-1.scen,100
100,random-32-32-20.map,planner,1,3236,2253,51,48,2961,2253,2,0,1000,False,random-32-32-20-random-1.scen,100
100,random-32-32-20.map,planner,1,3282,2253,75,48,2953,2253,2,0,1000,True,random-32-32-20-random-1.scen,100
140,random-32-32-20.map,planner,1,5129,3254,57,48,4526,3254,2,0,0,False,random-32-32-20-random-1.scen,140
140,random-32-32-20.map,planner,1,5129,3254,57,48,4526,3254,2,0,0,True,random-32-32-20-random-1.scen,140
140,random-32-32-20.map,planner,1,5129,3254,57,48,4526,3254,2,0,1,False,random-32-32-20-random-1.scen,140
140,random-32-32-20.map,planner,1,6533,3254,131,48,5364,3254,9,0,1,True,random-32-32-20-random-1.scen,140
140,random-32-32-20.map,planner,1,5129,3254,57,48,4526,3254,2,0,10,False,random-32-32-20-random-1.scen,140
140,random-32-32-20.map,planner,1,5076,3254,72,48,4491,3254,12,0,10,True,random-32-32-20-random-1.scen,140
140,random-32-32-20.map,planner,1,5129,3254,57,48,4526,3254,2,0,100,False,random-32-32-20-random-1.scen,140
140,random-32-32-20.map,planner,1,4960,3254,56,48,4450,3254,41,0,100,True,random-32-32-20-random-1.scen,140
140,random-32-32-20.map,planner,1,5129,3254,57,48,4526,3254,2,0,1000,False,random-32-32-20-random-1.scen,140
140,random-32-32-20.map,planner,1,5278,3254,84,48,4638,3254,43,0,1000,True,random-32-32-20-random-1.scen,140
180,random-32-32-20.map,planner,1,6931,3988,66,48,6206,3988,3,0,0,False,random-32-32-20-random-1.scen,180
180,random-32-32-20.map,planner,1,6931,3988,66,48,6206,3988,3,0,0,True,random-32-32-20-random-1.scen,180
180,random-32-32-20.map,planner,1,6931,3988,66,48,6206,3988,3,0,1,False,random-32-32-20-random-1.scen,180
180,random-32-32-20.map,planner,1,6879,3988,65,48,5982,3988,8,0,1,True,random-32-32-20-random-1.scen,180
180,random-32-32-20.map,planner,1,6931,3988,66,48,6206,3988,3,0,10,False,random-32-32-20-random-1.scen,180
180,random-32-32-20.map,planner,1,8159,3988,117,48,6300,3988,51,0,10,True,random-32-32-20-random-1.scen,180
180,random-32-32-20.map,planner,1,6931,3988,66,48,6206,3988,3,0,100,False,random-32-32-20-random-1.scen,180
180,random-32-32-20.map,planner,1,7168,3988,95,48,6144,3988,338,0,100,True,random-32-32-20-random-1.scen,180
180,random-32-32-20.map,planner,1,6931,3988,66,48,6206,3988,3,0,1000,False,random-32-32-20-random-1.scen,180
180,random-32-32-20.map,planner,1,8753,3988,135,48,6674,3988,3059,0,1000,True,random-32-32-20-random-1.scen,180
220,random-32-32-20.map,planner,1,9630,4871,101,48,8348,4871,32,0,0,False,random-32-32-20-random-1.scen,220
220,random-32-32-20.map,planner,1,9630,4871,101,48,8348,4871,33,0,0,True,random-32-32-20-random-1.scen,220
220,random-32-32-20.map,planner,1,9630,4871,101,48,8348,4871,32,0,1,False,random-32-32-20-random-1.scen,220
220,random-32-32-20.map,planner,1,9576,4871,91,48,8320,4871,16,0,1,True,random-32-32-20-random-1.scen,220
220,random-32-32-20.map,planner,1,9630,4871,101,48,8348,4871,34,0,10,False,random-32-32-20-random-1.scen,220
220,random-32-32-20.map,planner,1,12781,4871,193,48,9261,4871,112,0,10,True,random-32-32-20-random-1.scen,220
220,random-32-32-20.map,planner,1,9630,4871,101,48,8348,4871,34,0,100,False,random-32-32-20-random-1.scen,220
220,random-32-32-20.map,planner,1,11466,4871,168,48,9203,4871,1093,0,100,True,random-32-32-20-random-1.scen,220
220,random-32-32-20.map,planner,1,9630,4871,101,48,8348,4871,35,0,1000,False,random-32-32-20-random-1.scen,220
220,random-32-32-20.map,planner,1,10809,4871,148,48,8486,4871,8640,0,1000,True,random-32-32-20-random-1.scen,220
260,random-32-32-20.map,planner,1,12723,5766,113,53,10783,5766,22,0,0,False,random-32-32-20-random-1.scen,260
260,random-32-32-20.map,planner,1,12723,5766,113,53,10783,5766,24,0,0,True,random-32-32-20-random-1.scen,260
260,random-32-32-20.map,planner,1,12723,5766,113,53,10783,5766,23,0,1,False,random-32-32-20-random-1.scen,260
260,random-32-32-20.map,planner,1,16712,5766,196,53,12507,5766,86,0,1,True,random-32-32-20-random-1.scen,260
260,random-32-32-20.map,planner,1,12723,5766,113,53,10783,5766,23,0,10,False,random-32-32-20-random-1.scen,260
260,random-32-32-20.map,planner,1,16370,5766,200,53,12162,5766,263,0,10,True,random-32-32-20-random-1.scen,260
260,random-32-32-20.map,planner,1,12723,5766,113,53,10783,5766,22,0,100,False,random-32-32-20-random-1.scen,260
260,random-32-32-20.map,planner,1,19170,5766,223,53,13820,5766,2331,0,100,True,random-32-32-20-random-1.scen,260
260,random-32-32-20.map,planner,1,12723,5766,113,53,10783,5766,23,0,1000,False,random-32-32-20-random-1.scen,260
260,random-32-32-20.map,planner,1,19041,5766,235,53,13565,5766,18257,0,1000,True,random-32-32-20-random-1.scen,260
300,random-32-32-20.map,planner,1,19052,6760,130,53,15467,6760,9,0,0,False,random-32-32-20-random-1.scen,300
300,random-32-32-20.map,planner,1,19052,6760,130,53,15467,6760,11,0,0,True,random-32-32-20-random-1.scen,300
300,random-32-32-20.map,planner,1,19052,6760,130,53,15467,6760,9,0,1,False,random-32-32-20-random-1.scen,300
300,random-32-32-20.map,planner,1,24239,6760,245,53,16962,6760,92,0,1,True,random-32-32-20-random-1.scen,300
300,random-32-32-20.map,planner,1,19052,6760,130,53,15467,6760,9,0,10,False,random-32-32-20-random-1.scen,300
300,random-32-32-20.map,planner,1,33030,6760,322,53,19988,6760,510,0,10,True,random-32-32-20-random-1.scen,300
300,random-32-32-20.map,planner,1,19052,6760,130,53,15467,6760,9,0,100,False,random-32-32-20-random-1.scen,300
300,random-32-32-20.map,planner,1,41367,6760,441,53,24818,6760,3947,0,100,True,random-32-32-20-random-1.scen,300
300,random-32-32-20.map,planner,1,19052,6760,130,53,15467,6760,9,0,1000,False,random-32-32-20-random-1.scen,300
300,random-32-32-20.map,planner,1,25986,6760,291,53,17365,6760,28901,0,1000,True,random-32-32-20-random-1.scen,300
340,random-32-32-20.map,planner,1,25230,7527,157,53,18934,7527,12,0,0,False,random-32-32-20-random-1.scen,340
340,random-32-32-20.map,planner,1,25230,7527,157,53,18934,7527,14,0,0,True,random-32-32-20-random-1.scen,340
340,random-32-32-20.map,planner,1,25230,7527,157,53,18934,7527,12,0,1,False,random-32-32-20-random-1.scen,340
340,random-32-32-20.map,planner,1,30077,7527,324,53,20874,7527,651,0,1,True,random-32-32-20-random-1.scen,340
340,random-32-32-20.map,planner,1,25230,7527,157,53,18934,7527,12,0,10,False,random-32-32-20-random-1.scen,340
340,random-32-32-20.map,planner,1,49367,7527,513,53,25674,7527,1623,0,10,True,random-32-32-20-random-1.scen,340
340,random-32-32-20.map,planner,1,25230,7527,157,53,18934,7527,12,0,100,False,random-32-32-20-random-1.scen,340
340,random-32-32-20.map,planner,1,44701,7527,385,53,25427,7527,5816,0,100,True,random-32-32-20-random-1.scen,340
340,random-32-32-20.map,planner,1,25230,7527,157,53,18934,7527,12,0,1000,False,random-32-32-20-random-1.scen,340
340,random-32-32-20.map,planner,1,43238,7527,395,53,26005,7527,37287,0,1000,True,random-32-32-20-random-1.scen,340
380,random-32-32-20.map,planner,1,38342,8392,346,53,26343,8392,2381,0,0,False,random-32-32-20-random-1.scen,380
380,random-32-32-20.map,planner,1,38342,8392,346,53,26343,8392,2456,0,0,True,random-32-32-20-random-1.scen,380
380,random-32-32-20.map,planner,1,38342,8392,346,53,26343,8392,2565,0,1,False,random-32-32-20-random-1.scen,380
380,random-32-32-20.map,planner,1,34018,8392,262,53,24712,8392,200,0,1,True,random-32-32-20-random-1.scen,380
380,random-32-32-20.map,planner,1,38342,8392,346,53,26343,8392,2526,0,10,False,random-32-32-20-random-1.scen,380
380,random-32-32-20.map,planner,1,54185,8392,424,53,31437,8392,1660,0,10,True,random-32-32-20-random-1.scen,380
380,random-32-32-20.map,planner,1,38342,8392,346,53,26343,8392,2369,0,100,False,random-32-32-20-random-1.scen,380
380,random-32-32-20.map,planner,1,66350,8392,577,53,35187,8392,5707,0,100,True,random-32-32-20-random-1.scen,380
380,random-32-32-20.map,planner,1,38342,8392,346,53,26343,8392,2399,0,1000,False,random-32-32-20-random-1.scen,380
380,random-32-32-20.map,planner,1,79281,8392,601,53,40771,8392,59789,0,1000,True,random-32-32-20-random-1.scen,380
380,random-32-32-20.map,planner,1,79281,8392,601,53,40771,8392,59789,0,0,False,random-32-32-20-random-1.scen,420
380,random-32-32-20.map,planner,1,79281,8392,601,53,40771,8392,59789,0,0,True,random-32-32-20-random-1.scen,420
380,random-32-32-20.map,planner,1,79281,8392,601,53,40771,8392,59789,0,1,False,random-32-32-20-random-1.scen,420
380,random-32-32-20.map,planner,1,79281,8392,601,53,40771,8392,59789,0,1,True,random-32-32-20-random-1.scen,420
380,random-32-32-20.map,planner,1,79281,8392,601,53,40771,8392,59789,0,10,False,random-32-32-20-random-1.scen,420
380,random-32-32-20.map,planner,1,79281,8392,601,53,40771,8392,59789,0,10,True,random-32-32-20-random-1.scen,420
380,random-32-32-20.map,planner,1,79281,8392,601,53,40771,8392,59789,0,100,False,random-32-32-20-random-1.scen,420
380,random-32-32-20.map,planner,1,79281,8392,601,53,40771,8392,59789,0,100,True,random-32-32-20-random-1.scen,420
380,random-32-32-20.map,planner,1,79281,8392,601,53,40771,8392,59789,0,1000,False,random-32-32-20-random-1.scen,420
380,random-32-32-20.map,planner,1,79281,8392,601,53,40771,8392,59789,0,1000,True,random-32-32-20-random-1.scen,420
380,random-32-32-20.map,planner,1,79281,8392,601,53,40771,8392,59789,0,0,False,random-32-32-20-random-1.scen,460
380,random-32-32-20.map,planner,1,79281,8392,601,53,40771,8392,59789,0,0,True,random-32-32-20-random-1.scen,460
380,random-32-32-20.map,planner,1,79281,8392,601,53,40771,8392,59789,0,1,False,random-32-32-20-random-1.scen,460
380,random-32-32-20.map,planner,1,79281,8392,601,53,40771,8392,59789,0,1,True,random-32-32-20-random-1.scen,460
380,random-32-32-20.map,planner,1,79281,8392,601,53,40771,8392,59789,0,10,False,random-32-32-20-random-1.scen,460
380,random-32-32-20.map,planner,1,79281,8392,601,53,40771,8392,59789,0,10,True,random-32-32-20-random-1.scen,460
380,random-32-32-20.map,planner,1,79281,8392,601,53,40771,8392,59789,0,100,False,random-32-32-20-random-1.scen,460
380,random-32-32-20.map,planner,1,79281,8392,601,53,40771,8392,59789,0,100,True,random-32-32-20-random-1.scen,460
380,random-32-32-20.map,planner,1,79281,8392,601,53,40771,8392,59789,0,1000,False,random-32-32-20-random-1.scen,460
380,random-32-32-20.map,planner,1,79281,8392,601,53,40771,8392,59789,0,1000,True,random-32-32-20-random-1.scen,460
380,random-32-32-20.map,planner,1,79281,8392,601,53,40771,8392,59789,0,0,False,random-32-32-20-random-1.scen,500
380,random-32-32-20.map,planner,1,79281,8392,601,53,40771,8392,59789,0,0,True,random-32-32-20-random-1.scen,500
380,random-32-32-20.map,planner,1,79281,8392,601,53,40771,8392,59789,0,1,False,random-32-32-20-random-1.scen,500
380,random-32-32-20.map,planner,1,79281,8392,601,53,40771,8392,59789,0,1,True,random-32-32-20-random-1.scen,500
380,random-32-32-20.map,planner,1,79281,8392,601,53,40771,8392,59789,0,10,False,random-32-32-20-random-1.scen,500
380,random-32-32-20.map,planner,1,79281,8392,601,53,40771,8392,59789,0,10,True,random-32-32-20-random-1.scen,500
380,random-32-32-20.map,planner,1,79281,8392,601,53,40771,8392,59789,0,100,False,random-32-32-20-random-1.scen,500
380,random-32-32-20.map,planner,1,79281,8392,601,53,40771,8392,59789,0,100,True,random-32-32-20-random-1.scen,500
380,random-32-32-20.map,planner,1,79281,8392,601,53,40771,8392,59789,0,1000,False,random-32-32-20-random-1.scen,500
380,random-32-32-20.map,planner,1,79281,8392,601,53,40771,8392,59789,0,1000,True,random-32-32-20-random-1.scen,500
380,random-32-32-20.map,planner,1,79281,8392,601,53,40771,8392,59789,0,0,False,random-32-32-20-random-1.scen,540
380,random-32-32-20.map,planner,1,79281,8392,601,53,40771,8392,59789,0,0,True,random-32-32-20-random-1.scen,540
380,random-32-32-20.map,planner,1,79281,8392,601,53,40771,8392,59789,0,1,False,random-32-32-20-random-1.scen,540
380,random-32-32-20.map,planner,1,79281,8392,601,53,40771,8392,59789,0,1,True,random-32-32-20-random-1.scen,540
380,random-32-32-20.map,planner,1,79281,8392,601,53,40771,8392,59789,0,10,False,random-32-32-20-random-1.scen,540
380,random-32-32-20.map,planner,1,79281,8392,601,53,40771,8392,59789,0,10,True,random-32-32-20-random-1.scen,540
380,random-32-32-20.map,planner,1,79281,8392,601,53,40771,8392,59789,0,100,False,random-32-32-20-random-1.scen,540
380,random-32-32-20.map,planner,1,79281,8392,601,53,40771,8392,59789,0,100,True,random-32-32-20-random-1.scen,540
380,random-32-32-20.map,planner,1,79281,8392,601,53,40771,8392,59789,0,1000,False,random-32-32-20-random-1.scen,540
380,random-32-32-20.map,planner,1,79281,8392,601,53,40771,8392,59789,0,1000,True,random-32-32-20-random-1.scen,540
380,random-32-32-20.map,planner,1,79281,8392,601,53,40771,8392,59789,0,0,False,random-32-32-20-random-1.scen,580
380,random-32-32-20.map,planner,1,79281,8392,601,53,40771,8392,59789,0,0,True,random-32-32-20-random-1.scen,580
380,random-32-32-20.map,planner,1,79281,8392,601,53,40771,8392,59789,0,1,False,random-32-32-20-random-1.scen,580
380,random-32-32-20.map,planner,1,79281,8392,601,53,40771,8392,59789,0,1,True,random-32-32-20-random-1.scen,580
380,random-32-32-20.map,planner,1,79281,8392,601,53,40771,8392,59789,0,10,False,random-32-32-20-random-1.scen,580
380,random-32-32-20.map,planner,1,79281,8392,601,53,40771,8392,59789,0,10,True,random-32-32-20-random-1.scen,580
380,random-32-32-20.map,planner,1,79281,8392,601,53,40771,8392,59789,0,100,False,random-32-32-20-random-1.scen,580
380,random-32-32-20.map,planner,1,79281,8392,601,53,40771,8392,59789,0,100,True,random-32-32-20-random-1.scen,580
380,random-32-32-20.map,planner,1,79281,8392,601,53,40771,8392,59789,0,1000,False,random-32-32-20-random-1.scen,580
380,random-32-32-20.map,planner,1,79281,8392,601,53,40771,8392,59789,0,1000,True,random-32-32-20-random-1.scen,580
380,random-32-32-20.map,planner,1,79281,8392,601,53,40771,8392,59789,0,0,False,random-32-32-20-random-1.scen,620
380,random-32-32-20.map,planner,1,79281,8392,601,53,40771,8392,59789,0,0,True,random-32-32-20-random-1.scen,620
380,random-32-32-20.map,planner,1,79281,8392,601,53,40771,8392,59789,0,1,False,random-32-32-20-random-1.scen,620
380,random-32-32-20.map,planner,1,79281,8392,601,53,40771,8392,59789,0,1,True,random-32-32-20-random-1.scen,620
380,random-32-32-20.map,planner,1,79281,8392,601,53,40771,8392,59789,0,10,False,random-32-32-20-random-1.scen,620
380,random-32-32-20.map,planner,1,79281,8392,601,53,40771,8392,59789,0,10,True,random-32-32-20-random-1.scen,620
380,random-32-32-20.map,planner,1,79281,8392,601,53,40771,8392,59789,0,100,False,random-32-32-20-random-1.scen,620
380,random-32-32-20.map,planner,1,79281,8392,601,53,40771,8392,59789,0,100,True,random-32-32-20-random-1.scen,620
380,random-32-32-20.map,planner,1,79281,8392,601,53,40771,8392,59789,0,1000,False,random-32-32-20-random-1.scen,620
380,random-32-32-20.map,planner,1,79281,8392,601,53,40771,8392,59789,0,1000,True,random-32-32-20-random-1.scen,620
380,random-32-32-20.map,planner,1,79281,8392,601,53,40771,8392,59789,0,0,False,random-32-32-20-random-1.scen,660
380,random-32-32-20.map,planner,1,79281,8392,601,53,40771,8392,59789,0,0,True,random-32-32-20-random-1.scen,660
380,random-32-32-20.map,planner,1,79281,8392,601,53,40771,8392,59789,0,1,False,random-32-32-20-random-1.scen,660
380,random-32-32-20.map,planner,1,79281,8392,601,53,40771,8392,59789,0,1,True,random-32-32-20-random-1.scen,660
380,random-32-32-20.map,planner,1,79281,8392,601,53,40771,8392,59789,0,10,False,random-32-32-20-random-1.scen,660
380,random-32-32-20.map,planner,1,79281,8392,601,53,40771,8392,59789,0,10,True,random-32-32-20-random-1.scen,660
380,random-32-32-20.map,planner,1,79281,8392,601,53,40771,8392,59789,0,100,False,random-32-32-20-random-1.scen,660
380,random-32-32-20.map,planner,1,79281,8392,601,53,40771,8392,59789,0,100,True,random-32-32-20-random-1.scen,660
380,random-32-32-20.map,planner,1,79281,8392,601,53,40771,8392,59789,0,1000,False,random-32-32-20-random-1.scen,660
380,random-32-32-20.map,planner,1,79281,8392,601,53,40771,8392,59789,0,1000,True,random-32-32-20-random-1.scen,660
380,random-32-32-20.map,planner,1,79281,8392,601,53,40771,8392,59789,0,0,False,random-32-32-20-random-1.scen,700
380,random-32-32-20.map,planner,1,79281,8392,601,53,40771,8392,59789,0,0,True,random-32-32-20-random-1.scen,700
380,random-32-32-20.map,planner,1,79281,8392,601,53,40771,8392,59789,0,1,False,random-32-32-20-random-1.scen,700
380,random-32-32-20.map,planner,1,79281,8392,601,53,40771,8392,59789,0,1,True,random-32-32-20-random-1.scen,700
380,random-32-32-20.map,planner,1,79281,8392,601,53,40771,8392,59789,0,10,False,random-32-32-20-random-1.scen,700
380,random-32-32-20.map,planner,1,79281,8392,601,53,40771,8392,59789,0,10,True,random-32-32-20-random-1.scen,700
380,random-32-32-20.map,planner,1,79281,8392,601,53,40771,8392,59789,0,100,False,random-32-32-20-random-1.scen,700
380,random-32-32-20.map,planner,1,79281,8392,601,53,40771,8392,59789,0,100,True,random-32-32-20-random-1.scen,700
380,random-32-32-20.map,planner,1,79281,8392,601,53,40771,8392,59789,0,1000,False,random-32-32-20-random-1.scen,700
380,random-32-32-20.map,planner,1,79281,8392,601,53,40771,8392,59789,0,1000,True,random-32-32-20-random-1.scen,700
380,random-32-32-20.map,planner,1,79281,8392,601,53,40771,8392,59789,0,0,False,random-32-32-20-random-1.scen,740
380,random-32-32-20.map,planner,1,79281,8392,601,53,40771,8392,59789,0,0,True,random-32-32-20-random-1.scen,740
380,random-32-32-20.map,planner,1,79281,8392,601,53,40771,8392,59789,0,1,False,random-32-32-20-random-1.scen,740
380,random-32-32-20.map,planner,1,79281,8392,601,53,40771,8392,59789,0,1,True,random-32-32-20-random-1.scen,740
380,random-32-32-20.map,planner,1,79281,8392,601,53,40771,8392,59789,0,10,False,random-32-32-20-random-1.scen,740
380,random-32-32-20.map,planner,1,79281,8392,601,53,40771,8392,59789,0,10,True,random-32-32-20-random-1.scen,740
380,random-32-32-20.map,planner,1,79281,8392,601,53,40771,8392,59789,0,100,False,random-32-32-20-random-1.scen,740
380,random-32-32-20.map,planner,1,79281,8392,601,53,40771,8392,59789,0,100,True,random-32-32-20-random-1.scen,740
380,random-32-32-20.map,planner,1,79281,8392,601,53,40771,8392,59789,0,1000,False,random-32-32-20-random-1.scen,740
380,random-32-32-20.map,planner,1,79281,8392,601,53,40771,8392,59789,0,1000,True,random-32-32-20-random-1.scen,740
380,random-32-32-20.map,planner,1,79281,8392,601,53,40771,8392,59789,0,0,False,random-32-32-20-random-1.scen,780
380,random-32-32-20.map,planner,1,79281,8392,601,53,40771,8392,59789,0,0,True,random-32-32-20-random-1.scen,780
380,random-32-32-20.map,planner,1,79281,8392,601,53,40771,8392,59789,0,1,False,random-32-32-20-random-1.scen,780
380,random-32-32-20.map,planner,1,79281,8392,601,53,40771,8392,59789,0,1,True,random-32-32-20-random-1.scen,780
380,random-32-32-20.map,planner,1,79281,8392,601,53,40771,8392,59789,0,10,False,random-32-32-20-random-1.scen,780
380,random-32-32-20.map,planner,1,79281,8392,601,53,40771,8392,59789,0,10,True,random-32-32-20-random-1.scen,780
380,random-32-32-20.map,planner,1,79281,8392,601,53,40771,8392,59789,0,100,False,random-32-32-20-random-1.scen,780
380,random-32-32-20.map,planner,1,79281,8392,601,53,40771,8392,59789,0,100,True,random-32-32-20-random-1.scen,780
380,random-32-32-20.map,planner,1,79281,8392,601,53,40771,8392,59789,0,1000,False,random-32-32-20-random-1.scen,780
380,random-32-32-20.map,planner,1,79281,8392,601,53,40771,8392,59789,0,1000,True,random-32-32-20-random-1.scen,780
380,random-32-32-20.map,planner,1,79281,8392,601,53,40771,8392,59789,0,0,False,random-32-32-20-random-1.scen,820
380,random-32-32-20.map,planner,1,79281,8392,601,53,40771,8392,59789,0,0,True,random-32-32-20-random-1.scen,820
380,random-32-32-20.map,planner,1,79281,8392,601,53,40771,8392,59789,0,1,False,random-32-32-20-random-1.scen,820
380,random-32-32-20.map,planner,1,79281,8392,601,53,40771,8392,59789,0,1,True,random-32-32-20-random-1.scen,820
380,random-32-32-20.map,planner,1,79281,8392,601,53,40771,8392,59789,0,10,False,random-32-32-20-random-1.scen,820
380,random-32-32-20.map,planner,1,79281,8392,601,53,40771,8392,59789,0,10,True,random-32-32-20-random-1.scen,820
380,random-32-32-20.map,planner,1,79281,8392,601,53,40771,8392,59789,0,100,False,random-32-32-20-random-1.scen,820
380,random-32-32-20.map,planner,1,79281,8392,601,53,40771,8392,59789,0,100,True,random-32-32-20-random-1.scen,820
380,random-32-32-20.map,planner,1,79281,8392,601,53,40771,8392,59789,0,1000,False,random-32-32-20-random-1.scen,820
380,random-32-32-20.map,planner,1,79281,8392,601,53,40771,8392,59789,0,1000,True,random-32-32-20-random-1.scen,820
380,random-32-32-20.map,planner,1,79281,8392,601,53,40771,8392,59789,0,0,False,random-32-32-20-random-1.scen,860
380,random-32-32-20.map,planner,1,79281,8392,601,53,40771,8392,59789,0,0,True,random-32-32-20-random-1.scen,860
380,random-32-32-20.map,planner,1,79281,8392,601,53,40771,8392,59789,0,1,False,random-32-32-20-random-1.scen,860
380,random-32-32-20.map,planner,1,79281,8392,601,53,40771,8392,59789,0,1,True,random-32-32-20-random-1.scen,860
380,random-32-32-20.map,planner,1,79281,8392,601,53,40771,8392,59789,0,10,False,random-32-32-20-random-1.scen,860
380,random-32-32-20.map,planner,1,79281,8392,601,53,40771,8392,59789,0,10,True,random-32-32-20-random-1.scen,860
380,random-32-32-20.map,planner,1,79281,8392,601,53,40771,8392,59789,0,100,False,random-32-32-20-random-1.scen,860
380,random-32-32-20.map,planner,1,79281,8392,601,53,40771,8392,59789,0,100,True,random-32-32-20-random-1.scen,860
380,random-32-32-20.map,planner,1,79281,8392,601,53,40771,8392,59789,0,1000,False,random-32-32-20-random-1.scen,860
380,random-32-32-20.map,planner,1,79281,8392,601,53,40771,8392,59789,0,1000,True,random-32-32-20-random-1.scen,860
380,random-32-32-20.map,planner,1,79281,8392,601,53,40771,8392,59789,0,0,False,random-32-32-20-random-1.scen,900
380,random-32-32-20.map,planner,1,79281,8392,601,53,40771,8392,59789,0,0,True,random-32-32-20-random-1.scen,900
380,random-32-32-20.map,planner,1,79281,8392,601,53,40771,8392,59789,0,1,False,random-32-32-20-random-1.scen,900
380,random-32-32-20.map,planner,1,79281,8392,601,53,40771,8392,59789,0,1,True,random-32-32-20-random-1.scen,900
380,random-32-32-20.map,planner,1,79281,8392,601,53,40771,8392,59789,0,10,False,random-32-32-20-random-1.scen,900
380,random-32-32-20.map,planner,1,79281,8392,601,53,40771,8392,59789,0,10,True,random-32-32-20-random-1.scen,900
380,random-32-32-20.map,planner,1,79281,8392,601,53,40771,8392,59789,0,100,False,random-32-32-20-random-1.scen,900
380,random-32-32-20.map,planner,1,79281,8392,601,53,40771,8392,59789,0,100,True,random-32-32-20-random-1.scen,900
380,random-32-32-20.map,planner,1,79281,8392,601,53,40771,8392,59789,0,1000,False,random-32-32-20-random-1.scen,900
380,random-32-32-20.map,planner,1,79281,8392,601,53,40771,8392,59789,0,1000,True,random-32-32-20-random-1.scen,900
380,random-32-32-20.map,planner,1,79281,8392,601,53,40771,8392,59789,0,0,False,random-32-32-20-random-1.scen,940
380,random-32-32-20.map,planner,1,79281,8392,601,53,40771,8392,59789,0,0,True,random-32-32-20-random-1.scen,940
380,random-32-32-20.map,planner,1,79281,8392,601,53,40771,8392,59789,0,1,False,random-32-32-20-random-1.scen,940
380,random-32-32-20.map,planner,1,79281,8392,601,53,40771,8392,59789,0,1,True,random-32-32-20-random-1.scen,940
380,random-32-32-20.map,planner,1,79281,8392,601,53,40771,8392,59789,0,10,False,random-32-32-20-random-1.scen,940
380,random-32-32-20.map,planner,1,79281,8392,601,53,40771,8392,59789,0,10,True,random-32-32-20-random-1.scen,940
380,random-32-32-20.map,planner,1,79281,8392,601,53,40771,8392,59789,0,100,False,random-32-32-20-random-1.scen,940
380,random-32-32-20.map,planner,1,79281,8392,601,53,40771,8392,59789,0,100,True,random-32-32-20-random-1.scen,940
380,random-32-32-20.map,planner,1,79281,8392,601,53,40771,8392,59789,0,1000,False,random-32-32-20-random-1.scen,940
380,random-32-32-20.map,planner,1,79281,8392,601,53,40771,8392,59789,0,1000,True,random-32-32-20-random-1.scen,940
380,random-32-32-20.map,planner,1,79281,8392,601,53,40771,8392,59789,0,0,False,random-32-32-20-random-1.scen,980
380,random-32-32-20.map,planner,1,79281,8392,601,53,40771,8392,59789,0,0,True,random-32-32-20-random-1.scen,980
380,random-32-32-20.map,planner,1,79281,8392,601,53,40771,8392,59789,0,1,False,random-32-32-20-random-1.scen,980
380,random-32-32-20.map,planner,1,79281,8392,601,53,40771,8392,59789,0,1,True,random-32-32-20-random-1.scen,980
380,random-32-32-20.map,planner,1,79281,8392,601,53,40771,8392,59789,0,10,False,random-32-32-20-random-1.scen,980
380,random-32-32-20.map,planner,1,79281,8392,601,53,40771,8392,59789,0,10,True,random-32-32-20-random-1.scen,980
380,random-32-32-20.map,planner,1,79281,8392,601,53,40771,8392,59789,0,100,False,random-32-32-20-random-1.scen,980
380,random-32-32-20.map,planner,1,79281,8392,601,53,40771,8392,59789,0,100,True,random-32-32-20-random-1.scen,980
380,random-32-32-20.map,planner,1,79281,8392,601,53,40771,8392,59789,0,1000,False,random-32-32-20-random-1.scen,980
380,random-32-32-20.map,planner,1,79281,8392,601,53,40771,8392,59789,0,1000,True,random-32-32-20-random-1.scen,980
20,random-32-32-20.map,planner,1,505,481,39,39,505,481,0,0,0,False,random-32-32-20-random-6.scen,20
20,random-32-32-20.map,planner,1,505,481,39,39,505,481,0,0,0,True,random-32-32-20-random-6.scen,20
20,random-32-32-20.map,planner,1,505,481,39,39,505,481,0,0,1,False,random-32-32-20-random-6.scen,20
20,random-32-32-20.map,planner,1,505,481,39,39,505,481,0,0,1,True,random-32-32-20-random-6.scen,20
20,random-32-32-20.map,planner,1,505,481,39,39,505,481,0,0,10,False,random-32-32-20-random-6.scen,20
20,random-32-32-20.map,planner,1,505,481,39,39,505,481,0,0,10,True,random-32-32-20-random-6.scen,20
20,random-32-32-20.map,planner,1,505,481,39,39,505,481,0,0,100,False,random-32-32-20-random-6.scen,20
20,random-32-32-20.map,planner,1,505,481,39,39,505,481,0,0,100,True,random-32-32-20-random-6.scen,20
20,random-32-32-20.map,planner,1,505,481,39,39,505,481,0,0,1000,False,random-32-32-20-random-6.scen,20
20,random-32-32-20.map,planner,1,505,481,39,39,505,481,0,0,1000,True,random-32-32-20-random-6.scen,20
60,random-32-32-20.map,planner,1,1749,1394,46,46,1577,1394,1,0,0,False,random-32-32-20-random-6.scen,60
60,random-32-32-20.map,planner,1,1749,1394,46,46,1577,1394,1,0,0,True,random-32-32-20-random-6.scen,60
60,random-32-32-20.map,planner,1,1749,1394,46,46,1577,1394,1,0,1,False,random-32-32-20-random-6.scen,60
60,random-32-32-20.map,planner,1,1632,1394,46,46,1538,1394,1,0,1,True,random-32-32-20-random-6.scen,60
60,random-32-32-20.map,planner,1,1749,1394,46,46,1577,1394,1,0,10,False,random-32-32-20-random-6.scen,60
60,random-32-32-20.map,planner,1,1632,1394,46,46,1538,1394,1,0,10,True,random-32-32-20-random-6.scen,60
60,random-32-32-20.map,planner,1,1749,1394,46,46,1577,1394,1,0,100,False,random-32-32-20-random-6.scen,60
60,random-32-32-20.map,planner,1,1632,1394,46,46,1538,1394,1,0,100,True,random-32-32-20-random-6.scen,60
60,random-32-32-20.map,planner,1,1749,1394,46,46,1577,1394,1,0,1000,False,random-32-32-20-random-6.scen,60
60,random-32-32-20.map,planner,1,1632,1394,46,46,1538,1394,1,0,1000,True,random-32-32-20-random-6.scen,60
100,random-32-32-20.map,planner,1,3355,2283,62,53,2959,2283,2,0,0,False,random-32-32-20-random-6.scen,100
100,random-32-32-20.map,planner,1,3355,2283,62,53,2959,2283,2,0,0,True,random-32-32-20-random-6.scen,100
100,random-32-32-20.map,planner,1,3355,2283,62,53,2959,2283,2,0,1,False,random-32-32-20-random-6.scen,100
100,random-32-32-20.map,planner,1,3112,2283,53,53,2755,2283,2,0,1,True,random-32-32-20-random-6.scen,100
100,random-32-32-20.map,planner,1,3355,2283,62,53,2959,2283,2,0,10,False,random-32-32-20-random-6.scen,100
100,random-32-32-20.map,planner,1,3105,2283,53,53,2774,2283,6,0,10,True,random-32-32-20-random-6.scen,100
100,random-32-32-20.map,planner,1,3355,2283,62,53,2959,2283,2,0,100,False,random-32-32-20-random-6.scen,100
100,random-32-32-20.map,planner,1,3075,2283,53,53,2754,2283,6,0,100,True,random-32-32-20-random-6.scen,100
100,random-32-32-20.map,planner,1,3355,2283,62,53,2959,2283,2,0,1000,False,random-32-32-20-random-6.scen,100
100,random-32-32-20.map,planner,1,3075,2283,53,53,2754,2283,6,0,1000,True,random-32-32-20-random-6.scen,100
140,random-32-32-20.map,planner,1,4950,3116,57,53,4390,3116,2,0,0,False,random-32-32-20-random-6.scen,140
140,random-32-32-20.map,planner,1,4950,3116,57,53,4390,3116,2,0,0,True,random-32-32-20-random-6.scen,140
140,random-32-32-20.map,planner,1,4950,3116,57,53,4390,3116,2,0,1,False,random-32-32-20-random-6.scen,140
140,random-32-32-20.map,planner,1,4876,3116,71,53,4193,3116,8,0,1,True,random-32-32-20-random-6.scen,140
140,random-32-32-20.map,planner,1,4950,3116,57,53,4390,3116,2,0,10,False,random-32-32-20-random-6.scen,140
140,random-32-32-20.map,planner,1,5113,3116,86,53,4381,3116,57,0,10,True,random-32-32-20-random-6.scen,140
140,random-32-32-20.map,planner,1,4950,3116,57,53,4390,3116,2,0,100,False,random-32-32-20-random-6.scen,140
140,random-32-32-20.map,planner,1,4801,3116,62,53,4193,3116,304,0,100,True,random-32-32-20-random-6.scen,140
140,random-32-32-20.map,planner,1,4950,3116,57,53,4390,3116,2,0,1000,False,random-32-32-20-random-6.scen,140
140,random-32-32-20.map,planner,1,5152,3116,66,53,4419,3116,1897,0,1000,True,random-32-32-20-random-6.scen,140
180,random-32-32-20.map,planner,1,7237,4030,61,53,6363,4030,3,0,0,False,random-32-32-20-random-6.scen,180
180,random-32-32-20.map,planner,1,7237,4030,61,53,6363,4030,3,0,0,True,random-32-32-20-random-6.scen,180
180,random-32-32-20.map,planner,1,7237,4030,61,53,6363,4030,3,0,1,False,random-32-32-20-random-6.scen,180
180,random-32-32-20.map,planner,1,7438,4030,87,53,6463,4030,18,0,1,True,random-32-32-20-random-6.scen,180
180,random-32-32-20.map,planner,1,7237,4030,61,53,6363,4030,3,0,10,False,random-32-32-20-random-6.scen,180
180,random-32-32-20.map,planner,1,7931,4030,101,53,6579,4030,136,0,10,True,random-32-32-20-random-6.scen,180
180,random-32-32-20.map,planner,1,7237,4030,61,53,6363,4030,3,0,100,False,random-32-32-20-random-6.scen,180
180,random-32-32-20.map,planner,1,10086,4030,181,53,7421,4030,1267,0,100,True,random-32-32-20-random-6.scen,180
180,random-32-32-20.map,planner,1,7237,4030,61,53,6363,4030,3,0,1000,False,random-32-32-20-random-6.scen,180
180,random-32-32-20.map,planner,1,7232,4030,86,53,6186,4030,10025,0,1000,True,random-32-32-20-random-6.scen,180
220,random-32-32-20.map,planner,1,9623,4866,73,53,8422,4866,4,0,0,False,random-32-32-20-random-6.scen,220
220,random-32-32-20.map,planner,1,9623,4866,73,53,8422,4866,5,0,0,True,random-32-32-20-random-6.scen,220
220,random-32-32-20.map,planner,1,9623,4866,73,53,8422,4866,4,0,1,False,random-32-32-20-random-6.scen,220
220,random-32-32-20.map,planner,1,11176,4866,118,53,8880,4866,29,0,1,True,random-32-32-20-random-6.scen,220
220,random-32-32-20.map,planner,1,9623,4866,73,53,8422,4866,4,0,10,False,random-32-32-20-random-6.scen,220
220,random-32-32-20.map,planner,1,9572,4866,102,53,8111,4866,136,0,10,True,random-32-32-20-random-6.scen,220
220,random-32-32-20.map,planner,1,9623,4866,73,53,8422,4866,4,0,100,False,random-32-32-20-random-6.scen,220
220,random-32-32-20.map,planner,1,12181,4866,162,53,9066,4866,1216,0,100,True,random-32-32-20-random-6.scen,220
220,random-32-32-20.map,planner,1,9623,4866,73,53,8422,4866,4,0,1000,False,random-32-32-20-random-6.scen,220
220,random-32-32-20.map,planner,1,10018,4866,117,53,8407,4866,15571,0,1000,True,random-32-32-20-random-6.scen,220
260,random-32-32-20.map,planner,1,13759,5847,104,53,11682,5847,1234,0,0,False,random-32-32-20-random-6.scen,260
260,random-32-32-20.map,planner,1,13759,5847,104,53,11682,5847,1149,0,0,True,random-32-32-20-random-6.scen,260
260,random-32-32-20.map,planner,1,13759,5847,104,53,11682,5847,1171,0,1,False,random-32-32-20-random-6.scen,260
260,random-32-32-20.map,planner,1,18028,5847,244,53,13746,5847,1019,0,1,True,random-32-32-20-random-6.scen,260
260,random-32-32-20.map,planner,1,13759,5847,104,53,11682,5847,1118,0,10,False,random-32-32-20-random-6.scen,260
260,random-32-32-20.map,planner,1,19725,5847,239,53,13673,5847,275,0,10,True,random-32-32-20-random-6.scen,260
260,random-32-32-20.map,planner,1,13759,5847,104,53,11682,5847,1108,0,100,False,random-32-32-20-random-6.scen,260
260,random-32-32-20.map,planner,1,19058,5847,260,53,13363,5847,4422,0,100,True,random-32-32-20-random-6.scen,260
260,random-32-32-20.map,planner,1,13759,5847,104,53,11682,5847,1124,0,1000,False,random-32-32-20-random-6.scen,260
260,random-32-32-20.map,planner,1,14295,5847,150,53,11631,5847,25792,0,1000,True,random-32-32-20-random-6.scen,260
300,random-32-32-20.map,planner,1,17811,6685,95,53,14836,6685,7,0,0,False,random-32-32-20-random-6.scen,300
300,random-32-32-20.map,planner,1,17811,6685,95,53,14836,6685,10,0,0,True,random-32-32-20-random-6.scen,300
300,random-32-32-20.map,planner,1,17811,6685,95,53,14836,6685,7,0,1,False,random-32-32-20-random-6.scen,300
300,random-32-32-20.map,planner,1,19852,6685,177,53,15485,6685,52,0,1,True,random-32-32-20-random-6.scen,300
300,random-32-32-20.map,planner,1,17811,6685,95,53,14836,6685,7,0,10,False,random-32-32-20-random-6.scen,300
300,random-32-32-20.map,planner,1,27550,6685,309,53,18111,6685,735,0,10,True,random-32-32-20-random-6.scen,300
300,random-32-32-20.map,planner,1,17811,6685,95,53,14836,6685,7,0,100,False,random-32-32-20-random-6.scen,300
300,random-32-32-20.map,planner,1,22902,6685,239,53,16702,6685,3545,0,100,True,random-32-32-20-random-6.scen,300
300,random-32-32-20.map,planner,1,17811,6685,95,53,14836,6685,7,0,1000,False,random-32-32-20-random-6.scen,300
300,random-32-32-20.map,planner,1,25802,6685,286,53,17520,6685,32790,0,1000,True,random-32-32-20-random-6.scen,300
340,random-32-32-20.map,planner,1,21144,7626,99,53,17655,7626,12,0,0,False,random-32-32-20-random-6.scen,340
340,random-32-32-20.map,planner,1,21144,7626,99,53,17655,7626,15,0,0,True,random-32-32-20-random-6.scen,340
340,random-32-32-20.map,planner,1,21144,7626,99,53,17655,7626,12,0,1,False,random-32-32-20-random-6.scen,340
340,random-32-32-20.map,planner,1,31837,7626,323,53,22473,7626,130,0,1,True,random-32-32-20-random-6.scen,340
340,random-32-32-20.map,planner,1,21144,7626,99,53,17655,7626,12,0,10,False,random-32-32-20-random-6.scen,340
340,random-32-32-20.map,planner,1,35595,7626,349,53,23458,7626,662,0,10,True,random-32-32-20-random-6.scen,340
340,random-32-32-20.map,planner,1,21144,7626,99,53,17655,7626,12,0,100,False,random-32-32-20-random-6.scen,340
340,random-32-32-20.map,planner,1,37022,7626,375,53,24635,7626,4322,0,100,True,random-32-32-20-random-6.scen,340
340,random-32-32-20.map,planner,1,21144,7626,99,53,17655,7626,12,0,1000,False,random-32-32-20-random-6.scen,340
340,random-32-32-20.map,planner,1,34586,7626,345,53,21751,7626,43882,0,1000,True,random-32-32-20-random-6.scen,340
380,random-32-32-20.map,planner,1,25947,8420,99,53,21661,8420,10,0,0,False,random-32-32-20-random-6.scen,380
380,random-32-32-20.map,planner,1,25947,8420,99,53,21661,8420,15,0,0,True,random-32-32-20-random-6.scen,380
380,random-32-32-20.map,planner,1,25947,8420,99,53,21661,8420,10,0,1,False,random-32-32-20-random-6.scen,380
380,random-32-32-20.map,planner,1,32209,8420,244,53,24143,8420,151,0,1,True,random-32-32-20-random-6.scen,380
380,random-32-32-20.map,planner,1,25947,8420,99,53,21661,8420,10,0,10,False,random-32-32-20-random-6.scen,380
380,random-32-32-20.map,planner,1,44246,8420,425,53,28465,8420,1047,0,10,True,random-32-32-20-random-6.scen,380
380,random-32-32-20.map,planner,1,25947,8420,99,53,21661,8420,10,0,100,False,random-32-32-20-random-6.scen,380
380,random-32-32-20.map,planner,1,49330,8420,419,53,31324,8420,6853,0,100,True,random-32-32-20-random-6.scen,380
380,random-32-32-20.map,planner,1,25947,8420,99,53,21661,8420,10,0,1000,False,random-32-32-20-random-6.scen,380
380,random-32-32-20.map,planner,1,49358,8420,454,53,30364,8420,52497,0,1000,True,random-32-32-20-random-6.scen,380
380,random-32-32-20.map,planner,1,49358,8420,454,53,30364,8420,52497,0,0,False,random-32-32-20-random-6.scen,420
380,random-32-32-20.map,planner,1,49358,8420,454,53,30364,8420,52497,0,0,True,random-32-32-20-random-6.scen,420
380,random-32-32-20.map,planner,1,49358,8420,454,53,30364,8420,52497,0,1,False,random-32-32-20-random-6.scen,420
380,random-32-32-20.map,planner,1,49358,8420,454,53,30364,8420,52497,0,1,True,random-32-32-20-random-6.scen,420
380,random-32-32-20.map,planner,1,49358,8420,454,53,30364,8420,52497,0,10,False,random-32-32-20-random-6.scen,420
380,random-32-32-20.map,planner,1,49358,8420,454,53,30364,8420,52497,0,10,True,random-32-32-20-random-6.scen,420
380,random-32-32-20.map,planner,1,49358,8420,454,53,30364,8420,52497,0,100,False,random-32-32-20-random-6.scen,420
380,random-32-32-20.map,planner,1,49358,8420,454,53,30364,8420,52497,0,100,True,random-32-32-20-random-6.scen,420
380,random-32-32-20.map,planner,1,49358,8420,454,53,30364,8420,52497,0,1000,False,random-32-32-20-random-6.scen,420
380,random-32-32-20.map,planner,1,49358,8420,454,53,30364,8420,52497,0,1000,True,random-32-32-20-random-6.scen,420
380,random-32-32-20.map,planner,1,49358,8420,454,53,30364,8420,52497,0,0,False,random-32-32-20-random-6.scen,460
380,random-32-32-20.map,planner,1,49358,8420,454,53,30364,8420,52497,0,0,True,random-32-32-20-random-6.scen,460
380,random-32-32-20.map,planner,1,49358,8420,454,53,30364,8420,52497,0,1,False,random-32-32-20-random-6.scen,460
380,random-32-32-20.map,planner,1,49358,8420,454,53,30364,8420,52497,0,1,True,random-32-32-20-random-6.scen,460
380,random-32-32-20.map,planner,1,49358,8420,454,53,30364,8420,52497,0,10,False,random-32-32-20-random-6.scen,460
380,random-32-32-20.map,planner,1,49358,8420,454,53,30364,8420,52497,0,10,True,random-32-32-20-random-6.scen,460
380,random-32-32-20.map,planner,1,49358,8420,454,53,30364,8420,52497,0,100,False,random-32-32-20-random-6.scen,460
380,random-32-32-20.map,planner,1,49358,8420,454,53,30364,8420,52497,0,100,True,random-32-32-20-random-6.scen,460
380,random-32-32-20.map,planner,1,49358,8420,454,53,30364,8420,52497,0,1000,False,random-32-32-20-random-6.scen,460
380,random-32-32-20.map,planner,1,49358,8420,454,53,30364,8420,52497,0,1000,True,random-32-32-20-random-6.scen,460
380,random-32-32-20.map,planner,1,49358,8420,454,53,30364,8420,52497,0,0,False,random-32-32-20-random-6.scen,500
380,random-32-32-20.map,planner,1,49358,8420,454,53,30364,8420,52497,0,0,True,random-32-32-20-random-6.scen,500
380,random-32-32-20.map,planner,1,49358,8420,454,53,30364,8420,52497,0,1,False,random-32-32-20-random-6.scen,500
380,random-32-32-20.map,planner,1,49358,8420,454,53,30364,8420,52497,0,1,True,random-32-32-20-random-6.scen,500
380,random-32-32-20.map,planner,1,49358,8420,454,53,30364,8420,52497,0,10,False,random-32-32-20-random-6.scen,500
380,random-32-32-20.map,planner,1,49358,8420,454,53,30364,8420,52497,0,10,True,random-32-32-20-random-6.scen,500
380,random-32-32-20.map,planner,1,49358,8420,454,53,30364,8420,52497,0,100,False,random-32-32-20-random-6.scen,500
380,random-32-32-20.map,planner,1,49358,8420,454,53,30364,8420,52497,0,100,True,random-32-32-20-random-6.scen,500
380,random-32-32-20.map,planner,1,49358,8420,454,53,30364,8420,52497,0,1000,False,random-32-32-20-random-6.scen,500
380,random-32-32-20.map,planner,1,49358,8420,454,53,30364,8420,52497,0,1000,True,random-32-32-20-random-6.scen,500
380,random-32-32-20.map,planner,1,49358,8420,454,53,30364,8420,52497,0,0,False,random-32-32-20-random-6.scen,540
380,random-32-32-20.map,planner,1,49358,8420,454,53,30364,8420,52497,0,0,True,random-32-32-20-random-6.scen,540
380,random-32-32-20.map,planner,1,49358,8420,454,53,30364,8420,52497,0,1,False,random-32-32-20-random-6.scen,540
380,random-32-32-20.map,planner,1,49358,8420,454,53,30364,8420,52497,0,1,True,random-32-32-20-random-6.scen,540
380,random-32-32-20.map,planner,1,49358,8420,454,53,30364,8420,52497,0,10,False,random-32-32-20-random-6.scen,540
380,random-32-32-20.map,planner,1,49358,8420,454,53,30364,8420,52497,0,10,True,random-32-32-20-random-6.scen,540
380,random-32-32-20.map,planner,1,49358,8420,454,53,30364,8420,52497,0,100,False,random-32-32-20-random-6.scen,540
380,random-32-32-20.map,planner,1,49358,8420,454,53,30364,8420,52497,0,100,True,random-32-32-20-random-6.scen,540
380,random-32-32-20.map,planner,1,49358,8420,454,53,30364,8420,52497,0,1000,False,random-32-32-20-random-6.scen,540
380,random-32-32-20.map,planner,1,49358,8420,454,53,30364,8420,52497,0,1000,True,random-32-32-20-random-6.scen,540
380,random-32-32-20.map,planner,1,49358,8420,454,53,30364,8420,52497,0,0,False,random-32-32-20-random-6.scen,580
380,random-32-32-20.map,planner,1,49358,8420,454,53,30364,8420,52497,0,0,True,random-32-32-20-random-6.scen,580
380,random-32-32-20.map,planner,1,49358,8420,454,53,30364,8420,52497,0,1,False,random-32-32-20-random-6.scen,580
380,random-32-32-20.map,planner,1,49358,8420,454,53,30364,8420,52497,0,1,True,random-32-32-20-random-6.scen,580
380,random-32-32-20.map,planner,1,49358,8420,454,53,30364,8420,52497,0,10,False,random-32-32-20-random-6.scen,580
380,random-32-32-20.map,planner,1,49358,8420,454,53,30364,8420,52497,0,10,True,random-32-32-20-random-6.scen,580
380,random-32-32-20.map,planner,1,49358,8420,454,53,30364,8420,52497,0,100,False,random-32-32-20-random-6.scen,580
380,random-32-32-20.map,planner,1,49358,8420,454,53,30364,8420,52497,0,100,True,random-32-32-20-random-6.scen,580
380,random-32-32-20.map,planner,1,49358,8420,454,53,30364,8420,52497,0,1000,False,random-32-32-20-random-6.scen,580
380,random-32-32-20.map,planner,1,49358,8420,454,53,30364,8420,52497,0,1000,True,random-32-32-20-random-6.scen,580
380,random-32-32-20.map,planner,1,49358,8420,454,53,30364,8420,52497,0,0,False,random-32-32-20-random-6.scen,620
380,random-32-32-20.map,planner,1,49358,8420,454,53,30364,8420,52497,0,0,True,random-32-32-20-random-6.scen,620
380,random-32-32-20.map,planner,1,49358,8420,454,53,30364,8420,52497,0,1,False,random-32-32-20-random-6.scen,620
380,random-32-32-20.map,planner,1,49358,8420,454,53,30364,8420,52497,0,1,True,random-32-32-20-random-6.scen,620
380,random-32-32-20.map,planner,1,49358,8420,454,53,30364,8420,52497,0,10,False,random-32-32-20-random-6.scen,620
380,random-32-32-20.map,planner,1,49358,8420,454,53,30364,8420,52497,0,10,True,random-32-32-20-random-6.scen,620
380,random-32-32-20.map,planner,1,49358,8420,454,53,30364,8420,52497,0,100,False,random-32-32-20-random-6.scen,620
380,random-32-32-20.map,planner,1,49358,8420,454,53,30364,8420,52497,0,100,True,random-32-32-20-random-6.scen,620
380,random-32-32-20.map,planner,1,49358,8420,454,53,30364,8420,52497,0,1000,False,random-32-32-20-random-6.scen,620
380,random-32-32-20.map,planner,1,49358,8420,454,53,30364,8420,52497,0,1000,True,random-32-32-20-random-6.scen,620
380,random-32-32-20.map,planner,1,49358,8420,454,53,30364,8420,52497,0,0,False,random-32-32-20-random-6.scen,660
380,random-32-32-20.map,planner,1,49358,8420,454,53,30364,8420,52497,0,0,True,random-32-32-20-random-6.scen,660
380,random-32-32-20.map,planner,1,49358,8420,454,53,30364,8420,52497,0,1,False,random-32-32-20-random-6.scen,660
380,random-32-32-20.map,planner,1,49358,8420,454,53,30364,8420,52497,0,1,True,random-32-32-20-random-6.scen,660
380,random-32-32-20.map,planner,1,49358,8420,454,53,30364,8420,52497,0,10,False,random-32-32-20-random-6.scen,660
380,random-32-32-20.map,planner,1,49358,8420,454,53,30364,8420,52497,0,10,True,random-32-32-20-random-6.scen,660
380,random-32-32-20.map,planner,1,49358,8420,454,53,30364,8420,52497,0,100,False,random-32-32-20-random-6.scen,660
380,random-32-32-20.map,planner,1,49358,8420,454,53,30364,8420,52497,0,100,True,random-32-32-20-random-6.scen,660
380,random-32-32-20.map,planner,1,49358,8420,454,53,30364,8420,52497,0,1000,False,random-32-32-20-random-6.scen,660
380,random-32-32-20.map,planner,1,49358,8420,454,53,30364,8420,52497,0,1000,True,random-32-32-20-random-6.scen,660
380,random-32-32-20.map,planner,1,49358,8420,454,53,30364,8420,52497,0,0,False,random-32-32-20-random-6.scen,700
380,random-32-32-20.map,planner,1,49358,8420,454,53,30364,8420,52497,0,0,True,random-32-32-20-random-6.scen,700
380,random-32-32-20.map,planner,1,49358,8420,454,53,30364,8420,52497,0,1,False,random-32-32-20-random-6.scen,700
380,random-32-32-20.map,planner,1,49358,8420,454,53,30364,8420,52497,0,1,True,random-32-32-20-random-6.scen,700
380,random-32-32-20.map,planner,1,49358,8420,454,53,30364,8420,52497,0,10,False,random-32-32-20-random-6.scen,700
380,random-32-32-20.map,planner,1,49358,8420,454,53,30364,8420,52497,0,10,True,random-32-32-20-random-6.scen,700
380,random-32-32-20.map,planner,1,49358,8420,454,53,30364,8420,52497,0,100,False,random-32-32-20-random-6.scen,700
380,random-32-32-20.map,planner,1,49358,8420,454,53,30364,8420,52497,0,100,True,random-32-32-20-random-6.scen,700
380,random-32-32-20.map,planner,1,49358,8420,454,53,30364,8420,52497,0,1000,False,random-32-32-20-random-6.scen,700
380,random-32-32-20.map,planner,1,49358,8420,454,53,30364,8420,52497,0,1000,True,random-32-32-20-random-6.scen,700
380,random-32-32-20.map,planner,1,49358,8420,454,53,30364,8420,52497,0,0,False,random-32-32-20-random-6.scen,740
380,random-32-32-20.map,planner,1,49358,8420,454,53,30364,8420,52497,0,0,True,random-32-32-20-random-6.scen,740
380,random-32-32-20.map,planner,1,49358,8420,454,53,30364,8420,52497,0,1,False,random-32-32-20-random-6.scen,740
380,random-32-32-20.map,planner,1,49358,8420,454,53,30364,8420,52497,0,1,True,random-32-32-20-random-6.scen,740
380,random-32-32-20.map,planner,1,49358,8420,454,53,30364,8420,52497,0,10,False,random-32-32-20-random-6.scen,740
380,random-32-32-20.map,planner,1,49358,8420,454,53,30364,8420,52497,0,10,True,random-32-32-20-random-6.scen,740
380,random-32-32-20.map,planner,1,49358,8420,454,53,30364,8420,52497,0,100,False,random-32-32-20-random-6.scen,740
380,random-32-32-20.map,planner,1,49358,8420,454,53,30364,8420,52497,0,100,True,random-32-32-20-random-6.scen,740
380,random-32-32-20.map,planner,1,49358,8420,454,53,30364,8420,52497,0,1000,False,random-32-32-20-random-6.scen,740
380,random-32-32-20.map,planner,1,49358,8420,454,53,30364,8420,52497,0,1000,True,random-32-32-20-random-6.scen,740
380,random-32-32-20.map,planner,1,49358,8420,454,53,30364,8420,52497,0,0,False,random-32-32-20-random-6.scen,780
380,random-32-32-20.map,planner,1,49358,8420,454,53,30364,8420,52497,0,0,True,random-32-32-20-random-6.scen,780
380,random-32-32-20.map,planner,1,49358,8420,454,53,30364,8420,52497,0,1,False,random-32-32-20-random-6.scen,780
380,random-32-32-20.map,planner,1,49358,8420,454,53,30364,8420,52497,0,1,True,random-32-32-20-random-6.scen,780
380,random-32-32-20.map,planner,1,49358,8420,454,53,30364,8420,52497,0,10,False,random-32-32-20-random-6.scen,780
380,random-32-32-20.map,planner,1,49358,8420,454,53,30364,8420,52497,0,10,True,random-32-32-20-random-6.scen,780
380,random-32-32-20.map,planner,1,49358,8420,454,53,30364,8420,52497,0,100,False,random-32-32-20-random-6.scen,780
380,random-32-32-20.map,planner,1,49358,8420,454,53,30364,8420,52497,0,100,True,random-32-32-20-random-6.scen,780
380,random-32-32-20.map,planner,1,49358,8420,454,53,30364,8420,52497,0,1000,False,random-32-32-20-random-6.scen,780
380,random-32-32-20.map,planner,1,49358,8420,454,53,30364,8420,52497,0,1000,True,random-32-32-20-random-6.scen,780
380,random-32-32-20.map,planner,1,49358,8420,454,53,30364,8420,52497,0,0,False,random-32-32-20-random-6.scen,820
380,random-32-32-20.map,planner,1,49358,8420,454,53,30364,8420,52497,0,0,True,random-32-32-20-random-6.scen,820
380,random-32-32-20.map,planner,1,49358,8420,454,53,30364,8420,52497,0,1,False,random-32-32-20-random-6.scen,820
380,random-32-32-20.map,planner,1,49358,8420,454,53,30364,8420,52497,0,1,True,random-32-32-20-random-6.scen,820
380,random-32-32-20.map,planner,1,49358,8420,454,53,30364,8420,52497,0,10,False,random-32-32-20-random-6.scen,820
380,random-32-32-20.map,planner,1,49358,8420,454,53,30364,8420,52497,0,10,True,random-32-32-20-random-6.scen,820
380,random-32-32-20.map,planner,1,49358,8420,454,53,30364,8420,52497,0,100,False,random-32-32-20-random-6.scen,820
380,random-32-32-20.map,planner,1,49358,8420,454,53,30364,8420,52497,0,100,True,random-32-32-20-random-6.scen,820
380,random-32-32-20.map,planner,1,49358,8420,454,53,30364,8420,52497,0,1000,False,random-32-32-20-random-6.scen,820
380,random-32-32-20.map,planner,1,49358,8420,454,53,30364,8420,52497,0,1000,True,random-32-32-20-random-6.scen,820
380,random-32-32-20.map,planner,1,49358,8420,454,53,30364,8420,52497,0,0,False,random-32-32-20-random-6.scen,860
380,random-32-32-20.map,planner,1,49358,8420,454,53,30364,8420,52497,0,0,True,random-32-32-20-random-6.scen,860
380,random-32-32-20.map,planner,1,49358,8420,454,53,30364,8420,52497,0,1,False,random-32-32-20-random-6.scen,860
380,random-32-32-20.map,planner,1,49358,8420,454,53,30364,8420,52497,0,1,True,random-32-32-20-random-6.scen,860
380,random-32-32-20.map,planner,1,49358,8420,454,53,30364,8420,52497,0,10,False,random-32-32-20-random-6.scen,860
380,random-32-32-20.map,planner,1,49358,8420,454,53,30364,8420,52497,0,10,True,random-32-32-20-random-6.scen,860
380,random-32-32-20.map,planner,1,49358,8420,454,53,30364,8420,52497,0,100,False,random-32-32-20-random-6.scen,860
380,random-32-32-20.map,planner,1,49358,8420,454,53,30364,8420,52497,0,100,True,random-32-32-20-random-6.scen,860
380,random-32-32-20.map,planner,1,49358,8420,454,53,30364,8420,52497,0,1000,False,random-32-32-20-random-6.scen,860
380,random-32-32-20.map,planner,1,49358,8420,454,53,30364,8420,52497,0,1000,True,random-32-32-20-random-6.scen,860
380,random-32-32-20.map,planner,1,49358,8420,454,53,30364,8420,52497,0,0,False,random-32-32-20-random-6.scen,900
380,random-32-32-20.map,planner,1,49358,8420,454,53,30364,8420,52497,0,0,True,random-32-32-20-random-6.scen,900
380,random-32-32-20.map,planner,1,49358,8420,454,53,30364,8420,52497,0,1,False,random-32-32-20-random-6.scen,900
380,random-32-32-20.map,planner,1,49358,8420,454,53,30364,8420,52497,0,1,True,random-32-32-20-random-6.scen,900
380,random-32-32-20.map,planner,1,49358,8420,454,53,30364,8420,52497,0,10,False,random-32-32-20-random-6.scen,900
380,random-32-32-20.map,planner,1,49358,8420,454,53,30364,8420,52497,0,10,True,random-32-32-20-random-6.scen,900
380,random-32-32-20.map,planner,1,49358,8420,454,53,30364,8420,52497,0,100,False,random-32-32-20-random-6.scen,900
380,random-32-32-20.map,planner,1,49358,8420,454,53,30364,8420,52497,0,100,True,random-32-32-20-random-6.scen,900
380,random-32-32-20.map,planner,1,49358,8420,454,53,30364,8420,52497,0,1000,False,random-32-32-20-random-6.scen,900
380,random-32-32-20.map,planner,1,49358,8420,454,53,30364,8420,52497,0,1000,True,random-32-32-20-random-6.scen,900
380,random-32-32-20.map,planner,1,49358,8420,454,53,30364,8420,52497,0,0,False,random-32-32-20-random-6.scen,940
380,random-32-32-20.map,planner,1,49358,8420,454,53,30364,8420,52497,0,0,True,random-32-32-20-random-6.scen,940
380,random-32-32-20.map,planner,1,49358,8420,454,53,30364,8420,52497,0,1,False,random-32-32-20-random-6.scen,940
380,random-32-32-20.map,planner,1,49358,8420,454,53,30364,8420,52497,0,1,True,random-32-32-20-random-6.scen,940
380,random-32-32-20.map,planner,1,49358,8420,454,53,30364,8420,52497,0,10,False,random-32-32-20-random-6.scen,940
380,random-32-32-20.map,planner,1,49358,8420,454,53,30364,8420,52497,0,10,True,random-32-32-20-random-6.scen,940
380,random-32-32-20.map,planner,1,49358,8420,454,53,30364,8420,52497,0,100,False,random-32-32-20-random-6.scen,940
380,random-32-32-20.map,planner,1,49358,8420,454,53,30364,8420,52497,0,100,True,random-32-32-20-random-6.scen,940
380,random-32-32-20.map,planner,1,49358,8420,454,53,30364,8420,52497,0,1000,False,random-32-32-20-random-6.scen,940
380,random-32-32-20.map,planner,1,49358,8420,454,53,30364,8420,52497,0,1000,True,random-32-32-20-random-6.scen,940
380,random-32-32-20.map,planner,1,49358,8420,454,53,30364,8420,52497,0,0,False,random-32-32-20-random-6.scen,980
380,random-32-32-20.map,planner,1,49358,8420,454,53,30364,8420,52497,0,0,True,random-32-32-20-random-6.scen,980
380,random-32-32-20.map,planner,1,49358,8420,454,53,30364,8420,52497,0,1,False,random-32-32-20-random-6.scen,980
380,random-32-32-20.map,planner,1,49358,8420,454,53,30364,8420,52497,0,1,True,random-32-32-20-random-6.scen,980
380,random-32-32-20.map,planner,1,49358,8420,454,53,30364,8420,52497,0,10,False,random-32-32-20-random-6.scen,980
380,random-32-32-20.map,planner,1,49358,8420,454,53,30364,8420,52497,0,10,True,random-32-32-20-random-6.scen,980
380,random-32-32-20.map,planner,1,49358,8420,454,53,30364,8420,52497,0,100,False,random-32-32-20-random-6.scen,980
380,random-32-32-20.map,planner,1,49358,8420,454,53,30364,8420,52497,0,100,True,random-32-32-20-random-6.scen,980
380,random-32-32-20.map,planner,1,49358,8420,454,53,30364,8420,52497,0,1000,False,random-32-32-20-random-6.scen,980
380,random-32-32-20.map,planner,1,49358,8420,454,53,30364,8420,52497,0,1000,True,random-32-32-20-random-6.scen,980
20,random-32-32-20.map,planner,1,459,391,45,45,437,391,0,0,0,False,random-32-32-20-random-10.scen,20
20,random-32-32-20.map,planner,1,459,391,45,45,437,391,0,0,0,True,random-32-32-20-random-10.scen,20
20,random-32-32-20.map,planner,1,459,391,45,45,437,391,0,0,1,False,random-32-32-20-random-10.scen,20
20,random-32-32-20.map,planner,1,459,391,45,45,437,391,0,0,1,True,random-32-32-20-random-10.scen,20
20,random-32-32-20.map,planner,1,459,391,45,45,437,391,0,0,10,False,random-32-32-20-random-10.scen,20
20,random-32-32-20.map,planner,1,459,391,45,45,437,391,0,0,10,True,random-32-32-20-random-10.scen,20
20,random-32-32-20.map,planner,1,459,391,45,45,437,391,0,0,100,False,random-32-32-20-random-10.scen,20
20,random-32-32-20.map,planner,1,459,391,45,45,437,391,0,0,100,True,random-32-32-20-random-10.scen,20
20,random-32-32-20.map,planner,1,459,391,45,45,437,391,0,0,1000,False,random-32-32-20-random-10.scen,20
20,random-32-32-20.map,planner,1,459,391,45,45,437,391,0,0,1000,True,random-32-32-20-random-10.scen,20
60,random-32-32-20.map,planner,1,1597,1300,45,45,1521,1300,1,0,0,False,random-32-32-20-random-10.scen,60
60,random-32-32-20.map,planner,1,1597,1300,45,45,1521,1300,1,0,0,True,random-32-32-20-random-10.scen,60
60,random-32-32-20.map,planner,1,1597,1300,45,45,1521,1300,1,0,1,False,random-32-32-20-random-10.scen,60
60,random-32-32-20.map,planner,1,1602,1300,45,45,1490,1300,1,0,1,True,random-32-32-20-random-10.scen,60
60,random-32-32-20.map,planner,1,1597,1300,45,45,1521,1300,1,0,10,False,random-32-32-20-random-10.scen,60
60,random-32-32-20.map,planner,1,1602,1300,45,45,1490,1300,1,0,10,True,random-32-32-20-random-10.scen,60
60,random-32-32-20.map,planner,1,1597,1300,45,45,1521,1300,1,0,100,False,random-32-32-20-random-10.scen,60
60,random-32-32-20.map,planner,1,1602,1300,45,45,1490,1300,1,0,100,True,random-32-32-20-random-10.scen,60
60,random-32-32-20.map,planner,1,1597,1300,45,45,1521,1300,1,0,1000,False,random-32-32-20-random-10.scen,60
60,random-32-32-20.map,planner,1,1602,1300,45,45,1490,1300,1,0,1000,True,random-32-32-20-random-10.scen,60
100,random-32-32-20.map,planner,1,3022,2057,50,50,2697,2057,1,0,0,False,random-32-32-20-random-10.scen,100
100,random-32-32-20.map,planner,1,3022,2057,50,50,2697,2057,1,0,0,True,random-32-32-20-random-10.scen,100
100,random-32-32-20.map,planner,1,3022,2057,50,50,2697,2057,1,0,1,False,random-32-32-20-random-10.scen,100
100,random-32-32-20.map,planner,1,2893,2057,55,50,2581,2057,2,0,1,True,random-32-32-20-random-10.scen,100
100,random-32-32-20.map,planner,1,3022,2057,50,50,2697,2057,1,0,10,False,random-32-32-20-random-10.scen,100
100,random-32-32-20.map,planner,1,2893,2057,55,50,2581,2057,2,0,10,True,random-32-32-20-random-10.scen,100
100,random-32-32-20.map,planner,1,3022,2057,50,50,2697,2057,1,0,100,False,random-32-32-20-random-10.scen,100
100,random-32-32-20.map,planner,1,2893,2057,55,50,2581,2057,2,0,100,True,random-32-32-20-random-10.scen,100
100,random-32-32-20.map,planner,1,3022,2057,50,50,2697,2057,1,0,1000,False,random-32-32-20-random-10.scen,100
100,random-32-32-20.map,planner,1,2893,2057,55,50,2581,2057,2,0,1000,True,random-32-32-20-random-10.scen,100
140,random-32-32-20.map,planner,1,4462,2891,56,50,3984,2891,2,0,0,False,random-32-32-20-random-10.scen,140
140,random-32-32-20.map,planner,1,4462,2891,56,50,3984,2891,2,0,0,True,random-32-32-20-random-10.scen,140
140,random-32-32-20.map,planner,1,4462,2891,56,50,3984,2891,2,0,1,False,random-32-32-20-random-10.scen,140
140,random-32-32-20.map,planner,1,4400,2891,51,50,3846,2891,4,0,1,True,random-32-32-20-random-10.scen,140
140,random-32-32-20.map,planner,1,4462,2891,56,50,3984,2891,2,0,10,False,random-32-32-20-random-10.scen,140
140,random-32-32-20.map,planner,1,4555,2891,63,50,3952,2891,8,0,10,True,random-32-32-20-random-10.scen,140
140,random-32-32-20.map,planner,1,4462,2891,56,50,3984,2891,2,0,100,False,random-32-32-20-random-10.scen,140
140,random-32-32-20.map,planner,1,4552,2891,63,50,3899,2891,21,0,100,True,random-32-32-20-random-10.scen,140
140,random-32-32-20.map,planner,1,4462,2891,56,50,3984,2891,2,0,1000,False,random-32-32-20-random-10.scen,140
140,random-32-32-20.map,planner,1,4552,2891,63,50,3899,2891,21,0,1000,True,random-32-32-20-random-10.scen,140
180,random-32-32-20.map,planner,1,6699,3801,62,56,5870,3801,3,0,0,False,random-32-32-20-random-10.scen,180
180,random-32-32-20.map,planner,1,6699,3801,62,56,5870,3801,4,0,0,True,random-32-32-20-random-10.scen,180
180,random-32-32-20.map,planner,1,6699,3801,62,56,5870,3801,3,0,1,False,random-32-32-20-random-10.scen,180
180,random-32-32-20.map,planner,1,7518,3801,111,56,6191,3801,15,0,1,True,random-32-32-20-random-10.scen,180
180,random-32-32-20.map,planner,1,6699,3801,62,56,5870,3801,3,0,10,False,random-32-32-20-random-10.scen,180
180,random-32-32-20.map,planner,1,7264,3801,91,56,5810,3801,71,0,10,True,random-32-32-20-random-10.scen,180
180,random-32-32-20.map,planner,1,6699,3801,62,56,5870,3801,3,0,100,False,random-32-32-20-random-10.scen,180
180,random-32-32-20.map,planner,1,8070,3801,117,56,6511,3801,942,0,100,True,random-32-32-20-random-10.scen,180
180,random-32-32-20.map,planner,1,6699,3801,62,56,5870,3801,3,0,1000,False,random-32-32-20-random-10.scen,180
180,random-32-32-20.map,planner,1,6896,3801,84,56,5931,3801,8545,0,1000,True,random-32-32-20-random-10.scen,180
220,random-32-32-20.map,planner,1,9098,4676,67,56,8031,4676,4,0,0,False,random-32-32-20-random-10.scen,220
220,random-32-32-20.map,planner,1,9098,4676,67,56,8031,4676,4,0,0,True,random-32-32-20-random-10.scen,220
220,random-32-32-20.map,planner,1,9098,4676,67,56,8031,4676,4,0,1,False,random-32-32-20-random-10.scen,220
220,random-32-32-20.map,planner,1,11063,4676,140,56,8747,4676,26,0,1,True,random-32-32-20-random-10.scen,220
220,random-32-32-20.map,planner,1,9098,4676,67,56,8031,4676,4,0,10,False,random-32-32-20-random-10.scen,220
220,random-32-32-20.map,planner,1,10651,4676,133,56,8683,4676,133,0,10,True,random-32-32-20-random-10.scen,220
220,random-32-32-20.map,planner,1,9098,4676,67,56,8031,4676,4,0,100,False,random-32-32-20-random-10.scen,220
220,random-32-32-20.map,planner,1,11002,4676,136,56,8427,4676,1200,0,100,True,random-32-32-20-random-10.scen,220
220,random-32-32-20.map,planner,1,9098,4676,67,56,8031,4676,4,0,1000,False,random-32-32-20-random-10.scen,220
220,random-32-32-20.map,planner,1,10299,4676,116,56,8477,4676,9302,0,1000,True,random-32-32-20-random-10.scen,220
260,random-32-32-20.map,planner,1,12071,5514,79,56,10380,5514,5,0,0,False,random-32-32-20-random-10.scen,260
260,random-32-32-20.map,planner,1,12071,5514,79,56,10380,5514,6,0,0,True,random-32-32-20-random-10.scen,260
260,random-32-32-20.map,planner,1,12071,5514,79,56,10380,5514,5,0,1,False,random-32-32-20-random-10.scen,260
260,random-32-32-20.map,planner,1,13347,5514,115,56,10884,5514,32,0,1,True,random-32-32-20-random-10.scen,260
260,random-32-32-20.map,planner,1,12071,5514,79,56,10380,5514,5,0,10,False,random-32-32-20-random-10.scen,260
260,random-32-32-20.map,planner,1,18840,5514,212,56,12740,5514,204,0,10,True,random-32-32-20-random-10.scen,260
260,random-32-32-20.map,planner,1,12071,5514,79,56,10380,5514,5,0,100,False,random-32-32-20-random-10.scen,260
260,random-32-32-20.map,planner,1,15693,5514,154,56,11550,5514,1894,0,100,True,random-32-32-20-random-10.scen,260
260,random-32-32-20.map,planner,1,12071,5514,79,56,10380,5514,5,0,1000,False,random-32-32-20-random-10.scen,260
260,random-32-32-20.map,planner,1,15186,5514,162,56,11438,5514,19835,0,1000,True,random-32-32-20-random-10.scen,260
300,random-32-32-20.map,planner,1,16716,6375,98,56,13765,6375,7,0,0,False,random-32-32-20-random-10.scen,300
300,random-32-32-20.map,planner,1,16716,6375,98,56,13765,6375,9,0,0,True,random-32-32-20-random-10.scen,300
300,random-32-32-20.map,planner,1,16716,6375,98,56,13765,6375,7,0,1,False,random-32-32-20-random-10.scen,300
300,random-32-32-20.map,planner,1,19950,6375,174,56,14960,6375,52,0,1,True,random-32-32-20-random-10.scen,300
300,random-32-32-20.map,planner,1,16716,6375,98,56,13765,6375,7,0,10,False,random-32-32-20-random-10.scen,300
300,random-32-32-20.map,planner,1,29453,6375,330,56,19489,6375,377,0,10,True,random-32-32-20-random-10.scen,300
300,random-32-32-20.map,planner,1,16716,6375,98,56,13765,6375,7,0,100,False,random-32-32-20-random-10.scen,300
300,random-32-32-20.map,planner,1,28276,6375,304,56,18583,6375,2735,0,100,True,random-32-32-20-random-10.scen,300
300,random-32-32-20.map,planner,1,16716,6375,98,56,13765,6375,7,0,1000,False,random-32-32-20-random-10.scen,300
300,random-32-32-20.map,planner,1,19699,6375,183,56,15196,6375,27087,0,1000,True,random-32-32-20-random-10.scen,300
340,random-32-32-20.map,planner,1,22147,7329,136,56,18182,7329,157,0,0,False,random-32-32-20-random-10.scen,340
340,random-32-32-20.map,planner,1,22147,7329,136,56,18182,7329,163,0,0,True,random-32-32-20-random-10.scen,340
340,random-32-32-20.map,planner,1,22147,7329,136,56,18182,7329,154,0,1,False,random-32-32-20-random-10.scen,340
340,random-32-32-20.map,planner,1,26360,7329,200,56,19262,7329,81,0,1,True,random-32-32-20-random-10.scen,340
340,random-32-32-20.map,planner,1,22147,7329,136,56,18182,7329,153,0,10,False,random-32-32-20-random-10.scen,340
340,random-32-32-20.map,planner,1,34934,7329,322,56,23621,7329,853,0,10,True,random-32-32-20-random-10.scen,340
340,random-32-32-20.map,planner,1,22147,7329,136,56,18182,7329,153,0,100,False,random-32-32-20-random-10.scen,340
340,random-32-32-20.map,planner,1,33342,7329,318,56,22807,7329,4115,0,100,True,random-32-32-20-random-10.scen,340
340,random-32-32-20.map,planner,1,22147,7329,136,56,18182,7329,150,0,1000,False,random-32-32-20-random-10.scen,340
340,random-32-32-20.map,planner,1,48453,7329,499,56,29800,7329,34476,0,1000,True,random-32-32-20-random-10.scen,340
380,random-32-32-20.map,planner,1,26672,8148,203,56,21582,8148,1019,0,0,False,random-32-32-20-random-10.scen,380
380,random-32-32-20.map,planner,1,26672,8148,203,56,21582,8148,992,0,0,True,random-32-32-20-random-10.scen,380
380,random-32-32-20.map,planner,1,26672,8148,203,56,21582,8148,992,0,1,False,random-32-32-20-random-10.scen,380
380,random-32-32-20.map,planner,1,34317,8148,311,56,23473,8148,550,0,1,True,random-32-32-20-random-10.scen,380
380,random-32-32-20.map,planner,1,26672,8148,203,56,21582,8148,984,0,10,False,random-32-32-20-random-10.scen,380
380,random-32-32-20.map,planner,1,49465,8148,494,56,30794,8148,1770,0,10,True,random-32-32-20-random-10.scen,380
380,random-32-32-20.map,planner,1,26672,8148,203,56,21582,8148,1006,0,100,False,random-32-32-20-random-10.scen,380
380,random-32-32-20.map,planner,1,53357,8148,466,56,33408,8148,6231,0,100,True,random-32-32-20-random-10.scen,380
380,random-32-32-20.map,planner,1,26672,8148,203,56,21582,8148,1029,0,1000,False,random-32-32-20-random-10.scen,380
380,random-32-32-20.map,planner,1,48873,8148,423,56,30341,8148,42863,0,1000,True,random-32-32-20-random-10.scen,380
380,random-32-32-20.map,planner,1,48873,8148,423,56,30341,8148,42863,0,0,False,random-32-32-20-random-10.scen,420
380,random-32-32-20.map,planner,1,48873,8148,423,56,30341,8148,42863,0,0,True,random-32-32-20-random-10.scen,420
380,random-32-32-20.map,planner,1,48873,8148,423,56,30341,8148,42863,0,1,False,random-32-32-20-random-10.scen,420
380,random-32-32-20.map,planner,1,48873,8148,423,56,30341,8148,42863,0,1,True,random-32-32-20-random-10.scen,420
380,random-32-32-20.map,planner,1,48873,8148,423,56,30341,8148,42863,0,10,False,random-32-32-20-random-10.scen,420
380,random-32-32-20.map,planner,1,48873,8148,423,56,30341,8148,42863,0,10,True,random-32-32-20-random-10.scen,420
380,random-32-32-20.map,planner,1,48873,8148,423,56,30341,8148,42863,0,100,False,random-32-32-20-random-10.scen,420
380,random-32-32-20.map,planner,1,48873,8148,423,56,30341,8148,42863,0,100,True,random-32-32-20-random-10.scen,420
380,random-32-32-20.map,planner,1,48873,8148,423,56,30341,8148,42863,0,1000,False,random-32-32-20-random-10.scen,420
380,random-32-32-20.map,planner,1,48873,8148,423,56,30341,8148,42863,0,1000,True,random-32-32-20-random-10.scen,420
380,random-32-32-20.map,planner,1,48873,8148,423,56,30341,8148,42863,0,0,False,random-32-32-20-random-10.scen,460
380,random-32-32-20.map,planner,1,48873,8148,423,56,30341,8148,42863,0,0,True,random-32-32-20-random-10.scen,460
380,random-32-32-20.map,planner,1,48873,8148,423,56,30341,8148,42863,0,1,False,random-32-32-20-random-10.scen,460
380,random-32-32-20.map,planner,1,48873,8148,423,56,30341,8148,42863,0,1,True,random-32-32-20-random-10.scen,460
380,random-32-32-20.map,planner,1,48873,8148,423,56,30341,8148,42863,0,10,False,random-32-32-20-random-10.scen,460
380,random-32-32-20.map,planner,1,48873,8148,423,56,30341,8148,42863,0,10,True,random-32-32-20-random-10.scen,460
380,random-32-32-20.map,planner,1,48873,8148,423,56,30341,8148,42863,0,100,False,random-32-32-20-random-10.scen,460
380,random-32-32-20.map,planner,1,48873,8148,423,56,30341,8148,42863,0,100,True,random-32-32-20-random-10.scen,460
380,random-32-32-20.map,planner,1,48873,8148,423,56,30341,8148,42863,0,1000,False,random-32-32-20-random-10.scen,460
380,random-32-32-20.map,planner,1,48873,8148,423,56,30341,8148,42863,0,1000,True,random-32-32-20-random-10.scen,460
380,random-32-32-20.map,planner,1,48873,8148,423,56,30341,8148,42863,0,0,False,random-32-32-20-random-10.scen,500
380,random-32-32-20.map,planner,1,48873,8148,423,56,30341,8148,42863,0,0,True,random-32-32-20-random-10.scen,500
380,random-32-32-20.map,planner,1,48873,8148,423,56,30341,8148,42863,0,1,False,random-32-32-20-random-10.scen,500
380,random-32-32-20.map,planner,1,48873,8148,423,56,30341,8148,42863,0,1,True,random-32-32-20-random-10.scen,500
380,random-32-32-20.map,planner,1,48873,8148,423,56,30341,8148,42863,0,10,False,random-32-32-20-random-10.scen,500
380,random-32-32-20.map,planner,1,48873,8148,423,56,30341,8148,42863,0,10,True,random-32-32-20-random-10.scen,500
380,random-32-32-20.map,planner,1,48873,8148,423,56,30341,8148,42863,0,100,False,random-32-32-20-random-10.scen,500
380,random-32-32-20.map,planner,1,48873,8148,423,56,30341,8148,42863,0,100,True,random-32-32-20-random-10.scen,500
380,random-32-32-20.map,planner,1,48873,8148,423,56,30341,8148,42863,0,1000,False,random-32-32-20-random-10.scen,500
380,random-32-32-20.map,planner,1,48873,8148,423,56,30341,8148,42863,0,1000,True,random-32-32-20-random-10.scen,500
380,random-32-32-20.map,planner,1,48873,8148,423,56,30341,8148,42863,0,0,False,random-32-32-20-random-10.scen,540
380,random-32-32-20.map,planner,1,48873,8148,423,56,30341,8148,42863,0,0,True,random-32-32-20-random-10.scen,540
380,random-32-32-20.map,planner,1,48873,8148,423,56,30341,8148,42863,0,1,False,random-32-32-20-random-10.scen,540
380,random-32-32-20.map,planner,1,48873,8148,423,56,30341,8148,42863,0,1,True,random-32-32-20-random-10.scen,540
380,random-32-32-20.map,planner,1,48873,8148,423,56,30341,8148,42863,0,10,False,random-32-32-20-random-10.scen,540
380,random-32-32-20.map,planner,1,48873,8148,423,56,30341,8148,42863,0,10,True,random-32-32-20-random-10.scen,540
380,random-32-32-20.map,planner,1,48873,8148,423,56,30341,8148,42863,0,100,False,random-32-32-20-random-10.scen,540
380,random-32-32-20.map,planner,1,48873,8148,423,56,30341,8148,42863,0,100,True,random-32-32-20-random-10.scen,540
380,random-32-32-20.map,planner,1,48873,8148,423,56,30341,8148,42863,0,1000,False,random-32-32-20-random-10.scen,540
380,random-32-32-20.map,planner,1,48873,8148,423,56,30341,8148,42863,0,1000,True,random-32-32-20-random-10.scen,540
380,random-32-32-20.map,planner,1,48873,8148,423,56,30341,8148,42863,0,0,False,random-32-32-20-random-10.scen,580
380,random-32-32-20.map,planner,1,48873,8148,423,56,30341,8148,42863,0,0,True,random-32-32-20-random-10.scen,580
380,random-32-32-20.map,planner,1,48873,8148,423,56,30341,8148,42863,0,1,False,random-32-32-20-random-10.scen,580
380,random-32-32-20.map,planner,1,48873,8148,423,56,30341,8148,42863,0,1,True,random-32-32-20-random-10.scen,580
380,random-32-32-20.map,planner,1,48873,8148,423,56,30341,8148,42863,0,10,False,random-32-32-20-random-10.scen,580
380,random-32-32-20.map,planner,1,48873,8148,423,56,30341,8148,42863,0,10,True,random-32-32-20-random-10.scen,580
380,random-32-32-20.map,planner,1,48873,8148,423,56,30341,8148,42863,0,100,False,random-32-32-20-random-10.scen,580
380,random-32-32-20.map,planner,1,48873,8148,423,56,30341,8148,42863,0,100,True,random-32-32-20-random-10.scen,580
380,random-32-32-20.map,planner,1,48873,8148,423,56,30341,8148,42863,0,1000,False,random-32-32-20-random-10.scen,580
380,random-32-32-20.map,planner,1,48873,8148,423,56,30341,8148,42863,0,1000,True,random-32-32-20-random-10.scen,580
380,random-32-32-20.map,planner,1,48873,8148,423,56,30341,8148,42863,0,0,False,random-32-32-20-random-10.scen,620
380,random-32-32-20.map,planner,1,48873,8148,423,56,30341,8148,42863,0,0,True,random-32-32-20-random-10.scen,620
380,random-32-32-20.map,planner,1,48873,8148,423,56,30341,8148,42863,0,1,False,random-32-32-20-random-10.scen,620
380,random-32-32-20.map,planner,1,48873,8148,423,56,30341,8148,42863,0,1,True,random-32-32-20-random-10.scen,620
380,random-32-32-20.map,planner,1,48873,8148,423,56,30341,8148,42863,0,10,False,random-32-32-20-random-10.scen,620
380,random-32-32-20.map,planner,1,48873,8148,423,56,30341,8148,42863,0,10,True,random-32-32-20-random-10.scen,620
380,random-32-32-20.map,planner,1,48873,8148,423,56,30341,8148,42863,0,100,False,random-32-32-20-random-10.scen,620
380,random-32-32-20.map,planner,1,48873,8148,423,56,30341,8148,42863,0,100,True,random-32-32-20-random-10.scen,620
380,random-32-32-20.map,planner,1,48873,8148,423,56,30341,8148,42863,0,1000,False,random-32-32-20-random-10.scen,620
380,random-32-32-20.map,planner,1,48873,8148,423,56,30341,8148,42863,0,1000,True,random-32-32-20-random-10.scen,620
380,random-32-32-20.map,planner,1,48873,8148,423,56,30341,8148,42863,0,0,False,random-32-32-20-random-10.scen,660
380,random-32-32-20.map,planner,1,48873,8148,423,56,30341,8148,42863,0,0,True,random-32-32-20-random-10.scen,660
380,random-32-32-20.map,planner,1,48873,8148,423,56,30341,8148,42863,0,1,False,random-32-32-20-random-10.scen,660
380,random-32-32-20.map,planner,1,48873,8148,423,56,30341,8148,42863,0,1,True,random-32-32-20-random-10.scen,660
380,random-32-32-20.map,planner,1,48873,8148,423,56,30341,8148,42863,0,10,False,random-32-32-20-random-10.scen,660
380,random-32-32-20.map,planner,1,48873,8148,423,56,30341,8148,42863,0,10,True,random-32-32-20-random-10.scen,660
380,random-32-32-20.map,planner,1,48873,8148,423,56,30341,8148,42863,0,100,False,random-32-32-20-random-10.scen,660
380,random-32-32-20.map,planner,1,48873,8148,423,56,30341,8148,42863,0,100,True,random-32-32-20-random-10.scen,660
380,random-32-32-20.map,planner,1,48873,8148,423,56,30341,8148,42863,0,1000,False,random-32-32-20-random-10.scen,660
380,random-32-32-20.map,planner,1,48873,8148,423,56,30341,8148,42863,0,1000,True,random-32-32-20-random-10.scen,660
380,random-32-32-20.map,planner,1,48873,8148,423,56,30341,8148,42863,0,0,False,random-32-32-20-random-10.scen,700
380,random-32-32-20.map,planner,1,48873,8148,423,56,30341,8148,42863,0,0,True,random-32-32-20-random-10.scen,700
380,random-32-32-20.map,planner,1,48873,8148,423,56,30341,8148,42863,0,1,False,random-32-32-20-random-10.scen,700
380,random-32-32-20.map,planner,1,48873,8148,423,56,30341,8148,42863,0,1,True,random-32-32-20-random-10.scen,700
380,random-32-32-20.map,planner,1,48873,8148,423,56,30341,8148,42863,0,10,False,random-32-32-20-random-10.scen,700
380,random-32-32-20.map,planner,1,48873,8148,423,56,30341,8148,42863,0,10,True,random-32-32-20-random-10.scen,700
380,random-32-32-20.map,planner,1,48873,8148,423,56,30341,8148,42863,0,100,False,random-32-32-20-random-10.scen,700
380,random-32-32-20.map,planner,1,48873,8148,423,56,30341,8148,42863,0,100,True,random-32-32-20-random-10.scen,700
380,random-32-32-20.map,planner,1,48873,8148,423,56,30341,8148,42863,0,1000,False,random-32-32-20-random-10.scen,700
380,random-32-32-20.map,planner,1,48873,8148,423,56,30341,8148,42863,0,1000,True,random-32-32-20-random-10.scen,700
380,random-32-32-20.map,planner,1,48873,8148,423,56,30341,8148,42863,0,0,False,random-32-32-20-random-10.scen,740
380,random-32-32-20.map,planner,1,48873,8148,423,56,30341,8148,42863,0,0,True,random-32-32-20-random-10.scen,740
380,random-32-32-20.map,planner,1,48873,8148,423,56,30341,8148,42863,0,1,False,random-32-32-20-random-10.scen,740
380,random-32-32-20.map,planner,1,48873,8148,423,56,30341,8148,42863,0,1,True,random-32-32-20-random-10.scen,740
380,random-32-32-20.map,planner,1,48873,8148,423,56,30341,8148,42863,0,10,False,random-32-32-20-random-10.scen,740
380,random-32-32-20.map,planner,1,48873,8148,423,56,30341,8148,42863,0,10,True,random-32-32-20-random-10.scen,740
380,random-32-32-20.map,planner,1,48873,8148,423,56,30341,8148,42863,0,100,False,random-32-32-20-random-10.scen,740
380,random-32-32-20.map,planner,1,48873,8148,423,56,30341,8148,42863,0,100,True,random-32-32-20-random-10.scen,740
380,random-32-32-20.map,planner,1,48873,8148,423,56,30341,8148,42863,0,1000,False,random-32-32-20-random-10.scen,740
380,random-32-32-20.map,planner,1,48873,8148,423,56,30341,8148,42863,0,1000,True,random-32-32-20-random-10.scen,740
380,random-32-32-20.map,planner,1,48873,8148,423,56,30341,8148,42863,0,0,False,random-32-32-20-random-10.scen,780
380,random-32-32-20.map,planner,1,48873,8148,423,56,30341,8148,42863,0,0,True,random-32-32-20-random-10.scen,780
380,random-32-32-20.map,planner,1,48873,8148,423,56,30341,8148,42863,0,1,False,random-32-32-20-random-10.scen,780
380,random-32-32-20.map,planner,1,48873,8148,423,56,30341,8148,42863,0,1,True,random-32-32-20-random-10.scen,780
380,random-32-32-20.map,planner,1,48873,8148,423,56,30341,8148,42863,0,10,False,random-32-32-20-random-10.scen,780
380,random-32-32-20.map,planner,1,48873,8148,423,56,30341,8148,42863,0,10,True,random-32-32-20-random-10.scen,780
380,random-32-32-20.map,planner,1,48873,8148,423,56,30341,8148,42863,0,100,False,random-32-32-20-random-10.scen,780
380,random-32-32-20.map,planner,1,48873,8148,423,56,30341,8148,42863,0,100,True,random-32-32-20-random-10.scen,780
380,random-32-32-20.map,planner,1,48873,8148,423,56,30341,8148,42863,0,1000,False,random-32-32-20-random-10.scen,780
380,random-32-32-20.map,planner,1,48873,8148,423,56,30341,8148,42863,0,1000,True,random-32-32-20-random-10.scen,780
380,random-32-32-20.map,planner,1,48873,8148,423,56,30341,8148,42863,0,0,False,random-32-32-20-random-10.scen,820
380,random-32-32-20.map,planner,1,48873,8148,423,56,30341,8148,42863,0,0,True,random-32-32-20-random-10.scen,820
380,random-32-32-20.map,planner,1,48873,8148,423,56,30341,8148,42863,0,1,False,random-32-32-20-random-10.scen,820
380,random-32-32-20.map,planner,1,48873,8148,423,56,30341,8148,42863,0,1,True,random-32-32-20-random-10.scen,820
380,random-32-32-20.map,planner,1,48873,8148,423,56,30341,8148,42863,0,10,False,random-32-32-20-random-10.scen,820
380,random-32-32-20.map,planner,1,48873,8148,423,56,30341,8148,42863,0,10,True,random-32-32-20-random-10.scen,820
380,random-32-32-20.map,planner,1,48873,8148,423,56,30341,8148,42863,0,100,False,random-32-32-20-random-10.scen,820
380,random-32-32-20.map,planner,1,48873,8148,423,56,30341,8148,42863,0,100,True,random-32-32-20-random-10.scen,820
380,random-32-32-20.map,planner,1,48873,8148,423,56,30341,8148,42863,0,1000,False,random-32-32-20-random-10.scen,820
380,random-32-32-20.map,planner,1,48873,8148,423,56,30341,8148,42863,0,1000,True,random-32-32-20-random-10.scen,820
380,random-32-32-20.map,planner,1,48873,8148,423,56,30341,8148,42863,0,0,False,random-32-32-20-random-10.scen,860
380,random-32-32-20.map,planner,1,48873,8148,423,56,30341,8148,42863,0,0,True,random-32-32-20-random-10.scen,860
380,random-32-32-20.map,planner,1,48873,8148,423,56,30341,8148,42863,0,1,False,random-32-32-20-random-10.scen,860
380,random-32-32-20.map,planner,1,48873,8148,423,56,30341,8148,42863,0,1,True,random-32-32-20-random-10.scen,860
380,random-32-32-20.map,planner,1,48873,8148,423,56,30341,8148,42863,0,10,False,random-32-32-20-random-10.scen,860
380,random-32-32-20.map,planner,1,48873,8148,423,56,30341,8148,42863,0,10,True,random-32-32-20-random-10.scen,860
380,random-32-32-20.map,planner,1,48873,8148,423,56,30341,8148,42863,0,100,False,random-32-32-20-random-10.scen,860
380,random-32-32-20.map,planner,1,48873,8148,423,56,30341,8148,42863,0,100,True,random-32-32-20-random-10.scen,860
380,random-32-32-20.map,planner,1,48873,8148,423,56,30341,8148,42863,0,1000,False,random-32-32-20-random-10.scen,860
380,random-32-32-20.map,planner,1,48873,8148,423,56,30341,8148,42863,0,1000,True,random-32-32-20-random-10.scen,860
380,random-32-32-20.map,planner,1,48873,8148,423,56,30341,8148,42863,0,0,False,random-32-32-20-random-10.scen,900
380,random-32-32-20.map,planner,1,48873,8148,423,56,30341,8148,42863,0,0,True,random-32-32-20-random-10.scen,900
380,random-32-32-20.map,planner,1,48873,8148,423,56,30341,8148,42863,0,1,False,random-32-32-20-random-10.scen,900
380,random-32-32-20.map,planner,1,48873,8148,423,56,30341,8148,42863,0,1,True,random-32-32-20-random-10.scen,900
380,random-32-32-20.map,planner,1,48873,8148,423,56,30341,8148,42863,0,10,False,random-32-32-20-random-10.scen,900
380,random-32-32-20.map,planner,1,48873,8148,423,56,30341,8148,42863,0,10,True,random-32-32-20-random-10.scen,900
380,random-32-32-20.map,planner,1,48873,8148,423,56,30341,8148,42863,0,100,False,random-32-32-20-random-10.scen,900
380,random-32-32-20.map,planner,1,48873,8148,423,56,30341,8148,42863,0,100,True,random-32-32-20-random-10.scen,900
380,random-32-32-20.map,planner,1,48873,8148,423,56,30341,8148,42863,0,1000,False,random-32-32-20-random-10.scen,900
380,random-32-32-20.map,planner,1,48873,8148,423,56,30341,8148,42863,0,1000,True,random-32-32-20-random-10.scen,900
380,random-32-32-20.map,planner,1,48873,8148,423,56,30341,8148,42863,0,0,False,random-32-32-20-random-10.scen,940
380,random-32-32-20.map,planner,1,48873,8148,423,56,30341,8148,42863,0,0,True,random-32-32-20-random-10.scen,940
380,random-32-32-20.map,planner,1,48873,8148,423,56,30341,8148,42863,0,1,False,random-32-32-20-random-10.scen,940
380,random-32-32-20.map,planner,1,48873,8148,423,56,30341,8148,42863,0,1,True,random-32-32-20-random-10.scen,940
380,random-32-32-20.map,planner,1,48873,8148,423,56,30341,8148,42863,0,10,False,random-32-32-20-random-10.scen,940
380,random-32-32-20.map,planner,1,48873,8148,423,56,30341,8148,42863,0,10,True,random-32-32-20-random-10.scen,940
380,random-32-32-20.map,planner,1,48873,8148,423,56,30341,8148,42863,0,100,False,random-32-32-20-random-10.scen,940
380,random-32-32-20.map,planner,1,48873,8148,423,56,30341,8148,42863,0,100,True,random-32-32-20-random-10.scen,940
380,random-32-32-20.map,planner,1,48873,8148,423,56,30341,8148,42863,0,1000,False,random-32-32-20-random-10.scen,940
380,random-32-32-20.map,planner,1,48873,8148,423,56,30341,8148,42863,0,1000,True,random-32-32-20-random-10.scen,940
380,random-32-32-20.map,planner,1,48873,8148,423,56,30341,8148,42863,0,0,False,random-32-32-20-random-10.scen,980
380,random-32-32-20.map,planner,1,48873,8148,423,56,30341,8148,42863,0,0,True,random-32-32-20-random-10.scen,980
380,random-32-32-20.map,planner,1,48873,8148,423,56,30341,8148,42863,0,1,False,random-32-32-20-random-10.scen,980
380,random-32-32-20.map,planner,1,48873,8148,423,56,30341,8148,42863,0,1,True,random-32-32-20-random-10.scen,980
380,random-32-32-20.map,planner,1,48873,8148,423,56,30341,8148,42863,0,10,False,random-32-32-20-random-10.scen,980
380,random-32-32-20.map,planner,1,48873,8148,423,56,30341,8148,42863,0,10,True,random-32-32-20-random-10.scen,980
380,random-32-32-20.map,planner,1,48873,8148,423,56,30341,8148,42863,0,100,False,random-32-32-20-random-10.scen,980
380,random-32-32-20.map,planner,1,48873,8148,423,56,30341,8148,42863,0,100,True,random-32-32-20-random-10.scen,980
380,random-32-32-20.map,planner,1,48873,8148,423,56,30341,8148,42863,0,1000,False,random-32-32-20-random-10.scen,980
380,random-32-32-20.map,planner,1,48873,8148,423,56,30341,8148,42863,0,1000,True,random-32-32-20-random-10.scen,980
20,random-32-32-20.map,planner,1,554,515,44,44,554,515,0,0,0,False,random-32-32-20-random-19.scen,20
20,random-32-32-20.map,planner,1,554,515,44,44,554,515,0,0,0,True,random-32-32-20-random-19.scen,20
20,random-32-32-20.map,planner,1,554,515,44,44,554,515,0,0,1,False,random-32-32-20-random-19.scen,20
20,random-32-32-20.map,planner,1,554,515,44,44,554,515,0,0,1,True,random-32-32-20-random-19.scen,20
20,random-32-32-20.map,planner,1,554,515,44,44,554,515,0,0,10,False,random-32-32-20-random-19.scen,20
20,random-32-32-20.map,planner,1,554,515,44,44,554,515,0,0,10,True,random-32-32-20-random-19.scen,20
20,random-32-32-20.map,planner,1,554,515,44,44,554,515,0,0,100,False,random-32-32-20-random-19.scen,20
20,random-32-32-20.map,planner,1,554,515,44,44,554,515,0,0,100,True,random-32-32-20-random-19.scen,20
20,random-32-32-20.map,planner,1,554,515,44,44,554,515,0,0,1000,False,random-32-32-20-random-19.scen,20
20,random-32-32-20.map,planner,1,554,515,44,44,554,515,0,0,1000,True,random-32-32-20-random-19.scen,20
60,random-32-32-20.map,planner,1,1777,1404,45,44,1624,1404,1,0,0,False,random-32-32-20-random-19.scen,60
60,random-32-32-20.map,planner,1,1777,1404,45,44,1624,1404,1,0,0,True,random-32-32-20-random-19.scen,60
60,random-32-32-20.map,planner,1,1777,1404,45,44,1624,1404,1,0,1,False,random-32-32-20-random-19.scen,60
60,random-32-32-20.map,planner,1,1743,1404,49,44,1647,1404,1,0,1,True,random-32-32-20-random-19.scen,60
60,random-32-32-20.map,planner,1,1777,1404,45,44,1624,1404,1,0,10,False,random-32-32-20-random-19.scen,60
60,random-32-32-20.map,planner,1,1743,1404,49,44,1647,1404,1,0,10,True,random-32-32-20-random-19.scen,60
60,random-32-32-20.map,planner,1,1777,1404,45,44,1624,1404,1,0,100,False,random-32-32-20-random-19.scen,60
60,random-32-32-20.map,planner,1,1743,1404,49,44,1647,1404,1,0,100,True,random-32-32-20-random-19.scen,60
60,random-32-32-20.map,planner,1,1777,1404,45,44,1624,1404,1,0,1000,False,random-32-32-20-random-19.scen,60
60,random-32-32-20.map,planner,1,1743,1404,49,44,1647,1404,1,0,1000,True,random-32-32-20-random-19.scen,60
100,random-32-32-20.map,planner,1,3336,2289,61,58,2925,2289,1,0,0,False,random-32-32-20-random-19.scen,100
100,random-32-32-20.map,planner,1,3336,2289,61,58,2925,2289,2,0,0,True,random-32-32-20-random-19.scen,100
100,random-32-32-20.map,planner,1,3336,2289,61,58,2925,2289,1,0,1,False,random-32-32-20-random-19.scen,100
100,random-32-32-20.map,planner,1,3173,2289,60,58,2876,2289,2,0,1,True,random-32-32-20-random-19.scen,100
100,random-32-32-20.map,planner,1,3336,2289,61,58,2925,2289,1,0,10,False,random-32-32-20-random-19.scen,100
100,random-32-32-20.map,planner,1,3173,2289,60,58,2876,2289,2,0,10,True,random-32-32-20-random-19.scen,100
100,random-32-32-20.map,planner,1,3336,2289,61,58,2925,2289,1,0,100,False,random-32-32-20-random-19.scen,100
100,random-32-32-20.map,planner,1,3173,2289,60,58,2876,2289,2,0,100,True,random-32-32-20-random-19.scen,100
100,random-32-32-20.map,planner,1,3336,2289,61,58,2925,2289,1,0,1000,False,random-32-32-20-random-19.scen,100
100,random-32-32-20.map,planner,1,3173,2289,60,58,2876,2289,2,0,1000,True,random-32-32-20-random-19.scen,100
140,random-32-32-20.map,planner,1,5028,3163,58,58,4447,3163,2,0,0,False,random-32-32-20-random-19.scen,140
140,random-32-32-20.map,planner,1,5028,3163,58,58,4447,3163,2,0,0,True,random-32-32-20-random-19.scen,140
140,random-32-32-20.map,planner,1,5028,3163,58,58,4447,3163,2,0,1,False,random-32-32-20-random-19.scen,140
140,random-32-32-20.map,planner,1,4846,3163,58,58,4217,3163,5,0,1,True,random-32-32-20-random-19.scen,140
140,random-32-32-20.map,planner,1,5028,3163,58,58,4447,3163,2,0,10,False,random-32-32-20-random-19.scen,140
140,random-32-32-20.map,planner,1,5030,3163,72,58,4359,3163,12,0,10,True,random-32-32-20-random-19.scen,140
140,random-32-32-20.map,planner,1,5028,3163,58,58,4447,3163,2,0,100,False,random-32-32-20-random-19.scen,140
140,random-32-32-20.map,planner,1,4950,3163,69,58,4288,3163,17,0,100,True,random-32-32-20-random-19.scen,140
140,random-32-32-20.map,planner,1,5028,3163,58,58,4447,3163,2,0,1000,False,random-32-32-20-random-19.scen,140
140,random-32-32-20.map,planner,1,4950,3163,69,58,4288,3163,17,0,1000,True,random-32-32-20-random-19.scen,140
180,random-32-32-20.map,planner,1,6983,4111,61,58,6128,4111,3,0,0,False,random-32-32-20-random-19.scen,180
180,random-32-32-20.map,planner,1,6983,4111,61,58,6128,4111,3,0,0,True,random-32-32-20-random-19.scen,180
180,random-32-32-20.map,planner,1,6983,4111,61,58,6128,4111,3,0,1,False,random-32-32-20-random-19.scen,180
180,random-32-32-20.map,planner,1,7548,4111,99,58,6479,4111,13,0,1,True,random-32-32-20-random-19.scen,180
180,random-32-32-20.map,planner,1,6983,4111,61,58,6128,4111,3,0,10,False,random-32-32-20-random-19.scen,180
180,random-32-32-20.map,planner,1,6935,4111,69,58,6000,4111,81,0,10,True,random-32-32-20-random-19.scen,180
180,random-32-32-20.map,planner,1,6983,4111,61,58,6128,4111,3,0,100,False,random-32-32-20-random-19.scen,180
180,random-32-32-20.map,planner,1,6995,4111,71,58,6062,4111,412,0,100,True,random-32-32-20-random-19.scen,180
180,random-32-32-20.map,planner,1,6983,4111,61,58,6128,4111,3,0,1000,False,random-32-32-20-random-19.scen,180
180,random-32-32-20.map,planner,1,6992,4111,72,58,6125,4111,5875,0,1000,True,random-32-32-20-random-19.scen,180
220,random-32-32-20.map,planner,1,9311,4935,73,58,8193,4935,4,0,0,False,random-32-32-20-random-19.scen,220
220,random-32-32-20.map,planner,1,9311,4935,73,58,8193,4935,4,0,0,True,random-32-32-20-random-19.scen,220
220,random-32-32-20.map,planner,1,9311,4935,73,58,8193,4935,4,0,1,False,random-32-32-20-random-19.scen,220
220,random-32-32-20.map,planner,1,10461,4935,126,58,8491,4935,18,0,1,True,random-32-32-20-random-19.scen,220
220,random-32-32-20.map,planner,1,9311,4935,73,58,8193,4935,4,0,10,False,random-32-32-20-random-19.scen,220
220,random-32-32-20.map,planner,1,9478,4935,97,58,8170,4935,106,0,10,True,random-32-32-20-random-19.scen,220
220,random-32-32-20.map,planner,1,9311,4935,73,58,8193,4935,4,0,100,False,random-32-32-20-random-19.scen,220
220,random-32-32-20.map,planner,1,9789,4935,114,58,8364,4935,1137,0,100,True,random-32-32-20-random-19.scen,220
220,random-32-32-20.map,planner,1,9311,4935,73,58,8193,4935,4,0,1000,False,random-32-32-20-random-19.scen,220
220,random-32-32-20.map,planner,1,9463,4935,99,58,8094,4935,10166,0,1000,True,random-32-32-20-random-19.scen,220
260,random-32-32-20.map,planner,1,13350,5856,110,58,11360,5856,8,0,0,False,random-32-32-20-random-19.scen,260
260,random-32-32-20.map,planner,1,13350,5856,110,58,11360,5856,9,0,0,True,random-32-32-20-random-19.scen,260
260,random-32-32-20.map,planner,1,13350,5856,110,58,11360,5856,8,0,1,False,random-32-32-20-random-19.scen,260
260,random-32-32-20.map,planner,1,14612,5856,154,58,11567,5856,124,0,1,True,random-32-32-20-random-19.scen,260
260,random-32-32-20.map,planner,1,13350,5856,110,58,11360,5856,8,0,10,False,random-32-32-20-random-19.scen,260
260,random-32-32-20.map,planner,1,15500,5856,221,58,12384,5856,242,0,10,True,random-32-32-20-random-19.scen,260
260,random-32-32-20.map,planner,1,13350,5856,110,58,11360,5856,8,0,100,False,random-32-32-20-random-19.scen,260
260,random-32-32-20.map,planner,1,15457,5856,162,58,11959,5856,2026,0,100,True,random-32-32-20-random-19.scen,260
260,random-32-32-20.map,planner,1,13350,5856,110,58,11360,5856,8,0,1000,False,random-32-32-20-random-19.scen,260
260,random-32-32-20.map,planner,1,15440,5856,177,58,12157,5856,17764,0,1000,True,random-32-32-20-random-19.scen,260
300,random-32-32-20.map,planner,1,16812,6743,124,58,13982,6743,1532,0,0,False,random-32-32-20-random-19.scen,300
300,random-32-32-20.map,planner,1,16812,6743,124,58,13982,6743,1592,0,0,True,random-32-32-20-random-19.scen,300
300,random-32-32-20.map,planner,1,16812,6743,124,58,13982,6743,1502,0,1,False,random-32-32-20-random-19.scen,300
300,random-32-32-20.map,planner,1,22483,6743,253,58,16429,6743,908,0,1,True,random-32-32-20-random-19.scen,300
300,random-32-32-20.map,planner,1,16812,6743,124,58,13982,6743,1529,0,10,False,random-32-32-20-random-19.scen,300
300,random-32-32-20.map,planner,1,21153,6743,200,58,16446,6743,327,0,10,True,random-32-32-20-random-19.scen,300
300,random-32-32-20.map,planner,1,16812,6743,124,58,13982,6743,1534,0,100,False,random-32-32-20-random-19.scen,300
300,random-32-32-20.map,planner,1,26818,6743,255,58,17227,6743,2865,0,100,True,random-32-32-20-random-19.scen,300
300,random-32-32-20.map,planner,1,16812,6743,124,58,13982,6743,1526,0,1000,False,random-32-32-20-random-19.scen,300
300,random-32-32-20.map,planner,1,20427,6743,210,58,15372,6743,24254,0,1000,True,random-32-32-20-random-19.scen,300
340,random-32-32-20.map,planner,1,25312,7613,159,58,19599,7613,104,0,0,False,random-32-32-20-random-19.scen,340
340,random-32-32-20.map,planner,1,25312,7613,159,58,19599,7613,113,0,0,True,random-32-32-20-random-19.scen,340
340,random-32-32-20.map,planner,1,25312,7613,159,58,19599,7613,109,0,1,False,random-32-32-20-random-19.scen,340
340,random-32-32-20.map,planner,1,32952,7613,387,58,22458,7613,3333,0,1,True,random-32-32-20-random-19.scen,340
340,random-32-32-20.map,planner,1,25312,7613,159,58,19599,7613,101,0,10,False,random-32-32-20-random-19.scen,340
340,random-32-32-20.map,planner,1,29284,7613,261,58,19648,7613,441,0,10,True,random-32-32-20-random-19.scen,340
340,random-32-32-20.map,planner,1,25312,7613,159,58,19599,7613,102,0,100,False,random-32-32-20-random-19.scen,340
340,random-32-32-20.map,planner,1,44694,7613,409,58,25160,7613,4091,0,100,True,random-32-32-20-random-19.scen,340
340,random-32-32-20.map,planner,1,25312,7613,159,58,19599,7613,109,0,1000,False,random-32-32-20-random-19.scen,340
340,random-32-32-20.map,planner,1,42938,7613,401,58,23812,7613,38981,0,1000,True,random-32-32-20-random-19.scen,340
380,random-32-32-20.map,planner,1,30663,8557,188,58,23719,8557,35,0,0,False,random-32-32-20-random-19.scen,380
380,random-32-32-20.map,planner,1,30663,8557,188,58,23719,8557,40,0,0,True,random-32-32-20-random-19.scen,380
380,random-32-32-20.map,planner,1,30663,8557,188,58,23719,8557,35,0,1,False,random-32-32-20-random-19.scen,380
380,random-32-32-20.map,planner,1,44179,8557,385,58,28913,8557,2177,0,1,True,random-32-32-20-random-19.scen,380
380,random-32-32-20.map,planner,1,30663,8557,188,58,23719,8557,35,0,10,False,random-32-32-20-random-19.scen,380
380,random-32-32-20.map,planner,1,49412,8557,436,58,29673,8557,5954,0,10,True,random-32-32-20-random-19.scen,380
380,random-32-32-20.map,planner,1,30663,8557,188,58,23719,8557,36,0,100,False,random-32-32-20-random-19.scen,380
380,random-32-32-20.map,planner,1,69841,8557,590,58,38885,8557,7593,0,100,True,random-32-32-20-random-19.scen,380
380,random-32-32-20.map,planner,1,30663,8557,188,58,23719,8557,35,0,1000,False,random-32-32-20-random-19.scen,380
380,random-32-32-20.map,planner,1,58748,8557,494,58,34853,8557,48237,0,1000,True,random-32-32-20-random-19.scen,380
380,random-32-32-20.map,planner,1,58748,8557,494,58,34853,8557,48237,0,0,False,random-32-32-20-random-19.scen,420
380,random-32-32-20.map,planner,1,58748,8557,494,58,34853,8557,48237,0,0,True,random-32-32-20-random-19.scen,420
380,random-32-32-20.map,planner,1,58748,8557,494,58,34853,8557,48237,0,1,False,random-32-32-20-random-19.scen,420
380,random-32-32-20.map,planner,1,58748,8557,494,58,34853,8557,48237,0,1,True,random-32-32-20-random-19.scen,420
380,random-32-32-20.map,planner,1,58748,8557,494,58,34853,8557,48237,0,10,False,random-32-32-20-random-19.scen,420
380,random-32-32-20.map,planner,1,58748,8557,494,58,34853,8557,48237,0,10,True,random-32-32-20-random-19.scen,420
380,random-32-32-20.map,planner,1,58748,8557,494,58,34853,8557,48237,0,100,False,random-32-32-20-random-19.scen,420
380,random-32-32-20.map,planner,1,58748,8557,494,58,34853,8557,48237,0,100,True,random-32-32-20-random-19.scen,420
380,random-32-32-20.map,planner,1,58748,8557,494,58,34853,8557,48237,0,1000,False,random-32-32-20-random-19.scen,420
380,random-32-32-20.map,planner,1,58748,8557,494,58,34853,8557,48237,0,1000,True,random-32-32-20-random-19.scen,420
380,random-32-32-20.map,planner,1,58748,8557,494,58,34853,8557,48237,0,0,False,random-32-32-20-random-19.scen,460
380,random-32-32-20.map,planner,1,58748,8557,494,58,34853,8557,48237,0,0,True,random-32-32-20-random-19.scen,460
380,random-32-32-20.map,planner,1,58748,8557,494,58,34853,8557,48237,0,1,False,random-32-32-20-random-19.scen,460
380,random-32-32-20.map,planner,1,58748,8557,494,58,34853,8557,48237,0,1,True,random-32-32-20-random-19.scen,460
380,random-32-32-20.map,planner,1,58748,8557,494,58,34853,8557,48237,0,10,False,random-32-32-20-random-19.scen,460
380,random-32-32-20.map,planner,1,58748,8557,494,58,34853,8557,48237,0,10,True,random-32-32-20-random-19.scen,460
380,random-32-32-20.map,planner,1,58748,8557,494,58,34853,8557,48237,0,100,False,random-32-32-20-random-19.scen,460
380,random-32-32-20.map,planner,1,58748,8557,494,58,34853,8557,48237,0,100,True,random-32-32-20-random-19.scen,460
380,random-32-32-20.map,planner,1,58748,8557,494,58,34853,8557,48237,0,1000,False,random-32-32-20-random-19.scen,460
380,random-32-32-20.map,planner,1,58748,8557,494,58,34853,8557,48237,0,1000,True,random-32-32-20-random-19.scen,460
380,random-32-32-20.map,planner,1,58748,8557,494,58,34853,8557,48237,0,0,False,random-32-32-20-random-19.scen,500
380,random-32-32-20.map,planner,1,58748,8557,494,58,34853,8557,48237,0,0,True,random-32-32-20-random-19.scen,500
380,random-32-32-20.map,planner,1,58748,8557,494,58,34853,8557,48237,0,1,False,random-32-32-20-random-19.scen,500
380,random-32-32-20.map,planner,1,58748,8557,494,58,34853,8557,48237,0,1,True,random-32-32-20-random-19.scen,500
380,random-32-32-20.map,planner,1,58748,8557,494,58,34853,8557,48237,0,10,False,random-32-32-20-random-19.scen,500
380,random-32-32-20.map,planner,1,58748,8557,494,58,34853,8557,48237,0,10,True,random-32-32-20-random-19.scen,500
380,random-32-32-20.map,planner,1,58748,8557,494,58,34853,8557,48237,0,100,False,random-32-32-20-random-19.scen,500
380,random-32-32-20.map,planner,1,58748,8557,494,58,34853,8557,48237,0,100,True,random-32-32-20-random-19.scen,500
380,random-32-32-20.map,planner,1,58748,8557,494,58,34853,8557,48237,0,1000,False,random-32-32-20-random-19.scen,500
380,random-32-32-20.map,planner,1,58748,8557,494,58,34853,8557,48237,0,1000,True,random-32-32-20-random-19.scen,500
380,random-32-32-20.map,planner,1,58748,8557,494,58,34853,8557,48237,0,0,False,random-32-32-20-random-19.scen,540
380,random-32-32-20.map,planner,1,58748,8557,494,58,34853,8557,48237,0,0,True,random-32-32-20-random-19.scen,540
380,random-32-32-20.map,planner,1,58748,8557,494,58,34853,8557,48237,0,1,False,random-32-32-20-random-19.scen,540
380,random-32-32-20.map,planner,1,58748,8557,494,58,34853,8557,48237,0,1,True,random-32-32-20-random-19.scen,540
380,random-32-32-20.map,planner,1,58748,8557,494,58,34853,8557,48237,0,10,False,random-32-32-20-random-19.scen,540
380,random-32-32-20.map,planner,1,58748,8557,494,58,34853,8557,48237,0,10,True,random-32-32-20-random-19.scen,540
380,random-32-32-20.map,planner,1,58748,8557,494,58,34853,8557,48237,0,100,False,random-32-32-20-random-19.scen,540
380,random-32-32-20.map,planner,1,58748,8557,494,58,34853,8557,48237,0,100,True,random-32-32-20-random-19.scen,540
380,random-32-32-20.map,planner,1,58748,8557,494,58,34853,8557,48237,0,1000,False,random-32-32-20-random-19.scen,540
380,random-32-32-20.map,planner,1,58748,8557,494,58,34853,8557,48237,0,1000,True,random-32-32-20-random-19.scen,540
380,random-32-32-20.map,planner,1,58748,8557,494,58,34853,8557,48237,0,0,False,random-32-32-20-random-19.scen,580
380,random-32-32-20.map,planner,1,58748,8557,494,58,34853,8557,48237,0,0,True,random-32-32-20-random-19.scen,580
380,random-32-32-20.map,planner,1,58748,8557,494,58,34853,8557,48237,0,1,False,random-32-32-20-random-19.scen,580
380,random-32-32-20.map,planner,1,58748,8557,494,58,34853,8557,48237,0,1,True,random-32-32-20-random-19.scen,580
380,random-32-32-20.map,planner,1,58748,8557,494,58,34853,8557,48237,0,10,False,random-32-32-20-random-19.scen,580
380,random-32-32-20.map,planner,1,58748,8557,494,58,34853,8557,48237,0,10,True,random-32-32-20-random-19.scen,580
380,random-32-32-20.map,planner,1,58748,8557,494,58,34853,8557,48237,0,100,False,random-32-32-20-random-19.scen,580
380,random-32-32-20.map,planner,1,58748,8557,494,58,34853,8557,48237,0,100,True,random-32-32-20-random-19.scen,580
380,random-32-32-20.map,planner,1,58748,8557,494,58,34853,8557,48237,0,1000,False,random-32-32-20-random-19.scen,580
380,random-32-32-20.map,planner,1,58748,8557,494,58,34853,8557,48237,0,1000,True,random-32-32-20-random-19.scen,580
380,random-32-32-20.map,planner,1,58748,8557,494,58,34853,8557,48237,0,0,False,random-32-32-20-random-19.scen,620
380,random-32-32-20.map,planner,1,58748,8557,494,58,34853,8557,48237,0,0,True,random-32-32-20-random-19.scen,620
380,random-32-32-20.map,planner,1,58748,8557,494,58,34853,8557,48237,0,1,False,random-32-32-20-random-19.scen,620
380,random-32-32-20.map,planner,1,58748,8557,494,58,34853,8557,48237,0,1,True,random-32-32-20-random-19.scen,620
380,random-32-32-20.map,planner,1,58748,8557,494,58,34853,8557,48237,0,10,False,random-32-32-20-random-19.scen,620
380,random-32-32-20.map,planner,1,58748,8557,494,58,34853,8557,48237,0,10,True,random-32-32-20-random-19.scen,620
380,random-32-32-20.map,planner,1,58748,8557,494,58,34853,8557,48237,0,100,False,random-32-32-20-random-19.scen,620
380,random-32-32-20.map,planner,1,58748,8557,494,58,34853,8557,48237,0,100,True,random-32-32-20-random-19.scen,620
380,random-32-32-20.map,planner,1,58748,8557,494,58,34853,8557,48237,0,1000,False,random-32-32-20-random-19.scen,620
380,random-32-32-20.map,planner,1,58748,8557,494,58,34853,8557,48237,0,1000,True,random-32-32-20-random-19.scen,620
380,random-32-32-20.map,planner,1,58748,8557,494,58,34853,8557,48237,0,0,False,random-32-32-20-random-19.scen,660
380,random-32-32-20.map,planner,1,58748,8557,494,58,34853,8557,48237,0,0,True,random-32-32-20-random-19.scen,660
380,random-32-32-20.map,planner,1,58748,8557,494,58,34853,8557,48237,0,1,False,random-32-32-20-random-19.scen,660
380,random-32-32-20.map,planner,1,58748,8557,494,58,34853,8557,48237,0,1,True,random-32-32-20-random-19.scen,660
380,random-32-32-20.map,planner,1,58748,8557,494,58,34853,8557,48237,0,10,False,random-32-32-20-random-19.scen,660
380,random-32-32-20.map,planner,1,58748,8557,494,58,34853,8557,48237,0,10,True,random-32-32-20-random-19.scen,660
380,random-32-32-20.map,planner,1,58748,8557,494,58,34853,8557,48237,0,100,False,random-32-32-20-random-19.scen,660
380,random-32-32-20.map,planner,1,58748,8557,494,58,34853,8557,48237,0,100,True,random-32-32-20-random-19.scen,660
380,random-32-32-20.map,planner,1,58748,8557,494,58,34853,8557,48237,0,1000,False,random-32-32-20-random-19.scen,660
380,random-32-32-20.map,planner,1,58748,8557,494,58,34853,8557,48237,0,1000,True,random-32-32-20-random-19.scen,660
380,random-32-32-20.map,planner,1,58748,8557,494,58,34853,8557,48237,0,0,False,random-32-32-20-random-19.scen,700
380,random-32-32-20.map,planner,1,58748,8557,494,58,34853,8557,48237,0,0,True,random-32-32-20-random-19.scen,700
380,random-32-32-20.map,planner,1,58748,8557,494,58,34853,8557,48237,0,1,False,random-32-32-20-random-19.scen,700
380,random-32-32-20.map,planner,1,58748,8557,494,58,34853,8557,48237,0,1,True,random-32-32-20-random-19.scen,700
380,random-32-32-20.map,planner,1,58748,8557,494,58,34853,8557,48237,0,10,False,random-32-32-20-random-19.scen,700
380,random-32-32-20.map,planner,1,58748,8557,494,58,34853,8557,48237,0,10,True,random-32-32-20-random-19.scen,700
380,random-32-32-20.map,planner,1,58748,8557,494,58,34853,8557,48237,0,100,False,random-32-32-20-random-19.scen,700
380,random-32-32-20.map,planner,1,58748,8557,494,58,34853,8557,48237,0,100,True,random-32-32-20-random-19.scen,700
380,random-32-32-20.map,planner,1,58748,8557,494,58,34853,8557,48237,0,1000,False,random-32-32-20-random-19.scen,700
380,random-32-32-20.map,planner,1,58748,8557,494,58,34853,8557,48237,0,1000,True,random-32-32-20-random-19.scen,700
380,random-32-32-20.map,planner,1,58748,8557,494,58,34853,8557,48237,0,0,False,random-32-32-20-random-19.scen,740
380,random-32-32-20.map,planner,1,58748,8557,494,58,34853,8557,48237,0,0,True,random-32-32-20-random-19.scen,740
380,random-32-32-20.map,planner,1,58748,8557,494,58,34853,8557,48237,0,1,False,random-32-32-20-random-19.scen,740
380,random-32-32-20.map,planner,1,58748,8557,494,58,34853,8557,48237,0,1,True,random-32-32-20-random-19.scen,740
380,random-32-32-20.map,planner,1,58748,8557,494,58,34853,8557,48237,0,10,False,random-32-32-20-random-19.scen,740
380,random-32-32-20.map,planner,1,58748,8557,494,58,34853,8557,48237,0,10,True,random-32-32-20-random-19.scen,740
380,random-32-32-20.map,planner,1,58748,8557,494,58,34853,8557,48237,0,100,False,random-32-32-20-random-19.scen,740
380,random-32-32-20.map,planner,1,58748,8557,494,58,34853,8557,48237,0,100,True,random-32-32-20-random-19.scen,740
380,random-32-32-20.map,planner,1,58748,8557,494,58,34853,8557,48237,0,1000,False,random-32-32-20-random-19.scen,740
380,random-32-32-20.map,planner,1,58748,8557,494,58,34853,8557,48237,0,1000,True,random-32-32-20-random-19.scen,740
380,random-32-32-20.map,planner,1,58748,8557,494,58,34853,8557,48237,0,0,False,random-32-32-20-random-19.scen,780
380,random-32-32-20.map,planner,1,58748,8557,494,58,34853,8557,48237,0,0,True,random-32-32-20-random-19.scen,780
380,random-32-32-20.map,planner,1,58748,8557,494,58,34853,8557,48237,0,1,False,random-32-32-20-random-19.scen,780
380,random-32-32-20.map,planner,1,58748,8557,494,58,34853,8557,48237,0,1,True,random-32-32-20-random-19.scen,780
380,random-32-32-20.map,planner,1,58748,8557,494,58,34853,8557,48237,0,10,False,random-32-32-20-random-19.scen,780
380,random-32-32-20.map,planner,1,58748,8557,494,58,34853,8557,48237,0,10,True,random-32-32-20-random-19.scen,780
380,random-32-32-20.map,planner,1,58748,8557,494,58,34853,8557,48237,0,100,False,random-32-32-20-random-19.scen,780
380,random-32-32-20.map,planner,1,58748,8557,494,58,34853,8557,48237,0,100,True,random-32-32-20-random-19.scen,780
380,random-32-32-20.map,planner,1,58748,8557,494,58,34853,8557,48237,0,1000,False,random-32-32-20-random-19.scen,780
380,random-32-32-20.map,planner,1,58748,8557,494,58,34853,8557,48237,0,1000,True,random-32-32-20-random-19.scen,780
380,random-32-32-20.map,planner,1,58748,8557,494,58,34853,8557,48237,0,0,False,random-32-32-20-random-19.scen,820
380,random-32-32-20.map,planner,1,58748,8557,494,58,34853,8557,48237,0,0,True,random-32-32-20-random-19.scen,820
380,random-32-32-20.map,planner,1,58748,8557,494,58,34853,8557,48237,0,1,False,random-32-32-20-random-19.scen,820
380,random-32-32-20.map,planner,1,58748,8557,494,58,34853,8557,48237,0,1,True,random-32-32-20-random-19.scen,820
380,random-32-32-20.map,planner,1,58748,8557,494,58,34853,8557,48237,0,10,False,random-32-32-20-random-19.scen,820
380,random-32-32-20.map,planner,1,58748,8557,494,58,34853,8557,48237,0,10,True,random-32-32-20-random-19.scen,820
380,random-32-32-20.map,planner,1,58748,8557,494,58,34853,8557,48237,0,100,False,random-32-32-20-random-19.scen,820
380,random-32-32-20.map,planner,1,58748,8557,494,58,34853,8557,48237,0,100,True,random-32-32-20-random-19.scen,820
380,random-32-32-20.map,planner,1,58748,8557,494,58,34853,8557,48237,0,1000,False,random-32-32-20-random-19.scen,820
380,random-32-32-20.map,planner,1,58748,8557,494,58,34853,8557,48237,0,1000,True,random-32-32-20-random-19.scen,820
380,random-32-32-20.map,planner,1,58748,8557,494,58,34853,8557,48237,0,0,False,random-32-32-20-random-19.scen,860
380,random-32-32-20.map,planner,1,58748,8557,494,58,34853,8557,48237,0,0,True,random-32-32-20-random-19.scen,860
380,random-32-32-20.map,planner,1,58748,8557,494,58,34853,8557,48237,0,1,False,random-32-32-20-random-19.scen,860
380,random-32-32-20.map,planner,1,58748,8557,494,58,34853,8557,48237,0,1,True,random-32-32-20-random-19.scen,860
380,random-32-32-20.map,planner,1,58748,8557,494,58,34853,8557,48237,0,10,False,random-32-32-20-random-19.scen,860
380,random-32-32-20.map,planner,1,58748,8557,494,58,34853,8557,48237,0,10,True,random-32-32-20-random-19.scen,860
380,random-32-32-20.map,planner,1,58748,8557,494,58,34853,8557,48237,0,100,False,random-32-32-20-random-19.scen,860
380,random-32-32-20.map,planner,1,58748,8557,494,58,34853,8557,48237,0,100,True,random-32-32-20-random-19.scen,860
380,random-32-32-20.map,planner,1,58748,8557,494,58,34853,8557,48237,0,1000,False,random-32-32-20-random-19.scen,860
380,random-32-32-20.map,planner,1,58748,8557,494,58,34853,8557,48237,0,1000,True,random-32-32-20-random-19.scen,860
380,random-32-32-20.map,planner,1,58748,8557,494,58,34853,8557,48237,0,0,False,random-32-32-20-random-19.scen,900
380,random-32-32-20.map,planner,1,58748,8557,494,58,34853,8557,48237,0,0,True,random-32-32-20-random-19.scen,900
380,random-32-32-20.map,planner,1,58748,8557,494,58,34853,8557,48237,0,1,False,random-32-32-20-random-19.scen,900
380,random-32-32-20.map,planner,1,58748,8557,494,58,34853,8557,48237,0,1,True,random-32-32-20-random-19.scen,900
380,random-32-32-20.map,planner,1,58748,8557,494,58,34853,8557,48237,0,10,False,random-32-32-20-random-19.scen,900
380,random-32-32-20.map,planner,1,58748,8557,494,58,34853,8557,48237,0,10,True,random-32-32-20-random-19.scen,900
380,random-32-32-20.map,planner,1,58748,8557,494,58,34853,8557,48237,0,100,False,random-32-32-20-random-19.scen,900
380,random-32-32-20.map,planner,1,58748,8557,494,58,34853,8557,48237,0,100,True,random-32-32-20-random-19.scen,900
380,random-32-32-20.map,planner,1,58748,8557,494,58,34853,8557,48237,0,1000,False,random-32-32-20-random-19.scen,900
380,random-32-32-20.map,planner,1,58748,8557,494,58,34853,8557,48237,0,1000,True,random-32-32-20-random-19.scen,900
380,random-32-32-20.map,planner,1,58748,8557,494,58,34853,8557,48237,0,0,False,random-32-32-20-random-19.scen,940
380,random-32-32-20.map,planner,1,58748,8557,494,58,34853,8557,48237,0,0,True,random-32-32-20-random-19.scen,940
380,random-32-32-20.map,planner,1,58748,8557,494,58,34853,8557,48237,0,1,False,random-32-32-20-random-19.scen,940
380,random-32-32-20.map,planner,1,58748,8557,494,58,34853,8557,48237,0,1,True,random-32-32-20-random-19.scen,940
380,random-32-32-20.map,planner,1,58748,8557,494,58,34853,8557,48237,0,10,False,random-32-32-20-random-19.scen,940
380,random-32-32-20.map,planner,1,58748,8557,494,58,34853,8557,48237,0,10,True,random-32-32-20-random-19.scen,940
380,random-32-32-20.map,planner,1,58748,8557,494,58,34853,8557,48237,0,100,False,random-32-32-20-random-19.scen,940
380,random-32-32-20.map,planner,1,58748,8557,494,58,34853,8557,48237,0,100,True,random-32-32-20-random-19.scen,940
380,random-32-32-20.map,planner,1,58748,8557,494,58,34853,8557,48237,0,1000,False,random-32-32-20-random-19.scen,940
380,random-32-32-20.map,planner,1,58748,8557,494,58,34853,8557,48237,0,1000,True,random-32-32-20-random-19.scen,940
380,random-32-32-20.map,planner,1,58748,8557,494,58,34853,8557,48237,0,0,False,random-32-32-20-random-19.scen,980
380,random-32-32-20.map,planner,1,58748,8557,494,58,34853,8557,48237,0,0,True,random-32-32-20-random-19.scen,980
380,random-32-32-20.map,planner,1,58748,8557,494,58,34853,8557,48237,0,1,False,random-32-32-20-random-19.scen,980
380,random-32-32-20.map,planner,1,58748,8557,494,58,34853,8557,48237,0,1,True,random-32-32-20-random-19.scen,980
380,random-32-32-20.map,planner,1,58748,8557,494,58,34853,8557,48237,0,10,False,random-32-32-20-random-19.scen,980
380,random-32-32-20.map,planner,1,58748,8557,494,58,34853,8557,48237,0,10,True,random-32-32-20-random-19.scen,980
380,random-32-32-20.map,planner,1,58748,8557,494,58,34853,8557,48237,0,100,False,random-32-32-20-random-19.scen,980
380,random-32-32-20.map,planner,1,58748,8557,494,58,34853,8557,48237,0,100,True,random-32-32-20-random-19.scen,980
380,random-32-32-20.map,planner,1,58748,8557,494,58,34853,8557,48237,0,1000,False,random-32-32-20-random-19.scen,980
380,random-32-32-20.map,planner,1,58748,8557,494,58,34853,8557,48237,0,1000,True,random-32-32-20-random-19.scen,980
20,random-32-32-20.map,planner,1,487,460,44,44,487,460,0,0,0,False,random-32-32-20-random-20.scen,20
20,random-32-32-20.map,planner,1,487,460,44,44,487,460,0,0,0,True,random-32-32-20-random-20.scen,20
20,random-32-32-20.map,planner,1,487,460,44,44,487,460,0,0,1,False,random-32-32-20-random-20.scen,20
20,random-32-32-20.map,planner,1,487,460,44,44,487,460,0,0,1,True,random-32-32-20-random-20.scen,20
20,random-32-32-20.map,planner,1,487,460,44,44,487,460,0,0,10,False,random-32-32-20-random-20.scen,20
20,random-32-32-20.map,planner,1,487,460,44,44,487,460,0,0,10,True,random-32-32-20-random-20.scen,20
20,random-32-32-20.map,planner,1,487,460,44,44,487,460,0,0,100,False,random-32-32-20-random-20.scen,20
20,random-32-32-20.map,planner,1,487,460,44,44,487,460,0,0,100,True,random-32-32-20-random-20.scen,20
20,random-32-32-20.map,planner,1,487,460,44,44,487,460,0,0,1000,False,random-32-32-20-random-20.scen,20
20,random-32-32-20.map,planner,1,487,460,44,44,487,460,0,0,1000,True,random-32-32-20-random-20.scen,20
60,random-32-32-20.map,planner,1,1643,1292,45,45,1513,1292,1,0,0,False,random-32-32-20-random-20.scen,60
60,random-32-32-20.map,planner,1,1643,1292,45,45,1513,1292,1,0,0,True,random-32-32-20-random-20.scen,60
60,random-32-32-20.map,planner,1,1643,1292,45,45,1513,1292,1,0,1,False,random-32-32-20-random-20.scen,60
60,random-32-32-20.map,planner,1,1646,1292,50,45,1508,1292,1,0,1,True,random-32-32-20-random-20.scen,60
60,random-32-32-20.map,planner,1,1643,1292,45,45,1513,1292,1,0,10,False,random-32-32-20-random-20.scen,60
60,random-32-32-20.map,planner,1,1646,1292,50,45,1508,1292,1,0,10,True,random-32-32-20-random-20.scen,60
60,random-32-32-20.map,planner,1,1643,1292,45,45,1513,1292,1,0,100,False,random-32-32-20-random-20.scen,60
60,random-32-32-20.map,planner,1,1646,1292,50,45,1508,1292,1,0,100,True,random-32-32-20-random-20.scen,60
60,random-32-32-20.map,planner,1,1643,1292,45,45,1513,1292,1,0,1000,False,random-32-32-20-random-20.scen,60
60,random-32-32-20.map,planner,1,1646,1292,50,45,1508,1292,1,0,1000,True,random-32-32-20-random-20.scen,60
100,random-32-32-20.map,planner,1,3186,2280,50,46,2908,2280,1,0,0,False,random-32-32-20-random-20.scen,100
100,random-32-32-20.map,planner,1,3186,2280,50,46,2908,2280,1,0,0,True,random-32-32-20-random-20.scen,100
100,random-32-32-20.map,planner,1,3186,2280,50,46,2908,2280,1,0,1,False,random-32-32-20-random-20.scen,100
100,random-32-32-20.map,planner,1,3174,2280,54,46,2855,2280,2,0,1,True,random-32-32-20-random-20.scen,100
100,random-32-32-20.map,planner,1,3186,2280,50,46,2908,2280,1,0,10,False,random-32-32-20-random-20.scen,100
100,random-32-32-20.map,planner,1,3174,2280,54,46,2855,2280,2,0,10,True,random-32-32-20-random-20.scen,100
100,random-32-32-20.map,planner,1,3186,2280,50,46,2908,2280,1,0,100,False,random-32-32-20-random-20.scen,100
100,random-32-32-20.map,planner,1,3174,2280,54,46,2855,2280,2,0,100,True,random-32-32-20-random-20.scen,100
100,random-32-32-20.map,planner,1,3186,2280,50,46,2908,2280,1,0,1000,False,random-32-32-20-random-20.scen,100
100,random-32-32-20.map,planner,1,3174,2280,54,46,2855,2280,2,0,1000,True,random-32-32-20-random-20.scen,100
140,random-32-32-20.map,planner,1,4841,3163,58,46,4366,3163,2,0,0,False,random-32-32-20-random-20.scen,140
140,random-32-32-20.map,planner,1,4841,3163,58,46,4366,3163,2,0,0,True,random-32-32-20-random-20.scen,140
140,random-32-32-20.map,planner,1,4841,3163,58,46,4366,3163,2,0,1,False,random-32-32-20-random-20.scen,140
140,random-32-32-20.map,planner,1,4683,3163,52,46,4108,3163,4,0,1,True,random-32-32-20-random-20.scen,140
140,random-32-32-20.map,planner,1,4841,3163,58,46,4366,3163,2,0,10,False,random-32-32-20-random-20.scen,140
140,random-32-32-20.map,planner,1,4835,3163,67,46,4253,3163,24,0,10,True,random-32-32-20-random-20.scen,140
140,random-32-32-20.map,planner,1,4841,3163,58,46,4366,3163,2,0,100,False,random-32-32-20-random-20.scen,140
140,random-32-32-20.map,planner,1,4905,3163,66,46,4281,3163,249,0,100,True,random-32-32-20-random-20.scen,140
140,random-32-32-20.map,planner,1,4841,3163,58,46,4366,3163,2,0,1000,False,random-32-32-20-random-20.scen,140
140,random-32-32-20.map,planner,1,5225,3163,76,46,4414,3163,2250,0,1000,True,random-32-32-20-random-20.scen,140
180,random-32-32-20.map,planner,1,7308,4047,77,46,6422,4047,4,0,0,False,random-32-32-20-random-20.scen,180
180,random-32-32-20.map,planner,1,7308,4047,77,46,6422,4047,5,0,0,True,random-32-32-20-random-20.scen,180
180,random-32-32-20.map,planner,1,7308,4047,77,46,6422,4047,4,0,1,False,random-32-32-20-random-20.scen,180
180,random-32-32-20.map,planner,1,6765,4047,74,46,5990,4047,13,0,1,True,random-32-32-20-random-20.scen,180
180,random-32-32-20.map,planner,1,7308,4047,77,46,6422,4047,5,0,10,False,random-32-32-20-random-20.scen,180
180,random-32-32-20.map,planner,1,7312,4047,70,46,6238,4047,135,0,10,True,random-32-32-20-random-20.scen,180
180,random-32-32-20.map,planner,1,7308,4047,77,46,6422,4047,5,0,100,False,random-32-32-20-random-20.scen,180
180,random-32-32-20.map,planner,1,6997,4047,66,46,6190,4047,1006,0,100,True,random-32-32-20-random-20.scen,180
180,random-32-32-20.map,planner,1,7308,4047,77,46,6422,4047,5,0,1000,False,random-32-32-20-random-20.scen,180
180,random-32-32-20.map,planner,1,7005,4047,61,46,6063,4047,9567,0,1000,True,random-32-32-20-random-20.scen,180
220,random-32-32-20.map,planner,1,9970,4895,85,46,8508,4895,5,0,0,False,random-32-32-20-random-20.scen,220
220,random-32-32-20.map,planner,1,9970,4895,85,46,8508,4895,5,0,0,True,random-32-32-20-random-20.scen,220
220,random-32-32-20.map,planner,1,9970,4895,85,46,8508,4895,5,0,1,False,random-32-32-20-random-20.scen,220
220,random-32-32-20.map,planner,1,10681,4895,129,46,8640,4895,22,0,1,True,random-32-32-20-random-20.scen,220
220,random-32-32-20.map,planner,1,9970,4895,85,46,8508,4895,5,0,10,False,random-32-32-20-random-20.scen,220
220,random-32-32-20.map,planner,1,10691,4895,112,46,8661,4895,177,0,10,True,random-32-32-20-random-20.scen,220
220,random-32-32-20.map,planner,1,9970,4895,85,46,8508,4895,5,0,100,False,random-32-32-20-random-20.scen,220
220,random-32-32-20.map,planner,1,11419,4895,139,46,8953,4895,1530,0,100,True,random-32-32-20-random-20.scen,220
220,random-32-32-20.map,planner,1,9970,4895,85,46,8508,4895,5,0,1000,False,random-32-32-20-random-20.scen,220
220,random-32-32-20.map,planner,1,9892,4895,99,46,8164,4895,14937,0,1000,True,random-32-32-20-random-20.scen,220
260,random-32-32-20.map,planner,1,12264,5794,86,49,10683,5794,6,0,0,False,random-32-32-20-random-20.scen,260
260,random-32-32-20.map,planner,1,12264,5794,86,49,10683,5794,6,0,0,True,random-32-32-20-random-20.scen,260
260,random-32-32-20.map,planner,1,12264,5794,86,49,10683,5794,6,0,1,False,random-32-32-20-random-20.scen,260
260,random-32-32-20.map,planner,1,14422,5794,152,49,11400,5794,38,0,1,True,random-32-32-20-random-20.scen,260
260,random-32-32-20.map,planner,1,12264,5794,86,49,10683,5794,6,0,10,False,random-32-32-20-random-20.scen,260
260,random-32-32-20.map,planner,1,17643,5794,203,49,12468,5794,259,0,10,True,random-32-32-20-random-20.scen,260
260,random-32-32-20.map,planner,1,12264,5794,86,49,10683,5794,6,0,100,False,random-32-32-20-random-20.scen,260
260,random-32-32-20.map,planner,1,13997,5794,123,49,11312,5794,2354,0,100,True,random-32-32-20-random-20.scen,260
260,random-32-32-20.map,planner,1,12264,5794,86,49,10683,5794,6,0,1000,False,random-32-32-20-random-20.scen,260
260,random-32-32-20.map,planner,1,14649,5794,147,49,11569,5794,22718,0,1000,True,random-32-32-20-random-20.scen,260
300,random-32-32-20.map,planner,1,19487,6832,157,50,16108,6832,157,0,0,False,random-32-32-20-random-20.scen,300
300,random-32-32-20.map,planner,1,19487,6832,157,50,16108,6832,154,0,0,True,random-32-32-20-random-20.scen,300
300,random-32-32-20.map,planner,1,19487,6832,157,50,16108,6832,161,0,1,False,random-32-32-20-random-20.scen,300
300,random-32-32-20.map,planner,1,23061,6832,266,50,16752,6832,254,0,1,True,random-32-32-20-random-20.scen,300
300,random-32-32-20.map,planner,1,19487,6832,157,50,16108,6832,161,0,10,False,random-32-32-20-random-20.scen,300
300,random-32-32-20.map,planner,1,28027,6832,310,50,18948,6832,386,0,10,True,random-32-32-20-random-20.scen,300
300,random-32-32-20.map,planner,1,19487,6832,157,50,16108,6832,155,0,100,False,random-32-32-20-random-20.scen,300
300,random-32-32-20.map,planner,1,21019,6832,196,50,16311,6832,3175,0,100,True,random-32-32-20-random-20.scen,300
300,random-32-32-20.map,planner,1,19487,6832,157,50,16108,6832,159,0,1000,False,random-32-32-20-random-20.scen,300
300,random-32-32-20.map,planner,1,31006,6832,331,50,20277,6832,33432,0,1000,True,random-32-32-20-random-20.scen,300
340,random-32-32-20.map,planner,1,20909,7784,145,50,17835,7784,696,0,0,False,random-32-32-20-random-20.scen,340
340,random-32-32-20.map,planner,1,20909,7784,145,50,17835,7784,703,0,0,True,random-32-32-20-random-20.scen,340
340,random-32-32-20.map,planner,1,20909,7784,145,50,17835,7784,681,0,1,False,random-32-32-20-random-20.scen,340
340,random-32-32-20.map,planner,1,23870,7784,217,50,19020,7784,215,0,1,True,random-32-32-20-random-20.scen,340
340,random-32-32-20.map,planner,1,20909,7784,145,50,17835,7784,692,0,10,False,random-32-32-20-random-20.scen,340
340,random-32-32-20.map,planner,1,31787,7784,329,50,21070,7784,1440,0,10,True,random-32-32-20-random-20.scen,340
340,random-32-32-20.map,planner,1,20909,7784,145,50,17835,7784,688,0,100,False,random-32-32-20-random-20.scen,340
340,random-32-32-20.map,planner,1,41995,7784,442,50,25982,7784,5039,0,100,True,random-32-32-20-random-20.scen,340
340,random-32-32-20.map,planner,1,20909,7784,145,50,17835,7784,690,0,1000,False,random-32-32-20-random-20.scen,340
340,random-32-32-20.map,planner,1,41942,7784,478,50,28018,7784,37870,0,1000,True,random-32-32-20-random-20.scen,340
380,random-32-32-20.map,planner,1,25954,8660,140,50,21822,8660,51,0,0,False,random-32-32-20-random-20.scen,380
380,random-32-32-20.map,planner,1,25954,8660,140,50,21822,8660,54,0,0,True,random-32-32-20-random-20.scen,380
380,random-32-32-20.map,planner,1,25954,8660,140,50,21822,8660,50,0,1,False,random-32-32-20-random-20.scen,380
380,random-32-32-20.map,planner,1,32816,8660,254,50,24304,8660,144,0,1,True,random-32-32-20-random-20.scen,380
380,random-32-32-20.map,planner,1,25954,8660,140,50,21822,8660,51,0,10,False,random-32-32-20-random-20.scen,380
380,random-32-32-20.map,planner,1,39770,8660,347,50,27234,8660,937,0,10,True,random-32-32-20-random-20.scen,380
380,random-32-32-20.map,planner,1,25954,8660,140,50,21822,8660,50,0,100,False,random-32-32-20-random-20.scen,380
380,random-32-32-20.map,planner,1,41491,8660,341,50,27362,8660,5791,0,100,True,random-32-32-20-random-20.scen,380
380,random-32-32-20.map,planner,1,25954,8660,140,50,21822,8660,51,0,1000,False,random-32-32-20-random-20.scen,380
380,random-32-32-20.map,planner,1,55882,8660,454,50,32571,8660,49259,0,1000,True,random-32-32-20-random-20.scen,380
380,random-32-32-20.map,planner,1,55882,8660,454,50,32571,8660,49259,0,0,False,random-32-32-20-random-20.scen,420
380,random-32-32-20.map,planner,1,55882,8660,454,50,32571,8660,49259,0,0,True,random-32-32-20-random-20.scen,420
380,random-32-32-20.map,planner,1,55882,8660,454,50,32571,8660,49259,0,1,False,random-32-32-20-random-20.scen,420
380,random-32-32-20.map,planner,1,55882,8660,454,50,32571,8660,49259,0,1,True,random-32-32-20-random-20.scen,420
380,random-32-32-20.map,planner,1,55882,8660,454,50,32571,8660,49259,0,10,False,random-32-32-20-random-20.scen,420
380,random-32-32-20.map,planner,1,55882,8660,454,50,32571,8660,49259,0,10,True,random-32-32-20-random-20.scen,420
380,random-32-32-20.map,planner,1,55882,8660,454,50,32571,8660,49259,0,100,False,random-32-32-20-random-20.scen,420
380,random-32-32-20.map,planner,1,55882,8660,454,50,32571,8660,49259,0,100,True,random-32-32-20-random-20.scen,420
380,random-32-32-20.map,planner,1,55882,8660,454,50,32571,8660,49259,0,1000,False,random-32-32-20-random-20.scen,420
380,random-32-32-20.map,planner,1,55882,8660,454,50,32571,8660,49259,0,1000,True,random-32-32-20-random-20.scen,420
380,random-32-32-20.map,planner,1,55882,8660,454,50,32571,8660,49259,0,0,False,random-32-32-20-random-20.scen,460
380,random-32-32-20.map,planner,1,55882,8660,454,50,32571,8660,49259,0,0,True,random-32-32-20-random-20.scen,460
380,random-32-32-20.map,planner,1,55882,8660,454,50,32571,8660,49259,0,1,False,random-32-32-20-random-20.scen,460
380,random-32-32-20.map,planner,1,55882,8660,454,50,32571,8660,49259,0,1,True,random-32-32-20-random-20.scen,460
380,random-32-32-20.map,planner,1,55882,8660,454,50,32571,8660,49259,0,10,False,random-32-32-20-random-20.scen,460
380,random-32-32-20.map,planner,1,55882,8660,454,50,32571,8660,49259,0,10,True,random-32-32-20-random-20.scen,460
380,random-32-32-20.map,planner,1,55882,8660,454,50,32571,8660,49259,0,100,False,random-32-32-20-random-20.scen,460
380,random-32-32-20.map,planner,1,55882,8660,454,50,32571,8660,49259,0,100,True,random-32-32-20-random-20.scen,460
380,random-32-32-20.map,planner,1,55882,8660,454,50,32571,8660,49259,0,1000,False,random-32-32-20-random-20.scen,460
380,random-32-32-20.map,planner,1,55882,8660,454,50,32571,8660,49259,0,1000,True,random-32-32-20-random-20.scen,460
380,random-32-32-20.map,planner,1,55882,8660,454,50,32571,8660,49259,0,0,False,random-32-32-20-random-20.scen,500
380,random-32-32-20.map,planner,1,55882,8660,454,50,32571,8660,49259,0,0,True,random-32-32-20-random-20.scen,500
380,random-32-32-20.map,planner,1,55882,8660,454,50,32571,8660,49259,0,1,False,random-32-32-20-random-20.scen,500
380,random-32-32-20.map,planner,1,55882,8660,454,50,32571,8660,49259,0,1,True,random-32-32-20-random-20.scen,500
380,random-32-32-20.map,planner,1,55882,8660,454,50,32571,8660,49259,0,10,False,random-32-32-20-random-20.scen,500
380,random-32-32-20.map,planner,1,55882,8660,454,50,32571,8660,49259,0,10,True,random-32-32-20-random-20.scen,500
380,random-32-32-20.map,planner,1,55882,8660,454,50,32571,8660,49259,0,100,False,random-32-32-20-random-20.scen,500
380,random-32-32-20.map,planner,1,55882,8660,454,50,32571,8660,49259,0,100,True,random-32-32-20-random-20.scen,500
380,random-32-32-20.map,planner,1,55882,8660,454,50,32571,8660,49259,0,1000,False,random-32-32-20-random-20.scen,500
380,random-32-32-20.map,planner,1,55882,8660,454,50,32571,8660,49259,0,1000,True,random-32-32-20-random-20.scen,500
380,random-32-32-20.map,planner,1,55882,8660,454,50,32571,8660,49259,0,0,False,random-32-32-20-random-20.scen,540
380,random-32-32-20.map,planner,1,55882,8660,454,50,32571,8660,49259,0,0,True,random-32-32-20-random-20.scen,540
380,random-32-32-20.map,planner,1,55882,8660,454,50,32571,8660,49259,0,1,False,random-32-32-20-random-20.scen,540
380,random-32-32-20.map,planner,1,55882,8660,454,50,32571,8660,49259,0,1,True,random-32-32-20-random-20.scen,540
380,random-32-32-20.map,planner,1,55882,8660,454,50,32571,8660,49259,0,10,False,random-32-32-20-random-20.scen,540
380,random-32-32-20.map,planner,1,55882,8660,454,50,32571,8660,49259,0,10,True,random-32-32-20-random-20.scen,540
380,random-32-32-20.map,planner,1,55882,8660,454,50,32571,8660,49259,0,100,False,random-32-32-20-random-20.scen,540
380,random-32-32-20.map,planner,1,55882,8660,454,50,32571,8660,49259,0,100,True,random-32-32-20-random-20.scen,540
380,random-32-32-20.map,planner,1,55882,8660,454,50,32571,8660,49259,0,1000,False,random-32-32-20-random-20.scen,540
380,random-32-32-20.map,planner,1,55882,8660,454,50,32571,8660,49259,0,1000,True,random-32-32-20-random-20.scen,540
380,random-32-32-20.map,planner,1,55882,8660,454,50,32571,8660,49259,0,0,False,random-32-32-20-random-20.scen,580
380,random-32-32-20.map,planner,1,55882,8660,454,50,32571,8660,49259,0,0,True,random-32-32-20-random-20.scen,580
380,random-32-32-20.map,planner,1,55882,8660,454,50,32571,8660,49259,0,1,False,random-32-32-20-random-20.scen,580
380,random-32-32-20.map,planner,1,55882,8660,454,50,32571,8660,49259,0,1,True,random-32-32-20-random-20.scen,580
380,random-32-32-20.map,planner,1,55882,8660,454,50,32571,8660,49259,0,10,False,random-32-32-20-random-20.scen,580
380,random-32-32-20.map,planner,1,55882,8660,454,50,32571,8660,49259,0,10,True,random-32-32-20-random-20.scen,580
380,random-32-32-20.map,planner,1,55882,8660,454,50,32571,8660,49259,0,100,False,random-32-32-20-random-20.scen,580
380,random-32-32-20.map,planner,1,55882,8660,454,50,32571,8660,49259,0,100,True,random-32-32-20-random-20.scen,580
380,random-32-32-20.map,planner,1,55882,8660,454,50,32571,8660,49259,0,1000,False,random-32-32-20-random-20.scen,580
380,random-32-32-20.map,planner,1,55882,8660,454,50,32571,8660,49259,0,1000,True,random-32-32-20-random-20.scen,580
380,random-32-32-20.map,planner,1,55882,8660,454,50,32571,8660,49259,0,0,False,random-32-32-20-random-20.scen,620
380,random-32-32-20.map,planner,1,55882,8660,454,50,32571,8660,49259,0,0,True,random-32-32-20-random-20.scen,620
380,random-32-32-20.map,planner,1,55882,8660,454,50,32571,8660,49259,0,1,False,random-32-32-20-random-20.scen,620
380,random-32-32-20.map,planner,1,55882,8660,454,50,32571,8660,49259,0,1,True,random-32-32-20-random-20.scen,620
380,random-32-32-20.map,planner,1,55882,8660,454,50,32571,8660,49259,0,10,False,random-32-32-20-random-20.scen,620
380,random-32-32-20.map,planner,1,55882,8660,454,50,32571,8660,49259,0,10,True,random-32-32-20-random-20.scen,620
380,random-32-32-20.map,planner,1,55882,8660,454,50,32571,8660,49259,0,100,False,random-32-32-20-random-20.scen,620
380,random-32-32-20.map,planner,1,55882,8660,454,50,32571,8660,49259,0,100,True,random-32-32-20-random-20.scen,620
380,random-32-32-20.map,planner,1,55882,8660,454,50,32571,8660,49259,0,1000,False,random-32-32-20-random-20.scen,620
380,random-32-32-20.map,planner,1,55882,8660,454,50,32571,8660,49259,0,1000,True,random-32-32-20-random-20.scen,620
380,random-32-32-20.map,planner,1,55882,8660,454,50,32571,8660,49259,0,0,False,random-32-32-20-random-20.scen,660
380,random-32-32-20.map,planner,1,55882,8660,454,50,32571,8660,49259,0,0,True,random-32-32-20-random-20.scen,660
380,random-32-32-20.map,planner,1,55882,8660,454,50,32571,8660,49259,0,1,False,random-32-32-20-random-20.scen,660
380,random-32-32-20.map,planner,1,55882,8660,454,50,32571,8660,49259,0,1,True,random-32-32-20-random-20.scen,660
380,random-32-32-20.map,planner,1,55882,8660,454,50,32571,8660,49259,0,10,False,random-32-32-20-random-20.scen,660
380,random-32-32-20.map,planner,1,55882,8660,454,50,32571,8660,49259,0,10,True,random-32-32-20-random-20.scen,660
380,random-32-32-20.map,planner,1,55882,8660,454,50,32571,8660,49259,0,100,False,random-32-32-20-random-20.scen,660
380,random-32-32-20.map,planner,1,55882,8660,454,50,32571,8660,49259,0,100,True,random-32-32-20-random-20.scen,660
380,random-32-32-20.map,planner,1,55882,8660,454,50,32571,8660,49259,0,1000,False,random-32-32-20-random-20.scen,660
380,random-32-32-20.map,planner,1,55882,8660,454,50,32571,8660,49259,0,1000,True,random-32-32-20-random-20.scen,660
380,random-32-32-20.map,planner,1,55882,8660,454,50,32571,8660,49259,0,0,False,random-32-32-20-random-20.scen,700
380,random-32-32-20.map,planner,1,55882,8660,454,50,32571,8660,49259,0,0,True,random-32-32-20-random-20.scen,700
380,random-32-32-20.map,planner,1,55882,8660,454,50,32571,8660,49259,0,1,False,random-32-32-20-random-20.scen,700
380,random-32-32-20.map,planner,1,55882,8660,454,50,32571,8660,49259,0,1,True,random-32-32-20-random-20.scen,700
380,random-32-32-20.map,planner,1,55882,8660,454,50,32571,8660,49259,0,10,False,random-32-32-20-random-20.scen,700
380,random-32-32-20.map,planner,1,55882,8660,454,50,32571,8660,49259,0,10,True,random-32-32-20-random-20.scen,700
380,random-32-32-20.map,planner,1,55882,8660,454,50,32571,8660,49259,0,100,False,random-32-32-20-random-20.scen,700
380,random-32-32-20.map,planner,1,55882,8660,454,50,32571,8660,49259,0,100,True,random-32-32-20-random-20.scen,700
380,random-32-32-20.map,planner,1,55882,8660,454,50,32571,8660,49259,0,1000,False,random-32-32-20-random-20.scen,700
380,random-32-32-20.map,planner,1,55882,8660,454,50,32571,8660,49259,0,1000,True,random-32-32-20-random-20.scen,700
380,random-32-32-20.map,planner,1,55882,8660,454,50,32571,8660,49259,0,0,False,random-32-32-20-random-20.scen,740
380,random-32-32-20.map,planner,1,55882,8660,454,50,32571,8660,49259,0,0,True,random-32-32-20-random-20.scen,740
380,random-32-32-20.map,planner,1,55882,8660,454,50,32571,8660,49259,0,1,False,random-32-32-20-random-20.scen,740
380,random-32-32-20.map,planner,1,55882,8660,454,50,32571,8660,49259,0,1,True,random-32-32-20-random-20.scen,740
380,random-32-32-20.map,planner,1,55882,8660,454,50,32571,8660,49259,0,10,False,random-32-32-20-random-20.scen,740
380,random-32-32-20.map,planner,1,55882,8660,454,50,32571,8660,49259,0,10,True,random-32-32-20-random-20.scen,740
380,random-32-32-20.map,planner,1,55882,8660,454,50,32571,8660,49259,0,100,False,random-32-32-20-random-20.scen,740
380,random-32-32-20.map,planner,1,55882,8660,454,50,32571,8660,49259,0,100,True,random-32-32-20-random-20.scen,740
380,random-32-32-20.map,planner,1,55882,8660,454,50,32571,8660,49259,0,1000,False,random-32-32-20-random-20.scen,740
380,random-32-32-20.map,planner,1,55882,8660,454,50,32571,8660,49259,0,1000,True,random-32-32-20-random-20.scen,740
380,random-32-32-20.map,planner,1,55882,8660,454,50,32571,8660,49259,0,0,False,random-32-32-20-random-20.scen,780
380,random-32-32-20.map,planner,1,55882,8660,454,50,32571,8660,49259,0,0,True,random-32-32-20-random-20.scen,780
380,random-32-32-20.map,planner,1,55882,8660,454,50,32571,8660,49259,0,1,False,random-32-32-20-random-20.scen,780
380,random-32-32-20.map,planner,1,55882,8660,454,50,32571,8660,49259,0,1,True,random-32-32-20-random-20.scen,780
380,random-32-32-20.map,planner,1,55882,8660,454,50,32571,8660,49259,0,10,False,random-32-32-20-random-20.scen,780
380,random-32-32-20.map,planner,1,55882,8660,454,50,32571,8660,49259,0,10,True,random-32-32-20-random-20.scen,780
380,random-32-32-20.map,planner,1,55882,8660,454,50,32571,8660,49259,0,100,False,random-32-32-20-random-20.scen,780
380,random-32-32-20.map,planner,1,55882,8660,454,50,32571,8660,49259,0,100,True,random-32-32-20-random-20.scen,780
380,random-32-32-20.map,planner,1,55882,8660,454,50,32571,8660,49259,0,1000,False,random-32-32-20-random-20.scen,780
380,random-32-32-20.map,planner,1,55882,8660,454,50,32571,8660,49259,0,1000,True,random-32-32-20-random-20.scen,780
380,random-32-32-20.map,planner,1,55882,8660,454,50,32571,8660,49259,0,0,False,random-32-32-20-random-20.scen,820
380,random-32-32-20.map,planner,1,55882,8660,454,50,32571,8660,49259,0,0,True,random-32-32-20-random-20.scen,820
380,random-32-32-20.map,planner,1,55882,8660,454,50,32571,8660,49259,0,1,False,random-32-32-20-random-20.scen,820
380,random-32-32-20.map,planner,1,55882,8660,454,50,32571,8660,49259,0,1,True,random-32-32-20-random-20.scen,820
380,random-32-32-20.map,planner,1,55882,8660,454,50,32571,8660,49259,0,10,False,random-32-32-20-random-20.scen,820
380,random-32-32-20.map,planner,1,55882,8660,454,50,32571,8660,49259,0,10,True,random-32-32-20-random-20.scen,820
380,random-32-32-20.map,planner,1,55882,8660,454,50,32571,8660,49259,0,100,False,random-32-32-20-random-20.scen,820
380,random-32-32-20.map,planner,1,55882,8660,454,50,32571,8660,49259,0,100,True,random-32-32-20-random-20.scen,820
380,random-32-32-20.map,planner,1,55882,8660,454,50,32571,8660,49259,0,1000,False,random-32-32-20-random-20.scen,820
380,random-32-32-20.map,planner,1,55882,8660,454,50,32571,8660,49259,0,1000,True,random-32-32-20-random-20.scen,820
380,random-32-32-20.map,planner,1,55882,8660,454,50,32571,8660,49259,0,0,False,random-32-32-20-random-20.scen,860
380,random-32-32-20.map,planner,1,55882,8660,454,50,32571,8660,49259,0,0,True,random-32-32-20-random-20.scen,860
380,random-32-32-20.map,planner,1,55882,8660,454,50,32571,8660,49259,0,1,False,random-32-32-20-random-20.scen,860
380,random-32-32-20.map,planner,1,55882,8660,454,50,32571,8660,49259,0,1,True,random-32-32-20-random-20.scen,860
380,random-32-32-20.map,planner,1,55882,8660,454,50,32571,8660,49259,0,10,False,random-32-32-20-random-20.scen,860
380,random-32-32-20.map,planner,1,55882,8660,454,50,32571,8660,49259,0,10,True,random-32-32-20-random-20.scen,860
380,random-32-32-20.map,planner,1,55882,8660,454,50,32571,8660,49259,0,100,False,random-32-32-20-random-20.scen,860
380,random-32-32-20.map,planner,1,55882,8660,454,50,32571,8660,49259,0,100,True,random-32-32-20-random-20.scen,860
380,random-32-32-20.map,planner,1,55882,8660,454,50,32571,8660,49259,0,1000,False,random-32-32-20-random-20.scen,860
380,random-32-32-20.map,planner,1,55882,8660,454,50,32571,8660,49259,0,1000,True,random-32-32-20-random-20.scen,860
380,random-32-32-20.map,planner,1,55882,8660,454,50,32571,8660,49259,0,0,False,random-32-32-20-random-20.scen,900
380,random-32-32-20.map,planner,1,55882,8660,454,50,32571,8660,49259,0,0,True,random-32-32-20-random-20.scen,900
380,random-32-32-20.map,planner,1,55882,8660,454,50,32571,8660,49259,0,1,False,random-32-32-20-random-20.scen,900
380,random-32-32-20.map,planner,1,55882,8660,454,50,32571,8660,49259,0,1,True,random-32-32-20-random-20.scen,900
380,random-32-32-20.map,planner,1,55882,8660,454,50,32571,8660,49259,0,10,False,random-32-32-20-random-20.scen,900
380,random-32-32-20.map,planner,1,55882,8660,454,50,32571,8660,49259,0,10,True,random-32-32-20-random-20.scen,900
380,random-32-32-20.map,planner,1,55882,8660,454,50,32571,8660,49259,0,100,False,random-32-32-20-random-20.scen,900
380,random-32-32-20.map,planner,1,55882,8660,454,50,32571,8660,49259,0,100,True,random-32-32-20-random-20.scen,900
380,random-32-32-20.map,planner,1,55882,8660,454,50,32571,8660,49259,0,1000,False,random-32-32-20-random-20.scen,900
380,random-32-32-20.map,planner,1,55882,8660,454,50,32571,8660,49259,0,1000,True,random-32-32-20-random-20.scen,900
380,random-32-32-20.map,planner,1,55882,8660,454,50,32571,8660,49259,0,0,False,random-32-32-20-random-20.scen,940
380,random-32-32-20.map,planner,1,55882,8660,454,50,32571,8660,49259,0,0,True,random-32-32-20-random-20.scen,940
380,random-32-32-20.map,planner,1,55882,8660,454,50,32571,8660,49259,0,1,False,random-32-32-20-random-20.scen,940
380,random-32-32-20.map,planner,1,55882,8660,454,50,32571,8660,49259,0,1,True,random-32-32-20-random-20.scen,940
380,random-32-32-20.map,planner,1,55882,8660,454,50,32571,8660,49259,0,10,False,random-32-32-20-random-20.scen,940
380,random-32-32-20.map,planner,1,55882,8660,454,50,32571,8660,49259,0,10,True,random-32-32-20-random-20.scen,940
380,random-32-32-20.map,planner,1,55882,8660,454,50,32571,8660,49259,0,100,False,random-32-32-20-random-20.scen,940
380,random-32-32-20.map,planner,1,55882,8660,454,50,32571,8660,49259,0,100,True,random-32-32-20-random-20.scen,940
380,random-32-32-20.map,planner,1,55882,8660,454,50,32571,8660,49259,0,1000,False,random-32-32-20-random-20.scen,940
380,random-32-32-20.map,planner,1,55882,8660,454,50,32571,8660,49259,0,1000,True,random-32-32-20-random-20.scen,940
380,random-32-32-20.map,planner,1,55882,8660,454,50,32571,8660,49259,0,0,False,random-32-32-20-random-20.scen,980
380,random-32-32-20.map,planner,1,55882,8660,454,50,32571,8660,49259,0,0,True,random-32-32-20-random-20.scen,980
380,random-32-32-20.map,planner,1,55882,8660,454,50,32571,8660,49259,0,1,False,random-32-32-20-random-20.scen,980
380,random-32-32-20.map,planner,1,55882,8660,454,50,32571,8660,49259,0,1,True,random-32-32-20-random-20.scen,980
380,random-32-32-20.map,planner,1,55882,8660,454,50,32571,8660,49259,0,10,False,random-32-32-20-random-20.scen,980
380,random-32-32-20.map,planner,1,55882,8660,454,50,32571,8660,49259,0,10,True,random-32-32-20-random-20.scen,980
380,random-32-32-20.map,planner,1,55882,8660,454,50,32571,8660,49259,0,100,False,random-32-32-20-random-20.scen,980
380,random-32-32-20.map,planner,1,55882,8660,454,50,32571,8660,49259,0,100,True,random-32-32-20-random-20.scen,980
380,random-32-32-20.map,planner,1,55882,8660,454,50,32571,8660,49259,0,1000,False,random-32-32-20-random-20.scen,980
380,random-32-32-20.map,planner,1,55882,8660,454,50,32571,8660,49259,0,1000,True,random-32-32-20-random-20.scen,980
20,random-32-32-20.map,planner,1,453,393,41,41,409,393,0,0,0,False,random-32-32-20-random-12.scen,20
20,random-32-32-20.map,planner,1,453,393,41,41,409,393,0,0,0,True,random-32-32-20-random-12.scen,20
20,random-32-32-20.map,planner,1,453,393,41,41,409,393,0,0,1,False,random-32-32-20-random-12.scen,20
20,random-32-32-20.map,planner,1,453,393,41,41,409,393,0,0,1,True,random-32-32-20-random-12.scen,20
20,random-32-32-20.map,planner,1,453,393,41,41,409,393,0,0,10,False,random-32-32-20-random-12.scen,20
20,random-32-32-20.map,planner,1,453,393,41,41,409,393,0,0,10,True,random-32-32-20-random-12.scen,20
20,random-32-32-20.map,planner,1,453,393,41,41,409,393,0,0,100,False,random-32-32-20-random-12.scen,20
20,random-32-32-20.map,planner,1,453,393,41,41,409,393,0,0,100,True,random-32-32-20-random-12.scen,20
20,random-32-32-20.map,planner,1,453,393,41,41,409,393,0,0,1000,False,random-32-32-20-random-12.scen,20
20,random-32-32-20.map,planner,1,453,393,41,41,409,393,0,0,1000,True,random-32-32-20-random-12.scen,20
60,random-32-32-20.map,planner,1,2013,1437,60,60,1745,1437,1,0,0,False,random-32-32-20-random-12.scen,60
60,random-32-32-20.map,planner,1,2013,1437,60,60,1745,1437,1,0,0,True,random-32-32-20-random-12.scen,60
60,random-32-32-20.map,planner,1,2013,1437,60,60,1745,1437,1,0,1,False,random-32-32-20-random-12.scen,60
60,random-32-32-20.map,planner,1,1970,1437,60,60,1723,1437,1,0,1,True,random-32-32-20-random-12.scen,60
60,random-32-32-20.map,planner,1,2013,1437,60,60,1745,1437,1,0,10,False,random-32-32-20-random-12.scen,60
60,random-32-32-20.map,planner,1,1970,1437,60,60,1723,1437,1,0,10,True,random-32-32-20-random-12.scen,60
60,random-32-32-20.map,planner,1,2013,1437,60,60,1745,1437,1,0,100,False,random-32-32-20-random-12.scen,60
60,random-32-32-20.map,planner,1,1970,1437,60,60,1723,1437,1,0,100,True,random-32-32-20-random-12.scen,60
60,random-32-32-20.map,planner,1,2013,1437,60,60,1745,1437,1,0,1000,False,random-32-32-20-random-12.scen,60
60,random-32-32-20.map,planner,1,1970,1437,60,60,1723,1437,1,0,1000,True,random-32-32-20-random-12.scen,60
100,random-32-32-20.map,planner,1,3338,2311,60,60,2998,2311,1,0,0,False,random-32-32-20-random-12.scen,100
100,random-32-32-20.map,planner,1,3338,2311,60,60,2998,2311,1,0,0,True,random-32-32-20-random-12.scen,100
100,random-32-32-20.map,planner,1,3338,2311,60,60,2998,2311,1,0,1,False,random-32-32-20-random-12.scen,100
100,random-32-32-20.map,planner,1,3292,2311,72,60,2956,2311,2,0,1,True,random-32-32-20-random-12.scen,100
100,random-32-32-20.map,planner,1,3338,2311,60,60,2998,2311,1,0,10,False,random-32-32-20-random-12.scen,100
100,random-32-32-20.map,planner,1,3292,2311,72,60,2956,2311,3,0,10,True,random-32-32-20-random-12.scen,100
100,random-32-32-20.map,planner,1,3338,2311,60,60,2998,2311,1,0,100,False,random-32-32-20-random-12.scen,100
100,random-32-32-20.map,planner,1,3292,2311,72,60,2956,2311,2,0,100,True,random-32-32-20-random-12.scen,100
100,random-32-32-20.map,planner,1,3338,2311,60,60,2998,2311,1,0,1000,False,random-32-32-20-random-12.scen,100
100,random-32-32-20.map,planner,1,3292,2311,72,60,2956,2311,2,0,1000,True,random-32-32-20-random-12.scen,100
140,random-32-32-20.map,planner,1,5239,3187,62,60,4510,3187,2,0,0,False,random-32-32-20-random-12.scen,140
140,random-32-32-20.map,planner,1,5239,3187,62,60,4510,3187,2,0,0,True,random-32-32-20-random-12.scen,140
140,random-32-32-20.map,planner,1,5239,3187,62,60,4510,3187,2,0,1,False,random-32-32-20-random-12.scen,140
140,random-32-32-20.map,planner,1,5377,3187,86,60,4575,3187,8,0,1,True,random-32-32-20-random-12.scen,140
140,random-32-32-20.map,planner,1,5239,3187,62,60,4510,3187,2,0,10,False,random-32-32-20-random-12.scen,140
140,random-32-32-20.map,planner,1,5170,3187,65,60,4335,3187,30,0,10,True,random-32-32-20-random-12.scen,140
140,random-32-32-20.map,planner,1,5239,3187,62,60,4510,3187,2,0,100,False,random-32-32-20-random-12.scen,140
140,random-32-32-20.map,planner,1,5593,3187,84,60,4559,3187,165,0,100,True,random-32-32-20-random-12.scen,140
140,random-32-32-20.map,planner,1,5239,3187,62,60,4510,3187,2,0,1000,False,random-32-32-20-random-12.scen,140
140,random-32-32-20.map,planner,1,5203,3187,71,60,4366,3187,339,0,1000,True,random-32-32-20-random-12.scen,140
180,random-32-32-20.map,planner,1,7348,4099,64,60,6354,4099,3,0,0,False,random-32-32-20-random-12.scen,180
180,random-32-32-20.map,planner,1,7348,4099,64,60,6354,4099,3,0,0,True,random-32-32-20-random-12.scen,180
180,random-32-32-20.map,planner,1,7348,4099,64,60,6354,4099,3,0,1,False,random-32-32-20-random-12.scen,180
180,random-32-32-20.map,planner,1,9012,4099,124,60,7031,4099,17,0,1,True,random-32-32-20-random-12.scen,180
180,random-32-32-20.map,planner,1,7348,4099,64,60,6354,4099,3,0,10,False,random-32-32-20-random-12.scen,180
180,random-32-32-20.map,planner,1,8595,4099,120,60,6888,4099,119,0,10,True,random-32-32-20-random-12.scen,180
180,random-32-32-20.map,planner,1,7348,4099,64,60,6354,4099,3,0,100,False,random-32-32-20-random-12.scen,180
180,random-32-32-20.map,planner,1,8190,4099,92,60,6540,4099,1105,0,100,True,random-32-32-20-random-12.scen,180
180,random-32-32-20.map,planner,1,7348,4099,64,60,6354,4099,3,0,1000,False,random-32-32-20-random-12.scen,180
180,random-32-32-20.map,planner,1,8005,4099,93,60,6425,4099,10082,0,1000,True,random-32-32-20-random-12.scen,180
220,random-32-32-20.map,planner,1,11241,5054,101,60,9342,5054,125,0,0,False,random-32-32-20-random-12.scen,220
220,random-32-32-20.map,planner,1,11241,5054,101,60,9342,5054,128,0,0,True,random-32-32-20-random-12.scen,220
220,random-32-32-20.map,planner,1,11241,5054,101,60,9342,5054,127,0,1,False,random-32-32-20-random-12.scen,220
220,random-32-32-20.map,planner,1,11585,5054,124,60,9760,5054,29,0,1,True,random-32-32-20-random-12.scen,220
220,random-32-32-20.map,planner,1,11241,5054,101,60,9342,5054,128,0,10,False,random-32-32-20-random-12.scen,220
220,random-32-32-20.map,planner,1,10744,5054,118,60,8723,5054,164,0,10,True,random-32-32-20-random-12.scen,220
220,random-32-32-20.map,planner,1,11241,5054,101,60,9342,5054,130,0,100,False,random-32-32-20-random-12.scen,220
220,random-32-32-20.map,planner,1,11863,5054,122,60,9710,5054,2357,0,100,True,random-32-32-20-random-12.scen,220
220,random-32-32-20.map,planner,1,11241,5054,101,60,9342,5054,129,0,1000,False,random-32-32-20-random-12.scen,220
220,random-32-32-20.map,planner,1,13183,5054,156,60,9822,5054,19846,0,1000,True,random-32-32-20-random-12.scen,220
260,random-32-32-20.map,planner,1,13613,5939,92,60,11708,5939,7,0,0,False,random-32-32-20-random-12.scen,260
260,random-32-32-20.map,planner,1,13613,5939,92,60,11708,5939,9,0,0,True,random-32-32-20-random-12.scen,260
260,random-32-32-20.map,planner,1,13613,5939,92,60,11708,5939,7,0,1,False,random-32-32-20-random-12.scen,260
260,random-32-32-20.map,planner,1,15195,5939,130,60,11686,5939,35,0,1,True,random-32-32-20-random-12.scen,260
260,random-32-32-20.map,planner,1,13613,5939,92,60,11708,5939,7,0,10,False,random-32-32-20-random-12.scen,260
260,random-32-32-20.map,planner,1,16412,5939,155,60,12511,5939,271,0,10,True,random-32-32-20-random-12.scen,260
260,random-32-32-20.map,planner,1,13613,5939,92,60,11708,5939,7,0,100,False,random-32-32-20-random-12.scen,260
260,random-32-32-20.map,planner,1,20653,5939,235,60,14641,5939,2661,0,100,True,random-32-32-20-random-12.scen,260
260,random-32-32-20.map,planner,1,13613,5939,92,60,11708,5939,7,0,1000,False,random-32-32-20-random-12.scen,260
260,random-32-32-20.map,planner,1,16591,5939,179,60,12711,5939,30644,0,1000,True,random-32-32-20-random-12.scen,260
300,random-32-32-20.map,planner,1,20668,6841,135,60,16436,6841,19,0,0,False,random-32-32-20-random-12.scen,300
300,random-32-32-20.map,planner,1,20668,6841,135,60,16436,6841,21,0,0,True,random-32-32-20-random-12.scen,300
300,random-32-32-20.map,planner,1,20668,6841,135,60,16436,6841,18,0,1,False,random-32-32-20-random-12.scen,300
300,random-32-32-20.map,planner,1,21232,6841,195,60,15741,6841,168,0,1,True,random-32-32-20-random-12.scen,300
300,random-32-32-20.map,planner,1,20668,6841,135,60,16436,6841,18,0,10,False,random-32-32-20-random-12.scen,300
300,random-32-32-20.map,planner,1,30542,6841,312,60,19758,6841,432,0,10,True,random-32-32-20-random-12.scen,300
300,random-32-32-20.map,planner,1,20668,6841,135,60,16436,6841,18,0,100,False,random-32-32-20-random-12.scen,300
300,random-32-32-20.map,planner,1,33590,6841,390,60,21195,6841,3623,0,100,True,random-32-32-20-random-12.scen,300
300,random-32-32-20.map,planner,1,20668,6841,135,60,16436,6841,19,0,1000,False,random-32-32-20-random-12.scen,300
300,random-32-32-20.map,planner,1,27747,6841,280,60,19039,6841,39864,0,1000,True,random-32-32-20-random-12.scen,300
340,random-32-32-20.map,planner,1,23299,7757,140,60,19348,7757,293,0,0,False,random-32-32-20-random-12.scen,340
340,random-32-32-20.map,planner,1,23299,7757,140,60,19348,7757,308,0,0,True,random-32-32-20-random-12.scen,340
340,random-32-32-20.map,planner,1,23299,7757,140,60,19348,7757,297,0,1,False,random-32-32-20-random-12.scen,340
340,random-32-32-20.map,planner,1,28121,7757,256,60,20931,7757,184,0,1,True,random-32-32-20-random-12.scen,340
340,random-32-32-20.map,planner,1,23299,7757,140,60,19348,7757,286,0,10,False,random-32-32-20-random-12.scen,340
340,random-32-32-20.map,planner,1,43820,7757,413,60,26246,7757,1910,0,10,True,random-32-32-20-random-12.scen,340
340,random-32-32-20.map,planner,1,23299,7757,140,60,19348,7757,291,0,100,False,random-32-32-20-random-12.scen,340
340,random-32-32-20.map,planner,1,38931,7757,352,60,25156,7757,5587,0,100,True,random-32-32-20-random-12.scen,340
340,random-32-32-20.map,planner,1,23299,7757,140,60,19348,7757,294,0,1000,False,random-32-32-20-random-12.scen,340
340,random-32-32-20.map,planner,1,48628,7757,408,60,29115,7757,50182,0,1000,True,random-32-32-20-random-12.scen,340
380,random-32-32-20.map,planner,1,32624,8682,189,60,25654,8682,216,0,0,False,random-32-32-20-random-12.scen,380
380,random-32-32-20.map,planner,1,32624,8682,189,60,25654,8682,234,0,0,True,random-32-32-20-random-12.scen,380
380,random-32-32-20.map,planner,1,32624,8682,189,60,25654,8682,223,0,1,False,random-32-32-20-random-12.scen,380
380,random-32-32-20.map,planner,1,42654,8682,345,60,28262,8682,358,0,1,True,random-32-32-20-random-12.scen,380
380,random-32-32-20.map,planner,1,32624,8682,189,60,25654,8682,224,0,10,False,random-32-32-20-random-12.scen,380
380,random-32-32-20.map,planner,1,40454,8682,339,60,27702,8682,767,0,10,True,random-32-32-20-random-12.scen,380
380,random-32-32-20.map,planner,1,32624,8682,189,60,25654,8682,216,0,100,False,random-32-32-20-random-12.scen,380
380,random-32-32-20.map,planner,1,42920,8682,354,60,29780,8682,6323,0,100,True,random-32-32-20-random-12.scen,380
380,random-32-32-20.map,planner,1,32624,8682,189,60,25654,8682,222,0,1000,False,random-32-32-20-random-12.scen,380
380,random-32-32-20.map,planner,1,56754,8682,498,60,34314,8682,59329,0,1000,True,random-32-32-20-random-12.scen,380
380,random-32-32-20.map,planner,1,56754,8682,498,60,34314,8682,59329,0,0,False,random-32-32-20-random-12.scen,420
380,random-32-32-20.map,planner,1,56754,8682,498,60,34314,8682,59329,0,0,True,random-32-32-20-random-12.scen,420
380,random-32-32-20.map,planner,1,56754,8682,498,60,34314,8682,59329,0,1,False,random-32-32-20-random-12.scen,420
380,random-32-32-20.map,planner,1,56754,8682,498,60,34314,8682,59329,0,1,True,random-32-32-20-random-12.scen,420
380,random-32-32-20.map,planner,1,56754,8682,498,60,34314,8682,59329,0,10,False,random-32-32-20-random-12.scen,420
380,random-32-32-20.map,planner,1,56754,8682,498,60,34314,8682,59329,0,10,True,random-32-32-20-random-12.scen,420
380,random-32-32-20.map,planner,1,56754,8682,498,60,34314,8682,59329,0,100,False,random-32-32-20-random-12.scen,420
380,random-32-32-20.map,planner,1,56754,8682,498,60,34314,8682,59329,0,100,True,random-32-32-20-random-12.scen,420
380,random-32-32-20.map,planner,1,56754,8682,498,60,34314,8682,59329,0,1000,False,random-32-32-20-random-12.scen,420
380,random-32-32-20.map,planner,1,56754,8682,498,60,34314,8682,59329,0,1000,True,random-32-32-20-random-12.scen,420
380,random-32-32-20.map,planner,1,56754,8682,498,60,34314,8682,59329,0,0,False,random-32-32-20-random-12.scen,460
380,random-32-32-20.map,planner,1,56754,8682,498,60,34314,8682,59329,0,0,True,random-32-32-20-random-12.scen,460
380,random-32-32-20.map,planner,1,56754,8682,498,60,34314,8682,59329,0,1,False,random-32-32-20-random-12.scen,460
380,random-32-32-20.map,planner,1,56754,8682,498,60,34314,8682,59329,0,1,True,random-32-32-20-random-12.scen,460
380,random-32-32-20.map,planner,1,56754,8682,498,60,34314,8682,59329,0,10,False,random-32-32-20-random-12.scen,460
380,random-32-32-20.map,planner,1,56754,8682,498,60,34314,8682,59329,0,10,True,random-32-32-20-random-12.scen,460
380,random-32-32-20.map,planner,1,56754,8682,498,60,34314,8682,59329,0,100,False,random-32-32-20-random-12.scen,460
380,random-32-32-20.map,planner,1,56754,8682,498,60,34314,8682,59329,0,100,True,random-32-32-20-random-12.scen,460
380,random-32-32-20.map,planner,1,56754,8682,498,60,34314,8682,59329,0,1000,False,random-32-32-20-random-12.scen,460
380,random-32-32-20.map,planner,1,56754,8682,498,60,34314,8682,59329,0,1000,True,random-32-32-20-random-12.scen,460
380,random-32-32-20.map,planner,1,56754,8682,498,60,34314,8682,59329,0,0,False,random-32-32-20-random-12.scen,500
380,random-32-32-20.map,planner,1,56754,8682,498,60,34314,8682,59329,0,0,True,random-32-32-20-random-12.scen,500
380,random-32-32-20.map,planner,1,56754,8682,498,60,34314,8682,59329,0,1,False,random-32-32-20-random-12.scen,500
380,random-32-32-20.map,planner,1,56754,8682,498,60,34314,8682,59329,0,1,True,random-32-32-20-random-12.scen,500
380,random-32-32-20.map,planner,1,56754,8682,498,60,34314,8682,59329,0,10,False,random-32-32-20-random-12.scen,500
380,random-32-32-20.map,planner,1,56754,8682,498,60,34314,8682,59329,0,10,True,random-32-32-20-random-12.scen,500
380,random-32-32-20.map,planner,1,56754,8682,498,60,34314,8682,59329,0,100,False,random-32-32-20-random-12.scen,500
380,random-32-32-20.map,planner,1,56754,8682,498,60,34314,8682,59329,0,100,True,random-32-32-20-random-12.scen,500
380,random-32-32-20.map,planner,1,56754,8682,498,60,34314,8682,59329,0,1000,False,random-32-32-20-random-12.scen,500
380,random-32-32-20.map,planner,1,56754,8682,498,60,34314,8682,59329,0,1000,True,random-32-32-20-random-12.scen,500
380,random-32-32-20.map,planner,1,56754,8682,498,60,34314,8682,59329,0,0,False,random-32-32-20-random-12.scen,540
380,random-32-32-20.map,planner,1,56754,8682,498,60,34314,8682,59329,0,0,True,random-32-32-20-random-12.scen,540
380,random-32-32-20.map,planner,1,56754,8682,498,60,34314,8682,59329,0,1,False,random-32-32-20-random-12.scen,540
380,random-32-32-20.map,planner,1,56754,8682,498,60,34314,8682,59329,0,1,True,random-32-32-20-random-12.scen,540
380,random-32-32-20.map,planner,1,56754,8682,498,60,34314,8682,59329,0,10,False,random-32-32-20-random-12.scen,540
380,random-32-32-20.map,planner,1,56754,8682,498,60,34314,8682,59329,0,10,True,random-32-32-20-random-12.scen,540
380,random-32-32-20.map,planner,1,56754,8682,498,60,34314,8682,59329,0,100,False,random-32-32-20-random-12.scen,540
380,random-32-32-20.map,planner,1,56754,8682,498,60,34314,8682,59329,0,100,True,random-32-32-20-random-12.scen,540
380,random-32-32-20.map,planner,1,56754,8682,498,60,34314,8682,59329,0,1000,False,random-32-32-20-random-12.scen,540
380,random-32-32-20.map,planner,1,56754,8682,498,60,34314,8682,59329,0,1000,True,random-32-32-20-random-12.scen,540
380,random-32-32-20.map,planner,1,56754,8682,498,60,34314,8682,59329,0,0,False,random-32-32-20-random-12.scen,580
380,random-32-32-20.map,planner,1,56754,8682,498,60,34314,8682,59329,0,0,True,random-32-32-20-random-12.scen,580
380,random-32-32-20.map,planner,1,56754,8682,498,60,34314,8682,59329,0,1,False,random-32-32-20-random-12.scen,580
380,random-32-32-20.map,planner,1,56754,8682,498,60,34314,8682,59329,0,1,True,random-32-32-20-random-12.scen,580
380,random-32-32-20.map,planner,1,56754,8682,498,60,34314,8682,59329,0,10,False,random-32-32-20-random-12.scen,580
380,random-32-32-20.map,planner,1,56754,8682,498,60,34314,8682,59329,0,10,True,random-32-32-20-random-12.scen,580
380,random-32-32-20.map,planner,1,56754,8682,498,60,34314,8682,59329,0,100,False,random-32-32-20-random-12.scen,580
380,random-32-32-20.map,planner,1,56754,8682,498,60,34314,8682,59329,0,100,True,random-32-32-20-random-12.scen,580
380,random-32-32-20.map,planner,1,56754,8682,498,60,34314,8682,59329,0,1000,False,random-32-32-20-random-12.scen,580
380,random-32-32-20.map,planner,1,56754,8682,498,60,34314,8682,59329,0,1000,True,random-32-32-20-random-12.scen,580
380,random-32-32-20.map,planner,1,56754,8682,498,60,34314,8682,59329,0,0,False,random-32-32-20-random-12.scen,620
380,random-32-32-20.map,planner,1,56754,8682,498,60,34314,8682,59329,0,0,True,random-32-32-20-random-12.scen,620
380,random-32-32-20.map,planner,1,56754,8682,498,60,34314,8682,59329,0,1,False,random-32-32-20-random-12.scen,620
380,random-32-32-20.map,planner,1,56754,8682,498,60,34314,8682,59329,0,1,True,random-32-32-20-random-12.scen,620
380,random-32-32-20.map,planner,1,56754,8682,498,60,34314,8682,59329,0,10,False,random-32-32-20-random-12.scen,620
380,random-32-32-20.map,planner,1,56754,8682,498,60,34314,8682,59329,0,10,True,random-32-32-20-random-12.scen,620
380,random-32-32-20.map,planner,1,56754,8682,498,60,34314,8682,59329,0,100,False,random-32-32-20-random-12.scen,620
380,random-32-32-20.map,planner,1,56754,8682,498,60,34314,8682,59329,0,100,True,random-32-32-20-random-12.scen,620
380,random-32-32-20.map,planner,1,56754,8682,498,60,34314,8682,59329,0,1000,False,random-32-32-20-random-12.scen,620
380,random-32-32-20.map,planner,1,56754,8682,498,60,34314,8682,59329,0,1000,True,random-32-32-20-random-12.scen,620
380,random-32-32-20.map,planner,1,56754,8682,498,60,34314,8682,59329,0,0,False,random-32-32-20-random-12.scen,660
380,random-32-32-20.map,planner,1,56754,8682,498,60,34314,8682,59329,0,0,True,random-32-32-20-random-12.scen,660
380,random-32-32-20.map,planner,1,56754,8682,498,60,34314,8682,59329,0,1,False,random-32-32-20-random-12.scen,660
380,random-32-32-20.map,planner,1,56754,8682,498,60,34314,8682,59329,0,1,True,random-32-32-20-random-12.scen,660
380,random-32-32-20.map,planner,1,56754,8682,498,60,34314,8682,59329,0,10,False,random-32-32-20-random-12.scen,660
380,random-32-32-20.map,planner,1,56754,8682,498,60,34314,8682,59329,0,10,True,random-32-32-20-random-12.scen,660
380,random-32-32-20.map,planner,1,56754,8682,498,60,34314,8682,59329,0,100,False,random-32-32-20-random-12.scen,660
380,random-32-32-20.map,planner,1,56754,8682,498,60,34314,8682,59329,0,100,True,random-32-32-20-random-12.scen,660
380,random-32-32-20.map,planner,1,56754,8682,498,60,34314,8682,59329,0,1000,False,random-32-32-20-random-12.scen,660
380,random-32-32-20.map,planner,1,56754,8682,498,60,34314,8682,59329,0,1000,True,random-32-32-20-random-12.scen,660
380,random-32-32-20.map,planner,1,56754,8682,498,60,34314,8682,59329,0,0,False,random-32-32-20-random-12.scen,700
380,random-32-32-20.map,planner,1,56754,8682,498,60,34314,8682,59329,0,0,True,random-32-32-20-random-12.scen,700
380,random-32-32-20.map,planner,1,56754,8682,498,60,34314,8682,59329,0,1,False,random-32-32-20-random-12.scen,700
380,random-32-32-20.map,planner,1,56754,8682,498,60,34314,8682,59329,0,1,True,random-32-32-20-random-12.scen,700
380,random-32-32-20.map,planner,1,56754,8682,498,60,34314,8682,59329,0,10,False,random-32-32-20-random-12.scen,700
380,random-32-32-20.map,planner,1,56754,8682,498,60,34314,8682,59329,0,10,True,random-32-32-20-random-12.scen,700
380,random-32-32-20.map,planner,1,56754,8682,498,60,34314,8682,59329,0,100,False,random-32-32-20-random-12.scen,700
380,random-32-32-20.map,planner,1,56754,8682,498,60,34314,8682,59329,0,100,True,random-32-32-20-random-12.scen,700
380,random-32-32-20.map,planner,1,56754,8682,498,60,34314,8682,59329,0,1000,False,random-32-32-20-random-12.scen,700
380,random-32-32-20.map,planner,1,56754,8682,498,60,34314,8682,59329,0,1000,True,random-32-32-20-random-12.scen,700
380,random-32-32-20.map,planner,1,56754,8682,498,60,34314,8682,59329,0,0,False,random-32-32-20-random-12.scen,740
380,random-32-32-20.map,planner,1,56754,8682,498,60,34314,8682,59329,0,0,True,random-32-32-20-random-12.scen,740
380,random-32-32-20.map,planner,1,56754,8682,498,60,34314,8682,59329,0,1,False,random-32-32-20-random-12.scen,740
380,random-32-32-20.map,planner,1,56754,8682,498,60,34314,8682,59329,0,1,True,random-32-32-20-random-12.scen,740
380,random-32-32-20.map,planner,1,56754,8682,498,60,34314,8682,59329,0,10,False,random-32-32-20-random-12.scen,740
380,random-32-32-20.map,planner,1,56754,8682,498,60,34314,8682,59329,0,10,True,random-32-32-20-random-12.scen,740
380,random-32-32-20.map,planner,1,56754,8682,498,60,34314,8682,59329,0,100,False,random-32-32-20-random-12.scen,740
380,random-32-32-20.map,planner,1,56754,8682,498,60,34314,8682,59329,0,100,True,random-32-32-20-random-12.scen,740
380,random-32-32-20.map,planner,1,56754,8682,498,60,34314,8682,59329,0,1000,False,random-32-32-20-random-12.scen,740
380,random-32-32-20.map,planner,1,56754,8682,498,60,34314,8682,59329,0,1000,True,random-32-32-20-random-12.scen,740
380,random-32-32-20.map,planner,1,56754,8682,498,60,34314,8682,59329,0,0,False,random-32-32-20-random-12.scen,780
380,random-32-32-20.map,planner,1,56754,8682,498,60,34314,8682,59329,0,0,True,random-32-32-20-random-12.scen,780
380,random-32-32-20.map,planner,1,56754,8682,498,60,34314,8682,59329,0,1,False,random-32-32-20-random-12.scen,780
380,random-32-32-20.map,planner,1,56754,8682,498,60,34314,8682,59329,0,1,True,random-32-32-20-random-12.scen,780
380,random-32-32-20.map,planner,1,56754,8682,498,60,34314,8682,59329,0,10,False,random-32-32-20-random-12.scen,780
380,random-32-32-20.map,planner,1,56754,8682,498,60,34314,8682,59329,0,10,True,random-32-32-20-random-12.scen,780
380,random-32-32-20.map,planner,1,56754,8682,498,60,34314,8682,59329,0,100,False,random-32-32-20-random-12.scen,780
380,random-32-32-20.map,planner,1,56754,8682,498,60,34314,8682,59329,0,100,True,random-32-32-20-random-12.scen,780
380,random-32-32-20.map,planner,1,56754,8682,498,60,34314,8682,59329,0,1000,False,random-32-32-20-random-12.scen,780
380,random-32-32-20.map,planner,1,56754,8682,498,60,34314,8682,59329,0,1000,True,random-32-32-20-random-12.scen,780
380,random-32-32-20.map,planner,1,56754,8682,498,60,34314,8682,59329,0,0,False,random-32-32-20-random-12.scen,820
380,random-32-32-20.map,planner,1,56754,8682,498,60,34314,8682,59329,0,0,True,random-32-32-20-random-12.scen,820
380,random-32-32-20.map,planner,1,56754,8682,498,60,34314,8682,59329,0,1,False,random-32-32-20-random-12.scen,820
380,random-32-32-20.map,planner,1,56754,8682,498,60,34314,8682,59329,0,1,True,random-32-32-20-random-12.scen,820
380,random-32-32-20.map,planner,1,56754,8682,498,60,34314,8682,59329,0,10,False,random-32-32-20-random-12.scen,820
380,random-32-32-20.map,planner,1,56754,8682,498,60,34314,8682,59329,0,10,True,random-32-32-20-random-12.scen,820
380,random-32-32-20.map,planner,1,56754,8682,498,60,34314,8682,59329,0,100,False,random-32-32-20-random-12.scen,820
380,random-32-32-20.map,planner,1,56754,8682,498,60,34314,8682,59329,0,100,True,random-32-32-20-random-12.scen,820
380,random-32-32-20.map,planner,1,56754,8682,498,60,34314,8682,59329,0,1000,False,random-32-32-20-random-12.scen,820
380,random-32-32-20.map,planner,1,56754,8682,498,60,34314,8682,59329,0,1000,True,random-32-32-20-random-12.scen,820
380,random-32-32-20.map,planner,1,56754,8682,498,60,34314,8682,59329,0,0,False,random-32-32-20-random-12.scen,860
380,random-32-32-20.map,planner,1,56754,8682,498,60,34314,8682,59329,0,0,True,random-32-32-20-random-12.scen,860
380,random-32-32-20.map,planner,1,56754,8682,498,60,34314,8682,59329,0,1,False,random-32-32-20-random-12.scen,860
380,random-32-32-20.map,planner,1,56754,8682,498,60,34314,8682,59329,0,1,True,random-32-32-20-random-12.scen,860
380,random-32-32-20.map,planner,1,56754,8682,498,60,34314,8682,59329,0,10,False,random-32-32-20-random-12.scen,860
380,random-32-32-20.map,planner,1,56754,8682,498,60,34314,8682,59329,0,10,True,random-32-32-20-random-12.scen,860
380,random-32-32-20.map,planner,1,56754,8682,498,60,34314,8682,59329,0,100,False,random-32-32-20-random-12.scen,860
380,random-32-32-20.map,planner,1,56754,8682,498,60,34314,8682,59329,0,100,True,random-32-32-20-random-12.scen,860
380,random-32-32-20.map,planner,1,56754,8682,498,60,34314,8682,59329,0,1000,False,random-32-32-20-random-12.scen,860
380,random-32-32-20.map,planner,1,56754,8682,498,60,34314,8682,59329,0,1000,True,random-32-32-20-random-12.scen,860
380,random-32-32-20.map,planner,1,56754,8682,498,60,34314,8682,59329,0,0,False,random-32-32-20-random-12.scen,900
380,random-32-32-20.map,planner,1,56754,8682,498,60,34314,8682,59329,0,0,True,random-32-32-20-random-12.scen,900
380,random-32-32-20.map,planner,1,56754,8682,498,60,34314,8682,59329,0,1,False,random-32-32-20-random-12.scen,900
380,random-32-32-20.map,planner,1,56754,8682,498,60,34314,8682,59329,0,1,True,random-32-32-20-random-12.scen,900
380,random-32-32-20.map,planner,1,56754,8682,498,60,34314,8682,59329,0,10,False,random-32-32-20-random-12.scen,900
380,random-32-32-20.map,planner,1,56754,8682,498,60,34314,8682,59329,0,10,True,random-32-32-20-random-12.scen,900
380,random-32-32-20.map,planner,1,56754,8682,498,60,34314,8682,59329,0,100,False,random-32-32-20-random-12.scen,900
380,random-32-32-20.map,planner,1,56754,8682,498,60,34314,8682,59329,0,100,True,random-32-32-20-random-12.scen,900
380,random-32-32-20.map,planner,1,56754,8682,498,60,34314,8682,59329,0,1000,False,random-32-32-20-random-12.scen,900
380,random-32-32-20.map,planner,1,56754,8682,498,60,34314,8682,59329,0,1000,True,random-32-32-20-random-12.scen,900
380,random-32-32-20.map,planner,1,56754,8682,498,60,34314,8682,59329,0,0,False,random-32-32-20-random-12.scen,940
380,random-32-32-20.map,planner,1,56754,8682,498,60,34314,8682,59329,0,0,True,random-32-32-20-random-12.scen,940
380,random-32-32-20.map,planner,1,56754,8682,498,60,34314,8682,59329,0,1,False,random-32-32-20-random-12.scen,940
380,random-32-32-20.map,planner,1,56754,8682,498,60,34314,8682,59329,0,1,True,random-32-32-20-random-12.scen,940
380,random-32-32-20.map,planner,1,56754,8682,498,60,34314,8682,59329,0,10,False,random-32-32-20-random-12.scen,940
380,random-32-32-20.map,planner,1,56754,8682,498,60,34314,8682,59329,0,10,True,random-32-32-20-random-12.scen,940
380,random-32-32-20.map,planner,1,56754,8682,498,60,34314,8682,59329,0,100,False,random-32-32-20-random-12.scen,940
380,random-32-32-20.map,planner,1,56754,8682,498,60,34314,8682,59329,0,100,True,random-32-32-20-random-12.scen,940
380,random-32-32-20.map,planner,1,56754,8682,498,60,34314,8682,59329,0,1000,False,random-32-32-20-random-12.scen,940
380,random-32-32-20.map,planner,1,56754,8682,498,60,34314,8682,59329,0,1000,True,random-32-32-20-random-12.scen,940
380,random-32-32-20.map,planner,1,56754,8682,498,60,34314,8682,59329,0,0,False,random-32-32-20-random-12.scen,980
380,random-32-32-20.map,planner,1,56754,8682,498,60,34314,8682,59329,0,0,True,random-32-32-20-random-12.scen,980
380,random-32-32-20.map,planner,1,56754,8682,498,60,34314,8682,59329,0,1,False,random-32-32-20-random-12.scen,980
380,random-32-32-20.map,planner,1,56754,8682,498,60,34314,8682,59329,0,1,True,random-32-32-20-random-12.scen,980
380,random-32-32-20.map,planner,1,56754,8682,498,60,34314,8682,59329,0,10,False,random-32-32-20-random-12.scen,980
380,random-32-32-20.map,planner,1,56754,8682,498,60,34314,8682,59329,0,10,True,random-32-32-20-random-12.scen,980
380,random-32-32-20.map,planner,1,56754,8682,498,60,34314,8682,59329,0,100,False,random-32-32-20-random-12.scen,980
380,random-32-32-20.map,planner,1,56754,8682,498,60,34314,8682,59329,0,100,True,random-32-32-20-random-12.scen,980
380,random-32-32-20.map,planner,1,56754,8682,498,60,34314,8682,59329,0,1000,False,random-32-32-20-random-12.scen,980
380,random-32-32-20.map,planner,1,56754,8682,498,60,34314,8682,59329,0,1000,True,random-32-32-20-random-12.scen,980
20,random-32-32-20.map,planner,1,601,525,45,44,560,525,0,0,0,False,random-32-32-20-random-25.scen,20
20,random-32-32-20.map,planner,1,601,525,45,44,560,525,0,0,0,True,random-32-32-20-random-25.scen,20
20,random-32-32-20.map,planner,1,601,525,45,44,560,525,0,0,1,False,random-32-32-20-random-25.scen,20
20,random-32-32-20.map,planner,1,601,525,45,44,560,525,0,0,1,True,random-32-32-20-random-25.scen,20
20,random-32-32-20.map,planner,1,601,525,45,44,560,525,0,0,10,False,random-32-32-20-random-25.scen,20
20,random-32-32-20.map,planner,1,601,525,45,44,560,525,0,0,10,True,random-32-32-20-random-25.scen,20
20,random-32-32-20.map,planner,1,601,525,45,44,560,525,0,0,100,False,random-32-32-20-random-25.scen,20
20,random-32-32-20.map,planner,1,601,525,45,44,560,525,0,0,100,True,random-32-32-20-random-25.scen,20
20,random-32-32-20.map,planner,1,601,525,45,44,560,525,0,0,1000,False,random-32-32-20-random-25.scen,20
20,random-32-32-20.map,planner,1,601,525,45,44,560,525,0,0,1000,True,random-32-32-20-random-25.scen,20
60,random-32-32-20.map,planner,1,1741,1381,53,49,1620,1381,1,0,0,False,random-32-32-20-random-25.scen,60
60,random-32-32-20.map,planner,1,1741,1381,53,49,1620,1381,1,0,0,True,random-32-32-20-random-25.scen,60
60,random-32-32-20.map,planner,1,1741,1381,53,49,1620,1381,1,0,1,False,random-32-32-20-random-25.scen,60
60,random-32-32-20.map,planner,1,1703,1381,52,49,1596,1381,1,0,1,True,random-32-32-20-random-25.scen,60
60,random-32-32-20.map,planner,1,1741,1381,53,49,1620,1381,1,0,10,False,random-32-32-20-random-25.scen,60
60,random-32-32-20.map,planner,1,1703,1381,52,49,1596,1381,1,0,10,True,random-32-32-20-random-25.scen,60
60,random-32-32-20.map,planner,1,1741,1381,53,49,1620,1381,1,0,100,False,random-32-32-20-random-25.scen,60
60,random-32-32-20.map,planner,1,1703,1381,52,49,1596,1381,1,0,100,True,random-32-32-20-random-25.scen,60
60,random-32-32-20.map,planner,1,1741,1381,53,49,1620,1381,1,0,1000,False,random-32-32-20-random-25.scen,60
60,random-32-32-20.map,planner,1,1703,1381,52,49,1596,1381,1,0,1000,True,random-32-32-20-random-25.scen,60
100,random-32-32-20.map,planner,1,3313,2259,68,49,3016,2259,1,0,0,False,random-32-32-20-random-25.scen,100
100,random-32-32-20.map,planner,1,3313,2259,68,49,3016,2259,2,0,0,True,random-32-32-20-random-25.scen,100
100,random-32-32-20.map,planner,1,3313,2259,68,49,3016,2259,2,0,1,False,random-32-32-20-random-25.scen,100
100,random-32-32-20.map,planner,1,3306,2259,62,49,2892,2259,2,0,1,True,random-32-32-20-random-25.scen,100
100,random-32-32-20.map,planner,1,3313,2259,68,49,3016,2259,2,0,10,False,random-32-32-20-random-25.scen,100
100,random-32-32-20.map,planner,1,3306,2259,62,49,2892,2259,2,0,10,True,random-32-32-20-random-25.scen,100
100,random-32-32-20.map,planner,1,3313,2259,68,49,3016,2259,1,0,100,False,random-32-32-20-random-25.scen,100
100,random-32-32-20.map,planner,1,3306,2259,62,49,2892,2259,2,0,100,True,random-32-32-20-random-25.scen,100
100,random-32-32-20.map,planner,1,3313,2259,68,49,3016,2259,1,0,1000,False,random-32-32-20-random-25.scen,100
100,random-32-32-20.map,planner,1,3306,2259,62,49,2892,2259,2,0,1000,True,random-32-32-20-random-25.scen,100
140,random-32-32-20.map,planner,1,4871,3174,57,49,4389,3174,2,0,0,False,random-32-32-20-random-25.scen,140
140,random-32-32-20.map,planner,1,4871,3174,57,49,4389,3174,2,0,0,True,random-32-32-20-random-25.scen,140
140,random-32-32-20.map,planner,1,4871,3174,57,49,4389,3174,2,0,1,False,random-32-32-20-random-25.scen,140
140,random-32-32-20.map,planner,1,4934,3174,71,49,4373,3174,5,0,1,True,random-32-32-20-random-25.scen,140
140,random-32-32-20.map,planner,1,4871,3174,57,49,4389,3174,2,0,10,False,random-32-32-20-random-25.scen,140
140,random-32-32-20.map,planner,1,4991,3174,72,49,4402,3174,46,0,10,True,random-32-32-20-random-25.scen,140
140,random-32-32-20.map,planner,1,4871,3174,57,49,4389,3174,2,0,100,False,random-32-32-20-random-25.scen,140
140,random-32-32-20.map,planner,1,4943,3174,62,49,4328,3174,470,0,100,True,random-32-32-20-random-25.scen,140
140,random-32-32-20.map,planner,1,4871,3174,57,49,4389,3174,2,0,1000,False,random-32-32-20-random-25.scen,140
140,random-32-32-20.map,planner,1,5286,3174,98,49,4529,3174,698,0,1000,True,random-32-32-20-random-25.scen,140
180,random-32-32-20.map,planner,1,7557,4104,76,49,6543,4104,4,0,0,False,random-32-32-20-random-25.scen,180
180,random-32-32-20.map,planner,1,7557,4104,76,49,6543,4104,4,0,0,True,random-32-32-20-random-25.scen,180
180,random-32-32-20.map,planner,1,7557,4104,76,49,6543,4104,4,0,1,False,random-32-32-20-random-25.scen,180
180,random-32-32-20.map,planner,1,7603,4104,101,49,6240,4104,15,0,1,True,random-32-32-20-random-25.scen,180
180,random-32-32-20.map,planner,1,7557,4104,76,49,6543,4104,4,0,10,False,random-32-32-20-random-25.scen,180
180,random-32-32-20.map,planner,1,8246,4104,125,49,6800,4104,83,0,10,True,random-32-32-20-random-25.scen,180
180,random-32-32-20.map,planner,1,7557,4104,76,49,6543,4104,4,0,100,False,random-32-32-20-random-25.scen,180
180,random-32-32-20.map,planner,1,6676,4104,75,49,5992,4104,689,0,100,True,random-32-32-20-random-25.scen,180
180,random-32-32-20.map,planner,1,7557,4104,76,49,6543,4104,4,0,1000,False,random-32-32-20-random-25.scen,180
180,random-32-32-20.map,planner,1,7333,4104,91,49,6196,4104,6582,0,1000,True,random-32-32-20-random-25.scen,180
220,random-32-32-20.map,planner,1,10993,4957,103,49,9088,4957,6,0,0,False,random-32-32-20-random-25.scen,220
220,random-32-32-20.map,planner,1,10993,4957,103,49,9088,4957,7,0,0,True,random-32-32-20-random-25.scen,220
220,random-32-32-20.map,planner,1,10993,4957,103,49,9088,4957,6,0,1,False,random-32-32-20-random-25.scen,220
220,random-32-32-20.map,planner,1,13034,4957,162,49,9204,4957,26,0,1,True,random-32-32-20-random-25.scen,220
220,random-32-32-20.map,planner,1,10993,4957,103,49,9088,4957,6,0,10,False,random-32-32-20-random-25.scen,220
220,random-32-32-20.map,planner,1,10632,4957,109,49,8429,4957,164,0,10,True,random-32-32-20-random-25.scen,220
220,random-32-32-20.map,planner,1,10993,4957,103,49,9088,4957,6,0,100,False,random-32-32-20-random-25.scen,220
220,random-32-32-20.map,planner,1,14357,4957,192,49,10332,4957,1480,0,100,True,random-32-32-20-random-25.scen,220
220,random-32-32-20.map,planner,1,10993,4957,103,49,9088,4957,6,0,1000,False,random-32-32-20-random-25.scen,220
220,random-32-32-20.map,planner,1,11791,4957,136,49,9368,4957,18523,0,1000,True,random-32-32-20-random-25.scen,220
260,random-32-32-20.map,planner,1,13333,5754,84,49,11313,5754,6,0,0,False,random-32-32-20-random-25.scen,260
260,random-32-32-20.map,planner,1,13333,5754,84,49,11313,5754,7,0,0,True,random-32-32-20-random-25.scen,260
260,random-32-32-20.map,planner,1,13333,5754,84,49,11313,5754,6,0,1,False,random-32-32-20-random-25.scen,260
260,random-32-32-20.map,planner,1,15780,5754,171,49,12183,5754,47,0,1,True,random-32-32-20-random-25.scen,260
260,random-32-32-20.map,planner,1,13333,5754,84,49,11313,5754,6,0,10,False,random-32-32-20-random-25.scen,260
260,random-32-32-20.map,planner,1,18833,5754,216,49,12907,5754,253,0,10,True,random-32-32-20-random-25.scen,260
260,random-32-32-20.map,planner,1,13333,5754,84,49,11313,5754,6,0,100,False,random-32-32-20-random-25.scen,260
260,random-32-32-20.map,planner,1,14203,5754,143,49,11308,5754,2468,0,100,True,random-32-32-20-random-25.scen,260
260,random-32-32-20.map,planner,1,13333,5754,84,49,11313,5754,6,0,1000,False,random-32-32-20-random-25.scen,260
260,random-32-32-20.map,planner,1,16871,5754,180,49,12846,5754,23362,0,1000,True,random-32-32-20-random-25.scen,260
300,random-32-32-20.map,planner,1,16892,6688,100,52,14150,6688,10,0,0,False,random-32-32-20-random-25.scen,300
300,random-32-32-20.map,planner,1,16892,6688,100,52,14150,6688,12,0,0,True,random-32-32-20-random-25.scen,300
300,random-32-32-20.map,planner,1,16892,6688,100,52,14150,6688,10,0,1,False,random-32-32-20-random-25.scen,300
300,random-32-32-20.map,planner,1,22251,6688,216,52,16215,6688,53,0,1,True,random-32-32-20-random-25.scen,300
300,random-32-32-20.map,planner,1,16892,6688,100,52,14150,6688,10,0,10,False,random-32-32-20-random-25.scen,300
300,random-32-32-20.map,planner,1,20569,6688,196,52,15794,6688,406,0,10,True,random-32-32-20-random-25.scen,300
300,random-32-32-20.map,planner,1,16892,6688,100,52,14150,6688,10,0,100,False,random-32-32-20-random-25.scen,300
300,random-32-32-20.map,planner,1,22205,6688,212,52,16274,6688,3984,0,100,True,random-32-32-20-random-25.scen,300
300,random-32-32-20.map,planner,1,16892,6688,100,52,14150,6688,10,0,1000,False,random-32-32-20-random-25.scen,300
300,random-32-32-20.map,planner,1,37047,6688,367,52,21357,6688,35051,0,1000,True,random-32-32-20-random-25.scen,300
340,random-32-32-20.map,planner,1,22982,7498,139,52,18476,7498,585,0,0,False,random-32-32-20-random-25.scen,340
340,random-32-32-20.map,planner,1,22982,7498,139,52,18476,7498,595,0,0,True,random-32-32-20-random-25.scen,340
340,random-32-32-20.map,planner,1,22982,7498,139,52,18476,7498,588,0,1,False,random-32-32-20-random-25.scen,340
340,random-32-32-20.map,planner,1,29824,7498,278,52,20997,7498,794,0,1,True,random-32-32-20-random-25.scen,340
340,random-32-32-20.map,planner,1,22982,7498,139,52,18476,7498,583,0,10,False,random-32-32-20-random-25.scen,340
340,random-32-32-20.map,planner,1,32995,7498,300,52,22891,7498,517,0,10,True,random-32-32-20-random-25.scen,340
340,random-32-32-20.map,planner,1,22982,7498,139,52,18476,7498,585,0,100,False,random-32-32-20-random-25.scen,340
340,random-32-32-20.map,planner,1,39247,7498,374,52,25222,7498,10804,0,100,True,random-32-32-20-random-25.scen,340
340,random-32-32-20.map,planner,1,22982,7498,139,52,18476,7498,579,0,1000,False,random-32-32-20-random-25.scen,340
340,random-32-32-20.map,planner,1,33354,7498,312,52,23756,7498,46701,0,1000,True,random-32-32-20-random-25.scen,340
380,random-32-32-20.map,planner,1,28402,8417,162,52,23297,8417,1978,0,0,False,random-32-32-20-random-25.scen,380
380,random-32-32-20.map,planner,1,28402,8417,162,52,23297,8417,2006,0,0,True,random-32-32-20-random-25.scen,380
380,random-32-32-20.map,planner,1,28402,8417,162,52,23297,8417,1984,0,1,False,random-32-32-20-random-25.scen,380
380,random-32-32-20.map,planner,1,33314,8417,277,52,24225,8417,3640,0,1,True,random-32-32-20-random-25.scen,380
380,random-32-32-20.map,planner,1,28402,8417,162,52,23297,8417,1996,0,10,False,random-32-32-20-random-25.scen,380
380,random-32-32-20.map,planner,1,41274,8417,346,52,27431,8417,4755,0,10,True,random-32-32-20-random-25.scen,380
380,random-32-32-20.map,planner,1,28402,8417,162,52,23297,8417,1995,0,100,False,random-32-32-20-random-25.scen,380
380,random-32-32-20.map,planner,1,60653,8417,448,52,31533,8417,6995,0,100,True,random-32-32-20-random-25.scen,380
380,random-32-32-20.map,planner,1,28402,8417,162,52,23297,8417,2107,0,1000,False,random-32-32-20-random-25.scen,380
20,random-32-32-20.map,planner,1,534,491,47,47,522,491,0,0,0,False,random-32-32-20-random-22.scen,20
20,random-32-32-20.map,planner,1,534,491,47,47,522,491,0,0,0,True,random-32-32-20-random-22.scen,20
20,random-32-32-20.map,planner,1,534,491,47,47,522,491,0,0,1,False,random-32-32-20-random-22.scen,20
20,random-32-32-20.map,planner,1,534,491,47,47,522,491,0,0,1,True,random-32-32-20-random-22.scen,20
20,random-32-32-20.map,planner,1,534,491,47,47,522,491,0,0,10,False,random-32-32-20-random-22.scen,20
20,random-32-32-20.map,planner,1,534,491,47,47,522,491,0,0,10,True,random-32-32-20-random-22.scen,20
20,random-32-32-20.map,planner,1,534,491,47,47,522,491,0,0,100,False,random-32-32-20-random-22.scen,20
20,random-32-32-20.map,planner,1,534,491,47,47,522,491,0,0,100,True,random-32-32-20-random-22.scen,20
20,random-32-32-20.map,planner,1,534,491,47,47,522,491,0,0,1000,False,random-32-32-20-random-22.scen,20
20,random-32-32-20.map,planner,1,534,491,47,47,522,491,0,0,1000,True,random-32-32-20-random-22.scen,20
60,random-32-32-20.map,planner,1,1642,1301,47,47,1495,1301,1,0,0,False,random-32-32-20-random-22.scen,60
60,random-32-32-20.map,planner,1,1642,1301,47,47,1495,1301,1,0,0,True,random-32-32-20-random-22.scen,60
60,random-32-32-20.map,planner,1,1642,1301,47,47,1495,1301,1,0,1,False,random-32-32-20-random-22.scen,60
60,random-32-32-20.map,planner,1,1699,1301,48,47,1509,1301,1,0,1,True,random-32-32-20-random-22.scen,60
60,random-32-32-20.map,planner,1,1642,1301,47,47,1495,1301,1,0,10,False,random-32-32-20-random-22.scen,60
60,random-32-32-20.map,planner,1,1699,1301,48,47,1509,1301,1,0,10,True,random-32-32-20-random-22.scen,60
60,random-32-32-20.map,planner,1,1642,1301,47,47,1495,1301,1,0,100,False,random-32-32-20-random-22.scen,60
60,random-32-32-20.map,planner,1,1699,1301,48,47,1509,1301,1,0,100,True,random-32-32-20-random-22.scen,60
60,random-32-32-20.map,planner,1,1642,1301,47,47,1495,1301,1,0,1000,False,random-32-32-20-random-22.scen,60
60,random-32-32-20.map,planner,1,1699,1301,48,47,1509,1301,1,0,1000,True,random-32-32-20-random-22.scen,60
100,random-32-32-20.map,planner,1,3256,2193,49,48,2854,2193,1,0,0,False,random-32-32-20-random-22.scen,100
100,random-32-32-20.map,planner,1,3256,2193,49,48,2854,2193,1,0,0,True,random-32-32-20-random-22.scen,100
100,random-32-32-20.map,planner,1,3256,2193,49,48,2854,2193,1,0,1,False,random-32-32-20-random-22.scen,100
100,random-32-32-20.map,planner,1,3077,2193,51,48,2789,2193,2,0,1,True,random-32-32-20-random-22.scen,100
100,random-32-32-20.map,planner,1,3256,2193,49,48,2854,2193,1,0,10,False,random-32-32-20-random-22.scen,100
100,random-32-32-20.map,planner,1,3215,2193,53,48,2863,2193,5,0,10,True,random-32-32-20-random-22.scen,100
100,random-32-32-20.map,planner,1,3256,2193,49,48,2854,2193,1,0,100,False,random-32-32-20-random-22.scen,100
100,random-32-32-20.map,planner,1,3468,2193,83,48,2932,2193,50,0,100,True,random-32-32-20-random-22.scen,100
100,random-32-32-20.map,planner,1,3256,2193,49,48,2854,2193,1,0,1000,False,random-32-32-20-random-22.scen,100
100,random-32-32-20.map,planner,1,3468,2193,83,48,2932,2193,52,0,1000,True,random-32-32-20-random-22.scen,100
140,random-32-32-20.map,planner,1,5386,3106,74,48,4753,3106,3,0,0,False,random-32-32-20-random-22.scen,140
140,random-32-32-20.map,planner,1,5386,3106,74,48,4753,3106,3,0,0,True,random-32-32-20-random-22.scen,140
140,random-32-32-20.map,planner,1,5386,3106,74,48,4753,3106,3,0,1,False,random-32-32-20-random-22.scen,140
140,random-32-32-20.map,planner,1,4996,3106,80,48,4375,3106,79,0,1,True,random-32-32-20-random-22.scen,140
140,random-32-32-20.map,planner,1,5386,3106,74,48,4753,3106,3,0,10,False,random-32-32-20-random-22.scen,140
140,random-32-32-20.map,planner,1,4925,3106,58,48,4207,3106,44,0,10,True,random-32-32-20-random-22.scen,140
140,random-32-32-20.map,planner,1,5386,3106,74,48,4753,3106,3,0,100,False,random-32-32-20-random-22.scen,140
140,random-32-32-20.map,planner,1,5417,3106,97,48,4609,3106,257,0,100,True,random-32-32-20-random-22.scen,140
140,random-32-32-20.map,planner,1,5386,3106,74,48,4753,3106,3,0,1000,False,random-32-32-20-random-22.scen,140
140,random-32-32-20.map,planner,1,5154,3106,87,48,4392,3106,3562,0,1000,True,random-32-32-20-random-22.scen,140
180,random-32-32-20.map,planner,1,7226,4095,66,48,6327,4095,5,0,0,False,random-32-32-20-random-22.scen,180
180,random-32-32-20.map,planner,1,7226,4095,66,48,6327,4095,6,0,0,True,random-32-32-20-random-22.scen,180
180,random-32-32-20.map,planner,1,7226,4095,66,48,6327,4095,5,0,1,False,random-32-32-20-random-22.scen,180
180,random-32-32-20.map,planner,1,8167,4095,108,48,6640,4095,53,0,1,True,random-32-32-20-random-22.scen,180
180,random-32-32-20.map,planner,1,7226,4095,66,48,6327,4095,5,0,10,False,random-32-32-20-random-22.scen,180
180,random-32-32-20.map,planner,1,7632,4095,93,48,6475,4095,107,0,10,True,random-32-32-20-random-22.scen,180
180,random-32-32-20.map,planner,1,7226,4095,66,48,6327,4095,5,0,100,False,random-32-32-20-random-22.scen,180
180,random-32-32-20.map,planner,1,7648,4095,91,48,6329,4095,802,0,100,True,random-32-32-20-random-22.scen,180
180,random-32-32-20.map,planner,1,7226,4095,66,48,6327,4095,5,0,1000,False,random-32-32-20-random-22.scen,180
180,random-32-32-20.map,planner,1,9503,4095,162,48,7222,4095,9166,0,1000,True,random-32-32-20-random-22.scen,180
220,random-32-32-20.map,planner,1,10336,4978,100,48,8920,4978,109,0,0,False,random-32-32-20-random-22.scen,220
220,random-32-32-20.map,planner,1,10336,4978,100,48,8920,4978,110,0,0,True,random-32-32-20-random-22.scen,220
220,random-32-32-20.map,planner,1,10336,4978,100,48,8920,4978,107,0,1,False,random-32-32-20-random-22.scen,220
220,random-32-32-20.map,planner,1,11671,4978,146,48,9065,4978,27,0,1,True,random-32-32-20-random-22.scen,220
220,random-32-32-20.map,planner,1,10336,4978,100,48,8920,4978,107,0,10,False,random-32-32-20-random-22.scen,220
220,random-32-32-20.map,planner,1,11222,4978,130,48,9067,4978,175,0,10,True,random-32-32-20-random-22.scen,220
220,random-32-32-20.map,planner,1,10336,4978,100,48,8920,4978,107,0,100,False,random-32-32-20-random-22.scen,220
220,random-32-32-20.map,planner,1,10241,4978,100,48,8665,4978,1786,0,100,True,random-32-32-20-random-22.scen,220
220,random-32-32-20.map,planner,1,10336,4978,100,48,8920,4978,104,0,1000,False,random-32-32-20-random-22.scen,220
220,random-32-32-20.map,planner,1,11229,4978,122,48,9200,4978,16848,0,1000,True,random-32-32-20-random-22.scen,220
260,random-32-32-20.map,planner,1,13305,5837,90,49,11540,5837,13,0,0,False,random-32-32-20-random-22.scen,260
260,random-32-32-20.map,planner,1,13305,5837,90,49,11540,5837,13,0,0,True,random-32-32-20-random-22.scen,260
260,random-32-32-20.map,planner,1,13305,5837,90,49,11540,5837,12,0,1,False,random-32-32-20-random-22.scen,260
260,random-32-32-20.map,planner,1,14480,5837,159,49,11892,5837,52,0,1,True,random-32-32-20-random-22.scen,260
260,random-32-32-20.map,planner,1,13305,5837,90,49,11540,5837,12,0,10,False,random-32-32-20-random-22.scen,260
260,random-32-32-20.map,planner,1,14827,5837,139,49,12128,5837,272,0,10,True,random-32-32-20-random-22.scen,260
260,random-32-32-20.map,planner,1,13305,5837,90,49,11540,5837,12,0,100,False,random-32-32-20-random-22.scen,260
260,random-32-32-20.map,planner,1,16887,5837,162,49,12627,5837,2452,0,100,True,random-32-32-20-random-22.scen,260
260,random-32-32-20.map,planner,1,13305,5837,90,49,11540,5837,13,0,1000,False,random-32-32-20-random-22.scen,260
260,random-32-32-20.map,planner,1,18393,5837,197,49,13104,5837,24395,0,1000,True,random-32-32-20-random-22.scen,260
300,random-32-32-20.map,planner,1,17126,6795,116,49,14832,6795,254,0,0,False,random-32-32-20-random-22.scen,300
300,random-32-32-20.map,planner,1,17126,6795,116,49,14832,6795,264,0,0,True,random-32-32-20-random-22.scen,300
300,random-32-32-20.map,planner,1,17126,6795,116,49,14832,6795,260,0,1,False,random-32-32-20-random-22.scen,300
300,random-32-32-20.map,planner,1,21493,6795,202,49,16473,6795,192,0,1,True,random-32-32-20-random-22.scen,300
300,random-32-32-20.map,planner,1,17126,6795,116,49,14832,6795,247,0,10,False,random-32-32-20-random-22.scen,300
300,random-32-32-20.map,planner,1,24446,6795,240,49,17330,6795,722,0,10,True,random-32-32-20-random-22.scen,300
300,random-32-32-20.map,planner,1,17126,6795,116,49,14832,6795,252,0,100,False,random-32-32-20-random-22.scen,300
300,random-32-32-20.map,planner,1,24424,6795,262,49,18302,6795,4205,0,100,True,random-32-32-20-random-22.scen,300
300,random-32-32-20.map,planner,1,17126,6795,116,49,14832,6795,252,0,1000,False,random-32-32-20-random-22.scen,300
300,random-32-32-20.map,planner,1,25051,6795,219,49,17442,6795,37815,0,1000,True,random-32-32-20-random-22.scen,300
340,random-32-32-20.map,planner,1,23758,7780,102,49,19938,7780,9,0,0,False,random-32-32-20-random-22.scen,340
340,random-32-32-20.map,planner,1,23758,7780,102,49,19938,7780,13,0,0,True,random-32-32-20-random-22.scen,340
340,random-32-32-20.map,planner,1,23758,7780,102,49,19938,7780,9,0,1,False,random-32-32-20-random-22.scen,340
340,random-32-32-20.map,planner,1,27516,7780,241,49,20810,7780,260,0,1,True,random-32-32-20-random-22.scen,340
340,random-32-32-20.map,planner,1,23758,7780,102,49,19938,7780,9,0,10,False,random-32-32-20-random-22.scen,340
340,random-32-32-20.map,planner,1,35267,7780,328,49,22768,7780,1045,0,10,True,random-32-32-20-random-22.scen,340
340,random-32-32-20.map,planner,1,23758,7780,102,49,19938,7780,9,0,100,False,random-32-32-20-random-22.scen,340
340,random-32-32-20.map,planner,1,29637,7780,286,49,21654,7780,5019,0,100,True,random-32-32-20-random-22.scen,340
340,random-32-32-20.map,planner,1,23758,7780,102,49,19938,7780,9,0,1000,False,random-32-32-20-random-22.scen,340
340,random-32-32-20.map,planner,1,48228,7780,481,49,27487,7780,45888,0,1000,True,random-32-32-20-random-22.scen,340
380,random-32-32-20.map,planner,1,30118,8674,164,49,24932,8674,183,0,0,False,random-32-32-20-random-22.scen,380
380,random-32-32-20.map,planner,1,30118,8674,164,49,24932,8674,180,0,0,True,random-32-32-20-random-22.scen,380
380,random-32-32-20.map,planner,1,30118,8674,164,49,24932,8674,182,0,1,False,random-32-32-20-random-22.scen,380
380,random-32-32-20.map,planner,1,31228,8674,184,49,24804,8674,147,0,1,True,random-32-32-20-random-22.scen,380
380,random-32-32-20.map,planner,1,30118,8674,164,49,24932,8674,178,0,10,False,random-32-32-20-random-22.scen,380
380,random-32-32-20.map,planner,1,34605,8674,210,49,25905,8674,673,0,10,True,random-32-32-20-random-22.scen,380
380,random-32-32-20.map,planner,1,30118,8674,164,49,24932,8674,178,0,100,False,random-32-32-20-random-22.scen,380
380,random-32-32-20.map,planner,1,37902,8674,285,49,27693,8674,14593,0,100,True,random-32-32-20-random-22.scen,380
380,random-32-32-20.map,planner,1,30118,8674,164,49,24932,8674,179,0,1000,False,random-32-32-20-random-22.scen,380
20,random-32-32-20.map,planner,1,535,498,39,39,527,498,0,0,0,False,random-32-32-20-random-21.scen,20
20,random-32-32-20.map,planner,1,535,498,39,39,527,498,0,0,0,True,random-32-32-20-random-21.scen,20
20,random-32-32-20.map,planner,1,535,498,39,39,527,498,0,0,1,False,random-32-32-20-random-21.scen,20
20,random-32-32-20.map,planner,1,535,498,39,39,527,498,0,0,1,True,random-32-32-20-random-21.scen,20
20,random-32-32-20.map,planner,1,535,498,39,39,527,498,0,0,10,False,random-32-32-20-random-21.scen,20
20,random-32-32-20.map,planner,1,535,498,39,39,527,498,0,0,10,True,random-32-32-20-random-21.scen,20
20,random-32-32-20.map,planner,1,535,498,39,39,527,498,0,0,100,False,random-32-32-20-random-21.scen,20
20,random-32-32-20.map,planner,1,535,498,39,39,527,498,0,0,100,True,random-32-32-20-random-21.scen,20
20,random-32-32-20.map,planner,1,535,498,39,39,527,498,0,0,1000,False,random-32-32-20-random-21.scen,20
20,random-32-32-20.map,planner,1,535,498,39,39,527,498,0,0,1000,True,random-32-32-20-random-21.scen,20
60,random-32-32-20.map,planner,1,1733,1358,45,41,1630,1358,1,0,0,False,random-32-32-20-random-21.scen,60
60,random-32-32-20.map,planner,1,1733,1358,45,41,1630,1358,1,0,0,True,random-32-32-20-random-21.scen,60
60,random-32-32-20.map,planner,1,1733,1358,45,41,1630,1358,1,0,1,False,random-32-32-20-random-21.scen,60
60,random-32-32-20.map,planner,1,1613,1358,41,41,1551,1358,1,0,1,True,random-32-32-20-random-21.scen,60
60,random-32-32-20.map,planner,1,1733,1358,45,41,1630,1358,1,0,10,False,random-32-32-20-random-21.scen,60
60,random-32-32-20.map,planner,1,1613,1358,41,41,1551,1358,1,0,10,True,random-32-32-20-random-21.scen,60
60,random-32-32-20.map,planner,1,1733,1358,45,41,1630,1358,1,0,100,False,random-32-32-20-random-21.scen,60
60,random-32-32-20.map,planner,1,1613,1358,41,41,1551,1358,1,0,100,True,random-32-32-20-random-21.scen,60
60,random-32-32-20.map,planner,1,1733,1358,45,41,1630,1358,1,0,1000,False,random-32-32-20-random-21.scen,60
60,random-32-32-20.map,planner,1,1613,1358,41,41,1551,1358,1,0,1000,True,random-32-32-20-random-21.scen,60
100,random-32-32-20.map,planner,1,3158,2229,53,43,2894,2229,1,0,0,False,random-32-32-20-random-21.scen,100
100,random-32-32-20.map,planner,1,3158,2229,53,43,2894,2229,1,0,0,True,random-32-32-20-random-21.scen,100
100,random-32-32-20.map,planner,1,3158,2229,53,43,2894,2229,1,0,1,False,random-32-32-20-random-21.scen,100
100,random-32-32-20.map,planner,1,2922,2229,45,43,2714,2229,1,0,1,True,random-32-32-20-random-21.scen,100
100,random-32-32-20.map,planner,1,3158,2229,53,43,2894,2229,1,0,10,False,random-32-32-20-random-21.scen,100
100,random-32-32-20.map,planner,1,2922,2229,45,43,2714,2229,1,0,10,True,random-32-32-20-random-21.scen,100
100,random-32-32-20.map,planner,1,3158,2229,53,43,2894,2229,1,0,100,False,random-32-32-20-random-21.scen,100
100,random-32-32-20.map,planner,1,2922,2229,45,43,2714,2229,1,0,100,True,random-32-32-20-random-21.scen,100
100,random-32-32-20.map,planner,1,3158,2229,53,43,2894,2229,1,0,1000,False,random-32-32-20-random-21.scen,100
100,random-32-32-20.map,planner,1,2922,2229,45,43,2714,2229,1,0,1000,True,random-32-32-20-random-21.scen,100
140,random-32-32-20.map,planner,1,4517,3074,50,43,4095,3074,2,0,0,False,random-32-32-20-random-21.scen,140
140,random-32-32-20.map,planner,1,4517,3074,50,43,4095,3074,2,0,0,True,random-32-32-20-random-21.scen,140
140,random-32-32-20.map,planner,1,4517,3074,50,43,4095,3074,2,0,1,False,random-32-32-20-random-21.scen,140
140,random-32-32-20.map,planner,1,4776,3074,66,43,4229,3074,10,0,1,True,random-32-32-20-random-21.scen,140
140,random-32-32-20.map,planner,1,4517,3074,50,43,4095,3074,2,0,10,False,random-32-32-20-random-21.scen,140
140,random-32-32-20.map,planner,1,4545,3074,58,43,4030,3074,31,0,10,True,random-32-32-20-random-21.scen,140
140,random-32-32-20.map,planner,1,4517,3074,50,43,4095,3074,2,0,100,False,random-32-32-20-random-21.scen,140
140,random-32-32-20.map,planner,1,4718,3074,67,43,4162,3074,249,0,100,True,random-32-32-20-random-21.scen,140
140,random-32-32-20.map,planner,1,4517,3074,50,43,4095,3074,2,0,1000,False,random-32-32-20-random-21.scen,140
140,random-32-32-20.map,planner,1,4651,3074,66,43,4185,3074,1957,0,1000,True,random-32-32-20-random-21.scen,140
180,random-32-32-20.map,planner,1,6569,4003,60,48,5947,4003,3,0,0,False,random-32-32-20-random-21.scen,180
180,random-32-32-20.map,planner,1,6569,4003,60,48,5947,4003,3,0,0,True,random-32-32-20-random-21.scen,180
180,random-32-32-20.map,planner,1,6569,4003,60,48,5947,4003,3,0,1,False,random-32-32-20-random-21.scen,180
180,random-32-32-20.map,planner,1,6594,4003,61,48,5869,4003,11,0,1,True,random-32-32-20-random-21.scen,180
180,random-32-32-20.map,planner,1,6569,4003,60,48,5947,4003,3,0,10,False,random-32-32-20-random-21.scen,180
180,random-32-32-20.map,planner,1,6728,4003,74,48,5905,4003,73,0,10,True,random-32-32-20-random-21.scen,180
180,random-32-32-20.map,planner,1,6569,4003,60,48,5947,4003,3,0,100,False,random-32-32-20-random-21.scen,180
180,random-32-32-20.map,planner,1,7514,4003,92,48,6315,4003,652,0,100,True,random-32-32-20-random-21.scen,180
180,random-32-32-20.map,planner,1,6569,4003,60,48,5947,4003,3,0,1000,False,random-32-32-20-random-21.scen,180
180,random-32-32-20.map,planner,1,6449,4003,64,48,5652,4003,4215,0,1000,True,random-32-32-20-random-21.scen,180
220,random-32-32-20.map,planner,1,9353,4767,91,48,8282,4767,5,0,0,False,random-32-32-20-random-21.scen,220
220,random-32-32-20.map,planner,1,9353,4767,91,48,8282,4767,5,0,0,True,random-32-32-20-random-21.scen,220
220,random-32-32-20.map,planner,1,9353,4767,91,48,8282,4767,5,0,1,False,random-32-32-20-random-21.scen,220
220,random-32-32-20.map,planner,1,9986,4767,107,48,8067,4767,21,0,1,True,random-32-32-20-random-21.scen,220
220,random-32-32-20.map,planner,1,9353,4767,91,48,8282,4767,5,0,10,False,random-32-32-20-random-21.scen,220
220,random-32-32-20.map,planner,1,10034,4767,127,48,8148,4767,95,0,10,True,random-32-32-20-random-21.scen,220
220,random-32-32-20.map,planner,1,9353,4767,91,48,8282,4767,5,0,100,False,random-32-32-20-random-21.scen,220
220,random-32-32-20.map,planner,1,9152,4767,93,48,7724,4767,1179,0,100,True,random-32-32-20-random-21.scen,220
220,random-32-32-20.map,planner,1,9353,4767,91,48,8282,4767,5,0,1000,False,random-32-32-20-random-21.scen,220
220,random-32-32-20.map,planner,1,9151,4767,88,48,7760,4767,10496,0,1000,True,random-32-32-20-random-21.scen,220
260,random-32-32-20.map,planner,1,11902,5627,82,48,10255,5627,6,0,0,False,random-32-32-20-random-21.scen,260
260,random-32-32-20.map,planner,1,11902,5627,82,48,10255,5627,6,0,0,True,random-32-32-20-random-21.scen,260
260,random-32-32-20.map,planner,1,11902,5627,82,48,10255,5627,5,0,1,False,random-32-32-20-random-21.scen,260
260,random-32-32-20.map,planner,1,13990,5627,148,48,10956,5627,29,0,1,True,random-32-32-20-random-21.scen,260
260,random-32-32-20.map,planner,1,11902,5627,82,48,10255,5627,6,0,10,False,random-32-32-20-random-21.scen,260
260,random-32-32-20.map,planner,1,17010,5627,192,48,12044,5627,194,0,10,True,random-32-32-20-random-21.scen,260
260,random-32-32-20.map,planner,1,11902,5627,82,48,10255,5627,5,0,100,False,random-32-32-20-random-21.scen,260
260,random-32-32-20.map,planner,1,14207,5627,155,48,11356,5627,1890,0,100,True,random-32-32-20-random-21.scen,260
260,random-32-32-20.map,planner,1,11902,5627,82,48,10255,5627,6,0,1000,False,random-32-32-20-random-21.scen,260
260,random-32-32-20.map,planner,1,13386,5627,135,48,10726,5627,17837,0,1000,True,random-32-32-20-random-21.scen,260
300,random-32-32-20.map,planner,1,15492,6523,107,48,13142,6523,980,0,0,False,random-32-32-20-random-21.scen,300
300,random-32-32-20.map,planner,1,15492,6523,107,48,13142,6523,958,0,0,True,random-32-32-20-random-21.scen,300
300,random-32-32-20.map,planner,1,15492,6523,107,48,13142,6523,990,0,1,False,random-32-32-20-random-21.scen,300
300,random-32-32-20.map,planner,1,17578,6523,203,48,13755,6523,530,0,1,True,random-32-32-20-random-21.scen,300
300,random-32-32-20.map,planner,1,15492,6523,107,48,13142,6523,934,0,10,False,random-32-32-20-random-21.scen,300
300,random-32-32-20.map,planner,1,23926,6523,255,48,15813,6523,3191,0,10,True,random-32-32-20-random-21.scen,300
300,random-32-32-20.map,planner,1,15492,6523,107,48,13142,6523,962,0,100,False,random-32-32-20-random-21.scen,300
300,random-32-32-20.map,planner,1,23593,6523,250,48,16028,6523,4038,0,100,True,random-32-32-20-random-21.scen,300
300,random-32-32-20.map,planner,1,15492,6523,107,48,13142,6523,948,0,1000,False,random-32-32-20-random-21.scen,300
300,random-32-32-20.map,planner,1,19353,6523,215,48,14793,6523,24881,0,1000,True,random-32-32-20-random-21.scen,300
340,random-32-32-20.map,planner,1,20392,7427,123,48,17007,7427,31,0,0,False,random-32-32-20-random-21.scen,340
340,random-32-32-20.map,planner,1,20392,7427,123,48,17007,7427,33,0,0,True,random-32-32-20-random-21.scen,340
340,random-32-32-20.map,planner,1,20392,7427,123,48,17007,7427,31,0,1,False,random-32-32-20-random-21.scen,340
340,random-32-32-20.map,planner,1,23953,7427,217,48,17793,7427,2202,0,1,True,random-32-32-20-random-21.scen,340
340,random-32-32-20.map,planner,1,20392,7427,123,48,17007,7427,31,0,10,False,random-32-32-20-random-21.scen,340
340,random-32-32-20.map,planner,1,25680,7427,217,48,18662,7427,1423,0,10,True,random-32-32-20-random-21.scen,340
340,random-32-32-20.map,planner,1,20392,7427,123,48,17007,7427,30,0,100,False,random-32-32-20-random-21.scen,340
340,random-32-32-20.map,planner,1,31212,7427,279,48,20660,7427,5571,0,100,True,random-32-32-20-random-21.scen,340
340,random-32-32-20.map,planner,1,20392,7427,123,48,17007,7427,31,0,1000,False,random-32-32-20-random-21.scen,340
340,random-32-32-20.map,planner,1,33058,7427,329,48,22281,7427,33094,0,1000,True,random-32-32-20-random-21.scen,340
380,random-32-32-20.map,planner,1,26890,8339,144,48,22162,8339,2272,0,0,False,random-32-32-20-random-21.scen,380
380,random-32-32-20.map,planner,1,26890,8339,144,48,22162,8339,2247,0,0,True,random-32-32-20-random-21.scen,380
380,random-32-32-20.map,planner,1,26890,8339,144,48,22162,8339,2270,0,1,False,random-32-32-20-random-21.scen,380
380,random-32-32-20.map,planner,1,35187,8339,323,48,23991,8339,5183,0,1,True,random-32-32-20-random-21.scen,380
380,random-32-32-20.map,planner,1,26890,8339,144,48,22162,8339,2133,0,10,False,random-32-32-20-random-21.scen,380
380,random-32-32-20.map,planner,1,41486,8339,361,48,27249,8339,1619,0,10,True,random-32-32-20-random-21.scen,380
380,random-32-32-20.map,planner,1,26890,8339,144,48,22162,8339,2149,0,100,False,random-32-32-20-random-21.scen,380
380,random-32-32-20.map,planner,1,49628,8339,469,48,29599,8339,35066,0,100,True,random-32-32-20-random-21.scen,380
380,random-32-32-20.map,planner,1,26890,8339,144,48,22162,8339,2209,0,1000,False,random-32-32-20-random-21.scen,380
380,random-32-32-20.map,planner,1,57143,8339,464,48,32185,8339,51781,0,1000,True,random-32-32-20-random-21.scen,380
20,random-32-32-20.map,planner,1,461,424,37,37,448,424,0,0,0,False,random-32-32-20-random-13.scen,20
20,random-32-32-20.map,planner,1,461,424,37,37,448,424,0,0,0,True,random-32-32-20-random-13.scen,20
20,random-32-32-20.map,planner,1,461,424,37,37,448,424,0,0,1,False,random-32-32-20-random-13.scen,20
20,random-32-32-20.map,planner,1,461,424,37,37,448,424,0,0,1,True,random-32-32-20-random-13.scen,20
20,random-32-32-20.map,planner,1,461,424,37,37,448,424,0,0,10,False,random-32-32-20-random-13.scen,20
20,random-32-32-20.map,planner,1,461,424,37,37,448,424,0,0,10,True,random-32-32-20-random-13.scen,20
20,random-32-32-20.map,planner,1,461,424,37,37,448,424,0,0,100,False,random-32-32-20-random-13.scen,20
20,random-32-32-20.map,planner,1,461,424,37,37,448,424,0,0,100,True,random-32-32-20-random-13.scen,20
20,random-32-32-20.map,planner,1,461,424,37,37,448,424,0,0,1000,False,random-32-32-20-random-13.scen,20
20,random-32-32-20.map,planner,1,461,424,37,37,448,424,0,0,1000,True,random-32-32-20-random-13.scen,20
60,random-32-32-20.map,planner,1,1659,1315,51,51,1521,1315,1,0,0,False,random-32-32-20-random-13.scen,60
60,random-32-32-20.map,planner,1,1659,1315,51,51,1521,1315,1,0,0,True,random-32-32-20-random-13.scen,60
60,random-32-32-20.map,planner,1,1659,1315,51,51,1521,1315,1,0,1,False,random-32-32-20-random-13.scen,60
60,random-32-32-20.map,planner,1,1631,1315,57,51,1539,1315,1,0,1,True,random-32-32-20-random-13.scen,60
60,random-32-32-20.map,planner,1,1659,1315,51,51,1521,1315,1,0,10,False,random-32-32-20-random-13.scen,60
60,random-32-32-20.map,planner,1,1631,1315,57,51,1539,1315,1,0,10,True,random-32-32-20-random-13.scen,60
60,random-32-32-20.map,planner,1,1659,1315,51,51,1521,1315,1,0,100,False,random-32-32-20-random-13.scen,60
60,random-32-32-20.map,planner,1,1631,1315,57,51,1539,1315,1,0,100,True,random-32-32-20-random-13.scen,60
60,random-32-32-20.map,planner,1,1659,1315,51,51,1521,1315,1,0,1000,False,random-32-32-20-random-13.scen,60
60,random-32-32-20.map,planner,1,1631,1315,57,51,1539,1315,1,0,1000,True,random-32-32-20-random-13.scen,60
100,random-32-32-20.map,planner,1,3192,2288,54,51,2862,2288,2,0,0,False,random-32-32-20-random-13.scen,100
100,random-32-32-20.map,planner,1,3192,2288,54,51,2862,2288,2,0,0,True,random-32-32-20-random-13.scen,100
100,random-32-32-20.map,planner,1,3192,2288,54,51,2862,2288,2,0,1,False,random-32-32-20-random-13.scen,100
100,random-32-32-20.map,planner,1,3087,2288,56,51,2844,2288,2,0,1,True,random-32-32-20-random-13.scen,100
100,random-32-32-20.map,planner,1,3192,2288,54,51,2862,2288,2,0,10,False,random-32-32-20-random-13.scen,100
100,random-32-32-20.map,planner,1,3087,2288,56,51,2844,2288,2,0,10,True,random-32-32-20-random-13.scen,100
100,random-32-32-20.map,planner,1,3192,2288,54,51,2862,2288,2,0,100,False,random-32-32-20-random-13.scen,100
100,random-32-32-20.map,planner,1,3087,2288,56,51,2844,2288,2,0,100,True,random-32-32-20-random-13.scen,100
100,random-32-32-20.map,planner,1,3192,2288,54,51,2862,2288,2,0,1000,False,random-32-32-20-random-13.scen,100
100,random-32-32-20.map,planner,1,3087,2288,56,51,2844,2288,1,0,1000,True,random-32-32-20-random-13.scen,100
140,random-32-32-20.map,planner,1,4836,3239,55,51,4361,3239,2,0,0,False,random-32-32-20-random-13.scen,140
140,random-32-32-20.map,planner,1,4836,3239,55,51,4361,3239,2,0,0,True,random-32-32-20-random-13.scen,140
140,random-32-32-20.map,planner,1,4836,3239,55,51,4361,3239,2,0,1,False,random-32-32-20-random-13.scen,140
140,random-32-32-20.map,planner,1,4819,3239,72,51,4234,3239,3,0,1,True,random-32-32-20-random-13.scen,140
140,random-32-32-20.map,planner,1,4836,3239,55,51,4361,3239,2,0,10,False,random-32-32-20-random-13.scen,140
140,random-32-32-20.map,planner,1,4750,3239,66,51,4276,3239,13,0,10,True,random-32-32-20-random-13.scen,140
140,random-32-32-20.map,planner,1,4836,3239,55,51,4361,3239,2,0,100,False,random-32-32-20-random-13.scen,140
140,random-32-32-20.map,planner,1,4911,3239,68,51,4341,3239,13,0,100,True,random-32-32-20-random-13.scen,140
140,random-32-32-20.map,planner,1,4836,3239,55,51,4361,3239,2,0,1000,False,random-32-32-20-random-13.scen,140
140,random-32-32-20.map,planner,1,4911,3239,68,51,4341,3239,13,0,1000,True,random-32-32-20-random-13.scen,140
180,random-32-32-20.map,planner,1,6804,4047,68,51,6061,4047,3,0,0,False,random-32-32-20-random-13.scen,180
180,random-32-32-20.map,planner,1,6804,4047,68,51,6061,4047,3,0,0,True,random-32-32-20-random-13.scen,180
180,random-32-32-20.map,planner,1,6804,4047,68,51,6061,4047,3,0,1,False,random-32-32-20-random-13.scen,180
180,random-32-32-20.map,planner,1,6737,4047,76,51,5947,4047,10,0,1,True,random-32-32-20-random-13.scen,180
180,random-32-32-20.map,planner,1,6804,4047,68,51,6061,4047,3,0,10,False,random-32-32-20-random-13.scen,180
180,random-32-32-20.map,planner,1,7498,4047,95,51,6289,4047,79,0,10,True,random-32-32-20-random-13.scen,180
180,random-32-32-20.map,planner,1,6804,4047,68,51,6061,4047,3,0,100,False,random-32-32-20-random-13.scen,180
180,random-32-32-20.map,planner,1,6769,4047,74,51,5880,4047,374,0,100,True,random-32-32-20-random-13.scen,180
180,random-32-32-20.map,planner,1,6804,4047,68,51,6061,4047,3,0,1000,False,random-32-32-20-random-13.scen,180
180,random-32-32-20.map,planner,1,6758,4047,77,51,5841,4047,5115,0,1000,True,random-32-32-20-random-13.scen,180
220,random-32-32-20.map,planner,1,8754,4912,71,51,7828,4912,4,0,0,False,random-32-32-20-random-13.scen,220
220,random-32-32-20.map,planner,1,8754,4912,71,51,7828,4912,5,0,0,True,random-32-32-20-random-13.scen,220
220,random-32-32-20.map,planner,1,8754,4912,71,51,7828,4912,4,0,1,False,random-32-32-20-random-13.scen,220
220,random-32-32-20.map,planner,1,9223,4912,79,51,7932,4912,19,0,1,True,random-32-32-20-random-13.scen,220
220,random-32-32-20.map,planner,1,8754,4912,71,51,7828,4912,4,0,10,False,random-32-32-20-random-13.scen,220
220,random-32-32-20.map,planner,1,9747,4912,99,51,8243,4912,146,0,10,True,random-32-32-20-random-13.scen,220
220,random-32-32-20.map,planner,1,8754,4912,71,51,7828,4912,4,0,100,False,random-32-32-20-random-13.scen,220
220,random-32-32-20.map,planner,1,10362,4912,136,51,8548,4912,1362,0,100,True,random-32-32-20-random-13.scen,220
220,random-32-32-20.map,planner,1,8754,4912,71,51,7828,4912,4,0,1000,False,random-32-32-20-random-13.scen,220
220,random-32-32-20.map,planner,1,9125,4912,81,51,7761,4912,11828,0,1000,True,random-32-32-20-random-13.scen,220
260,random-32-32-20.map,planner,1,13028,5858,104,51,10798,5858,8,0,0,False,random-32-32-20-random-13.scen,260
260,random-32-32-20.map,planner,1,13028,5858,104,51,10798,5858,9,0,0,True,random-32-32-20-random-13.scen,260
260,random-32-32-20.map,planner,1,13028,5858,104,51,10798,5858,8,0,1,False,random-32-32-20-random-13.scen,260
260,random-32-32-20.map,planner,1,14202,5858,147,51,11381,5858,31,0,1,True,random-32-32-20-random-13.scen,260
260,random-32-32-20.map,planner,1,13028,5858,104,51,10798,5858,8,0,10,False,random-32-32-20-random-13.scen,260
260,random-32-32-20.map,planner,1,13066,5858,119,51,10915,5858,192,0,10,True,random-32-32-20-random-13.scen,260
260,random-32-32-20.map,planner,1,13028,5858,104,51,10798,5858,8,0,100,False,random-32-32-20-random-13.scen,260
260,random-32-32-20.map,planner,1,14790,5858,130,51,11508,5858,2286,0,100,True,random-32-32-20-random-13.scen,260
260,random-32-32-20.map,planner,1,13028,5858,104,51,10798,5858,8,0,1000,False,random-32-32-20-random-13.scen,260
260,random-32-32-20.map,planner,1,14339,5858,171,51,11438,5858,19334,0,1000,True,random-32-32-20-random-13.scen,260
300,random-32-32-20.map,planner,1,16259,6807,101,56,13582,6807,8,0,0,False,random-32-32-20-random-13.scen,300
300,random-32-32-20.map,planner,1,16259,6807,101,56,13582,6807,9,0,0,True,random-32-32-20-random-13.scen,300
300,random-32-32-20.map,planner,1,16259,6807,101,56,13582,6807,8,0,1,False,random-32-32-20-random-13.scen,300
300,random-32-32-20.map,planner,1,21340,6807,205,56,15266,6807,98,0,1,True,random-32-32-20-random-13.scen,300
300,random-32-32-20.map,planner,1,16259,6807,101,56,13582,6807,7,0,10,False,random-32-32-20-random-13.scen,300
300,random-32-32-20.map,planner,1,20958,6807,206,56,15686,6807,307,0,10,True,random-32-32-20-random-13.scen,300
300,random-32-32-20.map,planner,1,16259,6807,101,56,13582,6807,8,0,100,False,random-32-32-20-random-13.scen,300
300,random-32-32-20.map,planner,1,19916,6807,177,56,15090,6807,2660,0,100,True,random-32-32-20-random-13.scen,300
300,random-32-32-20.map,planner,1,16259,6807,101,56,13582,6807,8,0,1000,False,random-32-32-20-random-13.scen,300
300,random-32-32-20.map,planner,1,20339,6807,199,56,15534,6807,28504,0,1000,True,random-32-32-20-random-13.scen,300
340,random-32-32-20.map,planner,1,22948,7611,146,56,18037,7611,131,0,0,False,random-32-32-20-random-13.scen,340
340,random-32-32-20.map,planner,1,22948,7611,146,56,18037,7611,131,0,0,True,random-32-32-20-random-13.scen,340
340,random-32-32-20.map,planner,1,22948,7611,146,56,18037,7611,130,0,1,False,random-32-32-20-random-13.scen,340
340,random-32-32-20.map,planner,1,25420,7611,233,56,18912,7611,979,0,1,True,random-32-32-20-random-13.scen,340
340,random-32-32-20.map,planner,1,22948,7611,146,56,18037,7611,128,0,10,False,random-32-32-20-random-13.scen,340
340,random-32-32-20.map,planner,1,30803,7611,269,56,19887,7611,385,0,10,True,random-32-32-20-random-13.scen,340
340,random-32-32-20.map,planner,1,22948,7611,146,56,18037,7611,129,0,100,False,random-32-32-20-random-13.scen,340
340,random-32-32-20.map,planner,1,26700,7611,227,56,19496,7611,4018,0,100,True,random-32-32-20-random-13.scen,340
340,random-32-32-20.map,planner,1,22948,7611,146,56,18037,7611,133,0,1000,False,random-32-32-20-random-13.scen,340
340,random-32-32-20.map,planner,1,38164,7611,325,56,22934,7611,37443,0,1000,True,random-32-32-20-random-13.scen,340
380,random-32-32-20.map,planner,1,29520,8524,166,56,23476,8524,196,0,0,False,random-32-32-20-random-13.scen,380
380,random-32-32-20.map,planner,1,29520,8524,166,56,23476,8524,199,0,0,True,random-32-32-20-random-13.scen,380
380,random-32-32-20.map,planner,1,29520,8524,166,56,23476,8524,187,0,1,False,random-32-32-20-random-13.scen,380
380,random-32-32-20.map,planner,1,37579,8524,314,56,25404,8524,315,0,1,True,random-32-32-20-random-13.scen,380
380,random-32-32-20.map,planner,1,29520,8524,166,56,23476,8524,198,0,10,False,random-32-32-20-random-13.scen,380
380,random-32-32-20.map,planner,1,63048,8524,501,56,33350,8524,958,0,10,True,random-32-32-20-random-13.scen,380
380,random-32-32-20.map,planner,1,29520,8524,166,56,23476,8524,193,0,100,False,random-32-32-20-random-13.scen,380
380,random-32-32-20.map,planner,1,48156,8524,399,56,30941,8524,6427,0,100,True,random-32-32-20-random-13.scen,380
380,random-32-32-20.map,planner,1,29520,8524,166,56,23476,8524,181,0,1000,False,random-32-32-20-random-13.scen,380
380,random-32-32-20.map,planner,1,51407,8524,402,56,31420,8524,53392,0,1000,True,random-32-32-20-random-13.scen,380
20,random-32-32-20.map,planner,1,568,406,49,40,493,406,0,0,0,False,random-32-32-20-random-17.scen,20
20,random-32-32-20.map,planner,1,568,406,49,40,493,406,0,0,0,True,random-32-32-20-random-17.scen,20
20,random-32-32-20.map,planner,1,568,406,49,40,493,406,0,0,1,False,random-32-32-20-random-17.scen,20
20,random-32-32-20.map,planner,1,524,406,40,40,474,406,0,0,1,True,random-32-32-20-random-17.scen,20
20,random-32-32-20.map,planner,1,568,406,49,40,493,406,0,0,10,False,random-32-32-20-random-17.scen,20
20,random-32-32-20.map,planner,1,524,406,40,40,474,406,0,0,10,True,random-32-32-20-random-17.scen,20
20,random-32-32-20.map,planner,1,568,406,49,40,493,406,0,0,100,False,random-32-32-20-random-17.scen,20
20,random-32-32-20.map,planner,1,524,406,40,40,474,406,0,0,100,True,random-32-32-20-random-17.scen,20
20,random-32-32-20.map,planner,1,568,406,49,40,493,406,0,0,1000,False,random-32-32-20-random-17.scen,20
20,random-32-32-20.map,planner,1,524,406,40,40,474,406,0,0,1000,True,random-32-32-20-random-17.scen,20
60,random-32-32-20.map,planner,1,1647,1174,44,40,1454,1174,0,0,0,False,random-32-32-20-random-17.scen,60
60,random-32-32-20.map,planner,1,1647,1174,44,40,1454,1174,0,0,0,True,random-32-32-20-random-17.scen,60
60,random-32-32-20.map,planner,1,1647,1174,44,40,1454,1174,0,0,1,False,random-32-32-20-random-17.scen,60
60,random-32-32-20.map,planner,1,1579,1174,49,40,1413,1174,1,0,1,True,random-32-32-20-random-17.scen,60
60,random-32-32-20.map,planner,1,1647,1174,44,40,1454,1174,0,0,10,False,random-32-32-20-random-17.scen,60
60,random-32-32-20.map,planner,1,1579,1174,49,40,1413,1174,1,0,10,True,random-32-32-20-random-17.scen,60
60,random-32-32-20.map,planner,1,1647,1174,44,40,1454,1174,0,0,100,False,random-32-32-20-random-17.scen,60
60,random-32-32-20.map,planner,1,1579,1174,49,40,1413,1174,1,0,100,True,random-32-32-20-random-17.scen,60
60,random-32-32-20.map,planner,1,1647,1174,44,40,1454,1174,0,0,1000,False,random-32-32-20-random-17.scen,60
60,random-32-32-20.map,planner,1,1579,1174,49,40,1413,1174,1,0,1000,True,random-32-32-20-random-17.scen,60
100,random-32-32-20.map,planner,1,3217,2056,52,46,2877,2056,1,0,0,False,random-32-32-20-random-17.scen,100
100,random-32-32-20.map,planner,1,3217,2056,52,46,2877,2056,1,0,0,True,random-32-32-20-random-17.scen,100
100,random-32-32-20.map,planner,1,3217,2056,52,46,2877,2056,1,0,1,False,random-32-32-20-random-17.scen,100
100,random-32-32-20.map,planner,1,3169,2056,58,46,2775,2056,3,0,1,True,random-32-32-20-random-17.scen,100
100,random-32-32-20.map,planner,1,3217,2056,52,46,2877,2056,1,0,10,False,random-32-32-20-random-17.scen,100
100,random-32-32-20.map,planner,1,3089,2056,49,46,2713,2056,3,0,10,True,random-32-32-20-random-17.scen,100
100,random-32-32-20.map,planner,1,3217,2056,52,46,2877,2056,1,0,100,False,random-32-32-20-random-17.scen,100
100,random-32-32-20.map,planner,1,3089,2056,49,46,2713,2056,3,0,100,True,random-32-32-20-random-17.scen,100
100,random-32-32-20.map,planner,1,3217,2056,52,46,2877,2056,1,0,1000,False,random-32-32-20-random-17.scen,100
100,random-32-32-20.map,planner,1,3089,2056,49,46,2713,2056,3,0,1000,True,random-32-32-20-random-17.scen,100
140,random-32-32-20.map,planner,1,5158,3010,55,53,4548,3010,2,0,0,False,random-32-32-20-random-17.scen,140
140,random-32-32-20.map,planner,1,5158,3010,55,53,4548,3010,2,0,0,True,random-32-32-20-random-17.scen,140
140,random-32-32-20.map,planner,1,5158,3010,55,53,4548,3010,2,0,1,False,random-32-32-20-random-17.scen,140
140,random-32-32-20.map,planner,1,5422,3010,93,53,4406,3010,8,0,1,True,random-32-32-20-random-17.scen,140
140,random-32-32-20.map,planner,1,5158,3010,55,53,4548,3010,2,0,10,False,random-32-32-20-random-17.scen,140
140,random-32-32-20.map,planner,1,5168,3010,78,53,4410,3010,51,0,10,True,random-32-32-20-random-17.scen,140
140,random-32-32-20.map,planner,1,5158,3010,55,53,4548,3010,2,0,100,False,random-32-32-20-random-17.scen,140
140,random-32-32-20.map,planner,1,5932,3010,107,53,4710,3010,515,0,100,True,random-32-32-20-random-17.scen,140
140,random-32-32-20.map,planner,1,5158,3010,55,53,4548,3010,2,0,1000,False,random-32-32-20-random-17.scen,140
140,random-32-32-20.map,planner,1,4832,3010,62,53,4240,3010,3375,0,1000,True,random-32-32-20-random-17.scen,140
180,random-32-32-20.map,planner,1,7609,4051,64,53,6638,4051,3,0,0,False,random-32-32-20-random-17.scen,180
180,random-32-32-20.map,planner,1,7609,4051,64,53,6638,4051,3,0,0,True,random-32-32-20-random-17.scen,180
180,random-32-32-20.map,planner,1,7609,4051,64,53,6638,4051,3,0,1,False,random-32-32-20-random-17.scen,180
180,random-32-32-20.map,planner,1,7482,4051,64,53,6486,4051,16,0,1,True,random-32-32-20-random-17.scen,180
180,random-32-32-20.map,planner,1,7609,4051,64,53,6638,4051,3,0,10,False,random-32-32-20-random-17.scen,180
180,random-32-32-20.map,planner,1,8594,4051,120,53,6836,4051,129,0,10,True,random-32-32-20-random-17.scen,180
180,random-32-32-20.map,planner,1,7609,4051,64,53,6638,4051,3,0,100,False,random-32-32-20-random-17.scen,180
180,random-32-32-20.map,planner,1,9034,4051,128,53,7198,4051,1237,0,100,True,random-32-32-20-random-17.scen,180
180,random-32-32-20.map,planner,1,7609,4051,64,53,6638,4051,3,0,1000,False,random-32-32-20-random-17.scen,180
180,random-32-32-20.map,planner,1,7434,4051,76,53,6334,4051,10099,0,1000,True,random-32-32-20-random-17.scen,180
220,random-32-32-20.map,planner,1,10338,4941,78,53,8853,4941,6,0,0,False,random-32-32-20-random-17.scen,220
220,random-32-32-20.map,planner,1,10338,4941,78,53,8853,4941,6,0,0,True,random-32-32-20-random-17.scen,220
220,random-32-32-20.map,planner,1,10338,4941,78,53,8853,4941,5,0,1,False,random-32-32-20-random-17.scen,220
220,random-32-32-20.map,planner,1,11487,4941,150,53,9370,4941,33,0,1,True,random-32-32-20-random-17.scen,220
220,random-32-32-20.map,planner,1,10338,4941,78,53,8853,4941,6,0,10,False,random-32-32-20-random-17.scen,220
220,random-32-32-20.map,planner,1,12402,4941,153,53,9716,4941,199,0,10,True,random-32-32-20-random-17.scen,220
220,random-32-32-20.map,planner,1,10338,4941,78,53,8853,4941,6,0,100,False,random-32-32-20-random-17.scen,220
220,random-32-32-20.map,planner,1,10968,4941,121,53,9098,4941,1714,0,100,True,random-32-32-20-random-17.scen,220
220,random-32-32-20.map,planner,1,10338,4941,78,53,8853,4941,6,0,1000,False,random-32-32-20-random-17.scen,220
220,random-32-32-20.map,planner,1,11740,4941,137,53,9288,4941,19728,0,1000,True,random-32-32-20-random-17.scen,220
260,random-32-32-20.map,planner,1,14019,5826,122,53,11713,5826,14,0,0,False,random-32-32-20-random-17.scen,260
260,random-32-32-20.map,planner,1,14019,5826,122,53,11713,5826,15,0,0,True,random-32-32-20-random-17.scen,260
260,random-32-32-20.map,planner,1,14019,5826,122,53,11713,5826,14,0,1,False,random-32-32-20-random-17.scen,260
260,random-32-32-20.map,planner,1,15763,5826,195,53,12699,5826,57,0,1,True,random-32-32-20-random-17.scen,260
260,random-32-32-20.map,planner,1,14019,5826,122,53,11713,5826,14,0,10,False,random-32-32-20-random-17.scen,260
260,random-32-32-20.map,planner,1,17547,5826,212,53,12700,5826,258,0,10,True,random-32-32-20-random-17.scen,260
260,random-32-32-20.map,planner,1,14019,5826,122,53,11713,5826,14,0,100,False,random-32-32-20-random-17.scen,260
260,random-32-32-20.map,planner,1,16539,5826,183,53,12531,5826,2541,0,100,True,random-32-32-20-random-17.scen,260
260,random-32-32-20.map,planner,1,14019,5826,122,53,11713,5826,14,0,1000,False,random-32-32-20-random-17.scen,260
260,random-32-32-20.map,planner,1,16058,5826,192,53,12639,5826,21612,0,1000,True,random-32-32-20-random-17.scen,260
300,random-32-32-20.map,planner,1,19351,6704,148,53,15893,6704,25,0,0,False,random-32-32-20-random-17.scen,300
300,random-32-32-20.map,planner,1,19351,6704,148,53,15893,6704,28,0,0,True,random-32-32-20-random-17.scen,300
300,random-32-32-20.map,planner,1,19351,6704,148,53,15893,6704,26,0,1,False,random-32-32-20-random-17.scen,300
300,random-32-32-20.map,planner,1,19626,6704,180,53,15558,6704,66,0,1,True,random-32-32-20-random-17.scen,300
300,random-32-32-20.map,planner,1,19351,6704,148,53,15893,6704,26,0,10,False,random-32-32-20-random-17.scen,300
300,random-32-32-20.map,planner,1,20550,6704,202,53,15852,6704,324,0,10,True,random-32-32-20-random-17.scen,300
300,random-32-32-20.map,planner,1,19351,6704,148,53,15893,6704,26,0,100,False,random-32-32-20-random-17.scen,300
300,random-32-32-20.map,planner,1,27415,6704,306,53,18655,6704,3097,0,100,True,random-32-32-20-random-17.scen,300
300,random-32-32-20.map,planner,1,19351,6704,148,53,15893,6704,25,0,1000,False,random-32-32-20-random-17.scen,300
300,random-32-32-20.map,planner,1,25384,6704,290,53,18223,6704,28915,0,1000,True,random-32-32-20-random-17.scen,300
340,random-32-32-20.map,planner,1,22931,7657,158,53,19295,7657,4041,0,0,False,random-32-32-20-random-17.scen,340
340,random-32-32-20.map,planner,1,22931,7657,158,53,19295,7657,4015,0,0,True,random-32-32-20-random-17.scen,340
340,random-32-32-20.map,planner,1,22931,7657,158,53,19295,7657,3934,0,1,False,random-32-32-20-random-17.scen,340
340,random-32-32-20.map,planner,1,26172,7657,219,53,19817,7657,311,0,1,True,random-32-32-20-random-17.scen,340
340,random-32-32-20.map,planner,1,22931,7657,158,53,19295,7657,3947,0,10,False,random-32-32-20-random-17.scen,340
340,random-32-32-20.map,planner,1,28822,7657,272,53,21656,7657,1239,0,10,True,random-32-32-20-random-17.scen,340
340,random-32-32-20.map,planner,1,22931,7657,158,53,19295,7657,3997,0,100,False,random-32-32-20-random-17.scen,340
340,random-32-32-20.map,planner,1,52177,7657,466,53,31633,7657,4406,0,100,True,random-32-32-20-random-17.scen,340
340,random-32-32-20.map,planner,1,22931,7657,158,53,19295,7657,3994,0,1000,False,random-32-32-20-random-17.scen,340
340,random-32-32-20.map,planner,1,47139,7657,428,53,28096,7657,49784,0,1000,True,random-32-32-20-random-17.scen,340
380,random-32-32-20.map,planner,1,27939,8449,144,53,22917,8449,76,0,0,False,random-32-32-20-random-17.scen,380
380,random-32-32-20.map,planner,1,27939,8449,144,53,22917,8449,86,0,0,True,random-32-32-20-random-17.scen,380
380,random-32-32-20.map,planner,1,27939,8449,144,53,22917,8449,80,0,1,False,random-32-32-20-random-17.scen,380
380,random-32-32-20.map,planner,1,34914,8449,261,53,24069,8449,222,0,1,True,random-32-32-20-random-17.scen,380
380,random-32-32-20.map,planner,1,27939,8449,144,53,22917,8449,80,0,10,False,random-32-32-20-random-17.scen,380
380,random-32-32-20.map,planner,1,41831,8449,345,53,27415,8449,924,0,10,True,random-32-32-20-random-17.scen,380
380,random-32-32-20.map,planner,1,27939,8449,144,53,22917,8449,78,0,100,False,random-32-32-20-random-17.scen,380
380,random-32-32-20.map,planner,1,37709,8449,286,53,26772,8449,5483,0,100,True,random-32-32-20-random-17.scen,380
380,random-32-32-20.map,planner,1,27939,8449,144,53,22917,8449,78,0,1000,False,random-32-32-20-random-17.scen,380
380,random-32-32-20.map,planner,1,65254,8449,536,53,36104,8449,51633,0,1000,True,random-32-32-20-random-17.scen,380
20,random-32-32-20.map,planner,1,464,400,45,45,447,400,0,0,0,False,random-32-32-20-random-9.scen,20
20,random-32-32-20.map,planner,1,464,400,45,45,447,400,0,0,0,True,random-32-32-20-random-9.scen,20
20,random-32-32-20.map,planner,1,464,400,45,45,447,400,0,0,1,False,random-32-32-20-random-9.scen,20
20,random-32-32-20.map,planner,1,464,400,45,45,447,400,0,0,1,True,random-32-32-20-random-9.scen,20
20,random-32-32-20.map,planner,1,464,400,45,45,447,400,0,0,10,False,random-32-32-20-random-9.scen,20
20,random-32-32-20.map,planner,1,464,400,45,45,447,400,0,0,10,True,random-32-32-20-random-9.scen,20
20,random-32-32-20.map,planner,1,464,400,45,45,447,400,0,0,100,False,random-32-32-20-random-9.scen,20
20,random-32-32-20.map,planner,1,464,400,45,45,447,400,0,0,100,True,random-32-32-20-random-9.scen,20
20,random-32-32-20.map,planner,1,464,400,45,45,447,400,0,0,1000,False,random-32-32-20-random-9.scen,20
20,random-32-32-20.map,planner,1,464,400,45,45,447,400,0,0,1000,True,random-32-32-20-random-9.scen,20
60,random-32-32-20.map,planner,1,1866,1390,63,50,1659,1390,3,0,0,False,random-32-32-20-random-9.scen,60
60,random-32-32-20.map,planner,1,1866,1390,63,50,1659,1390,3,0,0,True,random-32-32-20-random-9.scen,60
60,random-32-32-20.map,planner,1,1866,1390,63,50,1659,1390,3,0,1,False,random-32-32-20-random-9.scen,60
60,random-32-32-20.map,planner,1,1965,1390,67,50,1692,1390,2,0,1,True,random-32-32-20-random-9.scen,60
60,random-32-32-20.map,planner,1,1866,1390,63,50,1659,1390,3,0,10,False,random-32-32-20-random-9.scen,60
60,random-32-32-20.map,planner,1,1965,1390,67,50,1692,1390,2,0,10,True,random-32-32-20-random-9.scen,60
60,random-32-32-20.map,planner,1,1866,1390,63,50,1659,1390,3,0,100,False,random-32-32-20-random-9.scen,60
60,random-32-32-20.map,planner,1,1965,1390,67,50,1692,1390,2,0,100,True,random-32-32-20-random-9.scen,60
60,random-32-32-20.map,planner,1,1866,1390,63,50,1659,1390,3,0,1000,False,random-32-32-20-random-9.scen,60
60,random-32-32-20.map,planner,1,1965,1390,67,50,1692,1390,2,0,1000,True,random-32-32-20-random-9.scen,60
100,random-32-32-20.map,planner,1,3593,2237,79,50,3125,2237,8,0,0,False,random-32-32-20-random-9.scen,100
100,random-32-32-20.map,planner,1,3593,2237,79,50,3125,2237,8,0,0,True,random-32-32-20-random-9.scen,100
100,random-32-32-20.map,planner,1,3593,2237,79,50,3125,2237,8,0,1,False,random-32-32-20-random-9.scen,100
100,random-32-32-20.map,planner,1,3391,2237,69,50,2927,2237,9,0,1,True,random-32-32-20-random-9.scen,100
100,random-32-32-20.map,planner,1,3593,2237,79,50,3125,2237,9,0,10,False,random-32-32-20-random-9.scen,100
100,random-32-32-20.map,planner,1,3391,2237,69,50,2927,2237,9,0,10,True,random-32-32-20-random-9.scen,100
100,random-32-32-20.map,planner,1,3593,2237,79,50,3125,2237,8,0,100,False,random-32-32-20-random-9.scen,100
100,random-32-32-20.map,planner,1,3391,2237,69,50,2927,2237,9,0,100,True,random-32-32-20-random-9.scen,100
100,random-32-32-20.map,planner,1,3593,2237,79,50,3125,2237,8,0,1000,False,random-32-32-20-random-9.scen,100
100,random-32-32-20.map,planner,1,3391,2237,69,50,2927,2237,9,0,1000,True,random-32-32-20-random-9.scen,100
140,random-32-32-20.map,planner,1,5294,3144,69,50,4580,3144,7,0,0,False,random-32-32-20-random-9.scen,140
140,random-32-32-20.map,planner,1,5294,3144,69,50,4580,3144,7,0,0,True,random-32-32-20-random-9.scen,140
140,random-32-32-20.map,planner,1,5294,3144,69,50,4580,3144,7,0,1,False,random-32-32-20-random-9.scen,140
140,random-32-32-20.map,planner,1,5410,3144,89,50,4468,3144,9,0,1,True,random-32-32-20-random-9.scen,140
140,random-32-32-20.map,planner,1,5294,3144,69,50,4580,3144,7,0,10,False,random-32-32-20-random-9.scen,140
140,random-32-32-20.map,planner,1,5463,3144,91,50,4611,3144,67,0,10,True,random-32-32-20-random-9.scen,140
140,random-32-32-20.map,planner,1,5294,3144,69,50,4580,3144,7,0,100,False,random-32-32-20-random-9.scen,140
140,random-32-32-20.map,planner,1,5363,3144,77,50,4590,3144,610,0,100,True,random-32-32-20-random-9.scen,140
140,random-32-32-20.map,planner,1,5294,3144,69,50,4580,3144,7,0,1000,False,random-32-32-20-random-9.scen,140
140,random-32-32-20.map,planner,1,5310,3144,88,50,4606,3144,4005,0,1000,True,random-32-32-20-random-9.scen,140
180,random-32-32-20.map,planner,1,7459,3995,80,50,6523,3995,96,0,0,False,random-32-32-20-random-9.scen,180
180,random-32-32-20.map,planner,1,7459,3995,80,50,6523,3995,97,0,0,True,random-32-32-20-random-9.scen,180
180,random-32-32-20.map,planner,1,7459,3995,80,50,6523,3995,94,0,1,False,random-32-32-20-random-9.scen,180
180,random-32-32-20.map,planner,1,8736,3995,148,50,6872,3995,33,0,1,True,random-32-32-20-random-9.scen,180
180,random-32-32-20.map,planner,1,7459,3995,80,50,6523,3995,101,0,10,False,random-32-32-20-random-9.scen,180
180,random-32-32-20.map,planner,1,7664,3995,124,50,6343,3995,136,0,10,True,random-32-32-20-random-9.scen,180
180,random-32-32-20.map,planner,1,7459,3995,80,50,6523,3995,103,0,100,False,random-32-32-20-random-9.scen,180
180,random-32-32-20.map,planner,1,8485,3995,143,50,6932,3995,1022,0,100,True,random-32-32-20-random-9.scen,180
180,random-32-32-20.map,planner,1,7459,3995,80,50,6523,3995,100,0,1000,False,random-32-32-20-random-9.scen,180
180,random-32-32-20.map,planner,1,9316,3995,151,50,6970,3995,9886,0,1000,True,random-32-32-20-random-9.scen,180
220,random-32-32-20.map,planner,1,11302,4982,128,52,9093,4982,142,0,0,False,random-32-32-20-random-9.scen,220
220,random-32-32-20.map,planner,1,11302,4982,128,52,9093,4982,142,0,0,True,random-32-32-20-random-9.scen,220
220,random-32-32-20.map,planner,1,11302,4982,128,52,9093,4982,142,0,1,False,random-32-32-20-random-9.scen,220
220,random-32-32-20.map,planner,1,10387,4982,98,52,8844,4982,91,0,1,True,random-32-32-20-random-9.scen,220
220,random-32-32-20.map,planner,1,11302,4982,128,52,9093,4982,140,0,10,False,random-32-32-20-random-9.scen,220
220,random-32-32-20.map,planner,1,11852,4982,142,52,9222,4982,222,0,10,True,random-32-32-20-random-9.scen,220
220,random-32-32-20.map,planner,1,11302,4982,128,52,9093,4982,149,0,100,False,random-32-32-20-random-9.scen,220
220,random-32-32-20.map,planner,1,12216,4982,146,52,9463,4982,2284,0,100,True,random-32-32-20-random-9.scen,220
220,random-32-32-20.map,planner,1,11302,4982,128,52,9093,4982,141,0,1000,False,random-32-32-20-random-9.scen,220
220,random-32-32-20.map,planner,1,12926,4982,158,52,9461,4982,19423,0,1000,True,random-32-32-20-random-9.scen,220
260,random-32-32-20.map,planner,1,14116,5868,105,52,11766,5868,12,0,0,False,random-32-32-20-random-9.scen,260
260,random-32-32-20.map,planner,1,14116,5868,105,52,11766,5868,13,0,0,True,random-32-32-20-random-9.scen,260
260,random-32-32-20.map,planner,1,14116,5868,105,52,11766,5868,12,0,1,False,random-32-32-20-random-9.scen,260
260,random-32-32-20.map,planner,1,14712,5868,155,52,11871,5868,294,0,1,True,random-32-32-20-random-9.scen,260
260,random-32-32-20.map,planner,1,14116,5868,105,52,11766,5868,12,0,10,False,random-32-32-20-random-9.scen,260
260,random-32-32-20.map,planner,1,17762,5868,202,52,13498,5868,316,0,10,True,random-32-32-20-random-9.scen,260
260,random-32-32-20.map,planner,1,14116,5868,105,52,11766,5868,12,0,100,False,random-32-32-20-random-9.scen,260
260,random-32-32-20.map,planner,1,21854,5868,269,52,14201,5868,2521,0,100,True,random-32-32-20-random-9.scen,260
260,random-32-32-20.map,planner,1,14116,5868,105,52,11766,5868,12,0,1000,False,random-32-32-20-random-9.scen,260
260,random-32-32-20.map,planner,1,19791,5868,232,52,13681,5868,28372,0,1000,True,random-32-32-20-random-9.scen,260
300,random-32-32-20.map,planner,1,18424,6785,110,52,15450,6785,20,0,0,False,random-32-32-20-random-9.scen,300
300,random-32-32-20.map,planner,1,18424,6785,110,52,15450,6785,23,0,0,True,random-32-32-20-random-9.scen,300
300,random-32-32-20.map,planner,1,18424,6785,110,52,15450,6785,20,0,1,False,random-32-32-20-random-9.scen,300
300,random-32-32-20.map,planner,1,24955,6785,290,52,17681,6785,278,0,1,True,random-32-32-20-random-9.scen,300
300,random-32-32-20.map,planner,1,18424,6785,110,52,15450,6785,20,0,10,False,random-32-32-20-random-9.scen,300
300,random-32-32-20.map,planner,1,25381,6785,256,52,17682,6785,463,0,10,True,random-32-32-20-random-9.scen,300
300,random-32-32-20.map,planner,1,18424,6785,110,52,15450,6785,20,0,100,False,random-32-32-20-random-9.scen,300
300,random-32-32-20.map,planner,1,24435,6785,241,52,16771,6785,3439,0,100,True,random-32-32-20-random-9.scen,300
300,random-32-32-20.map,planner,1,18424,6785,110,52,15450,6785,20,0,1000,False,random-32-32-20-random-9.scen,300
300,random-32-32-20.map,planner,1,22997,6785,215,52,17121,6785,40516,0,1000,True,random-32-32-20-random-9.scen,300
340,random-32-32-20.map,planner,1,23757,7568,160,52,18925,7568,46,0,0,False,random-32-32-20-random-9.scen,340
340,random-32-32-20.map,planner,1,23757,7568,160,52,18925,7568,50,0,0,True,random-32-32-20-random-9.scen,340
340,random-32-32-20.map,planner,1,23757,7568,160,52,18925,7568,47,0,1,False,random-32-32-20-random-9.scen,340
340,random-32-32-20.map,planner,1,31298,7568,308,52,22419,7568,187,0,1,True,random-32-32-20-random-9.scen,340
340,random-32-32-20.map,planner,1,23757,7568,160,52,18925,7568,46,0,10,False,random-32-32-20-random-9.scen,340
340,random-32-32-20.map,planner,1,35414,7568,320,52,23413,7568,540,0,10,True,random-32-32-20-random-9.scen,340
340,random-32-32-20.map,planner,1,23757,7568,160,52,18925,7568,46,0,100,False,random-32-32-20-random-9.scen,340
340,random-32-32-20.map,planner,1,28563,7568,234,52,20882,7568,4686,0,100,True,random-32-32-20-random-9.scen,340
340,random-32-32-20.map,planner,1,23757,7568,160,52,18925,7568,46,0,1000,False,random-32-32-20-random-9.scen,340
340,random-32-32-20.map,planner,1,36852,7568,339,52,23249,7568,36764,0,1000,True,random-32-32-20-random-9.scen,340
380,random-32-32-20.map,planner,1,34161,8458,228,52,25878,8458,89,0,0,False,random-32-32-20-random-9.scen,380
380,random-32-32-20.map,planner,1,34161,8458,228,52,25878,8458,98,0,0,True,random-32-32-20-random-9.scen,380
380,random-32-32-20.map,planner,1,34161,8458,228,52,25878,8458,93,0,1,False,random-32-32-20-random-9.scen,380
380,random-32-32-20.map,planner,1,36909,8458,307,52,25235,8458,257,0,1,True,random-32-32-20-random-9.scen,380
380,random-32-32-20.map,planner,1,34161,8458,228,52,25878,8458,89,0,10,False,random-32-32-20-random-9.scen,380
380,random-32-32-20.map,planner,1,53053,8458,497,52,30828,8458,3906,0,10,True,random-32-32-20-random-9.scen,380
380,random-32-32-20.map,planner,1,34161,8458,228,52,25878,8458,90,0,100,False,random-32-32-20-random-9.scen,380
380,random-32-32-20.map,planner,1,51564,8458,489,52,31726,8458,7661,0,100,True,random-32-32-20-random-9.scen,380
380,random-32-32-20.map,planner,1,34161,8458,228,52,25878,8458,88,0,1000,False,random-32-32-20-random-9.scen,380
20,random-32-32-20.map,planner,1,475,427,39,39,451,427,0,0,0,False,random-32-32-20-random-15.scen,20
20,random-32-32-20.map,planner,1,475,427,39,39,451,427,0,0,0,True,random-32-32-20-random-15.scen,20
20,random-32-32-20.map,planner,1,475,427,39,39,451,427,0,0,1,False,random-32-32-20-random-15.scen,20
20,random-32-32-20.map,planner,1,475,427,39,39,451,427,0,0,1,True,random-32-32-20-random-15.scen,20
20,random-32-32-20.map,planner,1,475,427,39,39,451,427,0,0,10,False,random-32-32-20-random-15.scen,20
20,random-32-32-20.map,planner,1,475,427,39,39,451,427,0,0,10,True,random-32-32-20-random-15.scen,20
20,random-32-32-20.map,planner,1,475,427,39,39,451,427,0,0,100,False,random-32-32-20-random-15.scen,20
20,random-32-32-20.map,planner,1,475,427,39,39,451,427,0,0,100,True,random-32-32-20-random-15.scen,20
20,random-32-32-20.map,planner,1,475,427,39,39,451,427,0,0,1000,False,random-32-32-20-random-15.scen,20
20,random-32-32-20.map,planner,1,475,427,39,39,451,427,0,0,1000,True,random-32-32-20-random-15.scen,20
60,random-32-32-20.map,planner,1,1748,1317,44,41,1590,1317,1,0,0,False,random-32-32-20-random-15.scen,60
60,random-32-32-20.map,planner,1,1748,1317,44,41,1590,1317,1,0,0,True,random-32-32-20-random-15.scen,60
60,random-32-32-20.map,planner,1,1748,1317,44,41,1590,1317,1,0,1,False,random-32-32-20-random-15.scen,60
60,random-32-32-20.map,planner,1,1984,1317,55,41,1682,1317,1,0,1,True,random-32-32-20-random-15.scen,60
60,random-32-32-20.map,planner,1,1748,1317,44,41,1590,1317,1,0,10,False,random-32-32-20-random-15.scen,60
60,random-32-32-20.map,planner,1,1984,1317,55,41,1682,1317,1,0,10,True,random-32-32-20-random-15.scen,60
60,random-32-32-20.map,planner,1,1748,1317,44,41,1590,1317,1,0,100,False,random-32-32-20-random-15.scen,60
60,random-32-32-20.map,planner,1,1984,1317,55,41,1682,1317,1,0,100,True,random-32-32-20-random-15.scen,60
60,random-32-32-20.map,planner,1,1748,1317,44,41,1590,1317,1,0,1000,False,random-32-32-20-random-15.scen,60
60,random-32-32-20.map,planner,1,1984,1317,55,41,1682,1317,1,0,1000,True,random-32-32-20-random-15.scen,60
100,random-32-32-20.map,planner,1,3127,2135,46,41,2818,2135,1,0,0,False,random-32-32-20-random-15.scen,100
100,random-32-32-20.map,planner,1,3127,2135,46,41,2818,2135,1,0,0,True,random-32-32-20-random-15.scen,100
100,random-32-32-20.map,planner,1,3127,2135,46,41,2818,2135,1,0,1,False,random-32-32-20-random-15.scen,100
100,random-32-32-20.map,planner,1,3078,2135,49,41,2775,2135,4,0,1,True,random-32-32-20-random-15.scen,100
100,random-32-32-20.map,planner,1,3127,2135,46,41,2818,2135,1,0,10,False,random-32-32-20-random-15.scen,100
100,random-32-32-20.map,planner,1,3012,2135,45,41,2737,2135,11,0,10,True,random-32-32-20-random-15.scen,100
100,random-32-32-20.map,planner,1,3127,2135,46,41,2818,2135,1,0,100,False,random-32-32-20-random-15.scen,100
100,random-32-32-20.map,planner,1,2984,2135,45,41,2702,2135,16,0,100,True,random-32-32-20-random-15.scen,100
100,random-32-32-20.map,planner,1,3127,2135,46,41,2818,2135,1,0,1000,False,random-32-32-20-random-15.scen,100
100,random-32-32-20.map,planner,1,2984,2135,45,41,2702,2135,16,0,1000,True,random-32-32-20-random-15.scen,100
140,random-32-32-20.map,planner,1,5491,3121,70,52,4700,3121,2,0,0,False,random-32-32-20-random-15.scen,140
140,random-32-32-20.map,planner,1,5491,3121,70,52,4700,3121,3,0,0,True,random-32-32-20-random-15.scen,140
140,random-32-32-20.map,planner,1,5491,3121,70,52,4700,3121,2,0,1,False,random-32-32-20-random-15.scen,140
140,random-32-32-20.map,planner,1,5006,3121,73,52,4409,3121,9,0,1,True,random-32-32-20-random-15.scen,140
140,random-32-32-20.map,planner,1,5491,3121,70,52,4700,3121,2,0,10,False,random-32-32-20-random-15.scen,140
140,random-32-32-20.map,planner,1,5565,3121,91,52,4656,3121,71,0,10,True,random-32-32-20-random-15.scen,140
140,random-32-32-20.map,planner,1,5491,3121,70,52,4700,3121,2,0,100,False,random-32-32-20-random-15.scen,140
140,random-32-32-20.map,planner,1,5014,3121,71,52,4419,3121,677,0,100,True,random-32-32-20-random-15.scen,140
140,random-32-32-20.map,planner,1,5491,3121,70,52,4700,3121,3,0,1000,False,random-32-32-20-random-15.scen,140
140,random-32-32-20.map,planner,1,5059,3121,61,52,4371,3121,2022,0,1000,True,random-32-32-20-random-15.scen,140
180,random-32-32-20.map,planner,1,7618,4015,67,52,6615,4015,5,0,0,False,random-32-32-20-random-15.scen,180
180,random-32-32-20.map,planner,1,7618,4015,67,52,6615,4015,5,0,0,True,random-32-32-20-random-15.scen,180
180,random-32-32-20.map,planner,1,7618,4015,67,52,6615,4015,5,0,1,False,random-32-32-20-random-15.scen,180
180,random-32-32-20.map,planner,1,7625,4015,85,52,6424,4015,13,0,1,True,random-32-32-20-random-15.scen,180
180,random-32-32-20.map,planner,1,7618,4015,67,52,6615,4015,5,0,10,False,random-32-32-20-random-15.scen,180
180,random-32-32-20.map,planner,1,8136,4015,107,52,6776,4015,111,0,10,True,random-32-32-20-random-15.scen,180
180,random-32-32-20.map,planner,1,7618,4015,67,52,6615,4015,5,0,100,False,random-32-32-20-random-15.scen,180
180,random-32-32-20.map,planner,1,7279,4015,86,52,6219,4015,1010,0,100,True,random-32-32-20-random-15.scen,180
180,random-32-32-20.map,planner,1,7618,4015,67,52,6615,4015,5,0,1000,False,random-32-32-20-random-15.scen,180
180,random-32-32-20.map,planner,1,9499,4015,151,52,7327,4015,12345,0,1000,True,random-32-32-20-random-15.scen,180
220,random-32-32-20.map,planner,1,10583,4882,95,52,9042,4882,11,0,0,False,random-32-32-20-random-15.scen,220
220,random-32-32-20.map,planner,1,10583,4882,95,52,9042,4882,11,0,0,True,random-32-32-20-random-15.scen,220
220,random-32-32-20.map,planner,1,10583,4882,95,52,9042,4882,11,0,1,False,random-32-32-20-random-15.scen,220
220,random-32-32-20.map,planner,1,10401,4882,118,52,9013,4882,26,0,1,True,random-32-32-20-random-15.scen,220
220,random-32-32-20.map,planner,1,10583,4882,95,52,9042,4882,11,0,10,False,random-32-32-20-random-15.scen,220
220,random-32-32-20.map,planner,1,10432,4882,113,52,8751,4882,187,0,10,True,random-32-32-20-random-15.scen,220
220,random-32-32-20.map,planner,1,10583,4882,95,52,9042,4882,11,0,100,False,random-32-32-20-random-15.scen,220
220,random-32-32-20.map,planner,1,12737,4882,179,52,10136,4882,1510,0,100,True,random-32-32-20-random-15.scen,220
220,random-32-32-20.map,planner,1,10583,4882,95,52,9042,4882,11,0,1000,False,random-32-32-20-random-15.scen,220
220,random-32-32-20.map,planner,1,10410,4882,118,52,8785,4882,16930,0,1000,True,random-32-32-20-random-15.scen,220
260,random-32-32-20.map,planner,1,14382,5829,105,52,12318,5829,10,0,0,False,random-32-32-20-random-15.scen,260
260,random-32-32-20.map,planner,1,14382,5829,105,52,12318,5829,11,0,0,True,random-32-32-20-random-15.scen,260
260,random-32-32-20.map,planner,1,14382,5829,105,52,12318,5829,10,0,1,False,random-32-32-20-random-15.scen,260
260,random-32-32-20.map,planner,1,14738,5829,133,52,12037,5829,41,0,1,True,random-32-32-20-random-15.scen,260
260,random-32-32-20.map,planner,1,14382,5829,105,52,12318,5829,10,0,10,False,random-32-32-20-random-15.scen,260
260,random-32-32-20.map,planner,1,16136,5829,180,52,13077,5829,292,0,10,True,random-32-32-20-random-15.scen,260
260,random-32-32-20.map,planner,1,14382,5829,105,52,12318,5829,10,0,100,False,random-32-32-20-random-15.scen,260
260,random-32-32-20.map,planner,1,20285,5829,250,52,14609,5829,2564,0,100,True,random-32-32-20-random-15.scen,260
260,random-32-32-20.map,planner,1,14382,5829,105,52,12318,5829,10,0,1000,False,random-32-32-20-random-15.scen,260
260,random-32-32-20.map,planner,1,20861,5829,275,52,14748,5829,24497,0,1000,True,random-32-32-20-random-15.scen,260
300,random-32-32-20.map,planner,1,18294,6757,116,53,15560,6757,10,0,0,False,random-32-32-20-random-15.scen,300
300,random-32-32-20.map,planner,1,18294,6757,116,53,15560,6757,12,0,0,True,random-32-32-20-random-15.scen,300
300,random-32-32-20.map,planner,1,18294,6757,116,53,15560,6757,10,0,1,False,random-32-32-20-random-15.scen,300
300,random-32-32-20.map,planner,1,21956,6757,206,53,15539,6757,73,0,1,True,random-32-32-20-random-15.scen,300
300,random-32-32-20.map,planner,1,18294,6757,116,53,15560,6757,10,0,10,False,random-32-32-20-random-15.scen,300
300,random-32-32-20.map,planner,1,22729,6757,219,53,16936,6757,377,0,10,True,random-32-32-20-random-15.scen,300
300,random-32-32-20.map,planner,1,18294,6757,116,53,15560,6757,10,0,100,False,random-32-32-20-random-15.scen,300
300,random-32-32-20.map,planner,1,22414,6757,246,53,16824,6757,3027,0,100,True,random-32-32-20-random-15.scen,300
300,random-32-32-20.map,planner,1,18294,6757,116,53,15560,6757,10,0,1000,False,random-32-32-20-random-15.scen,300
300,random-32-32-20.map,planner,1,24161,6757,260,53,18095,6757,33484,0,1000,True,random-32-32-20-random-15.scen,300
340,random-32-32-20.map,planner,1,25569,7646,187,53,19979,7646,130,0,0,False,random-32-32-20-random-15.scen,340
340,random-32-32-20.map,planner,1,25569,7646,187,53,19979,7646,139,0,0,True,random-32-32-20-random-15.scen,340
340,random-32-32-20.map,planner,1,25569,7646,187,53,19979,7646,136,0,1,False,random-32-32-20-random-15.scen,340
340,random-32-32-20.map,planner,1,30684,7646,299,53,21384,7646,122,0,1,True,random-32-32-20-random-15.scen,340
340,random-32-32-20.map,planner,1,25569,7646,187,53,19979,7646,136,0,10,False,random-32-32-20-random-15.scen,340
340,random-32-32-20.map,planner,1,38731,7646,387,53,25396,7646,639,0,10,True,random-32-32-20-random-15.scen,340
340,random-32-32-20.map,planner,1,25569,7646,187,53,19979,7646,131,0,100,False,random-32-32-20-random-15.scen,340
340,random-32-32-20.map,planner,1,34672,7646,324,53,23877,7646,4338,0,100,True,random-32-32-20-random-15.scen,340
340,random-32-32-20.map,planner,1,25569,7646,187,53,19979,7646,128,0,1000,False,random-32-32-20-random-15.scen,340
340,random-32-32-20.map,planner,1,41961,7646,420,53,26936,7646,43590,0,1000,True,random-32-32-20-random-15.scen,340
380,random-32-32-20.map,planner,1,29948,8555,157,53,24200,8555,97,0,0,False,random-32-32-20-random-15.scen,380
380,random-32-32-20.map,planner,1,29948,8555,157,53,24200,8555,105,0,0,True,random-32-32-20-random-15.scen,380
380,random-32-32-20.map,planner,1,29948,8555,157,53,24200,8555,99,0,1,False,random-32-32-20-random-15.scen,380
380,random-32-32-20.map,planner,1,38063,8555,314,53,26884,8555,215,0,1,True,random-32-32-20-random-15.scen,380
380,random-32-32-20.map,planner,1,29948,8555,157,53,24200,8555,100,0,10,False,random-32-32-20-random-15.scen,380
380,random-32-32-20.map,planner,1,48471,8555,439,53,30110,8555,2938,0,10,True,random-32-32-20-random-15.scen,380
380,random-32-32-20.map,planner,1,29948,8555,157,53,24200,8555,96,0,100,False,random-32-32-20-random-15.scen,380
380,random-32-32-20.map,planner,1,63849,8555,547,53,36442,8555,9002,0,100,True,random-32-32-20-random-15.scen,380
380,random-32-32-20.map,planner,1,29948,8555,157,53,24200,8555,97,0,1000,False,random-32-32-20-random-15.scen,380
380,random-32-32-20.map,planner,1,50267,8555,439,53,31055,8555,53954,0,1000,True,random-32-32-20-random-15.scen,380
20,random-32-32-20.map,planner,1,467,395,37,37,417,395,0,0,0,False,random-32-32-20-random-7.scen,20
20,random-32-32-20.map,planner,1,467,395,37,37,417,395,0,0,0,True,random-32-32-20-random-7.scen,20
20,random-32-32-20.map,planner,1,467,395,37,37,417,395,0,0,1,False,random-32-32-20-random-7.scen,20
20,random-32-32-20.map,planner,1,467,395,37,37,417,395,0,0,1,True,random-32-32-20-random-7.scen,20
20,random-32-32-20.map,planner,1,467,395,37,37,417,395,0,0,10,False,random-32-32-20-random-7.scen,20
20,random-32-32-20.map,planner,1,467,395,37,37,417,395,0,0,10,True,random-32-32-20-random-7.scen,20
20,random-32-32-20.map,planner,1,467,395,37,37,417,395,0,0,100,False,random-32-32-20-random-7.scen,20
20,random-32-32-20.map,planner,1,467,395,37,37,417,395,0,0,100,True,random-32-32-20-random-7.scen,20
20,random-32-32-20.map,planner,1,467,395,37,37,417,395,0,0,1000,False,random-32-32-20-random-7.scen,20
20,random-32-32-20.map,planner,1,467,395,37,37,417,395,0,0,1000,True,random-32-32-20-random-7.scen,20
60,random-32-32-20.map,planner,1,1737,1326,47,47,1521,1326,1,0,0,False,random-32-32-20-random-7.scen,60
60,random-32-32-20.map,planner,1,1737,1326,47,47,1521,1326,1,0,0,True,random-32-32-20-random-7.scen,60
60,random-32-32-20.map,planner,1,1737,1326,47,47,1521,1326,1,0,1,False,random-32-32-20-random-7.scen,60
60,random-32-32-20.map,planner,1,1713,1326,51,47,1528,1326,1,0,1,True,random-32-32-20-random-7.scen,60
60,random-32-32-20.map,planner,1,1737,1326,47,47,1521,1326,1,0,10,False,random-32-32-20-random-7.scen,60
60,random-32-32-20.map,planner,1,1713,1326,51,47,1528,1326,1,0,10,True,random-32-32-20-random-7.scen,60
60,random-32-32-20.map,planner,1,1737,1326,47,47,1521,1326,1,0,100,False,random-32-32-20-random-7.scen,60
60,random-32-32-20.map,planner,1,1713,1326,51,47,1528,1326,1,0,100,True,random-32-32-20-random-7.scen,60
60,random-32-32-20.map,planner,1,1737,1326,47,47,1521,1326,1,0,1000,False,random-32-32-20-random-7.scen,60
60,random-32-32-20.map,planner,1,1713,1326,51,47,1528,1326,1,0,1000,True,random-32-32-20-random-7.scen,60
100,random-32-32-20.map,planner,1,3164,2163,50,47,2798,2163,1,0,0,False,random-32-32-20-random-7.scen,100
100,random-32-32-20.map,planner,1,3164,2163,50,47,2798,2163,1,0,0,True,random-32-32-20-random-7.scen,100
100,random-32-32-20.map,planner,1,3164,2163,50,47,2798,2163,1,0,1,False,random-32-32-20-random-7.scen,100
100,random-32-32-20.map,planner,1,3534,2163,71,47,2958,2163,3,0,1,True,random-32-32-20-random-7.scen,100
100,random-32-32-20.map,planner,1,3164,2163,50,47,2798,2163,1,0,10,False,random-32-32-20-random-7.scen,100
100,random-32-32-20.map,planner,1,3284,2163,56,47,2803,2163,2,0,10,True,random-32-32-20-random-7.scen,100
100,random-32-32-20.map,planner,1,3164,2163,50,47,2798,2163,1,0,100,False,random-32-32-20-random-7.scen,100
100,random-32-32-20.map,planner,1,3284,2163,56,47,2803,2163,2,0,100,True,random-32-32-20-random-7.scen,100
100,random-32-32-20.map,planner,1,3164,2163,50,47,2798,2163,1,0,1000,False,random-32-32-20-random-7.scen,100
100,random-32-32-20.map,planner,1,3284,2163,56,47,2803,2163,2,0,1000,True,random-32-32-20-random-7.scen,100
140,random-32-32-20.map,planner,1,4786,3012,59,48,4271,3012,2,0,0,False,random-32-32-20-random-7.scen,140
140,random-32-32-20.map,planner,1,4786,3012,59,48,4271,3012,2,0,0,True,random-32-32-20-random-7.scen,140
140,random-32-32-20.map,planner,1,4786,3012,59,48,4271,3012,2,0,1,False,random-32-32-20-random-7.scen,140
140,random-32-32-20.map,planner,1,4741,3012,57,48,4208,3012,8,0,1,True,random-32-32-20-random-7.scen,140
140,random-32-32-20.map,planner,1,4786,3012,59,48,4271,3012,2,0,10,False,random-32-32-20-random-7.scen,140
140,random-32-32-20.map,planner,1,4609,3012,57,48,4130,3012,38,0,10,True,random-32-32-20-random-7.scen,140
140,random-32-32-20.map,planner,1,4786,3012,59,48,4271,3012,2,0,100,False,random-32-32-20-random-7.scen,140
140,random-32-32-20.map,planner,1,5176,3012,78,48,4332,3012,350,0,100,True,random-32-32-20-random-7.scen,140
140,random-32-32-20.map,planner,1,4786,3012,59,48,4271,3012,2,0,1000,False,random-32-32-20-random-7.scen,140
140,random-32-32-20.map,planner,1,4863,3012,61,48,4167,3012,3004,0,1000,True,random-32-32-20-random-7.scen,140
180,random-32-32-20.map,planner,1,6574,3841,59,48,5943,3841,3,0,0,False,random-32-32-20-random-7.scen,180
180,random-32-32-20.map,planner,1,6574,3841,59,48,5943,3841,3,0,0,True,random-32-32-20-random-7.scen,180
180,random-32-32-20.map,planner,1,6574,3841,59,48,5943,3841,3,0,1,False,random-32-32-20-random-7.scen,180
180,random-32-32-20.map,planner,1,6595,3841,61,48,5889,3841,12,0,1,True,random-32-32-20-random-7.scen,180
180,random-32-32-20.map,planner,1,6574,3841,59,48,5943,3841,3,0,10,False,random-32-32-20-random-7.scen,180
180,random-32-32-20.map,planner,1,6552,3841,59,48,5803,3841,97,0,10,True,random-32-32-20-random-7.scen,180
180,random-32-32-20.map,planner,1,6574,3841,59,48,5943,3841,3,0,100,False,random-32-32-20-random-7.scen,180
180,random-32-32-20.map,planner,1,6687,3841,71,48,5748,3841,788,0,100,True,random-32-32-20-random-7.scen,180
180,random-32-32-20.map,planner,1,6574,3841,59,48,5943,3841,3,0,1000,False,random-32-32-20-random-7.scen,180
180,random-32-32-20.map,planner,1,7869,3841,108,48,6199,3841,8362,0,1000,True,random-32-32-20-random-7.scen,180
220,random-32-32-20.map,planner,1,10117,4801,77,55,8687,4801,4,0,0,False,random-32-32-20-random-7.scen,220
220,random-32-32-20.map,planner,1,10117,4801,77,55,8687,4801,5,0,0,True,random-32-32-20-random-7.scen,220
220,random-32-32-20.map,planner,1,10117,4801,77,55,8687,4801,5,0,1,False,random-32-32-20-random-7.scen,220
220,random-32-32-20.map,planner,1,9966,4801,94,55,8381,4801,17,0,1,True,random-32-32-20-random-7.scen,220
220,random-32-32-20.map,planner,1,10117,4801,77,55,8687,4801,4,0,10,False,random-32-32-20-random-7.scen,220
220,random-32-32-20.map,planner,1,13270,4801,163,55,9459,4801,195,0,10,True,random-32-32-20-random-7.scen,220
220,random-32-32-20.map,planner,1,10117,4801,77,55,8687,4801,5,0,100,False,random-32-32-20-random-7.scen,220
220,random-32-32-20.map,planner,1,11150,4801,132,55,8775,4801,1443,0,100,True,random-32-32-20-random-7.scen,220
220,random-32-32-20.map,planner,1,10117,4801,77,55,8687,4801,5,0,1000,False,random-32-32-20-random-7.scen,220
220,random-32-32-20.map,planner,1,12366,4801,158,55,9568,4801,12875,0,1000,True,random-32-32-20-random-7.scen,220
260,random-32-32-20.map,planner,1,12992,5797,73,56,11232,5797,5,0,0,False,random-32-32-20-random-7.scen,260
260,random-32-32-20.map,planner,1,12992,5797,73,56,11232,5797,7,0,0,True,random-32-32-20-random-7.scen,260
260,random-32-32-20.map,planner,1,12992,5797,73,56,11232,5797,5,0,1,False,random-32-32-20-random-7.scen,260
260,random-32-32-20.map,planner,1,14820,5797,164,56,11719,5797,43,0,1,True,random-32-32-20-random-7.scen,260
260,random-32-32-20.map,planner,1,12992,5797,73,56,11232,5797,5,0,10,False,random-32-32-20-random-7.scen,260
260,random-32-32-20.map,planner,1,14852,5797,165,56,11689,5797,225,0,10,True,random-32-32-20-random-7.scen,260
260,random-32-32-20.map,planner,1,12992,5797,73,56,11232,5797,5,0,100,False,random-32-32-20-random-7.scen,260
260,random-32-32-20.map,planner,1,20141,5797,225,56,13794,5797,2309,0,100,True,random-32-32-20-random-7.scen,260
260,random-32-32-20.map,planner,1,12992,5797,73,56,11232,5797,5,0,1000,False,random-32-32-20-random-7.scen,260
260,random-32-32-20.map,planner,1,16076,5797,160,56,12465,5797,24873,0,1000,True,random-32-32-20-random-7.scen,260
300,random-32-32-20.map,planner,1,17764,6715,118,56,14803,6715,1932,0,0,False,random-32-32-20-random-7.scen,300
300,random-32-32-20.map,planner,1,17764,6715,118,56,14803,6715,1972,0,0,True,random-32-32-20-random-7.scen,300
300,random-32-32-20.map,planner,1,17764,6715,118,56,14803,6715,1977,0,1,False,random-32-32-20-random-7.scen,300
300,random-32-32-20.map,planner,1,18413,6715,163,56,14468,6715,48,0,1,True,random-32-32-20-random-7.scen,300
300,random-32-32-20.map,planner,1,17764,6715,118,56,14803,6715,2048,0,10,False,random-32-32-20-random-7.scen,300
300,random-32-32-20.map,planner,1,25610,6715,310,56,18748,6715,986,0,10,True,random-32-32-20-random-7.scen,300
300,random-32-32-20.map,planner,1,17764,6715,118,56,14803,6715,1996,0,100,False,random-32-32-20-random-7.scen,300
300,random-32-32-20.map,planner,1,26426,6715,276,56,17689,6715,3871,0,100,True,random-32-32-20-random-7.scen,300
300,random-32-32-20.map,planner,1,17764,6715,118,56,14803,6715,1975,0,1000,False,random-32-32-20-random-7.scen,300
300,random-32-32-20.map,planner,1,24721,6715,221,56,17680,6715,36368,0,1000,True,random-32-32-20-random-7.scen,300
340,random-32-32-20.map,planner,1,22036,7628,105,56,18879,7628,9,0,0,False,random-32-32-20-random-7.scen,340
340,random-32-32-20.map,planner,1,22036,7628,105,56,18879,7628,13,0,0,True,random-32-32-20-random-7.scen,340
340,random-32-32-20.map,planner,1,22036,7628,105,56,18879,7628,9,0,1,False,random-32-32-20-random-7.scen,340
340,random-32-32-20.map,planner,1,29692,7628,237,56,21431,7628,97,0,1,True,random-32-32-20-random-7.scen,340
340,random-32-32-20.map,planner,1,22036,7628,105,56,18879,7628,9,0,10,False,random-32-32-20-random-7.scen,340
340,random-32-32-20.map,planner,1,33214,7628,299,56,23228,7628,681,0,10,True,random-32-32-20-random-7.scen,340
340,random-32-32-20.map,planner,1,22036,7628,105,56,18879,7628,9,0,100,False,random-32-32-20-random-7.scen,340
340,random-32-32-20.map,planner,1,46914,7628,401,56,26769,7628,6561,0,100,True,random-32-32-20-random-7.scen,340
340,random-32-32-20.map,planner,1,22036,7628,105,56,18879,7628,9,0,1000,False,random-32-32-20-random-7.scen,340
340,random-32-32-20.map,planner,1,39593,7628,348,56,25811,7628,45605,0,1000,True,random-32-32-20-random-7.scen,340
380,random-32-32-20.map,planner,1,28251,8520,133,56,23438,8520,12,0,0,False,random-32-32-20-random-7.scen,380
380,random-32-32-20.map,planner,1,28251,8520,133,56,23438,8520,18,0,0,True,random-32-32-20-random-7.scen,380
380,random-32-32-20.map,planner,1,28251,8520,133,56,23438,8520,12,0,1,False,random-32-32-20-random-7.scen,380
380,random-32-32-20.map,planner,1,33237,8520,275,56,24310,8520,260,0,1,True,random-32-32-20-random-7.scen,380
380,random-32-32-20.map,planner,1,28251,8520,133,56,23438,8520,12,0,10,False,random-32-32-20-random-7.scen,380
380,random-32-32-20.map,planner,1,44013,8520,369,56,29221,8520,1518,0,10,True,random-32-32-20-random-7.scen,380
380,random-32-32-20.map,planner,1,28251,8520,133,56,23438,8520,12,0,100,False,random-32-32-20-random-7.scen,380
380,random-32-32-20.map,planner,1,53250,8520,420,56,33886,8520,5850,0,100,True,random-32-32-20-random-7.scen,380
380,random-32-32-20.map,planner,1,28251,8520,133,56,23438,8520,12,0,1000,False,random-32-32-20-random-7.scen,380
20,random-32-32-20.map,planner,1,446,432,38,38,446,432,0,0,0,False,random-32-32-20-random-14.scen,20
20,random-32-32-20.map,planner,1,446,432,38,38,446,432,0,0,0,True,random-32-32-20-random-14.scen,20
20,random-32-32-20.map,planner,1,446,432,38,38,446,432,0,0,1,False,random-32-32-20-random-14.scen,20
20,random-32-32-20.map,planner,1,446,432,38,38,446,432,0,0,1,True,random-32-32-20-random-14.scen,20
20,random-32-32-20.map,planner,1,446,432,38,38,446,432,0,0,10,False,random-32-32-20-random-14.scen,20
20,random-32-32-20.map,planner,1,446,432,38,38,446,432,0,0,10,True,random-32-32-20-random-14.scen,20
20,random-32-32-20.map,planner,1,446,432,38,38,446,432,0,0,100,False,random-32-32-20-random-14.scen,20
20,random-32-32-20.map,planner,1,446,432,38,38,446,432,0,0,100,True,random-32-32-20-random-14.scen,20
20,random-32-32-20.map,planner,1,446,432,38,38,446,432,0,0,1000,False,random-32-32-20-random-14.scen,20
20,random-32-32-20.map,planner,1,446,432,38,38,446,432,0,0,1000,True,random-32-32-20-random-14.scen,20
60,random-32-32-20.map,planner,1,1601,1323,44,44,1517,1323,1,0,0,False,random-32-32-20-random-14.scen,60
60,random-32-32-20.map,planner,1,1601,1323,44,44,1517,1323,1,0,0,True,random-32-32-20-random-14.scen,60
60,random-32-32-20.map,planner,1,1601,1323,44,44,1517,1323,0,0,1,False,random-32-32-20-random-14.scen,60
60,random-32-32-20.map,planner,1,1630,1323,44,44,1486,1323,1,0,1,True,random-32-32-20-random-14.scen,60
60,random-32-32-20.map,planner,1,1601,1323,44,44,1517,1323,0,0,10,False,random-32-32-20-random-14.scen,60
60,random-32-32-20.map,planner,1,1630,1323,44,44,1486,1323,0,0,10,True,random-32-32-20-random-14.scen,60
60,random-32-32-20.map,planner,1,1601,1323,44,44,1517,1323,1,0,100,False,random-32-32-20-random-14.scen,60
60,random-32-32-20.map,planner,1,1630,1323,44,44,1486,1323,1,0,100,True,random-32-32-20-random-14.scen,60
60,random-32-32-20.map,planner,1,1601,1323,44,44,1517,1323,0,0,1000,False,random-32-32-20-random-14.scen,60
60,random-32-32-20.map,planner,1,1630,1323,44,44,1486,1323,1,0,1000,True,random-32-32-20-random-14.scen,60
100,random-32-32-20.map,planner,1,3040,2212,44,44,2805,2212,1,0,0,False,random-32-32-20-random-14.scen,100
100,random-32-32-20.map,planner,1,3040,2212,44,44,2805,2212,1,0,0,True,random-32-32-20-random-14.scen,100
100,random-32-32-20.map,planner,1,3040,2212,44,44,2805,2212,1,0,1,False,random-32-32-20-random-14.scen,100
100,random-32-32-20.map,planner,1,2986,2212,49,44,2757,2212,1,0,1,True,random-32-32-20-random-14.scen,100
100,random-32-32-20.map,planner,1,3040,2212,44,44,2805,2212,1,0,10,False,random-32-32-20-random-14.scen,100
100,random-32-32-20.map,planner,1,2986,2212,49,44,2757,2212,1,0,10,True,random-32-32-20-random-14.scen,100
100,random-32-32-20.map,planner,1,3040,2212,44,44,2805,2212,1,0,100,False,random-32-32-20-random-14.scen,100
100,random-32-32-20.map,planner,1,2986,2212,49,44,2757,2212,1,0,100,True,random-32-32-20-random-14.scen,100
100,random-32-32-20.map,planner,1,3040,2212,44,44,2805,2212,1,0,1000,False,random-32-32-20-random-14.scen,100
100,random-32-32-20.map,planner,1,2986,2212,49,44,2757,2212,1,0,1000,True,random-32-32-20-random-14.scen,100
140,random-32-32-20.map,planner,1,4898,3213,54,54,4285,3213,2,0,0,False,random-32-32-20-random-14.scen,140
140,random-32-32-20.map,planner,1,4898,3213,54,54,4285,3213,2,0,0,True,random-32-32-20-random-14.scen,140
140,random-32-32-20.map,planner,1,4898,3213,54,54,4285,3213,2,0,1,False,random-32-32-20-random-14.scen,140
140,random-32-32-20.map,planner,1,4944,3213,77,54,4284,3213,4,0,1,True,random-32-32-20-random-14.scen,140
140,random-32-32-20.map,planner,1,4898,3213,54,54,4285,3213,2,0,10,False,random-32-32-20-random-14.scen,140
140,random-32-32-20.map,planner,1,4884,3213,68,54,4266,3213,7,0,10,True,random-32-32-20-random-14.scen,140
140,random-32-32-20.map,planner,1,4898,3213,54,54,4285,3213,2,0,100,False,random-32-32-20-random-14.scen,140
140,random-32-32-20.map,planner,1,4780,3213,55,54,4280,3213,9,0,100,True,random-32-32-20-random-14.scen,140
140,random-32-32-20.map,planner,1,4898,3213,54,54,4285,3213,2,0,1000,False,random-32-32-20-random-14.scen,140
140,random-32-32-20.map,planner,1,4780,3213,55,54,4280,3213,9,0,1000,True,random-32-32-20-random-14.scen,140
180,random-32-32-20.map,planner,1,6918,4079,68,54,6076,4079,3,0,0,False,random-32-32-20-random-14.scen,180
180,random-32-32-20.map,planner,1,6918,4079,68,54,6076,4079,4,0,0,True,random-32-32-20-random-14.scen,180
180,random-32-32-20.map,planner,1,6918,4079,68,54,6076,4079,3,0,1,False,random-32-32-20-random-14.scen,180
180,random-32-32-20.map,planner,1,6834,4079,77,54,6005,4079,9,0,1,True,random-32-32-20-random-14.scen,180
180,random-32-32-20.map,planner,1,6918,4079,68,54,6076,4079,3,0,10,False,random-32-32-20-random-14.scen,180
180,random-32-32-20.map,planner,1,6952,4079,67,54,5973,4079,67,0,10,True,random-32-32-20-random-14.scen,180
180,random-32-32-20.map,planner,1,6918,4079,68,54,6076,4079,3,0,100,False,random-32-32-20-random-14.scen,180
180,random-32-32-20.map,planner,1,7542,4079,103,54,6168,4079,672,0,100,True,random-32-32-20-random-14.scen,180
180,random-32-32-20.map,planner,1,6918,4079,68,54,6076,4079,3,0,1000,False,random-32-32-20-random-14.scen,180
180,random-32-32-20.map,planner,1,6583,4079,64,54,5755,4079,3434,0,1000,True,random-32-32-20-random-14.scen,180
220,random-32-32-20.map,planner,1,9934,4957,103,54,8429,4957,34,0,0,False,random-32-32-20-random-14.scen,220
220,random-32-32-20.map,planner,1,9934,4957,103,54,8429,4957,35,0,0,True,random-32-32-20-random-14.scen,220
220,random-32-32-20.map,planner,1,9934,4957,103,54,8429,4957,34,0,1,False,random-32-32-20-random-14.scen,220
220,random-32-32-20.map,planner,1,10908,4957,150,54,8577,4957,119,0,1,True,random-32-32-20-random-14.scen,220
220,random-32-32-20.map,planner,1,9934,4957,103,54,8429,4957,34,0,10,False,random-32-32-20-random-14.scen,220
220,random-32-32-20.map,planner,1,10855,4957,148,54,8349,4957,177,0,10,True,random-32-32-20-random-14.scen,220
220,random-32-32-20.map,planner,1,9934,4957,103,54,8429,4957,34,0,100,False,random-32-32-20-random-14.scen,220
220,random-32-32-20.map,planner,1,10361,4957,141,54,8319,4957,976,0,100,True,random-32-32-20-random-14.scen,220
220,random-32-32-20.map,planner,1,9934,4957,103,54,8429,4957,35,0,1000,False,random-32-32-20-random-14.scen,220
220,random-32-32-20.map,planner,1,12921,4957,212,54,9006,4957,7887,0,1000,True,random-32-32-20-random-14.scen,220
260,random-32-32-20.map,planner,1,12010,5769,93,54,10249,5769,52,0,0,False,random-32-32-20-random-14.scen,260
260,random-32-32-20.map,planner,1,12010,5769,93,54,10249,5769,50,0,0,True,random-32-32-20-random-14.scen,260
260,random-32-32-20.map,planner,1,12010,5769,93,54,10249,5769,49,0,1,False,random-32-32-20-random-14.scen,260
260,random-32-32-20.map,planner,1,13363,5769,163,54,11123,5769,84,0,1,True,random-32-32-20-random-14.scen,260
260,random-32-32-20.map,planner,1,12010,5769,93,54,10249,5769,50,0,10,False,random-32-32-20-random-14.scen,260
260,random-32-32-20.map,planner,1,13707,5769,199,54,10970,5769,209,0,10,True,random-32-32-20-random-14.scen,260
260,random-32-32-20.map,planner,1,12010,5769,93,54,10249,5769,50,0,100,False,random-32-32-20-random-14.scen,260
260,random-32-32-20.map,planner,1,15036,5769,184,54,11635,5769,1374,0,100,True,random-32-32-20-random-14.scen,260
260,random-32-32-20.map,planner,1,12010,5769,93,54,10249,5769,49,0,1000,False,random-32-32-20-random-14.scen,260
260,random-32-32-20.map,planner,1,18265,5769,226,54,13051,5769,11387,0,1000,True,random-32-32-20-random-14.scen,260
300,random-32-32-20.map,planner,1,17448,6667,140,54,13933,6667,42,0,0,False,random-32-32-20-random-14.scen,300
300,random-32-32-20.map,planner,1,17448,6667,140,54,13933,6667,42,0,0,True,random-32-32-20-random-14.scen,300
300,random-32-32-20.map,planner,1,17448,6667,140,54,13933,6667,41,0,1,False,random-32-32-20-random-14.scen,300
300,random-32-32-20.map,planner,1,22708,6667,251,54,16138,6667,122,0,1,True,random-32-32-20-random-14.scen,300
300,random-32-32-20.map,planner,1,17448,6667,140,54,13933,6667,41,0,10,False,random-32-32-20-random-14.scen,300
300,random-32-32-20.map,planner,1,24258,6667,259,54,16341,6667,369,0,10,True,random-32-32-20-random-14.scen,300
300,random-32-32-20.map,planner,1,17448,6667,140,54,13933,6667,41,0,100,False,random-32-32-20-random-14.scen,300
300,random-32-32-20.map,planner,1,21502,6667,209,54,15444,6667,2314,0,100,True,random-32-32-20-random-14.scen,300
300,random-32-32-20.map,planner,1,17448,6667,140,54,13933,6667,42,0,1000,False,random-32-32-20-random-14.scen,300
300,random-32-32-20.map,planner,1,26929,6667,265,54,18187,6667,23069,0,1000,True,random-32-32-20-random-14.scen,300
340,random-32-32-20.map,planner,1,20616,7605,124,54,17099,7605,62,0,0,False,random-32-32-20-random-14.scen,340
340,random-32-32-20.map,planner,1,20616,7605,124,54,17099,7605,63,0,0,True,random-32-32-20-random-14.scen,340
340,random-32-32-20.map,planner,1,20616,7605,124,54,17099,7605,63,0,1,False,random-32-32-20-random-14.scen,340
340,random-32-32-20.map,planner,1,25385,7605,230,54,18458,7605,146,0,1,True,random-32-32-20-random-14.scen,340
340,random-32-32-20.map,planner,1,20616,7605,124,54,17099,7605,62,0,10,False,random-32-32-20-random-14.scen,340
340,random-32-32-20.map,planner,1,39517,7605,374,54,23783,7605,580,0,10,True,random-32-32-20-random-14.scen,340
340,random-32-32-20.map,planner,1,20616,7605,124,54,17099,7605,62,0,100,False,random-32-32-20-random-14.scen,340
340,random-32-32-20.map,planner,1,37329,7605,351,54,23783,7605,3553,0,100,True,random-32-32-20-random-14.scen,340
340,random-32-32-20.map,planner,1,20616,7605,124,54,17099,7605,62,0,1000,False,random-32-32-20-random-14.scen,340
340,random-32-32-20.map,planner,1,24182,7605,215,54,18192,7605,30187,0,1000,True,random-32-32-20-random-14.scen,340
380,random-32-32-20.map,planner,1,24601,8543,104,54,21063,8543,112,0,0,False,random-32-32-20-random-14.scen,380
380,random-32-32-20.map,planner,1,24601,8543,104,54,21063,8543,116,0,0,True,random-32-32-20-random-14.scen,380
380,random-32-32-20.map,planner,1,24601,8543,104,54,21063,8543,111,0,1,False,random-32-32-20-random-14.scen,380
380,random-32-32-20.map,planner,1,29032,8543,210,54,22595,8543,188,0,1,True,random-32-32-20-random-14.scen,380
380,random-32-32-20.map,planner,1,24601,8543,104,54,21063,8543,109,0,10,False,random-32-32-20-random-14.scen,380
380,random-32-32-20.map,planner,1,53262,8543,466,54,29297,8543,1614,0,10,True,random-32-32-20-random-14.scen,380
380,random-32-32-20.map,planner,1,24601,8543,104,54,21063,8543,115,0,100,False,random-32-32-20-random-14.scen,380
380,random-32-32-20.map,planner,1,84182,8543,797,54,43456,8543,25839,0,100,True,random-32-32-20-random-14.scen,380
380,random-32-32-20.map,planner,1,24601,8543,104,54,21063,8543,110,0,1000,False,random-32-32-20-random-14.scen,380
380,random-32-32-20.map,planner,1,48618,8543,437,54,31102,8543,44352,0,1000,True,random-32-32-20-random-14.scen,380
20,random-32-32-20.map,planner,1,522,489,51,51,516,489,0,0,0,False,random-32-32-20-random-18.scen,20
20,random-32-32-20.map,planner,1,522,489,51,51,516,489,0,0,0,True,random-32-32-20-random-18.scen,20
20,random-32-32-20.map,planner,1,522,489,51,51,516,489,0,0,1,False,random-32-32-20-random-18.scen,20
20,random-32-32-20.map,planner,1,522,489,51,51,516,489,0,0,1,True,random-32-32-20-random-18.scen,20
20,random-32-32-20.map,planner,1,522,489,51,51,516,489,0,0,10,False,random-32-32-20-random-18.scen,20
20,random-32-32-20.map,planner,1,522,489,51,51,516,489,0,0,10,True,random-32-32-20-random-18.scen,20
20,random-32-32-20.map,planner,1,522,489,51,51,516,489,0,0,100,False,random-32-32-20-random-18.scen,20
20,random-32-32-20.map,planner,1,522,489,51,51,516,489,0,0,100,True,random-32-32-20-random-18.scen,20
20,random-32-32-20.map,planner,1,522,489,51,51,516,489,0,0,1000,False,random-32-32-20-random-18.scen,20
20,random-32-32-20.map,planner,1,522,489,51,51,516,489,0,0,1000,True,random-32-32-20-random-18.scen,20
60,random-32-32-20.map,planner,1,1921,1402,51,51,1670,1402,1,0,0,False,random-32-32-20-random-18.scen,60
60,random-32-32-20.map,planner,1,1921,1402,51,51,1670,1402,1,0,0,True,random-32-32-20-random-18.scen,60
60,random-32-32-20.map,planner,1,1921,1402,51,51,1670,1402,1,0,1,False,random-32-32-20-random-18.scen,60
60,random-32-32-20.map,planner,1,1790,1402,51,51,1638,1402,1,0,1,True,random-32-32-20-random-18.scen,60
60,random-32-32-20.map,planner,1,1921,1402,51,51,1670,1402,1,0,10,False,random-32-32-20-random-18.scen,60
60,random-32-32-20.map,planner,1,1790,1402,51,51,1638,1402,1,0,10,True,random-32-32-20-random-18.scen,60
60,random-32-32-20.map,planner,1,1921,1402,51,51,1670,1402,1,0,100,False,random-32-32-20-random-18.scen,60
60,random-32-32-20.map,planner,1,1790,1402,51,51,1638,1402,1,0,100,True,random-32-32-20-random-18.scen,60
60,random-32-32-20.map,planner,1,1921,1402,51,51,1670,1402,1,0,1000,False,random-32-32-20-random-18.scen,60
60,random-32-32-20.map,planner,1,1790,1402,51,51,1638,1402,1,0,1000,True,random-32-32-20-random-18.scen,60
100,random-32-32-20.map,planner,1,3138,2157,51,51,2692,2157,1,0,0,False,random-32-32-20-random-18.scen,100
100,random-32-32-20.map,planner,1,3138,2157,51,51,2692,2157,1,0,0,True,random-32-32-20-random-18.scen,100
100,random-32-32-20.map,planner,1,3138,2157,51,51,2692,2157,1,0,1,False,random-32-32-20-random-18.scen,100
100,random-32-32-20.map,planner,1,3191,2157,54,51,2712,2157,2,0,1,True,random-32-32-20-random-18.scen,100
100,random-32-32-20.map,planner,1,3138,2157,51,51,2692,2157,1,0,10,False,random-32-32-20-random-18.scen,100
100,random-32-32-20.map,planner,1,3191,2157,54,51,2712,2157,2,0,10,True,random-32-32-20-random-18.scen,100
100,random-32-32-20.map,planner,1,3138,2157,51,51,2692,2157,1,0,100,False,random-32-32-20-random-18.scen,100
100,random-32-32-20.map,planner,1,3191,2157,54,51,2712,2157,2,0,100,True,random-32-32-20-random-18.scen,100
100,random-32-32-20.map,planner,1,3138,2157,51,51,2692,2157,1,0,1000,False,random-32-32-20-random-18.scen,100
100,random-32-32-20.map,planner,1,3191,2157,54,51,2712,2157,2,0,1000,True,random-32-32-20-random-18.scen,100
140,random-32-32-20.map,planner,1,4893,3098,51,51,4312,3098,2,0,0,False,random-32-32-20-random-18.scen,140
140,random-32-32-20.map,planner,1,4893,3098,51,51,4312,3098,2,0,0,True,random-32-32-20-random-18.scen,140
140,random-32-32-20.map,planner,1,4893,3098,51,51,4312,3098,2,0,1,False,random-32-32-20-random-18.scen,140
140,random-32-32-20.map,planner,1,4585,3098,51,51,4078,3098,5,0,1,True,random-32-32-20-random-18.scen,140
140,random-32-32-20.map,planner,1,4893,3098,51,51,4312,3098,2,0,10,False,random-32-32-20-random-18.scen,140
140,random-32-32-20.map,planner,1,4578,3098,56,51,4052,3098,17,0,10,True,random-32-32-20-random-18.scen,140
140,random-32-32-20.map,planner,1,4893,3098,51,51,4312,3098,2,0,100,False,random-32-32-20-random-18.scen,140
140,random-32-32-20.map,planner,1,4681,3098,57,51,4071,3098,30,0,100,True,random-32-32-20-random-18.scen,140
140,random-32-32-20.map,planner,1,4893,3098,51,51,4312,3098,2,0,1000,False,random-32-32-20-random-18.scen,140
140,random-32-32-20.map,planner,1,4650,3098,52,51,4084,3098,30,0,1000,True,random-32-32-20-random-18.scen,140
180,random-32-32-20.map,planner,1,6735,3973,58,51,6024,3973,3,0,0,False,random-32-32-20-random-18.scen,180
180,random-32-32-20.map,planner,1,6735,3973,58,51,6024,3973,4,0,0,True,random-32-32-20-random-18.scen,180
180,random-32-32-20.map,planner,1,6735,3973,58,51,6024,3973,4,0,1,False,random-32-32-20-random-18.scen,180
180,random-32-32-20.map,planner,1,7105,3973,78,51,6145,3973,12,0,1,True,random-32-32-20-random-18.scen,180
180,random-32-32-20.map,planner,1,6735,3973,58,51,6024,3973,4,0,10,False,random-32-32-20-random-18.scen,180
180,random-32-32-20.map,planner,1,6676,3973,80,51,5977,3973,86,0,10,True,random-32-32-20-random-18.scen,180
180,random-32-32-20.map,planner,1,6735,3973,58,51,6024,3973,3,0,100,False,random-32-32-20-random-18.scen,180
180,random-32-32-20.map,planner,1,6751,3973,70,51,6008,3973,711,0,100,True,random-32-32-20-random-18.scen,180
180,random-32-32-20.map,planner,1,6735,3973,58,51,6024,3973,4,0,1000,False,random-32-32-20-random-18.scen,180
180,random-32-32-20.map,planner,1,6767,3973,72,51,5928,3973,7785,0,1000,True,random-32-32-20-random-18.scen,180
220,random-32-32-20.map,planner,1,9806,4974,66,51,8578,4974,4,0,0,False,random-32-32-20-random-18.scen,220
220,random-32-32-20.map,planner,1,9806,4974,66,51,8578,4974,5,0,0,True,random-32-32-20-random-18.scen,220
220,random-32-32-20.map,planner,1,9806,4974,66,51,8578,4974,4,0,1,False,random-32-32-20-random-18.scen,220
220,random-32-32-20.map,planner,1,10979,4974,126,51,8929,4974,25,0,1,True,random-32-32-20-random-18.scen,220
220,random-32-32-20.map,planner,1,9806,4974,66,51,8578,4974,4,0,10,False,random-32-32-20-random-18.scen,220
220,random-32-32-20.map,planner,1,9210,4974,70,51,7961,4974,104,0,10,True,random-32-32-20-random-18.scen,220
220,random-32-32-20.map,planner,1,9806,4974,66,51,8578,4974,4,0,100,False,random-32-32-20-random-18.scen,220
220,random-32-32-20.map,planner,1,14643,4974,183,51,10039,4974,1602,0,100,True,random-32-32-20-random-18.scen,220
220,random-32-32-20.map,planner,1,9806,4974,66,51,8578,4974,4,0,1000,False,random-32-32-20-random-18.scen,220
220,random-32-32-20.map,planner,1,10894,4974,137,51,8892,4974,16567,0,1000,True,random-32-32-20-random-18.scen,220
260,random-32-32-20.map,planner,1,14050,5798,127,51,11659,5798,88,0,0,False,random-32-32-20-random-18.scen,260
260,random-32-32-20.map,planner,1,14050,5798,127,51,11659,5798,93,0,0,True,random-32-32-20-random-18.scen,260
260,random-32-32-20.map,planner,1,14050,5798,127,51,11659,5798,91,0,1,False,random-32-32-20-random-18.scen,260
260,random-32-32-20.map,planner,1,14499,5798,142,51,11948,5798,38,0,1,True,random-32-32-20-random-18.scen,260
260,random-32-32-20.map,planner,1,14050,5798,127,51,11659,5798,93,0,10,False,random-32-32-20-random-18.scen,260
260,random-32-32-20.map,planner,1,16434,5798,184,51,12630,5798,245,0,10,True,random-32-32-20-random-18.scen,260
260,random-32-32-20.map,planner,1,14050,5798,127,51,11659,5798,93,0,100,False,random-32-32-20-random-18.scen,260
260,random-32-32-20.map,planner,1,17759,5798,224,51,13468,5798,2233,0,100,True,random-32-32-20-random-18.scen,260
260,random-32-32-20.map,planner,1,14050,5798,127,51,11659,5798,92,0,1000,False,random-32-32-20-random-18.scen,260
260,random-32-32-20.map,planner,1,17129,5798,195,51,12380,5798,22869,0,1000,True,random-32-32-20-random-18.scen,260
300,random-32-32-20.map,planner,1,18496,6784,171,51,15610,6784,222,0,0,False,random-32-32-20-random-18.scen,300
300,random-32-32-20.map,planner,1,18496,6784,171,51,15610,6784,241,0,0,True,random-32-32-20-random-18.scen,300
300,random-32-32-20.map,planner,1,18496,6784,171,51,15610,6784,234,0,1,False,random-32-32-20-random-18.scen,300
300,random-32-32-20.map,planner,1,18094,6784,148,51,14417,6784,63,0,1,True,random-32-32-20-random-18.scen,300
300,random-32-32-20.map,planner,1,18496,6784,171,51,15610,6784,231,0,10,False,random-32-32-20-random-18.scen,300
300,random-32-32-20.map,planner,1,33208,6784,395,51,20878,6784,790,0,10,True,random-32-32-20-random-18.scen,300
300,random-32-32-20.map,planner,1,18496,6784,171,51,15610,6784,235,0,100,False,random-32-32-20-random-18.scen,300
300,random-32-32-20.map,planner,1,24093,6784,281,51,17073,6784,3635,0,100,True,random-32-32-20-random-18.scen,300
300,random-32-32-20.map,planner,1,18496,6784,171,51,15610,6784,240,0,1000,False,random-32-32-20-random-18.scen,300
300,random-32-32-20.map,planner,1,27092,6784,319,51,17766,6784,29824,0,1000,True,random-32-32-20-random-18.scen,300
340,random-32-32-20.map,planner,1,26818,7751,226,51,20801,7751,372,0,0,False,random-32-32-20-random-18.scen,340
340,random-32-32-20.map,planner,1,26818,7751,226,51,20801,7751,373,0,0,True,random-32-32-20-random-18.scen,340
340,random-32-32-20.map,planner,1,26818,7751,226,51,20801,7751,362,0,1,False,random-32-32-20-random-18.scen,340
340,random-32-32-20.map,planner,1,31929,7751,340,51,21546,7751,1543,0,1,True,random-32-32-20-random-18.scen,340
340,random-32-32-20.map,planner,1,26818,7751,226,51,20801,7751,355,0,10,False,random-32-32-20-random-18.scen,340
340,random-32-32-20.map,planner,1,31144,7751,341,51,21262,7751,1755,0,10,True,random-32-32-20-random-18.scen,340
340,random-32-32-20.map,planner,1,26818,7751,226,51,20801,7751,372,0,100,False,random-32-32-20-random-18.scen,340
340,random-32-32-20.map,planner,1,35168,7751,408,51,24279,7751,4869,0,100,True,random-32-32-20-random-18.scen,340
340,random-32-32-20.map,planner,1,26818,7751,226,51,20801,7751,364,0,1000,False,random-32-32-20-random-18.scen,340
340,random-32-32-20.map,planner,1,34161,7751,335,51,22584,7751,40372,0,1000,True,random-32-32-20-random-18.scen,340
380,random-32-32-20.map,planner,1,29214,8678,185,51,24066,8678,223,0,0,False,random-32-32-20-random-18.scen,380
380,random-32-32-20.map,planner,1,29214,8678,185,51,24066,8678,222,0,0,True,random-32-32-20-random-18.scen,380
380,random-32-32-20.map,planner,1,29214,8678,185,51,24066,8678,204,0,1,False,random-32-32-20-random-18.scen,380
380,random-32-32-20.map,planner,1,31696,8678,223,51,23976,8678,135,0,1,True,random-32-32-20-random-18.scen,380
380,random-32-32-20.map,planner,1,29214,8678,185,51,24066,8678,225,0,10,False,random-32-32-20-random-18.scen,380
380,random-32-32-20.map,planner,1,49101,8678,420,51,28948,8678,1097,0,10,True,random-32-32-20-random-18.scen,380
380,random-32-32-20.map,planner,1,29214,8678,185,51,24066,8678,211,0,100,False,random-32-32-20-random-18.scen,380
380,random-32-32-20.map,planner,1,40046,8678,387,51,26318,8678,6012,0,100,True,random-32-32-20-random-18.scen,380
380,random-32-32-20.map,planner,1,29214,8678,185,51,24066,8678,224,0,1000,False,random-32-32-20-random-18.scen,380
380,random-32-32-20.map,planner,1,51795,8678,475,51,30703,8678,58295,0,1000,True,random-32-32-20-random-18.scen,380
20,random-32-32-20.map,planner,1,513,482,43,43,505,482,0,0,0,False,random-32-32-20-random-23.scen,20
20,random-32-32-20.map,planner,1,513,482,43,43,505,482,0,0,0,True,random-32-32-20-random-23.scen,20
20,random-32-32-20.map,planner,1,513,482,43,43,505,482,0,0,1,False,random-32-32-20-random-23.scen,20
20,random-32-32-20.map,planner,1,513,482,43,43,505,482,0,0,1,True,random-32-32-20-random-23.scen,20
20,random-32-32-20.map,planner,1,513,482,43,43,505,482,0,0,10,False,random-32-32-20-random-23.scen,20
20,random-32-32-20.map,planner,1,513,482,43,43,505,482,0,0,10,True,random-32-32-20-random-23.scen,20
20,random-32-32-20.map,planner,1,513,482,43,43,505,482,0,0,100,False,random-32-32-20-random-23.scen,20
20,random-32-32-20.map,planner,1,513,482,43,43,505,482,0,0,100,True,random-32-32-20-random-23.scen,20
20,random-32-32-20.map,planner,1,513,482,43,43,505,482,0,0,1000,False,random-32-32-20-random-23.scen,20
20,random-32-32-20.map,planner,1,513,482,43,43,505,482,0,0,1000,True,random-32-32-20-random-23.scen,20
60,random-32-32-20.map,planner,1,1856,1424,45,45,1673,1424,1,0,0,False,random-32-32-20-random-23.scen,60
60,random-32-32-20.map,planner,1,1856,1424,45,45,1673,1424,1,0,0,True,random-32-32-20-random-23.scen,60
60,random-32-32-20.map,planner,1,1856,1424,45,45,1673,1424,1,0,1,False,random-32-32-20-random-23.scen,60
60,random-32-32-20.map,planner,1,1785,1424,45,45,1611,1424,1,0,1,True,random-32-32-20-random-23.scen,60
60,random-32-32-20.map,planner,1,1856,1424,45,45,1673,1424,1,0,10,False,random-32-32-20-random-23.scen,60
60,random-32-32-20.map,planner,1,1785,1424,45,45,1611,1424,1,0,10,True,random-32-32-20-random-23.scen,60
60,random-32-32-20.map,planner,1,1856,1424,45,45,1673,1424,1,0,100,False,random-32-32-20-random-23.scen,60
60,random-32-32-20.map,planner,1,1785,1424,45,45,1611,1424,1,0,100,True,random-32-32-20-random-23.scen,60
60,random-32-32-20.map,planner,1,1856,1424,45,45,1673,1424,1,0,1000,False,random-32-32-20-random-23.scen,60
60,random-32-32-20.map,planner,1,1785,1424,45,45,1611,1424,1,0,1000,True,random-32-32-20-random-23.scen,60
100,random-32-32-20.map,planner,1,3429,2277,56,49,3026,2277,1,0,0,False,random-32-32-20-random-23.scen,100
100,random-32-32-20.map,planner,1,3429,2277,56,49,3026,2277,1,0,0,True,random-32-32-20-random-23.scen,100
100,random-32-32-20.map,planner,1,3429,2277,56,49,3026,2277,1,0,1,False,random-32-32-20-random-23.scen,100
100,random-32-32-20.map,planner,1,3400,2277,54,49,2945,2277,5,0,1,True,random-32-32-20-random-23.scen,100
100,random-32-32-20.map,planner,1,3429,2277,56,49,3026,2277,1,0,10,False,random-32-32-20-random-23.scen,100
100,random-32-32-20.map,planner,1,3342,2277,53,49,2933,2277,56,0,10,True,random-32-32-20-random-23.scen,100
100,random-32-32-20.map,planner,1,3429,2277,56,49,3026,2277,1,0,100,False,random-32-32-20-random-23.scen,100
100,random-32-32-20.map,planner,1,3476,2277,63,49,2947,2277,184,0,100,True,random-32-32-20-random-23.scen,100
100,random-32-32-20.map,planner,1,3429,2277,56,49,3026,2277,1,0,1000,False,random-32-32-20-random-23.scen,100
100,random-32-32-20.map,planner,1,3351,2277,54,49,2923,2277,201,0,1000,True,random-32-32-20-random-23.scen,100
140,random-32-32-20.map,planner,1,5142,3135,59,49,4461,3135,3,0,0,False,random-32-32-20-random-23.scen,140
140,random-32-32-20.map,planner,1,5142,3135,59,49,4461,3135,2,0,0,True,random-32-32-20-random-23.scen,140
140,random-32-32-20.map,planner,1,5142,3135,59,49,4461,3135,2,0,1,False,random-32-32-20-random-23.scen,140
140,random-32-32-20.map,planner,1,5204,3135,65,49,4502,3135,11,0,1,True,random-32-32-20-random-23.scen,140
140,random-32-32-20.map,planner,1,5142,3135,59,49,4461,3135,2,0,10,False,random-32-32-20-random-23.scen,140
140,random-32-32-20.map,planner,1,4961,3135,57,49,4402,3135,63,0,10,True,random-32-32-20-random-23.scen,140
140,random-32-32-20.map,planner,1,5142,3135,59,49,4461,3135,2,0,100,False,random-32-32-20-random-23.scen,140
140,random-32-32-20.map,planner,1,5197,3135,66,49,4441,3135,645,0,100,True,random-32-32-20-random-23.scen,140
140,random-32-32-20.map,planner,1,5142,3135,59,49,4461,3135,2,0,1000,False,random-32-32-20-random-23.scen,140
140,random-32-32-20.map,planner,1,6311,3135,126,49,5001,3135,5782,0,1000,True,random-32-32-20-random-23.scen,140
180,random-32-32-20.map,planner,1,7217,4013,67,49,6289,4013,3,0,0,False,random-32-32-20-random-23.scen,180
180,random-32-32-20.map,planner,1,7217,4013,67,49,6289,4013,4,0,0,True,random-32-32-20-random-23.scen,180
180,random-32-32-20.map,planner,1,7217,4013,67,49,6289,4013,3,0,1,False,random-32-32-20-random-23.scen,180
180,random-32-32-20.map,planner,1,8756,4013,119,49,7068,4013,20,0,1,True,random-32-32-20-random-23.scen,180
180,random-32-32-20.map,planner,1,7217,4013,67,49,6289,4013,3,0,10,False,random-32-32-20-random-23.scen,180
180,random-32-32-20.map,planner,1,7124,4013,60,49,6131,4013,90,0,10,True,random-32-32-20-random-23.scen,180
180,random-32-32-20.map,planner,1,7217,4013,67,49,6289,4013,3,0,100,False,random-32-32-20-random-23.scen,180
180,random-32-32-20.map,planner,1,8275,4013,105,49,6836,4013,1321,0,100,True,random-32-32-20-random-23.scen,180
180,random-32-32-20.map,planner,1,7217,4013,67,49,6289,4013,3,0,1000,False,random-32-32-20-random-23.scen,180
180,random-32-32-20.map,planner,1,7184,4013,72,49,6110,4013,7929,0,1000,True,random-32-32-20-random-23.scen,180
220,random-32-32-20.map,planner,1,10651,4886,85,49,8972,4886,9,0,0,False,random-32-32-20-random-23.scen,220
220,random-32-32-20.map,planner,1,10651,4886,85,49,8972,4886,9,0,0,True,random-32-32-20-random-23.scen,220
220,random-32-32-20.map,planner,1,10651,4886,85,49,8972,4886,8,0,1,False,random-32-32-20-random-23.scen,220
220,random-32-32-20.map,planner,1,10829,4886,134,49,9011,4886,23,0,1,True,random-32-32-20-random-23.scen,220
220,random-32-32-20.map,planner,1,10651,4886,85,49,8972,4886,9,0,10,False,random-32-32-20-random-23.scen,220
220,random-32-32-20.map,planner,1,10591,4886,138,49,8915,4886,214,0,10,True,random-32-32-20-random-23.scen,220
220,random-32-32-20.map,planner,1,10651,4886,85,49,8972,4886,8,0,100,False,random-32-32-20-random-23.scen,220
220,random-32-32-20.map,planner,1,12051,4886,156,49,9634,4886,2075,0,100,True,random-32-32-20-random-23.scen,220
220,random-32-32-20.map,planner,1,10651,4886,85,49,8972,4886,8,0,1000,False,random-32-32-20-random-23.scen,220
220,random-32-32-20.map,planner,1,11415,4886,136,49,9098,4886,18098,0,1000,True,random-32-32-20-random-23.scen,220
260,random-32-32-20.map,planner,1,13300,5847,80,51,11414,5847,7,0,0,False,random-32-32-20-random-23.scen,260
260,random-32-32-20.map,planner,1,13300,5847,80,51,11414,5847,8,0,0,True,random-32-32-20-random-23.scen,260
260,random-32-32-20.map,planner,1,13300,5847,80,51,11414,5847,7,0,1,False,random-32-32-20-random-23.scen,260
260,random-32-32-20.map,planner,1,19802,5847,224,51,13226,5847,72,0,1,True,random-32-32-20-random-23.scen,260
260,random-32-32-20.map,planner,1,13300,5847,80,51,11414,5847,7,0,10,False,random-32-32-20-random-23.scen,260
260,random-32-32-20.map,planner,1,19749,5847,238,51,13443,5847,313,0,10,True,random-32-32-20-random-23.scen,260
260,random-32-32-20.map,planner,1,13300,5847,80,51,11414,5847,7,0,100,False,random-32-32-20-random-23.scen,260
260,random-32-32-20.map,planner,1,15861,5847,163,51,12190,5847,2253,0,100,True,random-32-32-20-random-23.scen,260
260,random-32-32-20.map,planner,1,13300,5847,80,51,11414,5847,7,0,1000,False,random-32-32-20-random-23.scen,260
260,random-32-32-20.map,planner,1,18931,5847,228,51,13780,5847,26466,0,1000,True,random-32-32-20-random-23.scen,260
300,random-32-32-20.map,planner,1,18549,6714,128,51,15007,6714,51,0,0,False,random-32-32-20-random-23.scen,300
300,random-32-32-20.map,planner,1,18549,6714,128,51,15007,6714,55,0,0,True,random-32-32-20-random-23.scen,300
300,random-32-32-20.map,planner,1,18549,6714,128,51,15007,6714,52,0,1,False,random-32-32-20-random-23.scen,300
300,random-32-32-20.map,planner,1,19838,6714,188,51,14923,6714,104,0,1,True,random-32-32-20-random-23.scen,300
300,random-32-32-20.map,planner,1,18549,6714,128,51,15007,6714,50,0,10,False,random-32-32-20-random-23.scen,300
300,random-32-32-20.map,planner,1,24180,6714,243,51,17001,6714,404,0,10,True,random-32-32-20-random-23.scen,300
300,random-32-32-20.map,planner,1,18549,6714,128,51,15007,6714,52,0,100,False,random-32-32-20-random-23.scen,300
300,random-32-32-20.map,planner,1,24351,6714,234,51,16800,6714,3127,0,100,True,random-32-32-20-random-23.scen,300
300,random-32-32-20.map,planner,1,18549,6714,128,51,15007,6714,52,0,1000,False,random-32-32-20-random-23.scen,300
300,random-32-32-20.map,planner,1,24072,6714,232,51,16946,6714,35870,0,1000,True,random-32-32-20-random-23.scen,300
340,random-32-32-20.map,planner,1,23993,7559,159,51,19046,7559,22,0,0,False,random-32-32-20-random-23.scen,340
340,random-32-32-20.map,planner,1,23993,7559,159,51,19046,7559,25,0,0,True,random-32-32-20-random-23.scen,340
340,random-32-32-20.map,planner,1,23993,7559,159,51,19046,7559,22,0,1,False,random-32-32-20-random-23.scen,340
340,random-32-32-20.map,planner,1,29156,7559,258,51,21100,7559,176,0,1,True,random-32-32-20-random-23.scen,340
340,random-32-32-20.map,planner,1,23993,7559,159,51,19046,7559,22,0,10,False,random-32-32-20-random-23.scen,340
340,random-32-32-20.map,planner,1,34109,7559,319,51,22927,7559,583,0,10,True,random-32-32-20-random-23.scen,340
340,random-32-32-20.map,planner,1,23993,7559,159,51,19046,7559,23,0,100,False,random-32-32-20-random-23.scen,340
340,random-32-32-20.map,planner,1,41515,7559,372,51,26134,7559,3719,0,100,True,random-32-32-20-random-23.scen,340
340,random-32-32-20.map,planner,1,23993,7559,159,51,19046,7559,22,0,1000,False,random-32-32-20-random-23.scen,340
340,random-32-32-20.map,planner,1,43745,7559,402,51,25937,7559,37370,0,1000,True,random-32-32-20-random-23.scen,340
380,random-32-32-20.map,planner,1,46644,8462,404,51,29245,8462,57,0,0,False,random-32-32-20-random-23.scen,380
380,random-32-32-20.map,planner,1,46644,8462,404,51,29245,8462,63,0,0,True,random-32-32-20-random-23.scen,380
380,random-32-32-20.map,planner,1,46644,8462,404,51,29245,8462,58,0,1,False,random-32-32-20-random-23.scen,380
380,random-32-32-20.map,planner,1,36589,8462,293,51,25695,8462,130,0,1,True,random-32-32-20-random-23.scen,380
380,random-32-32-20.map,planner,1,46644,8462,404,51,29245,8462,56,0,10,False,random-32-32-20-random-23.scen,380
380,random-32-32-20.map,planner,1,47568,8462,370,51,30582,8462,739,0,10,True,random-32-32-20-random-23.scen,380
380,random-32-32-20.map,planner,1,46644,8462,404,51,29245,8462,58,0,100,False,random-32-32-20-random-23.scen,380
380,random-32-32-20.map,planner,1,75404,8462,551,51,37846,8462,11886,0,100,True,random-32-32-20-random-23.scen,380
380,random-32-32-20.map,planner,1,46644,8462,404,51,29245,8462,56,0,1000,False,random-32-32-20-random-23.scen,380
380,random-32-32-20.map,planner,1,44334,8462,332,51,27895,8462,49253,0,1000,True,random-32-32-20-random-23.scen,380
20,random-32-32-20.map,planner,1,590,574,48,48,589,574,0,0,0,False,random-32-32-20-random-5.scen,20
20,random-32-32-20.map,planner,1,590,574,48,48,589,574,0,0,0,True,random-32-32-20-random-5.scen,20
20,random-32-32-20.map,planner,1,590,574,48,48,589,574,0,0,1,False,random-32-32-20-random-5.scen,20
20,random-32-32-20.map,planner,1,590,574,48,48,589,574,0,0,1,True,random-32-32-20-random-5.scen,20
20,random-32-32-20.map,planner,1,590,574,48,48,589,574,0,0,10,False,random-32-32-20-random-5.scen,20
20,random-32-32-20.map,planner,1,590,574,48,48,589,574,0,0,10,True,random-32-32-20-random-5.scen,20
20,random-32-32-20.map,planner,1,590,574,48,48,589,574,0,0,100,False,random-32-32-20-random-5.scen,20
20,random-32-32-20.map,planner,1,590,574,48,48,589,574,0,0,100,True,random-32-32-20-random-5.scen,20
20,random-32-32-20.map,planner,1,590,574,48,48,589,574,0,0,1000,False,random-32-32-20-random-5.scen,20
20,random-32-32-20.map,planner,1,590,574,48,48,589,574,0,0,1000,True,random-32-32-20-random-5.scen,20
60,random-32-32-20.map,planner,1,1837,1464,48,48,1692,1464,1,0,0,False,random-32-32-20-random-5.scen,60
60,random-32-32-20.map,planner,1,1837,1464,48,48,1692,1464,1,0,0,True,random-32-32-20-random-5.scen,60
60,random-32-32-20.map,planner,1,1837,1464,48,48,1692,1464,1,0,1,False,random-32-32-20-random-5.scen,60
60,random-32-32-20.map,planner,1,1745,1464,48,48,1626,1464,1,0,1,True,random-32-32-20-random-5.scen,60
60,random-32-32-20.map,planner,1,1837,1464,48,48,1692,1464,1,0,10,False,random-32-32-20-random-5.scen,60
60,random-32-32-20.map,planner,1,1745,1464,48,48,1626,1464,1,0,10,True,random-32-32-20-random-5.scen,60
60,random-32-32-20.map,planner,1,1837,1464,48,48,1692,1464,1,0,100,False,random-32-32-20-random-5.scen,60
60,random-32-32-20.map,planner,1,1745,1464,48,48,1626,1464,1,0,100,True,random-32-32-20-random-5.scen,60
60,random-32-32-20.map,planner,1,1837,1464,48,48,1692,1464,1,0,1000,False,random-32-32-20-random-5.scen,60
60,random-32-32-20.map,planner,1,1745,1464,48,48,1626,1464,1,0,1000,True,random-32-32-20-random-5.scen,60
100,random-32-32-20.map,planner,1,3147,2306,51,48,2896,2306,1,0,0,False,random-32-32-20-random-5.scen,100
100,random-32-32-20.map,planner,1,3147,2306,51,48,2896,2306,1,0,0,True,random-32-32-20-random-5.scen,100
100,random-32-32-20.map,planner,1,3147,2306,51,48,2896,2306,1,0,1,False,random-32-32-20-random-5.scen,100
100,random-32-32-20.map,planner,1,3311,2306,73,48,2970,2306,2,0,1,True,random-32-32-20-random-5.scen,100
100,random-32-32-20.map,planner,1,3147,2306,51,48,2896,2306,1,0,10,False,random-32-32-20-random-5.scen,100
100,random-32-32-20.map,planner,1,3311,2306,73,48,2970,2306,2,0,10,True,random-32-32-20-random-5.scen,100
100,random-32-32-20.map,planner,1,3147,2306,51,48,2896,2306,1,0,100,False,random-32-32-20-random-5.scen,100
100,random-32-32-20.map,planner,1,3311,2306,73,48,2970,2306,2,0,100,True,random-32-32-20-random-5.scen,100
100,random-32-32-20.map,planner,1,3147,2306,51,48,2896,2306,1,0,1000,False,random-32-32-20-random-5.scen,100
100,random-32-32-20.map,planner,1,3311,2306,73,48,2970,2306,2,0,1000,True,random-32-32-20-random-5.scen,100
140,random-32-32-20.map,planner,1,5343,3200,69,58,4757,3200,2,0,0,False,random-32-32-20-random-5.scen,140
140,random-32-32-20.map,planner,1,5343,3200,69,58,4757,3200,3,0,0,True,random-32-32-20-random-5.scen,140
140,random-32-32-20.map,planner,1,5343,3200,69,58,4757,3200,2,0,1,False,random-32-32-20-random-5.scen,140
140,random-32-32-20.map,planner,1,5576,3200,110,58,4592,3200,38,0,1,True,random-32-32-20-random-5.scen,140
140,random-32-32-20.map,planner,1,5343,3200,69,58,4757,3200,2,0,10,False,random-32-32-20-random-5.scen,140
140,random-32-32-20.map,planner,1,5520,3200,100,58,4597,3200,955,0,10,True,random-32-32-20-random-5.scen,140
140,random-32-32-20.map,planner,1,5343,3200,69,58,4757,3200,2,0,100,False,random-32-32-20-random-5.scen,140
140,random-32-32-20.map,planner,1,5211,3200,92,58,4546,3200,1601,0,100,True,random-32-32-20-random-5.scen,140
140,random-32-32-20.map,planner,1,5343,3200,69,58,4757,3200,3,0,1000,False,random-32-32-20-random-5.scen,140
140,random-32-32-20.map,planner,1,6124,3200,126,58,4936,3200,3645,0,1000,True,random-32-32-20-random-5.scen,140
180,random-32-32-20.map,planner,1,7985,4172,101,58,6804,4172,71,0,0,False,random-32-32-20-random-5.scen,180
180,random-32-32-20.map,planner,1,7985,4172,101,58,6804,4172,71,0,0,True,random-32-32-20-random-5.scen,180
180,random-32-32-20.map,planner,1,7985,4172,101,58,6804,4172,69,0,1,False,random-32-32-20-random-5.scen,180
180,random-32-32-20.map,planner,1,7566,4172,91,58,6558,4172,76,0,1,True,random-32-32-20-random-5.scen,180
180,random-32-32-20.map,planner,1,7985,4172,101,58,6804,4172,70,0,10,False,random-32-32-20-random-5.scen,180
180,random-32-32-20.map,planner,1,7931,4172,111,58,6574,4172,103,0,10,True,random-32-32-20-random-5.scen,180
180,random-32-32-20.map,planner,1,7985,4172,101,58,6804,4172,72,0,100,False,random-32-32-20-random-5.scen,180
180,random-32-32-20.map,planner,1,8589,4172,127,58,6974,4172,1232,0,100,True,random-32-32-20-random-5.scen,180
180,random-32-32-20.map,planner,1,7985,4172,101,58,6804,4172,70,0,1000,False,random-32-32-20-random-5.scen,180
180,random-32-32-20.map,planner,1,8969,4172,126,58,7239,4172,8782,0,1000,True,random-32-32-20-random-5.scen,180
220,random-32-32-20.map,planner,1,10690,5038,107,58,9197,5038,65,0,0,False,random-32-32-20-random-5.scen,220
220,random-32-32-20.map,planner,1,10690,5038,107,58,9197,5038,67,0,0,True,random-32-32-20-random-5.scen,220
220,random-32-32-20.map,planner,1,10690,5038,107,58,9197,5038,64,0,1,False,random-32-32-20-random-5.scen,220
220,random-32-32-20.map,planner,1,10927,5038,140,58,8952,5038,254,0,1,True,random-32-32-20-random-5.scen,220
220,random-32-32-20.map,planner,1,10690,5038,107,58,9197,5038,64,0,10,False,random-32-32-20-random-5.scen,220
220,random-32-32-20.map,planner,1,13556,5038,198,58,9744,5038,457,0,10,True,random-32-32-20-random-5.scen,220
220,random-32-32-20.map,planner,1,10690,5038,107,58,9197,5038,64,0,100,False,random-32-32-20-random-5.scen,220
220,random-32-32-20.map,planner,1,12957,5038,179,58,9957,5038,1920,0,100,True,random-32-32-20-random-5.scen,220
220,random-32-32-20.map,planner,1,10690,5038,107,58,9197,5038,61,0,1000,False,random-32-32-20-random-5.scen,220
220,random-32-32-20.map,planner,1,11977,5038,150,58,9553,5038,21749,0,1000,True,random-32-32-20-random-5.scen,220
260,random-32-32-20.map,planner,1,16323,6045,192,58,13212,6045,520,0,0,False,random-32-32-20-random-5.scen,260
260,random-32-32-20.map,planner,1,16323,6045,192,58,13212,6045,525,0,0,True,random-32-32-20-random-5.scen,260
260,random-32-32-20.map,planner,1,16323,6045,192,58,13212,6045,518,0,1,False,random-32-32-20-random-5.scen,260
260,random-32-32-20.map,planner,1,16992,6045,235,58,13555,6045,2120,0,1,True,random-32-32-20-random-5.scen,260
260,random-32-32-20.map,planner,1,16323,6045,192,58,13212,6045,534,0,10,False,random-32-32-20-random-5.scen,260
260,random-32-32-20.map,planner,1,14941,6045,208,58,12290,6045,350,0,10,True,random-32-32-20-random-5.scen,260
260,random-32-32-20.map,planner,1,16323,6045,192,58,13212,6045,532,0,100,False,random-32-32-20-random-5.scen,260
260,random-32-32-20.map,planner,1,15491,6045,190,58,12546,6045,4034,0,100,True,random-32-32-20-random-5.scen,260
260,random-32-32-20.map,planner,1,16323,6045,192,58,13212,6045,522,0,1000,False,random-32-32-20-random-5.scen,260
260,random-32-32-20.map,planner,1,16439,6045,184,58,13098,6045,35295,0,1000,True,random-32-32-20-random-5.scen,260
300,random-32-32-20.map,planner,1,18679,6927,183,58,15800,6927,49,0,0,False,random-32-32-20-random-5.scen,300
300,random-32-32-20.map,planner,1,18679,6927,183,58,15800,6927,51,0,0,True,random-32-32-20-random-5.scen,300
300,random-32-32-20.map,planner,1,18679,6927,183,58,15800,6927,49,0,1,False,random-32-32-20-random-5.scen,300
300,random-32-32-20.map,planner,1,22952,6927,276,58,17117,6927,678,0,1,True,random-32-32-20-random-5.scen,300
300,random-32-32-20.map,planner,1,18679,6927,183,58,15800,6927,50,0,10,False,random-32-32-20-random-5.scen,300
300,random-32-32-20.map,planner,1,26365,6927,334,58,18250,6927,1824,0,10,True,random-32-32-20-random-5.scen,300
300,random-32-32-20.map,planner,1,18679,6927,183,58,15800,6927,47,0,100,False,random-32-32-20-random-5.scen,300
300,random-32-32-20.map,planner,1,26413,6927,284,58,19000,6927,4564,0,100,True,random-32-32-20-random-5.scen,300
300,random-32-32-20.map,planner,1,18679,6927,183,58,15800,6927,47,0,1000,False,random-32-32-20-random-5.scen,300
300,random-32-32-20.map,planner,1,25006,6927,287,58,18301,6927,40991,0,1000,True,random-32-32-20-random-5.scen,300
340,random-32-32-20.map,planner,1,24162,7796,158,58,19940,7796,50,0,0,False,random-32-32-20-random-5.scen,340
340,random-32-32-20.map,planner,1,24162,7796,158,58,19940,7796,56,0,0,True,random-32-32-20-random-5.scen,340
340,random-32-32-20.map,planner,1,24162,7796,158,58,19940,7796,52,0,1,False,random-32-32-20-random-5.scen,340
340,random-32-32-20.map,planner,1,24696,7796,227,58,19893,7796,1100,0,1,True,random-32-32-20-random-5.scen,340
340,random-32-32-20.map,planner,1,24162,7796,158,58,19940,7796,49,0,10,False,random-32-32-20-random-5.scen,340
340,random-32-32-20.map,planner,1,33378,7796,335,58,22935,7796,663,0,10,True,random-32-32-20-random-5.scen,340
340,random-32-32-20.map,planner,1,24162,7796,158,58,19940,7796,50,0,100,False,random-32-32-20-random-5.scen,340
340,random-32-32-20.map,planner,1,37277,7796,377,58,24999,7796,5741,0,100,True,random-32-32-20-random-5.scen,340
340,random-32-32-20.map,planner,1,24162,7796,158,58,19940,7796,50,0,1000,False,random-32-32-20-random-5.scen,340
340,random-32-32-20.map,planner,1,28451,7796,257,58,21228,7796,45541,0,1000,True,random-32-32-20-random-5.scen,340
380,random-32-32-20.map,planner,1,28096,8654,156,58,23094,8654,213,0,0,False,random-32-32-20-random-5.scen,380
380,random-32-32-20.map,planner,1,28096,8654,156,58,23094,8654,213,0,0,True,random-32-32-20-random-5.scen,380
380,random-32-32-20.map,planner,1,28096,8654,156,58,23094,8654,205,0,1,False,random-32-32-20-random-5.scen,380
380,random-32-32-20.map,planner,1,39924,8654,344,58,27317,8654,279,0,1,True,random-32-32-20-random-5.scen,380
380,random-32-32-20.map,planner,1,28096,8654,156,58,23094,8654,202,0,10,False,random-32-32-20-random-5.scen,380
380,random-32-32-20.map,planner,1,48329,8654,442,58,30193,8654,2073,0,10,True,random-32-32-20-random-5.scen,380
380,random-32-32-20.map,planner,1,28096,8654,156,58,23094,8654,209,0,100,False,random-32-32-20-random-5.scen,380
380,random-32-32-20.map,planner,1,42709,8654,397,58,29273,8654,6409,0,100,True,random-32-32-20-random-5.scen,380
380,random-32-32-20.map,planner,1,28096,8654,156,58,23094,8654,217,0,1000,False,random-32-32-20-random-5.scen,380
20,random-32-32-20.map,planner,1,447,438,39,39,447,438,0,0,0,False,random-32-32-20-random-8.scen,20
20,random-32-32-20.map,planner,1,447,438,39,39,447,438,0,0,0,True,random-32-32-20-random-8.scen,20
20,random-32-32-20.map,planner,1,447,438,39,39,447,438,0,0,1,False,random-32-32-20-random-8.scen,20
20,random-32-32-20.map,planner,1,447,438,39,39,447,438,0,0,1,True,random-32-32-20-random-8.scen,20
20,random-32-32-20.map,planner,1,447,438,39,39,447,438,0,0,10,False,random-32-32-20-random-8.scen,20
20,random-32-32-20.map,planner,1,447,438,39,39,447,438,0,0,10,True,random-32-32-20-random-8.scen,20
20,random-32-32-20.map,planner,1,447,438,39,39,447,438,0,0,100,False,random-32-32-20-random-8.scen,20
20,random-32-32-20.map,planner,1,447,438,39,39,447,438,0,0,100,True,random-32-32-20-random-8.scen,20
20,random-32-32-20.map,planner,1,447,438,39,39,447,438,0,0,1000,False,random-32-32-20-random-8.scen,20
20,random-32-32-20.map,planner,1,447,438,39,39,447,438,0,0,1000,True,random-32-32-20-random-8.scen,20
60,random-32-32-20.map,planner,1,1741,1377,45,41,1667,1377,1,0,0,False,random-32-32-20-random-8.scen,60
60,random-32-32-20.map,planner,1,1741,1377,45,41,1667,1377,1,0,0,True,random-32-32-20-random-8.scen,60
60,random-32-32-20.map,planner,1,1741,1377,45,41,1667,1377,1,0,1,False,random-32-32-20-random-8.scen,60
60,random-32-32-20.map,planner,1,1701,1377,46,41,1578,1377,1,0,1,True,random-32-32-20-random-8.scen,60
60,random-32-32-20.map,planner,1,1741,1377,45,41,1667,1377,1,0,10,False,random-32-32-20-random-8.scen,60
60,random-32-32-20.map,planner,1,1701,1377,46,41,1578,1377,1,0,10,True,random-32-32-20-random-8.scen,60
60,random-32-32-20.map,planner,1,1741,1377,45,41,1667,1377,1,0,100,False,random-32-32-20-random-8.scen,60
60,random-32-32-20.map,planner,1,1701,1377,46,41,1578,1377,1,0,100,True,random-32-32-20-random-8.scen,60
60,random-32-32-20.map,planner,1,1741,1377,45,41,1667,1377,1,0,1000,False,random-32-32-20-random-8.scen,60
60,random-32-32-20.map,planner,1,1701,1377,46,41,1578,1377,1,0,1000,True,random-32-32-20-random-8.scen,60
100,random-32-32-20.map,planner,1,3210,2246,47,43,2871,2246,1,0,0,False,random-32-32-20-random-8.scen,100
100,random-32-32-20.map,planner,1,3210,2246,47,43,2871,2246,1,0,0,True,random-32-32-20-random-8.scen,100
100,random-32-32-20.map,planner,1,3210,2246,47,43,2871,2246,1,0,1,False,random-32-32-20-random-8.scen,100
100,random-32-32-20.map,planner,1,3283,2246,57,43,2916,2246,6,0,1,True,random-32-32-20-random-8.scen,100
100,random-32-32-20.map,planner,1,3210,2246,47,43,2871,2246,1,0,10,False,random-32-32-20-random-8.scen,100
100,random-32-32-20.map,planner,1,3098,2246,49,43,2794,2246,22,0,10,True,random-32-32-20-random-8.scen,100
100,random-32-32-20.map,planner,1,3210,2246,47,43,2871,2246,1,0,100,False,random-32-32-20-random-8.scen,100
100,random-32-32-20.map,planner,1,3210,2246,55,43,2923,2246,139,0,100,True,random-32-32-20-random-8.scen,100
100,random-32-32-20.map,planner,1,3210,2246,47,43,2871,2246,1,0,1000,False,random-32-32-20-random-8.scen,100
100,random-32-32-20.map,planner,1,3257,2246,54,43,2877,2246,1213,0,1000,True,random-32-32-20-random-8.scen,100
140,random-32-32-20.map,planner,1,5230,3145,56,50,4656,3145,2,0,0,False,random-32-32-20-random-8.scen,140
140,random-32-32-20.map,planner,1,5230,3145,56,50,4656,3145,2,0,0,True,random-32-32-20-random-8.scen,140
140,random-32-32-20.map,planner,1,5230,3145,56,50,4656,3145,2,0,1,False,random-32-32-20-random-8.scen,140
140,random-32-32-20.map,planner,1,5007,3145,63,50,4487,3145,8,0,1,True,random-32-32-20-random-8.scen,140
140,random-32-32-20.map,planner,1,5230,3145,56,50,4656,3145,2,0,10,False,random-32-32-20-random-8.scen,140
140,random-32-32-20.map,planner,1,4858,3145,68,50,4397,3145,49,0,10,True,random-32-32-20-random-8.scen,140
140,random-32-32-20.map,planner,1,5230,3145,56,50,4656,3145,2,0,100,False,random-32-32-20-random-8.scen,140
140,random-32-32-20.map,planner,1,4895,3145,70,50,4377,3145,467,0,100,True,random-32-32-20-random-8.scen,140
140,random-32-32-20.map,planner,1,5230,3145,56,50,4656,3145,2,0,1000,False,random-32-32-20-random-8.scen,140
140,random-32-32-20.map,planner,1,4835,3145,61,50,4333,3145,2963,0,1000,True,random-32-32-20-random-8.scen,140
180,random-32-32-20.map,planner,1,7669,4082,74,56,6542,4082,4,0,0,False,random-32-32-20-random-8.scen,180
180,random-32-32-20.map,planner,1,7669,4082,74,56,6542,4082,4,0,0,True,random-32-32-20-random-8.scen,180
180,random-32-32-20.map,planner,1,7669,4082,74,56,6542,4082,3,0,1,False,random-32-32-20-random-8.scen,180
180,random-32-32-20.map,planner,1,7322,4082,78,56,6172,4082,17,0,1,True,random-32-32-20-random-8.scen,180
180,random-32-32-20.map,planner,1,7669,4082,74,56,6542,4082,3,0,10,False,random-32-32-20-random-8.scen,180
180,random-32-32-20.map,planner,1,7888,4082,94,56,6384,4082,108,0,10,True,random-32-32-20-random-8.scen,180
180,random-32-32-20.map,planner,1,7669,4082,74,56,6542,4082,3,0,100,False,random-32-32-20-random-8.scen,180
180,random-32-32-20.map,planner,1,8662,4082,112,56,6601,4082,913,0,100,True,random-32-32-20-random-8.scen,180
180,random-32-32-20.map,planner,1,7669,4082,74,56,6542,4082,3,0,1000,False,random-32-32-20-random-8.scen,180
180,random-32-32-20.map,planner,1,7167,4082,80,56,6107,4082,8979,0,1000,True,random-32-32-20-random-8.scen,180
220,random-32-32-20.map,planner,1,10211,4852,75,56,8669,4852,4,0,0,False,random-32-32-20-random-8.scen,220
220,random-32-32-20.map,planner,1,10211,4852,75,56,8669,4852,5,0,0,True,random-32-32-20-random-8.scen,220
220,random-32-32-20.map,planner,1,10211,4852,75,56,8669,4852,4,0,1,False,random-32-32-20-random-8.scen,220
220,random-32-32-20.map,planner,1,10112,4852,91,56,8555,4852,26,0,1,True,random-32-32-20-random-8.scen,220
220,random-32-32-20.map,planner,1,10211,4852,75,56,8669,4852,4,0,10,False,random-32-32-20-random-8.scen,220
220,random-32-32-20.map,planner,1,10613,4852,110,56,8601,4852,167,0,10,True,random-32-32-20-random-8.scen,220
220,random-32-32-20.map,planner,1,10211,4852,75,56,8669,4852,4,0,100,False,random-32-32-20-random-8.scen,220
220,random-32-32-20.map,planner,1,11293,4852,114,56,8960,4852,1932,0,100,True,random-32-32-20-random-8.scen,220
220,random-32-32-20.map,planner,1,10211,4852,75,56,8669,4852,4,0,1000,False,random-32-32-20-random-8.scen,220
220,random-32-32-20.map,planner,1,9881,4852,88,56,8399,4852,16711,0,1000,True,random-32-32-20-random-8.scen,220
260,random-32-32-20.map,planner,1,12759,5741,77,56,10942,5741,5,0,0,False,random-32-32-20-random-8.scen,260
260,random-32-32-20.map,planner,1,12759,5741,77,56,10942,5741,6,0,0,True,random-32-32-20-random-8.scen,260
260,random-32-32-20.map,planner,1,12759,5741,77,56,10942,5741,5,0,1,False,random-32-32-20-random-8.scen,260
260,random-32-32-20.map,planner,1,12830,5741,110,56,10908,5741,30,0,1,True,random-32-32-20-random-8.scen,260
260,random-32-32-20.map,planner,1,12759,5741,77,56,10942,5741,5,0,10,False,random-32-32-20-random-8.scen,260
260,random-32-32-20.map,planner,1,15794,5741,170,56,12026,5741,253,0,10,True,random-32-32-20-random-8.scen,260
260,random-32-32-20.map,planner,1,12759,5741,77,56,10942,5741,5,0,100,False,random-32-32-20-random-8.scen,260
260,random-32-32-20.map,planner,1,18293,5741,204,56,13210,5741,2163,0,100,True,random-32-32-20-random-8.scen,260
260,random-32-32-20.map,planner,1,12759,5741,77,56,10942,5741,5,0,1000,False,random-32-32-20-random-8.scen,260
260,random-32-32-20.map,planner,1,15574,5741,157,56,11766,5741,24365,0,1000,True,random-32-32-20-random-8.scen,260
300,random-32-32-20.map,planner,1,18202,6713,171,56,15060,6713,221,0,0,False,random-32-32-20-random-8.scen,300
300,random-32-32-20.map,planner,1,18202,6713,171,56,15060,6713,229,0,0,True,random-32-32-20-random-8.scen,300
300,random-32-32-20.map,planner,1,18202,6713,171,56,15060,6713,206,0,1,False,random-32-32-20-random-8.scen,300
300,random-32-32-20.map,planner,1,21523,6713,240,56,16330,6713,80,0,1,True,random-32-32-20-random-8.scen,300
300,random-32-32-20.map,planner,1,18202,6713,171,56,15060,6713,215,0,10,False,random-32-32-20-random-8.scen,300
300,random-32-32-20.map,planner,1,21101,6713,213,56,15764,6713,435,0,10,True,random-32-32-20-random-8.scen,300
300,random-32-32-20.map,planner,1,18202,6713,171,56,15060,6713,203,0,100,False,random-32-32-20-random-8.scen,300
300,random-32-32-20.map,planner,1,22961,6713,257,56,16877,6713,3285,0,100,True,random-32-32-20-random-8.scen,300
300,random-32-32-20.map,planner,1,18202,6713,171,56,15060,6713,206,0,1000,False,random-32-32-20-random-8.scen,300
300,random-32-32-20.map,planner,1,31770,6713,327,56,19517,6713,31577,0,1000,True,random-32-32-20-random-8.scen,300
340,random-32-32-20.map,planner,1,23599,7657,179,56,19386,7657,779,0,0,False,random-32-32-20-random-8.scen,340
340,random-32-32-20.map,planner,1,23599,7657,179,56,19386,7657,801,0,0,True,random-32-32-20-random-8.scen,340
340,random-32-32-20.map,planner,1,23599,7657,179,56,19386,7657,764,0,1,False,random-32-32-20-random-8.scen,340
340,random-32-32-20.map,planner,1,25717,7657,230,56,19575,7657,196,0,1,True,random-32-32-20-random-8.scen,340
340,random-32-32-20.map,planner,1,23599,7657,179,56,19386,7657,782,0,10,False,random-32-32-20-random-8.scen,340
340,random-32-32-20.map,planner,1,29568,7657,297,56,20461,7657,1062,0,10,True,random-32-32-20-random-8.scen,340
340,random-32-32-20.map,planner,1,23599,7657,179,56,19386,7657,761,0,100,False,random-32-32-20-random-8.scen,340
340,random-32-32-20.map,planner,1,33703,7657,363,56,24153,7657,4772,0,100,True,random-32-32-20-random-8.scen,340
340,random-32-32-20.map,planner,1,23599,7657,179,56,19386,7657,766,0,1000,False,random-32-32-20-random-8.scen,340
340,random-32-32-20.map,planner,1,36384,7657,343,56,23751,7657,41428,0,1000,True,random-32-32-20-random-8.scen,340
380,random-32-32-20.map,planner,1,29248,8565,170,56,23985,8565,198,0,0,False,random-32-32-20-random-8.scen,380
380,random-32-32-20.map,planner,1,29248,8565,170,56,23985,8565,207,0,0,True,random-32-32-20-random-8.scen,380
380,random-32-32-20.map,planner,1,29248,8565,170,56,23985,8565,196,0,1,False,random-32-32-20-random-8.scen,380
380,random-32-32-20.map,planner,1,39357,8565,301,56,26402,8565,557,0,1,True,random-32-32-20-random-8.scen,380
380,random-32-32-20.map,planner,1,29248,8565,170,56,23985,8565,196,0,10,False,random-32-32-20-random-8.scen,380
380,random-32-32-20.map,planner,1,43697,8565,375,56,29105,8565,1919,0,10,True,random-32-32-20-random-8.scen,380
380,random-32-32-20.map,planner,1,29248,8565,170,56,23985,8565,194,0,100,False,random-32-32-20-random-8.scen,380
380,random-32-32-20.map,planner,1,54575,8565,487,56,32443,8565,5678,0,100,True,random-32-32-20-random-8.scen,380
380,random-32-32-20.map,planner,1,29248,8565,170,56,23985,8565,194,0,1000,False,random-32-32-20-random-8.scen,380
20,random-32-32-20.map,planner,1,442,402,37,37,427,402,0,0,0,False,random-32-32-20-random-16.scen,20
20,random-32-32-20.map,planner,1,442,402,37,37,427,402,0,0,0,True,random-32-32-20-random-16.scen,20
20,random-32-32-20.map,planner,1,442,402,37,37,427,402,0,0,1,False,random-32-32-20-random-16.scen,20
20,random-32-32-20.map,planner,1,446,402,37,37,428,402,0,0,1,True,random-32-32-20-random-16.scen,20
20,random-32-32-20.map,planner,1,442,402,37,37,427,402,0,0,10,False,random-32-32-20-random-16.scen,20
20,random-32-32-20.map,planner,1,446,402,37,37,428,402,0,0,10,True,random-32-32-20-random-16.scen,20
20,random-32-32-20.map,planner,1,442,402,37,37,427,402,0,0,100,False,random-32-32-20-random-16.scen,20
20,random-32-32-20.map,planner,1,446,402,37,37,428,402,0,0,100,True,random-32-32-20-random-16.scen,20
20,random-32-32-20.map,planner,1,442,402,37,37,427,402,0,0,1000,False,random-32-32-20-random-16.scen,20
20,random-32-32-20.map,planner,1,446,402,37,37,428,402,0,0,1000,True,random-32-32-20-random-16.scen,20
60,random-32-32-20.map,planner,1,1501,1251,47,44,1405,1251,1,0,0,False,random-32-32-20-random-16.scen,60
60,random-32-32-20.map,planner,1,1501,1251,47,44,1405,1251,1,0,0,True,random-32-32-20-random-16.scen,60
60,random-32-32-20.map,planner,1,1501,1251,47,44,1405,1251,1,0,1,False,random-32-32-20-random-16.scen,60
60,random-32-32-20.map,planner,1,1572,1251,47,44,1450,1251,1,0,1,True,random-32-32-20-random-16.scen,60
60,random-32-32-20.map,planner,1,1501,1251,47,44,1405,1251,1,0,10,False,random-32-32-20-random-16.scen,60
60,random-32-32-20.map,planner,1,1572,1251,47,44,1450,1251,1,0,10,True,random-32-32-20-random-16.scen,60
60,random-32-32-20.map,planner,1,1501,1251,47,44,1405,1251,0,0,100,False,random-32-32-20-random-16.scen,60
60,random-32-32-20.map,planner,1,1572,1251,47,44,1450,1251,1,0,100,True,random-32-32-20-random-16.scen,60
60,random-32-32-20.map,planner,1,1501,1251,47,44,1405,1251,0,0,1000,False,random-32-32-20-random-16.scen,60
60,random-32-32-20.map,planner,1,1572,1251,47,44,1450,1251,1,0,1000,True,random-32-32-20-random-16.scen,60
100,random-32-32-20.map,planner,1,2891,2087,44,44,2622,2087,1,0,0,False,random-32-32-20-random-16.scen,100
100,random-32-32-20.map,planner,1,2891,2087,44,44,2622,2087,1,0,0,True,random-32-32-20-random-16.scen,100
100,random-32-32-20.map,planner,1,2891,2087,44,44,2622,2087,1,0,1,False,random-32-32-20-random-16.scen,100
100,random-32-32-20.map,planner,1,2870,2087,50,44,2585,2087,2,0,1,True,random-32-32-20-random-16.scen,100
100,random-32-32-20.map,planner,1,2891,2087,44,44,2622,2087,1,0,10,False,random-32-32-20-random-16.scen,100
100,random-32-32-20.map,planner,1,2870,2087,50,44,2585,2087,2,0,10,True,random-32-32-20-random-16.scen,100
100,random-32-32-20.map,planner,1,2891,2087,44,44,2622,2087,1,0,100,False,random-32-32-20-random-16.scen,100
100,random-32-32-20.map,planner,1,2870,2087,50,44,2585,2087,2,0,100,True,random-32-32-20-random-16.scen,100
100,random-32-32-20.map,planner,1,2891,2087,44,44,2622,2087,1,0,1000,False,random-32-32-20-random-16.scen,100
100,random-32-32-20.map,planner,1,2870,2087,50,44,2585,2087,2,0,1000,True,random-32-32-20-random-16.scen,100
140,random-32-32-20.map,planner,1,4980,2963,57,57,4376,2963,2,0,0,False,random-32-32-20-random-16.scen,140
140,random-32-32-20.map,planner,1,4980,2963,57,57,4376,2963,2,0,0,True,random-32-32-20-random-16.scen,140
140,random-32-32-20.map,planner,1,4980,2963,57,57,4376,2963,2,0,1,False,random-32-32-20-random-16.scen,140
140,random-32-32-20.map,planner,1,5966,2963,105,57,4719,2963,10,0,1,True,random-32-32-20-random-16.scen,140
140,random-32-32-20.map,planner,1,4980,2963,57,57,4376,2963,2,0,10,False,random-32-32-20-random-16.scen,140
140,random-32-32-20.map,planner,1,5449,2963,88,57,4343,2963,48,0,10,True,random-32-32-20-random-16.scen,140
140,random-32-32-20.map,planner,1,4980,2963,57,57,4376,2963,2,0,100,False,random-32-32-20-random-16.scen,140
140,random-32-32-20.map,planner,1,4863,2963,64,57,4287,2963,368,0,100,True,random-32-32-20-random-16.scen,140
140,random-32-32-20.map,planner,1,4980,2963,57,57,4376,2963,2,0,1000,False,random-32-32-20-random-16.scen,140
140,random-32-32-20.map,planner,1,4769,2963,59,57,4136,2963,2022,0,1000,True,random-32-32-20-random-16.scen,140
180,random-32-32-20.map,planner,1,7761,3976,84,57,6734,3976,4,0,0,False,random-32-32-20-random-16.scen,180
180,random-32-32-20.map,planner,1,7761,3976,84,57,6734,3976,4,0,0,True,random-32-32-20-random-16.scen,180
180,random-32-32-20.map,planner,1,7761,3976,84,57,6734,3976,4,0,1,False,random-32-32-20-random-16.scen,180
180,random-32-32-20.map,planner,1,7431,3976,81,57,6484,3976,17,0,1,True,random-32-32-20-random-16.scen,180
180,random-32-32-20.map,planner,1,7761,3976,84,57,6734,3976,4,0,10,False,random-32-32-20-random-16.scen,180
180,random-32-32-20.map,planner,1,8613,3976,121,57,6908,3976,123,0,10,True,random-32-32-20-random-16.scen,180
180,random-32-32-20.map,planner,1,7761,3976,84,57,6734,3976,4,0,100,False,random-32-32-20-random-16.scen,180
180,random-32-32-20.map,planner,1,8928,3976,130,57,7125,3976,1086,0,100,True,random-32-32-20-random-16.scen,180
180,random-32-32-20.map,planner,1,7761,3976,84,57,6734,3976,4,0,1000,False,random-32-32-20-random-16.scen,180
180,random-32-32-20.map,planner,1,7401,3976,90,57,6409,3976,11272,0,1000,True,random-32-32-20-random-16.scen,180
220,random-32-32-20.map,planner,1,10730,4938,89,57,9161,4938,6,0,0,False,random-32-32-20-random-16.scen,220
220,random-32-32-20.map,planner,1,10730,4938,89,57,9161,4938,6,0,0,True,random-32-32-20-random-16.scen,220
220,random-32-32-20.map,planner,1,10730,4938,89,57,9161,4938,6,0,1,False,random-32-32-20-random-16.scen,220
220,random-32-32-20.map,planner,1,10760,4938,107,57,9081,4938,27,0,1,True,random-32-32-20-random-16.scen,220
220,random-32-32-20.map,planner,1,10730,4938,89,57,9161,4938,6,0,10,False,random-32-32-20-random-16.scen,220
220,random-32-32-20.map,planner,1,13020,4938,164,57,10288,4938,170,0,10,True,random-32-32-20-random-16.scen,220
220,random-32-32-20.map,planner,1,10730,4938,89,57,9161,4938,6,0,100,False,random-32-32-20-random-16.scen,220
220,random-32-32-20.map,planner,1,11047,4938,126,57,9227,4938,1913,0,100,True,random-32-32-20-random-16.scen,220
220,random-32-32-20.map,planner,1,10730,4938,89,57,9161,4938,6,0,1000,False,random-32-32-20-random-16.scen,220
220,random-32-32-20.map,planner,1,12848,4938,167,57,9923,4938,16806,0,1000,True,random-32-32-20-random-16.scen,220
260,random-32-32-20.map,planner,1,12532,5742,87,57,10833,5742,7,0,0,False,random-32-32-20-random-16.scen,260
260,random-32-32-20.map,planner,1,12532,5742,87,57,10833,5742,7,0,0,True,random-32-32-20-random-16.scen,260
260,random-32-32-20.map,planner,1,12532,5742,87,57,10833,5742,7,0,1,False,random-32-32-20-random-16.scen,260
260,random-32-32-20.map,planner,1,17896,5742,228,57,13253,5742,67,0,1,True,random-32-32-20-random-16.scen,260
260,random-32-32-20.map,planner,1,12532,5742,87,57,10833,5742,7,0,10,False,random-32-32-20-random-16.scen,260
260,random-32-32-20.map,planner,1,18160,5742,225,57,12662,5742,294,0,10,True,random-32-32-20-random-16.scen,260
260,random-32-32-20.map,planner,1,12532,5742,87,57,10833,5742,7,0,100,False,random-32-32-20-random-16.scen,260
260,random-32-32-20.map,planner,1,18751,5742,217,57,13163,5742,2417,0,100,True,random-32-32-20-random-16.scen,260
260,random-32-32-20.map,planner,1,12532,5742,87,57,10833,5742,7,0,1000,False,random-32-32-20-random-16.scen,260
260,random-32-32-20.map,planner,1,15536,5742,178,57,11827,5742,21473,0,1000,True,random-32-32-20-random-16.scen,260
300,random-32-32-20.map,planner,1,16267,6628,92,57,13768,6628,8,0,0,False,random-32-32-20-random-16.scen,300
300,random-32-32-20.map,planner,1,16267,6628,92,57,13768,6628,10,0,0,True,random-32-32-20-random-16.scen,300
300,random-32-32-20.map,planner,1,16267,6628,92,57,13768,6628,8,0,1,False,random-32-32-20-random-16.scen,300
300,random-32-32-20.map,planner,1,21114,6628,230,57,16305,6628,85,0,1,True,random-32-32-20-random-16.scen,300
300,random-32-32-20.map,planner,1,16267,6628,92,57,13768,6628,9,0,10,False,random-32-32-20-random-16.scen,300
300,random-32-32-20.map,planner,1,24888,6628,276,57,18479,6628,438,0,10,True,random-32-32-20-random-16.scen,300
300,random-32-32-20.map,planner,1,16267,6628,92,57,13768,6628,9,0,100,False,random-32-32-20-random-16.scen,300
300,random-32-32-20.map,planner,1,28649,6628,382,57,18641,6628,3402,0,100,True,random-32-32-20-random-16.scen,300
300,random-32-32-20.map,planner,1,16267,6628,92,57,13768,6628,8,0,1000,False,random-32-32-20-random-16.scen,300
300,random-32-32-20.map,planner,1,27757,6628,369,57,19334,6628,32234,0,1000,True,random-32-32-20-random-16.scen,300
340,random-32-32-20.map,planner,1,24015,7595,169,57,18729,7595,26,0,0,False,random-32-32-20-random-16.scen,340
340,random-32-32-20.map,planner,1,24015,7595,169,57,18729,7595,30,0,0,True,random-32-32-20-random-16.scen,340
340,random-32-32-20.map,planner,1,24015,7595,169,57,18729,7595,26,0,1,False,random-32-32-20-random-16.scen,340
340,random-32-32-20.map,planner,1,24056,7595,200,57,18653,7595,78,0,1,True,random-32-32-20-random-16.scen,340
340,random-32-32-20.map,planner,1,24015,7595,169,57,18729,7595,26,0,10,False,random-32-32-20-random-16.scen,340
340,random-32-32-20.map,planner,1,33514,7595,332,57,23747,7595,603,0,10,True,random-32-32-20-random-16.scen,340
340,random-32-32-20.map,planner,1,24015,7595,169,57,18729,7595,26,0,100,False,random-32-32-20-random-16.scen,340
340,random-32-32-20.map,planner,1,30360,7595,292,57,21022,7595,4009,0,100,True,random-32-32-20-random-16.scen,340
340,random-32-32-20.map,planner,1,24015,7595,169,57,18729,7595,27,0,1000,False,random-32-32-20-random-16.scen,340
340,random-32-32-20.map,planner,1,29964,7595,264,57,21472,7595,44785,0,1000,True,random-32-32-20-random-16.scen,340
380,random-32-32-20.map,planner,1,28418,8481,163,59,23108,8481,29,0,0,False,random-32-32-20-random-16.scen,380
380,random-32-32-20.map,planner,1,28418,8481,163,59,23108,8481,35,0,0,True,random-32-32-20-random-16.scen,380
380,random-32-32-20.map,planner,1,28418,8481,163,59,23108,8481,30,0,1,False,random-32-32-20-random-16.scen,380
380,random-32-32-20.map,planner,1,34900,8481,306,59,25696,8481,1576,0,1,True,random-32-32-20-random-16.scen,380
380,random-32-32-20.map,planner,1,28418,8481,163,59,23108,8481,29,0,10,False,random-32-32-20-random-16.scen,380
380,random-32-32-20.map,planner,1,39193,8481,394,59,27669,8481,2234,0,10,True,random-32-32-20-random-16.scen,380
380,random-32-32-20.map,planner,1,28418,8481,163,59,23108,8481,30,0,100,False,random-32-32-20-random-16.scen,380
380,random-32-32-20.map,planner,1,43277,8481,411,59,27669,8481,6729,0,100,True,random-32-32-20-random-16.scen,380
380,random-32-32-20.map,planner,1,28418,8481,163,59,23108,8481,29,0,1000,False,random-32-32-20-random-16.scen,380
380,random-32-32-20.map,planner,1,49986,8481,448,59,31854,8481,54524,0,1000,True,random-32-32-20-random-16.scen,380
20,random-32-32-20.map,planner,1,485,446,45,45,466,446,0,0,0,False,random-32-32-20-random-11.scen,20
20,random-32-32-20.map,planner,1,485,446,45,45,466,446,0,0,0,True,random-32-32-20-random-11.scen,20
20,random-32-32-20.map,planner,1,485,446,45,45,466,446,0,0,1,False,random-32-32-20-random-11.scen,20
20,random-32-32-20.map,planner,1,485,446,45,45,466,446,0,0,1,True,random-32-32-20-random-11.scen,20
20,random-32-32-20.map,planner,1,485,446,45,45,466,446,0,0,10,False,random-32-32-20-random-11.scen,20
20,random-32-32-20.map,planner,1,485,446,45,45,466,446,0,0,10,True,random-32-32-20-random-11.scen,20
20,random-32-32-20.map,planner,1,485,446,45,45,466,446,0,0,100,False,random-32-32-20-random-11.scen,20
20,random-32-32-20.map,planner,1,485,446,45,45,466,446,0,0,100,True,random-32-32-20-random-11.scen,20
20,random-32-32-20.map,planner,1,485,446,45,45,466,446,0,0,1000,False,random-32-32-20-random-11.scen,20
20,random-32-32-20.map,planner,1,485,446,45,45,466,446,0,0,1000,True,random-32-32-20-random-11.scen,20
60,random-32-32-20.map,planner,1,1747,1349,55,55,1584,1349,1,0,0,False,random-32-32-20-random-11.scen,60
60,random-32-32-20.map,planner,1,1747,1349,55,55,1584,1349,1,0,0,True,random-32-32-20-random-11.scen,60
60,random-32-32-20.map,planner,1,1747,1349,55,55,1584,1349,1,0,1,False,random-32-32-20-random-11.scen,60
60,random-32-32-20.map,planner,1,1761,1349,55,55,1623,1349,1,0,1,True,random-32-32-20-random-11.scen,60
60,random-32-32-20.map,planner,1,1747,1349,55,55,1584,1349,1,0,10,False,random-32-32-20-random-11.scen,60
60,random-32-32-20.map,planner,1,1761,1349,55,55,1623,1349,1,0,10,True,random-32-32-20-random-11.scen,60
60,random-32-32-20.map,planner,1,1747,1349,55,55,1584,1349,1,0,100,False,random-32-32-20-random-11.scen,60
60,random-32-32-20.map,planner,1,1761,1349,55,55,1623,1349,1,0,100,True,random-32-32-20-random-11.scen,60
60,random-32-32-20.map,planner,1,1747,1349,55,55,1584,1349,1,0,1000,False,random-32-32-20-random-11.scen,60
60,random-32-32-20.map,planner,1,1761,1349,55,55,1623,1349,1,0,1000,True,random-32-32-20-random-11.scen,60
100,random-32-32-20.map,planner,1,3144,2233,55,55,2811,2233,1,0,0,False,random-32-32-20-random-11.scen,100
100,random-32-32-20.map,planner,1,3144,2233,55,55,2811,2233,1,0,0,True,random-32-32-20-random-11.scen,100
100,random-32-32-20.map,planner,1,3144,2233,55,55,2811,2233,1,0,1,False,random-32-32-20-random-11.scen,100
100,random-32-32-20.map,planner,1,3076,2233,57,55,2778,2233,2,0,1,True,random-32-32-20-random-11.scen,100
100,random-32-32-20.map,planner,1,3144,2233,55,55,2811,2233,1,0,10,False,random-32-32-20-random-11.scen,100
100,random-32-32-20.map,planner,1,3253,2233,75,55,2909,2233,2,0,10,True,random-32-32-20-random-11.scen,100
100,random-32-32-20.map,planner,1,3144,2233,55,55,2811,2233,1,0,100,False,random-32-32-20-random-11.scen,100
100,random-32-32-20.map,planner,1,3253,2233,75,55,2909,2233,2,0,100,True,random-32-32-20-random-11.scen,100
100,random-32-32-20.map,planner,1,3144,2233,55,55,2811,2233,1,0,1000,False,random-32-32-20-random-11.scen,100
100,random-32-32-20.map,planner,1,3253,2233,75,55,2909,2233,2,0,1000,True,random-32-32-20-random-11.scen,100
140,random-32-32-20.map,planner,1,5176,3100,71,55,4670,3100,3,0,0,False,random-32-32-20-random-11.scen,140
140,random-32-32-20.map,planner,1,5176,3100,71,55,4670,3100,4,0,0,True,random-32-32-20-random-11.scen,140
140,random-32-32-20.map,planner,1,5176,3100,71,55,4670,3100,3,0,1,False,random-32-32-20-random-11.scen,140
140,random-32-32-20.map,planner,1,5015,3100,79,55,4429,3100,10,0,1,True,random-32-32-20-random-11.scen,140
140,random-32-32-20.map,planner,1,5176,3100,71,55,4670,3100,3,0,10,False,random-32-32-20-random-11.scen,140
140,random-32-32-20.map,planner,1,5012,3100,86,55,4384,3100,26,0,10,True,random-32-32-20-random-11.scen,140
140,random-32-32-20.map,planner,1,5176,3100,71,55,4670,3100,3,0,100,False,random-32-32-20-random-11.scen,140
140,random-32-32-20.map,planner,1,5395,3100,101,55,4598,3100,187,0,100,True,random-32-32-20-random-11.scen,140
140,random-32-32-20.map,planner,1,5176,3100,71,55,4670,3100,4,0,1000,False,random-32-32-20-random-11.scen,140
140,random-32-32-20.map,planner,1,5466,3100,87,55,4509,3100,390,0,1000,True,random-32-32-20-random-11.scen,140
180,random-32-32-20.map,planner,1,7252,3959,66,55,6257,3959,3,0,0,False,random-32-32-20-random-11.scen,180
180,random-32-32-20.map,planner,1,7252,3959,66,55,6257,3959,3,0,0,True,random-32-32-20-random-11.scen,180
180,random-32-32-20.map,planner,1,7252,3959,66,55,6257,3959,3,0,1,False,random-32-32-20-random-11.scen,180
180,random-32-32-20.map,planner,1,6679,3959,70,55,5822,3959,10,0,1,True,random-32-32-20-random-11.scen,180
180,random-32-32-20.map,planner,1,7252,3959,66,55,6257,3959,3,0,10,False,random-32-32-20-random-11.scen,180
180,random-32-32-20.map,planner,1,7213,3959,101,55,6052,3959,81,0,10,True,random-32-32-20-random-11.scen,180
180,random-32-32-20.map,planner,1,7252,3959,66,55,6257,3959,3,0,100,False,random-32-32-20-random-11.scen,180
180,random-32-32-20.map,planner,1,7047,3959,90,55,5979,3959,437,0,100,True,random-32-32-20-random-11.scen,180
180,random-32-32-20.map,planner,1,7252,3959,66,55,6257,3959,3,0,1000,False,random-32-32-20-random-11.scen,180
180,random-32-32-20.map,planner,1,7512,3959,110,55,6151,3959,4717,0,1000,True,random-32-32-20-random-11.scen,180
220,random-32-32-20.map,planner,1,10583,4803,104,55,8988,4803,6,0,0,False,random-32-32-20-random-11.scen,220
220,random-32-32-20.map,planner,1,10583,4803,104,55,8988,4803,7,0,0,True,random-32-32-20-random-11.scen,220
220,random-32-32-20.map,planner,1,10583,4803,104,55,8988,4803,6,0,1,False,random-32-32-20-random-11.scen,220
220,random-32-32-20.map,planner,1,10251,4803,97,55,8625,4803,23,0,1,True,random-32-32-20-random-11.scen,220
220,random-32-32-20.map,planner,1,10583,4803,104,55,8988,4803,6,0,10,False,random-32-32-20-random-11.scen,220
220,random-32-32-20.map,planner,1,13755,4803,202,55,9910,4803,168,0,10,True,random-32-32-20-random-11.scen,220
220,random-32-32-20.map,planner,1,10583,4803,104,55,8988,4803,6,0,100,False,random-32-32-20-random-11.scen,220
220,random-32-32-20.map,planner,1,11488,4803,138,55,8998,4803,1402,0,100,True,random-32-32-20-random-11.scen,220
220,random-32-32-20.map,planner,1,10583,4803,104,55,8988,4803,6,0,1000,False,random-32-32-20-random-11.scen,220
220,random-32-32-20.map,planner,1,11037,4803,133,55,8774,4803,13716,0,1000,True,random-32-32-20-random-11.scen,220
260,random-32-32-20.map,planner,1,13254,5639,105,55,11165,5639,10,0,0,False,random-32-32-20-random-11.scen,260
260,random-32-32-20.map,planner,1,13254,5639,105,55,11165,5639,11,0,0,True,random-32-32-20-random-11.scen,260
260,random-32-32-20.map,planner,1,13254,5639,105,55,11165,5639,10,0,1,False,random-32-32-20-random-11.scen,260
260,random-32-32-20.map,planner,1,16319,5639,201,55,12770,5639,66,0,1,True,random-32-32-20-random-11.scen,260
260,random-32-32-20.map,planner,1,13254,5639,105,55,11165,5639,10,0,10,False,random-32-32-20-random-11.scen,260
260,random-32-32-20.map,planner,1,21037,5639,282,55,14914,5639,461,0,10,True,random-32-32-20-random-11.scen,260
260,random-32-32-20.map,planner,1,13254,5639,105,55,11165,5639,10,0,100,False,random-32-32-20-random-11.scen,260
260,random-32-32-20.map,planner,1,18897,5639,233,55,13065,5639,2168,0,100,True,random-32-32-20-random-11.scen,260
260,random-32-32-20.map,planner,1,13254,5639,105,55,11165,5639,10,0,1000,False,random-32-32-20-random-11.scen,260
260,random-32-32-20.map,planner,1,23649,5639,299,55,15130,5639,22690,0,1000,True,random-32-32-20-random-11.scen,260
300,random-32-32-20.map,planner,1,18261,6560,120,55,15096,6560,9,0,0,False,random-32-32-20-random-11.scen,300
300,random-32-32-20.map,planner,1,18261,6560,120,55,15096,6560,11,0,0,True,random-32-32-20-random-11.scen,300
300,random-32-32-20.map,planner,1,18261,6560,120,55,15096,6560,9,0,1,False,random-32-32-20-random-11.scen,300
300,random-32-32-20.map,planner,1,25523,6560,298,55,18011,6560,753,0,1,True,random-32-32-20-random-11.scen,300
300,random-32-32-20.map,planner,1,18261,6560,120,55,15096,6560,9,0,10,False,random-32-32-20-random-11.scen,300
300,random-32-32-20.map,planner,1,20742,6560,197,55,15608,6560,380,0,10,True,random-32-32-20-random-11.scen,300
300,random-32-32-20.map,planner,1,18261,6560,120,55,15096,6560,9,0,100,False,random-32-32-20-random-11.scen,300
300,random-32-32-20.map,planner,1,24168,6560,262,55,16627,6560,4076,0,100,True,random-32-32-20-random-11.scen,300
300,random-32-32-20.map,planner,1,18261,6560,120,55,15096,6560,9,0,1000,False,random-32-32-20-random-11.scen,300
300,random-32-32-20.map,planner,1,27386,6560,303,55,17746,6560,36128,0,1000,True,random-32-32-20-random-11.scen,300
340,random-32-32-20.map,planner,1,22725,7454,108,55,18459,7454,10,0,0,False,random-32-32-20-random-11.scen,340
340,random-32-32-20.map,planner,1,22725,7454,108,55,18459,7454,14,0,0,True,random-32-32-20-random-11.scen,340
340,random-32-32-20.map,planner,1,22725,7454,108,55,18459,7454,10,0,1,False,random-32-32-20-random-11.scen,340
340,random-32-32-20.map,planner,1,24888,7454,185,55,19525,7454,79,0,1,True,random-32-32-20-random-11.scen,340
340,random-32-32-20.map,planner,1,22725,7454,108,55,18459,7454,10,0,10,False,random-32-32-20-random-11.scen,340
340,random-32-32-20.map,planner,1,45257,7454,566,55,26806,7454,1113,0,10,True,random-32-32-20-random-11.scen,340
340,random-32-32-20.map,planner,1,22725,7454,108,55,18459,7454,10,0,100,False,random-32-32-20-random-11.scen,340
340,random-32-32-20.map,planner,1,37206,7454,345,55,24510,7454,4724,0,100,True,random-32-32-20-random-11.scen,340
340,random-32-32-20.map,planner,1,22725,7454,108,55,18459,7454,10,0,1000,False,random-32-32-20-random-11.scen,340
340,random-32-32-20.map,planner,1,32863,7454,287,55,21785,7454,41832,0,1000,True,random-32-32-20-random-11.scen,340
380,random-32-32-20.map,planner,1,29098,8376,128,55,23385,8376,14,0,0,False,random-32-32-20-random-11.scen,380
380,random-32-32-20.map,planner,1,29098,8376,128,55,23385,8376,20,0,0,True,random-32-32-20-random-11.scen,380
380,random-32-32-20.map,planner,1,29098,8376,128,55,23385,8376,14,0,1,False,random-32-32-20-random-11.scen,380
380,random-32-32-20.map,planner,1,38815,8376,274,55,27242,8376,180,0,1,True,random-32-32-20-random-11.scen,380
380,random-32-32-20.map,planner,1,29098,8376,128,55,23385,8376,14,0,10,False,random-32-32-20-random-11.scen,380
380,random-32-32-20.map,planner,1,50512,8376,436,55,31475,8376,1613,0,10,True,random-32-32-20-random-11.scen,380
380,random-32-32-20.map,planner,1,29098,8376,128,55,23385,8376,14,0,100,False,random-32-32-20-random-11.scen,380
380,random-32-32-20.map,planner,1,69278,8376,604,55,40101,8376,20188,0,100,True,random-32-32-20-random-11.scen,380
380,random-32-32-20.map,planner,1,29098,8376,128,55,23385,8376,14,0,1000,False,random-32-32-20-random-11.scen,380
380,random-32-32-20.map,planner,1,41897,8376,361,55,28010,8376,46945,0,1000,True,random-32-32-20-random-11.scen,380
