agents,map_file,solver,solved,soc,soc_lb,makespan,makespan_lb,sum_of_loss,sum_of_loss_lb,comp_time,seed,Opti_Deadline,Bool_Opti,Scenario_File,N
20,ht_chantry.map,planner,1,2153,2005,171,171,2046,2005,2,0,0,False,ht_chantry-random-5.scen,20
20,ht_chantry.map,planner,1,2153,2005,171,171,2046,2005,2,0,0,True,ht_chantry-random-5.scen,20
20,ht_chantry.map,planner,1,2153,2005,171,171,2046,2005,2,0,1,False,ht_chantry-random-5.scen,20
20,ht_chantry.map,planner,1,2153,2005,171,171,2046,2005,2,0,1,True,ht_chantry-random-5.scen,20
20,ht_chantry.map,planner,1,2153,2005,171,171,2046,2005,2,0,10,False,ht_chantry-random-5.scen,20
20,ht_chantry.map,planner,1,2153,2005,171,171,2046,2005,2,0,10,True,ht_chantry-random-5.scen,20
20,ht_chantry.map,planner,1,2153,2005,171,171,2046,2005,2,0,100,False,ht_chantry-random-5.scen,20
20,ht_chantry.map,planner,1,2153,2005,171,171,2046,2005,2,0,100,True,ht_chantry-random-5.scen,20
20,ht_chantry.map,planner,1,2153,2005,171,171,2046,2005,2,0,1000,False,ht_chantry-random-5.scen,20
20,ht_chantry.map,planner,1,2153,2005,171,171,2046,2005,2,0,1000,True,ht_chantry-random-5.scen,20
60,ht_chantry.map,planner,1,6525,6141,203,203,6398,6141,7,0,0,False,ht_chantry-random-5.scen,60
60,ht_chantry.map,planner,1,6525,6141,203,203,6398,6141,6,0,0,True,ht_chantry-random-5.scen,60
60,ht_chantry.map,planner,1,6525,6141,203,203,6398,6141,7,0,1,False,ht_chantry-random-5.scen,60
60,ht_chantry.map,planner,1,6810,6141,203,203,6390,6141,6,0,1,True,ht_chantry-random-5.scen,60
60,ht_chantry.map,planner,1,6525,6141,203,203,6398,6141,6,0,10,False,ht_chantry-random-5.scen,60
60,ht_chantry.map,planner,1,6810,6141,203,203,6390,6141,6,0,10,True,ht_chantry-random-5.scen,60
60,ht_chantry.map,planner,1,6525,6141,203,203,6398,6141,6,0,100,False,ht_chantry-random-5.scen,60
60,ht_chantry.map,planner,1,6810,6141,203,203,6390,6141,7,0,100,True,ht_chantry-random-5.scen,60
60,ht_chantry.map,planner,1,6525,6141,203,203,6398,6141,6,0,1000,False,ht_chantry-random-5.scen,60
60,ht_chantry.map,planner,1,6810,6141,203,203,6390,6141,6,0,1000,True,ht_chantry-random-5.scen,60
100,ht_chantry.map,planner,1,11832,9892,203,203,10486,9892,10,0,0,False,ht_chantry-random-5.scen,100
100,ht_chantry.map,planner,1,11832,9892,203,203,10486,9892,11,0,0,True,ht_chantry-random-5.scen,100
100,ht_chantry.map,planner,1,11832,9892,203,203,10486,9892,10,0,1,False,ht_chantry-random-5.scen,100
100,ht_chantry.map,planner,1,11489,9892,206,203,10479,9892,11,0,1,True,ht_chantry-random-5.scen,100
100,ht_chantry.map,planner,1,11832,9892,203,203,10486,9892,11,0,10,False,ht_chantry-random-5.scen,100
100,ht_chantry.map,planner,1,11489,9892,206,203,10479,9892,10,0,10,True,ht_chantry-random-5.scen,100
100,ht_chantry.map,planner,1,11832,9892,203,203,10486,9892,12,0,100,False,ht_chantry-random-5.scen,100
100,ht_chantry.map,planner,1,11489,9892,206,203,10479,9892,12,0,100,True,ht_chantry-random-5.scen,100
100,ht_chantry.map,planner,1,11832,9892,203,203,10486,9892,10,0,1000,False,ht_chantry-random-5.scen,100
100,ht_chantry.map,planner,1,11489,9892,206,203,10479,9892,12,0,1000,True,ht_chantry-random-5.scen,100
140,ht_chantry.map,planner,1,17460,14076,203,203,15323,14076,17,0,0,False,ht_chantry-random-5.scen,140
140,ht_chantry.map,planner,1,17460,14076,203,203,15323,14076,14,0,0,True,ht_chantry-random-5.scen,140
140,ht_chantry.map,planner,1,17460,14076,203,203,15323,14076,15,0,1,False,ht_chantry-random-5.scen,140
140,ht_chantry.map,planner,1,17083,14076,206,203,15122,14076,17,0,1,True,ht_chantry-random-5.scen,140
140,ht_chantry.map,planner,1,17460,14076,203,203,15323,14076,17,0,10,False,ht_chantry-random-5.scen,140
140,ht_chantry.map,planner,1,17241,14076,208,203,15084,14076,17,0,10,True,ht_chantry-random-5.scen,140
140,ht_chantry.map,planner,1,17460,14076,203,203,15323,14076,17,0,100,False,ht_chantry-random-5.scen,140
140,ht_chantry.map,planner,1,17241,14076,208,203,15084,14076,18,0,100,True,ht_chantry-random-5.scen,140
140,ht_chantry.map,planner,1,17460,14076,203,203,15323,14076,14,0,1000,False,ht_chantry-random-5.scen,140
140,ht_chantry.map,planner,1,17241,14076,208,203,15084,14076,16,0,1000,True,ht_chantry-random-5.scen,140
180,ht_chantry.map,planner,1,22426,17785,203,203,19609,17785,18,0,0,False,ht_chantry-random-5.scen,180
180,ht_chantry.map,planner,1,22426,17785,203,203,19609,17785,21,0,0,True,ht_chantry-random-5.scen,180
180,ht_chantry.map,planner,1,22426,17785,203,203,19609,17785,21,0,1,False,ht_chantry-random-5.scen,180
180,ht_chantry.map,planner,1,22270,17785,205,203,19346,17785,24,0,1,True,ht_chantry-random-5.scen,180
180,ht_chantry.map,planner,1,22426,17785,203,203,19609,17785,21,0,10,False,ht_chantry-random-5.scen,180
180,ht_chantry.map,planner,1,21956,17785,209,203,19235,17785,37,0,10,True,ht_chantry-random-5.scen,180
180,ht_chantry.map,planner,1,22426,17785,203,203,19609,17785,18,0,100,False,ht_chantry-random-5.scen,180
180,ht_chantry.map,planner,1,22163,17785,211,203,19227,17785,43,0,100,True,ht_chantry-random-5.scen,180
180,ht_chantry.map,planner,1,22426,17785,203,203,19609,17785,20,0,1000,False,ht_chantry-random-5.scen,180
180,ht_chantry.map,planner,1,22163,17785,211,203,19227,17785,42,0,1000,True,ht_chantry-random-5.scen,180
220,ht_chantry.map,planner,1,27865,21429,203,203,23723,21429,24,0,0,False,ht_chantry-random-5.scen,220
220,ht_chantry.map,planner,1,27865,21429,203,203,23723,21429,21,0,0,True,ht_chantry-random-5.scen,220
220,ht_chantry.map,planner,1,27865,21429,203,203,23723,21429,24,0,1,False,ht_chantry-random-5.scen,220
220,ht_chantry.map,planner,1,27741,21429,212,203,23491,21429,33,0,1,True,ht_chantry-random-5.scen,220
220,ht_chantry.map,planner,1,27865,21429,203,203,23723,21429,23,0,10,False,ht_chantry-random-5.scen,220
220,ht_chantry.map,planner,1,27414,21429,213,203,23414,21429,72,0,10,True,ht_chantry-random-5.scen,220
220,ht_chantry.map,planner,1,27865,21429,203,203,23723,21429,23,0,100,False,ht_chantry-random-5.scen,220
220,ht_chantry.map,planner,1,27500,21429,214,203,23361,21429,239,0,100,True,ht_chantry-random-5.scen,220
220,ht_chantry.map,planner,1,27865,21429,203,203,23723,21429,24,0,1000,False,ht_chantry-random-5.scen,220
220,ht_chantry.map,planner,1,27571,21429,212,203,23359,21429,748,0,1000,True,ht_chantry-random-5.scen,220
260,ht_chantry.map,planner,1,33987,25650,203,203,29117,25650,29,0,0,False,ht_chantry-random-5.scen,260
260,ht_chantry.map,planner,1,33987,25650,203,203,29117,25650,28,0,0,True,ht_chantry-random-5.scen,260
260,ht_chantry.map,planner,1,33987,25650,203,203,29117,25650,31,0,1,False,ht_chantry-random-5.scen,260
260,ht_chantry.map,planner,1,33359,25650,203,203,28391,25650,40,0,1,True,ht_chantry-random-5.scen,260
260,ht_chantry.map,planner,1,33987,25650,203,203,29117,25650,31,0,10,False,ht_chantry-random-5.scen,260
260,ht_chantry.map,planner,1,32849,25650,204,203,28259,25650,107,0,10,True,ht_chantry-random-5.scen,260
260,ht_chantry.map,planner,1,33987,25650,203,203,29117,25650,27,0,100,False,ht_chantry-random-5.scen,260
260,ht_chantry.map,planner,1,33202,25650,204,203,28212,25650,376,0,100,True,ht_chantry-random-5.scen,260
260,ht_chantry.map,planner,1,33987,25650,203,203,29117,25650,30,0,1000,False,ht_chantry-random-5.scen,260
260,ht_chantry.map,planner,1,32773,25650,204,203,28159,25650,2306,0,1000,True,ht_chantry-random-5.scen,260
300,ht_chantry.map,planner,1,39314,29432,203,203,33620,29432,34,0,0,False,ht_chantry-random-5.scen,300
300,ht_chantry.map,planner,1,39314,29432,203,203,33620,29432,33,0,0,True,ht_chantry-random-5.scen,300
300,ht_chantry.map,planner,1,39314,29432,203,203,33620,29432,34,0,1,False,ht_chantry-random-5.scen,300
300,ht_chantry.map,planner,1,38125,29432,206,203,32862,29432,48,0,1,True,ht_chantry-random-5.scen,300
300,ht_chantry.map,planner,1,39314,29432,203,203,33620,29432,37,0,10,False,ht_chantry-random-5.scen,300
300,ht_chantry.map,planner,1,38930,29432,214,203,33102,29432,169,0,10,True,ht_chantry-random-5.scen,300
300,ht_chantry.map,planner,1,39314,29432,203,203,33620,29432,36,0,100,False,ht_chantry-random-5.scen,300
300,ht_chantry.map,planner,1,39436,29432,216,203,33289,29432,1450,0,100,True,ht_chantry-random-5.scen,300
300,ht_chantry.map,planner,1,39314,29432,203,203,33620,29432,36,0,1000,False,ht_chantry-random-5.scen,300
300,ht_chantry.map,planner,1,38754,29432,219,203,33118,29432,10327,0,1000,True,ht_chantry-random-5.scen,300
340,ht_chantry.map,planner,1,45512,32783,204,203,38464,32783,38,0,0,False,ht_chantry-random-5.scen,340
340,ht_chantry.map,planner,1,45512,32783,204,203,38464,32783,39,0,0,True,ht_chantry-random-5.scen,340
340,ht_chantry.map,planner,1,45512,32783,204,203,38464,32783,41,0,1,False,ht_chantry-random-5.scen,340
340,ht_chantry.map,planner,1,44250,32783,210,203,37512,32783,56,0,1,True,ht_chantry-random-5.scen,340
340,ht_chantry.map,planner,1,45512,32783,204,203,38464,32783,37,0,10,False,ht_chantry-random-5.scen,340
340,ht_chantry.map,planner,1,44537,32783,206,203,37576,32783,201,0,10,True,ht_chantry-random-5.scen,340
340,ht_chantry.map,planner,1,45512,32783,204,203,38464,32783,42,0,100,False,ht_chantry-random-5.scen,340
340,ht_chantry.map,planner,1,44708,32783,205,203,37528,32783,1481,0,100,True,ht_chantry-random-5.scen,340
340,ht_chantry.map,planner,1,45512,32783,204,203,38464,32783,44,0,1000,False,ht_chantry-random-5.scen,340
340,ht_chantry.map,planner,1,44247,32783,216,203,37335,32783,12085,0,1000,True,ht_chantry-random-5.scen,340
380,ht_chantry.map,planner,1,51711,36536,204,203,43494,36536,38,0,0,False,ht_chantry-random-5.scen,380
380,ht_chantry.map,planner,1,51711,36536,204,203,43494,36536,45,0,0,True,ht_chantry-random-5.scen,380
380,ht_chantry.map,planner,1,51711,36536,204,203,43494,36536,43,0,1,False,ht_chantry-random-5.scen,380
380,ht_chantry.map,planner,1,50520,36536,213,203,42804,36536,70,0,1,True,ht_chantry-random-5.scen,380
380,ht_chantry.map,planner,1,51711,36536,204,203,43494,36536,47,0,10,False,ht_chantry-random-5.scen,380
380,ht_chantry.map,planner,1,51009,36536,213,203,42830,36536,245,0,10,True,ht_chantry-random-5.scen,380
380,ht_chantry.map,planner,1,51711,36536,204,203,43494,36536,44,0,100,False,ht_chantry-random-5.scen,380
380,ht_chantry.map,planner,1,50260,36536,218,203,42190,36536,1870,0,100,True,ht_chantry-random-5.scen,380
380,ht_chantry.map,planner,1,51711,36536,204,203,43494,36536,51,0,1000,False,ht_chantry-random-5.scen,380
380,ht_chantry.map,planner,1,50190,36536,221,203,42233,36536,16304,0,1000,True,ht_chantry-random-5.scen,380
420,ht_chantry.map,planner,1,58109,40412,203,203,48669,40412,53,0,0,False,ht_chantry-random-5.scen,420
420,ht_chantry.map,planner,1,58109,40412,203,203,48669,40412,49,0,0,True,ht_chantry-random-5.scen,420
420,ht_chantry.map,planner,1,58109,40412,203,203,48669,40412,43,0,1,False,ht_chantry-random-5.scen,420
420,ht_chantry.map,planner,1,57640,40412,210,203,48782,40412,78,0,1,True,ht_chantry-random-5.scen,420
420,ht_chantry.map,planner,1,58109,40412,203,203,48669,40412,49,0,10,False,ht_chantry-random-5.scen,420
420,ht_chantry.map,planner,1,58200,40412,220,203,48473,40412,288,0,10,True,ht_chantry-random-5.scen,420
420,ht_chantry.map,planner,1,58109,40412,203,203,48669,40412,45,0,100,False,ht_chantry-random-5.scen,420
420,ht_chantry.map,planner,1,56470,40412,231,203,47871,40412,2198,0,100,True,ht_chantry-random-5.scen,420
420,ht_chantry.map,planner,1,58109,40412,203,203,48669,40412,46,0,1000,False,ht_chantry-random-5.scen,420
420,ht_chantry.map,planner,1,56928,40412,227,203,47858,40412,19819,0,1000,True,ht_chantry-random-5.scen,420
460,ht_chantry.map,planner,1,64965,44121,228,203,54034,44121,55,0,0,False,ht_chantry-random-5.scen,460
460,ht_chantry.map,planner,1,64965,44121,228,203,54034,44121,57,0,0,True,ht_chantry-random-5.scen,460
460,ht_chantry.map,planner,1,64965,44121,228,203,54034,44121,48,0,1,False,ht_chantry-random-5.scen,460
460,ht_chantry.map,planner,1,64311,44121,206,203,53784,44121,86,0,1,True,ht_chantry-random-5.scen,460
460,ht_chantry.map,planner,1,64965,44121,228,203,54034,44121,56,0,10,False,ht_chantry-random-5.scen,460
460,ht_chantry.map,planner,1,65257,44121,221,203,54033,44121,310,0,10,True,ht_chantry-random-5.scen,460
460,ht_chantry.map,planner,1,64965,44121,228,203,54034,44121,55,0,100,False,ht_chantry-random-5.scen,460
460,ht_chantry.map,planner,1,63970,44121,211,203,53125,44121,2641,0,100,True,ht_chantry-random-5.scen,460
460,ht_chantry.map,planner,1,64965,44121,228,203,54034,44121,59,0,1000,False,ht_chantry-random-5.scen,460
460,ht_chantry.map,planner,1,63348,44121,214,203,52808,44121,22967,0,1000,True,ht_chantry-random-5.scen,460
500,ht_chantry.map,planner,1,73985,48016,223,203,61106,48016,60,0,0,False,ht_chantry-random-5.scen,500
500,ht_chantry.map,planner,1,73985,48016,223,203,61106,48016,64,0,0,True,ht_chantry-random-5.scen,500
500,ht_chantry.map,planner,1,73985,48016,223,203,61106,48016,60,0,1,False,ht_chantry-random-5.scen,500
500,ht_chantry.map,planner,1,72333,48016,226,203,60017,48016,94,0,1,True,ht_chantry-random-5.scen,500
500,ht_chantry.map,planner,1,73985,48016,223,203,61106,48016,61,0,10,False,ht_chantry-random-5.scen,500
500,ht_chantry.map,planner,1,72969,48016,226,203,59508,48016,412,0,10,True,ht_chantry-random-5.scen,500
500,ht_chantry.map,planner,1,73985,48016,223,203,61106,48016,61,0,100,False,ht_chantry-random-5.scen,500
500,ht_chantry.map,planner,1,72094,48016,230,203,59202,48016,3232,0,100,True,ht_chantry-random-5.scen,500
500,ht_chantry.map,planner,1,73985,48016,223,203,61106,48016,61,0,1000,False,ht_chantry-random-5.scen,500
500,ht_chantry.map,planner,1,70802,48016,214,203,58277,48016,28107,0,1000,True,ht_chantry-random-5.scen,500
540,ht_chantry.map,planner,1,82955,52207,233,203,67618,52207,71,0,0,False,ht_chantry-random-5.scen,540
540,ht_chantry.map,planner,1,82955,52207,233,203,67618,52207,73,0,0,True,ht_chantry-random-5.scen,540
540,ht_chantry.map,planner,1,82955,52207,233,203,67618,52207,69,0,1,False,ht_chantry-random-5.scen,540
540,ht_chantry.map,planner,1,80984,52207,213,203,66281,52207,98,0,1,True,ht_chantry-random-5.scen,540
540,ht_chantry.map,planner,1,82955,52207,233,203,67618,52207,72,0,10,False,ht_chantry-random-5.scen,540
540,ht_chantry.map,planner,1,79565,52207,238,203,65466,52207,415,0,10,True,ht_chantry-random-5.scen,540
540,ht_chantry.map,planner,1,82955,52207,233,203,67618,52207,65,0,100,False,ht_chantry-random-5.scen,540
540,ht_chantry.map,planner,1,81879,52207,225,203,66389,52207,3721,0,100,True,ht_chantry-random-5.scen,540
540,ht_chantry.map,planner,1,82955,52207,233,203,67618,52207,69,0,1000,False,ht_chantry-random-5.scen,540
540,ht_chantry.map,planner,1,79732,52207,225,203,65396,52207,34810,0,1000,True,ht_chantry-random-5.scen,540
580,ht_chantry.map,planner,1,90210,55780,230,203,72936,55780,75,0,0,False,ht_chantry-random-5.scen,580
580,ht_chantry.map,planner,1,90210,55780,230,203,72936,55780,78,0,0,True,ht_chantry-random-5.scen,580
580,ht_chantry.map,planner,1,90210,55780,230,203,72936,55780,70,0,1,False,ht_chantry-random-5.scen,580
580,ht_chantry.map,planner,1,88069,55780,232,203,72089,55780,124,0,1,True,ht_chantry-random-5.scen,580
580,ht_chantry.map,planner,1,90210,55780,230,203,72936,55780,78,0,10,False,ht_chantry-random-5.scen,580
580,ht_chantry.map,planner,1,89195,55780,246,203,72259,55780,475,0,10,True,ht_chantry-random-5.scen,580
580,ht_chantry.map,planner,1,90210,55780,230,203,72936,55780,72,0,100,False,ht_chantry-random-5.scen,580
580,ht_chantry.map,planner,1,87448,55780,231,203,70795,55780,3796,0,100,True,ht_chantry-random-5.scen,580
580,ht_chantry.map,planner,1,90210,55780,230,203,72936,55780,73,0,1000,False,ht_chantry-random-5.scen,580
580,ht_chantry.map,planner,1,86675,55780,219,203,70077,55780,34502,0,1000,True,ht_chantry-random-5.scen,580
620,ht_chantry.map,planner,1,101277,59803,252,203,81030,59803,76,0,0,False,ht_chantry-random-5.scen,620
620,ht_chantry.map,planner,1,101277,59803,252,203,81030,59803,92,0,0,True,ht_chantry-random-5.scen,620
620,ht_chantry.map,planner,1,101277,59803,252,203,81030,59803,76,0,1,False,ht_chantry-random-5.scen,620
620,ht_chantry.map,planner,1,96303,59803,233,203,77585,59803,126,0,1,True,ht_chantry-random-5.scen,620
620,ht_chantry.map,planner,1,101277,59803,252,203,81030,59803,76,0,10,False,ht_chantry-random-5.scen,620
620,ht_chantry.map,planner,1,98145,59803,243,203,78962,59803,525,0,10,True,ht_chantry-random-5.scen,620
620,ht_chantry.map,planner,1,101277,59803,252,203,81030,59803,81,0,100,False,ht_chantry-random-5.scen,620
620,ht_chantry.map,planner,1,97630,59803,234,203,77925,59803,3938,0,100,True,ht_chantry-random-5.scen,620
620,ht_chantry.map,planner,1,101277,59803,252,203,81030,59803,81,0,1000,False,ht_chantry-random-5.scen,620
620,ht_chantry.map,planner,1,95137,59803,231,203,76903,59803,37109,0,1000,True,ht_chantry-random-5.scen,620
660,ht_chantry.map,planner,1,107394,64061,240,203,85829,64061,92,0,0,False,ht_chantry-random-5.scen,660
660,ht_chantry.map,planner,1,107394,64061,240,203,85829,64061,92,0,0,True,ht_chantry-random-5.scen,660
660,ht_chantry.map,planner,1,107394,64061,240,203,85829,64061,88,0,1,False,ht_chantry-random-5.scen,660
660,ht_chantry.map,planner,1,105077,64061,259,203,84404,64061,131,0,1,True,ht_chantry-random-5.scen,660
660,ht_chantry.map,planner,1,107394,64061,240,203,85829,64061,85,0,10,False,ht_chantry-random-5.scen,660
660,ht_chantry.map,planner,1,105765,64061,242,203,84565,64061,542,0,10,True,ht_chantry-random-5.scen,660
660,ht_chantry.map,planner,1,107394,64061,240,203,85829,64061,85,0,100,False,ht_chantry-random-5.scen,660
660,ht_chantry.map,planner,1,105596,64061,254,203,84419,64061,3926,0,100,True,ht_chantry-random-5.scen,660
660,ht_chantry.map,planner,1,107394,64061,240,203,85829,64061,81,0,1000,False,ht_chantry-random-5.scen,660
660,ht_chantry.map,planner,1,105732,64061,243,203,84648,64061,44278,0,1000,True,ht_chantry-random-5.scen,660
700,ht_chantry.map,planner,1,115825,68043,250,203,92744,68043,91,0,0,False,ht_chantry-random-5.scen,700
700,ht_chantry.map,planner,1,115825,68043,250,203,92744,68043,100,0,0,True,ht_chantry-random-5.scen,700
700,ht_chantry.map,planner,1,115825,68043,250,203,92744,68043,98,0,1,False,ht_chantry-random-5.scen,700
700,ht_chantry.map,planner,1,116022,68043,255,203,92373,68043,151,0,1,True,ht_chantry-random-5.scen,700
700,ht_chantry.map,planner,1,115825,68043,250,203,92744,68043,92,0,10,False,ht_chantry-random-5.scen,700
700,ht_chantry.map,planner,1,113523,68043,262,203,91284,68043,524,0,10,True,ht_chantry-random-5.scen,700
700,ht_chantry.map,planner,1,115825,68043,250,203,92744,68043,98,0,100,False,ht_chantry-random-5.scen,700
700,ht_chantry.map,planner,1,115449,68043,242,203,92162,68043,4809,0,100,True,ht_chantry-random-5.scen,700
700,ht_chantry.map,planner,1,115825,68043,250,203,92744,68043,94,0,1000,False,ht_chantry-random-5.scen,700
700,ht_chantry.map,planner,1,115674,68043,259,203,91243,68043,47047,0,1000,True,ht_chantry-random-5.scen,700
740,ht_chantry.map,planner,1,124892,71639,246,203,98400,71639,103,0,0,False,ht_chantry-random-5.scen,740
740,ht_chantry.map,planner,1,124892,71639,246,203,98400,71639,104,0,0,True,ht_chantry-random-5.scen,740
740,ht_chantry.map,planner,1,124892,71639,246,203,98400,71639,96,0,1,False,ht_chantry-random-5.scen,740
740,ht_chantry.map,planner,1,127362,71639,274,203,100492,71639,156,0,1,True,ht_chantry-random-5.scen,740
740,ht_chantry.map,planner,1,124892,71639,246,203,98400,71639,95,0,10,False,ht_chantry-random-5.scen,740
740,ht_chantry.map,planner,1,128233,71639,272,203,101088,71639,567,0,10,True,ht_chantry-random-5.scen,740
740,ht_chantry.map,planner,1,124892,71639,246,203,98400,71639,95,0,100,False,ht_chantry-random-5.scen,740
740,ht_chantry.map,planner,1,126222,71639,252,203,99614,71639,5342,0,100,True,ht_chantry-random-5.scen,740
740,ht_chantry.map,planner,1,124892,71639,246,203,98400,71639,97,0,1000,False,ht_chantry-random-5.scen,740
740,ht_chantry.map,planner,1,126790,71639,255,203,99110,71639,51597,0,1000,True,ht_chantry-random-5.scen,740
780,ht_chantry.map,planner,1,138557,75187,254,203,107712,75187,100,0,0,False,ht_chantry-random-5.scen,780
780,ht_chantry.map,planner,1,138557,75187,254,203,107712,75187,111,0,0,True,ht_chantry-random-5.scen,780
780,ht_chantry.map,planner,1,138557,75187,254,203,107712,75187,103,0,1,False,ht_chantry-random-5.scen,780
780,ht_chantry.map,planner,1,135899,75187,264,203,105519,75187,169,0,1,True,ht_chantry-random-5.scen,780
780,ht_chantry.map,planner,1,138557,75187,254,203,107712,75187,104,0,10,False,ht_chantry-random-5.scen,780
780,ht_chantry.map,planner,1,134946,75187,259,203,106149,75187,587,0,10,True,ht_chantry-random-5.scen,780
780,ht_chantry.map,planner,1,138557,75187,254,203,107712,75187,104,0,100,False,ht_chantry-random-5.scen,780
780,ht_chantry.map,planner,1,132508,75187,259,203,104555,75187,4719,0,100,True,ht_chantry-random-5.scen,780
780,ht_chantry.map,planner,1,138557,75187,254,203,107712,75187,108,0,1000,False,ht_chantry-random-5.scen,780
780,ht_chantry.map,planner,1,135183,75187,256,203,105602,75187,48403,0,1000,True,ht_chantry-random-5.scen,780
820,ht_chantry.map,planner,1,150375,79004,271,203,115841,79004,115,0,0,False,ht_chantry-random-5.scen,820
820,ht_chantry.map,planner,1,150375,79004,271,203,115841,79004,120,0,0,True,ht_chantry-random-5.scen,820
820,ht_chantry.map,planner,1,150375,79004,271,203,115841,79004,120,0,1,False,ht_chantry-random-5.scen,820
820,ht_chantry.map,planner,1,148381,79004,267,203,115700,79004,177,0,1,True,ht_chantry-random-5.scen,820
820,ht_chantry.map,planner,1,150375,79004,271,203,115841,79004,107,0,10,False,ht_chantry-random-5.scen,820
820,ht_chantry.map,planner,1,144392,79004,256,203,113104,79004,617,0,10,True,ht_chantry-random-5.scen,820
820,ht_chantry.map,planner,1,150375,79004,271,203,115841,79004,113,0,100,False,ht_chantry-random-5.scen,820
820,ht_chantry.map,planner,1,144180,79004,254,203,113201,79004,5100,0,100,True,ht_chantry-random-5.scen,820
820,ht_chantry.map,planner,1,150375,79004,271,203,115841,79004,121,0,1000,False,ht_chantry-random-5.scen,820
820,ht_chantry.map,planner,1,145982,79004,268,203,113804,79004,50894,0,1000,True,ht_chantry-random-5.scen,820
860,ht_chantry.map,planner,1,159760,82819,264,203,122787,82819,125,0,0,False,ht_chantry-random-5.scen,860
860,ht_chantry.map,planner,1,159760,82819,264,203,122787,82819,135,0,0,True,ht_chantry-random-5.scen,860
860,ht_chantry.map,planner,1,159760,82819,264,203,122787,82819,119,0,1,False,ht_chantry-random-5.scen,860
860,ht_chantry.map,planner,1,157212,82819,268,203,122719,82819,205,0,1,True,ht_chantry-random-5.scen,860
860,ht_chantry.map,planner,1,159760,82819,264,203,122787,82819,125,0,10,False,ht_chantry-random-5.scen,860
860,ht_chantry.map,planner,1,154283,82819,282,203,121032,82819,659,0,10,True,ht_chantry-random-5.scen,860
860,ht_chantry.map,planner,1,159760,82819,264,203,122787,82819,116,0,100,False,ht_chantry-random-5.scen,860
860,ht_chantry.map,planner,1,155179,82819,259,203,120042,82819,5433,0,100,True,ht_chantry-random-5.scen,860
860,ht_chantry.map,planner,1,159760,82819,264,203,122787,82819,126,0,1000,False,ht_chantry-random-5.scen,860
860,ht_chantry.map,planner,1,158546,82819,291,203,122592,82819,58701,0,1000,True,ht_chantry-random-5.scen,860
900,ht_chantry.map,planner,1,170208,86441,271,203,131213,86441,140,0,0,False,ht_chantry-random-5.scen,900
900,ht_chantry.map,planner,1,170208,86441,271,203,131213,86441,152,0,0,True,ht_chantry-random-5.scen,900
900,ht_chantry.map,planner,1,170208,86441,271,203,131213,86441,136,0,1,False,ht_chantry-random-5.scen,900
900,ht_chantry.map,planner,1,169584,86441,282,203,131368,86441,210,0,1,True,ht_chantry-random-5.scen,900
900,ht_chantry.map,planner,1,170208,86441,271,203,131213,86441,138,0,10,False,ht_chantry-random-5.scen,900
900,ht_chantry.map,planner,1,164846,86441,268,203,127276,86441,724,0,10,True,ht_chantry-random-5.scen,900
900,ht_chantry.map,planner,1,170208,86441,271,203,131213,86441,116,0,100,False,ht_chantry-random-5.scen,900
900,ht_chantry.map,planner,1,165141,86441,281,203,128629,86441,5725,0,100,True,ht_chantry-random-5.scen,900
900,ht_chantry.map,planner,1,170208,86441,271,203,131213,86441,122,0,1000,False,ht_chantry-random-5.scen,900
20,ht_chantry.map,planner,1,1708,1693,190,190,1708,1693,2,0,0,False,ht_chantry-random-12.scen,20
20,ht_chantry.map,planner,1,1708,1693,190,190,1708,1693,2,0,0,True,ht_chantry-random-12.scen,20
20,ht_chantry.map,planner,1,1708,1693,190,190,1708,1693,2,0,1,False,ht_chantry-random-12.scen,20
20,ht_chantry.map,planner,1,1708,1693,190,190,1708,1693,2,0,1,True,ht_chantry-random-12.scen,20
20,ht_chantry.map,planner,1,1708,1693,190,190,1708,1693,2,0,10,False,ht_chantry-random-12.scen,20
20,ht_chantry.map,planner,1,1708,1693,190,190,1708,1693,2,0,10,True,ht_chantry-random-12.scen,20
20,ht_chantry.map,planner,1,1708,1693,190,190,1708,1693,2,0,100,False,ht_chantry-random-12.scen,20
20,ht_chantry.map,planner,1,1708,1693,190,190,1708,1693,2,0,100,True,ht_chantry-random-12.scen,20
20,ht_chantry.map,planner,1,1708,1693,190,190,1708,1693,2,0,1000,False,ht_chantry-random-12.scen,20
20,ht_chantry.map,planner,1,1708,1693,190,190,1708,1693,2,0,1000,True,ht_chantry-random-12.scen,20
60,ht_chantry.map,planner,1,5796,5191,190,190,5416,5191,6,0,0,False,ht_chantry-random-12.scen,60
60,ht_chantry.map,planner,1,5796,5191,190,190,5416,5191,5,0,0,True,ht_chantry-random-12.scen,60
60,ht_chantry.map,planner,1,5796,5191,190,190,5416,5191,5,0,1,False,ht_chantry-random-12.scen,60
60,ht_chantry.map,planner,1,5781,5191,190,190,5416,5191,5,0,1,True,ht_chantry-random-12.scen,60
60,ht_chantry.map,planner,1,5796,5191,190,190,5416,5191,5,0,10,False,ht_chantry-random-12.scen,60
60,ht_chantry.map,planner,1,5781,5191,190,190,5416,5191,5,0,10,True,ht_chantry-random-12.scen,60
60,ht_chantry.map,planner,1,5796,5191,190,190,5416,5191,5,0,100,False,ht_chantry-random-12.scen,60
60,ht_chantry.map,planner,1,5781,5191,190,190,5416,5191,6,0,100,True,ht_chantry-random-12.scen,60
60,ht_chantry.map,planner,1,5796,5191,190,190,5416,5191,5,0,1000,False,ht_chantry-random-12.scen,60
60,ht_chantry.map,planner,1,5781,5191,190,190,5416,5191,5,0,1000,True,ht_chantry-random-12.scen,60
100,ht_chantry.map,planner,1,10184,8786,190,190,9260,8786,10,0,0,False,ht_chantry-random-12.scen,100
100,ht_chantry.map,planner,1,10184,8786,190,190,9260,8786,9,0,0,True,ht_chantry-random-12.scen,100
100,ht_chantry.map,planner,1,10184,8786,190,190,9260,8786,10,0,1,False,ht_chantry-random-12.scen,100
100,ht_chantry.map,planner,1,10128,8786,192,190,9277,8786,9,0,1,True,ht_chantry-random-12.scen,100
100,ht_chantry.map,planner,1,10184,8786,190,190,9260,8786,9,0,10,False,ht_chantry-random-12.scen,100
100,ht_chantry.map,planner,1,10128,8786,192,190,9277,8786,9,0,10,True,ht_chantry-random-12.scen,100
100,ht_chantry.map,planner,1,10184,8786,190,190,9260,8786,9,0,100,False,ht_chantry-random-12.scen,100
100,ht_chantry.map,planner,1,10128,8786,192,190,9277,8786,10,0,100,True,ht_chantry-random-12.scen,100
100,ht_chantry.map,planner,1,10184,8786,190,190,9260,8786,10,0,1000,False,ht_chantry-random-12.scen,100
100,ht_chantry.map,planner,1,10128,8786,192,190,9277,8786,9,0,1000,True,ht_chantry-random-12.scen,100
140,ht_chantry.map,planner,1,15724,12705,195,195,13869,12705,15,0,0,False,ht_chantry-random-12.scen,140
140,ht_chantry.map,planner,1,15724,12705,195,195,13869,12705,15,0,0,True,ht_chantry-random-12.scen,140
140,ht_chantry.map,planner,1,15724,12705,195,195,13869,12705,15,0,1,False,ht_chantry-random-12.scen,140
140,ht_chantry.map,planner,1,15580,12705,195,195,13662,12705,17,0,1,True,ht_chantry-random-12.scen,140
140,ht_chantry.map,planner,1,15724,12705,195,195,13869,12705,16,0,10,False,ht_chantry-random-12.scen,140
140,ht_chantry.map,planner,1,15712,12705,195,195,13653,12705,16,0,10,True,ht_chantry-random-12.scen,140
140,ht_chantry.map,planner,1,15724,12705,195,195,13869,12705,13,0,100,False,ht_chantry-random-12.scen,140
140,ht_chantry.map,planner,1,15712,12705,195,195,13653,12705,16,0,100,True,ht_chantry-random-12.scen,140
140,ht_chantry.map,planner,1,15724,12705,195,195,13869,12705,13,0,1000,False,ht_chantry-random-12.scen,140
140,ht_chantry.map,planner,1,15712,12705,195,195,13653,12705,17,0,1000,True,ht_chantry-random-12.scen,140
180,ht_chantry.map,planner,1,20776,16810,195,195,18478,16810,20,0,0,False,ht_chantry-random-12.scen,180
180,ht_chantry.map,planner,1,20776,16810,195,195,18478,16810,18,0,0,True,ht_chantry-random-12.scen,180
180,ht_chantry.map,planner,1,20776,16810,195,195,18478,16810,20,0,1,False,ht_chantry-random-12.scen,180
180,ht_chantry.map,planner,1,20554,16810,197,195,18377,16810,23,0,1,True,ht_chantry-random-12.scen,180
180,ht_chantry.map,planner,1,20776,16810,195,195,18478,16810,18,0,10,False,ht_chantry-random-12.scen,180
180,ht_chantry.map,planner,1,20666,16810,195,195,18327,16810,63,0,10,True,ht_chantry-random-12.scen,180
180,ht_chantry.map,planner,1,20776,16810,195,195,18478,16810,17,0,100,False,ht_chantry-random-12.scen,180
180,ht_chantry.map,planner,1,20565,16810,195,195,18389,16810,188,0,100,True,ht_chantry-random-12.scen,180
180,ht_chantry.map,planner,1,20776,16810,195,195,18478,16810,18,0,1000,False,ht_chantry-random-12.scen,180
180,ht_chantry.map,planner,1,20528,16810,195,195,18404,16810,229,0,1000,True,ht_chantry-random-12.scen,180
220,ht_chantry.map,planner,1,26143,20710,195,195,23178,20710,25,0,0,False,ht_chantry-random-12.scen,220
220,ht_chantry.map,planner,1,26143,20710,195,195,23178,20710,21,0,0,True,ht_chantry-random-12.scen,220
220,ht_chantry.map,planner,1,26143,20710,195,195,23178,20710,25,0,1,False,ht_chantry-random-12.scen,220
220,ht_chantry.map,planner,1,25965,20710,200,195,22845,20710,32,0,1,True,ht_chantry-random-12.scen,220
220,ht_chantry.map,planner,1,26143,20710,195,195,23178,20710,24,0,10,False,ht_chantry-random-12.scen,220
220,ht_chantry.map,planner,1,25727,20710,195,195,22773,20710,69,0,10,True,ht_chantry-random-12.scen,220
220,ht_chantry.map,planner,1,26143,20710,195,195,23178,20710,22,0,100,False,ht_chantry-random-12.scen,220
220,ht_chantry.map,planner,1,26070,20710,195,195,22755,20710,537,0,100,True,ht_chantry-random-12.scen,220
220,ht_chantry.map,planner,1,26143,20710,195,195,23178,20710,22,0,1000,False,ht_chantry-random-12.scen,220
220,ht_chantry.map,planner,1,25989,20710,199,195,22835,20710,1884,0,1000,True,ht_chantry-random-12.scen,220
260,ht_chantry.map,planner,1,32374,24686,195,195,27889,24686,30,0,0,False,ht_chantry-random-12.scen,260
260,ht_chantry.map,planner,1,32374,24686,195,195,27889,24686,29,0,0,True,ht_chantry-random-12.scen,260
260,ht_chantry.map,planner,1,32374,24686,195,195,27889,24686,30,0,1,False,ht_chantry-random-12.scen,260
260,ht_chantry.map,planner,1,31650,24686,200,195,27621,24686,38,0,1,True,ht_chantry-random-12.scen,260
260,ht_chantry.map,planner,1,32374,24686,195,195,27889,24686,29,0,10,False,ht_chantry-random-12.scen,260
260,ht_chantry.map,planner,1,31697,24686,202,195,27545,24686,118,0,10,True,ht_chantry-random-12.scen,260
260,ht_chantry.map,planner,1,32374,24686,195,195,27889,24686,28,0,100,False,ht_chantry-random-12.scen,260
260,ht_chantry.map,planner,1,31023,24686,200,195,27343,24686,833,0,100,True,ht_chantry-random-12.scen,260
260,ht_chantry.map,planner,1,32374,24686,195,195,27889,24686,29,0,1000,False,ht_chantry-random-12.scen,260
260,ht_chantry.map,planner,1,31836,24686,202,195,27594,24686,5994,0,1000,True,ht_chantry-random-12.scen,260
300,ht_chantry.map,planner,1,37905,28221,199,196,32526,28221,35,0,0,False,ht_chantry-random-12.scen,300
300,ht_chantry.map,planner,1,37905,28221,199,196,32526,28221,36,0,0,True,ht_chantry-random-12.scen,300
300,ht_chantry.map,planner,1,37905,28221,199,196,32526,28221,35,0,1,False,ht_chantry-random-12.scen,300
300,ht_chantry.map,planner,1,37332,28221,201,196,31808,28221,48,0,1,True,ht_chantry-random-12.scen,300
300,ht_chantry.map,planner,1,37905,28221,199,196,32526,28221,33,0,10,False,ht_chantry-random-12.scen,300
300,ht_chantry.map,planner,1,36983,28221,203,196,31820,28221,168,0,10,True,ht_chantry-random-12.scen,300
300,ht_chantry.map,planner,1,37905,28221,199,196,32526,28221,31,0,100,False,ht_chantry-random-12.scen,300
300,ht_chantry.map,planner,1,37238,28221,202,196,31757,28221,1336,0,100,True,ht_chantry-random-12.scen,300
300,ht_chantry.map,planner,1,37905,28221,199,196,32526,28221,36,0,1000,False,ht_chantry-random-12.scen,300
300,ht_chantry.map,planner,1,36514,28221,200,196,31633,28221,10114,0,1000,True,ht_chantry-random-12.scen,300
340,ht_chantry.map,planner,1,44548,32145,205,196,37968,32145,36,0,0,False,ht_chantry-random-12.scen,340
340,ht_chantry.map,planner,1,44548,32145,205,196,37968,32145,40,0,0,True,ht_chantry-random-12.scen,340
340,ht_chantry.map,planner,1,44548,32145,205,196,37968,32145,38,0,1,False,ht_chantry-random-12.scen,340
340,ht_chantry.map,planner,1,43294,32145,200,196,37401,32145,59,0,1,True,ht_chantry-random-12.scen,340
340,ht_chantry.map,planner,1,44548,32145,205,196,37968,32145,40,0,10,False,ht_chantry-random-12.scen,340
340,ht_chantry.map,planner,1,42982,32145,201,196,37156,32145,214,0,10,True,ht_chantry-random-12.scen,340
340,ht_chantry.map,planner,1,44548,32145,205,196,37968,32145,38,0,100,False,ht_chantry-random-12.scen,340
340,ht_chantry.map,planner,1,43088,32145,206,196,37341,32145,1900,0,100,True,ht_chantry-random-12.scen,340
340,ht_chantry.map,planner,1,44548,32145,205,196,37968,32145,40,0,1000,False,ht_chantry-random-12.scen,340
340,ht_chantry.map,planner,1,43756,32145,216,196,37333,32145,15200,0,1000,True,ht_chantry-random-12.scen,340
380,ht_chantry.map,planner,1,50055,35809,197,196,42842,35809,43,0,0,False,ht_chantry-random-12.scen,380
380,ht_chantry.map,planner,1,50055,35809,197,196,42842,35809,41,0,0,True,ht_chantry-random-12.scen,380
380,ht_chantry.map,planner,1,50055,35809,197,196,42842,35809,39,0,1,False,ht_chantry-random-12.scen,380
380,ht_chantry.map,planner,1,49651,35809,213,196,42255,35809,67,0,1,True,ht_chantry-random-12.scen,380
380,ht_chantry.map,planner,1,50055,35809,197,196,42842,35809,39,0,10,False,ht_chantry-random-12.scen,380
380,ht_chantry.map,planner,1,49294,35809,204,196,41979,35809,267,0,10,True,ht_chantry-random-12.scen,380
380,ht_chantry.map,planner,1,50055,35809,197,196,42842,35809,41,0,100,False,ht_chantry-random-12.scen,380
380,ht_chantry.map,planner,1,49433,35809,213,196,42133,35809,2150,0,100,True,ht_chantry-random-12.scen,380
380,ht_chantry.map,planner,1,50055,35809,197,196,42842,35809,42,0,1000,False,ht_chantry-random-12.scen,380
380,ht_chantry.map,planner,1,48789,35809,216,196,41679,35809,18490,0,1000,True,ht_chantry-random-12.scen,380
420,ht_chantry.map,planner,1,58304,39659,216,196,48914,39659,49,0,0,False,ht_chantry-random-12.scen,420
420,ht_chantry.map,planner,1,58304,39659,216,196,48914,39659,48,0,0,True,ht_chantry-random-12.scen,420
420,ht_chantry.map,planner,1,58304,39659,216,196,48914,39659,48,0,1,False,ht_chantry-random-12.scen,420
420,ht_chantry.map,planner,1,57793,39659,208,196,48354,39659,81,0,1,True,ht_chantry-random-12.scen,420
420,ht_chantry.map,planner,1,58304,39659,216,196,48914,39659,49,0,10,False,ht_chantry-random-12.scen,420
420,ht_chantry.map,planner,1,57570,39659,209,196,48230,39659,306,0,10,True,ht_chantry-random-12.scen,420
420,ht_chantry.map,planner,1,58304,39659,216,196,48914,39659,49,0,100,False,ht_chantry-random-12.scen,420
420,ht_chantry.map,planner,1,56715,39659,204,196,47475,39659,2314,0,100,True,ht_chantry-random-12.scen,420
420,ht_chantry.map,planner,1,58304,39659,216,196,48914,39659,52,0,1000,False,ht_chantry-random-12.scen,420
420,ht_chantry.map,planner,1,57307,39659,207,196,47758,39659,26045,0,1000,True,ht_chantry-random-12.scen,420
460,ht_chantry.map,planner,1,64982,43949,209,196,54113,43949,55,0,0,False,ht_chantry-random-12.scen,460
460,ht_chantry.map,planner,1,64982,43949,209,196,54113,43949,58,0,0,True,ht_chantry-random-12.scen,460
460,ht_chantry.map,planner,1,64982,43949,209,196,54113,43949,55,0,1,False,ht_chantry-random-12.scen,460
460,ht_chantry.map,planner,1,64804,43949,207,196,54556,43949,90,0,1,True,ht_chantry-random-12.scen,460
460,ht_chantry.map,planner,1,64982,43949,209,196,54113,43949,57,0,10,False,ht_chantry-random-12.scen,460
460,ht_chantry.map,planner,1,63556,43949,216,196,53722,43949,363,0,10,True,ht_chantry-random-12.scen,460
460,ht_chantry.map,planner,1,64982,43949,209,196,54113,43949,52,0,100,False,ht_chantry-random-12.scen,460
460,ht_chantry.map,planner,1,64541,43949,209,196,54172,43949,2967,0,100,True,ht_chantry-random-12.scen,460
460,ht_chantry.map,planner,1,64982,43949,209,196,54113,43949,54,0,1000,False,ht_chantry-random-12.scen,460
460,ht_chantry.map,planner,1,63432,43949,204,196,53026,43949,27015,0,1000,True,ht_chantry-random-12.scen,460
500,ht_chantry.map,planner,1,74469,47870,221,196,61435,47870,62,0,0,False,ht_chantry-random-12.scen,500
500,ht_chantry.map,planner,1,74469,47870,221,196,61435,47870,62,0,0,True,ht_chantry-random-12.scen,500
500,ht_chantry.map,planner,1,74469,47870,221,196,61435,47870,59,0,1,False,ht_chantry-random-12.scen,500
500,ht_chantry.map,planner,1,73531,47870,225,196,60243,47870,106,0,1,True,ht_chantry-random-12.scen,500
500,ht_chantry.map,planner,1,74469,47870,221,196,61435,47870,61,0,10,False,ht_chantry-random-12.scen,500
500,ht_chantry.map,planner,1,73789,47870,223,196,60403,47870,456,0,10,True,ht_chantry-random-12.scen,500
500,ht_chantry.map,planner,1,74469,47870,221,196,61435,47870,60,0,100,False,ht_chantry-random-12.scen,500
500,ht_chantry.map,planner,1,72958,47870,226,196,60461,47870,3555,0,100,True,ht_chantry-random-12.scen,500
500,ht_chantry.map,planner,1,74469,47870,221,196,61435,47870,59,0,1000,False,ht_chantry-random-12.scen,500
500,ht_chantry.map,planner,1,72876,47870,211,196,59797,47870,35662,0,1000,True,ht_chantry-random-12.scen,500
540,ht_chantry.map,planner,1,80707,51487,220,196,66435,51487,71,0,0,False,ht_chantry-random-12.scen,540
540,ht_chantry.map,planner,1,80707,51487,220,196,66435,51487,72,0,0,True,ht_chantry-random-12.scen,540
540,ht_chantry.map,planner,1,80707,51487,220,196,66435,51487,68,0,1,False,ht_chantry-random-12.scen,540
540,ht_chantry.map,planner,1,79988,51487,222,196,65604,51487,116,0,1,True,ht_chantry-random-12.scen,540
540,ht_chantry.map,planner,1,80707,51487,220,196,66435,51487,67,0,10,False,ht_chantry-random-12.scen,540
540,ht_chantry.map,planner,1,79834,51487,212,196,66109,51487,464,0,10,True,ht_chantry-random-12.scen,540
540,ht_chantry.map,planner,1,80707,51487,220,196,66435,51487,68,0,100,False,ht_chantry-random-12.scen,540
540,ht_chantry.map,planner,1,80741,51487,226,196,66161,51487,4249,0,100,True,ht_chantry-random-12.scen,540
540,ht_chantry.map,planner,1,80707,51487,220,196,66435,51487,65,0,1000,False,ht_chantry-random-12.scen,540
540,ht_chantry.map,planner,1,80149,51487,224,196,65771,51487,39892,0,1000,True,ht_chantry-random-12.scen,540
580,ht_chantry.map,planner,1,90494,55583,228,196,74271,55583,73,0,0,False,ht_chantry-random-12.scen,580
580,ht_chantry.map,planner,1,90494,55583,228,196,74271,55583,76,0,0,True,ht_chantry-random-12.scen,580
580,ht_chantry.map,planner,1,90494,55583,228,196,74271,55583,70,0,1,False,ht_chantry-random-12.scen,580
580,ht_chantry.map,planner,1,87966,55583,222,196,72235,55583,120,0,1,True,ht_chantry-random-12.scen,580
580,ht_chantry.map,planner,1,90494,55583,228,196,74271,55583,70,0,10,False,ht_chantry-random-12.scen,580
580,ht_chantry.map,planner,1,88998,55583,231,196,72678,55583,491,0,10,True,ht_chantry-random-12.scen,580
580,ht_chantry.map,planner,1,90494,55583,228,196,74271,55583,74,0,100,False,ht_chantry-random-12.scen,580
580,ht_chantry.map,planner,1,89791,55583,226,196,73059,55583,4404,0,100,True,ht_chantry-random-12.scen,580
580,ht_chantry.map,planner,1,90494,55583,228,196,74271,55583,71,0,1000,False,ht_chantry-random-12.scen,580
580,ht_chantry.map,planner,1,88431,55583,221,196,71595,55583,38558,0,1000,True,ht_chantry-random-12.scen,580
620,ht_chantry.map,planner,1,98158,59243,238,196,79769,59243,83,0,0,False,ht_chantry-random-12.scen,620
620,ht_chantry.map,planner,1,98158,59243,238,196,79769,59243,79,0,0,True,ht_chantry-random-12.scen,620
620,ht_chantry.map,planner,1,98158,59243,238,196,79769,59243,79,0,1,False,ht_chantry-random-12.scen,620
620,ht_chantry.map,planner,1,97776,59243,265,196,79189,59243,135,0,1,True,ht_chantry-random-12.scen,620
620,ht_chantry.map,planner,1,98158,59243,238,196,79769,59243,77,0,10,False,ht_chantry-random-12.scen,620
620,ht_chantry.map,planner,1,97524,59243,252,196,79230,59243,515,0,10,True,ht_chantry-random-12.scen,620
620,ht_chantry.map,planner,1,98158,59243,238,196,79769,59243,75,0,100,False,ht_chantry-random-12.scen,620
620,ht_chantry.map,planner,1,96247,59243,245,196,78559,59243,4769,0,100,True,ht_chantry-random-12.scen,620
620,ht_chantry.map,planner,1,98158,59243,238,196,79769,59243,78,0,1000,False,ht_chantry-random-12.scen,620
620,ht_chantry.map,planner,1,95864,59243,251,196,77599,59243,39592,0,1000,True,ht_chantry-random-12.scen,620
660,ht_chantry.map,planner,1,109645,63168,242,196,88375,63168,91,0,0,False,ht_chantry-random-12.scen,660
660,ht_chantry.map,planner,1,109645,63168,242,196,88375,63168,98,0,0,True,ht_chantry-random-12.scen,660
660,ht_chantry.map,planner,1,109645,63168,242,196,88375,63168,89,0,1,False,ht_chantry-random-12.scen,660
660,ht_chantry.map,planner,1,105593,63168,236,196,85338,63168,135,0,1,True,ht_chantry-random-12.scen,660
660,ht_chantry.map,planner,1,109645,63168,242,196,88375,63168,84,0,10,False,ht_chantry-random-12.scen,660
660,ht_chantry.map,planner,1,106202,63168,243,196,85972,63168,549,0,10,True,ht_chantry-random-12.scen,660
660,ht_chantry.map,planner,1,109645,63168,242,196,88375,63168,80,0,100,False,ht_chantry-random-12.scen,660
660,ht_chantry.map,planner,1,107158,63168,236,196,86423,63168,5158,0,100,True,ht_chantry-random-12.scen,660
660,ht_chantry.map,planner,1,109645,63168,242,196,88375,63168,85,0,1000,False,ht_chantry-random-12.scen,660
660,ht_chantry.map,planner,1,104118,63168,234,196,83709,63168,43789,0,1000,True,ht_chantry-random-12.scen,660
700,ht_chantry.map,planner,1,119024,67397,246,204,94998,67397,91,0,0,False,ht_chantry-random-12.scen,700
700,ht_chantry.map,planner,1,119024,67397,246,204,94998,67397,99,0,0,True,ht_chantry-random-12.scen,700
700,ht_chantry.map,planner,1,119024,67397,246,204,94998,67397,89,0,1,False,ht_chantry-random-12.scen,700
700,ht_chantry.map,planner,1,118895,67397,255,204,95258,67397,152,0,1,True,ht_chantry-random-12.scen,700
700,ht_chantry.map,planner,1,119024,67397,246,204,94998,67397,90,0,10,False,ht_chantry-random-12.scen,700
700,ht_chantry.map,planner,1,116830,67397,257,204,92858,67397,593,0,10,True,ht_chantry-random-12.scen,700
700,ht_chantry.map,planner,1,119024,67397,246,204,94998,67397,91,0,100,False,ht_chantry-random-12.scen,700
700,ht_chantry.map,planner,1,120013,67397,274,204,95738,67397,5663,0,100,True,ht_chantry-random-12.scen,700
700,ht_chantry.map,planner,1,119024,67397,246,204,94998,67397,99,0,1000,False,ht_chantry-random-12.scen,700
700,ht_chantry.map,planner,1,115686,67397,245,204,93090,67397,49289,0,1000,True,ht_chantry-random-12.scen,700
740,ht_chantry.map,planner,1,129292,71335,241,204,102276,71335,98,0,0,False,ht_chantry-random-12.scen,740
740,ht_chantry.map,planner,1,129292,71335,241,204,102276,71335,107,0,0,True,ht_chantry-random-12.scen,740
740,ht_chantry.map,planner,1,129292,71335,241,204,102276,71335,97,0,1,False,ht_chantry-random-12.scen,740
740,ht_chantry.map,planner,1,129314,71335,267,204,102598,71335,158,0,1,True,ht_chantry-random-12.scen,740
740,ht_chantry.map,planner,1,129292,71335,241,204,102276,71335,103,0,10,False,ht_chantry-random-12.scen,740
740,ht_chantry.map,planner,1,129864,71335,265,204,103072,71335,638,0,10,True,ht_chantry-random-12.scen,740
740,ht_chantry.map,planner,1,129292,71335,241,204,102276,71335,99,0,100,False,ht_chantry-random-12.scen,740
740,ht_chantry.map,planner,1,128867,71335,267,204,102077,71335,6298,0,100,True,ht_chantry-random-12.scen,740
740,ht_chantry.map,planner,1,129292,71335,241,204,102276,71335,98,0,1000,False,ht_chantry-random-12.scen,740
740,ht_chantry.map,planner,1,126409,71335,259,204,101089,71335,50850,0,1000,True,ht_chantry-random-12.scen,740
780,ht_chantry.map,planner,1,137879,74831,266,204,108382,74831,103,0,0,False,ht_chantry-random-12.scen,780
780,ht_chantry.map,planner,1,137879,74831,266,204,108382,74831,126,0,0,True,ht_chantry-random-12.scen,780
780,ht_chantry.map,planner,1,137879,74831,266,204,108382,74831,123,0,1,False,ht_chantry-random-12.scen,780
780,ht_chantry.map,planner,1,138607,74831,252,204,111133,74831,184,0,1,True,ht_chantry-random-12.scen,780
780,ht_chantry.map,planner,1,137879,74831,266,204,108382,74831,108,0,10,False,ht_chantry-random-12.scen,780
780,ht_chantry.map,planner,1,136058,74831,256,204,106756,74831,633,0,10,True,ht_chantry-random-12.scen,780
780,ht_chantry.map,planner,1,137879,74831,266,204,108382,74831,111,0,100,False,ht_chantry-random-12.scen,780
780,ht_chantry.map,planner,1,136646,74831,269,204,107544,74831,5845,0,100,True,ht_chantry-random-12.scen,780
780,ht_chantry.map,planner,1,137879,74831,266,204,108382,74831,108,0,1000,False,ht_chantry-random-12.scen,780
780,ht_chantry.map,planner,1,133536,74831,263,204,105648,74831,51129,0,1000,True,ht_chantry-random-12.scen,780
820,ht_chantry.map,planner,1,146772,77848,262,204,116075,77848,116,0,0,False,ht_chantry-random-12.scen,820
820,ht_chantry.map,planner,1,146772,77848,262,204,116075,77848,126,0,0,True,ht_chantry-random-12.scen,820
820,ht_chantry.map,planner,1,146772,77848,262,204,116075,77848,116,0,1,False,ht_chantry-random-12.scen,820
820,ht_chantry.map,planner,1,147282,77848,294,204,115200,77848,194,0,1,True,ht_chantry-random-12.scen,820
820,ht_chantry.map,planner,1,146772,77848,262,204,116075,77848,114,0,10,False,ht_chantry-random-12.scen,820
820,ht_chantry.map,planner,1,146166,77848,260,204,114722,77848,702,0,10,True,ht_chantry-random-12.scen,820
820,ht_chantry.map,planner,1,146772,77848,262,204,116075,77848,112,0,100,False,ht_chantry-random-12.scen,820
820,ht_chantry.map,planner,1,146772,77848,277,204,114491,77848,5958,0,100,True,ht_chantry-random-12.scen,820
820,ht_chantry.map,planner,1,146772,77848,262,204,116075,77848,115,0,1000,False,ht_chantry-random-12.scen,820
820,ht_chantry.map,planner,1,146202,77848,258,204,114898,77848,58029,0,1000,True,ht_chantry-random-12.scen,820
860,ht_chantry.map,planner,1,161441,81703,273,204,125144,81703,126,0,0,False,ht_chantry-random-12.scen,860
860,ht_chantry.map,planner,1,161441,81703,273,204,125144,81703,143,0,0,True,ht_chantry-random-12.scen,860
860,ht_chantry.map,planner,1,161441,81703,273,204,125144,81703,126,0,1,False,ht_chantry-random-12.scen,860
860,ht_chantry.map,planner,1,161255,81703,278,204,126481,81703,214,0,1,True,ht_chantry-random-12.scen,860
860,ht_chantry.map,planner,1,161441,81703,273,204,125144,81703,118,0,10,False,ht_chantry-random-12.scen,860
860,ht_chantry.map,planner,1,160965,81703,285,204,125615,81703,814,0,10,True,ht_chantry-random-12.scen,860
860,ht_chantry.map,planner,1,161441,81703,273,204,125144,81703,122,0,100,False,ht_chantry-random-12.scen,860
860,ht_chantry.map,planner,1,159237,81703,283,204,122518,81703,7287,0,100,True,ht_chantry-random-12.scen,860
860,ht_chantry.map,planner,1,161441,81703,273,204,125144,81703,122,0,1000,False,ht_chantry-random-12.scen,860
860,ht_chantry.map,planner,1,151680,81703,266,204,120292,81703,58964,0,1000,True,ht_chantry-random-12.scen,860
900,ht_chantry.map,planner,1,175736,85347,295,204,134786,85347,151,0,0,False,ht_chantry-random-12.scen,900
900,ht_chantry.map,planner,1,175736,85347,295,204,134786,85347,159,0,0,True,ht_chantry-random-12.scen,900
900,ht_chantry.map,planner,1,175736,85347,295,204,134786,85347,134,0,1,False,ht_chantry-random-12.scen,900
900,ht_chantry.map,planner,1,166147,85347,274,204,129059,85347,211,0,1,True,ht_chantry-random-12.scen,900
900,ht_chantry.map,planner,1,175736,85347,295,204,134786,85347,142,0,10,False,ht_chantry-random-12.scen,900
900,ht_chantry.map,planner,1,173749,85347,294,204,133398,85347,821,0,10,True,ht_chantry-random-12.scen,900
900,ht_chantry.map,planner,1,175736,85347,295,204,134786,85347,133,0,100,False,ht_chantry-random-12.scen,900
900,ht_chantry.map,planner,1,165994,85347,268,204,129841,85347,6464,0,100,True,ht_chantry-random-12.scen,900
900,ht_chantry.map,planner,1,175736,85347,295,204,134786,85347,142,0,1000,False,ht_chantry-random-12.scen,900
20,ht_chantry.map,planner,1,1633,1513,144,144,1530,1513,1,0,0,False,ht_chantry-random-1.scen,20
20,ht_chantry.map,planner,1,1633,1513,144,144,1530,1513,1,0,0,True,ht_chantry-random-1.scen,20
20,ht_chantry.map,planner,1,1633,1513,144,144,1530,1513,1,0,1,False,ht_chantry-random-1.scen,20
20,ht_chantry.map,planner,1,1633,1513,144,144,1530,1513,1,0,1,True,ht_chantry-random-1.scen,20
20,ht_chantry.map,planner,1,1633,1513,144,144,1530,1513,1,0,10,False,ht_chantry-random-1.scen,20
20,ht_chantry.map,planner,1,1633,1513,144,144,1530,1513,1,0,10,True,ht_chantry-random-1.scen,20
20,ht_chantry.map,planner,1,1633,1513,144,144,1530,1513,1,0,100,False,ht_chantry-random-1.scen,20
20,ht_chantry.map,planner,1,1633,1513,144,144,1530,1513,1,0,100,True,ht_chantry-random-1.scen,20
20,ht_chantry.map,planner,1,1633,1513,144,144,1530,1513,1,0,1000,False,ht_chantry-random-1.scen,20
20,ht_chantry.map,planner,1,1633,1513,144,144,1530,1513,1,0,1000,True,ht_chantry-random-1.scen,20
60,ht_chantry.map,planner,1,5775,5176,189,189,5362,5176,5,0,0,False,ht_chantry-random-1.scen,60
60,ht_chantry.map,planner,1,5775,5176,189,189,5362,5176,5,0,0,True,ht_chantry-random-1.scen,60
60,ht_chantry.map,planner,1,5775,5176,189,189,5362,5176,5,0,1,False,ht_chantry-random-1.scen,60
60,ht_chantry.map,planner,1,5838,5176,189,189,5384,5176,5,0,1,True,ht_chantry-random-1.scen,60
60,ht_chantry.map,planner,1,5775,5176,189,189,5362,5176,6,0,10,False,ht_chantry-random-1.scen,60
60,ht_chantry.map,planner,1,5838,5176,189,189,5384,5176,5,0,10,True,ht_chantry-random-1.scen,60
60,ht_chantry.map,planner,1,5775,5176,189,189,5362,5176,5,0,100,False,ht_chantry-random-1.scen,60
60,ht_chantry.map,planner,1,5838,5176,189,189,5384,5176,6,0,100,True,ht_chantry-random-1.scen,60
60,ht_chantry.map,planner,1,5775,5176,189,189,5362,5176,5,0,1000,False,ht_chantry-random-1.scen,60
60,ht_chantry.map,planner,1,5838,5176,189,189,5384,5176,6,0,1000,True,ht_chantry-random-1.scen,60
100,ht_chantry.map,planner,1,10213,8644,189,189,9304,8644,10,0,0,False,ht_chantry-random-1.scen,100
100,ht_chantry.map,planner,1,10213,8644,189,189,9304,8644,9,0,0,True,ht_chantry-random-1.scen,100
100,ht_chantry.map,planner,1,10213,8644,189,189,9304,8644,10,0,1,False,ht_chantry-random-1.scen,100
100,ht_chantry.map,planner,1,10358,8644,189,189,9298,8644,10,0,1,True,ht_chantry-random-1.scen,100
100,ht_chantry.map,planner,1,10213,8644,189,189,9304,8644,9,0,10,False,ht_chantry-random-1.scen,100
100,ht_chantry.map,planner,1,10358,8644,189,189,9298,8644,11,0,10,True,ht_chantry-random-1.scen,100
100,ht_chantry.map,planner,1,10213,8644,189,189,9304,8644,9,0,100,False,ht_chantry-random-1.scen,100
100,ht_chantry.map,planner,1,10358,8644,189,189,9298,8644,9,0,100,True,ht_chantry-random-1.scen,100
100,ht_chantry.map,planner,1,10213,8644,189,189,9304,8644,9,0,1000,False,ht_chantry-random-1.scen,100
100,ht_chantry.map,planner,1,10358,8644,189,189,9298,8644,9,0,1000,True,ht_chantry-random-1.scen,100
140,ht_chantry.map,planner,1,15452,12425,189,189,13504,12425,14,0,0,False,ht_chantry-random-1.scen,140
140,ht_chantry.map,planner,1,15452,12425,189,189,13504,12425,13,0,0,True,ht_chantry-random-1.scen,140
140,ht_chantry.map,planner,1,15452,12425,189,189,13504,12425,14,0,1,False,ht_chantry-random-1.scen,140
140,ht_chantry.map,planner,1,15155,12425,189,189,13383,12425,15,0,1,True,ht_chantry-random-1.scen,140
140,ht_chantry.map,planner,1,15452,12425,189,189,13504,12425,13,0,10,False,ht_chantry-random-1.scen,140
140,ht_chantry.map,planner,1,14956,12425,189,189,13392,12425,17,0,10,True,ht_chantry-random-1.scen,140
140,ht_chantry.map,planner,1,15452,12425,189,189,13504,12425,15,0,100,False,ht_chantry-random-1.scen,140
140,ht_chantry.map,planner,1,14956,12425,189,189,13392,12425,14,0,100,True,ht_chantry-random-1.scen,140
140,ht_chantry.map,planner,1,15452,12425,189,189,13504,12425,13,0,1000,False,ht_chantry-random-1.scen,140
140,ht_chantry.map,planner,1,14956,12425,189,189,13392,12425,14,0,1000,True,ht_chantry-random-1.scen,140
180,ht_chantry.map,planner,1,20277,16155,192,192,17747,16155,17,0,0,False,ht_chantry-random-1.scen,180
180,ht_chantry.map,planner,1,20277,16155,192,192,17747,16155,20,0,0,True,ht_chantry-random-1.scen,180
180,ht_chantry.map,planner,1,20277,16155,192,192,17747,16155,17,0,1,False,ht_chantry-random-1.scen,180
180,ht_chantry.map,planner,1,19982,16155,192,192,17564,16155,24,0,1,True,ht_chantry-random-1.scen,180
180,ht_chantry.map,planner,1,20277,16155,192,192,17747,16155,17,0,10,False,ht_chantry-random-1.scen,180
180,ht_chantry.map,planner,1,19983,16155,192,192,17475,16155,27,0,10,True,ht_chantry-random-1.scen,180
180,ht_chantry.map,planner,1,20277,16155,192,192,17747,16155,19,0,100,False,ht_chantry-random-1.scen,180
180,ht_chantry.map,planner,1,19840,16155,192,192,17501,16155,26,0,100,True,ht_chantry-random-1.scen,180
180,ht_chantry.map,planner,1,20277,16155,192,192,17747,16155,17,0,1000,False,ht_chantry-random-1.scen,180
180,ht_chantry.map,planner,1,19840,16155,192,192,17501,16155,26,0,1000,True,ht_chantry-random-1.scen,180
220,ht_chantry.map,planner,1,25215,19531,194,192,21838,19531,21,0,0,False,ht_chantry-random-1.scen,220
220,ht_chantry.map,planner,1,25215,19531,194,192,21838,19531,21,0,0,True,ht_chantry-random-1.scen,220
220,ht_chantry.map,planner,1,25215,19531,194,192,21838,19531,23,0,1,False,ht_chantry-random-1.scen,220
220,ht_chantry.map,planner,1,24307,19531,192,192,21359,19531,28,0,1,True,ht_chantry-random-1.scen,220
220,ht_chantry.map,planner,1,25215,19531,194,192,21838,19531,21,0,10,False,ht_chantry-random-1.scen,220
220,ht_chantry.map,planner,1,24125,19531,192,192,21379,19531,61,0,10,True,ht_chantry-random-1.scen,220
220,ht_chantry.map,planner,1,25215,19531,194,192,21838,19531,22,0,100,False,ht_chantry-random-1.scen,220
220,ht_chantry.map,planner,1,24548,19531,192,192,21434,19531,375,0,100,True,ht_chantry-random-1.scen,220
220,ht_chantry.map,planner,1,25215,19531,194,192,21838,19531,21,0,1000,False,ht_chantry-random-1.scen,220
220,ht_chantry.map,planner,1,24802,19531,192,192,21513,19531,641,0,1000,True,ht_chantry-random-1.scen,220
260,ht_chantry.map,planner,1,30216,22893,193,192,25848,22893,27,0,0,False,ht_chantry-random-1.scen,260
260,ht_chantry.map,planner,1,30216,22893,193,192,25848,22893,25,0,0,True,ht_chantry-random-1.scen,260
260,ht_chantry.map,planner,1,30216,22893,193,192,25848,22893,27,0,1,False,ht_chantry-random-1.scen,260
260,ht_chantry.map,planner,1,30184,22893,201,192,25645,22893,38,0,1,True,ht_chantry-random-1.scen,260
260,ht_chantry.map,planner,1,30216,22893,193,192,25848,22893,24,0,10,False,ht_chantry-random-1.scen,260
260,ht_chantry.map,planner,1,29955,22893,212,192,25443,22893,82,0,10,True,ht_chantry-random-1.scen,260
260,ht_chantry.map,planner,1,30216,22893,193,192,25848,22893,27,0,100,False,ht_chantry-random-1.scen,260
260,ht_chantry.map,planner,1,29616,22893,194,192,25245,22893,280,0,100,True,ht_chantry-random-1.scen,260
260,ht_chantry.map,planner,1,30216,22893,193,192,25848,22893,26,0,1000,False,ht_chantry-random-1.scen,260
260,ht_chantry.map,planner,1,29512,22893,192,192,25259,22893,736,0,1000,True,ht_chantry-random-1.scen,260
300,ht_chantry.map,planner,1,36340,26898,192,192,30940,26898,33,0,0,False,ht_chantry-random-1.scen,300
300,ht_chantry.map,planner,1,36340,26898,192,192,30940,26898,34,0,0,True,ht_chantry-random-1.scen,300
300,ht_chantry.map,planner,1,36340,26898,192,192,30940,26898,30,0,1,False,ht_chantry-random-1.scen,300
300,ht_chantry.map,planner,1,35820,26898,194,192,30590,26898,40,0,1,True,ht_chantry-random-1.scen,300
300,ht_chantry.map,planner,1,36340,26898,192,192,30940,26898,31,0,10,False,ht_chantry-random-1.scen,300
300,ht_chantry.map,planner,1,35676,26898,196,192,30325,26898,126,0,10,True,ht_chantry-random-1.scen,300
300,ht_chantry.map,planner,1,36340,26898,192,192,30940,26898,33,0,100,False,ht_chantry-random-1.scen,300
300,ht_chantry.map,planner,1,36265,26898,193,192,30367,26898,759,0,100,True,ht_chantry-random-1.scen,300
300,ht_chantry.map,planner,1,36340,26898,192,192,30940,26898,30,0,1000,False,ht_chantry-random-1.scen,300
300,ht_chantry.map,planner,1,35513,26898,192,192,30049,26898,2808,0,1000,True,ht_chantry-random-1.scen,300
340,ht_chantry.map,planner,1,43697,30935,208,201,36556,30935,37,0,0,False,ht_chantry-random-1.scen,340
340,ht_chantry.map,planner,1,43697,30935,208,201,36556,30935,39,0,0,True,ht_chantry-random-1.scen,340
340,ht_chantry.map,planner,1,43697,30935,208,201,36556,30935,39,0,1,False,ht_chantry-random-1.scen,340
340,ht_chantry.map,planner,1,42755,30935,201,201,35776,30935,56,0,1,True,ht_chantry-random-1.scen,340
340,ht_chantry.map,planner,1,43697,30935,208,201,36556,30935,41,0,10,False,ht_chantry-random-1.scen,340
340,ht_chantry.map,planner,1,43005,30935,244,201,36042,30935,178,0,10,True,ht_chantry-random-1.scen,340
340,ht_chantry.map,planner,1,43697,30935,208,201,36556,30935,37,0,100,False,ht_chantry-random-1.scen,340
340,ht_chantry.map,planner,1,42017,30935,201,201,35196,30935,1063,0,100,True,ht_chantry-random-1.scen,340
340,ht_chantry.map,planner,1,43697,30935,208,201,36556,30935,37,0,1000,False,ht_chantry-random-1.scen,340
340,ht_chantry.map,planner,1,41460,30935,201,201,34900,30935,8338,0,1000,True,ht_chantry-random-1.scen,340
380,ht_chantry.map,planner,1,48907,34333,207,201,40633,34333,41,0,0,False,ht_chantry-random-1.scen,380
380,ht_chantry.map,planner,1,48907,34333,207,201,40633,34333,46,0,0,True,ht_chantry-random-1.scen,380
380,ht_chantry.map,planner,1,48907,34333,207,201,40633,34333,46,0,1,False,ht_chantry-random-1.scen,380
380,ht_chantry.map,planner,1,49217,34333,205,201,40562,34333,65,0,1,True,ht_chantry-random-1.scen,380
380,ht_chantry.map,planner,1,48907,34333,207,201,40633,34333,46,0,10,False,ht_chantry-random-1.scen,380
380,ht_chantry.map,planner,1,49105,34333,202,201,39927,34333,208,0,10,True,ht_chantry-random-1.scen,380
380,ht_chantry.map,planner,1,48907,34333,207,201,40633,34333,45,0,100,False,ht_chantry-random-1.scen,380
380,ht_chantry.map,planner,1,47980,34333,201,201,39584,34333,1354,0,100,True,ht_chantry-random-1.scen,380
380,ht_chantry.map,planner,1,48907,34333,207,201,40633,34333,42,0,1000,False,ht_chantry-random-1.scen,380
380,ht_chantry.map,planner,1,47766,34333,208,201,39566,34333,13935,0,1000,True,ht_chantry-random-1.scen,380
420,ht_chantry.map,planner,1,56711,38383,214,201,46292,38383,48,0,0,False,ht_chantry-random-1.scen,420
420,ht_chantry.map,planner,1,56711,38383,214,201,46292,38383,49,0,0,True,ht_chantry-random-1.scen,420
420,ht_chantry.map,planner,1,56711,38383,214,201,46292,38383,50,0,1,False,ht_chantry-random-1.scen,420
420,ht_chantry.map,planner,1,55796,38383,208,201,46043,38383,70,0,1,True,ht_chantry-random-1.scen,420
420,ht_chantry.map,planner,1,56711,38383,214,201,46292,38383,50,0,10,False,ht_chantry-random-1.scen,420
420,ht_chantry.map,planner,1,56125,38383,217,201,45698,38383,250,0,10,True,ht_chantry-random-1.scen,420
420,ht_chantry.map,planner,1,56711,38383,214,201,46292,38383,46,0,100,False,ht_chantry-random-1.scen,420
420,ht_chantry.map,planner,1,54974,38383,203,201,45303,38383,2101,0,100,True,ht_chantry-random-1.scen,420
420,ht_chantry.map,planner,1,56711,38383,214,201,46292,38383,48,0,1000,False,ht_chantry-random-1.scen,420
420,ht_chantry.map,planner,1,54371,38383,201,201,44751,38383,18145,0,1000,True,ht_chantry-random-1.scen,420
460,ht_chantry.map,planner,1,65017,42422,219,201,52403,42422,57,0,0,False,ht_chantry-random-1.scen,460
460,ht_chantry.map,planner,1,65017,42422,219,201,52403,42422,56,0,0,True,ht_chantry-random-1.scen,460
460,ht_chantry.map,planner,1,65017,42422,219,201,52403,42422,56,0,1,False,ht_chantry-random-1.scen,460
460,ht_chantry.map,planner,1,63084,42422,220,201,51441,42422,79,0,1,True,ht_chantry-random-1.scen,460
460,ht_chantry.map,planner,1,65017,42422,219,201,52403,42422,53,0,10,False,ht_chantry-random-1.scen,460
460,ht_chantry.map,planner,1,62009,42422,216,201,50885,42422,266,0,10,True,ht_chantry-random-1.scen,460
460,ht_chantry.map,planner,1,65017,42422,219,201,52403,42422,54,0,100,False,ht_chantry-random-1.scen,460
460,ht_chantry.map,planner,1,61251,42422,212,201,50215,42422,1966,0,100,True,ht_chantry-random-1.scen,460
460,ht_chantry.map,planner,1,65017,42422,219,201,52403,42422,54,0,1000,False,ht_chantry-random-1.scen,460
460,ht_chantry.map,planner,1,61294,42422,213,201,50302,42422,22268,0,1000,True,ht_chantry-random-1.scen,460
500,ht_chantry.map,planner,1,70784,46448,209,201,58416,46448,61,0,0,False,ht_chantry-random-1.scen,500
500,ht_chantry.map,planner,1,70784,46448,209,201,58416,46448,61,0,0,True,ht_chantry-random-1.scen,500
500,ht_chantry.map,planner,1,70784,46448,209,201,58416,46448,54,0,1,False,ht_chantry-random-1.scen,500
500,ht_chantry.map,planner,1,71679,46448,259,201,57596,46448,91,0,1,True,ht_chantry-random-1.scen,500
500,ht_chantry.map,planner,1,70784,46448,209,201,58416,46448,56,0,10,False,ht_chantry-random-1.scen,500
500,ht_chantry.map,planner,1,71695,46448,228,201,57469,46448,376,0,10,True,ht_chantry-random-1.scen,500
500,ht_chantry.map,planner,1,70784,46448,209,201,58416,46448,60,0,100,False,ht_chantry-random-1.scen,500
500,ht_chantry.map,planner,1,68882,46448,206,201,56093,46448,2402,0,100,True,ht_chantry-random-1.scen,500
500,ht_chantry.map,planner,1,70784,46448,209,201,58416,46448,58,0,1000,False,ht_chantry-random-1.scen,500
500,ht_chantry.map,planner,1,70291,46448,207,201,57093,46448,26087,0,1000,True,ht_chantry-random-1.scen,500
540,ht_chantry.map,planner,1,80380,50565,236,201,65020,50565,64,0,0,False,ht_chantry-random-1.scen,540
540,ht_chantry.map,planner,1,80380,50565,236,201,65020,50565,70,0,0,True,ht_chantry-random-1.scen,540
540,ht_chantry.map,planner,1,80380,50565,236,201,65020,50565,69,0,1,False,ht_chantry-random-1.scen,540
540,ht_chantry.map,planner,1,77726,50565,226,201,63604,50565,95,0,1,True,ht_chantry-random-1.scen,540
540,ht_chantry.map,planner,1,80380,50565,236,201,65020,50565,66,0,10,False,ht_chantry-random-1.scen,540
540,ht_chantry.map,planner,1,79680,50565,240,201,63492,50565,382,0,10,True,ht_chantry-random-1.scen,540
540,ht_chantry.map,planner,1,80380,50565,236,201,65020,50565,67,0,100,False,ht_chantry-random-1.scen,540
540,ht_chantry.map,planner,1,77432,50565,215,201,63331,50565,3194,0,100,True,ht_chantry-random-1.scen,540
540,ht_chantry.map,planner,1,80380,50565,236,201,65020,50565,64,0,1000,False,ht_chantry-random-1.scen,540
540,ht_chantry.map,planner,1,76263,50565,242,201,61866,50565,25704,0,1000,True,ht_chantry-random-1.scen,540
580,ht_chantry.map,planner,1,86329,54311,233,201,70115,54311,74,0,0,False,ht_chantry-random-1.scen,580
580,ht_chantry.map,planner,1,86329,54311,233,201,70115,54311,77,0,0,True,ht_chantry-random-1.scen,580
580,ht_chantry.map,planner,1,86329,54311,233,201,70115,54311,75,0,1,False,ht_chantry-random-1.scen,580
580,ht_chantry.map,planner,1,85279,54311,224,201,70004,54311,108,0,1,True,ht_chantry-random-1.scen,580
580,ht_chantry.map,planner,1,86329,54311,233,201,70115,54311,72,0,10,False,ht_chantry-random-1.scen,580
580,ht_chantry.map,planner,1,87095,54311,244,201,70386,54311,401,0,10,True,ht_chantry-random-1.scen,580
580,ht_chantry.map,planner,1,86329,54311,233,201,70115,54311,71,0,100,False,ht_chantry-random-1.scen,580
580,ht_chantry.map,planner,1,85041,54311,228,201,68960,54311,3012,0,100,True,ht_chantry-random-1.scen,580
580,ht_chantry.map,planner,1,86329,54311,233,201,70115,54311,72,0,1000,False,ht_chantry-random-1.scen,580
580,ht_chantry.map,planner,1,86154,54311,252,201,69690,54311,31109,0,1000,True,ht_chantry-random-1.scen,580
620,ht_chantry.map,planner,1,95275,57890,241,201,76369,57890,77,0,0,False,ht_chantry-random-1.scen,620
620,ht_chantry.map,planner,1,95275,57890,241,201,76369,57890,81,0,0,True,ht_chantry-random-1.scen,620
620,ht_chantry.map,planner,1,95275,57890,241,201,76369,57890,74,0,1,False,ht_chantry-random-1.scen,620
620,ht_chantry.map,planner,1,93875,57890,241,201,75477,57890,116,0,1,True,ht_chantry-random-1.scen,620
620,ht_chantry.map,planner,1,95275,57890,241,201,76369,57890,74,0,10,False,ht_chantry-random-1.scen,620
620,ht_chantry.map,planner,1,94515,57890,235,201,75825,57890,433,0,10,True,ht_chantry-random-1.scen,620
620,ht_chantry.map,planner,1,95275,57890,241,201,76369,57890,79,0,100,False,ht_chantry-random-1.scen,620
620,ht_chantry.map,planner,1,91856,57890,212,201,73966,57890,3276,0,100,True,ht_chantry-random-1.scen,620
620,ht_chantry.map,planner,1,95275,57890,241,201,76369,57890,75,0,1000,False,ht_chantry-random-1.scen,620
620,ht_chantry.map,planner,1,93072,57890,224,201,74390,57890,32076,0,1000,True,ht_chantry-random-1.scen,620
660,ht_chantry.map,planner,1,103557,61808,242,201,83448,61808,85,0,0,False,ht_chantry-random-1.scen,660
660,ht_chantry.map,planner,1,103557,61808,242,201,83448,61808,96,0,0,True,ht_chantry-random-1.scen,660
660,ht_chantry.map,planner,1,103557,61808,242,201,83448,61808,84,0,1,False,ht_chantry-random-1.scen,660
660,ht_chantry.map,planner,1,102431,61808,253,201,81891,61808,129,0,1,True,ht_chantry-random-1.scen,660
660,ht_chantry.map,planner,1,103557,61808,242,201,83448,61808,78,0,10,False,ht_chantry-random-1.scen,660
660,ht_chantry.map,planner,1,102572,61808,244,201,81564,61808,445,0,10,True,ht_chantry-random-1.scen,660
660,ht_chantry.map,planner,1,103557,61808,242,201,83448,61808,83,0,100,False,ht_chantry-random-1.scen,660
660,ht_chantry.map,planner,1,101516,61808,239,201,81066,61808,3825,0,100,True,ht_chantry-random-1.scen,660
660,ht_chantry.map,planner,1,103557,61808,242,201,83448,61808,83,0,1000,False,ht_chantry-random-1.scen,660
660,ht_chantry.map,planner,1,100283,61808,237,201,79629,61808,32834,0,1000,True,ht_chantry-random-1.scen,660
700,ht_chantry.map,planner,1,112122,65771,260,201,89243,65771,94,0,0,False,ht_chantry-random-1.scen,700
700,ht_chantry.map,planner,1,112122,65771,260,201,89243,65771,96,0,0,True,ht_chantry-random-1.scen,700
700,ht_chantry.map,planner,1,112122,65771,260,201,89243,65771,90,0,1,False,ht_chantry-random-1.scen,700
700,ht_chantry.map,planner,1,115283,65771,292,201,90925,65771,150,0,1,True,ht_chantry-random-1.scen,700
700,ht_chantry.map,planner,1,112122,65771,260,201,89243,65771,92,0,10,False,ht_chantry-random-1.scen,700
700,ht_chantry.map,planner,1,109954,65771,252,201,87810,65771,479,0,10,True,ht_chantry-random-1.scen,700
700,ht_chantry.map,planner,1,112122,65771,260,201,89243,65771,99,0,100,False,ht_chantry-random-1.scen,700
700,ht_chantry.map,planner,1,110565,65771,248,201,88244,65771,3855,0,100,True,ht_chantry-random-1.scen,700
700,ht_chantry.map,planner,1,112122,65771,260,201,89243,65771,92,0,1000,False,ht_chantry-random-1.scen,700
700,ht_chantry.map,planner,1,114152,65771,288,201,89375,65771,40537,0,1000,True,ht_chantry-random-1.scen,700
740,ht_chantry.map,planner,1,123978,69331,243,201,97226,69331,99,0,0,False,ht_chantry-random-1.scen,740
740,ht_chantry.map,planner,1,123978,69331,243,201,97226,69331,104,0,0,True,ht_chantry-random-1.scen,740
740,ht_chantry.map,planner,1,123978,69331,243,201,97226,69331,96,0,1,False,ht_chantry-random-1.scen,740
740,ht_chantry.map,planner,1,121265,69331,252,201,95499,69331,150,0,1,True,ht_chantry-random-1.scen,740
740,ht_chantry.map,planner,1,123978,69331,243,201,97226,69331,97,0,10,False,ht_chantry-random-1.scen,740
740,ht_chantry.map,planner,1,124169,69331,261,201,97231,69331,569,0,10,True,ht_chantry-random-1.scen,740
740,ht_chantry.map,planner,1,123978,69331,243,201,97226,69331,95,0,100,False,ht_chantry-random-1.scen,740
740,ht_chantry.map,planner,1,120540,69331,264,201,96664,69331,4575,0,100,True,ht_chantry-random-1.scen,740
740,ht_chantry.map,planner,1,123978,69331,243,201,97226,69331,88,0,1000,False,ht_chantry-random-1.scen,740
740,ht_chantry.map,planner,1,122682,69331,264,201,96753,69331,46812,0,1000,True,ht_chantry-random-1.scen,740
780,ht_chantry.map,planner,1,132484,73120,257,201,104220,73120,100,0,0,False,ht_chantry-random-1.scen,780
780,ht_chantry.map,planner,1,132484,73120,257,201,104220,73120,115,0,0,True,ht_chantry-random-1.scen,780
780,ht_chantry.map,planner,1,132484,73120,257,201,104220,73120,103,0,1,False,ht_chantry-random-1.scen,780
780,ht_chantry.map,planner,1,131097,73120,280,201,103517,73120,162,0,1,True,ht_chantry-random-1.scen,780
780,ht_chantry.map,planner,1,132484,73120,257,201,104220,73120,102,0,10,False,ht_chantry-random-1.scen,780
780,ht_chantry.map,planner,1,131962,73120,275,201,102673,73120,574,0,10,True,ht_chantry-random-1.scen,780
780,ht_chantry.map,planner,1,132484,73120,257,201,104220,73120,103,0,100,False,ht_chantry-random-1.scen,780
780,ht_chantry.map,planner,1,133903,73120,270,201,104798,73120,4943,0,100,True,ht_chantry-random-1.scen,780
780,ht_chantry.map,planner,1,132484,73120,257,201,104220,73120,98,0,1000,False,ht_chantry-random-1.scen,780
780,ht_chantry.map,planner,1,131103,73120,256,201,102946,73120,44700,0,1000,True,ht_chantry-random-1.scen,780
820,ht_chantry.map,planner,1,142091,76759,258,201,111106,76759,107,0,0,False,ht_chantry-random-1.scen,820
820,ht_chantry.map,planner,1,142091,76759,258,201,111106,76759,118,0,0,True,ht_chantry-random-1.scen,820
820,ht_chantry.map,planner,1,142091,76759,258,201,111106,76759,113,0,1,False,ht_chantry-random-1.scen,820
820,ht_chantry.map,planner,1,147220,76759,322,201,112996,76759,186,0,1,True,ht_chantry-random-1.scen,820
820,ht_chantry.map,planner,1,142091,76759,258,201,111106,76759,103,0,10,False,ht_chantry-random-1.scen,820
820,ht_chantry.map,planner,1,144695,76759,268,201,112581,76759,617,0,10,True,ht_chantry-random-1.scen,820
820,ht_chantry.map,planner,1,142091,76759,258,201,111106,76759,109,0,100,False,ht_chantry-random-1.scen,820
820,ht_chantry.map,planner,1,142045,76759,287,201,111650,76759,5081,0,100,True,ht_chantry-random-1.scen,820
820,ht_chantry.map,planner,1,142091,76759,258,201,111106,76759,110,0,1000,False,ht_chantry-random-1.scen,820
820,ht_chantry.map,planner,1,142873,76759,267,201,111255,76759,50643,0,1000,True,ht_chantry-random-1.scen,820
860,ht_chantry.map,planner,1,153562,80347,279,201,118640,80347,121,0,0,False,ht_chantry-random-1.scen,860
860,ht_chantry.map,planner,1,153562,80347,279,201,118640,80347,133,0,0,True,ht_chantry-random-1.scen,860
860,ht_chantry.map,planner,1,153562,80347,279,201,118640,80347,125,0,1,False,ht_chantry-random-1.scen,860
860,ht_chantry.map,planner,1,155910,80347,306,201,120602,80347,197,0,1,True,ht_chantry-random-1.scen,860
860,ht_chantry.map,planner,1,153562,80347,279,201,118640,80347,122,0,10,False,ht_chantry-random-1.scen,860
860,ht_chantry.map,planner,1,154491,80347,280,201,120191,80347,649,0,10,True,ht_chantry-random-1.scen,860
860,ht_chantry.map,planner,1,153562,80347,279,201,118640,80347,122,0,100,False,ht_chantry-random-1.scen,860
860,ht_chantry.map,planner,1,149753,80347,259,201,115516,80347,4827,0,100,True,ht_chantry-random-1.scen,860
860,ht_chantry.map,planner,1,153562,80347,279,201,118640,80347,117,0,1000,False,ht_chantry-random-1.scen,860
860,ht_chantry.map,planner,1,149580,80347,261,201,117138,80347,48423,0,1000,True,ht_chantry-random-1.scen,860
900,ht_chantry.map,planner,1,165261,83876,279,201,127052,83876,123,0,0,False,ht_chantry-random-1.scen,900
900,ht_chantry.map,planner,1,165261,83876,279,201,127052,83876,140,0,0,True,ht_chantry-random-1.scen,900
900,ht_chantry.map,planner,1,165261,83876,279,201,127052,83876,126,0,1,False,ht_chantry-random-1.scen,900
900,ht_chantry.map,planner,1,165598,83876,277,201,128910,83876,207,0,1,True,ht_chantry-random-1.scen,900
900,ht_chantry.map,planner,1,165261,83876,279,201,127052,83876,132,0,10,False,ht_chantry-random-1.scen,900
900,ht_chantry.map,planner,1,165729,83876,301,201,128192,83876,740,0,10,True,ht_chantry-random-1.scen,900
900,ht_chantry.map,planner,1,165261,83876,279,201,127052,83876,122,0,100,False,ht_chantry-random-1.scen,900
900,ht_chantry.map,planner,1,161065,83876,300,201,125032,83876,5391,0,100,True,ht_chantry-random-1.scen,900
900,ht_chantry.map,planner,1,165261,83876,279,201,127052,83876,126,0,1000,False,ht_chantry-random-1.scen,900
20,ht_chantry.map,planner,1,1938,1923,175,175,1938,1923,2,0,0,False,ht_chantry-random-3.scen,20
20,ht_chantry.map,planner,1,1938,1923,175,175,1938,1923,2,0,0,True,ht_chantry-random-3.scen,20
20,ht_chantry.map,planner,1,1938,1923,175,175,1938,1923,2,0,1,False,ht_chantry-random-3.scen,20
20,ht_chantry.map,planner,1,1938,1923,175,175,1938,1923,2,0,1,True,ht_chantry-random-3.scen,20
20,ht_chantry.map,planner,1,1938,1923,175,175,1938,1923,2,0,10,False,ht_chantry-random-3.scen,20
20,ht_chantry.map,planner,1,1938,1923,175,175,1938,1923,2,0,10,True,ht_chantry-random-3.scen,20
20,ht_chantry.map,planner,1,1938,1923,175,175,1938,1923,2,0,100,False,ht_chantry-random-3.scen,20
20,ht_chantry.map,planner,1,1938,1923,175,175,1938,1923,2,0,100,True,ht_chantry-random-3.scen,20
20,ht_chantry.map,planner,1,1938,1923,175,175,1938,1923,2,0,1000,False,ht_chantry-random-3.scen,20
20,ht_chantry.map,planner,1,1938,1923,175,175,1938,1923,2,0,1000,True,ht_chantry-random-3.scen,20
60,ht_chantry.map,planner,1,6004,5615,179,179,5864,5615,5,0,0,False,ht_chantry-random-3.scen,60
60,ht_chantry.map,planner,1,6004,5615,179,179,5864,5615,6,0,0,True,ht_chantry-random-3.scen,60
60,ht_chantry.map,planner,1,6004,5615,179,179,5864,5615,5,0,1,False,ht_chantry-random-3.scen,60
60,ht_chantry.map,planner,1,5998,5615,181,179,5810,5615,6,0,1,True,ht_chantry-random-3.scen,60
60,ht_chantry.map,planner,1,6004,5615,179,179,5864,5615,5,0,10,False,ht_chantry-random-3.scen,60
60,ht_chantry.map,planner,1,5998,5615,181,179,5810,5615,5,0,10,True,ht_chantry-random-3.scen,60
60,ht_chantry.map,planner,1,6004,5615,179,179,5864,5615,5,0,100,False,ht_chantry-random-3.scen,60
60,ht_chantry.map,planner,1,5998,5615,181,179,5810,5615,5,0,100,True,ht_chantry-random-3.scen,60
60,ht_chantry.map,planner,1,6004,5615,179,179,5864,5615,5,0,1000,False,ht_chantry-random-3.scen,60
60,ht_chantry.map,planner,1,5998,5615,181,179,5810,5615,5,0,1000,True,ht_chantry-random-3.scen,60
100,ht_chantry.map,planner,1,10599,9227,203,203,9785,9227,9,0,0,False,ht_chantry-random-3.scen,100
100,ht_chantry.map,planner,1,10599,9227,203,203,9785,9227,9,0,0,True,ht_chantry-random-3.scen,100
100,ht_chantry.map,planner,1,10599,9227,203,203,9785,9227,9,0,1,False,ht_chantry-random-3.scen,100
100,ht_chantry.map,planner,1,10579,9227,207,203,9789,9227,11,0,1,True,ht_chantry-random-3.scen,100
100,ht_chantry.map,planner,1,10599,9227,203,203,9785,9227,9,0,10,False,ht_chantry-random-3.scen,100
100,ht_chantry.map,planner,1,10579,9227,207,203,9789,9227,9,0,10,True,ht_chantry-random-3.scen,100
100,ht_chantry.map,planner,1,10599,9227,203,203,9785,9227,9,0,100,False,ht_chantry-random-3.scen,100
100,ht_chantry.map,planner,1,10579,9227,207,203,9789,9227,9,0,100,True,ht_chantry-random-3.scen,100
100,ht_chantry.map,planner,1,10599,9227,203,203,9785,9227,9,0,1000,False,ht_chantry-random-3.scen,100
100,ht_chantry.map,planner,1,10579,9227,207,203,9789,9227,9,0,1000,True,ht_chantry-random-3.scen,100
140,ht_chantry.map,planner,1,15500,12900,204,203,14004,12900,15,0,0,False,ht_chantry-random-3.scen,140
140,ht_chantry.map,planner,1,15500,12900,204,203,14004,12900,14,0,0,True,ht_chantry-random-3.scen,140
140,ht_chantry.map,planner,1,15500,12900,204,203,14004,12900,14,0,1,False,ht_chantry-random-3.scen,140
140,ht_chantry.map,planner,1,15651,12900,203,203,13832,12900,14,0,1,True,ht_chantry-random-3.scen,140
140,ht_chantry.map,planner,1,15500,12900,204,203,14004,12900,13,0,10,False,ht_chantry-random-3.scen,140
140,ht_chantry.map,planner,1,15593,12900,203,203,13760,12900,14,0,10,True,ht_chantry-random-3.scen,140
140,ht_chantry.map,planner,1,15500,12900,204,203,14004,12900,15,0,100,False,ht_chantry-random-3.scen,140
140,ht_chantry.map,planner,1,15593,12900,203,203,13760,12900,16,0,100,True,ht_chantry-random-3.scen,140
140,ht_chantry.map,planner,1,15500,12900,204,203,14004,12900,15,0,1000,False,ht_chantry-random-3.scen,140
140,ht_chantry.map,planner,1,15593,12900,203,203,13760,12900,14,0,1000,True,ht_chantry-random-3.scen,140
180,ht_chantry.map,planner,1,20865,16407,203,203,18240,16407,19,0,0,False,ht_chantry-random-3.scen,180
180,ht_chantry.map,planner,1,20865,16407,203,203,18240,16407,18,0,0,True,ht_chantry-random-3.scen,180
180,ht_chantry.map,planner,1,20865,16407,203,203,18240,16407,19,0,1,False,ht_chantry-random-3.scen,180
180,ht_chantry.map,planner,1,20329,16407,204,203,17841,16407,23,0,1,True,ht_chantry-random-3.scen,180
180,ht_chantry.map,planner,1,20865,16407,203,203,18240,16407,18,0,10,False,ht_chantry-random-3.scen,180
180,ht_chantry.map,planner,1,20021,16407,205,203,17741,16407,51,0,10,True,ht_chantry-random-3.scen,180
180,ht_chantry.map,planner,1,20865,16407,203,203,18240,16407,19,0,100,False,ht_chantry-random-3.scen,180
180,ht_chantry.map,planner,1,20197,16407,208,203,17808,16407,159,0,100,True,ht_chantry-random-3.scen,180
180,ht_chantry.map,planner,1,20865,16407,203,203,18240,16407,18,0,1000,False,ht_chantry-random-3.scen,180
180,ht_chantry.map,planner,1,20284,16407,211,203,17761,16407,1157,0,1000,True,ht_chantry-random-3.scen,180
220,ht_chantry.map,planner,1,26066,20348,203,203,22644,20348,24,0,0,False,ht_chantry-random-3.scen,220
220,ht_chantry.map,planner,1,26066,20348,203,203,22644,20348,25,0,0,True,ht_chantry-random-3.scen,220
220,ht_chantry.map,planner,1,26066,20348,203,203,22644,20348,21,0,1,False,ht_chantry-random-3.scen,220
220,ht_chantry.map,planner,1,25931,20348,203,203,22567,20348,34,0,1,True,ht_chantry-random-3.scen,220
220,ht_chantry.map,planner,1,26066,20348,203,203,22644,20348,23,0,10,False,ht_chantry-random-3.scen,220
220,ht_chantry.map,planner,1,25165,20348,204,203,22479,20348,85,0,10,True,ht_chantry-random-3.scen,220
220,ht_chantry.map,planner,1,26066,20348,203,203,22644,20348,24,0,100,False,ht_chantry-random-3.scen,220
220,ht_chantry.map,planner,1,25754,20348,203,203,22399,20348,564,0,100,True,ht_chantry-random-3.scen,220
220,ht_chantry.map,planner,1,26066,20348,203,203,22644,20348,21,0,1000,False,ht_chantry-random-3.scen,220
220,ht_chantry.map,planner,1,25626,20348,212,203,22413,20348,2400,0,1000,True,ht_chantry-random-3.scen,220
260,ht_chantry.map,planner,1,31388,23798,204,203,26928,23798,28,0,0,False,ht_chantry-random-3.scen,260
260,ht_chantry.map,planner,1,31388,23798,204,203,26928,23798,29,0,0,True,ht_chantry-random-3.scen,260
260,ht_chantry.map,planner,1,31388,23798,204,203,26928,23798,29,0,1,False,ht_chantry-random-3.scen,260
260,ht_chantry.map,planner,1,30561,23798,204,203,26460,23798,38,0,1,True,ht_chantry-random-3.scen,260
260,ht_chantry.map,planner,1,31388,23798,204,203,26928,23798,27,0,10,False,ht_chantry-random-3.scen,260
260,ht_chantry.map,planner,1,30764,23798,203,203,26560,23798,140,0,10,True,ht_chantry-random-3.scen,260
260,ht_chantry.map,planner,1,31388,23798,204,203,26928,23798,27,0,100,False,ht_chantry-random-3.scen,260
260,ht_chantry.map,planner,1,29792,23798,205,203,26201,23798,878,0,100,True,ht_chantry-random-3.scen,260
260,ht_chantry.map,planner,1,31388,23798,204,203,26928,23798,27,0,1000,False,ht_chantry-random-3.scen,260
260,ht_chantry.map,planner,1,30398,23798,206,203,26329,23798,5914,0,1000,True,ht_chantry-random-3.scen,260
300,ht_chantry.map,planner,1,37799,27540,210,203,31739,27540,33,0,0,False,ht_chantry-random-3.scen,300
300,ht_chantry.map,planner,1,37799,27540,210,203,31739,27540,31,0,0,True,ht_chantry-random-3.scen,300
300,ht_chantry.map,planner,1,37799,27540,210,203,31739,27540,33,0,1,False,ht_chantry-random-3.scen,300
300,ht_chantry.map,planner,1,37503,27540,203,203,31307,27540,46,0,1,True,ht_chantry-random-3.scen,300
300,ht_chantry.map,planner,1,37799,27540,210,203,31739,27540,32,0,10,False,ht_chantry-random-3.scen,300
300,ht_chantry.map,planner,1,37050,27540,272,203,31240,27540,160,0,10,True,ht_chantry-random-3.scen,300
300,ht_chantry.map,planner,1,37799,27540,210,203,31739,27540,32,0,100,False,ht_chantry-random-3.scen,300
300,ht_chantry.map,planner,1,36777,27540,203,203,31084,27540,1198,0,100,True,ht_chantry-random-3.scen,300
300,ht_chantry.map,planner,1,37799,27540,210,203,31739,27540,34,0,1000,False,ht_chantry-random-3.scen,300
300,ht_chantry.map,planner,1,36587,27540,256,203,30926,27540,12409,0,1000,True,ht_chantry-random-3.scen,300
340,ht_chantry.map,planner,1,44237,31286,217,203,36866,31286,39,0,0,False,ht_chantry-random-3.scen,340
340,ht_chantry.map,planner,1,44237,31286,217,203,36866,31286,40,0,0,True,ht_chantry-random-3.scen,340
340,ht_chantry.map,planner,1,44237,31286,217,203,36866,31286,38,0,1,False,ht_chantry-random-3.scen,340
340,ht_chantry.map,planner,1,44438,31286,212,203,36584,31286,63,0,1,True,ht_chantry-random-3.scen,340
340,ht_chantry.map,planner,1,44237,31286,217,203,36866,31286,39,0,10,False,ht_chantry-random-3.scen,340
340,ht_chantry.map,planner,1,43301,31286,210,203,36367,31286,200,0,10,True,ht_chantry-random-3.scen,340
340,ht_chantry.map,planner,1,44237,31286,217,203,36866,31286,34,0,100,False,ht_chantry-random-3.scen,340
340,ht_chantry.map,planner,1,43411,31286,204,203,36095,31286,1700,0,100,True,ht_chantry-random-3.scen,340
340,ht_chantry.map,planner,1,44237,31286,217,203,36866,31286,38,0,1000,False,ht_chantry-random-3.scen,340
340,ht_chantry.map,planner,1,42546,31286,214,203,35764,31286,14028,0,1000,True,ht_chantry-random-3.scen,340
380,ht_chantry.map,planner,1,51654,35197,216,203,42740,35197,44,0,0,False,ht_chantry-random-3.scen,380
380,ht_chantry.map,planner,1,51654,35197,216,203,42740,35197,43,0,0,True,ht_chantry-random-3.scen,380
380,ht_chantry.map,planner,1,51654,35197,216,203,42740,35197,45,0,1,False,ht_chantry-random-3.scen,380
380,ht_chantry.map,planner,1,50343,35197,203,203,42016,35197,68,0,1,True,ht_chantry-random-3.scen,380
380,ht_chantry.map,planner,1,51654,35197,216,203,42740,35197,45,0,10,False,ht_chantry-random-3.scen,380
380,ht_chantry.map,planner,1,49416,35197,204,203,41587,35197,253,0,10,True,ht_chantry-random-3.scen,380
380,ht_chantry.map,planner,1,51654,35197,216,203,42740,35197,44,0,100,False,ht_chantry-random-3.scen,380
380,ht_chantry.map,planner,1,49041,35197,204,203,41443,35197,1854,0,100,True,ht_chantry-random-3.scen,380
380,ht_chantry.map,planner,1,51654,35197,216,203,42740,35197,41,0,1000,False,ht_chantry-random-3.scen,380
380,ht_chantry.map,planner,1,49281,35197,205,203,41351,35197,16485,0,1000,True,ht_chantry-random-3.scen,380
420,ht_chantry.map,planner,1,56920,38785,203,203,47169,38785,51,0,0,False,ht_chantry-random-3.scen,420
420,ht_chantry.map,planner,1,56920,38785,203,203,47169,38785,52,0,0,True,ht_chantry-random-3.scen,420
420,ht_chantry.map,planner,1,56920,38785,203,203,47169,38785,50,0,1,False,ht_chantry-random-3.scen,420
420,ht_chantry.map,planner,1,56137,38785,203,203,46455,38785,77,0,1,True,ht_chantry-random-3.scen,420
420,ht_chantry.map,planner,1,56920,38785,203,203,47169,38785,50,0,10,False,ht_chantry-random-3.scen,420
420,ht_chantry.map,planner,1,56446,38785,208,203,46875,38785,285,0,10,True,ht_chantry-random-3.scen,420
420,ht_chantry.map,planner,1,56920,38785,203,203,47169,38785,48,0,100,False,ht_chantry-random-3.scen,420
420,ht_chantry.map,planner,1,55375,38785,203,203,46004,38785,2159,0,100,True,ht_chantry-random-3.scen,420
420,ht_chantry.map,planner,1,56920,38785,203,203,47169,38785,48,0,1000,False,ht_chantry-random-3.scen,420
420,ht_chantry.map,planner,1,55925,38785,207,203,45992,38785,19081,0,1000,True,ht_chantry-random-3.scen,420
460,ht_chantry.map,planner,1,65604,43152,221,203,53614,43152,59,0,0,False,ht_chantry-random-3.scen,460
460,ht_chantry.map,planner,1,65604,43152,221,203,53614,43152,54,0,0,True,ht_chantry-random-3.scen,460
460,ht_chantry.map,planner,1,65604,43152,221,203,53614,43152,53,0,1,False,ht_chantry-random-3.scen,460
460,ht_chantry.map,planner,1,64256,43152,215,203,53250,43152,87,0,1,True,ht_chantry-random-3.scen,460
460,ht_chantry.map,planner,1,65604,43152,221,203,53614,43152,50,0,10,False,ht_chantry-random-3.scen,460
460,ht_chantry.map,planner,1,64175,43152,230,203,52809,43152,337,0,10,True,ht_chantry-random-3.scen,460
460,ht_chantry.map,planner,1,65604,43152,221,203,53614,43152,53,0,100,False,ht_chantry-random-3.scen,460
460,ht_chantry.map,planner,1,63323,43152,220,203,52568,43152,2995,0,100,True,ht_chantry-random-3.scen,460
460,ht_chantry.map,planner,1,65604,43152,221,203,53614,43152,57,0,1000,False,ht_chantry-random-3.scen,460
460,ht_chantry.map,planner,1,62468,43152,214,203,51729,43152,21752,0,1000,True,ht_chantry-random-3.scen,460
500,ht_chantry.map,planner,1,73510,46539,251,203,59916,46539,65,0,0,False,ht_chantry-random-3.scen,500
500,ht_chantry.map,planner,1,73510,46539,251,203,59916,46539,63,0,0,True,ht_chantry-random-3.scen,500
500,ht_chantry.map,planner,1,73510,46539,251,203,59916,46539,66,0,1,False,ht_chantry-random-3.scen,500
500,ht_chantry.map,planner,1,71222,46539,227,203,58125,46539,89,0,1,True,ht_chantry-random-3.scen,500
500,ht_chantry.map,planner,1,73510,46539,251,203,59916,46539,64,0,10,False,ht_chantry-random-3.scen,500
500,ht_chantry.map,planner,1,70123,46539,222,203,57456,46539,321,0,10,True,ht_chantry-random-3.scen,500
500,ht_chantry.map,planner,1,73510,46539,251,203,59916,46539,63,0,100,False,ht_chantry-random-3.scen,500
500,ht_chantry.map,planner,1,70080,46539,205,203,57672,46539,2822,0,100,True,ht_chantry-random-3.scen,500
500,ht_chantry.map,planner,1,73510,46539,251,203,59916,46539,62,0,1000,False,ht_chantry-random-3.scen,500
500,ht_chantry.map,planner,1,70271,46539,210,203,57741,46539,27926,0,1000,True,ht_chantry-random-3.scen,500
540,ht_chantry.map,planner,1,79214,50206,231,203,64135,50206,69,0,0,False,ht_chantry-random-3.scen,540
540,ht_chantry.map,planner,1,79214,50206,231,203,64135,50206,70,0,0,True,ht_chantry-random-3.scen,540
540,ht_chantry.map,planner,1,79214,50206,231,203,64135,50206,65,0,1,False,ht_chantry-random-3.scen,540
540,ht_chantry.map,planner,1,77866,50206,232,203,62976,50206,100,0,1,True,ht_chantry-random-3.scen,540
540,ht_chantry.map,planner,1,79214,50206,231,203,64135,50206,67,0,10,False,ht_chantry-random-3.scen,540
540,ht_chantry.map,planner,1,78277,50206,224,203,63563,50206,384,0,10,True,ht_chantry-random-3.scen,540
540,ht_chantry.map,planner,1,79214,50206,231,203,64135,50206,66,0,100,False,ht_chantry-random-3.scen,540
540,ht_chantry.map,planner,1,77589,50206,241,203,63467,50206,3330,0,100,True,ht_chantry-random-3.scen,540
540,ht_chantry.map,planner,1,79214,50206,231,203,64135,50206,69,0,1000,False,ht_chantry-random-3.scen,540
540,ht_chantry.map,planner,1,79082,50206,220,203,64026,50206,35190,0,1000,True,ht_chantry-random-3.scen,540
580,ht_chantry.map,planner,1,87958,54156,235,203,71070,54156,78,0,0,False,ht_chantry-random-3.scen,580
580,ht_chantry.map,planner,1,87958,54156,235,203,71070,54156,82,0,0,True,ht_chantry-random-3.scen,580
580,ht_chantry.map,planner,1,87958,54156,235,203,71070,54156,73,0,1,False,ht_chantry-random-3.scen,580
580,ht_chantry.map,planner,1,86098,54156,243,203,69466,54156,112,0,1,True,ht_chantry-random-3.scen,580
580,ht_chantry.map,planner,1,87958,54156,235,203,71070,54156,77,0,10,False,ht_chantry-random-3.scen,580
580,ht_chantry.map,planner,1,88361,54156,230,203,70753,54156,440,0,10,True,ht_chantry-random-3.scen,580
580,ht_chantry.map,planner,1,87958,54156,235,203,71070,54156,72,0,100,False,ht_chantry-random-3.scen,580
580,ht_chantry.map,planner,1,84872,54156,226,203,68853,54156,3432,0,100,True,ht_chantry-random-3.scen,580
580,ht_chantry.map,planner,1,87958,54156,235,203,71070,54156,74,0,1000,False,ht_chantry-random-3.scen,580
580,ht_chantry.map,planner,1,86715,54156,238,203,69853,54156,32109,0,1000,True,ht_chantry-random-3.scen,580
620,ht_chantry.map,planner,1,97758,58365,245,203,78179,58365,77,0,0,False,ht_chantry-random-3.scen,620
620,ht_chantry.map,planner,1,97758,58365,245,203,78179,58365,87,0,0,True,ht_chantry-random-3.scen,620
620,ht_chantry.map,planner,1,97758,58365,245,203,78179,58365,82,0,1,False,ht_chantry-random-3.scen,620
620,ht_chantry.map,planner,1,94872,58365,240,203,77036,58365,126,0,1,True,ht_chantry-random-3.scen,620
620,ht_chantry.map,planner,1,97758,58365,245,203,78179,58365,84,0,10,False,ht_chantry-random-3.scen,620
620,ht_chantry.map,planner,1,95719,58365,249,203,76846,58365,476,0,10,True,ht_chantry-random-3.scen,620
620,ht_chantry.map,planner,1,97758,58365,245,203,78179,58365,82,0,100,False,ht_chantry-random-3.scen,620
620,ht_chantry.map,planner,1,93724,58365,243,203,75669,58365,3625,0,100,True,ht_chantry-random-3.scen,620
620,ht_chantry.map,planner,1,97758,58365,245,203,78179,58365,80,0,1000,False,ht_chantry-random-3.scen,620
620,ht_chantry.map,planner,1,95881,58365,249,203,76584,58365,37588,0,1000,True,ht_chantry-random-3.scen,620
660,ht_chantry.map,planner,1,106913,62225,247,203,85145,62225,91,0,0,False,ht_chantry-random-3.scen,660
660,ht_chantry.map,planner,1,106913,62225,247,203,85145,62225,94,0,0,True,ht_chantry-random-3.scen,660
660,ht_chantry.map,planner,1,106913,62225,247,203,85145,62225,84,0,1,False,ht_chantry-random-3.scen,660
660,ht_chantry.map,planner,1,103267,62225,241,203,82716,62225,129,0,1,True,ht_chantry-random-3.scen,660
660,ht_chantry.map,planner,1,106913,62225,247,203,85145,62225,91,0,10,False,ht_chantry-random-3.scen,660
660,ht_chantry.map,planner,1,106181,62225,249,203,84460,62225,503,0,10,True,ht_chantry-random-3.scen,660
660,ht_chantry.map,planner,1,106913,62225,247,203,85145,62225,86,0,100,False,ht_chantry-random-3.scen,660
660,ht_chantry.map,planner,1,102201,62225,237,203,82294,62225,4035,0,100,True,ht_chantry-random-3.scen,660
660,ht_chantry.map,planner,1,106913,62225,247,203,85145,62225,85,0,1000,False,ht_chantry-random-3.scen,660
660,ht_chantry.map,planner,1,100312,62225,225,203,81613,62225,37215,0,1000,True,ht_chantry-random-3.scen,660
700,ht_chantry.map,planner,1,116256,66036,253,204,92290,66036,96,0,0,False,ht_chantry-random-3.scen,700
700,ht_chantry.map,planner,1,116256,66036,253,204,92290,66036,103,0,0,True,ht_chantry-random-3.scen,700
700,ht_chantry.map,planner,1,116256,66036,253,204,92290,66036,94,0,1,False,ht_chantry-random-3.scen,700
700,ht_chantry.map,planner,1,114519,66036,251,204,91052,66036,146,0,1,True,ht_chantry-random-3.scen,700
700,ht_chantry.map,planner,1,116256,66036,253,204,92290,66036,92,0,10,False,ht_chantry-random-3.scen,700
700,ht_chantry.map,planner,1,115075,66036,257,204,91284,66036,567,0,10,True,ht_chantry-random-3.scen,700
700,ht_chantry.map,planner,1,116256,66036,253,204,92290,66036,95,0,100,False,ht_chantry-random-3.scen,700
700,ht_chantry.map,planner,1,112606,66036,314,204,89471,66036,4386,0,100,True,ht_chantry-random-3.scen,700
700,ht_chantry.map,planner,1,116256,66036,253,204,92290,66036,89,0,1000,False,ht_chantry-random-3.scen,700
700,ht_chantry.map,planner,1,112763,66036,259,204,88906,66036,42027,0,1000,True,ht_chantry-random-3.scen,700
740,ht_chantry.map,planner,1,122527,69355,256,204,95943,69355,104,0,0,False,ht_chantry-random-3.scen,740
740,ht_chantry.map,planner,1,122527,69355,256,204,95943,69355,101,0,0,True,ht_chantry-random-3.scen,740
740,ht_chantry.map,planner,1,122527,69355,256,204,95943,69355,106,0,1,False,ht_chantry-random-3.scen,740
740,ht_chantry.map,planner,1,122903,69355,261,204,96703,69355,161,0,1,True,ht_chantry-random-3.scen,740
740,ht_chantry.map,planner,1,122527,69355,256,204,95943,69355,103,0,10,False,ht_chantry-random-3.scen,740
740,ht_chantry.map,planner,1,121307,69355,268,204,95821,69355,580,0,10,True,ht_chantry-random-3.scen,740
740,ht_chantry.map,planner,1,122527,69355,256,204,95943,69355,101,0,100,False,ht_chantry-random-3.scen,740
740,ht_chantry.map,planner,1,117784,69355,246,204,93591,69355,4173,0,100,True,ht_chantry-random-3.scen,740
740,ht_chantry.map,planner,1,122527,69355,256,204,95943,69355,108,0,1000,False,ht_chantry-random-3.scen,740
740,ht_chantry.map,planner,1,123797,69355,259,204,95712,69355,50320,0,1000,True,ht_chantry-random-3.scen,740
780,ht_chantry.map,planner,1,132762,73304,264,204,105179,73304,106,0,0,False,ht_chantry-random-3.scen,780
780,ht_chantry.map,planner,1,132762,73304,264,204,105179,73304,125,0,0,True,ht_chantry-random-3.scen,780
780,ht_chantry.map,planner,1,132762,73304,264,204,105179,73304,107,0,1,False,ht_chantry-random-3.scen,780
780,ht_chantry.map,planner,1,135353,73304,270,204,105510,73304,175,0,1,True,ht_chantry-random-3.scen,780
780,ht_chantry.map,planner,1,132762,73304,264,204,105179,73304,111,0,10,False,ht_chantry-random-3.scen,780
780,ht_chantry.map,planner,1,133186,73304,302,204,104640,73304,653,0,10,True,ht_chantry-random-3.scen,780
780,ht_chantry.map,planner,1,132762,73304,264,204,105179,73304,106,0,100,False,ht_chantry-random-3.scen,780
780,ht_chantry.map,planner,1,134710,73304,257,204,104702,73304,5176,0,100,True,ht_chantry-random-3.scen,780
780,ht_chantry.map,planner,1,132762,73304,264,204,105179,73304,108,0,1000,False,ht_chantry-random-3.scen,780
780,ht_chantry.map,planner,1,130119,73304,250,204,102477,73304,46725,0,1000,True,ht_chantry-random-3.scen,780
820,ht_chantry.map,planner,1,147963,77168,268,204,114269,77168,117,0,0,False,ht_chantry-random-3.scen,820
820,ht_chantry.map,planner,1,147963,77168,268,204,114269,77168,128,0,0,True,ht_chantry-random-3.scen,820
820,ht_chantry.map,planner,1,147963,77168,268,204,114269,77168,117,0,1,False,ht_chantry-random-3.scen,820
820,ht_chantry.map,planner,1,150762,77168,316,204,114462,77168,190,0,1,True,ht_chantry-random-3.scen,820
820,ht_chantry.map,planner,1,147963,77168,268,204,114269,77168,120,0,10,False,ht_chantry-random-3.scen,820
820,ht_chantry.map,planner,1,146078,77168,280,204,113229,77168,660,0,10,True,ht_chantry-random-3.scen,820
820,ht_chantry.map,planner,1,147963,77168,268,204,114269,77168,108,0,100,False,ht_chantry-random-3.scen,820
820,ht_chantry.map,planner,1,144207,77168,315,204,111897,77168,5497,0,100,True,ht_chantry-random-3.scen,820
820,ht_chantry.map,planner,1,147963,77168,268,204,114269,77168,114,0,1000,False,ht_chantry-random-3.scen,820
820,ht_chantry.map,planner,1,143874,77168,263,204,111271,77168,52766,0,1000,True,ht_chantry-random-3.scen,820
860,ht_chantry.map,planner,1,162448,81351,290,204,124617,81351,122,0,0,False,ht_chantry-random-3.scen,860
860,ht_chantry.map,planner,1,162448,81351,290,204,124617,81351,146,0,0,True,ht_chantry-random-3.scen,860
860,ht_chantry.map,planner,1,162448,81351,290,204,124617,81351,125,0,1,False,ht_chantry-random-3.scen,860
860,ht_chantry.map,planner,1,162045,81351,291,204,124821,81351,219,0,1,True,ht_chantry-random-3.scen,860
860,ht_chantry.map,planner,1,162448,81351,290,204,124617,81351,129,0,10,False,ht_chantry-random-3.scen,860
860,ht_chantry.map,planner,1,158761,81351,285,204,122768,81351,752,0,10,True,ht_chantry-random-3.scen,860
860,ht_chantry.map,planner,1,162448,81351,290,204,124617,81351,126,0,100,False,ht_chantry-random-3.scen,860
860,ht_chantry.map,planner,1,158026,81351,342,204,121345,81351,5573,0,100,True,ht_chantry-random-3.scen,860
860,ht_chantry.map,planner,1,162448,81351,290,204,124617,81351,129,0,1000,False,ht_chantry-random-3.scen,860
860,ht_chantry.map,planner,1,158697,81351,307,204,122542,81351,59139,0,1000,True,ht_chantry-random-3.scen,860
900,ht_chantry.map,planner,1,176091,85340,290,204,133152,85340,134,0,0,False,ht_chantry-random-3.scen,900
900,ht_chantry.map,planner,1,176091,85340,290,204,133152,85340,158,0,0,True,ht_chantry-random-3.scen,900
900,ht_chantry.map,planner,1,176091,85340,290,204,133152,85340,132,0,1,False,ht_chantry-random-3.scen,900
900,ht_chantry.map,planner,1,173453,85340,298,204,132426,85340,227,0,1,True,ht_chantry-random-3.scen,900
900,ht_chantry.map,planner,1,176091,85340,290,204,133152,85340,138,0,10,False,ht_chantry-random-3.scen,900
900,ht_chantry.map,planner,1,168822,85340,278,204,130044,85340,745,0,10,True,ht_chantry-random-3.scen,900
900,ht_chantry.map,planner,1,176091,85340,290,204,133152,85340,129,0,100,False,ht_chantry-random-3.scen,900
900,ht_chantry.map,planner,1,171012,85340,287,204,129590,85340,5868,0,100,True,ht_chantry-random-3.scen,900
900,ht_chantry.map,planner,1,176091,85340,290,204,133152,85340,131,0,1000,False,ht_chantry-random-3.scen,900
900,ht_chantry.map,planner,1,165689,85340,314,204,127237,85340,58264,0,1000,True,ht_chantry-random-3.scen,900
20,ht_chantry.map,planner,1,1649,1640,160,160,1648,1640,2,0,0,False,ht_chantry-random-7.scen,20
20,ht_chantry.map,planner,1,1649,1640,160,160,1648,1640,1,0,0,True,ht_chantry-random-7.scen,20
20,ht_chantry.map,planner,1,1649,1640,160,160,1648,1640,2,0,1,False,ht_chantry-random-7.scen,20
20,ht_chantry.map,planner,1,1649,1640,160,160,1648,1640,2,0,1,True,ht_chantry-random-7.scen,20
20,ht_chantry.map,planner,1,1649,1640,160,160,1648,1640,2,0,10,False,ht_chantry-random-7.scen,20
20,ht_chantry.map,planner,1,1649,1640,160,160,1648,1640,2,0,10,True,ht_chantry-random-7.scen,20
20,ht_chantry.map,planner,1,1649,1640,160,160,1648,1640,1,0,100,False,ht_chantry-random-7.scen,20
20,ht_chantry.map,planner,1,1649,1640,160,160,1648,1640,1,0,100,True,ht_chantry-random-7.scen,20
20,ht_chantry.map,planner,1,1649,1640,160,160,1648,1640,2,0,1000,False,ht_chantry-random-7.scen,20
20,ht_chantry.map,planner,1,1649,1640,160,160,1648,1640,1,0,1000,True,ht_chantry-random-7.scen,20
60,ht_chantry.map,planner,1,6160,5607,172,172,5915,5607,6,0,0,False,ht_chantry-random-7.scen,60
60,ht_chantry.map,planner,1,6160,5607,172,172,5915,5607,6,0,0,True,ht_chantry-random-7.scen,60
60,ht_chantry.map,planner,1,6160,5607,172,172,5915,5607,6,0,1,False,ht_chantry-random-7.scen,60
60,ht_chantry.map,planner,1,5885,5607,172,172,5862,5607,6,0,1,True,ht_chantry-random-7.scen,60
60,ht_chantry.map,planner,1,6160,5607,172,172,5915,5607,6,0,10,False,ht_chantry-random-7.scen,60
60,ht_chantry.map,planner,1,5885,5607,172,172,5862,5607,5,0,10,True,ht_chantry-random-7.scen,60
60,ht_chantry.map,planner,1,6160,5607,172,172,5915,5607,5,0,100,False,ht_chantry-random-7.scen,60
60,ht_chantry.map,planner,1,5885,5607,172,172,5862,5607,6,0,100,True,ht_chantry-random-7.scen,60
60,ht_chantry.map,planner,1,6160,5607,172,172,5915,5607,6,0,1000,False,ht_chantry-random-7.scen,60
60,ht_chantry.map,planner,1,5885,5607,172,172,5862,5607,6,0,1000,True,ht_chantry-random-7.scen,60
100,ht_chantry.map,planner,1,10457,8974,175,172,9683,8974,9,0,0,False,ht_chantry-random-7.scen,100
100,ht_chantry.map,planner,1,10457,8974,175,172,9683,8974,10,0,0,True,ht_chantry-random-7.scen,100
100,ht_chantry.map,planner,1,10457,8974,175,172,9683,8974,9,0,1,False,ht_chantry-random-7.scen,100
100,ht_chantry.map,planner,1,10382,8974,178,172,9611,8974,10,0,1,True,ht_chantry-random-7.scen,100
100,ht_chantry.map,planner,1,10457,8974,175,172,9683,8974,10,0,10,False,ht_chantry-random-7.scen,100
100,ht_chantry.map,planner,1,10382,8974,178,172,9611,8974,11,0,10,True,ht_chantry-random-7.scen,100
100,ht_chantry.map,planner,1,10457,8974,175,172,9683,8974,9,0,100,False,ht_chantry-random-7.scen,100
100,ht_chantry.map,planner,1,10382,8974,178,172,9611,8974,10,0,100,True,ht_chantry-random-7.scen,100
100,ht_chantry.map,planner,1,10457,8974,175,172,9683,8974,9,0,1000,False,ht_chantry-random-7.scen,100
100,ht_chantry.map,planner,1,10382,8974,178,172,9611,8974,9,0,1000,True,ht_chantry-random-7.scen,100
140,ht_chantry.map,planner,1,15615,13148,180,180,14362,13148,16,0,0,False,ht_chantry-random-7.scen,140
140,ht_chantry.map,planner,1,15615,13148,180,180,14362,13148,13,0,0,True,ht_chantry-random-7.scen,140
140,ht_chantry.map,planner,1,15615,13148,180,180,14362,13148,15,0,1,False,ht_chantry-random-7.scen,140
140,ht_chantry.map,planner,1,15516,13148,206,180,14176,13148,14,0,1,True,ht_chantry-random-7.scen,140
140,ht_chantry.map,planner,1,15615,13148,180,180,14362,13148,14,0,10,False,ht_chantry-random-7.scen,140
140,ht_chantry.map,planner,1,15516,13148,206,180,14176,13148,14,0,10,True,ht_chantry-random-7.scen,140
140,ht_chantry.map,planner,1,15615,13148,180,180,14362,13148,15,0,100,False,ht_chantry-random-7.scen,140
140,ht_chantry.map,planner,1,15516,13148,206,180,14176,13148,17,0,100,True,ht_chantry-random-7.scen,140
140,ht_chantry.map,planner,1,15615,13148,180,180,14362,13148,13,0,1000,False,ht_chantry-random-7.scen,140
140,ht_chantry.map,planner,1,15516,13148,206,180,14176,13148,17,0,1000,True,ht_chantry-random-7.scen,140
180,ht_chantry.map,planner,1,20607,17192,180,180,18944,17192,20,0,0,False,ht_chantry-random-7.scen,180
180,ht_chantry.map,planner,1,20607,17192,180,180,18944,17192,18,0,0,True,ht_chantry-random-7.scen,180
180,ht_chantry.map,planner,1,20607,17192,180,180,18944,17192,19,0,1,False,ht_chantry-random-7.scen,180
180,ht_chantry.map,planner,1,20438,17192,191,180,18832,17192,23,0,1,True,ht_chantry-random-7.scen,180
180,ht_chantry.map,planner,1,20607,17192,180,180,18944,17192,20,0,10,False,ht_chantry-random-7.scen,180
180,ht_chantry.map,planner,1,20125,17192,185,180,18715,17192,32,0,10,True,ht_chantry-random-7.scen,180
180,ht_chantry.map,planner,1,20607,17192,180,180,18944,17192,18,0,100,False,ht_chantry-random-7.scen,180
180,ht_chantry.map,planner,1,20125,17192,185,180,18715,17192,31,0,100,True,ht_chantry-random-7.scen,180
180,ht_chantry.map,planner,1,20607,17192,180,180,18944,17192,19,0,1000,False,ht_chantry-random-7.scen,180
180,ht_chantry.map,planner,1,20125,17192,185,180,18715,17192,29,0,1000,True,ht_chantry-random-7.scen,180
220,ht_chantry.map,planner,1,26325,20705,180,180,23351,20705,21,0,0,False,ht_chantry-random-7.scen,220
220,ht_chantry.map,planner,1,26325,20705,180,180,23351,20705,24,0,0,True,ht_chantry-random-7.scen,220
220,ht_chantry.map,planner,1,26325,20705,180,180,23351,20705,25,0,1,False,ht_chantry-random-7.scen,220
220,ht_chantry.map,planner,1,25756,20705,238,180,23000,20705,35,0,1,True,ht_chantry-random-7.scen,220
220,ht_chantry.map,planner,1,26325,20705,180,180,23351,20705,23,0,10,False,ht_chantry-random-7.scen,220
220,ht_chantry.map,planner,1,25854,20705,210,180,22924,20705,97,0,10,True,ht_chantry-random-7.scen,220
220,ht_chantry.map,planner,1,26325,20705,180,180,23351,20705,25,0,100,False,ht_chantry-random-7.scen,220
220,ht_chantry.map,planner,1,25736,20705,188,180,22893,20705,481,0,100,True,ht_chantry-random-7.scen,220
220,ht_chantry.map,planner,1,26325,20705,180,180,23351,20705,22,0,1000,False,ht_chantry-random-7.scen,220
220,ht_chantry.map,planner,1,25444,20705,192,180,22856,20705,1809,0,1000,True,ht_chantry-random-7.scen,220
260,ht_chantry.map,planner,1,30835,24302,181,180,27495,24302,28,0,0,False,ht_chantry-random-7.scen,260
260,ht_chantry.map,planner,1,30835,24302,181,180,27495,24302,29,0,0,True,ht_chantry-random-7.scen,260
260,ht_chantry.map,planner,1,30835,24302,181,180,27495,24302,28,0,1,False,ht_chantry-random-7.scen,260
260,ht_chantry.map,planner,1,30930,24302,184,180,27272,24302,41,0,1,True,ht_chantry-random-7.scen,260
260,ht_chantry.map,planner,1,30835,24302,181,180,27495,24302,29,0,10,False,ht_chantry-random-7.scen,260
260,ht_chantry.map,planner,1,30921,24302,188,180,27361,24302,144,0,10,True,ht_chantry-random-7.scen,260
260,ht_chantry.map,planner,1,30835,24302,181,180,27495,24302,26,0,100,False,ht_chantry-random-7.scen,260
260,ht_chantry.map,planner,1,30847,24302,225,180,27390,24302,897,0,100,True,ht_chantry-random-7.scen,260
260,ht_chantry.map,planner,1,30835,24302,181,180,27495,24302,28,0,1000,False,ht_chantry-random-7.scen,260
260,ht_chantry.map,planner,1,30461,24302,183,180,27037,24302,5525,0,1000,True,ht_chantry-random-7.scen,260
300,ht_chantry.map,planner,1,36409,27824,180,180,31905,27824,33,0,0,False,ht_chantry-random-7.scen,300
300,ht_chantry.map,planner,1,36409,27824,180,180,31905,27824,30,0,0,True,ht_chantry-random-7.scen,300
300,ht_chantry.map,planner,1,36409,27824,180,180,31905,27824,32,0,1,False,ht_chantry-random-7.scen,300
300,ht_chantry.map,planner,1,36732,27824,268,180,31666,27824,49,0,1,True,ht_chantry-random-7.scen,300
300,ht_chantry.map,planner,1,36409,27824,180,180,31905,27824,36,0,10,False,ht_chantry-random-7.scen,300
300,ht_chantry.map,planner,1,36299,27824,191,180,31660,27824,155,0,10,True,ht_chantry-random-7.scen,300
300,ht_chantry.map,planner,1,36409,27824,180,180,31905,27824,29,0,100,False,ht_chantry-random-7.scen,300
300,ht_chantry.map,planner,1,35771,27824,193,180,31423,27824,935,0,100,True,ht_chantry-random-7.scen,300
300,ht_chantry.map,planner,1,36409,27824,180,180,31905,27824,34,0,1000,False,ht_chantry-random-7.scen,300
300,ht_chantry.map,planner,1,35434,27824,197,180,31187,27824,7272,0,1000,True,ht_chantry-random-7.scen,300
340,ht_chantry.map,planner,1,42560,31405,186,180,36606,31405,38,0,0,False,ht_chantry-random-7.scen,340
340,ht_chantry.map,planner,1,42560,31405,186,180,36606,31405,39,0,0,True,ht_chantry-random-7.scen,340
340,ht_chantry.map,planner,1,42560,31405,186,180,36606,31405,37,0,1,False,ht_chantry-random-7.scen,340
340,ht_chantry.map,planner,1,41540,31405,191,180,36203,31405,48,0,1,True,ht_chantry-random-7.scen,340
340,ht_chantry.map,planner,1,42560,31405,186,180,36606,31405,40,0,10,False,ht_chantry-random-7.scen,340
340,ht_chantry.map,planner,1,41496,31405,211,180,35706,31405,151,0,10,True,ht_chantry-random-7.scen,340
340,ht_chantry.map,planner,1,42560,31405,186,180,36606,31405,37,0,100,False,ht_chantry-random-7.scen,340
340,ht_chantry.map,planner,1,41329,31405,237,180,35647,31405,1077,0,100,True,ht_chantry-random-7.scen,340
340,ht_chantry.map,planner,1,42560,31405,186,180,36606,31405,38,0,1000,False,ht_chantry-random-7.scen,340
340,ht_chantry.map,planner,1,42009,31405,243,180,35840,31405,9319,0,1000,True,ht_chantry-random-7.scen,340
380,ht_chantry.map,planner,1,48141,35193,205,184,41644,35193,45,0,0,False,ht_chantry-random-7.scen,380
380,ht_chantry.map,planner,1,48141,35193,205,184,41644,35193,44,0,0,True,ht_chantry-random-7.scen,380
380,ht_chantry.map,planner,1,48141,35193,205,184,41644,35193,42,0,1,False,ht_chantry-random-7.scen,380
380,ht_chantry.map,planner,1,47778,35193,190,184,41298,35193,62,0,1,True,ht_chantry-random-7.scen,380
380,ht_chantry.map,planner,1,48141,35193,205,184,41644,35193,43,0,10,False,ht_chantry-random-7.scen,380
380,ht_chantry.map,planner,1,47390,35193,200,184,40960,35193,225,0,10,True,ht_chantry-random-7.scen,380
380,ht_chantry.map,planner,1,48141,35193,205,184,41644,35193,46,0,100,False,ht_chantry-random-7.scen,380
380,ht_chantry.map,planner,1,46921,35193,191,184,40723,35193,1857,0,100,True,ht_chantry-random-7.scen,380
380,ht_chantry.map,planner,1,48141,35193,205,184,41644,35193,44,0,1000,False,ht_chantry-random-7.scen,380
380,ht_chantry.map,planner,1,46482,35193,197,184,40361,35193,12766,0,1000,True,ht_chantry-random-7.scen,380
420,ht_chantry.map,planner,1,55243,38963,195,189,46764,38963,45,0,0,False,ht_chantry-random-7.scen,420
420,ht_chantry.map,planner,1,55243,38963,195,189,46764,38963,49,0,0,True,ht_chantry-random-7.scen,420
420,ht_chantry.map,planner,1,55243,38963,195,189,46764,38963,50,0,1,False,ht_chantry-random-7.scen,420
420,ht_chantry.map,planner,1,54510,38963,256,189,45716,38963,73,0,1,True,ht_chantry-random-7.scen,420
420,ht_chantry.map,planner,1,55243,38963,195,189,46764,38963,48,0,10,False,ht_chantry-random-7.scen,420
420,ht_chantry.map,planner,1,53227,38963,193,189,45079,38963,208,0,10,True,ht_chantry-random-7.scen,420
420,ht_chantry.map,planner,1,55243,38963,195,189,46764,38963,44,0,100,False,ht_chantry-random-7.scen,420
420,ht_chantry.map,planner,1,53263,38963,195,189,45264,38963,1578,0,100,True,ht_chantry-random-7.scen,420
420,ht_chantry.map,planner,1,55243,38963,195,189,46764,38963,47,0,1000,False,ht_chantry-random-7.scen,420
420,ht_chantry.map,planner,1,53918,38963,246,189,45556,38963,16902,0,1000,True,ht_chantry-random-7.scen,420
460,ht_chantry.map,planner,1,61654,42527,214,189,52107,42527,59,0,0,False,ht_chantry-random-7.scen,460
460,ht_chantry.map,planner,1,61654,42527,214,189,52107,42527,58,0,0,True,ht_chantry-random-7.scen,460
460,ht_chantry.map,planner,1,61654,42527,214,189,52107,42527,48,0,1,False,ht_chantry-random-7.scen,460
460,ht_chantry.map,planner,1,60390,42527,202,189,51347,42527,83,0,1,True,ht_chantry-random-7.scen,460
460,ht_chantry.map,planner,1,61654,42527,214,189,52107,42527,59,0,10,False,ht_chantry-random-7.scen,460
460,ht_chantry.map,planner,1,60789,42527,279,189,51025,42527,259,0,10,True,ht_chantry-random-7.scen,460
460,ht_chantry.map,planner,1,61654,42527,214,189,52107,42527,53,0,100,False,ht_chantry-random-7.scen,460
460,ht_chantry.map,planner,1,59879,42527,196,189,50171,42527,1916,0,100,True,ht_chantry-random-7.scen,460
460,ht_chantry.map,planner,1,61654,42527,214,189,52107,42527,58,0,1000,False,ht_chantry-random-7.scen,460
460,ht_chantry.map,planner,1,59988,42527,204,189,50288,42527,18050,0,1000,True,ht_chantry-random-7.scen,460
500,ht_chantry.map,planner,1,68898,46166,216,189,56984,46166,62,0,0,False,ht_chantry-random-7.scen,500
500,ht_chantry.map,planner,1,68898,46166,216,189,56984,46166,64,0,0,True,ht_chantry-random-7.scen,500
500,ht_chantry.map,planner,1,68898,46166,216,189,56984,46166,62,0,1,False,ht_chantry-random-7.scen,500
500,ht_chantry.map,planner,1,68837,46166,204,189,57080,46166,91,0,1,True,ht_chantry-random-7.scen,500
500,ht_chantry.map,planner,1,68898,46166,216,189,56984,46166,62,0,10,False,ht_chantry-random-7.scen,500
500,ht_chantry.map,planner,1,66890,46166,208,189,56345,46166,317,0,10,True,ht_chantry-random-7.scen,500
500,ht_chantry.map,planner,1,68898,46166,216,189,56984,46166,61,0,100,False,ht_chantry-random-7.scen,500
500,ht_chantry.map,planner,1,66323,46166,206,189,55770,46166,2488,0,100,True,ht_chantry-random-7.scen,500
500,ht_chantry.map,planner,1,68898,46166,216,189,56984,46166,62,0,1000,False,ht_chantry-random-7.scen,500
500,ht_chantry.map,planner,1,66719,46166,258,189,55453,46166,20993,0,1000,True,ht_chantry-random-7.scen,500
540,ht_chantry.map,planner,1,76432,50026,208,189,63069,50026,67,0,0,False,ht_chantry-random-7.scen,540
540,ht_chantry.map,planner,1,76432,50026,208,189,63069,50026,71,0,0,True,ht_chantry-random-7.scen,540
540,ht_chantry.map,planner,1,76432,50026,208,189,63069,50026,68,0,1,False,ht_chantry-random-7.scen,540
540,ht_chantry.map,planner,1,75477,50026,216,189,62143,50026,96,0,1,True,ht_chantry-random-7.scen,540
540,ht_chantry.map,planner,1,76432,50026,208,189,63069,50026,66,0,10,False,ht_chantry-random-7.scen,540
540,ht_chantry.map,planner,1,73452,50026,223,189,60951,50026,342,0,10,True,ht_chantry-random-7.scen,540
540,ht_chantry.map,planner,1,76432,50026,208,189,63069,50026,67,0,100,False,ht_chantry-random-7.scen,540
540,ht_chantry.map,planner,1,74132,50026,226,189,60696,50026,2484,0,100,True,ht_chantry-random-7.scen,540
540,ht_chantry.map,planner,1,76432,50026,208,189,63069,50026,70,0,1000,False,ht_chantry-random-7.scen,540
540,ht_chantry.map,planner,1,73400,50026,219,189,60812,50026,24399,0,1000,True,ht_chantry-random-7.scen,540
580,ht_chantry.map,planner,1,84343,53672,228,189,69282,53672,68,0,0,False,ht_chantry-random-7.scen,580
580,ht_chantry.map,planner,1,84343,53672,228,189,69282,53672,76,0,0,True,ht_chantry-random-7.scen,580
580,ht_chantry.map,planner,1,84343,53672,228,189,69282,53672,71,0,1,False,ht_chantry-random-7.scen,580
580,ht_chantry.map,planner,1,82733,53672,217,189,67815,53672,107,0,1,True,ht_chantry-random-7.scen,580
580,ht_chantry.map,planner,1,84343,53672,228,189,69282,53672,68,0,10,False,ht_chantry-random-7.scen,580
580,ht_chantry.map,planner,1,82428,53672,252,189,67769,53672,379,0,10,True,ht_chantry-random-7.scen,580
580,ht_chantry.map,planner,1,84343,53672,228,189,69282,53672,78,0,100,False,ht_chantry-random-7.scen,580
580,ht_chantry.map,planner,1,81364,53672,210,189,67362,53672,2816,0,100,True,ht_chantry-random-7.scen,580
580,ht_chantry.map,planner,1,84343,53672,228,189,69282,53672,68,0,1000,False,ht_chantry-random-7.scen,580
580,ht_chantry.map,planner,1,82286,53672,213,189,67044,53672,27602,0,1000,True,ht_chantry-random-7.scen,580
620,ht_chantry.map,planner,1,93676,57241,227,189,75635,57241,82,0,0,False,ht_chantry-random-7.scen,620
620,ht_chantry.map,planner,1,93676,57241,227,189,75635,57241,82,0,0,True,ht_chantry-random-7.scen,620
620,ht_chantry.map,planner,1,93676,57241,227,189,75635,57241,76,0,1,False,ht_chantry-random-7.scen,620
620,ht_chantry.map,planner,1,89676,57241,218,189,73249,57241,114,0,1,True,ht_chantry-random-7.scen,620
620,ht_chantry.map,planner,1,93676,57241,227,189,75635,57241,76,0,10,False,ht_chantry-random-7.scen,620
620,ht_chantry.map,planner,1,90051,57241,220,189,73224,57241,411,0,10,True,ht_chantry-random-7.scen,620
620,ht_chantry.map,planner,1,93676,57241,227,189,75635,57241,76,0,100,False,ht_chantry-random-7.scen,620
620,ht_chantry.map,planner,1,90617,57241,223,189,73804,57241,3664,0,100,True,ht_chantry-random-7.scen,620
620,ht_chantry.map,planner,1,93676,57241,227,189,75635,57241,77,0,1000,False,ht_chantry-random-7.scen,620
620,ht_chantry.map,planner,1,90462,57241,225,189,73373,57241,33846,0,1000,True,ht_chantry-random-7.scen,620
660,ht_chantry.map,planner,1,99903,60806,229,189,81107,60806,83,0,0,False,ht_chantry-random-7.scen,660
660,ht_chantry.map,planner,1,99903,60806,229,189,81107,60806,91,0,0,True,ht_chantry-random-7.scen,660
660,ht_chantry.map,planner,1,99903,60806,229,189,81107,60806,83,0,1,False,ht_chantry-random-7.scen,660
660,ht_chantry.map,planner,1,101812,60806,248,189,81849,60806,130,0,1,True,ht_chantry-random-7.scen,660
660,ht_chantry.map,planner,1,99903,60806,229,189,81107,60806,81,0,10,False,ht_chantry-random-7.scen,660
660,ht_chantry.map,planner,1,98617,60806,234,189,80395,60806,456,0,10,True,ht_chantry-random-7.scen,660
660,ht_chantry.map,planner,1,99903,60806,229,189,81107,60806,76,0,100,False,ht_chantry-random-7.scen,660
660,ht_chantry.map,planner,1,98735,60806,227,189,79990,60806,3720,0,100,True,ht_chantry-random-7.scen,660
660,ht_chantry.map,planner,1,99903,60806,229,189,81107,60806,79,0,1000,False,ht_chantry-random-7.scen,660
660,ht_chantry.map,planner,1,100325,60806,222,189,79802,60806,39170,0,1000,True,ht_chantry-random-7.scen,660
700,ht_chantry.map,planner,1,111167,65088,255,189,88872,65088,89,0,0,False,ht_chantry-random-7.scen,700
700,ht_chantry.map,planner,1,111167,65088,255,189,88872,65088,97,0,0,True,ht_chantry-random-7.scen,700
700,ht_chantry.map,planner,1,111167,65088,255,189,88872,65088,86,0,1,False,ht_chantry-random-7.scen,700
700,ht_chantry.map,planner,1,111079,65088,234,189,88993,65088,147,0,1,True,ht_chantry-random-7.scen,700
700,ht_chantry.map,planner,1,111167,65088,255,189,88872,65088,92,0,10,False,ht_chantry-random-7.scen,700
700,ht_chantry.map,planner,1,109846,65088,240,189,88827,65088,528,0,10,True,ht_chantry-random-7.scen,700
700,ht_chantry.map,planner,1,111167,65088,255,189,88872,65088,91,0,100,False,ht_chantry-random-7.scen,700
700,ht_chantry.map,planner,1,107612,65088,229,189,87299,65088,4128,0,100,True,ht_chantry-random-7.scen,700
700,ht_chantry.map,planner,1,111167,65088,255,189,88872,65088,91,0,1000,False,ht_chantry-random-7.scen,700
700,ht_chantry.map,planner,1,111296,65088,267,189,89206,65088,42681,0,1000,True,ht_chantry-random-7.scen,700
740,ht_chantry.map,planner,1,119670,68893,239,189,95175,68893,96,0,0,False,ht_chantry-random-7.scen,740
740,ht_chantry.map,planner,1,119670,68893,239,189,95175,68893,104,0,0,True,ht_chantry-random-7.scen,740
740,ht_chantry.map,planner,1,119670,68893,239,189,95175,68893,94,0,1,False,ht_chantry-random-7.scen,740
740,ht_chantry.map,planner,1,117247,68893,285,189,93961,68893,158,0,1,True,ht_chantry-random-7.scen,740
740,ht_chantry.map,planner,1,119670,68893,239,189,95175,68893,95,0,10,False,ht_chantry-random-7.scen,740
740,ht_chantry.map,planner,1,116691,68893,242,189,94021,68893,532,0,10,True,ht_chantry-random-7.scen,740
740,ht_chantry.map,planner,1,119670,68893,239,189,95175,68893,94,0,100,False,ht_chantry-random-7.scen,740
740,ht_chantry.map,planner,1,116791,68893,239,189,94810,68893,4252,0,100,True,ht_chantry-random-7.scen,740
740,ht_chantry.map,planner,1,119670,68893,239,189,95175,68893,95,0,1000,False,ht_chantry-random-7.scen,740
740,ht_chantry.map,planner,1,117285,68893,234,189,93878,68893,43359,0,1000,True,ht_chantry-random-7.scen,740
780,ht_chantry.map,planner,1,132058,73022,263,200,105453,73022,107,0,0,False,ht_chantry-random-7.scen,780
780,ht_chantry.map,planner,1,132058,73022,263,200,105453,73022,125,0,0,True,ht_chantry-random-7.scen,780
780,ht_chantry.map,planner,1,132058,73022,263,200,105453,73022,110,0,1,False,ht_chantry-random-7.scen,780
780,ht_chantry.map,planner,1,130294,73022,274,200,103941,73022,173,0,1,True,ht_chantry-random-7.scen,780
780,ht_chantry.map,planner,1,132058,73022,263,200,105453,73022,108,0,10,False,ht_chantry-random-7.scen,780
780,ht_chantry.map,planner,1,130031,73022,280,200,103382,73022,590,0,10,True,ht_chantry-random-7.scen,780
780,ht_chantry.map,planner,1,132058,73022,263,200,105453,73022,107,0,100,False,ht_chantry-random-7.scen,780
780,ht_chantry.map,planner,1,131313,73022,293,200,102878,73022,4568,0,100,True,ht_chantry-random-7.scen,780
780,ht_chantry.map,planner,1,132058,73022,263,200,105453,73022,113,0,1000,False,ht_chantry-random-7.scen,780
780,ht_chantry.map,planner,1,133228,73022,256,200,104220,73022,48149,0,1000,True,ht_chantry-random-7.scen,780
820,ht_chantry.map,planner,1,141098,76722,265,200,111566,76722,119,0,0,False,ht_chantry-random-7.scen,820
820,ht_chantry.map,planner,1,141098,76722,265,200,111566,76722,136,0,0,True,ht_chantry-random-7.scen,820
820,ht_chantry.map,planner,1,141098,76722,265,200,111566,76722,112,0,1,False,ht_chantry-random-7.scen,820
820,ht_chantry.map,planner,1,140158,76722,296,200,110570,76722,184,0,1,True,ht_chantry-random-7.scen,820
820,ht_chantry.map,planner,1,141098,76722,265,200,111566,76722,116,0,10,False,ht_chantry-random-7.scen,820
820,ht_chantry.map,planner,1,142139,76722,320,200,111592,76722,671,0,10,True,ht_chantry-random-7.scen,820
820,ht_chantry.map,planner,1,141098,76722,265,200,111566,76722,111,0,100,False,ht_chantry-random-7.scen,820
820,ht_chantry.map,planner,1,139841,76722,254,200,110730,76722,4988,0,100,True,ht_chantry-random-7.scen,820
820,ht_chantry.map,planner,1,141098,76722,265,200,111566,76722,116,0,1000,False,ht_chantry-random-7.scen,820
820,ht_chantry.map,planner,1,138186,76722,287,200,110204,76722,52260,0,1000,True,ht_chantry-random-7.scen,820
860,ht_chantry.map,planner,1,152271,80949,272,200,120885,80949,121,0,0,False,ht_chantry-random-7.scen,860
860,ht_chantry.map,planner,1,152271,80949,272,200,120885,80949,139,0,0,True,ht_chantry-random-7.scen,860
860,ht_chantry.map,planner,1,152271,80949,272,200,120885,80949,117,0,1,False,ht_chantry-random-7.scen,860
860,ht_chantry.map,planner,1,149528,80949,262,200,118827,80949,184,0,1,True,ht_chantry-random-7.scen,860
860,ht_chantry.map,planner,1,152271,80949,272,200,120885,80949,114,0,10,False,ht_chantry-random-7.scen,860
860,ht_chantry.map,planner,1,154898,80949,346,200,121335,80949,707,0,10,True,ht_chantry-random-7.scen,860
860,ht_chantry.map,planner,1,152271,80949,272,200,120885,80949,125,0,100,False,ht_chantry-random-7.scen,860
860,ht_chantry.map,planner,1,150618,80949,285,200,118332,80949,5255,0,100,True,ht_chantry-random-7.scen,860
860,ht_chantry.map,planner,1,152271,80949,272,200,120885,80949,117,0,1000,False,ht_chantry-random-7.scen,860
860,ht_chantry.map,planner,1,148299,80949,257,200,116759,80949,51544,0,1000,True,ht_chantry-random-7.scen,860
900,ht_chantry.map,planner,1,164764,84710,276,200,128461,84710,136,0,0,False,ht_chantry-random-7.scen,900
900,ht_chantry.map,planner,1,164764,84710,276,200,128461,84710,149,0,0,True,ht_chantry-random-7.scen,900
900,ht_chantry.map,planner,1,164764,84710,276,200,128461,84710,126,0,1,False,ht_chantry-random-7.scen,900
900,ht_chantry.map,planner,1,158598,84710,298,200,125207,84710,202,0,1,True,ht_chantry-random-7.scen,900
900,ht_chantry.map,planner,1,164764,84710,276,200,128461,84710,127,0,10,False,ht_chantry-random-7.scen,900
900,ht_chantry.map,planner,1,160401,84710,300,200,126530,84710,714,0,10,True,ht_chantry-random-7.scen,900
900,ht_chantry.map,planner,1,164764,84710,276,200,128461,84710,126,0,100,False,ht_chantry-random-7.scen,900
900,ht_chantry.map,planner,1,162934,84710,278,200,129163,84710,5966,0,100,True,ht_chantry-random-7.scen,900
900,ht_chantry.map,planner,1,164764,84710,276,200,128461,84710,128,0,1000,False,ht_chantry-random-7.scen,900
20,ht_chantry.map,planner,1,2135,1918,191,191,1949,1918,2,0,0,False,ht_chantry-random-9.scen,20
20,ht_chantry.map,planner,1,2135,1918,191,191,1949,1918,2,0,0,True,ht_chantry-random-9.scen,20
20,ht_chantry.map,planner,1,2135,1918,191,191,1949,1918,2,0,1,False,ht_chantry-random-9.scen,20
20,ht_chantry.map,planner,1,2135,1918,191,191,1949,1918,2,0,1,True,ht_chantry-random-9.scen,20
20,ht_chantry.map,planner,1,2135,1918,191,191,1949,1918,2,0,10,False,ht_chantry-random-9.scen,20
20,ht_chantry.map,planner,1,2135,1918,191,191,1949,1918,2,0,10,True,ht_chantry-random-9.scen,20
20,ht_chantry.map,planner,1,2135,1918,191,191,1949,1918,2,0,100,False,ht_chantry-random-9.scen,20
20,ht_chantry.map,planner,1,2135,1918,191,191,1949,1918,2,0,100,True,ht_chantry-random-9.scen,20
20,ht_chantry.map,planner,1,2135,1918,191,191,1949,1918,2,0,1000,False,ht_chantry-random-9.scen,20
20,ht_chantry.map,planner,1,2135,1918,191,191,1949,1918,2,0,1000,True,ht_chantry-random-9.scen,20
60,ht_chantry.map,planner,1,6417,5720,191,191,5885,5720,5,0,0,False,ht_chantry-random-9.scen,60
60,ht_chantry.map,planner,1,6417,5720,191,191,5885,5720,6,0,0,True,ht_chantry-random-9.scen,60
60,ht_chantry.map,planner,1,6417,5720,191,191,5885,5720,6,0,1,False,ht_chantry-random-9.scen,60
60,ht_chantry.map,planner,1,6417,5720,191,191,5885,5720,6,0,1,True,ht_chantry-random-9.scen,60
60,ht_chantry.map,planner,1,6417,5720,191,191,5885,5720,6,0,10,False,ht_chantry-random-9.scen,60
60,ht_chantry.map,planner,1,6417,5720,191,191,5885,5720,5,0,10,True,ht_chantry-random-9.scen,60
60,ht_chantry.map,planner,1,6417,5720,191,191,5885,5720,6,0,100,False,ht_chantry-random-9.scen,60
60,ht_chantry.map,planner,1,6417,5720,191,191,5885,5720,6,0,100,True,ht_chantry-random-9.scen,60
60,ht_chantry.map,planner,1,6417,5720,191,191,5885,5720,5,0,1000,False,ht_chantry-random-9.scen,60
60,ht_chantry.map,planner,1,6417,5720,191,191,5885,5720,6,0,1000,True,ht_chantry-random-9.scen,60
100,ht_chantry.map,planner,1,10870,9618,202,202,10145,9618,11,0,0,False,ht_chantry-random-9.scen,100
100,ht_chantry.map,planner,1,10870,9618,202,202,10145,9618,9,0,0,True,ht_chantry-random-9.scen,100
100,ht_chantry.map,planner,1,10870,9618,202,202,10145,9618,9,0,1,False,ht_chantry-random-9.scen,100
100,ht_chantry.map,planner,1,10700,9618,202,202,10079,9618,10,0,1,True,ht_chantry-random-9.scen,100
100,ht_chantry.map,planner,1,10870,9618,202,202,10145,9618,9,0,10,False,ht_chantry-random-9.scen,100
100,ht_chantry.map,planner,1,10700,9618,202,202,10079,9618,10,0,10,True,ht_chantry-random-9.scen,100
100,ht_chantry.map,planner,1,10870,9618,202,202,10145,9618,10,0,100,False,ht_chantry-random-9.scen,100
100,ht_chantry.map,planner,1,10700,9618,202,202,10079,9618,10,0,100,True,ht_chantry-random-9.scen,100
100,ht_chantry.map,planner,1,10870,9618,202,202,10145,9618,9,0,1000,False,ht_chantry-random-9.scen,100
100,ht_chantry.map,planner,1,10700,9618,202,202,10079,9618,9,0,1000,True,ht_chantry-random-9.scen,100
140,ht_chantry.map,planner,1,15730,13349,202,202,14449,13349,15,0,0,False,ht_chantry-random-9.scen,140
140,ht_chantry.map,planner,1,15730,13349,202,202,14449,13349,14,0,0,True,ht_chantry-random-9.scen,140
140,ht_chantry.map,planner,1,15730,13349,202,202,14449,13349,13,0,1,False,ht_chantry-random-9.scen,140
140,ht_chantry.map,planner,1,15488,13349,204,202,14258,13349,16,0,1,True,ht_chantry-random-9.scen,140
140,ht_chantry.map,planner,1,15730,13349,202,202,14449,13349,15,0,10,False,ht_chantry-random-9.scen,140
140,ht_chantry.map,planner,1,15488,13349,204,202,14258,13349,14,0,10,True,ht_chantry-random-9.scen,140
140,ht_chantry.map,planner,1,15730,13349,202,202,14449,13349,15,0,100,False,ht_chantry-random-9.scen,140
140,ht_chantry.map,planner,1,15488,13349,204,202,14258,13349,14,0,100,True,ht_chantry-random-9.scen,140
140,ht_chantry.map,planner,1,15730,13349,202,202,14449,13349,15,0,1000,False,ht_chantry-random-9.scen,140
140,ht_chantry.map,planner,1,15488,13349,204,202,14258,13349,15,0,1000,True,ht_chantry-random-9.scen,140
180,ht_chantry.map,planner,1,21602,17502,202,202,19205,17502,19,0,0,False,ht_chantry-random-9.scen,180
180,ht_chantry.map,planner,1,21602,17502,202,202,19205,17502,20,0,0,True,ht_chantry-random-9.scen,180
180,ht_chantry.map,planner,1,21602,17502,202,202,19205,17502,18,0,1,False,ht_chantry-random-9.scen,180
180,ht_chantry.map,planner,1,21029,17502,204,202,18885,17502,22,0,1,True,ht_chantry-random-9.scen,180
180,ht_chantry.map,planner,1,21602,17502,202,202,19205,17502,21,0,10,False,ht_chantry-random-9.scen,180
180,ht_chantry.map,planner,1,21161,17502,204,202,18933,17502,22,0,10,True,ht_chantry-random-9.scen,180
180,ht_chantry.map,planner,1,21602,17502,202,202,19205,17502,19,0,100,False,ht_chantry-random-9.scen,180
180,ht_chantry.map,planner,1,21161,17502,204,202,18933,17502,20,0,100,True,ht_chantry-random-9.scen,180
180,ht_chantry.map,planner,1,21602,17502,202,202,19205,17502,18,0,1000,False,ht_chantry-random-9.scen,180
180,ht_chantry.map,planner,1,21161,17502,204,202,18933,17502,20,0,1000,True,ht_chantry-random-9.scen,180
220,ht_chantry.map,planner,1,26290,21063,202,202,23214,21063,24,0,0,False,ht_chantry-random-9.scen,220
220,ht_chantry.map,planner,1,26290,21063,202,202,23214,21063,25,0,0,True,ht_chantry-random-9.scen,220
220,ht_chantry.map,planner,1,26290,21063,202,202,23214,21063,24,0,1,False,ht_chantry-random-9.scen,220
220,ht_chantry.map,planner,1,26455,21063,206,202,23156,21063,29,0,1,True,ht_chantry-random-9.scen,220
220,ht_chantry.map,planner,1,26290,21063,202,202,23214,21063,24,0,10,False,ht_chantry-random-9.scen,220
220,ht_chantry.map,planner,1,26291,21063,202,202,23102,21063,35,0,10,True,ht_chantry-random-9.scen,220
220,ht_chantry.map,planner,1,26290,21063,202,202,23214,21063,24,0,100,False,ht_chantry-random-9.scen,220
220,ht_chantry.map,planner,1,26111,21063,202,202,23110,21063,41,0,100,True,ht_chantry-random-9.scen,220
220,ht_chantry.map,planner,1,26290,21063,202,202,23214,21063,23,0,1000,False,ht_chantry-random-9.scen,220
220,ht_chantry.map,planner,1,26111,21063,202,202,23110,21063,43,0,1000,True,ht_chantry-random-9.scen,220
260,ht_chantry.map,planner,1,31417,24946,202,202,27609,24946,30,0,0,False,ht_chantry-random-9.scen,260
260,ht_chantry.map,planner,1,31417,24946,202,202,27609,24946,30,0,0,True,ht_chantry-random-9.scen,260
260,ht_chantry.map,planner,1,31417,24946,202,202,27609,24946,30,0,1,False,ht_chantry-random-9.scen,260
260,ht_chantry.map,planner,1,31501,24946,202,202,27621,24946,37,0,1,True,ht_chantry-random-9.scen,260
260,ht_chantry.map,planner,1,31417,24946,202,202,27609,24946,28,0,10,False,ht_chantry-random-9.scen,260
260,ht_chantry.map,planner,1,31086,24946,207,202,27298,24946,72,0,10,True,ht_chantry-random-9.scen,260
260,ht_chantry.map,planner,1,31417,24946,202,202,27609,24946,30,0,100,False,ht_chantry-random-9.scen,260
260,ht_chantry.map,planner,1,31615,24946,202,202,27372,24946,167,0,100,True,ht_chantry-random-9.scen,260
260,ht_chantry.map,planner,1,31417,24946,202,202,27609,24946,31,0,1000,False,ht_chantry-random-9.scen,260
260,ht_chantry.map,planner,1,31571,24946,202,202,27343,24946,1342,0,1000,True,ht_chantry-random-9.scen,260
300,ht_chantry.map,planner,1,37749,28996,202,202,32711,28996,34,0,0,False,ht_chantry-random-9.scen,300
300,ht_chantry.map,planner,1,37749,28996,202,202,32711,28996,36,0,0,True,ht_chantry-random-9.scen,300
300,ht_chantry.map,planner,1,37749,28996,202,202,32711,28996,32,0,1,False,ht_chantry-random-9.scen,300
300,ht_chantry.map,planner,1,37665,28996,202,202,32472,28996,45,0,1,True,ht_chantry-random-9.scen,300
300,ht_chantry.map,planner,1,37749,28996,202,202,32711,28996,34,0,10,False,ht_chantry-random-9.scen,300
300,ht_chantry.map,planner,1,37826,28996,215,202,32353,28996,101,0,10,True,ht_chantry-random-9.scen,300
300,ht_chantry.map,planner,1,37749,28996,202,202,32711,28996,34,0,100,False,ht_chantry-random-9.scen,300
300,ht_chantry.map,planner,1,36950,28996,205,202,32182,28996,614,0,100,True,ht_chantry-random-9.scen,300
300,ht_chantry.map,planner,1,37749,28996,202,202,32711,28996,32,0,1000,False,ht_chantry-random-9.scen,300
300,ht_chantry.map,planner,1,37270,28996,205,202,32100,28996,4265,0,1000,True,ht_chantry-random-9.scen,300
340,ht_chantry.map,planner,1,43604,32390,202,202,37279,32390,37,0,0,False,ht_chantry-random-9.scen,340
340,ht_chantry.map,planner,1,43604,32390,202,202,37279,32390,38,0,0,True,ht_chantry-random-9.scen,340
340,ht_chantry.map,planner,1,43604,32390,202,202,37279,32390,37,0,1,False,ht_chantry-random-9.scen,340
340,ht_chantry.map,planner,1,43154,32390,202,202,36974,32390,56,0,1,True,ht_chantry-random-9.scen,340
340,ht_chantry.map,planner,1,43604,32390,202,202,37279,32390,40,0,10,False,ht_chantry-random-9.scen,340
340,ht_chantry.map,planner,1,42422,32390,202,202,36508,32390,141,0,10,True,ht_chantry-random-9.scen,340
340,ht_chantry.map,planner,1,43604,32390,202,202,37279,32390,41,0,100,False,ht_chantry-random-9.scen,340
340,ht_chantry.map,planner,1,43210,32390,204,202,36585,32390,851,0,100,True,ht_chantry-random-9.scen,340
340,ht_chantry.map,planner,1,43604,32390,202,202,37279,32390,37,0,1000,False,ht_chantry-random-9.scen,340
340,ht_chantry.map,planner,1,42826,32390,210,202,36471,32390,7620,0,1000,True,ht_chantry-random-9.scen,340
380,ht_chantry.map,planner,1,49543,36103,209,202,41971,36103,44,0,0,False,ht_chantry-random-9.scen,380
380,ht_chantry.map,planner,1,49543,36103,209,202,41971,36103,44,0,0,True,ht_chantry-random-9.scen,380
380,ht_chantry.map,planner,1,49543,36103,209,202,41971,36103,46,0,1,False,ht_chantry-random-9.scen,380
380,ht_chantry.map,planner,1,49703,36103,202,202,41994,36103,61,0,1,True,ht_chantry-random-9.scen,380
380,ht_chantry.map,planner,1,49543,36103,209,202,41971,36103,46,0,10,False,ht_chantry-random-9.scen,380
380,ht_chantry.map,planner,1,49016,36103,202,202,41585,36103,212,0,10,True,ht_chantry-random-9.scen,380
380,ht_chantry.map,planner,1,49543,36103,209,202,41971,36103,40,0,100,False,ht_chantry-random-9.scen,380
380,ht_chantry.map,planner,1,49250,36103,202,202,41276,36103,1437,0,100,True,ht_chantry-random-9.scen,380
380,ht_chantry.map,planner,1,49543,36103,209,202,41971,36103,44,0,1000,False,ht_chantry-random-9.scen,380
380,ht_chantry.map,planner,1,48004,36103,202,202,40768,36103,10798,0,1000,True,ht_chantry-random-9.scen,380
420,ht_chantry.map,planner,1,56318,39975,205,202,47337,39975,47,0,0,False,ht_chantry-random-9.scen,420
420,ht_chantry.map,planner,1,56318,39975,205,202,47337,39975,52,0,0,True,ht_chantry-random-9.scen,420
420,ht_chantry.map,planner,1,56318,39975,205,202,47337,39975,52,0,1,False,ht_chantry-random-9.scen,420
420,ht_chantry.map,planner,1,56039,39975,209,202,46966,39975,74,0,1,True,ht_chantry-random-9.scen,420
420,ht_chantry.map,planner,1,56318,39975,205,202,47337,39975,51,0,10,False,ht_chantry-random-9.scen,420
420,ht_chantry.map,planner,1,55324,39975,202,202,46411,39975,247,0,10,True,ht_chantry-random-9.scen,420
420,ht_chantry.map,planner,1,56318,39975,205,202,47337,39975,50,0,100,False,ht_chantry-random-9.scen,420
420,ht_chantry.map,planner,1,54990,39975,209,202,46256,39975,1764,0,100,True,ht_chantry-random-9.scen,420
420,ht_chantry.map,planner,1,56318,39975,205,202,47337,39975,51,0,1000,False,ht_chantry-random-9.scen,420
420,ht_chantry.map,planner,1,55316,39975,205,202,46647,39975,19721,0,1000,True,ht_chantry-random-9.scen,420
460,ht_chantry.map,planner,1,63751,44219,204,202,53833,44219,53,0,0,False,ht_chantry-random-9.scen,460
460,ht_chantry.map,planner,1,63751,44219,204,202,53833,44219,57,0,0,True,ht_chantry-random-9.scen,460
460,ht_chantry.map,planner,1,63751,44219,204,202,53833,44219,55,0,1,False,ht_chantry-random-9.scen,460
460,ht_chantry.map,planner,1,62937,44219,206,202,52967,44219,82,0,1,True,ht_chantry-random-9.scen,460
460,ht_chantry.map,planner,1,63751,44219,204,202,53833,44219,52,0,10,False,ht_chantry-random-9.scen,460
460,ht_chantry.map,planner,1,63460,44219,249,202,53255,44219,295,0,10,True,ht_chantry-random-9.scen,460
460,ht_chantry.map,planner,1,63751,44219,204,202,53833,44219,56,0,100,False,ht_chantry-random-9.scen,460
460,ht_chantry.map,planner,1,62779,44219,244,202,53093,44219,2664,0,100,True,ht_chantry-random-9.scen,460
460,ht_chantry.map,planner,1,63751,44219,204,202,53833,44219,54,0,1000,False,ht_chantry-random-9.scen,460
460,ht_chantry.map,planner,1,61672,44219,218,202,52176,44219,21408,0,1000,True,ht_chantry-random-9.scen,460
500,ht_chantry.map,planner,1,69783,48273,210,202,59013,48273,63,0,0,False,ht_chantry-random-9.scen,500
500,ht_chantry.map,planner,1,69783,48273,210,202,59013,48273,65,0,0,True,ht_chantry-random-9.scen,500
500,ht_chantry.map,planner,1,69783,48273,210,202,59013,48273,62,0,1,False,ht_chantry-random-9.scen,500
500,ht_chantry.map,planner,1,68451,48273,203,202,58128,48273,86,0,1,True,ht_chantry-random-9.scen,500
500,ht_chantry.map,planner,1,69783,48273,210,202,59013,48273,62,0,10,False,ht_chantry-random-9.scen,500
500,ht_chantry.map,planner,1,69168,48273,208,202,58434,48273,321,0,10,True,ht_chantry-random-9.scen,500
500,ht_chantry.map,planner,1,69783,48273,210,202,59013,48273,63,0,100,False,ht_chantry-random-9.scen,500
500,ht_chantry.map,planner,1,68886,48273,225,202,58028,48273,2723,0,100,True,ht_chantry-random-9.scen,500
500,ht_chantry.map,planner,1,69783,48273,210,202,59013,48273,64,0,1000,False,ht_chantry-random-9.scen,500
500,ht_chantry.map,planner,1,69172,48273,261,202,58452,48273,27267,0,1000,True,ht_chantry-random-9.scen,500
540,ht_chantry.map,planner,1,78013,51516,214,202,64671,51516,64,0,0,False,ht_chantry-random-9.scen,540
540,ht_chantry.map,planner,1,78013,51516,214,202,64671,51516,69,0,0,True,ht_chantry-random-9.scen,540
540,ht_chantry.map,planner,1,78013,51516,214,202,64671,51516,68,0,1,False,ht_chantry-random-9.scen,540
540,ht_chantry.map,planner,1,76490,51516,216,202,63421,51516,100,0,1,True,ht_chantry-random-9.scen,540
540,ht_chantry.map,planner,1,78013,51516,214,202,64671,51516,63,0,10,False,ht_chantry-random-9.scen,540
540,ht_chantry.map,planner,1,76957,51516,215,202,63584,51516,362,0,10,True,ht_chantry-random-9.scen,540
540,ht_chantry.map,planner,1,78013,51516,214,202,64671,51516,65,0,100,False,ht_chantry-random-9.scen,540
540,ht_chantry.map,planner,1,75567,51516,215,202,63195,51516,3253,0,100,True,ht_chantry-random-9.scen,540
540,ht_chantry.map,planner,1,78013,51516,214,202,64671,51516,67,0,1000,False,ht_chantry-random-9.scen,540
540,ht_chantry.map,planner,1,75543,51516,215,202,62782,51516,29221,0,1000,True,ht_chantry-random-9.scen,540
580,ht_chantry.map,planner,1,86459,55384,230,202,71007,55384,73,0,0,False,ht_chantry-random-9.scen,580
580,ht_chantry.map,planner,1,86459,55384,230,202,71007,55384,82,0,0,True,ht_chantry-random-9.scen,580
580,ht_chantry.map,planner,1,86459,55384,230,202,71007,55384,76,0,1,False,ht_chantry-random-9.scen,580
580,ht_chantry.map,planner,1,86550,55384,233,202,71226,55384,117,0,1,True,ht_chantry-random-9.scen,580
580,ht_chantry.map,planner,1,86459,55384,230,202,71007,55384,74,0,10,False,ht_chantry-random-9.scen,580
580,ht_chantry.map,planner,1,84768,55384,220,202,69838,55384,428,0,10,True,ht_chantry-random-9.scen,580
580,ht_chantry.map,planner,1,86459,55384,230,202,71007,55384,72,0,100,False,ht_chantry-random-9.scen,580
580,ht_chantry.map,planner,1,83780,55384,221,202,69373,55384,3361,0,100,True,ht_chantry-random-9.scen,580
580,ht_chantry.map,planner,1,86459,55384,230,202,71007,55384,72,0,1000,False,ht_chantry-random-9.scen,580
580,ht_chantry.map,planner,1,83967,55384,242,202,69738,55384,34400,0,1000,True,ht_chantry-random-9.scen,580
620,ht_chantry.map,planner,1,95256,59021,249,202,77973,59021,85,0,0,False,ht_chantry-random-9.scen,620
620,ht_chantry.map,planner,1,95256,59021,249,202,77973,59021,87,0,0,True,ht_chantry-random-9.scen,620
620,ht_chantry.map,planner,1,95256,59021,249,202,77973,59021,83,0,1,False,ht_chantry-random-9.scen,620
620,ht_chantry.map,planner,1,93973,59021,227,202,77137,59021,124,0,1,True,ht_chantry-random-9.scen,620
620,ht_chantry.map,planner,1,95256,59021,249,202,77973,59021,88,0,10,False,ht_chantry-random-9.scen,620
620,ht_chantry.map,planner,1,92811,59021,227,202,76645,59021,461,0,10,True,ht_chantry-random-9.scen,620
620,ht_chantry.map,planner,1,95256,59021,249,202,77973,59021,82,0,100,False,ht_chantry-random-9.scen,620
620,ht_chantry.map,planner,1,92460,59021,242,202,75522,59021,3529,0,100,True,ht_chantry-random-9.scen,620
620,ht_chantry.map,planner,1,95256,59021,249,202,77973,59021,84,0,1000,False,ht_chantry-random-9.scen,620
620,ht_chantry.map,planner,1,94247,59021,234,202,76606,59021,36952,0,1000,True,ht_chantry-random-9.scen,620
660,ht_chantry.map,planner,1,103572,63185,231,202,84176,63185,89,0,0,False,ht_chantry-random-9.scen,660
660,ht_chantry.map,planner,1,103572,63185,231,202,84176,63185,97,0,0,True,ht_chantry-random-9.scen,660
660,ht_chantry.map,planner,1,103572,63185,231,202,84176,63185,86,0,1,False,ht_chantry-random-9.scen,660
660,ht_chantry.map,planner,1,100587,63185,226,202,82280,63185,124,0,1,True,ht_chantry-random-9.scen,660
660,ht_chantry.map,planner,1,103572,63185,231,202,84176,63185,79,0,10,False,ht_chantry-random-9.scen,660
660,ht_chantry.map,planner,1,102380,63185,235,202,83485,63185,499,0,10,True,ht_chantry-random-9.scen,660
660,ht_chantry.map,planner,1,103572,63185,231,202,84176,63185,80,0,100,False,ht_chantry-random-9.scen,660
660,ht_chantry.map,planner,1,102377,63185,242,202,82746,63185,4121,0,100,True,ht_chantry-random-9.scen,660
660,ht_chantry.map,planner,1,103572,63185,231,202,84176,63185,82,0,1000,False,ht_chantry-random-9.scen,660
660,ht_chantry.map,planner,1,101164,63185,227,202,82010,63185,35971,0,1000,True,ht_chantry-random-9.scen,660
700,ht_chantry.map,planner,1,112801,67548,235,202,91223,67548,93,0,0,False,ht_chantry-random-9.scen,700
700,ht_chantry.map,planner,1,112801,67548,235,202,91223,67548,104,0,0,True,ht_chantry-random-9.scen,700
700,ht_chantry.map,planner,1,112801,67548,235,202,91223,67548,92,0,1,False,ht_chantry-random-9.scen,700
700,ht_chantry.map,planner,1,112538,67548,282,202,91228,67548,157,0,1,True,ht_chantry-random-9.scen,700
700,ht_chantry.map,planner,1,112801,67548,235,202,91223,67548,94,0,10,False,ht_chantry-random-9.scen,700
700,ht_chantry.map,planner,1,110572,67548,238,202,89749,67548,525,0,10,True,ht_chantry-random-9.scen,700
700,ht_chantry.map,planner,1,112801,67548,235,202,91223,67548,96,0,100,False,ht_chantry-random-9.scen,700
700,ht_chantry.map,planner,1,111293,67548,249,202,90319,67548,4365,0,100,True,ht_chantry-random-9.scen,700
700,ht_chantry.map,planner,1,112801,67548,235,202,91223,67548,92,0,1000,False,ht_chantry-random-9.scen,700
700,ht_chantry.map,planner,1,112446,67548,252,202,90810,67548,44706,0,1000,True,ht_chantry-random-9.scen,700
740,ht_chantry.map,planner,1,128895,71419,275,202,102370,71419,109,0,0,False,ht_chantry-random-9.scen,740
740,ht_chantry.map,planner,1,128895,71419,275,202,102370,71419,121,0,0,True,ht_chantry-random-9.scen,740
740,ht_chantry.map,planner,1,128895,71419,275,202,102370,71419,109,0,1,False,ht_chantry-random-9.scen,740
740,ht_chantry.map,planner,1,122633,71419,248,202,98376,71419,165,0,1,True,ht_chantry-random-9.scen,740
740,ht_chantry.map,planner,1,128895,71419,275,202,102370,71419,108,0,10,False,ht_chantry-random-9.scen,740
740,ht_chantry.map,planner,1,121426,71419,246,202,97876,71419,586,0,10,True,ht_chantry-random-9.scen,740
740,ht_chantry.map,planner,1,128895,71419,275,202,102370,71419,103,0,100,False,ht_chantry-random-9.scen,740
740,ht_chantry.map,planner,1,121613,71419,246,202,98009,71419,5348,0,100,True,ht_chantry-random-9.scen,740
740,ht_chantry.map,planner,1,128895,71419,275,202,102370,71419,107,0,1000,False,ht_chantry-random-9.scen,740
740,ht_chantry.map,planner,1,120824,71419,243,202,96871,71419,48700,0,1000,True,ht_chantry-random-9.scen,740
780,ht_chantry.map,planner,1,134405,74844,265,202,106351,74844,111,0,0,False,ht_chantry-random-9.scen,780
780,ht_chantry.map,planner,1,134405,74844,265,202,106351,74844,118,0,0,True,ht_chantry-random-9.scen,780
780,ht_chantry.map,planner,1,134405,74844,265,202,106351,74844,111,0,1,False,ht_chantry-random-9.scen,780
780,ht_chantry.map,planner,1,129979,74844,238,202,103594,74844,163,0,1,True,ht_chantry-random-9.scen,780
780,ht_chantry.map,planner,1,134405,74844,265,202,106351,74844,113,0,10,False,ht_chantry-random-9.scen,780
780,ht_chantry.map,planner,1,131064,74844,273,202,104949,74844,626,0,10,True,ht_chantry-random-9.scen,780
780,ht_chantry.map,planner,1,134405,74844,265,202,106351,74844,108,0,100,False,ht_chantry-random-9.scen,780
780,ht_chantry.map,planner,1,131063,74844,242,202,104353,74844,5021,0,100,True,ht_chantry-random-9.scen,780
780,ht_chantry.map,planner,1,134405,74844,265,202,106351,74844,107,0,1000,False,ht_chantry-random-9.scen,780
780,ht_chantry.map,planner,1,131074,74844,258,202,104603,74844,55275,0,1000,True,ht_chantry-random-9.scen,780
820,ht_chantry.map,planner,1,146270,78938,278,202,115393,78938,126,0,0,False,ht_chantry-random-9.scen,820
820,ht_chantry.map,planner,1,146270,78938,278,202,115393,78938,133,0,0,True,ht_chantry-random-9.scen,820
820,ht_chantry.map,planner,1,146270,78938,278,202,115393,78938,123,0,1,False,ht_chantry-random-9.scen,820
820,ht_chantry.map,planner,1,140035,78938,248,202,112205,78938,183,0,1,True,ht_chantry-random-9.scen,820
820,ht_chantry.map,planner,1,146270,78938,278,202,115393,78938,116,0,10,False,ht_chantry-random-9.scen,820
820,ht_chantry.map,planner,1,144305,78938,268,202,113932,78938,718,0,10,True,ht_chantry-random-9.scen,820
820,ht_chantry.map,planner,1,146270,78938,278,202,115393,78938,120,0,100,False,ht_chantry-random-9.scen,820
820,ht_chantry.map,planner,1,141509,78938,263,202,113286,78938,5788,0,100,True,ht_chantry-random-9.scen,820
820,ht_chantry.map,planner,1,146270,78938,278,202,115393,78938,125,0,1000,False,ht_chantry-random-9.scen,820
820,ht_chantry.map,planner,1,138539,78938,252,202,110357,78938,51962,0,1000,True,ht_chantry-random-9.scen,820
860,ht_chantry.map,planner,1,153631,82273,274,202,121187,82273,122,0,0,False,ht_chantry-random-9.scen,860
860,ht_chantry.map,planner,1,153631,82273,274,202,121187,82273,138,0,0,True,ht_chantry-random-9.scen,860
860,ht_chantry.map,planner,1,153631,82273,274,202,121187,82273,125,0,1,False,ht_chantry-random-9.scen,860
860,ht_chantry.map,planner,1,150754,82273,270,202,119914,82273,204,0,1,True,ht_chantry-random-9.scen,860
860,ht_chantry.map,planner,1,153631,82273,274,202,121187,82273,120,0,10,False,ht_chantry-random-9.scen,860
860,ht_chantry.map,planner,1,151926,82273,277,202,121091,82273,754,0,10,True,ht_chantry-random-9.scen,860
860,ht_chantry.map,planner,1,153631,82273,274,202,121187,82273,120,0,100,False,ht_chantry-random-9.scen,860
860,ht_chantry.map,planner,1,146991,82273,264,202,118319,82273,5490,0,100,True,ht_chantry-random-9.scen,860
860,ht_chantry.map,planner,1,153631,82273,274,202,121187,82273,123,0,1000,False,ht_chantry-random-9.scen,860
20,ht_chantry.map,planner,1,2180,2138,183,183,2155,2138,2,0,0,False,ht_chantry-random-13.scen,20
20,ht_chantry.map,planner,1,2180,2138,183,183,2155,2138,2,0,0,True,ht_chantry-random-13.scen,20
20,ht_chantry.map,planner,1,2180,2138,183,183,2155,2138,2,0,1,False,ht_chantry-random-13.scen,20
20,ht_chantry.map,planner,1,2180,2138,183,183,2155,2138,2,0,1,True,ht_chantry-random-13.scen,20
20,ht_chantry.map,planner,1,2180,2138,183,183,2155,2138,2,0,10,False,ht_chantry-random-13.scen,20
20,ht_chantry.map,planner,1,2180,2138,183,183,2155,2138,2,0,10,True,ht_chantry-random-13.scen,20
20,ht_chantry.map,planner,1,2180,2138,183,183,2155,2138,2,0,100,False,ht_chantry-random-13.scen,20
20,ht_chantry.map,planner,1,2180,2138,183,183,2155,2138,2,0,100,True,ht_chantry-random-13.scen,20
20,ht_chantry.map,planner,1,2180,2138,183,183,2155,2138,2,0,1000,False,ht_chantry-random-13.scen,20
20,ht_chantry.map,planner,1,2180,2138,183,183,2155,2138,2,0,1000,True,ht_chantry-random-13.scen,20
60,ht_chantry.map,planner,1,6876,6253,199,199,6598,6253,6,0,0,False,ht_chantry-random-13.scen,60
60,ht_chantry.map,planner,1,6876,6253,199,199,6598,6253,6,0,0,True,ht_chantry-random-13.scen,60
60,ht_chantry.map,planner,1,6876,6253,199,199,6598,6253,6,0,1,False,ht_chantry-random-13.scen,60
60,ht_chantry.map,planner,1,6872,6253,199,199,6623,6253,6,0,1,True,ht_chantry-random-13.scen,60
60,ht_chantry.map,planner,1,6876,6253,199,199,6598,6253,6,0,10,False,ht_chantry-random-13.scen,60
60,ht_chantry.map,planner,1,6872,6253,199,199,6623,6253,6,0,10,True,ht_chantry-random-13.scen,60
60,ht_chantry.map,planner,1,6876,6253,199,199,6598,6253,6,0,100,False,ht_chantry-random-13.scen,60
60,ht_chantry.map,planner,1,6872,6253,199,199,6623,6253,7,0,100,True,ht_chantry-random-13.scen,60
60,ht_chantry.map,planner,1,6876,6253,199,199,6598,6253,6,0,1000,False,ht_chantry-random-13.scen,60
60,ht_chantry.map,planner,1,6872,6253,199,199,6623,6253,7,0,1000,True,ht_chantry-random-13.scen,60
100,ht_chantry.map,planner,1,11732,10314,201,199,11120,10314,10,0,0,False,ht_chantry-random-13.scen,100
100,ht_chantry.map,planner,1,11732,10314,201,199,11120,10314,11,0,0,True,ht_chantry-random-13.scen,100
100,ht_chantry.map,planner,1,11732,10314,201,199,11120,10314,11,0,1,False,ht_chantry-random-13.scen,100
100,ht_chantry.map,planner,1,11896,10314,203,199,11176,10314,12,0,1,True,ht_chantry-random-13.scen,100
100,ht_chantry.map,planner,1,11732,10314,201,199,11120,10314,10,0,10,False,ht_chantry-random-13.scen,100
100,ht_chantry.map,planner,1,11896,10314,203,199,11176,10314,11,0,10,True,ht_chantry-random-13.scen,100
100,ht_chantry.map,planner,1,11732,10314,201,199,11120,10314,10,0,100,False,ht_chantry-random-13.scen,100
100,ht_chantry.map,planner,1,11896,10314,203,199,11176,10314,10,0,100,True,ht_chantry-random-13.scen,100
100,ht_chantry.map,planner,1,11732,10314,201,199,11120,10314,11,0,1000,False,ht_chantry-random-13.scen,100
100,ht_chantry.map,planner,1,11896,10314,203,199,11176,10314,10,0,1000,True,ht_chantry-random-13.scen,100
140,ht_chantry.map,planner,1,16930,13995,205,199,15604,13995,16,0,0,False,ht_chantry-random-13.scen,140
140,ht_chantry.map,planner,1,16930,13995,205,199,15604,13995,14,0,0,True,ht_chantry-random-13.scen,140
140,ht_chantry.map,planner,1,16930,13995,205,199,15604,13995,14,0,1,False,ht_chantry-random-13.scen,140
140,ht_chantry.map,planner,1,16792,13995,201,199,15395,13995,15,0,1,True,ht_chantry-random-13.scen,140
140,ht_chantry.map,planner,1,16930,13995,205,199,15604,13995,16,0,10,False,ht_chantry-random-13.scen,140
140,ht_chantry.map,planner,1,16792,13995,201,199,15395,13995,15,0,10,True,ht_chantry-random-13.scen,140
140,ht_chantry.map,planner,1,16930,13995,205,199,15604,13995,14,0,100,False,ht_chantry-random-13.scen,140
140,ht_chantry.map,planner,1,16792,13995,201,199,15395,13995,17,0,100,True,ht_chantry-random-13.scen,140
140,ht_chantry.map,planner,1,16930,13995,205,199,15604,13995,14,0,1000,False,ht_chantry-random-13.scen,140
140,ht_chantry.map,planner,1,16792,13995,201,199,15395,13995,16,0,1000,True,ht_chantry-random-13.scen,140
180,ht_chantry.map,planner,1,23456,18760,203,202,21291,18760,20,0,0,False,ht_chantry-random-13.scen,180
180,ht_chantry.map,planner,1,23456,18760,203,202,21291,18760,20,0,0,True,ht_chantry-random-13.scen,180
180,ht_chantry.map,planner,1,23456,18760,203,202,21291,18760,19,0,1,False,ht_chantry-random-13.scen,180
180,ht_chantry.map,planner,1,22693,18760,207,202,20776,18760,27,0,1,True,ht_chantry-random-13.scen,180
180,ht_chantry.map,planner,1,23456,18760,203,202,21291,18760,22,0,10,False,ht_chantry-random-13.scen,180
180,ht_chantry.map,planner,1,22512,18760,204,202,20687,18760,34,0,10,True,ht_chantry-random-13.scen,180
180,ht_chantry.map,planner,1,23456,18760,203,202,21291,18760,18,0,100,False,ht_chantry-random-13.scen,180
180,ht_chantry.map,planner,1,22633,18760,206,202,20663,18760,28,0,100,True,ht_chantry-random-13.scen,180
180,ht_chantry.map,planner,1,23456,18760,203,202,21291,18760,21,0,1000,False,ht_chantry-random-13.scen,180
180,ht_chantry.map,planner,1,22633,18760,206,202,20663,18760,32,0,1000,True,ht_chantry-random-13.scen,180
220,ht_chantry.map,planner,1,28404,22569,204,202,25733,22569,26,0,0,False,ht_chantry-random-13.scen,220
220,ht_chantry.map,planner,1,28404,22569,204,202,25733,22569,26,0,0,True,ht_chantry-random-13.scen,220
220,ht_chantry.map,planner,1,28404,22569,204,202,25733,22569,26,0,1,False,ht_chantry-random-13.scen,220
220,ht_chantry.map,planner,1,28314,22569,208,202,25449,22569,35,0,1,True,ht_chantry-random-13.scen,220
220,ht_chantry.map,planner,1,28404,22569,204,202,25733,22569,27,0,10,False,ht_chantry-random-13.scen,220
220,ht_chantry.map,planner,1,27631,22569,207,202,25311,22569,82,0,10,True,ht_chantry-random-13.scen,220
220,ht_chantry.map,planner,1,28404,22569,204,202,25733,22569,25,0,100,False,ht_chantry-random-13.scen,220
220,ht_chantry.map,planner,1,27530,22569,203,202,25183,22569,464,0,100,True,ht_chantry-random-13.scen,220
220,ht_chantry.map,planner,1,28404,22569,204,202,25733,22569,26,0,1000,False,ht_chantry-random-13.scen,220
220,ht_chantry.map,planner,1,27474,22569,205,202,25205,22569,1828,0,1000,True,ht_chantry-random-13.scen,220
260,ht_chantry.map,planner,1,34459,26571,204,202,30762,26571,29,0,0,False,ht_chantry-random-13.scen,260
260,ht_chantry.map,planner,1,34459,26571,204,202,30762,26571,29,0,0,True,ht_chantry-random-13.scen,260
260,ht_chantry.map,planner,1,34459,26571,204,202,30762,26571,31,0,1,False,ht_chantry-random-13.scen,260
260,ht_chantry.map,planner,1,33861,26571,206,202,30223,26571,44,0,1,True,ht_chantry-random-13.scen,260
260,ht_chantry.map,planner,1,34459,26571,204,202,30762,26571,28,0,10,False,ht_chantry-random-13.scen,260
260,ht_chantry.map,planner,1,33980,26571,209,202,30203,26571,122,0,10,True,ht_chantry-random-13.scen,260
260,ht_chantry.map,planner,1,34459,26571,204,202,30762,26571,30,0,100,False,ht_chantry-random-13.scen,260
260,ht_chantry.map,planner,1,33412,26571,221,202,30031,26571,687,0,100,True,ht_chantry-random-13.scen,260
260,ht_chantry.map,planner,1,34459,26571,204,202,30762,26571,32,0,1000,False,ht_chantry-random-13.scen,260
260,ht_chantry.map,planner,1,33281,26571,202,202,29985,26571,4444,0,1000,True,ht_chantry-random-13.scen,260
300,ht_chantry.map,planner,1,40807,30652,218,202,36066,30652,35,0,0,False,ht_chantry-random-13.scen,300
300,ht_chantry.map,planner,1,40807,30652,218,202,36066,30652,38,0,0,True,ht_chantry-random-13.scen,300
300,ht_chantry.map,planner,1,40807,30652,218,202,36066,30652,39,0,1,False,ht_chantry-random-13.scen,300
300,ht_chantry.map,planner,1,40133,30652,203,202,35410,30652,49,0,1,True,ht_chantry-random-13.scen,300
300,ht_chantry.map,planner,1,40807,30652,218,202,36066,30652,38,0,10,False,ht_chantry-random-13.scen,300
300,ht_chantry.map,planner,1,39406,30652,207,202,35120,30652,165,0,10,True,ht_chantry-random-13.scen,300
300,ht_chantry.map,planner,1,40807,30652,218,202,36066,30652,35,0,100,False,ht_chantry-random-13.scen,300
300,ht_chantry.map,planner,1,39323,30652,204,202,35147,30652,1057,0,100,True,ht_chantry-random-13.scen,300
300,ht_chantry.map,planner,1,40807,30652,218,202,36066,30652,35,0,1000,False,ht_chantry-random-13.scen,300
300,ht_chantry.map,planner,1,39516,30652,212,202,34960,30652,8332,0,1000,True,ht_chantry-random-13.scen,300
340,ht_chantry.map,planner,1,46198,33761,202,202,39894,33761,38,0,0,False,ht_chantry-random-13.scen,340
340,ht_chantry.map,planner,1,46198,33761,202,202,39894,33761,41,0,0,True,ht_chantry-random-13.scen,340
340,ht_chantry.map,planner,1,46198,33761,202,202,39894,33761,40,0,1,False,ht_chantry-random-13.scen,340
340,ht_chantry.map,planner,1,45869,33761,214,202,39726,33761,62,0,1,True,ht_chantry-random-13.scen,340
340,ht_chantry.map,planner,1,46198,33761,202,202,39894,33761,39,0,10,False,ht_chantry-random-13.scen,340
340,ht_chantry.map,planner,1,45079,33761,212,202,39252,33761,200,0,10,True,ht_chantry-random-13.scen,340
340,ht_chantry.map,planner,1,46198,33761,202,202,39894,33761,38,0,100,False,ht_chantry-random-13.scen,340
340,ht_chantry.map,planner,1,45599,33761,209,202,39476,33761,1593,0,100,True,ht_chantry-random-13.scen,340
340,ht_chantry.map,planner,1,46198,33761,202,202,39894,33761,40,0,1000,False,ht_chantry-random-13.scen,340
340,ht_chantry.map,planner,1,45496,33761,208,202,39233,33761,11935,0,1000,True,ht_chantry-random-13.scen,340
380,ht_chantry.map,planner,1,52236,37999,218,202,45504,37999,45,0,0,False,ht_chantry-random-13.scen,380
380,ht_chantry.map,planner,1,52236,37999,218,202,45504,37999,48,0,0,True,ht_chantry-random-13.scen,380
380,ht_chantry.map,planner,1,52236,37999,218,202,45504,37999,49,0,1,False,ht_chantry-random-13.scen,380
380,ht_chantry.map,planner,1,51935,37999,204,202,45097,37999,69,0,1,True,ht_chantry-random-13.scen,380
380,ht_chantry.map,planner,1,52236,37999,218,202,45504,37999,49,0,10,False,ht_chantry-random-13.scen,380
380,ht_chantry.map,planner,1,51585,37999,210,202,44783,37999,224,0,10,True,ht_chantry-random-13.scen,380
380,ht_chantry.map,planner,1,52236,37999,218,202,45504,37999,45,0,100,False,ht_chantry-random-13.scen,380
380,ht_chantry.map,planner,1,50820,37999,206,202,44070,37999,1560,0,100,True,ht_chantry-random-13.scen,380
380,ht_chantry.map,planner,1,52236,37999,218,202,45504,37999,50,0,1000,False,ht_chantry-random-13.scen,380
380,ht_chantry.map,planner,1,50503,37999,210,202,44192,37999,15451,0,1000,True,ht_chantry-random-13.scen,380
420,ht_chantry.map,planner,1,59906,41828,204,202,51144,41828,51,0,0,False,ht_chantry-random-13.scen,420
420,ht_chantry.map,planner,1,59906,41828,204,202,51144,41828,54,0,0,True,ht_chantry-random-13.scen,420
420,ht_chantry.map,planner,1,59906,41828,204,202,51144,41828,51,0,1,False,ht_chantry-random-13.scen,420
420,ht_chantry.map,planner,1,58927,41828,213,202,50399,41828,74,0,1,True,ht_chantry-random-13.scen,420
420,ht_chantry.map,planner,1,59906,41828,204,202,51144,41828,52,0,10,False,ht_chantry-random-13.scen,420
420,ht_chantry.map,planner,1,58801,41828,208,202,49909,41828,254,0,10,True,ht_chantry-random-13.scen,420
420,ht_chantry.map,planner,1,59906,41828,204,202,51144,41828,51,0,100,False,ht_chantry-random-13.scen,420
420,ht_chantry.map,planner,1,58105,41828,208,202,49580,41828,1874,0,100,True,ht_chantry-random-13.scen,420
420,ht_chantry.map,planner,1,59906,41828,204,202,51144,41828,47,0,1000,False,ht_chantry-random-13.scen,420
420,ht_chantry.map,planner,1,57274,41828,209,202,49434,41828,19136,0,1000,True,ht_chantry-random-13.scen,420
460,ht_chantry.map,planner,1,65126,45615,207,202,55861,45615,53,0,0,False,ht_chantry-random-13.scen,460
460,ht_chantry.map,planner,1,65126,45615,207,202,55861,45615,61,0,0,True,ht_chantry-random-13.scen,460
460,ht_chantry.map,planner,1,65126,45615,207,202,55861,45615,56,0,1,False,ht_chantry-random-13.scen,460
460,ht_chantry.map,planner,1,66447,45615,222,202,56519,45615,89,0,1,True,ht_chantry-random-13.scen,460
460,ht_chantry.map,planner,1,65126,45615,207,202,55861,45615,58,0,10,False,ht_chantry-random-13.scen,460
460,ht_chantry.map,planner,1,64441,45615,206,202,55339,45615,307,0,10,True,ht_chantry-random-13.scen,460
460,ht_chantry.map,planner,1,65126,45615,207,202,55861,45615,54,0,100,False,ht_chantry-random-13.scen,460
460,ht_chantry.map,planner,1,64161,45615,211,202,54933,45615,2510,0,100,True,ht_chantry-random-13.scen,460
460,ht_chantry.map,planner,1,65126,45615,207,202,55861,45615,57,0,1000,False,ht_chantry-random-13.scen,460
460,ht_chantry.map,planner,1,64602,45615,227,202,54866,45615,21255,0,1000,True,ht_chantry-random-13.scen,460
500,ht_chantry.map,planner,1,72270,49911,206,202,61821,49911,59,0,0,False,ht_chantry-random-13.scen,500
500,ht_chantry.map,planner,1,72270,49911,206,202,61821,49911,64,0,0,True,ht_chantry-random-13.scen,500
500,ht_chantry.map,planner,1,72270,49911,206,202,61821,49911,65,0,1,False,ht_chantry-random-13.scen,500
500,ht_chantry.map,planner,1,73189,49911,213,202,62101,49911,90,0,1,True,ht_chantry-random-13.scen,500
500,ht_chantry.map,planner,1,72270,49911,206,202,61821,49911,64,0,10,False,ht_chantry-random-13.scen,500
500,ht_chantry.map,planner,1,74256,49911,219,202,63328,49911,363,0,10,True,ht_chantry-random-13.scen,500
500,ht_chantry.map,planner,1,72270,49911,206,202,61821,49911,60,0,100,False,ht_chantry-random-13.scen,500
500,ht_chantry.map,planner,1,71874,49911,222,202,60969,49911,2678,0,100,True,ht_chantry-random-13.scen,500
500,ht_chantry.map,planner,1,72270,49911,206,202,61821,49911,62,0,1000,False,ht_chantry-random-13.scen,500
500,ht_chantry.map,planner,1,70929,49911,208,202,60722,49911,25147,0,1000,True,ht_chantry-random-13.scen,500
540,ht_chantry.map,planner,1,81562,53285,230,202,69061,53285,72,0,0,False,ht_chantry-random-13.scen,540
540,ht_chantry.map,planner,1,81562,53285,230,202,69061,53285,65,0,0,True,ht_chantry-random-13.scen,540
540,ht_chantry.map,planner,1,81562,53285,230,202,69061,53285,69,0,1,False,ht_chantry-random-13.scen,540
540,ht_chantry.map,planner,1,80726,53285,229,202,67868,53285,102,0,1,True,ht_chantry-random-13.scen,540
540,ht_chantry.map,planner,1,81562,53285,230,202,69061,53285,69,0,10,False,ht_chantry-random-13.scen,540
540,ht_chantry.map,planner,1,80931,53285,223,202,67561,53285,376,0,10,True,ht_chantry-random-13.scen,540
540,ht_chantry.map,planner,1,81562,53285,230,202,69061,53285,71,0,100,False,ht_chantry-random-13.scen,540
540,ht_chantry.map,planner,1,78944,53285,219,202,67009,53285,3129,0,100,True,ht_chantry-random-13.scen,540
540,ht_chantry.map,planner,1,81562,53285,230,202,69061,53285,68,0,1000,False,ht_chantry-random-13.scen,540
540,ht_chantry.map,planner,1,78309,53285,213,202,66356,53285,28759,0,1000,True,ht_chantry-random-13.scen,540
580,ht_chantry.map,planner,1,89072,57134,218,202,74251,57134,79,0,0,False,ht_chantry-random-13.scen,580
580,ht_chantry.map,planner,1,89072,57134,218,202,74251,57134,77,0,0,True,ht_chantry-random-13.scen,580
580,ht_chantry.map,planner,1,89072,57134,218,202,74251,57134,74,0,1,False,ht_chantry-random-13.scen,580
580,ht_chantry.map,planner,1,89048,57134,220,202,73599,57134,113,0,1,True,ht_chantry-random-13.scen,580
580,ht_chantry.map,planner,1,89072,57134,218,202,74251,57134,77,0,10,False,ht_chantry-random-13.scen,580
580,ht_chantry.map,planner,1,88376,57134,223,202,73502,57134,405,0,10,True,ht_chantry-random-13.scen,580
580,ht_chantry.map,planner,1,89072,57134,218,202,74251,57134,78,0,100,False,ht_chantry-random-13.scen,580
580,ht_chantry.map,planner,1,88868,57134,222,202,73845,57134,3461,0,100,True,ht_chantry-random-13.scen,580
580,ht_chantry.map,planner,1,89072,57134,218,202,74251,57134,78,0,1000,False,ht_chantry-random-13.scen,580
580,ht_chantry.map,planner,1,85814,57134,217,202,71504,57134,30454,0,1000,True,ht_chantry-random-13.scen,580
620,ht_chantry.map,planner,1,99917,60821,251,206,82132,60821,88,0,0,False,ht_chantry-random-13.scen,620
620,ht_chantry.map,planner,1,99917,60821,251,206,82132,60821,92,0,0,True,ht_chantry-random-13.scen,620
620,ht_chantry.map,planner,1,99917,60821,251,206,82132,60821,84,0,1,False,ht_chantry-random-13.scen,620
620,ht_chantry.map,planner,1,96345,60821,226,206,79331,60821,121,0,1,True,ht_chantry-random-13.scen,620
620,ht_chantry.map,planner,1,99917,60821,251,206,82132,60821,81,0,10,False,ht_chantry-random-13.scen,620
620,ht_chantry.map,planner,1,98408,60821,243,206,80645,60821,447,0,10,True,ht_chantry-random-13.scen,620
620,ht_chantry.map,planner,1,99917,60821,251,206,82132,60821,85,0,100,False,ht_chantry-random-13.scen,620
620,ht_chantry.map,planner,1,95614,60821,223,206,78878,60821,3776,0,100,True,ht_chantry-random-13.scen,620
620,ht_chantry.map,planner,1,99917,60821,251,206,82132,60821,80,0,1000,False,ht_chantry-random-13.scen,620
620,ht_chantry.map,planner,1,95898,60821,226,206,79301,60821,35928,0,1000,True,ht_chantry-random-13.scen,620
660,ht_chantry.map,planner,1,109752,64408,240,206,89205,64408,87,0,0,False,ht_chantry-random-13.scen,660
660,ht_chantry.map,planner,1,109752,64408,240,206,89205,64408,95,0,0,True,ht_chantry-random-13.scen,660
660,ht_chantry.map,planner,1,109752,64408,240,206,89205,64408,92,0,1,False,ht_chantry-random-13.scen,660
660,ht_chantry.map,planner,1,106109,64408,247,206,87125,64408,140,0,1,True,ht_chantry-random-13.scen,660
660,ht_chantry.map,planner,1,109752,64408,240,206,89205,64408,91,0,10,False,ht_chantry-random-13.scen,660
660,ht_chantry.map,planner,1,105359,64408,239,206,86803,64408,480,0,10,True,ht_chantry-random-13.scen,660
660,ht_chantry.map,planner,1,109752,64408,240,206,89205,64408,85,0,100,False,ht_chantry-random-13.scen,660
660,ht_chantry.map,planner,1,105174,64408,252,206,86148,64408,3730,0,100,True,ht_chantry-random-13.scen,660
660,ht_chantry.map,planner,1,109752,64408,240,206,89205,64408,88,0,1000,False,ht_chantry-random-13.scen,660
660,ht_chantry.map,planner,1,104153,64408,227,206,85752,64408,35596,0,1000,True,ht_chantry-random-13.scen,660
700,ht_chantry.map,planner,1,118570,68490,251,206,95766,68490,94,0,0,False,ht_chantry-random-13.scen,700
700,ht_chantry.map,planner,1,118570,68490,251,206,95766,68490,101,0,0,True,ht_chantry-random-13.scen,700
700,ht_chantry.map,planner,1,118570,68490,251,206,95766,68490,92,0,1,False,ht_chantry-random-13.scen,700
700,ht_chantry.map,planner,1,116531,68490,256,206,94854,68490,142,0,1,True,ht_chantry-random-13.scen,700
700,ht_chantry.map,planner,1,118570,68490,251,206,95766,68490,91,0,10,False,ht_chantry-random-13.scen,700
700,ht_chantry.map,planner,1,115957,68490,243,206,94023,68490,486,0,10,True,ht_chantry-random-13.scen,700
700,ht_chantry.map,planner,1,118570,68490,251,206,95766,68490,94,0,100,False,ht_chantry-random-13.scen,700
700,ht_chantry.map,planner,1,112807,68490,250,206,92361,68490,3915,0,100,True,ht_chantry-random-13.scen,700
700,ht_chantry.map,planner,1,118570,68490,251,206,95766,68490,90,0,1000,False,ht_chantry-random-13.scen,700
700,ht_chantry.map,planner,1,116754,68490,244,206,94290,68490,42483,0,1000,True,ht_chantry-random-13.scen,700
740,ht_chantry.map,planner,1,125628,71929,253,206,101381,71929,98,0,0,False,ht_chantry-random-13.scen,740
740,ht_chantry.map,planner,1,125628,71929,253,206,101381,71929,109,0,0,True,ht_chantry-random-13.scen,740
740,ht_chantry.map,planner,1,125628,71929,253,206,101381,71929,101,0,1,False,ht_chantry-random-13.scen,740
740,ht_chantry.map,planner,1,125330,71929,253,206,100794,71929,160,0,1,True,ht_chantry-random-13.scen,740
740,ht_chantry.map,planner,1,125628,71929,253,206,101381,71929,99,0,10,False,ht_chantry-random-13.scen,740
740,ht_chantry.map,planner,1,123306,71929,254,206,99986,71929,515,0,10,True,ht_chantry-random-13.scen,740
740,ht_chantry.map,planner,1,125628,71929,253,206,101381,71929,98,0,100,False,ht_chantry-random-13.scen,740
740,ht_chantry.map,planner,1,124069,71929,247,206,99411,71929,4293,0,100,True,ht_chantry-random-13.scen,740
740,ht_chantry.map,planner,1,125628,71929,253,206,101381,71929,103,0,1000,False,ht_chantry-random-13.scen,740
740,ht_chantry.map,planner,1,125516,71929,255,206,100329,71929,42223,0,1000,True,ht_chantry-random-13.scen,740
780,ht_chantry.map,planner,1,136404,75196,264,206,109631,75196,104,0,0,False,ht_chantry-random-13.scen,780
780,ht_chantry.map,planner,1,136404,75196,264,206,109631,75196,117,0,0,True,ht_chantry-random-13.scen,780
780,ht_chantry.map,planner,1,136404,75196,264,206,109631,75196,106,0,1,False,ht_chantry-random-13.scen,780
780,ht_chantry.map,planner,1,136020,75196,248,206,109152,75196,165,0,1,True,ht_chantry-random-13.scen,780
780,ht_chantry.map,planner,1,136404,75196,264,206,109631,75196,107,0,10,False,ht_chantry-random-13.scen,780
780,ht_chantry.map,planner,1,132678,75196,246,206,106845,75196,563,0,10,True,ht_chantry-random-13.scen,780
780,ht_chantry.map,planner,1,136404,75196,264,206,109631,75196,110,0,100,False,ht_chantry-random-13.scen,780
780,ht_chantry.map,planner,1,132310,75196,250,206,106834,75196,4516,0,100,True,ht_chantry-random-13.scen,780
780,ht_chantry.map,planner,1,136404,75196,264,206,109631,75196,115,0,1000,False,ht_chantry-random-13.scen,780
780,ht_chantry.map,planner,1,132987,75196,266,206,106798,75196,47322,0,1000,True,ht_chantry-random-13.scen,780
820,ht_chantry.map,planner,1,146400,79119,267,206,116794,79119,116,0,0,False,ht_chantry-random-13.scen,820
820,ht_chantry.map,planner,1,146400,79119,267,206,116794,79119,136,0,0,True,ht_chantry-random-13.scen,820
820,ht_chantry.map,planner,1,146400,79119,267,206,116794,79119,111,0,1,False,ht_chantry-random-13.scen,820
820,ht_chantry.map,planner,1,146158,79119,267,206,116493,79119,190,0,1,True,ht_chantry-random-13.scen,820
820,ht_chantry.map,planner,1,146400,79119,267,206,116794,79119,116,0,10,False,ht_chantry-random-13.scen,820
820,ht_chantry.map,planner,1,144869,79119,258,206,115806,79119,593,0,10,True,ht_chantry-random-13.scen,820
820,ht_chantry.map,planner,1,146400,79119,267,206,116794,79119,111,0,100,False,ht_chantry-random-13.scen,820
820,ht_chantry.map,planner,1,145647,79119,262,206,115527,79119,5128,0,100,True,ht_chantry-random-13.scen,820
820,ht_chantry.map,planner,1,146400,79119,267,206,116794,79119,116,0,1000,False,ht_chantry-random-13.scen,820
820,ht_chantry.map,planner,1,141342,79119,273,206,112432,79119,46570,0,1000,True,ht_chantry-random-13.scen,820
860,ht_chantry.map,planner,1,158488,82464,275,206,124644,82464,136,0,0,False,ht_chantry-random-13.scen,860
860,ht_chantry.map,planner,1,158488,82464,275,206,124644,82464,149,0,0,True,ht_chantry-random-13.scen,860
860,ht_chantry.map,planner,1,158488,82464,275,206,124644,82464,120,0,1,False,ht_chantry-random-13.scen,860
860,ht_chantry.map,planner,1,156734,82464,287,206,124284,82464,197,0,1,True,ht_chantry-random-13.scen,860
860,ht_chantry.map,planner,1,158488,82464,275,206,124644,82464,122,0,10,False,ht_chantry-random-13.scen,860
860,ht_chantry.map,planner,1,156472,82464,275,206,122938,82464,687,0,10,True,ht_chantry-random-13.scen,860
860,ht_chantry.map,planner,1,158488,82464,275,206,124644,82464,123,0,100,False,ht_chantry-random-13.scen,860
860,ht_chantry.map,planner,1,150533,82464,252,206,119175,82464,4824,0,100,True,ht_chantry-random-13.scen,860
860,ht_chantry.map,planner,1,158488,82464,275,206,124644,82464,122,0,1000,False,ht_chantry-random-13.scen,860
860,ht_chantry.map,planner,1,155829,82464,275,206,122401,82464,50714,0,1000,True,ht_chantry-random-13.scen,860
20,ht_chantry.map,planner,1,1923,1883,163,163,1923,1883,2,0,0,False,ht_chantry-random-21.scen,20
20,ht_chantry.map,planner,1,1923,1883,163,163,1923,1883,2,0,0,True,ht_chantry-random-21.scen,20
20,ht_chantry.map,planner,1,1923,1883,163,163,1923,1883,2,0,1,False,ht_chantry-random-21.scen,20
20,ht_chantry.map,planner,1,1923,1883,163,163,1923,1883,2,0,1,True,ht_chantry-random-21.scen,20
20,ht_chantry.map,planner,1,1923,1883,163,163,1923,1883,2,0,10,False,ht_chantry-random-21.scen,20
20,ht_chantry.map,planner,1,1923,1883,163,163,1923,1883,2,0,10,True,ht_chantry-random-21.scen,20
20,ht_chantry.map,planner,1,1923,1883,163,163,1923,1883,2,0,100,False,ht_chantry-random-21.scen,20
20,ht_chantry.map,planner,1,1923,1883,163,163,1923,1883,2,0,100,True,ht_chantry-random-21.scen,20
20,ht_chantry.map,planner,1,1923,1883,163,163,1923,1883,2,0,1000,False,ht_chantry-random-21.scen,20
20,ht_chantry.map,planner,1,1923,1883,163,163,1923,1883,2,0,1000,True,ht_chantry-random-21.scen,20
60,ht_chantry.map,planner,1,5834,5361,179,179,5497,5361,5,0,0,False,ht_chantry-random-21.scen,60
60,ht_chantry.map,planner,1,5834,5361,179,179,5497,5361,5,0,0,True,ht_chantry-random-21.scen,60
60,ht_chantry.map,planner,1,5834,5361,179,179,5497,5361,5,0,1,False,ht_chantry-random-21.scen,60
60,ht_chantry.map,planner,1,5828,5361,179,179,5537,5361,5,0,1,True,ht_chantry-random-21.scen,60
60,ht_chantry.map,planner,1,5834,5361,179,179,5497,5361,5,0,10,False,ht_chantry-random-21.scen,60
60,ht_chantry.map,planner,1,5828,5361,179,179,5537,5361,5,0,10,True,ht_chantry-random-21.scen,60
60,ht_chantry.map,planner,1,5834,5361,179,179,5497,5361,5,0,100,False,ht_chantry-random-21.scen,60
60,ht_chantry.map,planner,1,5828,5361,179,179,5537,5361,5,0,100,True,ht_chantry-random-21.scen,60
60,ht_chantry.map,planner,1,5834,5361,179,179,5497,5361,5,0,1000,False,ht_chantry-random-21.scen,60
60,ht_chantry.map,planner,1,5828,5361,179,179,5537,5361,5,0,1000,True,ht_chantry-random-21.scen,60
100,ht_chantry.map,planner,1,10480,9090,179,179,9670,9090,9,0,0,False,ht_chantry-random-21.scen,100
100,ht_chantry.map,planner,1,10480,9090,179,179,9670,9090,9,0,0,True,ht_chantry-random-21.scen,100
100,ht_chantry.map,planner,1,10480,9090,179,179,9670,9090,9,0,1,False,ht_chantry-random-21.scen,100
100,ht_chantry.map,planner,1,10695,9090,187,179,9636,9090,9,0,1,True,ht_chantry-random-21.scen,100
100,ht_chantry.map,planner,1,10480,9090,179,179,9670,9090,9,0,10,False,ht_chantry-random-21.scen,100
100,ht_chantry.map,planner,1,10695,9090,187,179,9636,9090,9,0,10,True,ht_chantry-random-21.scen,100
100,ht_chantry.map,planner,1,10480,9090,179,179,9670,9090,9,0,100,False,ht_chantry-random-21.scen,100
100,ht_chantry.map,planner,1,10695,9090,187,179,9636,9090,10,0,100,True,ht_chantry-random-21.scen,100
100,ht_chantry.map,planner,1,10480,9090,179,179,9670,9090,9,0,1000,False,ht_chantry-random-21.scen,100
100,ht_chantry.map,planner,1,10695,9090,187,179,9636,9090,9,0,1000,True,ht_chantry-random-21.scen,100
140,ht_chantry.map,planner,1,15091,12788,187,187,13619,12788,14,0,0,False,ht_chantry-random-21.scen,140
140,ht_chantry.map,planner,1,15091,12788,187,187,13619,12788,13,0,0,True,ht_chantry-random-21.scen,140
140,ht_chantry.map,planner,1,15091,12788,187,187,13619,12788,14,0,1,False,ht_chantry-random-21.scen,140
140,ht_chantry.map,planner,1,14672,12788,189,187,13486,12788,13,0,1,True,ht_chantry-random-21.scen,140
140,ht_chantry.map,planner,1,15091,12788,187,187,13619,12788,15,0,10,False,ht_chantry-random-21.scen,140
140,ht_chantry.map,planner,1,14672,12788,189,187,13486,12788,15,0,10,True,ht_chantry-random-21.scen,140
140,ht_chantry.map,planner,1,15091,12788,187,187,13619,12788,14,0,100,False,ht_chantry-random-21.scen,140
140,ht_chantry.map,planner,1,14672,12788,189,187,13486,12788,14,0,100,True,ht_chantry-random-21.scen,140
140,ht_chantry.map,planner,1,15091,12788,187,187,13619,12788,14,0,1000,False,ht_chantry-random-21.scen,140
140,ht_chantry.map,planner,1,14672,12788,189,187,13486,12788,15,0,1000,True,ht_chantry-random-21.scen,140
180,ht_chantry.map,planner,1,19815,16163,189,187,17796,16163,19,0,0,False,ht_chantry-random-21.scen,180
180,ht_chantry.map,planner,1,19815,16163,189,187,17796,16163,19,0,0,True,ht_chantry-random-21.scen,180
180,ht_chantry.map,planner,1,19815,16163,189,187,17796,16163,18,0,1,False,ht_chantry-random-21.scen,180
180,ht_chantry.map,planner,1,19862,16163,202,187,17721,16163,26,0,1,True,ht_chantry-random-21.scen,180
180,ht_chantry.map,planner,1,19815,16163,189,187,17796,16163,19,0,10,False,ht_chantry-random-21.scen,180
180,ht_chantry.map,planner,1,19351,16163,188,187,17628,16163,38,0,10,True,ht_chantry-random-21.scen,180
180,ht_chantry.map,planner,1,19815,16163,189,187,17796,16163,17,0,100,False,ht_chantry-random-21.scen,180
180,ht_chantry.map,planner,1,19872,16163,196,187,17711,16163,117,0,100,True,ht_chantry-random-21.scen,180
180,ht_chantry.map,planner,1,19815,16163,189,187,17796,16163,16,0,1000,False,ht_chantry-random-21.scen,180
180,ht_chantry.map,planner,1,19805,16163,194,187,17714,16163,116,0,1000,True,ht_chantry-random-21.scen,180
220,ht_chantry.map,planner,1,25432,19995,195,187,22695,19995,23,0,0,False,ht_chantry-random-21.scen,220
220,ht_chantry.map,planner,1,25432,19995,195,187,22695,19995,20,0,0,True,ht_chantry-random-21.scen,220
220,ht_chantry.map,planner,1,25432,19995,195,187,22695,19995,22,0,1,False,ht_chantry-random-21.scen,220
220,ht_chantry.map,planner,1,25063,19995,188,187,22040,19995,31,0,1,True,ht_chantry-random-21.scen,220
220,ht_chantry.map,planner,1,25432,19995,195,187,22695,19995,23,0,10,False,ht_chantry-random-21.scen,220
220,ht_chantry.map,planner,1,25312,19995,217,187,22273,19995,117,0,10,True,ht_chantry-random-21.scen,220
220,ht_chantry.map,planner,1,25432,19995,195,187,22695,19995,22,0,100,False,ht_chantry-random-21.scen,220
220,ht_chantry.map,planner,1,24809,19995,189,187,21962,19995,229,0,100,True,ht_chantry-random-21.scen,220
220,ht_chantry.map,planner,1,25432,19995,195,187,22695,19995,23,0,1000,False,ht_chantry-random-21.scen,220
220,ht_chantry.map,planner,1,24920,19995,209,187,21997,19995,396,0,1000,True,ht_chantry-random-21.scen,220
260,ht_chantry.map,planner,1,30591,23513,192,187,26460,23513,25,0,0,False,ht_chantry-random-21.scen,260
260,ht_chantry.map,planner,1,30591,23513,192,187,26460,23513,27,0,0,True,ht_chantry-random-21.scen,260
260,ht_chantry.map,planner,1,30591,23513,192,187,26460,23513,29,0,1,False,ht_chantry-random-21.scen,260
260,ht_chantry.map,planner,1,30520,23513,222,187,26246,23513,42,0,1,True,ht_chantry-random-21.scen,260
260,ht_chantry.map,planner,1,30591,23513,192,187,26460,23513,29,0,10,False,ht_chantry-random-21.scen,260
260,ht_chantry.map,planner,1,30081,23513,199,187,26267,23513,104,0,10,True,ht_chantry-random-21.scen,260
260,ht_chantry.map,planner,1,30591,23513,192,187,26460,23513,28,0,100,False,ht_chantry-random-21.scen,260
260,ht_chantry.map,planner,1,30107,23513,195,187,26134,23513,769,0,100,True,ht_chantry-random-21.scen,260
260,ht_chantry.map,planner,1,30591,23513,192,187,26460,23513,27,0,1000,False,ht_chantry-random-21.scen,260
260,ht_chantry.map,planner,1,30066,23513,193,187,26123,23513,3523,0,1000,True,ht_chantry-random-21.scen,260
300,ht_chantry.map,planner,1,37312,27351,196,192,31812,27351,35,0,0,False,ht_chantry-random-21.scen,300
300,ht_chantry.map,planner,1,37312,27351,196,192,31812,27351,34,0,0,True,ht_chantry-random-21.scen,300
300,ht_chantry.map,planner,1,37312,27351,196,192,31812,27351,29,0,1,False,ht_chantry-random-21.scen,300
300,ht_chantry.map,planner,1,36242,27351,192,192,31110,27351,47,0,1,True,ht_chantry-random-21.scen,300
300,ht_chantry.map,planner,1,37312,27351,196,192,31812,27351,34,0,10,False,ht_chantry-random-21.scen,300
300,ht_chantry.map,planner,1,36396,27351,193,192,31177,27351,155,0,10,True,ht_chantry-random-21.scen,300
300,ht_chantry.map,planner,1,37312,27351,196,192,31812,27351,33,0,100,False,ht_chantry-random-21.scen,300
300,ht_chantry.map,planner,1,35990,27351,196,192,30936,27351,1270,0,100,True,ht_chantry-random-21.scen,300
300,ht_chantry.map,planner,1,37312,27351,196,192,31812,27351,34,0,1000,False,ht_chantry-random-21.scen,300
300,ht_chantry.map,planner,1,36109,27351,192,192,30782,27351,8682,0,1000,True,ht_chantry-random-21.scen,300
340,ht_chantry.map,planner,1,43117,30912,211,192,36487,30912,40,0,0,False,ht_chantry-random-21.scen,340
340,ht_chantry.map,planner,1,43117,30912,211,192,36487,30912,41,0,0,True,ht_chantry-random-21.scen,340
340,ht_chantry.map,planner,1,43117,30912,211,192,36487,30912,40,0,1,False,ht_chantry-random-21.scen,340
340,ht_chantry.map,planner,1,42778,30912,208,192,36037,30912,58,0,1,True,ht_chantry-random-21.scen,340
340,ht_chantry.map,planner,1,43117,30912,211,192,36487,30912,41,0,10,False,ht_chantry-random-21.scen,340
340,ht_chantry.map,planner,1,43354,30912,198,192,36116,30912,212,0,10,True,ht_chantry-random-21.scen,340
340,ht_chantry.map,planner,1,43117,30912,211,192,36487,30912,40,0,100,False,ht_chantry-random-21.scen,340
340,ht_chantry.map,planner,1,41274,30912,212,192,35154,30912,1295,0,100,True,ht_chantry-random-21.scen,340
340,ht_chantry.map,planner,1,43117,30912,211,192,36487,30912,40,0,1000,False,ht_chantry-random-21.scen,340
340,ht_chantry.map,planner,1,41811,30912,204,192,35473,30912,11869,0,1000,True,ht_chantry-random-21.scen,340
380,ht_chantry.map,planner,1,49647,34526,197,193,41897,34526,38,0,0,False,ht_chantry-random-21.scen,380
380,ht_chantry.map,planner,1,49647,34526,197,193,41897,34526,45,0,0,True,ht_chantry-random-21.scen,380
380,ht_chantry.map,planner,1,49647,34526,197,193,41897,34526,39,0,1,False,ht_chantry-random-21.scen,380
380,ht_chantry.map,planner,1,47855,34526,197,193,40430,34526,63,0,1,True,ht_chantry-random-21.scen,380
380,ht_chantry.map,planner,1,49647,34526,197,193,41897,34526,46,0,10,False,ht_chantry-random-21.scen,380
380,ht_chantry.map,planner,1,48032,34526,197,193,40630,34526,234,0,10,True,ht_chantry-random-21.scen,380
380,ht_chantry.map,planner,1,49647,34526,197,193,41897,34526,39,0,100,False,ht_chantry-random-21.scen,380
380,ht_chantry.map,planner,1,48851,34526,204,193,40659,34526,1691,0,100,True,ht_chantry-random-21.scen,380
380,ht_chantry.map,planner,1,49647,34526,197,193,41897,34526,42,0,1000,False,ht_chantry-random-21.scen,380
380,ht_chantry.map,planner,1,48135,34526,232,193,40273,34526,16203,0,1000,True,ht_chantry-random-21.scen,380
420,ht_chantry.map,planner,1,55293,37705,210,193,45824,37705,50,0,0,False,ht_chantry-random-21.scen,420
420,ht_chantry.map,planner,1,55293,37705,210,193,45824,37705,53,0,0,True,ht_chantry-random-21.scen,420
420,ht_chantry.map,planner,1,55293,37705,210,193,45824,37705,50,0,1,False,ht_chantry-random-21.scen,420
420,ht_chantry.map,planner,1,54289,37705,209,193,45045,37705,72,0,1,True,ht_chantry-random-21.scen,420
420,ht_chantry.map,planner,1,55293,37705,210,193,45824,37705,50,0,10,False,ht_chantry-random-21.scen,420
420,ht_chantry.map,planner,1,54751,37705,289,193,45424,37705,305,0,10,True,ht_chantry-random-21.scen,420
420,ht_chantry.map,planner,1,55293,37705,210,193,45824,37705,47,0,100,False,ht_chantry-random-21.scen,420
420,ht_chantry.map,planner,1,53680,37705,202,193,44693,37705,1926,0,100,True,ht_chantry-random-21.scen,420
420,ht_chantry.map,planner,1,55293,37705,210,193,45824,37705,48,0,1000,False,ht_chantry-random-21.scen,420
420,ht_chantry.map,planner,1,53299,37705,211,193,44525,37705,18799,0,1000,True,ht_chantry-random-21.scen,420
460,ht_chantry.map,planner,1,62063,41252,215,193,50911,41252,51,0,0,False,ht_chantry-random-21.scen,460
460,ht_chantry.map,planner,1,62063,41252,215,193,50911,41252,58,0,0,True,ht_chantry-random-21.scen,460
460,ht_chantry.map,planner,1,62063,41252,215,193,50911,41252,50,0,1,False,ht_chantry-random-21.scen,460
460,ht_chantry.map,planner,1,60844,41252,207,193,50707,41252,82,0,1,True,ht_chantry-random-21.scen,460
460,ht_chantry.map,planner,1,62063,41252,215,193,50911,41252,58,0,10,False,ht_chantry-random-21.scen,460
460,ht_chantry.map,planner,1,60796,41252,213,193,50373,41252,312,0,10,True,ht_chantry-random-21.scen,460
460,ht_chantry.map,planner,1,62063,41252,215,193,50911,41252,55,0,100,False,ht_chantry-random-21.scen,460
460,ht_chantry.map,planner,1,60339,41252,207,193,50126,41252,2538,0,100,True,ht_chantry-random-21.scen,460
460,ht_chantry.map,planner,1,62063,41252,215,193,50911,41252,54,0,1000,False,ht_chantry-random-21.scen,460
460,ht_chantry.map,planner,1,60402,41252,215,193,49814,41252,24903,0,1000,True,ht_chantry-random-21.scen,460
500,ht_chantry.map,planner,1,69611,45095,218,193,56881,45095,55,0,0,False,ht_chantry-random-21.scen,500
500,ht_chantry.map,planner,1,69611,45095,218,193,56881,45095,65,0,0,True,ht_chantry-random-21.scen,500
500,ht_chantry.map,planner,1,69611,45095,218,193,56881,45095,60,0,1,False,ht_chantry-random-21.scen,500
500,ht_chantry.map,planner,1,67701,45095,219,193,55500,45095,88,0,1,True,ht_chantry-random-21.scen,500
500,ht_chantry.map,planner,1,69611,45095,218,193,56881,45095,59,0,10,False,ht_chantry-random-21.scen,500
500,ht_chantry.map,planner,1,68202,45095,221,193,56162,45095,332,0,10,True,ht_chantry-random-21.scen,500
500,ht_chantry.map,planner,1,69611,45095,218,193,56881,45095,58,0,100,False,ht_chantry-random-21.scen,500
500,ht_chantry.map,planner,1,67433,45095,212,193,55149,45095,2632,0,100,True,ht_chantry-random-21.scen,500
500,ht_chantry.map,planner,1,69611,45095,218,193,56881,45095,59,0,1000,False,ht_chantry-random-21.scen,500
500,ht_chantry.map,planner,1,67980,45095,266,193,54986,45095,23893,0,1000,True,ht_chantry-random-21.scen,500
540,ht_chantry.map,planner,1,78810,49207,224,193,64280,49207,66,0,0,False,ht_chantry-random-21.scen,540
540,ht_chantry.map,planner,1,78810,49207,224,193,64280,49207,68,0,0,True,ht_chantry-random-21.scen,540
540,ht_chantry.map,planner,1,78810,49207,224,193,64280,49207,63,0,1,False,ht_chantry-random-21.scen,540
540,ht_chantry.map,planner,1,76218,49207,213,193,62209,49207,94,0,1,True,ht_chantry-random-21.scen,540
540,ht_chantry.map,planner,1,78810,49207,224,193,64280,49207,65,0,10,False,ht_chantry-random-21.scen,540
540,ht_chantry.map,planner,1,74894,49207,228,193,61471,49207,341,0,10,True,ht_chantry-random-21.scen,540
540,ht_chantry.map,planner,1,78810,49207,224,193,64280,49207,67,0,100,False,ht_chantry-random-21.scen,540
540,ht_chantry.map,planner,1,76567,49207,228,193,62298,49207,3220,0,100,True,ht_chantry-random-21.scen,540
540,ht_chantry.map,planner,1,78810,49207,224,193,64280,49207,65,0,1000,False,ht_chantry-random-21.scen,540
540,ht_chantry.map,planner,1,76987,49207,247,193,61440,49207,29205,0,1000,True,ht_chantry-random-21.scen,540
580,ht_chantry.map,planner,1,84752,52780,222,193,68370,52780,70,0,0,False,ht_chantry-random-21.scen,580
580,ht_chantry.map,planner,1,84752,52780,222,193,68370,52780,78,0,0,True,ht_chantry-random-21.scen,580
580,ht_chantry.map,planner,1,84752,52780,222,193,68370,52780,72,0,1,False,ht_chantry-random-21.scen,580
580,ht_chantry.map,planner,1,84667,52780,246,193,67890,52780,116,0,1,True,ht_chantry-random-21.scen,580
580,ht_chantry.map,planner,1,84752,52780,222,193,68370,52780,72,0,10,False,ht_chantry-random-21.scen,580
580,ht_chantry.map,planner,1,83604,52780,226,193,67418,52780,387,0,10,True,ht_chantry-random-21.scen,580
580,ht_chantry.map,planner,1,84752,52780,222,193,68370,52780,73,0,100,False,ht_chantry-random-21.scen,580
580,ht_chantry.map,planner,1,83612,52780,224,193,67343,52780,3138,0,100,True,ht_chantry-random-21.scen,580
580,ht_chantry.map,planner,1,84752,52780,222,193,68370,52780,76,0,1000,False,ht_chantry-random-21.scen,580
580,ht_chantry.map,planner,1,83452,52780,235,193,67031,52780,30693,0,1000,True,ht_chantry-random-21.scen,580
620,ht_chantry.map,planner,1,92155,57123,226,193,75039,57123,73,0,0,False,ht_chantry-random-21.scen,620
620,ht_chantry.map,planner,1,92155,57123,226,193,75039,57123,83,0,0,True,ht_chantry-random-21.scen,620
620,ht_chantry.map,planner,1,92155,57123,226,193,75039,57123,80,0,1,False,ht_chantry-random-21.scen,620
620,ht_chantry.map,planner,1,91885,57123,236,193,74511,57123,121,0,1,True,ht_chantry-random-21.scen,620
620,ht_chantry.map,planner,1,92155,57123,226,193,75039,57123,79,0,10,False,ht_chantry-random-21.scen,620
620,ht_chantry.map,planner,1,93728,57123,227,193,75138,57123,431,0,10,True,ht_chantry-random-21.scen,620
620,ht_chantry.map,planner,1,92155,57123,226,193,75039,57123,79,0,100,False,ht_chantry-random-21.scen,620
620,ht_chantry.map,planner,1,91534,57123,233,193,73929,57123,3683,0,100,True,ht_chantry-random-21.scen,620
620,ht_chantry.map,planner,1,92155,57123,226,193,75039,57123,77,0,1000,False,ht_chantry-random-21.scen,620
620,ht_chantry.map,planner,1,92538,57123,249,193,74408,57123,35930,0,1000,True,ht_chantry-random-21.scen,620
660,ht_chantry.map,planner,1,103671,60633,240,193,82898,60633,88,0,0,False,ht_chantry-random-21.scen,660
660,ht_chantry.map,planner,1,103671,60633,240,193,82898,60633,94,0,0,True,ht_chantry-random-21.scen,660
660,ht_chantry.map,planner,1,103671,60633,240,193,82898,60633,83,0,1,False,ht_chantry-random-21.scen,660
660,ht_chantry.map,planner,1,99525,60633,247,193,81228,60633,124,0,1,True,ht_chantry-random-21.scen,660
660,ht_chantry.map,planner,1,103671,60633,240,193,82898,60633,87,0,10,False,ht_chantry-random-21.scen,660
660,ht_chantry.map,planner,1,99149,60633,230,193,79909,60633,413,0,10,True,ht_chantry-random-21.scen,660
660,ht_chantry.map,planner,1,103671,60633,240,193,82898,60633,78,0,100,False,ht_chantry-random-21.scen,660
660,ht_chantry.map,planner,1,103239,60633,241,193,82050,60633,3968,0,100,True,ht_chantry-random-21.scen,660
660,ht_chantry.map,planner,1,103671,60633,240,193,82898,60633,86,0,1000,False,ht_chantry-random-21.scen,660
660,ht_chantry.map,planner,1,101486,60633,255,193,80869,60633,34763,0,1000,True,ht_chantry-random-21.scen,660
700,ht_chantry.map,planner,1,112399,64286,245,193,89056,64286,91,0,0,False,ht_chantry-random-21.scen,700
700,ht_chantry.map,planner,1,112399,64286,245,193,89056,64286,97,0,0,True,ht_chantry-random-21.scen,700
700,ht_chantry.map,planner,1,112399,64286,245,193,89056,64286,92,0,1,False,ht_chantry-random-21.scen,700
700,ht_chantry.map,planner,1,110117,64286,255,193,87280,64286,138,0,1,True,ht_chantry-random-21.scen,700
700,ht_chantry.map,planner,1,112399,64286,245,193,89056,64286,91,0,10,False,ht_chantry-random-21.scen,700
700,ht_chantry.map,planner,1,110580,64286,240,193,87219,64286,513,0,10,True,ht_chantry-random-21.scen,700
700,ht_chantry.map,planner,1,112399,64286,245,193,89056,64286,90,0,100,False,ht_chantry-random-21.scen,700
700,ht_chantry.map,planner,1,109546,64286,239,193,87245,64286,4089,0,100,True,ht_chantry-random-21.scen,700
700,ht_chantry.map,planner,1,112399,64286,245,193,89056,64286,88,0,1000,False,ht_chantry-random-21.scen,700
700,ht_chantry.map,planner,1,105928,64286,225,193,84446,64286,38152,0,1000,True,ht_chantry-random-21.scen,700
740,ht_chantry.map,planner,1,121195,68280,247,193,95562,68280,93,0,0,False,ht_chantry-random-21.scen,740
740,ht_chantry.map,planner,1,121195,68280,247,193,95562,68280,102,0,0,True,ht_chantry-random-21.scen,740
740,ht_chantry.map,planner,1,121195,68280,247,193,95562,68280,93,0,1,False,ht_chantry-random-21.scen,740
740,ht_chantry.map,planner,1,124419,68280,302,193,96976,68280,164,0,1,True,ht_chantry-random-21.scen,740
740,ht_chantry.map,planner,1,121195,68280,247,193,95562,68280,95,0,10,False,ht_chantry-random-21.scen,740
740,ht_chantry.map,planner,1,119696,68280,246,193,94845,68280,532,0,10,True,ht_chantry-random-21.scen,740
740,ht_chantry.map,planner,1,121195,68280,247,193,95562,68280,96,0,100,False,ht_chantry-random-21.scen,740
740,ht_chantry.map,planner,1,118881,68280,242,193,93980,68280,4554,0,100,True,ht_chantry-random-21.scen,740
740,ht_chantry.map,planner,1,121195,68280,247,193,95562,68280,99,0,1000,False,ht_chantry-random-21.scen,740
740,ht_chantry.map,planner,1,119567,68280,273,193,94319,68280,42734,0,1000,True,ht_chantry-random-21.scen,740
780,ht_chantry.map,planner,1,134646,72210,277,193,105146,72210,106,0,0,False,ht_chantry-random-21.scen,780
780,ht_chantry.map,planner,1,134646,72210,277,193,105146,72210,115,0,0,True,ht_chantry-random-21.scen,780
780,ht_chantry.map,planner,1,134646,72210,277,193,105146,72210,106,0,1,False,ht_chantry-random-21.scen,780
780,ht_chantry.map,planner,1,129614,72210,288,193,102960,72210,171,0,1,True,ht_chantry-random-21.scen,780
780,ht_chantry.map,planner,1,134646,72210,277,193,105146,72210,106,0,10,False,ht_chantry-random-21.scen,780
780,ht_chantry.map,planner,1,131477,72210,254,193,103281,72210,584,0,10,True,ht_chantry-random-21.scen,780
780,ht_chantry.map,planner,1,134646,72210,277,193,105146,72210,111,0,100,False,ht_chantry-random-21.scen,780
780,ht_chantry.map,planner,1,127487,72210,247,193,100809,72210,4396,0,100,True,ht_chantry-random-21.scen,780
780,ht_chantry.map,planner,1,134646,72210,277,193,105146,72210,107,0,1000,False,ht_chantry-random-21.scen,780
780,ht_chantry.map,planner,1,132365,72210,346,193,102256,72210,46042,0,1000,True,ht_chantry-random-21.scen,780
820,ht_chantry.map,planner,1,146382,76119,272,193,113817,76119,118,0,0,False,ht_chantry-random-21.scen,820
820,ht_chantry.map,planner,1,146382,76119,272,193,113817,76119,138,0,0,True,ht_chantry-random-21.scen,820
820,ht_chantry.map,planner,1,146382,76119,272,193,113817,76119,119,0,1,False,ht_chantry-random-21.scen,820
820,ht_chantry.map,planner,1,138929,76119,273,193,108714,76119,177,0,1,True,ht_chantry-random-21.scen,820
820,ht_chantry.map,planner,1,146382,76119,272,193,113817,76119,117,0,10,False,ht_chantry-random-21.scen,820
820,ht_chantry.map,planner,1,142399,76119,308,193,110083,76119,631,0,10,True,ht_chantry-random-21.scen,820
820,ht_chantry.map,planner,1,146382,76119,272,193,113817,76119,117,0,100,False,ht_chantry-random-21.scen,820
820,ht_chantry.map,planner,1,140693,76119,311,193,109872,76119,5199,0,100,True,ht_chantry-random-21.scen,820
820,ht_chantry.map,planner,1,146382,76119,272,193,113817,76119,119,0,1000,False,ht_chantry-random-21.scen,820
820,ht_chantry.map,planner,1,136181,76119,260,193,107143,76119,45194,0,1000,True,ht_chantry-random-21.scen,820
860,ht_chantry.map,planner,1,159070,79730,283,193,122743,79730,129,0,0,False,ht_chantry-random-21.scen,860
860,ht_chantry.map,planner,1,159070,79730,283,193,122743,79730,147,0,0,True,ht_chantry-random-21.scen,860
860,ht_chantry.map,planner,1,159070,79730,283,193,122743,79730,130,0,1,False,ht_chantry-random-21.scen,860
860,ht_chantry.map,planner,1,151396,79730,267,193,117671,79730,193,0,1,True,ht_chantry-random-21.scen,860
860,ht_chantry.map,planner,1,159070,79730,283,193,122743,79730,129,0,10,False,ht_chantry-random-21.scen,860
860,ht_chantry.map,planner,1,156226,79730,345,193,120359,79730,715,0,10,True,ht_chantry-random-21.scen,860
860,ht_chantry.map,planner,1,159070,79730,283,193,122743,79730,126,0,100,False,ht_chantry-random-21.scen,860
860,ht_chantry.map,planner,1,153773,79730,328,193,118390,79730,5308,0,100,True,ht_chantry-random-21.scen,860
860,ht_chantry.map,planner,1,159070,79730,283,193,122743,79730,128,0,1000,False,ht_chantry-random-21.scen,860
860,ht_chantry.map,planner,1,149072,79730,283,193,116734,79730,50077,0,1000,True,ht_chantry-random-21.scen,860
20,ht_chantry.map,planner,1,1825,1806,183,183,1825,1806,2,0,0,False,ht_chantry-random-16.scen,20
20,ht_chantry.map,planner,1,1825,1806,183,183,1825,1806,2,0,0,True,ht_chantry-random-16.scen,20
20,ht_chantry.map,planner,1,1825,1806,183,183,1825,1806,2,0,1,False,ht_chantry-random-16.scen,20
20,ht_chantry.map,planner,1,1825,1806,183,183,1825,1806,2,0,1,True,ht_chantry-random-16.scen,20
20,ht_chantry.map,planner,1,1825,1806,183,183,1825,1806,2,0,10,False,ht_chantry-random-16.scen,20
20,ht_chantry.map,planner,1,1825,1806,183,183,1825,1806,2,0,10,True,ht_chantry-random-16.scen,20
20,ht_chantry.map,planner,1,1825,1806,183,183,1825,1806,2,0,100,False,ht_chantry-random-16.scen,20
20,ht_chantry.map,planner,1,1825,1806,183,183,1825,1806,2,0,100,True,ht_chantry-random-16.scen,20
20,ht_chantry.map,planner,1,1825,1806,183,183,1825,1806,2,0,1000,False,ht_chantry-random-16.scen,20
20,ht_chantry.map,planner,1,1825,1806,183,183,1825,1806,2,0,1000,True,ht_chantry-random-16.scen,20
60,ht_chantry.map,planner,1,6460,5755,183,183,5967,5755,5,0,0,False,ht_chantry-random-16.scen,60
60,ht_chantry.map,planner,1,6460,5755,183,183,5967,5755,6,0,0,True,ht_chantry-random-16.scen,60
60,ht_chantry.map,planner,1,6460,5755,183,183,5967,5755,5,0,1,False,ht_chantry-random-16.scen,60
60,ht_chantry.map,planner,1,6263,5755,183,183,5960,5755,6,0,1,True,ht_chantry-random-16.scen,60
60,ht_chantry.map,planner,1,6460,5755,183,183,5967,5755,5,0,10,False,ht_chantry-random-16.scen,60
60,ht_chantry.map,planner,1,6263,5755,183,183,5960,5755,5,0,10,True,ht_chantry-random-16.scen,60
60,ht_chantry.map,planner,1,6460,5755,183,183,5967,5755,6,0,100,False,ht_chantry-random-16.scen,60
60,ht_chantry.map,planner,1,6263,5755,183,183,5960,5755,5,0,100,True,ht_chantry-random-16.scen,60
60,ht_chantry.map,planner,1,6460,5755,183,183,5967,5755,5,0,1000,False,ht_chantry-random-16.scen,60
60,ht_chantry.map,planner,1,6263,5755,183,183,5960,5755,5,0,1000,True,ht_chantry-random-16.scen,60
100,ht_chantry.map,planner,1,10860,9431,183,183,10066,9431,9,0,0,False,ht_chantry-random-16.scen,100
100,ht_chantry.map,planner,1,10860,9431,183,183,10066,9431,9,0,0,True,ht_chantry-random-16.scen,100
100,ht_chantry.map,planner,1,10860,9431,183,183,10066,9431,11,0,1,False,ht_chantry-random-16.scen,100
100,ht_chantry.map,planner,1,10740,9431,183,183,10024,9431,10,0,1,True,ht_chantry-random-16.scen,100
100,ht_chantry.map,planner,1,10860,9431,183,183,10066,9431,11,0,10,False,ht_chantry-random-16.scen,100
100,ht_chantry.map,planner,1,10740,9431,183,183,10024,9431,10,0,10,True,ht_chantry-random-16.scen,100
100,ht_chantry.map,planner,1,10860,9431,183,183,10066,9431,10,0,100,False,ht_chantry-random-16.scen,100
100,ht_chantry.map,planner,1,10740,9431,183,183,10024,9431,10,0,100,True,ht_chantry-random-16.scen,100
100,ht_chantry.map,planner,1,10860,9431,183,183,10066,9431,10,0,1000,False,ht_chantry-random-16.scen,100
100,ht_chantry.map,planner,1,10740,9431,183,183,10024,9431,10,0,1000,True,ht_chantry-random-16.scen,100
140,ht_chantry.map,planner,1,15117,12853,183,183,13863,12853,13,0,0,False,ht_chantry-random-16.scen,140
140,ht_chantry.map,planner,1,15117,12853,183,183,13863,12853,13,0,0,True,ht_chantry-random-16.scen,140
140,ht_chantry.map,planner,1,15117,12853,183,183,13863,12853,15,0,1,False,ht_chantry-random-16.scen,140
140,ht_chantry.map,planner,1,15229,12853,183,183,13907,12853,13,0,1,True,ht_chantry-random-16.scen,140
140,ht_chantry.map,planner,1,15117,12853,183,183,13863,12853,12,0,10,False,ht_chantry-random-16.scen,140
140,ht_chantry.map,planner,1,15282,12853,183,183,13911,12853,16,0,10,True,ht_chantry-random-16.scen,140
140,ht_chantry.map,planner,1,15117,12853,183,183,13863,12853,13,0,100,False,ht_chantry-random-16.scen,140
140,ht_chantry.map,planner,1,15282,12853,183,183,13911,12853,15,0,100,True,ht_chantry-random-16.scen,140
140,ht_chantry.map,planner,1,15117,12853,183,183,13863,12853,13,0,1000,False,ht_chantry-random-16.scen,140
140,ht_chantry.map,planner,1,15282,12853,183,183,13911,12853,16,0,1000,True,ht_chantry-random-16.scen,140
180,ht_chantry.map,planner,1,20355,16071,183,183,17656,16071,18,0,0,False,ht_chantry-random-16.scen,180
180,ht_chantry.map,planner,1,20355,16071,183,183,17656,16071,19,0,0,True,ht_chantry-random-16.scen,180
180,ht_chantry.map,planner,1,20355,16071,183,183,17656,16071,17,0,1,False,ht_chantry-random-16.scen,180
180,ht_chantry.map,planner,1,20471,16071,187,183,17651,16071,22,0,1,True,ht_chantry-random-16.scen,180
180,ht_chantry.map,planner,1,20355,16071,183,183,17656,16071,18,0,10,False,ht_chantry-random-16.scen,180
180,ht_chantry.map,planner,1,20289,16071,187,183,17563,16071,37,0,10,True,ht_chantry-random-16.scen,180
180,ht_chantry.map,planner,1,20355,16071,183,183,17656,16071,16,0,100,False,ht_chantry-random-16.scen,180
180,ht_chantry.map,planner,1,19732,16071,194,183,17481,16071,109,0,100,True,ht_chantry-random-16.scen,180
180,ht_chantry.map,planner,1,20355,16071,183,183,17656,16071,17,0,1000,False,ht_chantry-random-16.scen,180
180,ht_chantry.map,planner,1,19805,16071,189,183,17447,16071,194,0,1000,True,ht_chantry-random-16.scen,180
220,ht_chantry.map,planner,1,25316,19791,187,187,22185,19791,21,0,0,False,ht_chantry-random-16.scen,220
220,ht_chantry.map,planner,1,25316,19791,187,187,22185,19791,24,0,0,True,ht_chantry-random-16.scen,220
220,ht_chantry.map,planner,1,25316,19791,187,187,22185,19791,20,0,1,False,ht_chantry-random-16.scen,220
220,ht_chantry.map,planner,1,25293,19791,189,187,21925,19791,32,0,1,True,ht_chantry-random-16.scen,220
220,ht_chantry.map,planner,1,25316,19791,187,187,22185,19791,24,0,10,False,ht_chantry-random-16.scen,220
220,ht_chantry.map,planner,1,25481,19791,187,187,21775,19791,44,0,10,True,ht_chantry-random-16.scen,220
220,ht_chantry.map,planner,1,25316,19791,187,187,22185,19791,23,0,100,False,ht_chantry-random-16.scen,220
220,ht_chantry.map,planner,1,25102,19791,189,187,21883,19791,220,0,100,True,ht_chantry-random-16.scen,220
220,ht_chantry.map,planner,1,25316,19791,187,187,22185,19791,23,0,1000,False,ht_chantry-random-16.scen,220
220,ht_chantry.map,planner,1,25403,19791,189,187,21856,19791,463,0,1000,True,ht_chantry-random-16.scen,220
260,ht_chantry.map,planner,1,31510,23406,187,187,26654,23406,28,0,0,False,ht_chantry-random-16.scen,260
260,ht_chantry.map,planner,1,31510,23406,187,187,26654,23406,29,0,0,True,ht_chantry-random-16.scen,260
260,ht_chantry.map,planner,1,31510,23406,187,187,26654,23406,28,0,1,False,ht_chantry-random-16.scen,260
260,ht_chantry.map,planner,1,30668,23406,191,187,26206,23406,38,0,1,True,ht_chantry-random-16.scen,260
260,ht_chantry.map,planner,1,31510,23406,187,187,26654,23406,27,0,10,False,ht_chantry-random-16.scen,260
260,ht_chantry.map,planner,1,30932,23406,187,187,26246,23406,110,0,10,True,ht_chantry-random-16.scen,260
260,ht_chantry.map,planner,1,31510,23406,187,187,26654,23406,26,0,100,False,ht_chantry-random-16.scen,260
260,ht_chantry.map,planner,1,30192,23406,189,187,26028,23406,566,0,100,True,ht_chantry-random-16.scen,260
260,ht_chantry.map,planner,1,31510,23406,187,187,26654,23406,26,0,1000,False,ht_chantry-random-16.scen,260
260,ht_chantry.map,planner,1,31058,23406,187,187,26086,23406,4406,0,1000,True,ht_chantry-random-16.scen,260
300,ht_chantry.map,planner,1,36865,26870,187,187,31170,26870,34,0,0,False,ht_chantry-random-16.scen,300
300,ht_chantry.map,planner,1,36865,26870,187,187,31170,26870,32,0,0,True,ht_chantry-random-16.scen,300
300,ht_chantry.map,planner,1,36865,26870,187,187,31170,26870,32,0,1,False,ht_chantry-random-16.scen,300
300,ht_chantry.map,planner,1,35443,26870,196,187,30459,26870,45,0,1,True,ht_chantry-random-16.scen,300
300,ht_chantry.map,planner,1,36865,26870,187,187,31170,26870,31,0,10,False,ht_chantry-random-16.scen,300
300,ht_chantry.map,planner,1,35850,26870,191,187,30219,26870,110,0,10,True,ht_chantry-random-16.scen,300
300,ht_chantry.map,planner,1,36865,26870,187,187,31170,26870,34,0,100,False,ht_chantry-random-16.scen,300
300,ht_chantry.map,planner,1,35620,26870,187,187,30270,26870,1084,0,100,True,ht_chantry-random-16.scen,300
300,ht_chantry.map,planner,1,36865,26870,187,187,31170,26870,33,0,1000,False,ht_chantry-random-16.scen,300
300,ht_chantry.map,planner,1,35853,26870,194,187,30183,26870,6970,0,1000,True,ht_chantry-random-16.scen,300
340,ht_chantry.map,planner,1,42501,30379,189,187,35654,30379,37,0,0,False,ht_chantry-random-16.scen,340
340,ht_chantry.map,planner,1,42501,30379,189,187,35654,30379,34,0,0,True,ht_chantry-random-16.scen,340
340,ht_chantry.map,planner,1,42501,30379,189,187,35654,30379,37,0,1,False,ht_chantry-random-16.scen,340
340,ht_chantry.map,planner,1,41830,30379,193,187,35339,30379,57,0,1,True,ht_chantry-random-16.scen,340
340,ht_chantry.map,planner,1,42501,30379,189,187,35654,30379,37,0,10,False,ht_chantry-random-16.scen,340
340,ht_chantry.map,planner,1,41482,30379,202,187,34821,30379,159,0,10,True,ht_chantry-random-16.scen,340
340,ht_chantry.map,planner,1,42501,30379,189,187,35654,30379,38,0,100,False,ht_chantry-random-16.scen,340
340,ht_chantry.map,planner,1,41294,30379,196,187,34517,30379,1162,0,100,True,ht_chantry-random-16.scen,340
340,ht_chantry.map,planner,1,42501,30379,189,187,35654,30379,36,0,1000,False,ht_chantry-random-16.scen,340
340,ht_chantry.map,planner,1,41524,30379,202,187,34743,30379,12257,0,1000,True,ht_chantry-random-16.scen,340
380,ht_chantry.map,planner,1,49174,34202,192,189,40863,34202,42,0,0,False,ht_chantry-random-16.scen,380
380,ht_chantry.map,planner,1,49174,34202,192,189,40863,34202,43,0,0,True,ht_chantry-random-16.scen,380
380,ht_chantry.map,planner,1,49174,34202,192,189,40863,34202,44,0,1,False,ht_chantry-random-16.scen,380
380,ht_chantry.map,planner,1,46637,34202,192,189,39756,34202,58,0,1,True,ht_chantry-random-16.scen,380
380,ht_chantry.map,planner,1,49174,34202,192,189,40863,34202,44,0,10,False,ht_chantry-random-16.scen,380
380,ht_chantry.map,planner,1,48031,34202,192,189,39857,34202,172,0,10,True,ht_chantry-random-16.scen,380
380,ht_chantry.map,planner,1,49174,34202,192,189,40863,34202,40,0,100,False,ht_chantry-random-16.scen,380
380,ht_chantry.map,planner,1,48190,34202,192,189,40180,34202,1568,0,100,True,ht_chantry-random-16.scen,380
380,ht_chantry.map,planner,1,49174,34202,192,189,40863,34202,41,0,1000,False,ht_chantry-random-16.scen,380
380,ht_chantry.map,planner,1,48338,34202,196,189,39844,34202,12879,0,1000,True,ht_chantry-random-16.scen,380
420,ht_chantry.map,planner,1,55579,38120,207,189,46011,38120,49,0,0,False,ht_chantry-random-16.scen,420
420,ht_chantry.map,planner,1,55579,38120,207,189,46011,38120,49,0,0,True,ht_chantry-random-16.scen,420
420,ht_chantry.map,planner,1,55579,38120,207,189,46011,38120,51,0,1,False,ht_chantry-random-16.scen,420
420,ht_chantry.map,planner,1,54267,38120,196,189,45466,38120,66,0,1,True,ht_chantry-random-16.scen,420
420,ht_chantry.map,planner,1,55579,38120,207,189,46011,38120,50,0,10,False,ht_chantry-random-16.scen,420
420,ht_chantry.map,planner,1,54176,38120,214,189,45173,38120,217,0,10,True,ht_chantry-random-16.scen,420
420,ht_chantry.map,planner,1,55579,38120,207,189,46011,38120,51,0,100,False,ht_chantry-random-16.scen,420
420,ht_chantry.map,planner,1,53306,38120,199,189,44798,38120,1582,0,100,True,ht_chantry-random-16.scen,420
420,ht_chantry.map,planner,1,55579,38120,207,189,46011,38120,46,0,1000,False,ht_chantry-random-16.scen,420
420,ht_chantry.map,planner,1,52642,38120,203,189,44313,38120,13649,0,1000,True,ht_chantry-random-16.scen,420
460,ht_chantry.map,planner,1,61634,42311,192,189,51410,42311,53,0,0,False,ht_chantry-random-16.scen,460
460,ht_chantry.map,planner,1,61634,42311,192,189,51410,42311,53,0,0,True,ht_chantry-random-16.scen,460
460,ht_chantry.map,planner,1,61634,42311,192,189,51410,42311,54,0,1,False,ht_chantry-random-16.scen,460
460,ht_chantry.map,planner,1,61369,42311,197,189,51113,42311,72,0,1,True,ht_chantry-random-16.scen,460
460,ht_chantry.map,planner,1,61634,42311,192,189,51410,42311,55,0,10,False,ht_chantry-random-16.scen,460
460,ht_chantry.map,planner,1,60491,42311,206,189,50423,42311,244,0,10,True,ht_chantry-random-16.scen,460
460,ht_chantry.map,planner,1,61634,42311,192,189,51410,42311,54,0,100,False,ht_chantry-random-16.scen,460
460,ht_chantry.map,planner,1,60358,42311,197,189,50176,42311,1625,0,100,True,ht_chantry-random-16.scen,460
460,ht_chantry.map,planner,1,61634,42311,192,189,51410,42311,53,0,1000,False,ht_chantry-random-16.scen,460
460,ht_chantry.map,planner,1,60732,42311,194,189,50503,42311,18397,0,1000,True,ht_chantry-random-16.scen,460
500,ht_chantry.map,planner,1,69500,46276,220,201,57409,46276,63,0,0,False,ht_chantry-random-16.scen,500
500,ht_chantry.map,planner,1,69500,46276,220,201,57409,46276,66,0,0,True,ht_chantry-random-16.scen,500
500,ht_chantry.map,planner,1,69500,46276,220,201,57409,46276,61,0,1,False,ht_chantry-random-16.scen,500
500,ht_chantry.map,planner,1,68493,46276,210,201,56193,46276,87,0,1,True,ht_chantry-random-16.scen,500
500,ht_chantry.map,planner,1,69500,46276,220,201,57409,46276,55,0,10,False,ht_chantry-random-16.scen,500
500,ht_chantry.map,planner,1,67656,46276,211,201,56061,46276,295,0,10,True,ht_chantry-random-16.scen,500
500,ht_chantry.map,planner,1,69500,46276,220,201,57409,46276,59,0,100,False,ht_chantry-random-16.scen,500
500,ht_chantry.map,planner,1,67982,46276,208,201,56371,46276,2356,0,100,True,ht_chantry-random-16.scen,500
500,ht_chantry.map,planner,1,69500,46276,220,201,57409,46276,60,0,1000,False,ht_chantry-random-16.scen,500
500,ht_chantry.map,planner,1,67794,46276,204,201,56140,46276,22113,0,1000,True,ht_chantry-random-16.scen,500
540,ht_chantry.map,planner,1,77279,49977,218,201,62554,49977,63,0,0,False,ht_chantry-random-16.scen,540
540,ht_chantry.map,planner,1,77279,49977,218,201,62554,49977,70,0,0,True,ht_chantry-random-16.scen,540
540,ht_chantry.map,planner,1,77279,49977,218,201,62554,49977,67,0,1,False,ht_chantry-random-16.scen,540
540,ht_chantry.map,planner,1,76518,49977,276,201,61684,49977,94,0,1,True,ht_chantry-random-16.scen,540
540,ht_chantry.map,planner,1,77279,49977,218,201,62554,49977,65,0,10,False,ht_chantry-random-16.scen,540
540,ht_chantry.map,planner,1,74814,49977,209,201,61209,49977,314,0,10,True,ht_chantry-random-16.scen,540
540,ht_chantry.map,planner,1,77279,49977,218,201,62554,49977,66,0,100,False,ht_chantry-random-16.scen,540
540,ht_chantry.map,planner,1,74351,49977,208,201,60683,49977,2100,0,100,True,ht_chantry-random-16.scen,540
540,ht_chantry.map,planner,1,77279,49977,218,201,62554,49977,66,0,1000,False,ht_chantry-random-16.scen,540
540,ht_chantry.map,planner,1,76133,49977,207,201,61654,49977,24272,0,1000,True,ht_chantry-random-16.scen,540
580,ht_chantry.map,planner,1,84579,54130,210,201,68607,54130,70,0,0,False,ht_chantry-random-16.scen,580
580,ht_chantry.map,planner,1,84579,54130,210,201,68607,54130,71,0,0,True,ht_chantry-random-16.scen,580
580,ht_chantry.map,planner,1,84579,54130,210,201,68607,54130,69,0,1,False,ht_chantry-random-16.scen,580
580,ht_chantry.map,planner,1,84299,54130,222,201,68226,54130,102,0,1,True,ht_chantry-random-16.scen,580
580,ht_chantry.map,planner,1,84579,54130,210,201,68607,54130,70,0,10,False,ht_chantry-random-16.scen,580
580,ht_chantry.map,planner,1,83408,54130,224,201,67996,54130,364,0,10,True,ht_chantry-random-16.scen,580
580,ht_chantry.map,planner,1,84579,54130,210,201,68607,54130,65,0,100,False,ht_chantry-random-16.scen,580
580,ht_chantry.map,planner,1,83913,54130,216,201,67852,54130,2744,0,100,True,ht_chantry-random-16.scen,580
580,ht_chantry.map,planner,1,84579,54130,210,201,68607,54130,69,0,1000,False,ht_chantry-random-16.scen,580
580,ht_chantry.map,planner,1,82669,54130,246,201,67248,54130,26025,0,1000,True,ht_chantry-random-16.scen,580
620,ht_chantry.map,planner,1,93258,57371,223,201,74586,57371,75,0,0,False,ht_chantry-random-16.scen,620
620,ht_chantry.map,planner,1,93258,57371,223,201,74586,57371,79,0,0,True,ht_chantry-random-16.scen,620
620,ht_chantry.map,planner,1,93258,57371,223,201,74586,57371,80,0,1,False,ht_chantry-random-16.scen,620
620,ht_chantry.map,planner,1,91894,57371,212,201,74553,57371,114,0,1,True,ht_chantry-random-16.scen,620
620,ht_chantry.map,planner,1,93258,57371,223,201,74586,57371,74,0,10,False,ht_chantry-random-16.scen,620
620,ht_chantry.map,planner,1,91538,57371,242,201,73695,57371,404,0,10,True,ht_chantry-random-16.scen,620
620,ht_chantry.map,planner,1,93258,57371,223,201,74586,57371,78,0,100,False,ht_chantry-random-16.scen,620
620,ht_chantry.map,planner,1,90920,57371,222,201,73595,57371,3024,0,100,True,ht_chantry-random-16.scen,620
620,ht_chantry.map,planner,1,93258,57371,223,201,74586,57371,81,0,1000,False,ht_chantry-random-16.scen,620
620,ht_chantry.map,planner,1,91476,57371,230,201,73426,57371,31843,0,1000,True,ht_chantry-random-16.scen,620
660,ht_chantry.map,planner,1,99985,61333,237,201,80524,61333,81,0,0,False,ht_chantry-random-16.scen,660
660,ht_chantry.map,planner,1,99985,61333,237,201,80524,61333,88,0,0,True,ht_chantry-random-16.scen,660
660,ht_chantry.map,planner,1,99985,61333,237,201,80524,61333,82,0,1,False,ht_chantry-random-16.scen,660
660,ht_chantry.map,planner,1,99011,61333,268,201,79913,61333,123,0,1,True,ht_chantry-random-16.scen,660
660,ht_chantry.map,planner,1,99985,61333,237,201,80524,61333,82,0,10,False,ht_chantry-random-16.scen,660
660,ht_chantry.map,planner,1,99407,61333,229,201,80334,61333,424,0,10,True,ht_chantry-random-16.scen,660
660,ht_chantry.map,planner,1,99985,61333,237,201,80524,61333,84,0,100,False,ht_chantry-random-16.scen,660
660,ht_chantry.map,planner,1,99089,61333,222,201,79313,61333,3467,0,100,True,ht_chantry-random-16.scen,660
660,ht_chantry.map,planner,1,99985,61333,237,201,80524,61333,87,0,1000,False,ht_chantry-random-16.scen,660
660,ht_chantry.map,planner,1,98254,61333,222,201,79395,61333,32831,0,1000,True,ht_chantry-random-16.scen,660
700,ht_chantry.map,planner,1,109288,64731,242,201,87427,64731,88,0,0,False,ht_chantry-random-16.scen,700
700,ht_chantry.map,planner,1,109288,64731,242,201,87427,64731,90,0,0,True,ht_chantry-random-16.scen,700
700,ht_chantry.map,planner,1,109288,64731,242,201,87427,64731,91,0,1,False,ht_chantry-random-16.scen,700
700,ht_chantry.map,planner,1,107405,64731,237,201,87024,64731,133,0,1,True,ht_chantry-random-16.scen,700
700,ht_chantry.map,planner,1,109288,64731,242,201,87427,64731,92,0,10,False,ht_chantry-random-16.scen,700
700,ht_chantry.map,planner,1,106962,64731,236,201,85979,64731,439,0,10,True,ht_chantry-random-16.scen,700
700,ht_chantry.map,planner,1,109288,64731,242,201,87427,64731,88,0,100,False,ht_chantry-random-16.scen,700
700,ht_chantry.map,planner,1,108395,64731,230,201,86450,64731,3797,0,100,True,ht_chantry-random-16.scen,700
700,ht_chantry.map,planner,1,109288,64731,242,201,87427,64731,91,0,1000,False,ht_chantry-random-16.scen,700
700,ht_chantry.map,planner,1,107595,64731,249,201,86144,64731,38405,0,1000,True,ht_chantry-random-16.scen,700
740,ht_chantry.map,planner,1,119298,68835,231,201,95178,68835,97,0,0,False,ht_chantry-random-16.scen,740
740,ht_chantry.map,planner,1,119298,68835,231,201,95178,68835,105,0,0,True,ht_chantry-random-16.scen,740
740,ht_chantry.map,planner,1,119298,68835,231,201,95178,68835,90,0,1,False,ht_chantry-random-16.scen,740
740,ht_chantry.map,planner,1,116898,68835,244,201,93054,68835,141,0,1,True,ht_chantry-random-16.scen,740
740,ht_chantry.map,planner,1,119298,68835,231,201,95178,68835,99,0,10,False,ht_chantry-random-16.scen,740
740,ht_chantry.map,planner,1,117219,68835,245,201,93860,68835,549,0,10,True,ht_chantry-random-16.scen,740
740,ht_chantry.map,planner,1,119298,68835,231,201,95178,68835,96,0,100,False,ht_chantry-random-16.scen,740
740,ht_chantry.map,planner,1,115116,68835,245,201,92787,68835,3899,0,100,True,ht_chantry-random-16.scen,740
740,ht_chantry.map,planner,1,119298,68835,231,201,95178,68835,94,0,1000,False,ht_chantry-random-16.scen,740
740,ht_chantry.map,planner,1,115803,68835,251,201,93056,68835,40464,0,1000,True,ht_chantry-random-16.scen,740
780,ht_chantry.map,planner,1,127916,72676,248,201,102152,72676,98,0,0,False,ht_chantry-random-16.scen,780
780,ht_chantry.map,planner,1,127916,72676,248,201,102152,72676,106,0,0,True,ht_chantry-random-16.scen,780
780,ht_chantry.map,planner,1,127916,72676,248,201,102152,72676,102,0,1,False,ht_chantry-random-16.scen,780
780,ht_chantry.map,planner,1,125645,72676,247,201,100230,72676,152,0,1,True,ht_chantry-random-16.scen,780
780,ht_chantry.map,planner,1,127916,72676,248,201,102152,72676,110,0,10,False,ht_chantry-random-16.scen,780
780,ht_chantry.map,planner,1,125527,72676,241,201,99549,72676,520,0,10,True,ht_chantry-random-16.scen,780
780,ht_chantry.map,planner,1,127916,72676,248,201,102152,72676,98,0,100,False,ht_chantry-random-16.scen,780
780,ht_chantry.map,planner,1,129389,72676,257,201,101193,72676,4446,0,100,True,ht_chantry-random-16.scen,780
780,ht_chantry.map,planner,1,127916,72676,248,201,102152,72676,100,0,1000,False,ht_chantry-random-16.scen,780
780,ht_chantry.map,planner,1,128796,72676,252,201,101185,72676,43589,0,1000,True,ht_chantry-random-16.scen,780
820,ht_chantry.map,planner,1,139725,76054,262,201,108828,76054,109,0,0,False,ht_chantry-random-16.scen,820
820,ht_chantry.map,planner,1,139725,76054,262,201,108828,76054,120,0,0,True,ht_chantry-random-16.scen,820
820,ht_chantry.map,planner,1,139725,76054,262,201,108828,76054,116,0,1,False,ht_chantry-random-16.scen,820
820,ht_chantry.map,planner,1,138549,76054,306,201,108252,76054,172,0,1,True,ht_chantry-random-16.scen,820
820,ht_chantry.map,planner,1,139725,76054,262,201,108828,76054,112,0,10,False,ht_chantry-random-16.scen,820
820,ht_chantry.map,planner,1,136174,76054,249,201,107884,76054,540,0,10,True,ht_chantry-random-16.scen,820
820,ht_chantry.map,planner,1,139725,76054,262,201,108828,76054,111,0,100,False,ht_chantry-random-16.scen,820
820,ht_chantry.map,planner,1,138362,76054,277,201,108400,76054,4616,0,100,True,ht_chantry-random-16.scen,820
820,ht_chantry.map,planner,1,139725,76054,262,201,108828,76054,115,0,1000,False,ht_chantry-random-16.scen,820
820,ht_chantry.map,planner,1,137694,76054,259,201,107282,76054,46742,0,1000,True,ht_chantry-random-16.scen,820
860,ht_chantry.map,planner,1,148798,79385,267,201,114667,79385,113,0,0,False,ht_chantry-random-16.scen,860
860,ht_chantry.map,planner,1,148798,79385,267,201,114667,79385,127,0,0,True,ht_chantry-random-16.scen,860
860,ht_chantry.map,planner,1,148798,79385,267,201,114667,79385,113,0,1,False,ht_chantry-random-16.scen,860
860,ht_chantry.map,planner,1,148777,79385,260,201,115722,79385,181,0,1,True,ht_chantry-random-16.scen,860
860,ht_chantry.map,planner,1,148798,79385,267,201,114667,79385,121,0,10,False,ht_chantry-random-16.scen,860
860,ht_chantry.map,planner,1,148403,79385,284,201,115011,79385,595,0,10,True,ht_chantry-random-16.scen,860
860,ht_chantry.map,planner,1,148798,79385,267,201,114667,79385,116,0,100,False,ht_chantry-random-16.scen,860
860,ht_chantry.map,planner,1,146782,79385,273,201,114058,79385,4989,0,100,True,ht_chantry-random-16.scen,860
860,ht_chantry.map,planner,1,148798,79385,267,201,114667,79385,129,0,1000,False,ht_chantry-random-16.scen,860
860,ht_chantry.map,planner,1,145372,79385,263,201,113316,79385,48234,0,1000,True,ht_chantry-random-16.scen,860
20,ht_chantry.map,planner,1,1599,1568,180,180,1591,1568,1,0,0,False,ht_chantry-random-2.scen,20
20,ht_chantry.map,planner,1,1599,1568,180,180,1591,1568,1,0,0,True,ht_chantry-random-2.scen,20
20,ht_chantry.map,planner,1,1599,1568,180,180,1591,1568,2,0,1,False,ht_chantry-random-2.scen,20
20,ht_chantry.map,planner,1,1599,1568,180,180,1591,1568,1,0,1,True,ht_chantry-random-2.scen,20
20,ht_chantry.map,planner,1,1599,1568,180,180,1591,1568,2,0,10,False,ht_chantry-random-2.scen,20
20,ht_chantry.map,planner,1,1599,1568,180,180,1591,1568,1,0,10,True,ht_chantry-random-2.scen,20
20,ht_chantry.map,planner,1,1599,1568,180,180,1591,1568,1,0,100,False,ht_chantry-random-2.scen,20
20,ht_chantry.map,planner,1,1599,1568,180,180,1591,1568,1,0,100,True,ht_chantry-random-2.scen,20
20,ht_chantry.map,planner,1,1599,1568,180,180,1591,1568,1,0,1000,False,ht_chantry-random-2.scen,20
20,ht_chantry.map,planner,1,1599,1568,180,180,1591,1568,1,0,1000,True,ht_chantry-random-2.scen,20
60,ht_chantry.map,planner,1,6422,5613,181,181,5853,5613,6,0,0,False,ht_chantry-random-2.scen,60
60,ht_chantry.map,planner,1,6422,5613,181,181,5853,5613,5,0,0,True,ht_chantry-random-2.scen,60
60,ht_chantry.map,planner,1,6422,5613,181,181,5853,5613,5,0,1,False,ht_chantry-random-2.scen,60
60,ht_chantry.map,planner,1,6319,5613,183,181,5817,5613,6,0,1,True,ht_chantry-random-2.scen,60
60,ht_chantry.map,planner,1,6422,5613,181,181,5853,5613,5,0,10,False,ht_chantry-random-2.scen,60
60,ht_chantry.map,planner,1,6319,5613,183,181,5817,5613,5,0,10,True,ht_chantry-random-2.scen,60
60,ht_chantry.map,planner,1,6422,5613,181,181,5853,5613,5,0,100,False,ht_chantry-random-2.scen,60
60,ht_chantry.map,planner,1,6319,5613,183,181,5817,5613,5,0,100,True,ht_chantry-random-2.scen,60
60,ht_chantry.map,planner,1,6422,5613,181,181,5853,5613,5,0,1000,False,ht_chantry-random-2.scen,60
60,ht_chantry.map,planner,1,6319,5613,183,181,5817,5613,5,0,1000,True,ht_chantry-random-2.scen,60
100,ht_chantry.map,planner,1,10944,9194,181,181,9709,9194,9,0,0,False,ht_chantry-random-2.scen,100
100,ht_chantry.map,planner,1,10944,9194,181,181,9709,9194,9,0,0,True,ht_chantry-random-2.scen,100
100,ht_chantry.map,planner,1,10944,9194,181,181,9709,9194,9,0,1,False,ht_chantry-random-2.scen,100
100,ht_chantry.map,planner,1,11001,9194,183,181,9654,9194,9,0,1,True,ht_chantry-random-2.scen,100
100,ht_chantry.map,planner,1,10944,9194,181,181,9709,9194,9,0,10,False,ht_chantry-random-2.scen,100
100,ht_chantry.map,planner,1,11001,9194,183,181,9654,9194,9,0,10,True,ht_chantry-random-2.scen,100
100,ht_chantry.map,planner,1,10944,9194,181,181,9709,9194,9,0,100,False,ht_chantry-random-2.scen,100
100,ht_chantry.map,planner,1,11001,9194,183,181,9654,9194,9,0,100,True,ht_chantry-random-2.scen,100
100,ht_chantry.map,planner,1,10944,9194,181,181,9709,9194,9,0,1000,False,ht_chantry-random-2.scen,100
100,ht_chantry.map,planner,1,11001,9194,183,181,9654,9194,10,0,1000,True,ht_chantry-random-2.scen,100
140,ht_chantry.map,planner,1,15147,12572,181,181,13386,12572,12,0,0,False,ht_chantry-random-2.scen,140
140,ht_chantry.map,planner,1,15147,12572,181,181,13386,12572,12,0,0,True,ht_chantry-random-2.scen,140
140,ht_chantry.map,planner,1,15147,12572,181,181,13386,12572,12,0,1,False,ht_chantry-random-2.scen,140
140,ht_chantry.map,planner,1,15070,12572,182,181,13445,12572,13,0,1,True,ht_chantry-random-2.scen,140
140,ht_chantry.map,planner,1,15147,12572,181,181,13386,12572,12,0,10,False,ht_chantry-random-2.scen,140
140,ht_chantry.map,planner,1,15070,12572,182,181,13445,12572,15,0,10,True,ht_chantry-random-2.scen,140
140,ht_chantry.map,planner,1,15147,12572,181,181,13386,12572,13,0,100,False,ht_chantry-random-2.scen,140
140,ht_chantry.map,planner,1,15070,12572,182,181,13445,12572,13,0,100,True,ht_chantry-random-2.scen,140
140,ht_chantry.map,planner,1,15147,12572,181,181,13386,12572,12,0,1000,False,ht_chantry-random-2.scen,140
140,ht_chantry.map,planner,1,15070,12572,182,181,13445,12572,13,0,1000,True,ht_chantry-random-2.scen,140
180,ht_chantry.map,planner,1,20018,16023,192,183,17443,16023,17,0,0,False,ht_chantry-random-2.scen,180
180,ht_chantry.map,planner,1,20018,16023,192,183,17443,16023,16,0,0,True,ht_chantry-random-2.scen,180
180,ht_chantry.map,planner,1,20018,16023,192,183,17443,16023,18,0,1,False,ht_chantry-random-2.scen,180
180,ht_chantry.map,planner,1,19746,16023,185,183,17242,16023,18,0,1,True,ht_chantry-random-2.scen,180
180,ht_chantry.map,planner,1,20018,16023,192,183,17443,16023,18,0,10,False,ht_chantry-random-2.scen,180
180,ht_chantry.map,planner,1,19746,16023,185,183,17242,16023,17,0,10,True,ht_chantry-random-2.scen,180
180,ht_chantry.map,planner,1,20018,16023,192,183,17443,16023,17,0,100,False,ht_chantry-random-2.scen,180
180,ht_chantry.map,planner,1,19746,16023,185,183,17242,16023,17,0,100,True,ht_chantry-random-2.scen,180
180,ht_chantry.map,planner,1,20018,16023,192,183,17443,16023,16,0,1000,False,ht_chantry-random-2.scen,180
180,ht_chantry.map,planner,1,19746,16023,185,183,17242,16023,18,0,1000,True,ht_chantry-random-2.scen,180
220,ht_chantry.map,planner,1,25324,20154,196,196,22131,20154,24,0,0,False,ht_chantry-random-2.scen,220
220,ht_chantry.map,planner,1,25324,20154,196,196,22131,20154,22,0,0,True,ht_chantry-random-2.scen,220
220,ht_chantry.map,planner,1,25324,20154,196,196,22131,20154,24,0,1,False,ht_chantry-random-2.scen,220
220,ht_chantry.map,planner,1,25224,20154,208,196,22087,20154,27,0,1,True,ht_chantry-random-2.scen,220
220,ht_chantry.map,planner,1,25324,20154,196,196,22131,20154,21,0,10,False,ht_chantry-random-2.scen,220
220,ht_chantry.map,planner,1,25332,20154,204,196,22124,20154,28,0,10,True,ht_chantry-random-2.scen,220
220,ht_chantry.map,planner,1,25324,20154,196,196,22131,20154,24,0,100,False,ht_chantry-random-2.scen,220
220,ht_chantry.map,planner,1,25222,20154,204,196,22096,20154,30,0,100,True,ht_chantry-random-2.scen,220
220,ht_chantry.map,planner,1,25324,20154,196,196,22131,20154,24,0,1000,False,ht_chantry-random-2.scen,220
220,ht_chantry.map,planner,1,25222,20154,204,196,22096,20154,32,0,1000,True,ht_chantry-random-2.scen,220
260,ht_chantry.map,planner,1,30643,23745,196,196,26376,23745,28,0,0,False,ht_chantry-random-2.scen,260
260,ht_chantry.map,planner,1,30643,23745,196,196,26376,23745,25,0,0,True,ht_chantry-random-2.scen,260
260,ht_chantry.map,planner,1,30643,23745,196,196,26376,23745,26,0,1,False,ht_chantry-random-2.scen,260
260,ht_chantry.map,planner,1,30411,23745,220,196,26332,23745,32,0,1,True,ht_chantry-random-2.scen,260
260,ht_chantry.map,planner,1,30643,23745,196,196,26376,23745,28,0,10,False,ht_chantry-random-2.scen,260
260,ht_chantry.map,planner,1,29453,23745,203,196,25897,23745,52,0,10,True,ht_chantry-random-2.scen,260
260,ht_chantry.map,planner,1,30643,23745,196,196,26376,23745,26,0,100,False,ht_chantry-random-2.scen,260
260,ht_chantry.map,planner,1,30045,23745,209,196,26009,23745,84,0,100,True,ht_chantry-random-2.scen,260
260,ht_chantry.map,planner,1,30643,23745,196,196,26376,23745,26,0,1000,False,ht_chantry-random-2.scen,260
260,ht_chantry.map,planner,1,29776,23745,212,196,26092,23745,99,0,1000,True,ht_chantry-random-2.scen,260
300,ht_chantry.map,planner,1,36782,27937,205,205,31651,27937,35,0,0,False,ht_chantry-random-2.scen,300
300,ht_chantry.map,planner,1,36782,27937,205,205,31651,27937,31,0,0,True,ht_chantry-random-2.scen,300
300,ht_chantry.map,planner,1,36782,27937,205,205,31651,27937,34,0,1,False,ht_chantry-random-2.scen,300
300,ht_chantry.map,planner,1,36082,27937,209,205,31167,27937,41,0,1,True,ht_chantry-random-2.scen,300
300,ht_chantry.map,planner,1,36782,27937,205,205,31651,27937,32,0,10,False,ht_chantry-random-2.scen,300
300,ht_chantry.map,planner,1,35453,27937,206,205,30993,27937,92,0,10,True,ht_chantry-random-2.scen,300
300,ht_chantry.map,planner,1,36782,27937,205,205,31651,27937,33,0,100,False,ht_chantry-random-2.scen,300
300,ht_chantry.map,planner,1,35638,27937,208,205,30908,27937,363,0,100,True,ht_chantry-random-2.scen,300
300,ht_chantry.map,planner,1,36782,27937,205,205,31651,27937,31,0,1000,False,ht_chantry-random-2.scen,300
300,ht_chantry.map,planner,1,35934,27937,210,205,30849,27937,1570,0,1000,True,ht_chantry-random-2.scen,300
340,ht_chantry.map,planner,1,43145,31826,205,205,36953,31826,37,0,0,False,ht_chantry-random-2.scen,340
340,ht_chantry.map,planner,1,43145,31826,205,205,36953,31826,35,0,0,True,ht_chantry-random-2.scen,340
340,ht_chantry.map,planner,1,43145,31826,205,205,36953,31826,40,0,1,False,ht_chantry-random-2.scen,340
340,ht_chantry.map,planner,1,42239,31826,215,205,36213,31826,49,0,1,True,ht_chantry-random-2.scen,340
340,ht_chantry.map,planner,1,43145,31826,205,205,36953,31826,38,0,10,False,ht_chantry-random-2.scen,340
340,ht_chantry.map,planner,1,42234,31826,212,205,36008,31826,134,0,10,True,ht_chantry-random-2.scen,340
340,ht_chantry.map,planner,1,43145,31826,205,205,36953,31826,38,0,100,False,ht_chantry-random-2.scen,340
340,ht_chantry.map,planner,1,41525,31826,208,205,35715,31826,1013,0,100,True,ht_chantry-random-2.scen,340
340,ht_chantry.map,planner,1,43145,31826,205,205,36953,31826,38,0,1000,False,ht_chantry-random-2.scen,340
340,ht_chantry.map,planner,1,42289,31826,209,205,35784,31826,10094,0,1000,True,ht_chantry-random-2.scen,340
380,ht_chantry.map,planner,1,49031,35782,205,205,41854,35782,45,0,0,False,ht_chantry-random-2.scen,380
380,ht_chantry.map,planner,1,49031,35782,205,205,41854,35782,44,0,0,True,ht_chantry-random-2.scen,380
380,ht_chantry.map,planner,1,49031,35782,205,205,41854,35782,43,0,1,False,ht_chantry-random-2.scen,380
380,ht_chantry.map,planner,1,48749,35782,205,205,41620,35782,60,0,1,True,ht_chantry-random-2.scen,380
380,ht_chantry.map,planner,1,49031,35782,205,205,41854,35782,41,0,10,False,ht_chantry-random-2.scen,380
380,ht_chantry.map,planner,1,48072,35782,209,205,41017,35782,185,0,10,True,ht_chantry-random-2.scen,380
380,ht_chantry.map,planner,1,49031,35782,205,205,41854,35782,44,0,100,False,ht_chantry-random-2.scen,380
380,ht_chantry.map,planner,1,47825,35782,205,205,40870,35782,1302,0,100,True,ht_chantry-random-2.scen,380
380,ht_chantry.map,planner,1,49031,35782,205,205,41854,35782,46,0,1000,False,ht_chantry-random-2.scen,380
380,ht_chantry.map,planner,1,47522,35782,205,205,40540,35782,13093,0,1000,True,ht_chantry-random-2.scen,380
420,ht_chantry.map,planner,1,54763,39284,205,205,46475,39284,49,0,0,False,ht_chantry-random-2.scen,420
420,ht_chantry.map,planner,1,54763,39284,205,205,46475,39284,50,0,0,True,ht_chantry-random-2.scen,420
420,ht_chantry.map,planner,1,54763,39284,205,205,46475,39284,48,0,1,False,ht_chantry-random-2.scen,420
420,ht_chantry.map,planner,1,53937,39284,225,205,45849,39284,66,0,1,True,ht_chantry-random-2.scen,420
420,ht_chantry.map,planner,1,54763,39284,205,205,46475,39284,50,0,10,False,ht_chantry-random-2.scen,420
420,ht_chantry.map,planner,1,53329,39284,209,205,45315,39284,210,0,10,True,ht_chantry-random-2.scen,420
420,ht_chantry.map,planner,1,54763,39284,205,205,46475,39284,51,0,100,False,ht_chantry-random-2.scen,420
420,ht_chantry.map,planner,1,54013,39284,213,205,45428,39284,1642,0,100,True,ht_chantry-random-2.scen,420
420,ht_chantry.map,planner,1,54763,39284,205,205,46475,39284,45,0,1000,False,ht_chantry-random-2.scen,420
420,ht_chantry.map,planner,1,53289,39284,216,205,45452,39284,16737,0,1000,True,ht_chantry-random-2.scen,420
460,ht_chantry.map,planner,1,61254,43293,220,205,52070,43293,55,0,0,False,ht_chantry-random-2.scen,460
460,ht_chantry.map,planner,1,61254,43293,220,205,52070,43293,58,0,0,True,ht_chantry-random-2.scen,460
460,ht_chantry.map,planner,1,61254,43293,220,205,52070,43293,57,0,1,False,ht_chantry-random-2.scen,460
460,ht_chantry.map,planner,1,61373,43293,226,205,51487,43293,73,0,1,True,ht_chantry-random-2.scen,460
460,ht_chantry.map,planner,1,61254,43293,220,205,52070,43293,56,0,10,False,ht_chantry-random-2.scen,460
460,ht_chantry.map,planner,1,59833,43293,212,205,50796,43293,253,0,10,True,ht_chantry-random-2.scen,460
460,ht_chantry.map,planner,1,61254,43293,220,205,52070,43293,53,0,100,False,ht_chantry-random-2.scen,460
460,ht_chantry.map,planner,1,60033,43293,215,205,50915,43293,1957,0,100,True,ht_chantry-random-2.scen,460
460,ht_chantry.map,planner,1,61254,43293,220,205,52070,43293,59,0,1000,False,ht_chantry-random-2.scen,460
460,ht_chantry.map,planner,1,60614,43293,211,205,51052,43293,19404,0,1000,True,ht_chantry-random-2.scen,460
500,ht_chantry.map,planner,1,69892,47017,212,205,58063,47017,55,0,0,False,ht_chantry-random-2.scen,500
500,ht_chantry.map,planner,1,69892,47017,212,205,58063,47017,64,0,0,True,ht_chantry-random-2.scen,500
500,ht_chantry.map,planner,1,69892,47017,212,205,58063,47017,59,0,1,False,ht_chantry-random-2.scen,500
500,ht_chantry.map,planner,1,67451,47017,207,205,56459,47017,83,0,1,True,ht_chantry-random-2.scen,500
500,ht_chantry.map,planner,1,69892,47017,212,205,58063,47017,60,0,10,False,ht_chantry-random-2.scen,500
500,ht_chantry.map,planner,1,66953,47017,205,205,56738,47017,274,0,10,True,ht_chantry-random-2.scen,500
500,ht_chantry.map,planner,1,69892,47017,212,205,58063,47017,65,0,100,False,ht_chantry-random-2.scen,500
500,ht_chantry.map,planner,1,66510,47017,210,205,56401,47017,2208,0,100,True,ht_chantry-random-2.scen,500
500,ht_chantry.map,planner,1,69892,47017,212,205,58063,47017,60,0,1000,False,ht_chantry-random-2.scen,500
500,ht_chantry.map,planner,1,66139,47017,216,205,55694,47017,19987,0,1000,True,ht_chantry-random-2.scen,500
540,ht_chantry.map,planner,1,76999,50814,219,205,63524,50814,61,0,0,False,ht_chantry-random-2.scen,540
540,ht_chantry.map,planner,1,76999,50814,219,205,63524,50814,67,0,0,True,ht_chantry-random-2.scen,540
540,ht_chantry.map,planner,1,76999,50814,219,205,63524,50814,63,0,1,False,ht_chantry-random-2.scen,540
540,ht_chantry.map,planner,1,74736,50814,222,205,62555,50814,95,0,1,True,ht_chantry-random-2.scen,540
540,ht_chantry.map,planner,1,76999,50814,219,205,63524,50814,65,0,10,False,ht_chantry-random-2.scen,540
540,ht_chantry.map,planner,1,74125,50814,219,205,62123,50814,326,0,10,True,ht_chantry-random-2.scen,540
540,ht_chantry.map,planner,1,76999,50814,219,205,63524,50814,65,0,100,False,ht_chantry-random-2.scen,540
540,ht_chantry.map,planner,1,74648,50814,216,205,62628,50814,2717,0,100,True,ht_chantry-random-2.scen,540
540,ht_chantry.map,planner,1,76999,50814,219,205,63524,50814,65,0,1000,False,ht_chantry-random-2.scen,540
540,ht_chantry.map,planner,1,74685,50814,212,205,61283,50814,24071,0,1000,True,ht_chantry-random-2.scen,540
580,ht_chantry.map,planner,1,82276,54359,209,205,67737,54359,70,0,0,False,ht_chantry-random-2.scen,580
580,ht_chantry.map,planner,1,82276,54359,209,205,67737,54359,72,0,0,True,ht_chantry-random-2.scen,580
580,ht_chantry.map,planner,1,82276,54359,209,205,67737,54359,73,0,1,False,ht_chantry-random-2.scen,580
580,ht_chantry.map,planner,1,83035,54359,229,205,67765,54359,107,0,1,True,ht_chantry-random-2.scen,580
580,ht_chantry.map,planner,1,82276,54359,209,205,67737,54359,71,0,10,False,ht_chantry-random-2.scen,580
580,ht_chantry.map,planner,1,82980,54359,220,205,67518,54359,356,0,10,True,ht_chantry-random-2.scen,580
580,ht_chantry.map,planner,1,82276,54359,209,205,67737,54359,70,0,100,False,ht_chantry-random-2.scen,580
580,ht_chantry.map,planner,1,81391,54359,218,205,66953,54359,2667,0,100,True,ht_chantry-random-2.scen,580
580,ht_chantry.map,planner,1,82276,54359,209,205,67737,54359,70,0,1000,False,ht_chantry-random-2.scen,580
580,ht_chantry.map,planner,1,80855,54359,222,205,66642,54359,23330,0,1000,True,ht_chantry-random-2.scen,580
620,ht_chantry.map,planner,1,92370,58200,239,205,74721,58200,76,0,0,False,ht_chantry-random-2.scen,620
620,ht_chantry.map,planner,1,92370,58200,239,205,74721,58200,81,0,0,True,ht_chantry-random-2.scen,620
620,ht_chantry.map,planner,1,92370,58200,239,205,74721,58200,72,0,1,False,ht_chantry-random-2.scen,620
620,ht_chantry.map,planner,1,89418,58200,216,205,72974,58200,113,0,1,True,ht_chantry-random-2.scen,620
620,ht_chantry.map,planner,1,92370,58200,239,205,74721,58200,76,0,10,False,ht_chantry-random-2.scen,620
620,ht_chantry.map,planner,1,90686,58200,255,205,73244,58200,402,0,10,True,ht_chantry-random-2.scen,620
620,ht_chantry.map,planner,1,92370,58200,239,205,74721,58200,84,0,100,False,ht_chantry-random-2.scen,620
620,ht_chantry.map,planner,1,87951,58200,230,205,72326,58200,2963,0,100,True,ht_chantry-random-2.scen,620
620,ht_chantry.map,planner,1,92370,58200,239,205,74721,58200,79,0,1000,False,ht_chantry-random-2.scen,620
620,ht_chantry.map,planner,1,88582,58200,220,205,72640,58200,28187,0,1000,True,ht_chantry-random-2.scen,620
660,ht_chantry.map,planner,1,102464,62288,244,205,82043,62288,85,0,0,False,ht_chantry-random-2.scen,660
660,ht_chantry.map,planner,1,102464,62288,244,205,82043,62288,88,0,0,True,ht_chantry-random-2.scen,660
660,ht_chantry.map,planner,1,102464,62288,244,205,82043,62288,83,0,1,False,ht_chantry-random-2.scen,660
660,ht_chantry.map,planner,1,101521,62288,242,205,82025,62288,126,0,1,True,ht_chantry-random-2.scen,660
660,ht_chantry.map,planner,1,102464,62288,244,205,82043,62288,85,0,10,False,ht_chantry-random-2.scen,660
660,ht_chantry.map,planner,1,98177,62288,243,205,79685,62288,419,0,10,True,ht_chantry-random-2.scen,660
660,ht_chantry.map,planner,1,102464,62288,244,205,82043,62288,80,0,100,False,ht_chantry-random-2.scen,660
660,ht_chantry.map,planner,1,99997,62288,260,205,80606,62288,3584,0,100,True,ht_chantry-random-2.scen,660
660,ht_chantry.map,planner,1,102464,62288,244,205,82043,62288,84,0,1000,False,ht_chantry-random-2.scen,660
660,ht_chantry.map,planner,1,102060,62288,230,205,81280,62288,36583,0,1000,True,ht_chantry-random-2.scen,660
700,ht_chantry.map,planner,1,111660,65954,245,205,90006,65954,90,0,0,False,ht_chantry-random-2.scen,700
700,ht_chantry.map,planner,1,111660,65954,245,205,90006,65954,96,0,0,True,ht_chantry-random-2.scen,700
700,ht_chantry.map,planner,1,111660,65954,245,205,90006,65954,88,0,1,False,ht_chantry-random-2.scen,700
700,ht_chantry.map,planner,1,107505,65954,237,205,86777,65954,137,0,1,True,ht_chantry-random-2.scen,700
700,ht_chantry.map,planner,1,111660,65954,245,205,90006,65954,90,0,10,False,ht_chantry-random-2.scen,700
700,ht_chantry.map,planner,1,107925,65954,230,205,87786,65954,502,0,10,True,ht_chantry-random-2.scen,700
700,ht_chantry.map,planner,1,111660,65954,245,205,90006,65954,81,0,100,False,ht_chantry-random-2.scen,700
700,ht_chantry.map,planner,1,107447,65954,243,205,86832,65954,3891,0,100,True,ht_chantry-random-2.scen,700
700,ht_chantry.map,planner,1,111660,65954,245,205,90006,65954,84,0,1000,False,ht_chantry-random-2.scen,700
700,ht_chantry.map,planner,1,108640,65954,247,205,87844,65954,38188,0,1000,True,ht_chantry-random-2.scen,700
740,ht_chantry.map,planner,1,122620,69874,249,205,96568,69874,105,0,0,False,ht_chantry-random-2.scen,740
740,ht_chantry.map,planner,1,122620,69874,249,205,96568,69874,106,0,0,True,ht_chantry-random-2.scen,740
740,ht_chantry.map,planner,1,122620,69874,249,205,96568,69874,94,0,1,False,ht_chantry-random-2.scen,740
740,ht_chantry.map,planner,1,119926,69874,256,205,95833,69874,153,0,1,True,ht_chantry-random-2.scen,740
740,ht_chantry.map,planner,1,122620,69874,249,205,96568,69874,95,0,10,False,ht_chantry-random-2.scen,740
740,ht_chantry.map,planner,1,122497,69874,255,205,97492,69874,587,0,10,True,ht_chantry-random-2.scen,740
740,ht_chantry.map,planner,1,122620,69874,249,205,96568,69874,96,0,100,False,ht_chantry-random-2.scen,740
740,ht_chantry.map,planner,1,117396,69874,246,205,94587,69874,4252,0,100,True,ht_chantry-random-2.scen,740
740,ht_chantry.map,planner,1,122620,69874,249,205,96568,69874,101,0,1000,False,ht_chantry-random-2.scen,740
740,ht_chantry.map,planner,1,117783,69874,263,205,94503,69874,42706,0,1000,True,ht_chantry-random-2.scen,740
780,ht_chantry.map,planner,1,133335,73687,259,205,105383,73687,107,0,0,False,ht_chantry-random-2.scen,780
780,ht_chantry.map,planner,1,133335,73687,259,205,105383,73687,115,0,0,True,ht_chantry-random-2.scen,780
780,ht_chantry.map,planner,1,133335,73687,259,205,105383,73687,104,0,1,False,ht_chantry-random-2.scen,780
780,ht_chantry.map,planner,1,128915,73687,248,205,103258,73687,163,0,1,True,ht_chantry-random-2.scen,780
780,ht_chantry.map,planner,1,133335,73687,259,205,105383,73687,102,0,10,False,ht_chantry-random-2.scen,780
780,ht_chantry.map,planner,1,132198,73687,277,205,104810,73687,631,0,10,True,ht_chantry-random-2.scen,780
780,ht_chantry.map,planner,1,133335,73687,259,205,105383,73687,103,0,100,False,ht_chantry-random-2.scen,780
780,ht_chantry.map,planner,1,131264,73687,260,205,103829,73687,5200,0,100,True,ht_chantry-random-2.scen,780
780,ht_chantry.map,planner,1,133335,73687,259,205,105383,73687,103,0,1000,False,ht_chantry-random-2.scen,780
780,ht_chantry.map,planner,1,131141,73687,252,205,103251,73687,47693,0,1000,True,ht_chantry-random-2.scen,780
820,ht_chantry.map,planner,1,140748,77400,276,205,111568,77400,116,0,0,False,ht_chantry-random-2.scen,820
820,ht_chantry.map,planner,1,140748,77400,276,205,111568,77400,126,0,0,True,ht_chantry-random-2.scen,820
820,ht_chantry.map,planner,1,140748,77400,276,205,111568,77400,117,0,1,False,ht_chantry-random-2.scen,820
820,ht_chantry.map,planner,1,136297,77400,252,205,109823,77400,173,0,1,True,ht_chantry-random-2.scen,820
820,ht_chantry.map,planner,1,140748,77400,276,205,111568,77400,113,0,10,False,ht_chantry-random-2.scen,820
820,ht_chantry.map,planner,1,134297,77400,248,205,107282,77400,564,0,10,True,ht_chantry-random-2.scen,820
820,ht_chantry.map,planner,1,140748,77400,276,205,111568,77400,119,0,100,False,ht_chantry-random-2.scen,820
820,ht_chantry.map,planner,1,138632,77400,260,205,109741,77400,5428,0,100,True,ht_chantry-random-2.scen,820
820,ht_chantry.map,planner,1,140748,77400,276,205,111568,77400,122,0,1000,False,ht_chantry-random-2.scen,820
820,ht_chantry.map,planner,1,136708,77400,254,205,107880,77400,46315,0,1000,True,ht_chantry-random-2.scen,820
860,ht_chantry.map,planner,1,150522,81427,260,205,117581,81427,122,0,0,False,ht_chantry-random-2.scen,860
860,ht_chantry.map,planner,1,150522,81427,260,205,117581,81427,137,0,0,True,ht_chantry-random-2.scen,860
860,ht_chantry.map,planner,1,150522,81427,260,205,117581,81427,119,0,1,False,ht_chantry-random-2.scen,860
860,ht_chantry.map,planner,1,150282,81427,275,205,118553,81427,193,0,1,True,ht_chantry-random-2.scen,860
860,ht_chantry.map,planner,1,150522,81427,260,205,117581,81427,121,0,10,False,ht_chantry-random-2.scen,860
860,ht_chantry.map,planner,1,149093,81427,263,205,117890,81427,647,0,10,True,ht_chantry-random-2.scen,860
860,ht_chantry.map,planner,1,150522,81427,260,205,117581,81427,116,0,100,False,ht_chantry-random-2.scen,860
860,ht_chantry.map,planner,1,151687,81427,303,205,120271,81427,5635,0,100,True,ht_chantry-random-2.scen,860
860,ht_chantry.map,planner,1,150522,81427,260,205,117581,81427,116,0,1000,False,ht_chantry-random-2.scen,860
860,ht_chantry.map,planner,1,148737,81427,268,205,116689,81427,52155,0,1000,True,ht_chantry-random-2.scen,860
20,ht_chantry.map,planner,1,2300,2243,186,186,2285,2243,2,0,0,False,ht_chantry-random-19.scen,20
20,ht_chantry.map,planner,1,2300,2243,186,186,2285,2243,2,0,0,True,ht_chantry-random-19.scen,20
20,ht_chantry.map,planner,1,2300,2243,186,186,2285,2243,2,0,1,False,ht_chantry-random-19.scen,20
20,ht_chantry.map,planner,1,2300,2243,186,186,2285,2243,2,0,1,True,ht_chantry-random-19.scen,20
20,ht_chantry.map,planner,1,2300,2243,186,186,2285,2243,2,0,10,False,ht_chantry-random-19.scen,20
20,ht_chantry.map,planner,1,2300,2243,186,186,2285,2243,2,0,10,True,ht_chantry-random-19.scen,20
20,ht_chantry.map,planner,1,2300,2243,186,186,2285,2243,2,0,100,False,ht_chantry-random-19.scen,20
20,ht_chantry.map,planner,1,2300,2243,186,186,2285,2243,2,0,100,True,ht_chantry-random-19.scen,20
20,ht_chantry.map,planner,1,2300,2243,186,186,2285,2243,2,0,1000,False,ht_chantry-random-19.scen,20
20,ht_chantry.map,planner,1,2300,2243,186,186,2285,2243,2,0,1000,True,ht_chantry-random-19.scen,20
60,ht_chantry.map,planner,1,6019,5472,188,186,5629,5472,5,0,0,False,ht_chantry-random-19.scen,60
60,ht_chantry.map,planner,1,6019,5472,188,186,5629,5472,6,0,0,True,ht_chantry-random-19.scen,60
60,ht_chantry.map,planner,1,6019,5472,188,186,5629,5472,6,0,1,False,ht_chantry-random-19.scen,60
60,ht_chantry.map,planner,1,5866,5472,190,186,5624,5472,6,0,1,True,ht_chantry-random-19.scen,60
60,ht_chantry.map,planner,1,6019,5472,188,186,5629,5472,6,0,10,False,ht_chantry-random-19.scen,60
60,ht_chantry.map,planner,1,5866,5472,190,186,5624,5472,6,0,10,True,ht_chantry-random-19.scen,60
60,ht_chantry.map,planner,1,6019,5472,188,186,5629,5472,5,0,100,False,ht_chantry-random-19.scen,60
60,ht_chantry.map,planner,1,5866,5472,190,186,5624,5472,5,0,100,True,ht_chantry-random-19.scen,60
60,ht_chantry.map,planner,1,6019,5472,188,186,5629,5472,6,0,1000,False,ht_chantry-random-19.scen,60
60,ht_chantry.map,planner,1,5866,5472,190,186,5624,5472,6,0,1000,True,ht_chantry-random-19.scen,60
100,ht_chantry.map,planner,1,10721,9108,197,197,9751,9108,9,0,0,False,ht_chantry-random-19.scen,100
100,ht_chantry.map,planner,1,10721,9108,197,197,9751,9108,10,0,0,True,ht_chantry-random-19.scen,100
100,ht_chantry.map,planner,1,10721,9108,197,197,9751,9108,9,0,1,False,ht_chantry-random-19.scen,100
100,ht_chantry.map,planner,1,10750,9108,200,197,9707,9108,10,0,1,True,ht_chantry-random-19.scen,100
100,ht_chantry.map,planner,1,10721,9108,197,197,9751,9108,11,0,10,False,ht_chantry-random-19.scen,100
100,ht_chantry.map,planner,1,10750,9108,200,197,9707,9108,11,0,10,True,ht_chantry-random-19.scen,100
100,ht_chantry.map,planner,1,10721,9108,197,197,9751,9108,9,0,100,False,ht_chantry-random-19.scen,100
100,ht_chantry.map,planner,1,10750,9108,200,197,9707,9108,11,0,100,True,ht_chantry-random-19.scen,100
100,ht_chantry.map,planner,1,10721,9108,197,197,9751,9108,10,0,1000,False,ht_chantry-random-19.scen,100
100,ht_chantry.map,planner,1,10750,9108,200,197,9707,9108,10,0,1000,True,ht_chantry-random-19.scen,100
140,ht_chantry.map,planner,1,15847,13060,197,197,14191,13060,16,0,0,False,ht_chantry-random-19.scen,140
140,ht_chantry.map,planner,1,15847,13060,197,197,14191,13060,15,0,0,True,ht_chantry-random-19.scen,140
140,ht_chantry.map,planner,1,15847,13060,197,197,14191,13060,13,0,1,False,ht_chantry-random-19.scen,140
140,ht_chantry.map,planner,1,16140,13060,205,197,14161,13060,14,0,1,True,ht_chantry-random-19.scen,140
140,ht_chantry.map,planner,1,15847,13060,197,197,14191,13060,14,0,10,False,ht_chantry-random-19.scen,140
140,ht_chantry.map,planner,1,16140,13060,205,197,14161,13060,16,0,10,True,ht_chantry-random-19.scen,140
140,ht_chantry.map,planner,1,15847,13060,197,197,14191,13060,16,0,100,False,ht_chantry-random-19.scen,140
140,ht_chantry.map,planner,1,16140,13060,205,197,14161,13060,16,0,100,True,ht_chantry-random-19.scen,140
140,ht_chantry.map,planner,1,15847,13060,197,197,14191,13060,15,0,1000,False,ht_chantry-random-19.scen,140
140,ht_chantry.map,planner,1,16140,13060,205,197,14161,13060,15,0,1000,True,ht_chantry-random-19.scen,140
180,ht_chantry.map,planner,1,21467,17337,199,197,19254,17337,20,0,0,False,ht_chantry-random-19.scen,180
180,ht_chantry.map,planner,1,21467,17337,199,197,19254,17337,21,0,0,True,ht_chantry-random-19.scen,180
180,ht_chantry.map,planner,1,21467,17337,199,197,19254,17337,18,0,1,False,ht_chantry-random-19.scen,180
180,ht_chantry.map,planner,1,21407,17337,208,197,19128,17337,23,0,1,True,ht_chantry-random-19.scen,180
180,ht_chantry.map,planner,1,21467,17337,199,197,19254,17337,17,0,10,False,ht_chantry-random-19.scen,180
180,ht_chantry.map,planner,1,21526,17337,202,197,19133,17337,22,0,10,True,ht_chantry-random-19.scen,180
180,ht_chantry.map,planner,1,21467,17337,199,197,19254,17337,20,0,100,False,ht_chantry-random-19.scen,180
180,ht_chantry.map,planner,1,21526,17337,202,197,19133,17337,21,0,100,True,ht_chantry-random-19.scen,180
180,ht_chantry.map,planner,1,21467,17337,199,197,19254,17337,19,0,1000,False,ht_chantry-random-19.scen,180
180,ht_chantry.map,planner,1,21526,17337,202,197,19133,17337,22,0,1000,True,ht_chantry-random-19.scen,180
220,ht_chantry.map,planner,1,26929,20687,197,197,23155,20687,23,0,0,False,ht_chantry-random-19.scen,220
220,ht_chantry.map,planner,1,26929,20687,197,197,23155,20687,26,0,0,True,ht_chantry-random-19.scen,220
220,ht_chantry.map,planner,1,26929,20687,197,197,23155,20687,22,0,1,False,ht_chantry-random-19.scen,220
220,ht_chantry.map,planner,1,25951,20687,201,197,22855,20687,34,0,1,True,ht_chantry-random-19.scen,220
220,ht_chantry.map,planner,1,26929,20687,197,197,23155,20687,24,0,10,False,ht_chantry-random-19.scen,220
220,ht_chantry.map,planner,1,26251,20687,205,197,22853,20687,85,0,10,True,ht_chantry-random-19.scen,220
220,ht_chantry.map,planner,1,26929,20687,197,197,23155,20687,22,0,100,False,ht_chantry-random-19.scen,220
220,ht_chantry.map,planner,1,25988,20687,205,197,22820,20687,78,0,100,True,ht_chantry-random-19.scen,220
220,ht_chantry.map,planner,1,26929,20687,197,197,23155,20687,23,0,1000,False,ht_chantry-random-19.scen,220
220,ht_chantry.map,planner,1,25988,20687,205,197,22820,20687,85,0,1000,True,ht_chantry-random-19.scen,220
260,ht_chantry.map,planner,1,32104,24453,202,197,27674,24453,30,0,0,False,ht_chantry-random-19.scen,260
260,ht_chantry.map,planner,1,32104,24453,202,197,27674,24453,28,0,0,True,ht_chantry-random-19.scen,260
260,ht_chantry.map,planner,1,32104,24453,202,197,27674,24453,30,0,1,False,ht_chantry-random-19.scen,260
260,ht_chantry.map,planner,1,31176,24453,199,197,27247,24453,42,0,1,True,ht_chantry-random-19.scen,260
260,ht_chantry.map,planner,1,32104,24453,202,197,27674,24453,27,0,10,False,ht_chantry-random-19.scen,260
260,ht_chantry.map,planner,1,30836,24453,207,197,27209,24453,109,0,10,True,ht_chantry-random-19.scen,260
260,ht_chantry.map,planner,1,32104,24453,202,197,27674,24453,29,0,100,False,ht_chantry-random-19.scen,260
260,ht_chantry.map,planner,1,30953,24453,207,197,27180,24453,813,0,100,True,ht_chantry-random-19.scen,260
260,ht_chantry.map,planner,1,32104,24453,202,197,27674,24453,25,0,1000,False,ht_chantry-random-19.scen,260
260,ht_chantry.map,planner,1,30712,24453,201,197,27002,24453,3029,0,1000,True,ht_chantry-random-19.scen,260
300,ht_chantry.map,planner,1,38582,28763,205,197,33399,28763,32,0,0,False,ht_chantry-random-19.scen,300
300,ht_chantry.map,planner,1,38582,28763,205,197,33399,28763,35,0,0,True,ht_chantry-random-19.scen,300
300,ht_chantry.map,planner,1,38582,28763,205,197,33399,28763,35,0,1,False,ht_chantry-random-19.scen,300
300,ht_chantry.map,planner,1,37236,28763,203,197,32514,28763,42,0,1,True,ht_chantry-random-19.scen,300
300,ht_chantry.map,planner,1,38582,28763,205,197,33399,28763,31,0,10,False,ht_chantry-random-19.scen,300
300,ht_chantry.map,planner,1,37478,28763,206,197,32445,28763,159,0,10,True,ht_chantry-random-19.scen,300
300,ht_chantry.map,planner,1,38582,28763,205,197,33399,28763,34,0,100,False,ht_chantry-random-19.scen,300
300,ht_chantry.map,planner,1,37424,28763,201,197,32419,28763,1239,0,100,True,ht_chantry-random-19.scen,300
300,ht_chantry.map,planner,1,38582,28763,205,197,33399,28763,36,0,1000,False,ht_chantry-random-19.scen,300
300,ht_chantry.map,planner,1,37434,28763,210,197,32350,28763,10381,0,1000,True,ht_chantry-random-19.scen,300
340,ht_chantry.map,planner,1,43754,32411,197,197,37911,32411,38,0,0,False,ht_chantry-random-19.scen,340
340,ht_chantry.map,planner,1,43754,32411,197,197,37911,32411,37,0,0,True,ht_chantry-random-19.scen,340
340,ht_chantry.map,planner,1,43754,32411,197,197,37911,32411,40,0,1,False,ht_chantry-random-19.scen,340
340,ht_chantry.map,planner,1,43187,32411,205,197,37572,32411,55,0,1,True,ht_chantry-random-19.scen,340
340,ht_chantry.map,planner,1,43754,32411,197,197,37911,32411,39,0,10,False,ht_chantry-random-19.scen,340
340,ht_chantry.map,planner,1,42868,32411,213,197,37643,32411,211,0,10,True,ht_chantry-random-19.scen,340
340,ht_chantry.map,planner,1,43754,32411,197,197,37911,32411,39,0,100,False,ht_chantry-random-19.scen,340
340,ht_chantry.map,planner,1,42796,32411,208,197,37336,32411,1384,0,100,True,ht_chantry-random-19.scen,340
340,ht_chantry.map,planner,1,43754,32411,197,197,37911,32411,37,0,1000,False,ht_chantry-random-19.scen,340
340,ht_chantry.map,planner,1,42579,32411,221,197,37334,32411,15372,0,1000,True,ht_chantry-random-19.scen,340
380,ht_chantry.map,planner,1,50049,36629,199,197,43319,36629,43,0,0,False,ht_chantry-random-19.scen,380
380,ht_chantry.map,planner,1,50049,36629,199,197,43319,36629,42,0,0,True,ht_chantry-random-19.scen,380
380,ht_chantry.map,planner,1,50049,36629,199,197,43319,36629,45,0,1,False,ht_chantry-random-19.scen,380
380,ht_chantry.map,planner,1,50215,36629,218,197,42936,36629,65,0,1,True,ht_chantry-random-19.scen,380
380,ht_chantry.map,planner,1,50049,36629,199,197,43319,36629,39,0,10,False,ht_chantry-random-19.scen,380
380,ht_chantry.map,planner,1,49402,36629,203,197,42906,36629,224,0,10,True,ht_chantry-random-19.scen,380
380,ht_chantry.map,planner,1,50049,36629,199,197,43319,36629,45,0,100,False,ht_chantry-random-19.scen,380
380,ht_chantry.map,planner,1,49600,36629,210,197,43008,36629,1786,0,100,True,ht_chantry-random-19.scen,380
380,ht_chantry.map,planner,1,50049,36629,199,197,43319,36629,42,0,1000,False,ht_chantry-random-19.scen,380
380,ht_chantry.map,planner,1,49660,36629,202,197,42857,36629,17357,0,1000,True,ht_chantry-random-19.scen,380
420,ht_chantry.map,planner,1,57074,40490,203,197,48846,40490,49,0,0,False,ht_chantry-random-19.scen,420
420,ht_chantry.map,planner,1,57074,40490,203,197,48846,40490,50,0,0,True,ht_chantry-random-19.scen,420
420,ht_chantry.map,planner,1,57074,40490,203,197,48846,40490,50,0,1,False,ht_chantry-random-19.scen,420
420,ht_chantry.map,planner,1,57334,40490,206,197,48519,40490,70,0,1,True,ht_chantry-random-19.scen,420
420,ht_chantry.map,planner,1,57074,40490,203,197,48846,40490,52,0,10,False,ht_chantry-random-19.scen,420
420,ht_chantry.map,planner,1,56744,40490,215,197,48215,40490,248,0,10,True,ht_chantry-random-19.scen,420
420,ht_chantry.map,planner,1,57074,40490,203,197,48846,40490,52,0,100,False,ht_chantry-random-19.scen,420
420,ht_chantry.map,planner,1,56971,40490,215,197,48285,40490,2037,0,100,True,ht_chantry-random-19.scen,420
420,ht_chantry.map,planner,1,57074,40490,203,197,48846,40490,49,0,1000,False,ht_chantry-random-19.scen,420
420,ht_chantry.map,planner,1,54980,40490,212,197,47256,40490,18333,0,1000,True,ht_chantry-random-19.scen,420
460,ht_chantry.map,planner,1,65268,44789,222,197,55065,44789,50,0,0,False,ht_chantry-random-19.scen,460
460,ht_chantry.map,planner,1,65268,44789,222,197,55065,44789,57,0,0,True,ht_chantry-random-19.scen,460
460,ht_chantry.map,planner,1,65268,44789,222,197,55065,44789,57,0,1,False,ht_chantry-random-19.scen,460
460,ht_chantry.map,planner,1,65388,44789,211,197,54644,44789,82,0,1,True,ht_chantry-random-19.scen,460
460,ht_chantry.map,planner,1,65268,44789,222,197,55065,44789,56,0,10,False,ht_chantry-random-19.scen,460
460,ht_chantry.map,planner,1,63841,44789,223,197,54248,44789,293,0,10,True,ht_chantry-random-19.scen,460
460,ht_chantry.map,planner,1,65268,44789,222,197,55065,44789,53,0,100,False,ht_chantry-random-19.scen,460
460,ht_chantry.map,planner,1,64395,44789,229,197,54760,44789,2442,0,100,True,ht_chantry-random-19.scen,460
460,ht_chantry.map,planner,1,65268,44789,222,197,55065,44789,56,0,1000,False,ht_chantry-random-19.scen,460
460,ht_chantry.map,planner,1,64124,44789,226,197,54224,44789,22668,0,1000,True,ht_chantry-random-19.scen,460
500,ht_chantry.map,planner,1,71953,48447,227,197,60274,48447,60,0,0,False,ht_chantry-random-19.scen,500
500,ht_chantry.map,planner,1,71953,48447,227,197,60274,48447,60,0,0,True,ht_chantry-random-19.scen,500
500,ht_chantry.map,planner,1,71953,48447,227,197,60274,48447,61,0,1,False,ht_chantry-random-19.scen,500
500,ht_chantry.map,planner,1,71883,48447,215,197,60128,48447,95,0,1,True,ht_chantry-random-19.scen,500
500,ht_chantry.map,planner,1,71953,48447,227,197,60274,48447,60,0,10,False,ht_chantry-random-19.scen,500
500,ht_chantry.map,planner,1,72620,48447,220,197,60378,48447,360,0,10,True,ht_chantry-random-19.scen,500
500,ht_chantry.map,planner,1,71953,48447,227,197,60274,48447,55,0,100,False,ht_chantry-random-19.scen,500
500,ht_chantry.map,planner,1,71421,48447,211,197,59590,48447,2556,0,100,True,ht_chantry-random-19.scen,500
500,ht_chantry.map,planner,1,71953,48447,227,197,60274,48447,67,0,1000,False,ht_chantry-random-19.scen,500
500,ht_chantry.map,planner,1,71061,48447,233,197,59542,48447,25355,0,1000,True,ht_chantry-random-19.scen,500
540,ht_chantry.map,planner,1,80975,52460,232,197,67511,52460,67,0,0,False,ht_chantry-random-19.scen,540
540,ht_chantry.map,planner,1,80975,52460,232,197,67511,52460,68,0,0,True,ht_chantry-random-19.scen,540
540,ht_chantry.map,planner,1,80975,52460,232,197,67511,52460,67,0,1,False,ht_chantry-random-19.scen,540
540,ht_chantry.map,planner,1,79246,52460,220,197,66341,52460,100,0,1,True,ht_chantry-random-19.scen,540
540,ht_chantry.map,planner,1,80975,52460,232,197,67511,52460,65,0,10,False,ht_chantry-random-19.scen,540
540,ht_chantry.map,planner,1,79086,52460,208,197,65597,52460,359,0,10,True,ht_chantry-random-19.scen,540
540,ht_chantry.map,planner,1,80975,52460,232,197,67511,52460,68,0,100,False,ht_chantry-random-19.scen,540
540,ht_chantry.map,planner,1,79809,52460,234,197,66512,52460,3104,0,100,True,ht_chantry-random-19.scen,540
540,ht_chantry.map,planner,1,80975,52460,232,197,67511,52460,62,0,1000,False,ht_chantry-random-19.scen,540
540,ht_chantry.map,planner,1,78491,52460,219,197,65183,52460,28120,0,1000,True,ht_chantry-random-19.scen,540
580,ht_chantry.map,planner,1,89860,56413,238,197,74004,56413,77,0,0,False,ht_chantry-random-19.scen,580
580,ht_chantry.map,planner,1,89860,56413,238,197,74004,56413,81,0,0,True,ht_chantry-random-19.scen,580
580,ht_chantry.map,planner,1,89860,56413,238,197,74004,56413,78,0,1,False,ht_chantry-random-19.scen,580
580,ht_chantry.map,planner,1,88558,56413,232,197,72265,56413,109,0,1,True,ht_chantry-random-19.scen,580
580,ht_chantry.map,planner,1,89860,56413,238,197,74004,56413,73,0,10,False,ht_chantry-random-19.scen,580
580,ht_chantry.map,planner,1,86843,56413,240,197,71836,56413,386,0,10,True,ht_chantry-random-19.scen,580
580,ht_chantry.map,planner,1,89860,56413,238,197,74004,56413,72,0,100,False,ht_chantry-random-19.scen,580
580,ht_chantry.map,planner,1,89598,56413,230,197,72382,56413,3452,0,100,True,ht_chantry-random-19.scen,580
580,ht_chantry.map,planner,1,89860,56413,238,197,74004,56413,75,0,1000,False,ht_chantry-random-19.scen,580
580,ht_chantry.map,planner,1,86622,56413,217,197,71352,56413,31393,0,1000,True,ht_chantry-random-19.scen,580
620,ht_chantry.map,planner,1,97877,59644,235,197,79555,59644,81,0,0,False,ht_chantry-random-19.scen,620
620,ht_chantry.map,planner,1,97877,59644,235,197,79555,59644,88,0,0,True,ht_chantry-random-19.scen,620
620,ht_chantry.map,planner,1,97877,59644,235,197,79555,59644,77,0,1,False,ht_chantry-random-19.scen,620
620,ht_chantry.map,planner,1,95401,59644,233,197,78721,59644,133,0,1,True,ht_chantry-random-19.scen,620
620,ht_chantry.map,planner,1,97877,59644,235,197,79555,59644,85,0,10,False,ht_chantry-random-19.scen,620
620,ht_chantry.map,planner,1,94798,59644,234,197,77320,59644,430,0,10,True,ht_chantry-random-19.scen,620
620,ht_chantry.map,planner,1,97877,59644,235,197,79555,59644,78,0,100,False,ht_chantry-random-19.scen,620
620,ht_chantry.map,planner,1,96193,59644,238,197,77792,59644,3712,0,100,True,ht_chantry-random-19.scen,620
620,ht_chantry.map,planner,1,97877,59644,235,197,79555,59644,76,0,1000,False,ht_chantry-random-19.scen,620
620,ht_chantry.map,planner,1,95607,59644,243,197,77426,59644,36417,0,1000,True,ht_chantry-random-19.scen,620
660,ht_chantry.map,planner,1,103755,62822,236,197,84234,62822,85,0,0,False,ht_chantry-random-19.scen,660
660,ht_chantry.map,planner,1,103755,62822,236,197,84234,62822,87,0,0,True,ht_chantry-random-19.scen,660
660,ht_chantry.map,planner,1,103755,62822,236,197,84234,62822,88,0,1,False,ht_chantry-random-19.scen,660
660,ht_chantry.map,planner,1,106327,62822,238,197,85505,62822,129,0,1,True,ht_chantry-random-19.scen,660
660,ht_chantry.map,planner,1,103755,62822,236,197,84234,62822,90,0,10,False,ht_chantry-random-19.scen,660
660,ht_chantry.map,planner,1,103721,62822,251,197,84178,62822,467,0,10,True,ht_chantry-random-19.scen,660
660,ht_chantry.map,planner,1,103755,62822,236,197,84234,62822,86,0,100,False,ht_chantry-random-19.scen,660
660,ht_chantry.map,planner,1,105476,62822,240,197,84887,62822,4095,0,100,True,ht_chantry-random-19.scen,660
660,ht_chantry.map,planner,1,103755,62822,236,197,84234,62822,86,0,1000,False,ht_chantry-random-19.scen,660
660,ht_chantry.map,planner,1,105790,62822,238,197,84479,62822,39905,0,1000,True,ht_chantry-random-19.scen,660
700,ht_chantry.map,planner,1,117830,66445,266,197,92264,66445,92,0,0,False,ht_chantry-random-19.scen,700
700,ht_chantry.map,planner,1,117830,66445,266,197,92264,66445,101,0,0,True,ht_chantry-random-19.scen,700
700,ht_chantry.map,planner,1,117830,66445,266,197,92264,66445,90,0,1,False,ht_chantry-random-19.scen,700
700,ht_chantry.map,planner,1,115337,66445,243,197,91882,66445,141,0,1,True,ht_chantry-random-19.scen,700
700,ht_chantry.map,planner,1,117830,66445,266,197,92264,66445,92,0,10,False,ht_chantry-random-19.scen,700
700,ht_chantry.map,planner,1,114221,66445,277,197,90806,66445,519,0,10,True,ht_chantry-random-19.scen,700
700,ht_chantry.map,planner,1,117830,66445,266,197,92264,66445,97,0,100,False,ht_chantry-random-19.scen,700
700,ht_chantry.map,planner,1,114421,66445,273,197,90639,66445,4353,0,100,True,ht_chantry-random-19.scen,700
700,ht_chantry.map,planner,1,117830,66445,266,197,92264,66445,97,0,1000,False,ht_chantry-random-19.scen,700
700,ht_chantry.map,planner,1,113940,66445,238,197,90763,66445,40983,0,1000,True,ht_chantry-random-19.scen,700
740,ht_chantry.map,planner,1,127688,70446,272,197,100486,70446,101,0,0,False,ht_chantry-random-19.scen,740
740,ht_chantry.map,planner,1,127688,70446,272,197,100486,70446,111,0,0,True,ht_chantry-random-19.scen,740
740,ht_chantry.map,planner,1,127688,70446,272,197,100486,70446,101,0,1,False,ht_chantry-random-19.scen,740
740,ht_chantry.map,planner,1,123486,70446,255,197,99349,70446,159,0,1,True,ht_chantry-random-19.scen,740
740,ht_chantry.map,planner,1,127688,70446,272,197,100486,70446,95,0,10,False,ht_chantry-random-19.scen,740
740,ht_chantry.map,planner,1,123475,70446,258,197,97615,70446,520,0,10,True,ht_chantry-random-19.scen,740
740,ht_chantry.map,planner,1,127688,70446,272,197,100486,70446,100,0,100,False,ht_chantry-random-19.scen,740
740,ht_chantry.map,planner,1,122858,70446,259,197,97462,70446,4470,0,100,True,ht_chantry-random-19.scen,740
740,ht_chantry.map,planner,1,127688,70446,272,197,100486,70446,104,0,1000,False,ht_chantry-random-19.scen,740
740,ht_chantry.map,planner,1,123755,70446,251,197,97414,70446,44477,0,1000,True,ht_chantry-random-19.scen,740
780,ht_chantry.map,planner,1,138741,74515,269,197,109532,74515,106,0,0,False,ht_chantry-random-19.scen,780
780,ht_chantry.map,planner,1,138741,74515,269,197,109532,74515,118,0,0,True,ht_chantry-random-19.scen,780
780,ht_chantry.map,planner,1,138741,74515,269,197,109532,74515,109,0,1,False,ht_chantry-random-19.scen,780
780,ht_chantry.map,planner,1,137195,74515,270,197,108245,74515,178,0,1,True,ht_chantry-random-19.scen,780
780,ht_chantry.map,planner,1,138741,74515,269,197,109532,74515,104,0,10,False,ht_chantry-random-19.scen,780
780,ht_chantry.map,planner,1,133829,74515,257,197,106401,74515,603,0,10,True,ht_chantry-random-19.scen,780
780,ht_chantry.map,planner,1,138741,74515,269,197,109532,74515,102,0,100,False,ht_chantry-random-19.scen,780
780,ht_chantry.map,planner,1,134809,74515,263,197,107363,74515,5480,0,100,True,ht_chantry-random-19.scen,780
780,ht_chantry.map,planner,1,138741,74515,269,197,109532,74515,106,0,1000,False,ht_chantry-random-19.scen,780
780,ht_chantry.map,planner,1,138981,74515,260,197,108168,74515,53268,0,1000,True,ht_chantry-random-19.scen,780
820,ht_chantry.map,planner,1,144978,77744,271,197,112857,77744,109,0,0,False,ht_chantry-random-19.scen,820
820,ht_chantry.map,planner,1,144978,77744,271,197,112857,77744,134,0,0,True,ht_chantry-random-19.scen,820
820,ht_chantry.map,planner,1,144978,77744,271,197,112857,77744,113,0,1,False,ht_chantry-random-19.scen,820
820,ht_chantry.map,planner,1,142733,77744,258,197,112460,77744,185,0,1,True,ht_chantry-random-19.scen,820
820,ht_chantry.map,planner,1,144978,77744,271,197,112857,77744,117,0,10,False,ht_chantry-random-19.scen,820
820,ht_chantry.map,planner,1,143238,77744,255,197,112829,77744,655,0,10,True,ht_chantry-random-19.scen,820
820,ht_chantry.map,planner,1,144978,77744,271,197,112857,77744,115,0,100,False,ht_chantry-random-19.scen,820
820,ht_chantry.map,planner,1,147342,77744,312,197,113716,77744,5287,0,100,True,ht_chantry-random-19.scen,820
820,ht_chantry.map,planner,1,144978,77744,271,197,112857,77744,115,0,1000,False,ht_chantry-random-19.scen,820
820,ht_chantry.map,planner,1,144285,77744,280,197,112255,77744,49626,0,1000,True,ht_chantry-random-19.scen,820
860,ht_chantry.map,planner,1,161496,81687,289,197,125081,81687,132,0,0,False,ht_chantry-random-19.scen,860
860,ht_chantry.map,planner,1,161496,81687,289,197,125081,81687,152,0,0,True,ht_chantry-random-19.scen,860
860,ht_chantry.map,planner,1,161496,81687,289,197,125081,81687,130,0,1,False,ht_chantry-random-19.scen,860
860,ht_chantry.map,planner,1,154429,81687,268,197,121660,81687,198,0,1,True,ht_chantry-random-19.scen,860
860,ht_chantry.map,planner,1,161496,81687,289,197,125081,81687,132,0,10,False,ht_chantry-random-19.scen,860
860,ht_chantry.map,planner,1,157255,81687,284,197,122785,81687,697,0,10,True,ht_chantry-random-19.scen,860
860,ht_chantry.map,planner,1,161496,81687,289,197,125081,81687,129,0,100,False,ht_chantry-random-19.scen,860
860,ht_chantry.map,planner,1,158648,81687,279,197,124249,81687,5919,0,100,True,ht_chantry-random-19.scen,860
860,ht_chantry.map,planner,1,161496,81687,289,197,125081,81687,130,0,1000,False,ht_chantry-random-19.scen,860
860,ht_chantry.map,planner,1,156407,81687,286,197,121577,81687,57979,0,1000,True,ht_chantry-random-19.scen,860
20,ht_chantry.map,planner,1,1782,1761,151,151,1776,1761,2,0,0,False,ht_chantry-random-4.scen,20
20,ht_chantry.map,planner,1,1782,1761,151,151,1776,1761,2,0,0,True,ht_chantry-random-4.scen,20
20,ht_chantry.map,planner,1,1782,1761,151,151,1776,1761,1,0,1,False,ht_chantry-random-4.scen,20
20,ht_chantry.map,planner,1,1782,1761,151,151,1776,1761,1,0,1,True,ht_chantry-random-4.scen,20
20,ht_chantry.map,planner,1,1782,1761,151,151,1776,1761,1,0,10,False,ht_chantry-random-4.scen,20
20,ht_chantry.map,planner,1,1782,1761,151,151,1776,1761,1,0,10,True,ht_chantry-random-4.scen,20
20,ht_chantry.map,planner,1,1782,1761,151,151,1776,1761,1,0,100,False,ht_chantry-random-4.scen,20
20,ht_chantry.map,planner,1,1782,1761,151,151,1776,1761,1,0,100,True,ht_chantry-random-4.scen,20
20,ht_chantry.map,planner,1,1782,1761,151,151,1776,1761,2,0,1000,False,ht_chantry-random-4.scen,20
20,ht_chantry.map,planner,1,1782,1761,151,151,1776,1761,1,0,1000,True,ht_chantry-random-4.scen,20
60,ht_chantry.map,planner,1,6505,5735,195,195,6005,5735,5,0,0,False,ht_chantry-random-4.scen,60
60,ht_chantry.map,planner,1,6505,5735,195,195,6005,5735,5,0,0,True,ht_chantry-random-4.scen,60
60,ht_chantry.map,planner,1,6505,5735,195,195,6005,5735,5,0,1,False,ht_chantry-random-4.scen,60
60,ht_chantry.map,planner,1,6449,5735,195,195,6047,5735,6,0,1,True,ht_chantry-random-4.scen,60
60,ht_chantry.map,planner,1,6505,5735,195,195,6005,5735,6,0,10,False,ht_chantry-random-4.scen,60
60,ht_chantry.map,planner,1,6449,5735,195,195,6047,5735,5,0,10,True,ht_chantry-random-4.scen,60
60,ht_chantry.map,planner,1,6505,5735,195,195,6005,5735,5,0,100,False,ht_chantry-random-4.scen,60
60,ht_chantry.map,planner,1,6449,5735,195,195,6047,5735,6,0,100,True,ht_chantry-random-4.scen,60
60,ht_chantry.map,planner,1,6505,5735,195,195,6005,5735,5,0,1000,False,ht_chantry-random-4.scen,60
60,ht_chantry.map,planner,1,6449,5735,195,195,6047,5735,6,0,1000,True,ht_chantry-random-4.scen,60
100,ht_chantry.map,planner,1,10892,9253,195,195,9919,9253,9,0,0,False,ht_chantry-random-4.scen,100
100,ht_chantry.map,planner,1,10892,9253,195,195,9919,9253,9,0,0,True,ht_chantry-random-4.scen,100
100,ht_chantry.map,planner,1,10892,9253,195,195,9919,9253,10,0,1,False,ht_chantry-random-4.scen,100
100,ht_chantry.map,planner,1,10791,9253,195,195,9896,9253,9,0,1,True,ht_chantry-random-4.scen,100
100,ht_chantry.map,planner,1,10892,9253,195,195,9919,9253,9,0,10,False,ht_chantry-random-4.scen,100
100,ht_chantry.map,planner,1,10791,9253,195,195,9896,9253,9,0,10,True,ht_chantry-random-4.scen,100
100,ht_chantry.map,planner,1,10892,9253,195,195,9919,9253,9,0,100,False,ht_chantry-random-4.scen,100
100,ht_chantry.map,planner,1,10791,9253,195,195,9896,9253,9,0,100,True,ht_chantry-random-4.scen,100
100,ht_chantry.map,planner,1,10892,9253,195,195,9919,9253,9,0,1000,False,ht_chantry-random-4.scen,100
100,ht_chantry.map,planner,1,10791,9253,195,195,9896,9253,9,0,1000,True,ht_chantry-random-4.scen,100
140,ht_chantry.map,planner,1,15648,13012,195,195,14257,13012,13,0,0,False,ht_chantry-random-4.scen,140
140,ht_chantry.map,planner,1,15648,13012,195,195,14257,13012,14,0,0,True,ht_chantry-random-4.scen,140
140,ht_chantry.map,planner,1,15648,13012,195,195,14257,13012,14,0,1,False,ht_chantry-random-4.scen,140
140,ht_chantry.map,planner,1,15544,13012,195,195,14127,13012,14,0,1,True,ht_chantry-random-4.scen,140
140,ht_chantry.map,planner,1,15648,13012,195,195,14257,13012,15,0,10,False,ht_chantry-random-4.scen,140
140,ht_chantry.map,planner,1,15544,13012,195,195,14127,13012,14,0,10,True,ht_chantry-random-4.scen,140
140,ht_chantry.map,planner,1,15648,13012,195,195,14257,13012,13,0,100,False,ht_chantry-random-4.scen,140
140,ht_chantry.map,planner,1,15544,13012,195,195,14127,13012,15,0,100,True,ht_chantry-random-4.scen,140
140,ht_chantry.map,planner,1,15648,13012,195,195,14257,13012,13,0,1000,False,ht_chantry-random-4.scen,140
140,ht_chantry.map,planner,1,15544,13012,195,195,14127,13012,14,0,1000,True,ht_chantry-random-4.scen,140
180,ht_chantry.map,planner,1,20907,16929,198,195,18749,16929,17,0,0,False,ht_chantry-random-4.scen,180
180,ht_chantry.map,planner,1,20907,16929,198,195,18749,16929,17,0,0,True,ht_chantry-random-4.scen,180
180,ht_chantry.map,planner,1,20907,16929,198,195,18749,16929,18,0,1,False,ht_chantry-random-4.scen,180
180,ht_chantry.map,planner,1,20449,16929,198,195,18577,16929,23,0,1,True,ht_chantry-random-4.scen,180
180,ht_chantry.map,planner,1,20907,16929,198,195,18749,16929,18,0,10,False,ht_chantry-random-4.scen,180
180,ht_chantry.map,planner,1,20676,16929,195,195,18508,16929,20,0,10,True,ht_chantry-random-4.scen,180
180,ht_chantry.map,planner,1,20907,16929,198,195,18749,16929,19,0,100,False,ht_chantry-random-4.scen,180
180,ht_chantry.map,planner,1,20676,16929,195,195,18508,16929,20,0,100,True,ht_chantry-random-4.scen,180
180,ht_chantry.map,planner,1,20907,16929,198,195,18749,16929,19,0,1000,False,ht_chantry-random-4.scen,180
180,ht_chantry.map,planner,1,20676,16929,195,195,18508,16929,22,0,1000,True,ht_chantry-random-4.scen,180
220,ht_chantry.map,planner,1,26408,20716,198,195,23384,20716,24,0,0,False,ht_chantry-random-4.scen,220
220,ht_chantry.map,planner,1,26408,20716,198,195,23384,20716,25,0,0,True,ht_chantry-random-4.scen,220
220,ht_chantry.map,planner,1,26408,20716,198,195,23384,20716,25,0,1,False,ht_chantry-random-4.scen,220
220,ht_chantry.map,planner,1,26567,20716,195,195,23265,20716,32,0,1,True,ht_chantry-random-4.scen,220
220,ht_chantry.map,planner,1,26408,20716,198,195,23384,20716,23,0,10,False,ht_chantry-random-4.scen,220
220,ht_chantry.map,planner,1,26121,20716,197,195,23115,20716,69,0,10,True,ht_chantry-random-4.scen,220
220,ht_chantry.map,planner,1,26408,20716,198,195,23384,20716,24,0,100,False,ht_chantry-random-4.scen,220
220,ht_chantry.map,planner,1,26091,20716,198,195,23056,20716,297,0,100,True,ht_chantry-random-4.scen,220
220,ht_chantry.map,planner,1,26408,20716,198,195,23384,20716,22,0,1000,False,ht_chantry-random-4.scen,220
220,ht_chantry.map,planner,1,26455,20716,214,195,23226,20716,684,0,1000,True,ht_chantry-random-4.scen,220
260,ht_chantry.map,planner,1,32752,25059,199,195,28959,25059,27,0,0,False,ht_chantry-random-4.scen,260
260,ht_chantry.map,planner,1,32752,25059,199,195,28959,25059,26,0,0,True,ht_chantry-random-4.scen,260
260,ht_chantry.map,planner,1,32752,25059,199,195,28959,25059,28,0,1,False,ht_chantry-random-4.scen,260
260,ht_chantry.map,planner,1,32920,25059,198,195,28636,25059,39,0,1,True,ht_chantry-random-4.scen,260
260,ht_chantry.map,planner,1,32752,25059,199,195,28959,25059,30,0,10,False,ht_chantry-random-4.scen,260
260,ht_chantry.map,planner,1,32064,25059,195,195,28186,25059,87,0,10,True,ht_chantry-random-4.scen,260
260,ht_chantry.map,planner,1,32752,25059,199,195,28959,25059,24,0,100,False,ht_chantry-random-4.scen,260
260,ht_chantry.map,planner,1,32269,25059,195,195,28325,25059,260,0,100,True,ht_chantry-random-4.scen,260
260,ht_chantry.map,planner,1,32752,25059,199,195,28959,25059,28,0,1000,False,ht_chantry-random-4.scen,260
260,ht_chantry.map,planner,1,32302,25059,215,195,28266,25059,2634,0,1000,True,ht_chantry-random-4.scen,260
300,ht_chantry.map,planner,1,38319,28770,195,195,33781,28770,34,0,0,False,ht_chantry-random-4.scen,300
300,ht_chantry.map,planner,1,38319,28770,195,195,33781,28770,34,0,0,True,ht_chantry-random-4.scen,300
300,ht_chantry.map,planner,1,38319,28770,195,195,33781,28770,33,0,1,False,ht_chantry-random-4.scen,300
300,ht_chantry.map,planner,1,37524,28770,201,195,32745,28770,47,0,1,True,ht_chantry-random-4.scen,300
300,ht_chantry.map,planner,1,38319,28770,195,195,33781,28770,32,0,10,False,ht_chantry-random-4.scen,300
300,ht_chantry.map,planner,1,37947,28770,203,195,33120,28770,148,0,10,True,ht_chantry-random-4.scen,300
300,ht_chantry.map,planner,1,38319,28770,195,195,33781,28770,30,0,100,False,ht_chantry-random-4.scen,300
300,ht_chantry.map,planner,1,37548,28770,201,195,32821,28770,1187,0,100,True,ht_chantry-random-4.scen,300
300,ht_chantry.map,planner,1,38319,28770,195,195,33781,28770,33,0,1000,False,ht_chantry-random-4.scen,300
300,ht_chantry.map,planner,1,37371,28770,197,195,32433,28770,5463,0,1000,True,ht_chantry-random-4.scen,300
340,ht_chantry.map,planner,1,44130,32325,195,195,38440,32325,39,0,0,False,ht_chantry-random-4.scen,340
340,ht_chantry.map,planner,1,44130,32325,195,195,38440,32325,39,0,0,True,ht_chantry-random-4.scen,340
340,ht_chantry.map,planner,1,44130,32325,195,195,38440,32325,39,0,1,False,ht_chantry-random-4.scen,340
340,ht_chantry.map,planner,1,42796,32325,195,195,37672,32325,53,0,1,True,ht_chantry-random-4.scen,340
340,ht_chantry.map,planner,1,44130,32325,195,195,38440,32325,38,0,10,False,ht_chantry-random-4.scen,340
340,ht_chantry.map,planner,1,43259,32325,211,195,37281,32325,174,0,10,True,ht_chantry-random-4.scen,340
340,ht_chantry.map,planner,1,44130,32325,195,195,38440,32325,38,0,100,False,ht_chantry-random-4.scen,340
340,ht_chantry.map,planner,1,42838,32325,227,195,37308,32325,1284,0,100,True,ht_chantry-random-4.scen,340
340,ht_chantry.map,planner,1,44130,32325,195,195,38440,32325,39,0,1000,False,ht_chantry-random-4.scen,340
340,ht_chantry.map,planner,1,42076,32325,223,195,36964,32325,10085,0,1000,True,ht_chantry-random-4.scen,340
380,ht_chantry.map,planner,1,49991,35833,195,195,42723,35833,40,0,0,False,ht_chantry-random-4.scen,380
380,ht_chantry.map,planner,1,49991,35833,195,195,42723,35833,41,0,0,True,ht_chantry-random-4.scen,380
380,ht_chantry.map,planner,1,49991,35833,195,195,42723,35833,42,0,1,False,ht_chantry-random-4.scen,380
380,ht_chantry.map,planner,1,49808,35833,232,195,42453,35833,66,0,1,True,ht_chantry-random-4.scen,380
380,ht_chantry.map,planner,1,49991,35833,195,195,42723,35833,44,0,10,False,ht_chantry-random-4.scen,380
380,ht_chantry.map,planner,1,48527,35833,212,195,41782,35833,179,0,10,True,ht_chantry-random-4.scen,380
380,ht_chantry.map,planner,1,49991,35833,195,195,42723,35833,41,0,100,False,ht_chantry-random-4.scen,380
380,ht_chantry.map,planner,1,49017,35833,221,195,41758,35833,1341,0,100,True,ht_chantry-random-4.scen,380
380,ht_chantry.map,planner,1,49991,35833,195,195,42723,35833,44,0,1000,False,ht_chantry-random-4.scen,380
380,ht_chantry.map,planner,1,48620,35833,227,195,41332,35833,10528,0,1000,True,ht_chantry-random-4.scen,380
420,ht_chantry.map,planner,1,56178,39253,199,195,47386,39253,48,0,0,False,ht_chantry-random-4.scen,420
420,ht_chantry.map,planner,1,56178,39253,199,195,47386,39253,51,0,0,True,ht_chantry-random-4.scen,420
420,ht_chantry.map,planner,1,56178,39253,199,195,47386,39253,47,0,1,False,ht_chantry-random-4.scen,420
420,ht_chantry.map,planner,1,55240,39253,199,195,47376,39253,71,0,1,True,ht_chantry-random-4.scen,420
420,ht_chantry.map,planner,1,56178,39253,199,195,47386,39253,48,0,10,False,ht_chantry-random-4.scen,420
420,ht_chantry.map,planner,1,55215,39253,203,195,47104,39253,233,0,10,True,ht_chantry-random-4.scen,420
420,ht_chantry.map,planner,1,56178,39253,199,195,47386,39253,48,0,100,False,ht_chantry-random-4.scen,420
420,ht_chantry.map,planner,1,54445,39253,196,195,46162,39253,1684,0,100,True,ht_chantry-random-4.scen,420
420,ht_chantry.map,planner,1,56178,39253,199,195,47386,39253,47,0,1000,False,ht_chantry-random-4.scen,420
420,ht_chantry.map,planner,1,54143,39253,200,195,46436,39253,15787,0,1000,True,ht_chantry-random-4.scen,420
460,ht_chantry.map,planner,1,62753,42740,222,195,52350,42740,51,0,0,False,ht_chantry-random-4.scen,460
460,ht_chantry.map,planner,1,62753,42740,222,195,52350,42740,52,0,0,True,ht_chantry-random-4.scen,460
460,ht_chantry.map,planner,1,62753,42740,222,195,52350,42740,55,0,1,False,ht_chantry-random-4.scen,460
460,ht_chantry.map,planner,1,61276,42740,204,195,51507,42740,75,0,1,True,ht_chantry-random-4.scen,460
460,ht_chantry.map,planner,1,62753,42740,222,195,52350,42740,53,0,10,False,ht_chantry-random-4.scen,460
460,ht_chantry.map,planner,1,61438,42740,208,195,51607,42740,285,0,10,True,ht_chantry-random-4.scen,460
460,ht_chantry.map,planner,1,62753,42740,222,195,52350,42740,57,0,100,False,ht_chantry-random-4.scen,460
460,ht_chantry.map,planner,1,60962,42740,200,195,51413,42740,2355,0,100,True,ht_chantry-random-4.scen,460
460,ht_chantry.map,planner,1,62753,42740,222,195,52350,42740,55,0,1000,False,ht_chantry-random-4.scen,460
460,ht_chantry.map,planner,1,61321,42740,204,195,51443,42740,22519,0,1000,True,ht_chantry-random-4.scen,460
500,ht_chantry.map,planner,1,70185,46488,229,195,58442,46488,67,0,0,False,ht_chantry-random-4.scen,500
500,ht_chantry.map,planner,1,70185,46488,229,195,58442,46488,66,0,0,True,ht_chantry-random-4.scen,500
500,ht_chantry.map,planner,1,70185,46488,229,195,58442,46488,59,0,1,False,ht_chantry-random-4.scen,500
500,ht_chantry.map,planner,1,70982,46488,238,195,58356,46488,93,0,1,True,ht_chantry-random-4.scen,500
500,ht_chantry.map,planner,1,70185,46488,229,195,58442,46488,64,0,10,False,ht_chantry-random-4.scen,500
500,ht_chantry.map,planner,1,69421,46488,243,195,57966,46488,345,0,10,True,ht_chantry-random-4.scen,500
500,ht_chantry.map,planner,1,70185,46488,229,195,58442,46488,60,0,100,False,ht_chantry-random-4.scen,500
500,ht_chantry.map,planner,1,68094,46488,197,195,56837,46488,2670,0,100,True,ht_chantry-random-4.scen,500
500,ht_chantry.map,planner,1,70185,46488,229,195,58442,46488,61,0,1000,False,ht_chantry-random-4.scen,500
500,ht_chantry.map,planner,1,68926,46488,228,195,57591,46488,28475,0,1000,True,ht_chantry-random-4.scen,500
540,ht_chantry.map,planner,1,76082,50066,221,195,63741,50066,62,0,0,False,ht_chantry-random-4.scen,540
540,ht_chantry.map,planner,1,76082,50066,221,195,63741,50066,70,0,0,True,ht_chantry-random-4.scen,540
540,ht_chantry.map,planner,1,76082,50066,221,195,63741,50066,69,0,1,False,ht_chantry-random-4.scen,540
540,ht_chantry.map,planner,1,76407,50066,219,195,63135,50066,99,0,1,True,ht_chantry-random-4.scen,540
540,ht_chantry.map,planner,1,76082,50066,221,195,63741,50066,63,0,10,False,ht_chantry-random-4.scen,540
540,ht_chantry.map,planner,1,76194,50066,238,195,62657,50066,370,0,10,True,ht_chantry-random-4.scen,540
540,ht_chantry.map,planner,1,76082,50066,221,195,63741,50066,64,0,100,False,ht_chantry-random-4.scen,540
540,ht_chantry.map,planner,1,74769,50066,214,195,62379,50066,2817,0,100,True,ht_chantry-random-4.scen,540
540,ht_chantry.map,planner,1,76082,50066,221,195,63741,50066,69,0,1000,False,ht_chantry-random-4.scen,540
540,ht_chantry.map,planner,1,75521,50066,220,195,62671,50066,30228,0,1000,True,ht_chantry-random-4.scen,540
580,ht_chantry.map,planner,1,83993,53641,220,195,69496,53641,68,0,0,False,ht_chantry-random-4.scen,580
580,ht_chantry.map,planner,1,83993,53641,220,195,69496,53641,72,0,0,True,ht_chantry-random-4.scen,580
580,ht_chantry.map,planner,1,83993,53641,220,195,69496,53641,67,0,1,False,ht_chantry-random-4.scen,580
580,ht_chantry.map,planner,1,83077,53641,231,195,69134,53641,110,0,1,True,ht_chantry-random-4.scen,580
580,ht_chantry.map,planner,1,83993,53641,220,195,69496,53641,70,0,10,False,ht_chantry-random-4.scen,580
580,ht_chantry.map,planner,1,83251,53641,234,195,68900,53641,421,0,10,True,ht_chantry-random-4.scen,580
580,ht_chantry.map,planner,1,83993,53641,220,195,69496,53641,67,0,100,False,ht_chantry-random-4.scen,580
580,ht_chantry.map,planner,1,83073,53641,239,195,69013,53641,3239,0,100,True,ht_chantry-random-4.scen,580
580,ht_chantry.map,planner,1,83993,53641,220,195,69496,53641,65,0,1000,False,ht_chantry-random-4.scen,580
580,ht_chantry.map,planner,1,82266,53641,228,195,67521,53641,27925,0,1000,True,ht_chantry-random-4.scen,580
620,ht_chantry.map,planner,1,91147,57530,224,200,75189,57530,81,0,0,False,ht_chantry-random-4.scen,620
620,ht_chantry.map,planner,1,91147,57530,224,200,75189,57530,87,0,0,True,ht_chantry-random-4.scen,620
620,ht_chantry.map,planner,1,91147,57530,224,200,75189,57530,75,0,1,False,ht_chantry-random-4.scen,620
620,ht_chantry.map,planner,1,91017,57530,226,200,75609,57530,113,0,1,True,ht_chantry-random-4.scen,620
620,ht_chantry.map,planner,1,91147,57530,224,200,75189,57530,84,0,10,False,ht_chantry-random-4.scen,620
620,ht_chantry.map,planner,1,90131,57530,245,200,74324,57530,411,0,10,True,ht_chantry-random-4.scen,620
620,ht_chantry.map,planner,1,91147,57530,224,200,75189,57530,79,0,100,False,ht_chantry-random-4.scen,620
620,ht_chantry.map,planner,1,90824,57530,217,200,74604,57530,3553,0,100,True,ht_chantry-random-4.scen,620
620,ht_chantry.map,planner,1,91147,57530,224,200,75189,57530,83,0,1000,False,ht_chantry-random-4.scen,620
620,ht_chantry.map,planner,1,89925,57530,221,200,74091,57530,36611,0,1000,True,ht_chantry-random-4.scen,620
660,ht_chantry.map,planner,1,100232,61352,238,200,82948,61352,81,0,0,False,ht_chantry-random-4.scen,660
660,ht_chantry.map,planner,1,100232,61352,238,200,82948,61352,92,0,0,True,ht_chantry-random-4.scen,660
660,ht_chantry.map,planner,1,100232,61352,238,200,82948,61352,87,0,1,False,ht_chantry-random-4.scen,660
660,ht_chantry.map,planner,1,98730,61352,224,200,81159,61352,124,0,1,True,ht_chantry-random-4.scen,660
660,ht_chantry.map,planner,1,100232,61352,238,200,82948,61352,87,0,10,False,ht_chantry-random-4.scen,660
660,ht_chantry.map,planner,1,99610,61352,249,200,81324,61352,461,0,10,True,ht_chantry-random-4.scen,660
660,ht_chantry.map,planner,1,100232,61352,238,200,82948,61352,86,0,100,False,ht_chantry-random-4.scen,660
660,ht_chantry.map,planner,1,97696,61352,240,200,80018,61352,3701,0,100,True,ht_chantry-random-4.scen,660
660,ht_chantry.map,planner,1,100232,61352,238,200,82948,61352,91,0,1000,False,ht_chantry-random-4.scen,660
660,ht_chantry.map,planner,1,98887,61352,237,200,80909,61352,38559,0,1000,True,ht_chantry-random-4.scen,660
700,ht_chantry.map,planner,1,111784,65386,255,200,90649,65386,97,0,0,False,ht_chantry-random-4.scen,700
700,ht_chantry.map,planner,1,111784,65386,255,200,90649,65386,104,0,0,True,ht_chantry-random-4.scen,700
700,ht_chantry.map,planner,1,111784,65386,255,200,90649,65386,87,0,1,False,ht_chantry-random-4.scen,700
700,ht_chantry.map,planner,1,109422,65386,277,200,89281,65386,143,0,1,True,ht_chantry-random-4.scen,700
700,ht_chantry.map,planner,1,111784,65386,255,200,90649,65386,97,0,10,False,ht_chantry-random-4.scen,700
700,ht_chantry.map,planner,1,106247,65386,225,200,87132,65386,465,0,10,True,ht_chantry-random-4.scen,700
700,ht_chantry.map,planner,1,111784,65386,255,200,90649,65386,97,0,100,False,ht_chantry-random-4.scen,700
700,ht_chantry.map,planner,1,107922,65386,233,200,87742,65386,4043,0,100,True,ht_chantry-random-4.scen,700
700,ht_chantry.map,planner,1,111784,65386,255,200,90649,65386,105,0,1000,False,ht_chantry-random-4.scen,700
700,ht_chantry.map,planner,1,105632,65386,244,200,87076,65386,38864,0,1000,True,ht_chantry-random-4.scen,700
740,ht_chantry.map,planner,1,119295,68676,245,200,95773,68676,95,0,0,False,ht_chantry-random-4.scen,740
740,ht_chantry.map,planner,1,119295,68676,245,200,95773,68676,100,0,0,True,ht_chantry-random-4.scen,740
740,ht_chantry.map,planner,1,119295,68676,245,200,95773,68676,95,0,1,False,ht_chantry-random-4.scen,740
740,ht_chantry.map,planner,1,114681,68676,240,200,93524,68676,143,0,1,True,ht_chantry-random-4.scen,740
740,ht_chantry.map,planner,1,119295,68676,245,200,95773,68676,98,0,10,False,ht_chantry-random-4.scen,740
740,ht_chantry.map,planner,1,114915,68676,247,200,93911,68676,510,0,10,True,ht_chantry-random-4.scen,740
740,ht_chantry.map,planner,1,119295,68676,245,200,95773,68676,92,0,100,False,ht_chantry-random-4.scen,740
740,ht_chantry.map,planner,1,115508,68676,241,200,93407,68676,4176,0,100,True,ht_chantry-random-4.scen,740
740,ht_chantry.map,planner,1,119295,68676,245,200,95773,68676,96,0,1000,False,ht_chantry-random-4.scen,740
740,ht_chantry.map,planner,1,116996,68676,262,200,93912,68676,41165,0,1000,True,ht_chantry-random-4.scen,740
780,ht_chantry.map,planner,1,128729,72770,252,200,104495,72770,101,0,0,False,ht_chantry-random-4.scen,780
780,ht_chantry.map,planner,1,128729,72770,252,200,104495,72770,118,0,0,True,ht_chantry-random-4.scen,780
780,ht_chantry.map,planner,1,128729,72770,252,200,104495,72770,97,0,1,False,ht_chantry-random-4.scen,780
780,ht_chantry.map,planner,1,131212,72770,264,200,105900,72770,161,0,1,True,ht_chantry-random-4.scen,780
780,ht_chantry.map,planner,1,128729,72770,252,200,104495,72770,103,0,10,False,ht_chantry-random-4.scen,780
780,ht_chantry.map,planner,1,127626,72770,258,200,103970,72770,581,0,10,True,ht_chantry-random-4.scen,780
780,ht_chantry.map,planner,1,128729,72770,252,200,104495,72770,104,0,100,False,ht_chantry-random-4.scen,780
780,ht_chantry.map,planner,1,125460,72770,249,200,101849,72770,4369,0,100,True,ht_chantry-random-4.scen,780
780,ht_chantry.map,planner,1,128729,72770,252,200,104495,72770,106,0,1000,False,ht_chantry-random-4.scen,780
780,ht_chantry.map,planner,1,128751,72770,253,200,103253,72770,46450,0,1000,True,ht_chantry-random-4.scen,780
820,ht_chantry.map,planner,1,138011,76510,271,200,111350,76510,113,0,0,False,ht_chantry-random-4.scen,820
820,ht_chantry.map,planner,1,138011,76510,271,200,111350,76510,131,0,0,True,ht_chantry-random-4.scen,820
820,ht_chantry.map,planner,1,138011,76510,271,200,111350,76510,113,0,1,False,ht_chantry-random-4.scen,820
820,ht_chantry.map,planner,1,133891,76510,280,200,107805,76510,175,0,1,True,ht_chantry-random-4.scen,820
820,ht_chantry.map,planner,1,138011,76510,271,200,111350,76510,117,0,10,False,ht_chantry-random-4.scen,820
820,ht_chantry.map,planner,1,135701,76510,257,200,109397,76510,601,0,10,True,ht_chantry-random-4.scen,820
820,ht_chantry.map,planner,1,138011,76510,271,200,111350,76510,117,0,100,False,ht_chantry-random-4.scen,820
820,ht_chantry.map,planner,1,137935,76510,267,200,110362,76510,5081,0,100,True,ht_chantry-random-4.scen,820
820,ht_chantry.map,planner,1,138011,76510,271,200,111350,76510,114,0,1000,False,ht_chantry-random-4.scen,820
820,ht_chantry.map,planner,1,133954,76510,261,200,108306,76510,44173,0,1000,True,ht_chantry-random-4.scen,820
860,ht_chantry.map,planner,1,148371,80405,265,200,118744,80405,116,0,0,False,ht_chantry-random-4.scen,860
860,ht_chantry.map,planner,1,148371,80405,265,200,118744,80405,132,0,0,True,ht_chantry-random-4.scen,860
860,ht_chantry.map,planner,1,148371,80405,265,200,118744,80405,117,0,1,False,ht_chantry-random-4.scen,860
860,ht_chantry.map,planner,1,144975,80405,279,200,116987,80405,187,0,1,True,ht_chantry-random-4.scen,860
860,ht_chantry.map,planner,1,148371,80405,265,200,118744,80405,116,0,10,False,ht_chantry-random-4.scen,860
860,ht_chantry.map,planner,1,145283,80405,271,200,117449,80405,643,0,10,True,ht_chantry-random-4.scen,860
860,ht_chantry.map,planner,1,148371,80405,265,200,118744,80405,113,0,100,False,ht_chantry-random-4.scen,860
860,ht_chantry.map,planner,1,148734,80405,322,200,119886,80405,6336,0,100,True,ht_chantry-random-4.scen,860
860,ht_chantry.map,planner,1,148371,80405,265,200,118744,80405,121,0,1000,False,ht_chantry-random-4.scen,860
860,ht_chantry.map,planner,1,146720,80405,257,200,117533,80405,57720,0,1000,True,ht_chantry-random-4.scen,860
20,ht_chantry.map,planner,1,1472,1390,149,149,1416,1390,1,0,0,False,ht_chantry-random-24.scen,20
20,ht_chantry.map,planner,1,1472,1390,149,149,1416,1390,1,0,0,True,ht_chantry-random-24.scen,20
20,ht_chantry.map,planner,1,1472,1390,149,149,1416,1390,1,0,1,False,ht_chantry-random-24.scen,20
20,ht_chantry.map,planner,1,1472,1390,149,149,1416,1390,1,0,1,True,ht_chantry-random-24.scen,20
20,ht_chantry.map,planner,1,1472,1390,149,149,1416,1390,1,0,10,False,ht_chantry-random-24.scen,20
20,ht_chantry.map,planner,1,1472,1390,149,149,1416,1390,1,0,10,True,ht_chantry-random-24.scen,20
20,ht_chantry.map,planner,1,1472,1390,149,149,1416,1390,1,0,100,False,ht_chantry-random-24.scen,20
20,ht_chantry.map,planner,1,1472,1390,149,149,1416,1390,1,0,100,True,ht_chantry-random-24.scen,20
20,ht_chantry.map,planner,1,1472,1390,149,149,1416,1390,1,0,1000,False,ht_chantry-random-24.scen,20
20,ht_chantry.map,planner,1,1472,1390,149,149,1416,1390,1,0,1000,True,ht_chantry-random-24.scen,20
60,ht_chantry.map,planner,1,5599,5041,169,169,5223,5041,5,0,0,False,ht_chantry-random-24.scen,60
60,ht_chantry.map,planner,1,5599,5041,169,169,5223,5041,5,0,0,True,ht_chantry-random-24.scen,60
60,ht_chantry.map,planner,1,5599,5041,169,169,5223,5041,5,0,1,False,ht_chantry-random-24.scen,60
60,ht_chantry.map,planner,1,5665,5041,169,169,5240,5041,5,0,1,True,ht_chantry-random-24.scen,60
60,ht_chantry.map,planner,1,5599,5041,169,169,5223,5041,5,0,10,False,ht_chantry-random-24.scen,60
60,ht_chantry.map,planner,1,5665,5041,169,169,5240,5041,5,0,10,True,ht_chantry-random-24.scen,60
60,ht_chantry.map,planner,1,5599,5041,169,169,5223,5041,5,0,100,False,ht_chantry-random-24.scen,60
60,ht_chantry.map,planner,1,5665,5041,169,169,5240,5041,5,0,100,True,ht_chantry-random-24.scen,60
60,ht_chantry.map,planner,1,5599,5041,169,169,5223,5041,5,0,1000,False,ht_chantry-random-24.scen,60
60,ht_chantry.map,planner,1,5665,5041,169,169,5240,5041,6,0,1000,True,ht_chantry-random-24.scen,60
100,ht_chantry.map,planner,1,10763,8768,188,187,9373,8768,9,0,0,False,ht_chantry-random-24.scen,100
100,ht_chantry.map,planner,1,10763,8768,188,187,9373,8768,9,0,0,True,ht_chantry-random-24.scen,100
100,ht_chantry.map,planner,1,10763,8768,188,187,9373,8768,9,0,1,False,ht_chantry-random-24.scen,100
100,ht_chantry.map,planner,1,10442,8768,187,187,9285,8768,10,0,1,True,ht_chantry-random-24.scen,100
100,ht_chantry.map,planner,1,10763,8768,188,187,9373,8768,10,0,10,False,ht_chantry-random-24.scen,100
100,ht_chantry.map,planner,1,10442,8768,187,187,9285,8768,9,0,10,True,ht_chantry-random-24.scen,100
100,ht_chantry.map,planner,1,10763,8768,188,187,9373,8768,9,0,100,False,ht_chantry-random-24.scen,100
100,ht_chantry.map,planner,1,10442,8768,187,187,9285,8768,9,0,100,True,ht_chantry-random-24.scen,100
100,ht_chantry.map,planner,1,10763,8768,188,187,9373,8768,10,0,1000,False,ht_chantry-random-24.scen,100
100,ht_chantry.map,planner,1,10442,8768,187,187,9285,8768,11,0,1000,True,ht_chantry-random-24.scen,100
140,ht_chantry.map,planner,1,14797,12151,190,187,13258,12151,12,0,0,False,ht_chantry-random-24.scen,140
140,ht_chantry.map,planner,1,14797,12151,190,187,13258,12151,12,0,0,True,ht_chantry-random-24.scen,140
140,ht_chantry.map,planner,1,14797,12151,190,187,13258,12151,13,0,1,False,ht_chantry-random-24.scen,140
140,ht_chantry.map,planner,1,14694,12151,188,187,13064,12151,15,0,1,True,ht_chantry-random-24.scen,140
140,ht_chantry.map,planner,1,14797,12151,190,187,13258,12151,14,0,10,False,ht_chantry-random-24.scen,140
140,ht_chantry.map,planner,1,14694,12151,188,187,13064,12151,14,0,10,True,ht_chantry-random-24.scen,140
140,ht_chantry.map,planner,1,14797,12151,190,187,13258,12151,14,0,100,False,ht_chantry-random-24.scen,140
140,ht_chantry.map,planner,1,14694,12151,188,187,13064,12151,15,0,100,True,ht_chantry-random-24.scen,140
140,ht_chantry.map,planner,1,14797,12151,190,187,13258,12151,14,0,1000,False,ht_chantry-random-24.scen,140
140,ht_chantry.map,planner,1,14694,12151,188,187,13064,12151,14,0,1000,True,ht_chantry-random-24.scen,140
180,ht_chantry.map,planner,1,19690,15692,199,199,17072,15692,18,0,0,False,ht_chantry-random-24.scen,180
180,ht_chantry.map,planner,1,19690,15692,199,199,17072,15692,17,0,0,True,ht_chantry-random-24.scen,180
180,ht_chantry.map,planner,1,19690,15692,199,199,17072,15692,16,0,1,False,ht_chantry-random-24.scen,180
180,ht_chantry.map,planner,1,19296,15692,199,199,16924,15692,20,0,1,True,ht_chantry-random-24.scen,180
180,ht_chantry.map,planner,1,19690,15692,199,199,17072,15692,16,0,10,False,ht_chantry-random-24.scen,180
180,ht_chantry.map,planner,1,19296,15692,199,199,16924,15692,20,0,10,True,ht_chantry-random-24.scen,180
180,ht_chantry.map,planner,1,19690,15692,199,199,17072,15692,17,0,100,False,ht_chantry-random-24.scen,180
180,ht_chantry.map,planner,1,19296,15692,199,199,16924,15692,17,0,100,True,ht_chantry-random-24.scen,180
180,ht_chantry.map,planner,1,19690,15692,199,199,17072,15692,18,0,1000,False,ht_chantry-random-24.scen,180
180,ht_chantry.map,planner,1,19296,15692,199,199,16924,15692,17,0,1000,True,ht_chantry-random-24.scen,180
220,ht_chantry.map,planner,1,24717,19226,199,199,21409,19226,19,0,0,False,ht_chantry-random-24.scen,220
220,ht_chantry.map,planner,1,24717,19226,199,199,21409,19226,23,0,0,True,ht_chantry-random-24.scen,220
220,ht_chantry.map,planner,1,24717,19226,199,199,21409,19226,20,0,1,False,ht_chantry-random-24.scen,220
220,ht_chantry.map,planner,1,24508,19226,199,199,21069,19226,27,0,1,True,ht_chantry-random-24.scen,220
220,ht_chantry.map,planner,1,24717,19226,199,199,21409,19226,21,0,10,False,ht_chantry-random-24.scen,220
220,ht_chantry.map,planner,1,24387,19226,199,199,20974,19226,36,0,10,True,ht_chantry-random-24.scen,220
220,ht_chantry.map,planner,1,24717,19226,199,199,21409,19226,19,0,100,False,ht_chantry-random-24.scen,220
220,ht_chantry.map,planner,1,24536,19226,199,199,21035,19226,47,0,100,True,ht_chantry-random-24.scen,220
220,ht_chantry.map,planner,1,24717,19226,199,199,21409,19226,22,0,1000,False,ht_chantry-random-24.scen,220
220,ht_chantry.map,planner,1,24536,19226,199,199,21035,19226,46,0,1000,True,ht_chantry-random-24.scen,220
260,ht_chantry.map,planner,1,31430,23327,199,199,26066,23327,25,0,0,False,ht_chantry-random-24.scen,260
260,ht_chantry.map,planner,1,31430,23327,199,199,26066,23327,28,0,0,True,ht_chantry-random-24.scen,260
260,ht_chantry.map,planner,1,31430,23327,199,199,26066,23327,28,0,1,False,ht_chantry-random-24.scen,260
260,ht_chantry.map,planner,1,30812,23327,199,199,25833,23327,36,0,1,True,ht_chantry-random-24.scen,260
260,ht_chantry.map,planner,1,31430,23327,199,199,26066,23327,25,0,10,False,ht_chantry-random-24.scen,260
260,ht_chantry.map,planner,1,30950,23327,199,199,25815,23327,90,0,10,True,ht_chantry-random-24.scen,260
260,ht_chantry.map,planner,1,31430,23327,199,199,26066,23327,26,0,100,False,ht_chantry-random-24.scen,260
260,ht_chantry.map,planner,1,31216,23327,201,199,25839,23327,208,0,100,True,ht_chantry-random-24.scen,260
260,ht_chantry.map,planner,1,31430,23327,199,199,26066,23327,23,0,1000,False,ht_chantry-random-24.scen,260
260,ht_chantry.map,planner,1,30885,23327,199,199,25817,23327,1630,0,1000,True,ht_chantry-random-24.scen,260
300,ht_chantry.map,planner,1,37517,27303,199,199,31361,27303,29,0,0,False,ht_chantry-random-24.scen,300
300,ht_chantry.map,planner,1,37517,27303,199,199,31361,27303,32,0,0,True,ht_chantry-random-24.scen,300
300,ht_chantry.map,planner,1,37517,27303,199,199,31361,27303,31,0,1,False,ht_chantry-random-24.scen,300
300,ht_chantry.map,planner,1,37069,27303,199,199,31019,27303,49,0,1,True,ht_chantry-random-24.scen,300
300,ht_chantry.map,planner,1,37517,27303,199,199,31361,27303,30,0,10,False,ht_chantry-random-24.scen,300
300,ht_chantry.map,planner,1,37091,27303,201,199,30913,27303,166,0,10,True,ht_chantry-random-24.scen,300
300,ht_chantry.map,planner,1,37517,27303,199,199,31361,27303,31,0,100,False,ht_chantry-random-24.scen,300
300,ht_chantry.map,planner,1,37234,27303,249,199,31191,27303,1382,0,100,True,ht_chantry-random-24.scen,300
300,ht_chantry.map,planner,1,37517,27303,199,199,31361,27303,31,0,1000,False,ht_chantry-random-24.scen,300
300,ht_chantry.map,planner,1,36573,27303,199,199,30877,27303,11379,0,1000,True,ht_chantry-random-24.scen,300
340,ht_chantry.map,planner,1,44175,30856,199,199,36209,30856,35,0,0,False,ht_chantry-random-24.scen,340
340,ht_chantry.map,planner,1,44175,30856,199,199,36209,30856,37,0,0,True,ht_chantry-random-24.scen,340
340,ht_chantry.map,planner,1,44175,30856,199,199,36209,30856,37,0,1,False,ht_chantry-random-24.scen,340
340,ht_chantry.map,planner,1,43474,30856,206,199,35539,30856,54,0,1,True,ht_chantry-random-24.scen,340
340,ht_chantry.map,planner,1,44175,30856,199,199,36209,30856,36,0,10,False,ht_chantry-random-24.scen,340
340,ht_chantry.map,planner,1,43561,30856,199,199,35567,30856,189,0,10,True,ht_chantry-random-24.scen,340
340,ht_chantry.map,planner,1,44175,30856,199,199,36209,30856,34,0,100,False,ht_chantry-random-24.scen,340
340,ht_chantry.map,planner,1,42763,30856,205,199,35390,30856,1358,0,100,True,ht_chantry-random-24.scen,340
340,ht_chantry.map,planner,1,44175,30856,199,199,36209,30856,34,0,1000,False,ht_chantry-random-24.scen,340
340,ht_chantry.map,planner,1,42282,30856,204,199,34863,30856,10677,0,1000,True,ht_chantry-random-24.scen,340
380,ht_chantry.map,planner,1,50813,35168,199,199,41729,35168,42,0,0,False,ht_chantry-random-24.scen,380
380,ht_chantry.map,planner,1,50813,35168,199,199,41729,35168,43,0,0,True,ht_chantry-random-24.scen,380
380,ht_chantry.map,planner,1,50813,35168,199,199,41729,35168,40,0,1,False,ht_chantry-random-24.scen,380
380,ht_chantry.map,planner,1,51345,35168,214,199,41797,35168,63,0,1,True,ht_chantry-random-24.scen,380
380,ht_chantry.map,planner,1,50813,35168,199,199,41729,35168,40,0,10,False,ht_chantry-random-24.scen,380
380,ht_chantry.map,planner,1,50327,35168,203,199,41169,35168,247,0,10,True,ht_chantry-random-24.scen,380
380,ht_chantry.map,planner,1,50813,35168,199,199,41729,35168,39,0,100,False,ht_chantry-random-24.scen,380
380,ht_chantry.map,planner,1,49551,35168,200,199,40911,35168,1970,0,100,True,ht_chantry-random-24.scen,380
380,ht_chantry.map,planner,1,50813,35168,199,199,41729,35168,40,0,1000,False,ht_chantry-random-24.scen,380
380,ht_chantry.map,planner,1,49396,35168,201,199,40678,35168,18090,0,1000,True,ht_chantry-random-24.scen,380
420,ht_chantry.map,planner,1,57710,38863,199,199,47375,38863,48,0,0,False,ht_chantry-random-24.scen,420
420,ht_chantry.map,planner,1,57710,38863,199,199,47375,38863,48,0,0,True,ht_chantry-random-24.scen,420
420,ht_chantry.map,planner,1,57710,38863,199,199,47375,38863,44,0,1,False,ht_chantry-random-24.scen,420
420,ht_chantry.map,planner,1,57962,38863,210,199,46682,38863,74,0,1,True,ht_chantry-random-24.scen,420
420,ht_chantry.map,planner,1,57710,38863,199,199,47375,38863,48,0,10,False,ht_chantry-random-24.scen,420
420,ht_chantry.map,planner,1,57054,38863,203,199,46396,38863,253,0,10,True,ht_chantry-random-24.scen,420
420,ht_chantry.map,planner,1,57710,38863,199,199,47375,38863,43,0,100,False,ht_chantry-random-24.scen,420
420,ht_chantry.map,planner,1,56582,38863,208,199,45920,38863,1841,0,100,True,ht_chantry-random-24.scen,420
420,ht_chantry.map,planner,1,57710,38863,199,199,47375,38863,50,0,1000,False,ht_chantry-random-24.scen,420
420,ht_chantry.map,planner,1,56063,38863,211,199,45861,38863,19073,0,1000,True,ht_chantry-random-24.scen,420
460,ht_chantry.map,planner,1,66195,42910,214,199,53370,42910,54,0,0,False,ht_chantry-random-24.scen,460
460,ht_chantry.map,planner,1,66195,42910,214,199,53370,42910,54,0,0,True,ht_chantry-random-24.scen,460
460,ht_chantry.map,planner,1,66195,42910,214,199,53370,42910,51,0,1,False,ht_chantry-random-24.scen,460
460,ht_chantry.map,planner,1,63933,42910,201,199,52210,42910,78,0,1,True,ht_chantry-random-24.scen,460
460,ht_chantry.map,planner,1,66195,42910,214,199,53370,42910,52,0,10,False,ht_chantry-random-24.scen,460
460,ht_chantry.map,planner,1,63802,42910,211,199,52449,42910,305,0,10,True,ht_chantry-random-24.scen,460
460,ht_chantry.map,planner,1,66195,42910,214,199,53370,42910,53,0,100,False,ht_chantry-random-24.scen,460
460,ht_chantry.map,planner,1,64742,42910,220,199,52371,42910,2490,0,100,True,ht_chantry-random-24.scen,460
460,ht_chantry.map,planner,1,66195,42910,214,199,53370,42910,53,0,1000,False,ht_chantry-random-24.scen,460
460,ht_chantry.map,planner,1,62904,42910,203,199,51313,42910,21794,0,1000,True,ht_chantry-random-24.scen,460
500,ht_chantry.map,planner,1,73422,46805,216,199,59939,46805,58,0,0,False,ht_chantry-random-24.scen,500
500,ht_chantry.map,planner,1,73422,46805,216,199,59939,46805,54,0,0,True,ht_chantry-random-24.scen,500
500,ht_chantry.map,planner,1,73422,46805,216,199,59939,46805,58,0,1,False,ht_chantry-random-24.scen,500
500,ht_chantry.map,planner,1,71923,46805,220,199,59057,46805,88,0,1,True,ht_chantry-random-24.scen,500
500,ht_chantry.map,planner,1,73422,46805,216,199,59939,46805,57,0,10,False,ht_chantry-random-24.scen,500
500,ht_chantry.map,planner,1,72149,46805,208,199,58509,46805,362,0,10,True,ht_chantry-random-24.scen,500
500,ht_chantry.map,planner,1,73422,46805,216,199,59939,46805,57,0,100,False,ht_chantry-random-24.scen,500
500,ht_chantry.map,planner,1,71999,46805,215,199,58487,46805,2894,0,100,True,ht_chantry-random-24.scen,500
500,ht_chantry.map,planner,1,73422,46805,216,199,59939,46805,63,0,1000,False,ht_chantry-random-24.scen,500
500,ht_chantry.map,planner,1,72295,46805,215,199,58688,46805,31322,0,1000,True,ht_chantry-random-24.scen,500
540,ht_chantry.map,planner,1,81780,50913,225,199,65861,50913,71,0,0,False,ht_chantry-random-24.scen,540
540,ht_chantry.map,planner,1,81780,50913,225,199,65861,50913,66,0,0,True,ht_chantry-random-24.scen,540
540,ht_chantry.map,planner,1,81780,50913,225,199,65861,50913,63,0,1,False,ht_chantry-random-24.scen,540
540,ht_chantry.map,planner,1,80771,50913,226,199,65447,50913,102,0,1,True,ht_chantry-random-24.scen,540
540,ht_chantry.map,planner,1,81780,50913,225,199,65861,50913,64,0,10,False,ht_chantry-random-24.scen,540
540,ht_chantry.map,planner,1,80633,50913,230,199,65636,50913,457,0,10,True,ht_chantry-random-24.scen,540
540,ht_chantry.map,planner,1,81780,50913,225,199,65861,50913,63,0,100,False,ht_chantry-random-24.scen,540
540,ht_chantry.map,planner,1,80160,50913,234,199,65134,50913,3137,0,100,True,ht_chantry-random-24.scen,540
540,ht_chantry.map,planner,1,81780,50913,225,199,65861,50913,70,0,1000,False,ht_chantry-random-24.scen,540
540,ht_chantry.map,planner,1,80603,50913,255,199,64868,50913,32229,0,1000,True,ht_chantry-random-24.scen,540
580,ht_chantry.map,planner,1,88353,54297,224,199,71015,54297,71,0,0,False,ht_chantry-random-24.scen,580
580,ht_chantry.map,planner,1,88353,54297,224,199,71015,54297,72,0,0,True,ht_chantry-random-24.scen,580
580,ht_chantry.map,planner,1,88353,54297,224,199,71015,54297,69,0,1,False,ht_chantry-random-24.scen,580
580,ht_chantry.map,planner,1,87775,54297,217,199,71109,54297,108,0,1,True,ht_chantry-random-24.scen,580
580,ht_chantry.map,planner,1,88353,54297,224,199,71015,54297,71,0,10,False,ht_chantry-random-24.scen,580
580,ht_chantry.map,planner,1,86420,54297,271,199,70311,54297,402,0,10,True,ht_chantry-random-24.scen,580
580,ht_chantry.map,planner,1,88353,54297,224,199,71015,54297,68,0,100,False,ht_chantry-random-24.scen,580
580,ht_chantry.map,planner,1,88280,54297,220,199,70678,54297,3868,0,100,True,ht_chantry-random-24.scen,580
580,ht_chantry.map,planner,1,88353,54297,224,199,71015,54297,70,0,1000,False,ht_chantry-random-24.scen,580
580,ht_chantry.map,planner,1,86815,54297,218,199,70000,54297,34002,0,1000,True,ht_chantry-random-24.scen,580
620,ht_chantry.map,planner,1,99002,58058,238,199,78302,58058,77,0,0,False,ht_chantry-random-24.scen,620
620,ht_chantry.map,planner,1,99002,58058,238,199,78302,58058,81,0,0,True,ht_chantry-random-24.scen,620
620,ht_chantry.map,planner,1,99002,58058,238,199,78302,58058,78,0,1,False,ht_chantry-random-24.scen,620
620,ht_chantry.map,planner,1,96497,58058,244,199,77294,58058,123,0,1,True,ht_chantry-random-24.scen,620
620,ht_chantry.map,planner,1,99002,58058,238,199,78302,58058,71,0,10,False,ht_chantry-random-24.scen,620
620,ht_chantry.map,planner,1,95601,58058,238,199,75955,58058,443,0,10,True,ht_chantry-random-24.scen,620
620,ht_chantry.map,planner,1,99002,58058,238,199,78302,58058,74,0,100,False,ht_chantry-random-24.scen,620
620,ht_chantry.map,planner,1,96612,58058,229,199,76944,58058,3937,0,100,True,ht_chantry-random-24.scen,620
620,ht_chantry.map,planner,1,99002,58058,238,199,78302,58058,82,0,1000,False,ht_chantry-random-24.scen,620
620,ht_chantry.map,planner,1,95810,58058,234,199,76368,58058,37755,0,1000,True,ht_chantry-random-24.scen,620
660,ht_chantry.map,planner,1,108479,61550,245,199,85275,61550,78,0,0,False,ht_chantry-random-24.scen,660
660,ht_chantry.map,planner,1,108479,61550,245,199,85275,61550,97,0,0,True,ht_chantry-random-24.scen,660
660,ht_chantry.map,planner,1,108479,61550,245,199,85275,61550,81,0,1,False,ht_chantry-random-24.scen,660
660,ht_chantry.map,planner,1,105301,61550,237,199,84119,61550,135,0,1,True,ht_chantry-random-24.scen,660
660,ht_chantry.map,planner,1,108479,61550,245,199,85275,61550,84,0,10,False,ht_chantry-random-24.scen,660
660,ht_chantry.map,planner,1,105922,61550,263,199,83311,61550,497,0,10,True,ht_chantry-random-24.scen,660
660,ht_chantry.map,planner,1,108479,61550,245,199,85275,61550,83,0,100,False,ht_chantry-random-24.scen,660
660,ht_chantry.map,planner,1,106361,61550,258,199,83172,61550,4305,0,100,True,ht_chantry-random-24.scen,660
660,ht_chantry.map,planner,1,108479,61550,245,199,85275,61550,79,0,1000,False,ht_chantry-random-24.scen,660
660,ht_chantry.map,planner,1,103273,61550,245,199,81904,61550,40287,0,1000,True,ht_chantry-random-24.scen,660
700,ht_chantry.map,planner,1,117761,65055,250,199,92779,65055,89,0,0,False,ht_chantry-random-24.scen,700
700,ht_chantry.map,planner,1,117761,65055,250,199,92779,65055,107,0,0,True,ht_chantry-random-24.scen,700
700,ht_chantry.map,planner,1,117761,65055,250,199,92779,65055,87,0,1,False,ht_chantry-random-24.scen,700
700,ht_chantry.map,planner,1,115497,65055,245,199,91342,65055,140,0,1,True,ht_chantry-random-24.scen,700
700,ht_chantry.map,planner,1,117761,65055,250,199,92779,65055,87,0,10,False,ht_chantry-random-24.scen,700
700,ht_chantry.map,planner,1,114577,65055,248,199,90445,65055,522,0,10,True,ht_chantry-random-24.scen,700
700,ht_chantry.map,planner,1,117761,65055,250,199,92779,65055,87,0,100,False,ht_chantry-random-24.scen,700
700,ht_chantry.map,planner,1,113567,65055,244,199,89245,65055,4788,0,100,True,ht_chantry-random-24.scen,700
700,ht_chantry.map,planner,1,117761,65055,250,199,92779,65055,98,0,1000,False,ht_chantry-random-24.scen,700
700,ht_chantry.map,planner,1,113636,65055,234,199,88960,65055,44750,0,1000,True,ht_chantry-random-24.scen,700
740,ht_chantry.map,planner,1,128512,68584,253,199,99855,68584,91,0,0,False,ht_chantry-random-24.scen,740
740,ht_chantry.map,planner,1,128512,68584,253,199,99855,68584,102,0,0,True,ht_chantry-random-24.scen,740
740,ht_chantry.map,planner,1,128512,68584,253,199,99855,68584,90,0,1,False,ht_chantry-random-24.scen,740
740,ht_chantry.map,planner,1,124035,68584,262,199,97366,68584,149,0,1,True,ht_chantry-random-24.scen,740
740,ht_chantry.map,planner,1,128512,68584,253,199,99855,68584,92,0,10,False,ht_chantry-random-24.scen,740
740,ht_chantry.map,planner,1,129477,68584,345,199,98734,68584,612,0,10,True,ht_chantry-random-24.scen,740
740,ht_chantry.map,planner,1,128512,68584,253,199,99855,68584,101,0,100,False,ht_chantry-random-24.scen,740
740,ht_chantry.map,planner,1,123872,68584,252,199,97559,68584,5440,0,100,True,ht_chantry-random-24.scen,740
740,ht_chantry.map,planner,1,128512,68584,253,199,99855,68584,91,0,1000,False,ht_chantry-random-24.scen,740
740,ht_chantry.map,planner,1,125282,68584,253,199,97409,68584,50676,0,1000,True,ht_chantry-random-24.scen,740
780,ht_chantry.map,planner,1,136954,72117,270,199,106724,72117,103,0,0,False,ht_chantry-random-24.scen,780
780,ht_chantry.map,planner,1,136954,72117,270,199,106724,72117,115,0,0,True,ht_chantry-random-24.scen,780
780,ht_chantry.map,planner,1,136954,72117,270,199,106724,72117,99,0,1,False,ht_chantry-random-24.scen,780
780,ht_chantry.map,planner,1,136664,72117,270,199,105985,72117,167,0,1,True,ht_chantry-random-24.scen,780
780,ht_chantry.map,planner,1,136954,72117,270,199,106724,72117,100,0,10,False,ht_chantry-random-24.scen,780
780,ht_chantry.map,planner,1,138504,72117,270,199,106509,72117,701,0,10,True,ht_chantry-random-24.scen,780
780,ht_chantry.map,planner,1,136954,72117,270,199,106724,72117,101,0,100,False,ht_chantry-random-24.scen,780
780,ht_chantry.map,planner,1,135097,72117,251,199,105060,72117,6250,0,100,True,ht_chantry-random-24.scen,780
780,ht_chantry.map,planner,1,136954,72117,270,199,106724,72117,107,0,1000,False,ht_chantry-random-24.scen,780
20,ht_chantry.map,planner,1,2263,2248,161,161,2263,2248,2,0,0,False,ht_chantry-random-18.scen,20
20,ht_chantry.map,planner,1,2263,2248,161,161,2263,2248,2,0,0,True,ht_chantry-random-18.scen,20
20,ht_chantry.map,planner,1,2263,2248,161,161,2263,2248,2,0,1,False,ht_chantry-random-18.scen,20
20,ht_chantry.map,planner,1,2263,2248,161,161,2263,2248,2,0,1,True,ht_chantry-random-18.scen,20
20,ht_chantry.map,planner,1,2263,2248,161,161,2263,2248,2,0,10,False,ht_chantry-random-18.scen,20
20,ht_chantry.map,planner,1,2263,2248,161,161,2263,2248,2,0,10,True,ht_chantry-random-18.scen,20
20,ht_chantry.map,planner,1,2263,2248,161,161,2263,2248,2,0,100,False,ht_chantry-random-18.scen,20
20,ht_chantry.map,planner,1,2263,2248,161,161,2263,2248,2,0,100,True,ht_chantry-random-18.scen,20
20,ht_chantry.map,planner,1,2263,2248,161,161,2263,2248,2,0,1000,False,ht_chantry-random-18.scen,20
20,ht_chantry.map,planner,1,2263,2248,161,161,2263,2248,2,0,1000,True,ht_chantry-random-18.scen,20
60,ht_chantry.map,planner,1,6684,6127,188,188,6411,6127,6,0,0,False,ht_chantry-random-18.scen,60
60,ht_chantry.map,planner,1,6684,6127,188,188,6411,6127,6,0,0,True,ht_chantry-random-18.scen,60
60,ht_chantry.map,planner,1,6684,6127,188,188,6411,6127,5,0,1,False,ht_chantry-random-18.scen,60
60,ht_chantry.map,planner,1,6552,6127,188,188,6395,6127,5,0,1,True,ht_chantry-random-18.scen,60
60,ht_chantry.map,planner,1,6684,6127,188,188,6411,6127,6,0,10,False,ht_chantry-random-18.scen,60
60,ht_chantry.map,planner,1,6552,6127,188,188,6395,6127,5,0,10,True,ht_chantry-random-18.scen,60
60,ht_chantry.map,planner,1,6684,6127,188,188,6411,6127,5,0,100,False,ht_chantry-random-18.scen,60
60,ht_chantry.map,planner,1,6552,6127,188,188,6395,6127,5,0,100,True,ht_chantry-random-18.scen,60
60,ht_chantry.map,planner,1,6684,6127,188,188,6411,6127,6,0,1000,False,ht_chantry-random-18.scen,60
60,ht_chantry.map,planner,1,6552,6127,188,188,6395,6127,5,0,1000,True,ht_chantry-random-18.scen,60
100,ht_chantry.map,planner,1,10923,9632,188,188,10131,9632,9,0,0,False,ht_chantry-random-18.scen,100
100,ht_chantry.map,planner,1,10923,9632,188,188,10131,9632,9,0,0,True,ht_chantry-random-18.scen,100
100,ht_chantry.map,planner,1,10923,9632,188,188,10131,9632,9,0,1,False,ht_chantry-random-18.scen,100
100,ht_chantry.map,planner,1,10714,9632,190,188,10059,9632,9,0,1,True,ht_chantry-random-18.scen,100
100,ht_chantry.map,planner,1,10923,9632,188,188,10131,9632,10,0,10,False,ht_chantry-random-18.scen,100
100,ht_chantry.map,planner,1,10714,9632,190,188,10059,9632,11,0,10,True,ht_chantry-random-18.scen,100
100,ht_chantry.map,planner,1,10923,9632,188,188,10131,9632,10,0,100,False,ht_chantry-random-18.scen,100
100,ht_chantry.map,planner,1,10714,9632,190,188,10059,9632,11,0,100,True,ht_chantry-random-18.scen,100
100,ht_chantry.map,planner,1,10923,9632,188,188,10131,9632,10,0,1000,False,ht_chantry-random-18.scen,100
100,ht_chantry.map,planner,1,10714,9632,190,188,10059,9632,9,0,1000,True,ht_chantry-random-18.scen,100
140,ht_chantry.map,planner,1,16041,13756,188,188,14940,13756,15,0,0,False,ht_chantry-random-18.scen,140
140,ht_chantry.map,planner,1,16041,13756,188,188,14940,13756,13,0,0,True,ht_chantry-random-18.scen,140
140,ht_chantry.map,planner,1,16041,13756,188,188,14940,13756,14,0,1,False,ht_chantry-random-18.scen,140
140,ht_chantry.map,planner,1,16077,13756,188,188,14771,13756,16,0,1,True,ht_chantry-random-18.scen,140
140,ht_chantry.map,planner,1,16041,13756,188,188,14940,13756,15,0,10,False,ht_chantry-random-18.scen,140
140,ht_chantry.map,planner,1,16151,13756,196,188,14805,13756,23,0,10,True,ht_chantry-random-18.scen,140
140,ht_chantry.map,planner,1,16041,13756,188,188,14940,13756,14,0,100,False,ht_chantry-random-18.scen,140
140,ht_chantry.map,planner,1,16280,13756,192,188,14829,13756,26,0,100,True,ht_chantry-random-18.scen,140
140,ht_chantry.map,planner,1,16041,13756,188,188,14940,13756,15,0,1000,False,ht_chantry-random-18.scen,140
140,ht_chantry.map,planner,1,16280,13756,192,188,14829,13756,25,0,1000,True,ht_chantry-random-18.scen,140
180,ht_chantry.map,planner,1,20827,17512,188,188,19166,17512,21,0,0,False,ht_chantry-random-18.scen,180
180,ht_chantry.map,planner,1,20827,17512,188,188,19166,17512,20,0,0,True,ht_chantry-random-18.scen,180
180,ht_chantry.map,planner,1,20827,17512,188,188,19166,17512,17,0,1,False,ht_chantry-random-18.scen,180
180,ht_chantry.map,planner,1,20703,17512,190,188,18893,17512,28,0,1,True,ht_chantry-random-18.scen,180
180,ht_chantry.map,planner,1,20827,17512,188,188,19166,17512,16,0,10,False,ht_chantry-random-18.scen,180
180,ht_chantry.map,planner,1,21041,17512,190,188,18890,17512,56,0,10,True,ht_chantry-random-18.scen,180
180,ht_chantry.map,planner,1,20827,17512,188,188,19166,17512,18,0,100,False,ht_chantry-random-18.scen,180
180,ht_chantry.map,planner,1,20862,17512,190,188,18811,17512,61,0,100,True,ht_chantry-random-18.scen,180
180,ht_chantry.map,planner,1,20827,17512,188,188,19166,17512,18,0,1000,False,ht_chantry-random-18.scen,180
180,ht_chantry.map,planner,1,20862,17512,190,188,18811,17512,59,0,1000,True,ht_chantry-random-18.scen,180
220,ht_chantry.map,planner,1,26399,21131,188,188,23613,21131,20,0,0,False,ht_chantry-random-18.scen,220
220,ht_chantry.map,planner,1,26399,21131,188,188,23613,21131,20,0,0,True,ht_chantry-random-18.scen,220
220,ht_chantry.map,planner,1,26399,21131,188,188,23613,21131,22,0,1,False,ht_chantry-random-18.scen,220
220,ht_chantry.map,planner,1,25900,21131,189,188,23214,21131,36,0,1,True,ht_chantry-random-18.scen,220
220,ht_chantry.map,planner,1,26399,21131,188,188,23613,21131,21,0,10,False,ht_chantry-random-18.scen,220
220,ht_chantry.map,planner,1,25649,21131,192,188,23073,21131,84,0,10,True,ht_chantry-random-18.scen,220
220,ht_chantry.map,planner,1,26399,21131,188,188,23613,21131,25,0,100,False,ht_chantry-random-18.scen,220
220,ht_chantry.map,planner,1,26326,21131,193,188,23073,21131,489,0,100,True,ht_chantry-random-18.scen,220
220,ht_chantry.map,planner,1,26399,21131,188,188,23613,21131,22,0,1000,False,ht_chantry-random-18.scen,220
220,ht_chantry.map,planner,1,25155,21131,191,188,22973,21131,1556,0,1000,True,ht_chantry-random-18.scen,220
260,ht_chantry.map,planner,1,31739,24786,197,197,27858,24786,26,0,0,False,ht_chantry-random-18.scen,260
260,ht_chantry.map,planner,1,31739,24786,197,197,27858,24786,28,0,0,True,ht_chantry-random-18.scen,260
260,ht_chantry.map,planner,1,31739,24786,197,197,27858,24786,28,0,1,False,ht_chantry-random-18.scen,260
260,ht_chantry.map,planner,1,30404,24786,203,197,27241,24786,40,0,1,True,ht_chantry-random-18.scen,260
260,ht_chantry.map,planner,1,31739,24786,197,197,27858,24786,27,0,10,False,ht_chantry-random-18.scen,260
260,ht_chantry.map,planner,1,30479,24786,200,197,27191,24786,162,0,10,True,ht_chantry-random-18.scen,260
260,ht_chantry.map,planner,1,31739,24786,197,197,27858,24786,22,0,100,False,ht_chantry-random-18.scen,260
260,ht_chantry.map,planner,1,30746,24786,202,197,27137,24786,885,0,100,True,ht_chantry-random-18.scen,260
260,ht_chantry.map,planner,1,31739,24786,197,197,27858,24786,26,0,1000,False,ht_chantry-random-18.scen,260
260,ht_chantry.map,planner,1,30243,24786,200,197,27191,24786,3681,0,1000,True,ht_chantry-random-18.scen,260
300,ht_chantry.map,planner,1,36688,28603,197,197,32225,28603,31,0,0,False,ht_chantry-random-18.scen,300
300,ht_chantry.map,planner,1,36688,28603,197,197,32225,28603,31,0,0,True,ht_chantry-random-18.scen,300
300,ht_chantry.map,planner,1,36688,28603,197,197,32225,28603,32,0,1,False,ht_chantry-random-18.scen,300
300,ht_chantry.map,planner,1,36314,28603,197,197,31845,28603,46,0,1,True,ht_chantry-random-18.scen,300
300,ht_chantry.map,planner,1,36688,28603,197,197,32225,28603,32,0,10,False,ht_chantry-random-18.scen,300
300,ht_chantry.map,planner,1,36737,28603,198,197,32073,28603,181,0,10,True,ht_chantry-random-18.scen,300
300,ht_chantry.map,planner,1,36688,28603,197,197,32225,28603,30,0,100,False,ht_chantry-random-18.scen,300
300,ht_chantry.map,planner,1,37192,28603,199,197,32187,28603,1564,0,100,True,ht_chantry-random-18.scen,300
300,ht_chantry.map,planner,1,36688,28603,197,197,32225,28603,31,0,1000,False,ht_chantry-random-18.scen,300
300,ht_chantry.map,planner,1,36295,28603,200,197,31640,28603,11193,0,1000,True,ht_chantry-random-18.scen,300
340,ht_chantry.map,planner,1,44032,32707,202,197,37890,32707,38,0,0,False,ht_chantry-random-18.scen,340
340,ht_chantry.map,planner,1,44032,32707,202,197,37890,32707,38,0,0,True,ht_chantry-random-18.scen,340
340,ht_chantry.map,planner,1,44032,32707,202,197,37890,32707,38,0,1,False,ht_chantry-random-18.scen,340
340,ht_chantry.map,planner,1,43409,32707,199,197,37505,32707,58,0,1,True,ht_chantry-random-18.scen,340
340,ht_chantry.map,planner,1,44032,32707,202,197,37890,32707,37,0,10,False,ht_chantry-random-18.scen,340
340,ht_chantry.map,planner,1,42794,32707,201,197,37145,32707,192,0,10,True,ht_chantry-random-18.scen,340
340,ht_chantry.map,planner,1,44032,32707,202,197,37890,32707,36,0,100,False,ht_chantry-random-18.scen,340
340,ht_chantry.map,planner,1,43508,32707,258,197,37371,32707,1704,0,100,True,ht_chantry-random-18.scen,340
340,ht_chantry.map,planner,1,44032,32707,202,197,37890,32707,37,0,1000,False,ht_chantry-random-18.scen,340
340,ht_chantry.map,planner,1,43064,32707,209,197,36709,32707,14708,0,1000,True,ht_chantry-random-18.scen,340
380,ht_chantry.map,planner,1,50981,36956,210,197,43627,36956,36,0,0,False,ht_chantry-random-18.scen,380
380,ht_chantry.map,planner,1,50981,36956,210,197,43627,36956,44,0,0,True,ht_chantry-random-18.scen,380
380,ht_chantry.map,planner,1,50981,36956,210,197,43627,36956,43,0,1,False,ht_chantry-random-18.scen,380
380,ht_chantry.map,planner,1,50968,36956,214,197,43189,36956,63,0,1,True,ht_chantry-random-18.scen,380
380,ht_chantry.map,planner,1,50981,36956,210,197,43627,36956,37,0,10,False,ht_chantry-random-18.scen,380
380,ht_chantry.map,planner,1,50566,36956,207,197,42753,36956,243,0,10,True,ht_chantry-random-18.scen,380
380,ht_chantry.map,planner,1,50981,36956,210,197,43627,36956,43,0,100,False,ht_chantry-random-18.scen,380
380,ht_chantry.map,planner,1,49996,36956,207,197,42540,36956,1830,0,100,True,ht_chantry-random-18.scen,380
380,ht_chantry.map,planner,1,50981,36956,210,197,43627,36956,43,0,1000,False,ht_chantry-random-18.scen,380
380,ht_chantry.map,planner,1,50320,36956,212,197,42614,36956,18295,0,1000,True,ht_chantry-random-18.scen,380
420,ht_chantry.map,planner,1,58494,41011,220,197,49039,41011,48,0,0,False,ht_chantry-random-18.scen,420
420,ht_chantry.map,planner,1,58494,41011,220,197,49039,41011,48,0,0,True,ht_chantry-random-18.scen,420
420,ht_chantry.map,planner,1,58494,41011,220,197,49039,41011,51,0,1,False,ht_chantry-random-18.scen,420
420,ht_chantry.map,planner,1,57339,41011,209,197,48345,41011,76,0,1,True,ht_chantry-random-18.scen,420
420,ht_chantry.map,planner,1,58494,41011,220,197,49039,41011,48,0,10,False,ht_chantry-random-18.scen,420
420,ht_chantry.map,planner,1,57670,41011,214,197,48765,41011,265,0,10,True,ht_chantry-random-18.scen,420
420,ht_chantry.map,planner,1,58494,41011,220,197,49039,41011,48,0,100,False,ht_chantry-random-18.scen,420
420,ht_chantry.map,planner,1,56753,41011,220,197,47738,41011,1910,0,100,True,ht_chantry-random-18.scen,420
420,ht_chantry.map,planner,1,58494,41011,220,197,49039,41011,53,0,1000,False,ht_chantry-random-18.scen,420
420,ht_chantry.map,planner,1,56185,41011,210,197,47287,41011,17567,0,1000,True,ht_chantry-random-18.scen,420
460,ht_chantry.map,planner,1,65984,45063,212,197,55409,45063,48,0,0,False,ht_chantry-random-18.scen,460
460,ht_chantry.map,planner,1,65984,45063,212,197,55409,45063,56,0,0,True,ht_chantry-random-18.scen,460
460,ht_chantry.map,planner,1,65984,45063,212,197,55409,45063,54,0,1,False,ht_chantry-random-18.scen,460
460,ht_chantry.map,planner,1,65050,45063,211,197,54696,45063,81,0,1,True,ht_chantry-random-18.scen,460
460,ht_chantry.map,planner,1,65984,45063,212,197,55409,45063,52,0,10,False,ht_chantry-random-18.scen,460
460,ht_chantry.map,planner,1,65021,45063,218,197,54877,45063,344,0,10,True,ht_chantry-random-18.scen,460
460,ht_chantry.map,planner,1,65984,45063,212,197,55409,45063,52,0,100,False,ht_chantry-random-18.scen,460
460,ht_chantry.map,planner,1,64385,45063,212,197,53663,45063,2531,0,100,True,ht_chantry-random-18.scen,460
460,ht_chantry.map,planner,1,65984,45063,212,197,55409,45063,53,0,1000,False,ht_chantry-random-18.scen,460
460,ht_chantry.map,planner,1,64242,45063,209,197,54094,45063,26166,0,1000,True,ht_chantry-random-18.scen,460
500,ht_chantry.map,planner,1,72528,48940,203,197,60249,48940,64,0,0,False,ht_chantry-random-18.scen,500
500,ht_chantry.map,planner,1,72528,48940,203,197,60249,48940,64,0,0,True,ht_chantry-random-18.scen,500
500,ht_chantry.map,planner,1,72528,48940,203,197,60249,48940,61,0,1,False,ht_chantry-random-18.scen,500
500,ht_chantry.map,planner,1,71910,48940,212,197,60326,48940,93,0,1,True,ht_chantry-random-18.scen,500
500,ht_chantry.map,planner,1,72528,48940,203,197,60249,48940,60,0,10,False,ht_chantry-random-18.scen,500
500,ht_chantry.map,planner,1,72002,48940,239,197,60290,48940,338,0,10,True,ht_chantry-random-18.scen,500
500,ht_chantry.map,planner,1,72528,48940,203,197,60249,48940,59,0,100,False,ht_chantry-random-18.scen,500
500,ht_chantry.map,planner,1,70308,48940,221,197,59309,48940,2824,0,100,True,ht_chantry-random-18.scen,500
500,ht_chantry.map,planner,1,72528,48940,203,197,60249,48940,60,0,1000,False,ht_chantry-random-18.scen,500
500,ht_chantry.map,planner,1,71086,48940,230,197,58956,48940,26659,0,1000,True,ht_chantry-random-18.scen,500
540,ht_chantry.map,planner,1,82010,52306,233,197,66492,52306,65,0,0,False,ht_chantry-random-18.scen,540
540,ht_chantry.map,planner,1,82010,52306,233,197,66492,52306,71,0,0,True,ht_chantry-random-18.scen,540
540,ht_chantry.map,planner,1,82010,52306,233,197,66492,52306,65,0,1,False,ht_chantry-random-18.scen,540
540,ht_chantry.map,planner,1,78476,52306,221,197,64966,52306,94,0,1,True,ht_chantry-random-18.scen,540
540,ht_chantry.map,planner,1,82010,52306,233,197,66492,52306,65,0,10,False,ht_chantry-random-18.scen,540
540,ht_chantry.map,planner,1,76994,52306,215,197,63740,52306,335,0,10,True,ht_chantry-random-18.scen,540
540,ht_chantry.map,planner,1,82010,52306,233,197,66492,52306,67,0,100,False,ht_chantry-random-18.scen,540
540,ht_chantry.map,planner,1,79396,52306,220,197,64904,52306,2937,0,100,True,ht_chantry-random-18.scen,540
540,ht_chantry.map,planner,1,82010,52306,233,197,66492,52306,70,0,1000,False,ht_chantry-random-18.scen,540
540,ht_chantry.map,planner,1,78566,52306,222,197,65249,52306,28078,0,1000,True,ht_chantry-random-18.scen,540
580,ht_chantry.map,planner,1,88866,56032,233,197,72627,56032,66,0,0,False,ht_chantry-random-18.scen,580
580,ht_chantry.map,planner,1,88866,56032,233,197,72627,56032,73,0,0,True,ht_chantry-random-18.scen,580
580,ht_chantry.map,planner,1,88866,56032,233,197,72627,56032,69,0,1,False,ht_chantry-random-18.scen,580
580,ht_chantry.map,planner,1,88754,56032,234,197,72254,56032,106,0,1,True,ht_chantry-random-18.scen,580
580,ht_chantry.map,planner,1,88866,56032,233,197,72627,56032,68,0,10,False,ht_chantry-random-18.scen,580
580,ht_chantry.map,planner,1,87295,56032,231,197,71247,56032,395,0,10,True,ht_chantry-random-18.scen,580
580,ht_chantry.map,planner,1,88866,56032,233,197,72627,56032,70,0,100,False,ht_chantry-random-18.scen,580
580,ht_chantry.map,planner,1,85851,56032,230,197,70150,56032,3258,0,100,True,ht_chantry-random-18.scen,580
580,ht_chantry.map,planner,1,88866,56032,233,197,72627,56032,73,0,1000,False,ht_chantry-random-18.scen,580
580,ht_chantry.map,planner,1,84884,56032,222,197,69628,56032,29133,0,1000,True,ht_chantry-random-18.scen,580
620,ht_chantry.map,planner,1,97569,59851,228,197,78712,59851,75,0,0,False,ht_chantry-random-18.scen,620
620,ht_chantry.map,planner,1,97569,59851,228,197,78712,59851,79,0,0,True,ht_chantry-random-18.scen,620
620,ht_chantry.map,planner,1,97569,59851,228,197,78712,59851,75,0,1,False,ht_chantry-random-18.scen,620
620,ht_chantry.map,planner,1,99335,59851,234,197,79491,59851,120,0,1,True,ht_chantry-random-18.scen,620
620,ht_chantry.map,planner,1,97569,59851,228,197,78712,59851,72,0,10,False,ht_chantry-random-18.scen,620
620,ht_chantry.map,planner,1,94766,59851,225,197,76121,59851,420,0,10,True,ht_chantry-random-18.scen,620
620,ht_chantry.map,planner,1,97569,59851,228,197,78712,59851,71,0,100,False,ht_chantry-random-18.scen,620
620,ht_chantry.map,planner,1,96108,59851,244,197,77610,59851,3779,0,100,True,ht_chantry-random-18.scen,620
620,ht_chantry.map,planner,1,97569,59851,228,197,78712,59851,72,0,1000,False,ht_chantry-random-18.scen,620
620,ht_chantry.map,planner,1,93756,59851,230,197,76061,59851,33610,0,1000,True,ht_chantry-random-18.scen,620
660,ht_chantry.map,planner,1,107895,63782,244,197,86228,63782,88,0,0,False,ht_chantry-random-18.scen,660
660,ht_chantry.map,planner,1,107895,63782,244,197,86228,63782,86,0,0,True,ht_chantry-random-18.scen,660
660,ht_chantry.map,planner,1,107895,63782,244,197,86228,63782,83,0,1,False,ht_chantry-random-18.scen,660
660,ht_chantry.map,planner,1,104994,63782,241,197,84579,63782,127,0,1,True,ht_chantry-random-18.scen,660
660,ht_chantry.map,planner,1,107895,63782,244,197,86228,63782,73,0,10,False,ht_chantry-random-18.scen,660
660,ht_chantry.map,planner,1,103773,63782,227,197,83281,63782,460,0,10,True,ht_chantry-random-18.scen,660
660,ht_chantry.map,planner,1,107895,63782,244,197,86228,63782,83,0,100,False,ht_chantry-random-18.scen,660
660,ht_chantry.map,planner,1,104640,63782,233,197,84388,63782,4117,0,100,True,ht_chantry-random-18.scen,660
660,ht_chantry.map,planner,1,107895,63782,244,197,86228,63782,84,0,1000,False,ht_chantry-random-18.scen,660
660,ht_chantry.map,planner,1,105287,63782,239,197,84979,63782,41776,0,1000,True,ht_chantry-random-18.scen,660
700,ht_chantry.map,planner,1,117143,67389,259,197,92810,67389,89,0,0,False,ht_chantry-random-18.scen,700
700,ht_chantry.map,planner,1,117143,67389,259,197,92810,67389,96,0,0,True,ht_chantry-random-18.scen,700
700,ht_chantry.map,planner,1,117143,67389,259,197,92810,67389,86,0,1,False,ht_chantry-random-18.scen,700
700,ht_chantry.map,planner,1,116031,67389,259,197,92894,67389,141,0,1,True,ht_chantry-random-18.scen,700
700,ht_chantry.map,planner,1,117143,67389,259,197,92810,67389,94,0,10,False,ht_chantry-random-18.scen,700
700,ht_chantry.map,planner,1,113877,67389,243,197,90656,67389,513,0,10,True,ht_chantry-random-18.scen,700
700,ht_chantry.map,planner,1,117143,67389,259,197,92810,67389,86,0,100,False,ht_chantry-random-18.scen,700
700,ht_chantry.map,planner,1,114188,67389,263,197,91466,67389,4200,0,100,True,ht_chantry-random-18.scen,700
700,ht_chantry.map,planner,1,117143,67389,259,197,92810,67389,86,0,1000,False,ht_chantry-random-18.scen,700
700,ht_chantry.map,planner,1,114861,67389,242,197,91142,67389,45029,0,1000,True,ht_chantry-random-18.scen,700
740,ht_chantry.map,planner,1,125294,71262,252,198,99195,71262,92,0,0,False,ht_chantry-random-18.scen,740
740,ht_chantry.map,planner,1,125294,71262,252,198,99195,71262,103,0,0,True,ht_chantry-random-18.scen,740
740,ht_chantry.map,planner,1,125294,71262,252,198,99195,71262,96,0,1,False,ht_chantry-random-18.scen,740
740,ht_chantry.map,planner,1,122605,71262,245,198,98033,71262,151,0,1,True,ht_chantry-random-18.scen,740
740,ht_chantry.map,planner,1,125294,71262,252,198,99195,71262,96,0,10,False,ht_chantry-random-18.scen,740
740,ht_chantry.map,planner,1,123574,71262,255,198,98164,71262,563,0,10,True,ht_chantry-random-18.scen,740
740,ht_chantry.map,planner,1,125294,71262,252,198,99195,71262,91,0,100,False,ht_chantry-random-18.scen,740
740,ht_chantry.map,planner,1,123538,71262,262,198,98811,71262,4513,0,100,True,ht_chantry-random-18.scen,740
740,ht_chantry.map,planner,1,125294,71262,252,198,99195,71262,93,0,1000,False,ht_chantry-random-18.scen,740
740,ht_chantry.map,planner,1,122376,71262,244,198,98033,71262,44642,0,1000,True,ht_chantry-random-18.scen,740
780,ht_chantry.map,planner,1,135551,75114,262,198,106955,75114,98,0,0,False,ht_chantry-random-18.scen,780
780,ht_chantry.map,planner,1,135551,75114,262,198,106955,75114,117,0,0,True,ht_chantry-random-18.scen,780
780,ht_chantry.map,planner,1,135551,75114,262,198,106955,75114,110,0,1,False,ht_chantry-random-18.scen,780
780,ht_chantry.map,planner,1,131756,75114,263,198,106260,75114,163,0,1,True,ht_chantry-random-18.scen,780
780,ht_chantry.map,planner,1,135551,75114,262,198,106955,75114,102,0,10,False,ht_chantry-random-18.scen,780
780,ht_chantry.map,planner,1,134045,75114,262,198,106522,75114,574,0,10,True,ht_chantry-random-18.scen,780
780,ht_chantry.map,planner,1,135551,75114,262,198,106955,75114,101,0,100,False,ht_chantry-random-18.scen,780
780,ht_chantry.map,planner,1,132547,75114,253,198,104815,75114,4747,0,100,True,ht_chantry-random-18.scen,780
780,ht_chantry.map,planner,1,135551,75114,262,198,106955,75114,112,0,1000,False,ht_chantry-random-18.scen,780
780,ht_chantry.map,planner,1,129039,75114,268,198,103419,75114,45150,0,1000,True,ht_chantry-random-18.scen,780
20,ht_chantry.map,planner,1,1886,1824,165,151,1864,1824,2,0,0,False,ht_chantry-random-11.scen,20
20,ht_chantry.map,planner,1,1886,1824,165,151,1864,1824,2,0,0,True,ht_chantry-random-11.scen,20
20,ht_chantry.map,planner,1,1886,1824,165,151,1864,1824,2,0,1,False,ht_chantry-random-11.scen,20
20,ht_chantry.map,planner,1,1886,1824,165,151,1864,1824,2,0,1,True,ht_chantry-random-11.scen,20
20,ht_chantry.map,planner,1,1886,1824,165,151,1864,1824,2,0,10,False,ht_chantry-random-11.scen,20
20,ht_chantry.map,planner,1,1886,1824,165,151,1864,1824,2,0,10,True,ht_chantry-random-11.scen,20
20,ht_chantry.map,planner,1,1886,1824,165,151,1864,1824,2,0,100,False,ht_chantry-random-11.scen,20
20,ht_chantry.map,planner,1,1886,1824,165,151,1864,1824,2,0,100,True,ht_chantry-random-11.scen,20
20,ht_chantry.map,planner,1,1886,1824,165,151,1864,1824,2,0,1000,False,ht_chantry-random-11.scen,20
20,ht_chantry.map,planner,1,1886,1824,165,151,1864,1824,2,0,1000,True,ht_chantry-random-11.scen,20
60,ht_chantry.map,planner,1,5887,5101,164,164,5382,5101,5,0,0,False,ht_chantry-random-11.scen,60
60,ht_chantry.map,planner,1,5887,5101,164,164,5382,5101,5,0,0,True,ht_chantry-random-11.scen,60
60,ht_chantry.map,planner,1,5887,5101,164,164,5382,5101,5,0,1,False,ht_chantry-random-11.scen,60
60,ht_chantry.map,planner,1,6056,5101,164,164,5372,5101,6,0,1,True,ht_chantry-random-11.scen,60
60,ht_chantry.map,planner,1,5887,5101,164,164,5382,5101,5,0,10,False,ht_chantry-random-11.scen,60
60,ht_chantry.map,planner,1,6056,5101,164,164,5372,5101,5,0,10,True,ht_chantry-random-11.scen,60
60,ht_chantry.map,planner,1,5887,5101,164,164,5382,5101,5,0,100,False,ht_chantry-random-11.scen,60
60,ht_chantry.map,planner,1,6056,5101,164,164,5372,5101,5,0,100,True,ht_chantry-random-11.scen,60
60,ht_chantry.map,planner,1,5887,5101,164,164,5382,5101,5,0,1000,False,ht_chantry-random-11.scen,60
60,ht_chantry.map,planner,1,6056,5101,164,164,5372,5101,5,0,1000,True,ht_chantry-random-11.scen,60
100,ht_chantry.map,planner,1,10174,8314,177,177,8916,8314,8,0,0,False,ht_chantry-random-11.scen,100
100,ht_chantry.map,planner,1,10174,8314,177,177,8916,8314,9,0,0,True,ht_chantry-random-11.scen,100
100,ht_chantry.map,planner,1,10174,8314,177,177,8916,8314,9,0,1,False,ht_chantry-random-11.scen,100
100,ht_chantry.map,planner,1,9880,8314,177,177,8848,8314,9,0,1,True,ht_chantry-random-11.scen,100
100,ht_chantry.map,planner,1,10174,8314,177,177,8916,8314,8,0,10,False,ht_chantry-random-11.scen,100
100,ht_chantry.map,planner,1,9880,8314,177,177,8848,8314,8,0,10,True,ht_chantry-random-11.scen,100
100,ht_chantry.map,planner,1,10174,8314,177,177,8916,8314,9,0,100,False,ht_chantry-random-11.scen,100
100,ht_chantry.map,planner,1,9880,8314,177,177,8848,8314,10,0,100,True,ht_chantry-random-11.scen,100
100,ht_chantry.map,planner,1,10174,8314,177,177,8916,8314,9,0,1000,False,ht_chantry-random-11.scen,100
100,ht_chantry.map,planner,1,9880,8314,177,177,8848,8314,9,0,1000,True,ht_chantry-random-11.scen,100
140,ht_chantry.map,planner,1,14618,11807,181,181,12945,11807,13,0,0,False,ht_chantry-random-11.scen,140
140,ht_chantry.map,planner,1,14618,11807,181,181,12945,11807,13,0,0,True,ht_chantry-random-11.scen,140
140,ht_chantry.map,planner,1,14618,11807,181,181,12945,11807,13,0,1,False,ht_chantry-random-11.scen,140
140,ht_chantry.map,planner,1,14101,11807,181,181,12657,11807,13,0,1,True,ht_chantry-random-11.scen,140
140,ht_chantry.map,planner,1,14618,11807,181,181,12945,11807,14,0,10,False,ht_chantry-random-11.scen,140
140,ht_chantry.map,planner,1,14101,11807,181,181,12657,11807,13,0,10,True,ht_chantry-random-11.scen,140
140,ht_chantry.map,planner,1,14618,11807,181,181,12945,11807,12,0,100,False,ht_chantry-random-11.scen,140
140,ht_chantry.map,planner,1,14101,11807,181,181,12657,11807,13,0,100,True,ht_chantry-random-11.scen,140
140,ht_chantry.map,planner,1,14618,11807,181,181,12945,11807,13,0,1000,False,ht_chantry-random-11.scen,140
140,ht_chantry.map,planner,1,14101,11807,181,181,12657,11807,12,0,1000,True,ht_chantry-random-11.scen,140
180,ht_chantry.map,planner,1,19870,15395,181,181,16989,15395,18,0,0,False,ht_chantry-random-11.scen,180
180,ht_chantry.map,planner,1,19870,15395,181,181,16989,15395,17,0,0,True,ht_chantry-random-11.scen,180
180,ht_chantry.map,planner,1,19870,15395,181,181,16989,15395,17,0,1,False,ht_chantry-random-11.scen,180
180,ht_chantry.map,planner,1,19420,15395,185,181,16856,15395,21,0,1,True,ht_chantry-random-11.scen,180
180,ht_chantry.map,planner,1,19870,15395,181,181,16989,15395,17,0,10,False,ht_chantry-random-11.scen,180
180,ht_chantry.map,planner,1,19553,15395,185,181,16801,15395,20,0,10,True,ht_chantry-random-11.scen,180
180,ht_chantry.map,planner,1,19870,15395,181,181,16989,15395,17,0,100,False,ht_chantry-random-11.scen,180
180,ht_chantry.map,planner,1,19553,15395,185,181,16801,15395,20,0,100,True,ht_chantry-random-11.scen,180
180,ht_chantry.map,planner,1,19870,15395,181,181,16989,15395,17,0,1000,False,ht_chantry-random-11.scen,180
180,ht_chantry.map,planner,1,19553,15395,185,181,16801,15395,22,0,1000,True,ht_chantry-random-11.scen,180
220,ht_chantry.map,planner,1,24714,19155,184,181,21142,19155,19,0,0,False,ht_chantry-random-11.scen,220
220,ht_chantry.map,planner,1,24714,19155,184,181,21142,19155,22,0,0,True,ht_chantry-random-11.scen,220
220,ht_chantry.map,planner,1,24714,19155,184,181,21142,19155,20,0,1,False,ht_chantry-random-11.scen,220
220,ht_chantry.map,planner,1,24943,19155,187,181,21158,19155,27,0,1,True,ht_chantry-random-11.scen,220
220,ht_chantry.map,planner,1,24714,19155,184,181,21142,19155,23,0,10,False,ht_chantry-random-11.scen,220
220,ht_chantry.map,planner,1,24944,19155,182,181,21032,19155,30,0,10,True,ht_chantry-random-11.scen,220
220,ht_chantry.map,planner,1,24714,19155,184,181,21142,19155,20,0,100,False,ht_chantry-random-11.scen,220
220,ht_chantry.map,planner,1,24645,19155,181,181,20969,19155,52,0,100,True,ht_chantry-random-11.scen,220
220,ht_chantry.map,planner,1,24714,19155,184,181,21142,19155,20,0,1000,False,ht_chantry-random-11.scen,220
220,ht_chantry.map,planner,1,24645,19155,181,181,20969,19155,53,0,1000,True,ht_chantry-random-11.scen,220
260,ht_chantry.map,planner,1,31514,23014,182,181,26068,23014,25,0,0,False,ht_chantry-random-11.scen,260
260,ht_chantry.map,planner,1,31514,23014,182,181,26068,23014,26,0,0,True,ht_chantry-random-11.scen,260
260,ht_chantry.map,planner,1,31514,23014,182,181,26068,23014,25,0,1,False,ht_chantry-random-11.scen,260
260,ht_chantry.map,planner,1,30649,23014,184,181,25496,23014,35,0,1,True,ht_chantry-random-11.scen,260
260,ht_chantry.map,planner,1,31514,23014,182,181,26068,23014,27,0,10,False,ht_chantry-random-11.scen,260
260,ht_chantry.map,planner,1,30593,23014,181,181,25520,23014,58,0,10,True,ht_chantry-random-11.scen,260
260,ht_chantry.map,planner,1,31514,23014,182,181,26068,23014,26,0,100,False,ht_chantry-random-11.scen,260
260,ht_chantry.map,planner,1,30297,23014,182,181,25484,23014,105,0,100,True,ht_chantry-random-11.scen,260
260,ht_chantry.map,planner,1,31514,23014,182,181,26068,23014,26,0,1000,False,ht_chantry-random-11.scen,260
260,ht_chantry.map,planner,1,30041,23014,184,181,25370,23014,208,0,1000,True,ht_chantry-random-11.scen,260
300,ht_chantry.map,planner,1,37221,26907,188,181,30971,26907,30,0,0,False,ht_chantry-random-11.scen,300
300,ht_chantry.map,planner,1,37221,26907,188,181,30971,26907,30,0,0,True,ht_chantry-random-11.scen,300
300,ht_chantry.map,planner,1,37221,26907,188,181,30971,26907,31,0,1,False,ht_chantry-random-11.scen,300
300,ht_chantry.map,planner,1,36764,26907,186,181,30397,26907,43,0,1,True,ht_chantry-random-11.scen,300
300,ht_chantry.map,planner,1,37221,26907,188,181,30971,26907,31,0,10,False,ht_chantry-random-11.scen,300
300,ht_chantry.map,planner,1,36663,26907,187,181,30246,26907,133,0,10,True,ht_chantry-random-11.scen,300
300,ht_chantry.map,planner,1,37221,26907,188,181,30971,26907,31,0,100,False,ht_chantry-random-11.scen,300
300,ht_chantry.map,planner,1,36678,26907,183,181,30009,26907,635,0,100,True,ht_chantry-random-11.scen,300
300,ht_chantry.map,planner,1,37221,26907,188,181,30971,26907,29,0,1000,False,ht_chantry-random-11.scen,300
300,ht_chantry.map,planner,1,35715,26907,185,181,29917,26907,5843,0,1000,True,ht_chantry-random-11.scen,300
340,ht_chantry.map,planner,1,44060,31058,207,181,36344,31058,34,0,0,False,ht_chantry-random-11.scen,340
340,ht_chantry.map,planner,1,44060,31058,207,181,36344,31058,38,0,0,True,ht_chantry-random-11.scen,340
340,ht_chantry.map,planner,1,44060,31058,207,181,36344,31058,39,0,1,False,ht_chantry-random-11.scen,340
340,ht_chantry.map,planner,1,43053,31058,200,181,35688,31058,53,0,1,True,ht_chantry-random-11.scen,340
340,ht_chantry.map,planner,1,44060,31058,207,181,36344,31058,34,0,10,False,ht_chantry-random-11.scen,340
340,ht_chantry.map,planner,1,43519,31058,199,181,35804,31058,171,0,10,True,ht_chantry-random-11.scen,340
340,ht_chantry.map,planner,1,44060,31058,207,181,36344,31058,37,0,100,False,ht_chantry-random-11.scen,340
340,ht_chantry.map,planner,1,43589,31058,198,181,35831,31058,1248,0,100,True,ht_chantry-random-11.scen,340
340,ht_chantry.map,planner,1,44060,31058,207,181,36344,31058,41,0,1000,False,ht_chantry-random-11.scen,340
340,ht_chantry.map,planner,1,43609,31058,197,181,35778,31058,9969,0,1000,True,ht_chantry-random-11.scen,340
380,ht_chantry.map,planner,1,51528,35049,216,203,42200,35049,41,0,0,False,ht_chantry-random-11.scen,380
380,ht_chantry.map,planner,1,51528,35049,216,203,42200,35049,43,0,0,True,ht_chantry-random-11.scen,380
380,ht_chantry.map,planner,1,51528,35049,216,203,42200,35049,45,0,1,False,ht_chantry-random-11.scen,380
380,ht_chantry.map,planner,1,49493,35049,205,203,41071,35049,60,0,1,True,ht_chantry-random-11.scen,380
380,ht_chantry.map,planner,1,51528,35049,216,203,42200,35049,44,0,10,False,ht_chantry-random-11.scen,380
380,ht_chantry.map,planner,1,49662,35049,213,203,40701,35049,205,0,10,True,ht_chantry-random-11.scen,380
380,ht_chantry.map,planner,1,51528,35049,216,203,42200,35049,35,0,100,False,ht_chantry-random-11.scen,380
380,ht_chantry.map,planner,1,49214,35049,205,203,40546,35049,1324,0,100,True,ht_chantry-random-11.scen,380
380,ht_chantry.map,planner,1,51528,35049,216,203,42200,35049,41,0,1000,False,ht_chantry-random-11.scen,380
380,ht_chantry.map,planner,1,49287,35049,209,203,40534,35049,12264,0,1000,True,ht_chantry-random-11.scen,380
420,ht_chantry.map,planner,1,57460,38687,203,203,46618,38687,46,0,0,False,ht_chantry-random-11.scen,420
420,ht_chantry.map,planner,1,57460,38687,203,203,46618,38687,52,0,0,True,ht_chantry-random-11.scen,420
420,ht_chantry.map,planner,1,57460,38687,203,203,46618,38687,50,0,1,False,ht_chantry-random-11.scen,420
420,ht_chantry.map,planner,1,56583,38687,209,203,46284,38687,71,0,1,True,ht_chantry-random-11.scen,420
420,ht_chantry.map,planner,1,57460,38687,203,203,46618,38687,46,0,10,False,ht_chantry-random-11.scen,420
420,ht_chantry.map,planner,1,56395,38687,209,203,46265,38687,247,0,10,True,ht_chantry-random-11.scen,420
420,ht_chantry.map,planner,1,57460,38687,203,203,46618,38687,47,0,100,False,ht_chantry-random-11.scen,420
420,ht_chantry.map,planner,1,56208,38687,211,203,46023,38687,1946,0,100,True,ht_chantry-random-11.scen,420
420,ht_chantry.map,planner,1,57460,38687,203,203,46618,38687,45,0,1000,False,ht_chantry-random-11.scen,420
420,ht_chantry.map,planner,1,55667,38687,205,203,45694,38687,15689,0,1000,True,ht_chantry-random-11.scen,420
460,ht_chantry.map,planner,1,64085,42565,219,203,52063,42565,56,0,0,False,ht_chantry-random-11.scen,460
460,ht_chantry.map,planner,1,64085,42565,219,203,52063,42565,54,0,0,True,ht_chantry-random-11.scen,460
460,ht_chantry.map,planner,1,64085,42565,219,203,52063,42565,51,0,1,False,ht_chantry-random-11.scen,460
460,ht_chantry.map,planner,1,63799,42565,214,203,51803,42565,78,0,1,True,ht_chantry-random-11.scen,460
460,ht_chantry.map,planner,1,64085,42565,219,203,52063,42565,51,0,10,False,ht_chantry-random-11.scen,460
460,ht_chantry.map,planner,1,63189,42565,206,203,51411,42565,295,0,10,True,ht_chantry-random-11.scen,460
460,ht_chantry.map,planner,1,64085,42565,219,203,52063,42565,52,0,100,False,ht_chantry-random-11.scen,460
460,ht_chantry.map,planner,1,63503,42565,211,203,51308,42565,2251,0,100,True,ht_chantry-random-11.scen,460
460,ht_chantry.map,planner,1,64085,42565,219,203,52063,42565,51,0,1000,False,ht_chantry-random-11.scen,460
460,ht_chantry.map,planner,1,62324,42565,212,203,51070,42565,20700,0,1000,True,ht_chantry-random-11.scen,460
500,ht_chantry.map,planner,1,70873,46354,204,203,57310,46354,55,0,0,False,ht_chantry-random-11.scen,500
500,ht_chantry.map,planner,1,70873,46354,204,203,57310,46354,58,0,0,True,ht_chantry-random-11.scen,500
500,ht_chantry.map,planner,1,70873,46354,204,203,57310,46354,52,0,1,False,ht_chantry-random-11.scen,500
500,ht_chantry.map,planner,1,71506,46354,226,203,57691,46354,88,0,1,True,ht_chantry-random-11.scen,500
500,ht_chantry.map,planner,1,70873,46354,204,203,57310,46354,57,0,10,False,ht_chantry-random-11.scen,500
500,ht_chantry.map,planner,1,69967,46354,220,203,56844,46354,294,0,10,True,ht_chantry-random-11.scen,500
500,ht_chantry.map,planner,1,70873,46354,204,203,57310,46354,55,0,100,False,ht_chantry-random-11.scen,500
500,ht_chantry.map,planner,1,70260,46354,217,203,57188,46354,2625,0,100,True,ht_chantry-random-11.scen,500
500,ht_chantry.map,planner,1,70873,46354,204,203,57310,46354,60,0,1000,False,ht_chantry-random-11.scen,500
500,ht_chantry.map,planner,1,71265,46354,224,203,57106,46354,23238,0,1000,True,ht_chantry-random-11.scen,500
540,ht_chantry.map,planner,1,80043,50251,216,203,64043,50251,60,0,0,False,ht_chantry-random-11.scen,540
540,ht_chantry.map,planner,1,80043,50251,216,203,64043,50251,62,0,0,True,ht_chantry-random-11.scen,540
540,ht_chantry.map,planner,1,80043,50251,216,203,64043,50251,62,0,1,False,ht_chantry-random-11.scen,540
540,ht_chantry.map,planner,1,78608,50251,225,203,63683,50251,94,0,1,True,ht_chantry-random-11.scen,540
540,ht_chantry.map,planner,1,80043,50251,216,203,64043,50251,65,0,10,False,ht_chantry-random-11.scen,540
540,ht_chantry.map,planner,1,77159,50251,226,203,62331,50251,315,0,10,True,ht_chantry-random-11.scen,540
540,ht_chantry.map,planner,1,80043,50251,216,203,64043,50251,68,0,100,False,ht_chantry-random-11.scen,540
540,ht_chantry.map,planner,1,78863,50251,234,203,62820,50251,2934,0,100,True,ht_chantry-random-11.scen,540
540,ht_chantry.map,planner,1,80043,50251,216,203,64043,50251,63,0,1000,False,ht_chantry-random-11.scen,540
540,ht_chantry.map,planner,1,77963,50251,222,203,62535,50251,25948,0,1000,True,ht_chantry-random-11.scen,540
580,ht_chantry.map,planner,1,89909,54661,227,203,71569,54661,68,0,0,False,ht_chantry-random-11.scen,580
580,ht_chantry.map,planner,1,89909,54661,227,203,71569,54661,69,0,0,True,ht_chantry-random-11.scen,580
580,ht_chantry.map,planner,1,89909,54661,227,203,71569,54661,68,0,1,False,ht_chantry-random-11.scen,580
580,ht_chantry.map,planner,1,85674,54661,212,203,69408,54661,100,0,1,True,ht_chantry-random-11.scen,580
580,ht_chantry.map,planner,1,89909,54661,227,203,71569,54661,67,0,10,False,ht_chantry-random-11.scen,580
580,ht_chantry.map,planner,1,84560,54661,226,203,68652,54661,357,0,10,True,ht_chantry-random-11.scen,580
580,ht_chantry.map,planner,1,89909,54661,227,203,71569,54661,67,0,100,False,ht_chantry-random-11.scen,580
580,ht_chantry.map,planner,1,86370,54661,250,203,69588,54661,3387,0,100,True,ht_chantry-random-11.scen,580
580,ht_chantry.map,planner,1,89909,54661,227,203,71569,54661,70,0,1000,False,ht_chantry-random-11.scen,580
580,ht_chantry.map,planner,1,83900,54661,244,203,68297,54661,26958,0,1000,True,ht_chantry-random-11.scen,580
620,ht_chantry.map,planner,1,95606,58450,235,203,76329,58450,76,0,0,False,ht_chantry-random-11.scen,620
620,ht_chantry.map,planner,1,95606,58450,235,203,76329,58450,77,0,0,True,ht_chantry-random-11.scen,620
620,ht_chantry.map,planner,1,95606,58450,235,203,76329,58450,71,0,1,False,ht_chantry-random-11.scen,620
620,ht_chantry.map,planner,1,96491,58450,233,203,76934,58450,109,0,1,True,ht_chantry-random-11.scen,620
620,ht_chantry.map,planner,1,95606,58450,235,203,76329,58450,73,0,10,False,ht_chantry-random-11.scen,620
620,ht_chantry.map,planner,1,93262,58450,237,203,74943,58450,382,0,10,True,ht_chantry-random-11.scen,620
620,ht_chantry.map,planner,1,95606,58450,235,203,76329,58450,69,0,100,False,ht_chantry-random-11.scen,620
620,ht_chantry.map,planner,1,93361,58450,216,203,75154,58450,3188,0,100,True,ht_chantry-random-11.scen,620
620,ht_chantry.map,planner,1,95606,58450,235,203,76329,58450,73,0,1000,False,ht_chantry-random-11.scen,620
620,ht_chantry.map,planner,1,93324,58450,242,203,75311,58450,31134,0,1000,True,ht_chantry-random-11.scen,620
660,ht_chantry.map,planner,1,104339,62066,226,203,83191,62066,80,0,0,False,ht_chantry-random-11.scen,660
660,ht_chantry.map,planner,1,104339,62066,226,203,83191,62066,82,0,0,True,ht_chantry-random-11.scen,660
660,ht_chantry.map,planner,1,104339,62066,226,203,83191,62066,77,0,1,False,ht_chantry-random-11.scen,660
660,ht_chantry.map,planner,1,102681,62066,227,203,81975,62066,128,0,1,True,ht_chantry-random-11.scen,660
660,ht_chantry.map,planner,1,104339,62066,226,203,83191,62066,78,0,10,False,ht_chantry-random-11.scen,660
660,ht_chantry.map,planner,1,102771,62066,231,203,82036,62066,456,0,10,True,ht_chantry-random-11.scen,660
660,ht_chantry.map,planner,1,104339,62066,226,203,83191,62066,75,0,100,False,ht_chantry-random-11.scen,660
660,ht_chantry.map,planner,1,105500,62066,239,203,83149,62066,3840,0,100,True,ht_chantry-random-11.scen,660
660,ht_chantry.map,planner,1,104339,62066,226,203,83191,62066,80,0,1000,False,ht_chantry-random-11.scen,660
660,ht_chantry.map,planner,1,101546,62066,234,203,80759,62066,34483,0,1000,True,ht_chantry-random-11.scen,660
700,ht_chantry.map,planner,1,112924,66024,245,203,89669,66024,88,0,0,False,ht_chantry-random-11.scen,700
700,ht_chantry.map,planner,1,112924,66024,245,203,89669,66024,93,0,0,True,ht_chantry-random-11.scen,700
700,ht_chantry.map,planner,1,112924,66024,245,203,89669,66024,94,0,1,False,ht_chantry-random-11.scen,700
700,ht_chantry.map,planner,1,111617,66024,241,203,88972,66024,124,0,1,True,ht_chantry-random-11.scen,700
700,ht_chantry.map,planner,1,112924,66024,245,203,89669,66024,82,0,10,False,ht_chantry-random-11.scen,700
700,ht_chantry.map,planner,1,111612,66024,237,203,88854,66024,469,0,10,True,ht_chantry-random-11.scen,700
700,ht_chantry.map,planner,1,112924,66024,245,203,89669,66024,87,0,100,False,ht_chantry-random-11.scen,700
700,ht_chantry.map,planner,1,113421,66024,308,203,89020,66024,3755,0,100,True,ht_chantry-random-11.scen,700
700,ht_chantry.map,planner,1,112924,66024,245,203,89669,66024,88,0,1000,False,ht_chantry-random-11.scen,700
700,ht_chantry.map,planner,1,108813,66024,226,203,87038,66024,33058,0,1000,True,ht_chantry-random-11.scen,700
740,ht_chantry.map,planner,1,124210,70152,255,203,98438,70152,88,0,0,False,ht_chantry-random-11.scen,740
740,ht_chantry.map,planner,1,124210,70152,255,203,98438,70152,103,0,0,True,ht_chantry-random-11.scen,740
740,ht_chantry.map,planner,1,124210,70152,255,203,98438,70152,96,0,1,False,ht_chantry-random-11.scen,740
740,ht_chantry.map,planner,1,121056,70152,254,203,97354,70152,141,0,1,True,ht_chantry-random-11.scen,740
740,ht_chantry.map,planner,1,124210,70152,255,203,98438,70152,92,0,10,False,ht_chantry-random-11.scen,740
740,ht_chantry.map,planner,1,123104,70152,252,203,97540,70152,514,0,10,True,ht_chantry-random-11.scen,740
740,ht_chantry.map,planner,1,124210,70152,255,203,98438,70152,91,0,100,False,ht_chantry-random-11.scen,740
740,ht_chantry.map,planner,1,121620,70152,256,203,96693,70152,4029,0,100,True,ht_chantry-random-11.scen,740
740,ht_chantry.map,planner,1,124210,70152,255,203,98438,70152,95,0,1000,False,ht_chantry-random-11.scen,740
740,ht_chantry.map,planner,1,121341,70152,239,203,96436,70152,40189,0,1000,True,ht_chantry-random-11.scen,740
780,ht_chantry.map,planner,1,132996,74016,247,203,104184,74016,98,0,0,False,ht_chantry-random-11.scen,780
780,ht_chantry.map,planner,1,132996,74016,247,203,104184,74016,111,0,0,True,ht_chantry-random-11.scen,780
780,ht_chantry.map,planner,1,132996,74016,247,203,104184,74016,97,0,1,False,ht_chantry-random-11.scen,780
780,ht_chantry.map,planner,1,130706,74016,246,203,103768,74016,144,0,1,True,ht_chantry-random-11.scen,780
780,ht_chantry.map,planner,1,132996,74016,247,203,104184,74016,100,0,10,False,ht_chantry-random-11.scen,780
780,ht_chantry.map,planner,1,131493,74016,247,203,103735,74016,569,0,10,True,ht_chantry-random-11.scen,780
780,ht_chantry.map,planner,1,132996,74016,247,203,104184,74016,98,0,100,False,ht_chantry-random-11.scen,780
780,ht_chantry.map,planner,1,133532,74016,259,203,105275,74016,4555,0,100,True,ht_chantry-random-11.scen,780
780,ht_chantry.map,planner,1,132996,74016,247,203,104184,74016,98,0,1000,False,ht_chantry-random-11.scen,780
780,ht_chantry.map,planner,1,132843,74016,287,203,103739,74016,45019,0,1000,True,ht_chantry-random-11.scen,780
20,ht_chantry.map,planner,1,2042,1984,159,159,2012,1984,2,0,0,False,ht_chantry-random-23.scen,20
20,ht_chantry.map,planner,1,2042,1984,159,159,2012,1984,2,0,0,True,ht_chantry-random-23.scen,20
20,ht_chantry.map,planner,1,2042,1984,159,159,2012,1984,2,0,1,False,ht_chantry-random-23.scen,20
20,ht_chantry.map,planner,1,2042,1984,159,159,2012,1984,2,0,1,True,ht_chantry-random-23.scen,20
20,ht_chantry.map,planner,1,2042,1984,159,159,2012,1984,2,0,10,False,ht_chantry-random-23.scen,20
20,ht_chantry.map,planner,1,2042,1984,159,159,2012,1984,2,0,10,True,ht_chantry-random-23.scen,20
20,ht_chantry.map,planner,1,2042,1984,159,159,2012,1984,2,0,100,False,ht_chantry-random-23.scen,20
20,ht_chantry.map,planner,1,2042,1984,159,159,2012,1984,2,0,100,True,ht_chantry-random-23.scen,20
20,ht_chantry.map,planner,1,2042,1984,159,159,2012,1984,2,0,1000,False,ht_chantry-random-23.scen,20
20,ht_chantry.map,planner,1,2042,1984,159,159,2012,1984,2,0,1000,True,ht_chantry-random-23.scen,20
60,ht_chantry.map,planner,1,6567,6040,180,180,6282,6040,6,0,0,False,ht_chantry-random-23.scen,60
60,ht_chantry.map,planner,1,6567,6040,180,180,6282,6040,6,0,0,True,ht_chantry-random-23.scen,60
60,ht_chantry.map,planner,1,6567,6040,180,180,6282,6040,6,0,1,False,ht_chantry-random-23.scen,60
60,ht_chantry.map,planner,1,6552,6040,180,180,6281,6040,6,0,1,True,ht_chantry-random-23.scen,60
60,ht_chantry.map,planner,1,6567,6040,180,180,6282,6040,6,0,10,False,ht_chantry-random-23.scen,60
60,ht_chantry.map,planner,1,6552,6040,180,180,6281,6040,7,0,10,True,ht_chantry-random-23.scen,60
60,ht_chantry.map,planner,1,6567,6040,180,180,6282,6040,6,0,100,False,ht_chantry-random-23.scen,60
60,ht_chantry.map,planner,1,6552,6040,180,180,6281,6040,7,0,100,True,ht_chantry-random-23.scen,60
60,ht_chantry.map,planner,1,6567,6040,180,180,6282,6040,6,0,1000,False,ht_chantry-random-23.scen,60
60,ht_chantry.map,planner,1,6552,6040,180,180,6281,6040,6,0,1000,True,ht_chantry-random-23.scen,60
100,ht_chantry.map,planner,1,11065,9870,180,180,10405,9870,11,0,0,False,ht_chantry-random-23.scen,100
100,ht_chantry.map,planner,1,11065,9870,180,180,10405,9870,9,0,0,True,ht_chantry-random-23.scen,100
100,ht_chantry.map,planner,1,11065,9870,180,180,10405,9870,11,0,1,False,ht_chantry-random-23.scen,100
100,ht_chantry.map,planner,1,11208,9870,180,180,10386,9870,11,0,1,True,ht_chantry-random-23.scen,100
100,ht_chantry.map,planner,1,11065,9870,180,180,10405,9870,11,0,10,False,ht_chantry-random-23.scen,100
100,ht_chantry.map,planner,1,11208,9870,180,180,10386,9870,10,0,10,True,ht_chantry-random-23.scen,100
100,ht_chantry.map,planner,1,11065,9870,180,180,10405,9870,9,0,100,False,ht_chantry-random-23.scen,100
100,ht_chantry.map,planner,1,11208,9870,180,180,10386,9870,11,0,100,True,ht_chantry-random-23.scen,100
100,ht_chantry.map,planner,1,11065,9870,180,180,10405,9870,9,0,1000,False,ht_chantry-random-23.scen,100
100,ht_chantry.map,planner,1,11208,9870,180,180,10386,9870,11,0,1000,True,ht_chantry-random-23.scen,100
140,ht_chantry.map,planner,1,15585,13427,190,190,14385,13427,13,0,0,False,ht_chantry-random-23.scen,140
140,ht_chantry.map,planner,1,15585,13427,190,190,14385,13427,13,0,0,True,ht_chantry-random-23.scen,140
140,ht_chantry.map,planner,1,15585,13427,190,190,14385,13427,14,0,1,False,ht_chantry-random-23.scen,140
140,ht_chantry.map,planner,1,15854,13427,190,190,14258,13427,14,0,1,True,ht_chantry-random-23.scen,140
140,ht_chantry.map,planner,1,15585,13427,190,190,14385,13427,14,0,10,False,ht_chantry-random-23.scen,140
140,ht_chantry.map,planner,1,15760,13427,190,190,14245,13427,15,0,10,True,ht_chantry-random-23.scen,140
140,ht_chantry.map,planner,1,15585,13427,190,190,14385,13427,14,0,100,False,ht_chantry-random-23.scen,140
140,ht_chantry.map,planner,1,15760,13427,190,190,14245,13427,15,0,100,True,ht_chantry-random-23.scen,140
140,ht_chantry.map,planner,1,15585,13427,190,190,14385,13427,13,0,1000,False,ht_chantry-random-23.scen,140
140,ht_chantry.map,planner,1,15760,13427,190,190,14245,13427,16,0,1000,True,ht_chantry-random-23.scen,140
180,ht_chantry.map,planner,1,20786,17210,190,190,18735,17210,19,0,0,False,ht_chantry-random-23.scen,180
180,ht_chantry.map,planner,1,20786,17210,190,190,18735,17210,17,0,0,True,ht_chantry-random-23.scen,180
180,ht_chantry.map,planner,1,20786,17210,190,190,18735,17210,16,0,1,False,ht_chantry-random-23.scen,180
180,ht_chantry.map,planner,1,20769,17210,190,190,18704,17210,22,0,1,True,ht_chantry-random-23.scen,180
180,ht_chantry.map,planner,1,20786,17210,190,190,18735,17210,20,0,10,False,ht_chantry-random-23.scen,180
180,ht_chantry.map,planner,1,20746,17210,190,190,18607,17210,26,0,10,True,ht_chantry-random-23.scen,180
180,ht_chantry.map,planner,1,20786,17210,190,190,18735,17210,17,0,100,False,ht_chantry-random-23.scen,180
180,ht_chantry.map,planner,1,20831,17210,190,190,18666,17210,89,0,100,True,ht_chantry-random-23.scen,180
180,ht_chantry.map,planner,1,20786,17210,190,190,18735,17210,20,0,1000,False,ht_chantry-random-23.scen,180
180,ht_chantry.map,planner,1,20531,17210,190,190,18644,17210,139,0,1000,True,ht_chantry-random-23.scen,180
220,ht_chantry.map,planner,1,25248,20318,190,190,22512,20318,22,0,0,False,ht_chantry-random-23.scen,220
220,ht_chantry.map,planner,1,25248,20318,190,190,22512,20318,21,0,0,True,ht_chantry-random-23.scen,220
220,ht_chantry.map,planner,1,25248,20318,190,190,22512,20318,23,0,1,False,ht_chantry-random-23.scen,220
220,ht_chantry.map,planner,1,24856,20318,190,190,22467,20318,32,0,1,True,ht_chantry-random-23.scen,220
220,ht_chantry.map,planner,1,25248,20318,190,190,22512,20318,23,0,10,False,ht_chantry-random-23.scen,220
220,ht_chantry.map,planner,1,24773,20318,190,190,22139,20318,64,0,10,True,ht_chantry-random-23.scen,220
220,ht_chantry.map,planner,1,25248,20318,190,190,22512,20318,20,0,100,False,ht_chantry-random-23.scen,220
220,ht_chantry.map,planner,1,25014,20318,190,190,22181,20318,347,0,100,True,ht_chantry-random-23.scen,220
220,ht_chantry.map,planner,1,25248,20318,190,190,22512,20318,21,0,1000,False,ht_chantry-random-23.scen,220
220,ht_chantry.map,planner,1,24908,20318,190,190,22238,20318,716,0,1000,True,ht_chantry-random-23.scen,220
260,ht_chantry.map,planner,1,30448,23688,190,190,26536,23688,25,0,0,False,ht_chantry-random-23.scen,260
260,ht_chantry.map,planner,1,30448,23688,190,190,26536,23688,26,0,0,True,ht_chantry-random-23.scen,260
260,ht_chantry.map,planner,1,30448,23688,190,190,26536,23688,27,0,1,False,ht_chantry-random-23.scen,260
260,ht_chantry.map,planner,1,30155,23688,190,190,26417,23688,36,0,1,True,ht_chantry-random-23.scen,260
260,ht_chantry.map,planner,1,30448,23688,190,190,26536,23688,27,0,10,False,ht_chantry-random-23.scen,260
260,ht_chantry.map,planner,1,30032,23688,190,190,26332,23688,106,0,10,True,ht_chantry-random-23.scen,260
260,ht_chantry.map,planner,1,30448,23688,190,190,26536,23688,22,0,100,False,ht_chantry-random-23.scen,260
260,ht_chantry.map,planner,1,29824,23688,190,190,26364,23688,558,0,100,True,ht_chantry-random-23.scen,260
260,ht_chantry.map,planner,1,30448,23688,190,190,26536,23688,26,0,1000,False,ht_chantry-random-23.scen,260
260,ht_chantry.map,planner,1,29753,23688,190,190,26175,23688,780,0,1000,True,ht_chantry-random-23.scen,260
300,ht_chantry.map,planner,1,35086,27104,190,190,31106,27104,28,0,0,False,ht_chantry-random-23.scen,300
300,ht_chantry.map,planner,1,35086,27104,190,190,31106,27104,30,0,0,True,ht_chantry-random-23.scen,300
300,ht_chantry.map,planner,1,35086,27104,190,190,31106,27104,32,0,1,False,ht_chantry-random-23.scen,300
300,ht_chantry.map,planner,1,34705,27104,190,190,30662,27104,46,0,1,True,ht_chantry-random-23.scen,300
300,ht_chantry.map,planner,1,35086,27104,190,190,31106,27104,29,0,10,False,ht_chantry-random-23.scen,300
300,ht_chantry.map,planner,1,35281,27104,194,190,30937,27104,171,0,10,True,ht_chantry-random-23.scen,300
300,ht_chantry.map,planner,1,35086,27104,190,190,31106,27104,31,0,100,False,ht_chantry-random-23.scen,300
300,ht_chantry.map,planner,1,35167,27104,190,190,30698,27104,1438,0,100,True,ht_chantry-random-23.scen,300
300,ht_chantry.map,planner,1,35086,27104,190,190,31106,27104,34,0,1000,False,ht_chantry-random-23.scen,300
300,ht_chantry.map,planner,1,35344,27104,194,190,30594,27104,11977,0,1000,True,ht_chantry-random-23.scen,300
340,ht_chantry.map,planner,1,40938,30545,190,190,35750,30545,35,0,0,False,ht_chantry-random-23.scen,340
340,ht_chantry.map,planner,1,40938,30545,190,190,35750,30545,35,0,0,True,ht_chantry-random-23.scen,340
340,ht_chantry.map,planner,1,40938,30545,190,190,35750,30545,35,0,1,False,ht_chantry-random-23.scen,340
340,ht_chantry.map,planner,1,40436,30545,194,190,34970,30545,55,0,1,True,ht_chantry-random-23.scen,340
340,ht_chantry.map,planner,1,40938,30545,190,190,35750,30545,34,0,10,False,ht_chantry-random-23.scen,340
340,ht_chantry.map,planner,1,40560,30545,191,190,34790,30545,206,0,10,True,ht_chantry-random-23.scen,340
340,ht_chantry.map,planner,1,40938,30545,190,190,35750,30545,36,0,100,False,ht_chantry-random-23.scen,340
340,ht_chantry.map,planner,1,40709,30545,197,190,35124,30545,1628,0,100,True,ht_chantry-random-23.scen,340
340,ht_chantry.map,planner,1,40938,30545,190,190,35750,30545,34,0,1000,False,ht_chantry-random-23.scen,340
340,ht_chantry.map,planner,1,39700,30545,192,190,34575,30545,15026,0,1000,True,ht_chantry-random-23.scen,340
380,ht_chantry.map,planner,1,47296,34421,204,190,40999,34421,39,0,0,False,ht_chantry-random-23.scen,380
380,ht_chantry.map,planner,1,47296,34421,204,190,40999,34421,43,0,0,True,ht_chantry-random-23.scen,380
380,ht_chantry.map,planner,1,47296,34421,204,190,40999,34421,43,0,1,False,ht_chantry-random-23.scen,380
380,ht_chantry.map,planner,1,46925,34421,191,190,40491,34421,57,0,1,True,ht_chantry-random-23.scen,380
380,ht_chantry.map,planner,1,47296,34421,204,190,40999,34421,41,0,10,False,ht_chantry-random-23.scen,380
380,ht_chantry.map,planner,1,46703,34421,194,190,39800,34421,228,0,10,True,ht_chantry-random-23.scen,380
380,ht_chantry.map,planner,1,47296,34421,204,190,40999,34421,41,0,100,False,ht_chantry-random-23.scen,380
380,ht_chantry.map,planner,1,47382,34421,194,190,39826,34421,1823,0,100,True,ht_chantry-random-23.scen,380
380,ht_chantry.map,planner,1,47296,34421,204,190,40999,34421,40,0,1000,False,ht_chantry-random-23.scen,380
380,ht_chantry.map,planner,1,45854,34421,202,190,39361,34421,14074,0,1000,True,ht_chantry-random-23.scen,380
420,ht_chantry.map,planner,1,54341,38079,190,190,45799,38079,43,0,0,False,ht_chantry-random-23.scen,420
420,ht_chantry.map,planner,1,54341,38079,190,190,45799,38079,45,0,0,True,ht_chantry-random-23.scen,420
420,ht_chantry.map,planner,1,54341,38079,190,190,45799,38079,47,0,1,False,ht_chantry-random-23.scen,420
420,ht_chantry.map,planner,1,53474,38079,192,190,45323,38079,67,0,1,True,ht_chantry-random-23.scen,420
420,ht_chantry.map,planner,1,54341,38079,190,190,45799,38079,48,0,10,False,ht_chantry-random-23.scen,420
420,ht_chantry.map,planner,1,52340,38079,193,190,44516,38079,222,0,10,True,ht_chantry-random-23.scen,420
420,ht_chantry.map,planner,1,54341,38079,190,190,45799,38079,44,0,100,False,ht_chantry-random-23.scen,420
420,ht_chantry.map,planner,1,52796,38079,195,190,44713,38079,1922,0,100,True,ht_chantry-random-23.scen,420
420,ht_chantry.map,planner,1,54341,38079,190,190,45799,38079,46,0,1000,False,ht_chantry-random-23.scen,420
420,ht_chantry.map,planner,1,52821,38079,204,190,44609,38079,18917,0,1000,True,ht_chantry-random-23.scen,420
460,ht_chantry.map,planner,1,61948,41904,208,190,51376,41904,50,0,0,False,ht_chantry-random-23.scen,460
460,ht_chantry.map,planner,1,61948,41904,208,190,51376,41904,57,0,0,True,ht_chantry-random-23.scen,460
460,ht_chantry.map,planner,1,61948,41904,208,190,51376,41904,54,0,1,False,ht_chantry-random-23.scen,460
460,ht_chantry.map,planner,1,60656,41904,203,190,50697,41904,81,0,1,True,ht_chantry-random-23.scen,460
460,ht_chantry.map,planner,1,61948,41904,208,190,51376,41904,52,0,10,False,ht_chantry-random-23.scen,460
460,ht_chantry.map,planner,1,59960,41904,200,190,50610,41904,308,0,10,True,ht_chantry-random-23.scen,460
460,ht_chantry.map,planner,1,61948,41904,208,190,51376,41904,52,0,100,False,ht_chantry-random-23.scen,460
460,ht_chantry.map,planner,1,60602,41904,205,190,50235,41904,2710,0,100,True,ht_chantry-random-23.scen,460
460,ht_chantry.map,planner,1,61948,41904,208,190,51376,41904,53,0,1000,False,ht_chantry-random-23.scen,460
460,ht_chantry.map,planner,1,58877,41904,190,190,49616,41904,21030,0,1000,True,ht_chantry-random-23.scen,460
500,ht_chantry.map,planner,1,68687,45809,210,190,57135,45809,60,0,0,False,ht_chantry-random-23.scen,500
500,ht_chantry.map,planner,1,68687,45809,210,190,57135,45809,61,0,0,True,ht_chantry-random-23.scen,500
500,ht_chantry.map,planner,1,68687,45809,210,190,57135,45809,54,0,1,False,ht_chantry-random-23.scen,500
500,ht_chantry.map,planner,1,67406,45809,201,190,56239,45809,82,0,1,True,ht_chantry-random-23.scen,500
500,ht_chantry.map,planner,1,68687,45809,210,190,57135,45809,56,0,10,False,ht_chantry-random-23.scen,500
500,ht_chantry.map,planner,1,68258,45809,207,190,56460,45809,341,0,10,True,ht_chantry-random-23.scen,500
500,ht_chantry.map,planner,1,68687,45809,210,190,57135,45809,56,0,100,False,ht_chantry-random-23.scen,500
500,ht_chantry.map,planner,1,66761,45809,201,190,55169,45809,2419,0,100,True,ht_chantry-random-23.scen,500
500,ht_chantry.map,planner,1,68687,45809,210,190,57135,45809,60,0,1000,False,ht_chantry-random-23.scen,500
500,ht_chantry.map,planner,1,66031,45809,205,190,55208,45809,23813,0,1000,True,ht_chantry-random-23.scen,500
540,ht_chantry.map,planner,1,75162,49731,216,190,62695,49731,60,0,0,False,ht_chantry-random-23.scen,540
540,ht_chantry.map,planner,1,75162,49731,216,190,62695,49731,62,0,0,True,ht_chantry-random-23.scen,540
540,ht_chantry.map,planner,1,75162,49731,216,190,62695,49731,59,0,1,False,ht_chantry-random-23.scen,540
540,ht_chantry.map,planner,1,74912,49731,216,190,62482,49731,93,0,1,True,ht_chantry-random-23.scen,540
540,ht_chantry.map,planner,1,75162,49731,216,190,62695,49731,61,0,10,False,ht_chantry-random-23.scen,540
540,ht_chantry.map,planner,1,73789,49731,203,190,61680,49731,339,0,10,True,ht_chantry-random-23.scen,540
540,ht_chantry.map,planner,1,75162,49731,216,190,62695,49731,60,0,100,False,ht_chantry-random-23.scen,540
540,ht_chantry.map,planner,1,73479,49731,209,190,61124,49731,2761,0,100,True,ht_chantry-random-23.scen,540
540,ht_chantry.map,planner,1,75162,49731,216,190,62695,49731,62,0,1000,False,ht_chantry-random-23.scen,540
540,ht_chantry.map,planner,1,73350,49731,198,190,61352,49731,27565,0,1000,True,ht_chantry-random-23.scen,540
580,ht_chantry.map,planner,1,84091,53567,218,190,69418,53567,66,0,0,False,ht_chantry-random-23.scen,580
580,ht_chantry.map,planner,1,84091,53567,218,190,69418,53567,77,0,0,True,ht_chantry-random-23.scen,580
580,ht_chantry.map,planner,1,84091,53567,218,190,69418,53567,67,0,1,False,ht_chantry-random-23.scen,580
580,ht_chantry.map,planner,1,83896,53567,222,190,69426,53567,101,0,1,True,ht_chantry-random-23.scen,580
580,ht_chantry.map,planner,1,84091,53567,218,190,69418,53567,67,0,10,False,ht_chantry-random-23.scen,580
580,ht_chantry.map,planner,1,82072,53567,218,190,67915,53567,348,0,10,True,ht_chantry-random-23.scen,580
580,ht_chantry.map,planner,1,84091,53567,218,190,69418,53567,62,0,100,False,ht_chantry-random-23.scen,580
580,ht_chantry.map,planner,1,82417,53567,246,190,67356,53567,3022,0,100,True,ht_chantry-random-23.scen,580
580,ht_chantry.map,planner,1,84091,53567,218,190,69418,53567,72,0,1000,False,ht_chantry-random-23.scen,580
580,ht_chantry.map,planner,1,82720,53567,218,190,67540,53567,32618,0,1000,True,ht_chantry-random-23.scen,580
620,ht_chantry.map,planner,1,93044,57174,244,190,75323,57174,76,0,0,False,ht_chantry-random-23.scen,620
620,ht_chantry.map,planner,1,93044,57174,244,190,75323,57174,79,0,0,True,ht_chantry-random-23.scen,620
620,ht_chantry.map,planner,1,93044,57174,244,190,75323,57174,74,0,1,False,ht_chantry-random-23.scen,620
620,ht_chantry.map,planner,1,88405,57174,244,190,73320,57174,108,0,1,True,ht_chantry-random-23.scen,620
620,ht_chantry.map,planner,1,93044,57174,244,190,75323,57174,85,0,10,False,ht_chantry-random-23.scen,620
620,ht_chantry.map,planner,1,90703,57174,261,190,74299,57174,407,0,10,True,ht_chantry-random-23.scen,620
620,ht_chantry.map,planner,1,93044,57174,244,190,75323,57174,76,0,100,False,ht_chantry-random-23.scen,620
620,ht_chantry.map,planner,1,90075,57174,221,190,74154,57174,3569,0,100,True,ht_chantry-random-23.scen,620
620,ht_chantry.map,planner,1,93044,57174,244,190,75323,57174,75,0,1000,False,ht_chantry-random-23.scen,620
620,ht_chantry.map,planner,1,90151,57174,221,190,73622,57174,33675,0,1000,True,ht_chantry-random-23.scen,620
660,ht_chantry.map,planner,1,102477,61128,235,190,82773,61128,77,0,0,False,ht_chantry-random-23.scen,660
660,ht_chantry.map,planner,1,102477,61128,235,190,82773,61128,81,0,0,True,ht_chantry-random-23.scen,660
660,ht_chantry.map,planner,1,102477,61128,235,190,82773,61128,80,0,1,False,ht_chantry-random-23.scen,660
660,ht_chantry.map,planner,1,99857,61128,219,190,81414,61128,116,0,1,True,ht_chantry-random-23.scen,660
660,ht_chantry.map,planner,1,102477,61128,235,190,82773,61128,78,0,10,False,ht_chantry-random-23.scen,660
660,ht_chantry.map,planner,1,100036,61128,248,190,81388,61128,447,0,10,True,ht_chantry-random-23.scen,660
660,ht_chantry.map,planner,1,102477,61128,235,190,82773,61128,75,0,100,False,ht_chantry-random-23.scen,660
20,ht_chantry.map,planner,1,1455,1448,148,148,1455,1448,1,0,0,False,ht_chantry-random-8.scen,20
20,ht_chantry.map,planner,1,1455,1448,148,148,1455,1448,1,0,0,True,ht_chantry-random-8.scen,20
20,ht_chantry.map,planner,1,1455,1448,148,148,1455,1448,1,0,1,False,ht_chantry-random-8.scen,20
20,ht_chantry.map,planner,1,1455,1448,148,148,1455,1448,1,0,1,True,ht_chantry-random-8.scen,20
20,ht_chantry.map,planner,1,1455,1448,148,148,1455,1448,1,0,10,False,ht_chantry-random-8.scen,20
20,ht_chantry.map,planner,1,1455,1448,148,148,1455,1448,1,0,10,True,ht_chantry-random-8.scen,20
20,ht_chantry.map,planner,1,1455,1448,148,148,1455,1448,1,0,100,False,ht_chantry-random-8.scen,20
20,ht_chantry.map,planner,1,1455,1448,148,148,1455,1448,1,0,100,True,ht_chantry-random-8.scen,20
20,ht_chantry.map,planner,1,1455,1448,148,148,1455,1448,1,0,1000,False,ht_chantry-random-8.scen,20
20,ht_chantry.map,planner,1,1455,1448,148,148,1455,1448,1,0,1000,True,ht_chantry-random-8.scen,20
60,ht_chantry.map,planner,1,5355,4786,189,189,4978,4786,5,0,0,False,ht_chantry-random-8.scen,60
60,ht_chantry.map,planner,1,5355,4786,189,189,4978,4786,5,0,0,True,ht_chantry-random-8.scen,60
60,ht_chantry.map,planner,1,5355,4786,189,189,4978,4786,5,0,1,False,ht_chantry-random-8.scen,60
60,ht_chantry.map,planner,1,5388,4786,189,189,5017,4786,5,0,1,True,ht_chantry-random-8.scen,60
60,ht_chantry.map,planner,1,5355,4786,189,189,4978,4786,5,0,10,False,ht_chantry-random-8.scen,60
60,ht_chantry.map,planner,1,5388,4786,189,189,5017,4786,5,0,10,True,ht_chantry-random-8.scen,60
60,ht_chantry.map,planner,1,5355,4786,189,189,4978,4786,5,0,100,False,ht_chantry-random-8.scen,60
60,ht_chantry.map,planner,1,5388,4786,189,189,5017,4786,5,0,100,True,ht_chantry-random-8.scen,60
60,ht_chantry.map,planner,1,5355,4786,189,189,4978,4786,5,0,1000,False,ht_chantry-random-8.scen,60
60,ht_chantry.map,planner,1,5388,4786,189,189,5017,4786,5,0,1000,True,ht_chantry-random-8.scen,60
100,ht_chantry.map,planner,1,9533,8462,189,189,8936,8462,8,0,0,False,ht_chantry-random-8.scen,100
100,ht_chantry.map,planner,1,9533,8462,189,189,8936,8462,8,0,0,True,ht_chantry-random-8.scen,100
100,ht_chantry.map,planner,1,9533,8462,189,189,8936,8462,9,0,1,False,ht_chantry-random-8.scen,100
100,ht_chantry.map,planner,1,9779,8462,189,189,8949,8462,10,0,1,True,ht_chantry-random-8.scen,100
100,ht_chantry.map,planner,1,9533,8462,189,189,8936,8462,8,0,10,False,ht_chantry-random-8.scen,100
100,ht_chantry.map,planner,1,9779,8462,189,189,8949,8462,10,0,10,True,ht_chantry-random-8.scen,100
100,ht_chantry.map,planner,1,9533,8462,189,189,8936,8462,9,0,100,False,ht_chantry-random-8.scen,100
100,ht_chantry.map,planner,1,9779,8462,189,189,8949,8462,9,0,100,True,ht_chantry-random-8.scen,100
100,ht_chantry.map,planner,1,9533,8462,189,189,8936,8462,10,0,1000,False,ht_chantry-random-8.scen,100
100,ht_chantry.map,planner,1,9779,8462,189,189,8949,8462,9,0,1000,True,ht_chantry-random-8.scen,100
140,ht_chantry.map,planner,1,14684,12503,189,189,13413,12503,12,0,0,False,ht_chantry-random-8.scen,140
140,ht_chantry.map,planner,1,14684,12503,189,189,13413,12503,14,0,0,True,ht_chantry-random-8.scen,140
140,ht_chantry.map,planner,1,14684,12503,189,189,13413,12503,14,0,1,False,ht_chantry-random-8.scen,140
140,ht_chantry.map,planner,1,14833,12503,189,189,13360,12503,13,0,1,True,ht_chantry-random-8.scen,140
140,ht_chantry.map,planner,1,14684,12503,189,189,13413,12503,12,0,10,False,ht_chantry-random-8.scen,140
140,ht_chantry.map,planner,1,14833,12503,189,189,13360,12503,13,0,10,True,ht_chantry-random-8.scen,140
140,ht_chantry.map,planner,1,14684,12503,189,189,13413,12503,12,0,100,False,ht_chantry-random-8.scen,140
140,ht_chantry.map,planner,1,14833,12503,189,189,13360,12503,13,0,100,True,ht_chantry-random-8.scen,140
140,ht_chantry.map,planner,1,14684,12503,189,189,13413,12503,14,0,1000,False,ht_chantry-random-8.scen,140
140,ht_chantry.map,planner,1,14833,12503,189,189,13360,12503,13,0,1000,True,ht_chantry-random-8.scen,140
180,ht_chantry.map,planner,1,19737,15902,190,189,17488,15902,17,0,0,False,ht_chantry-random-8.scen,180
180,ht_chantry.map,planner,1,19737,15902,190,189,17488,15902,19,0,0,True,ht_chantry-random-8.scen,180
180,ht_chantry.map,planner,1,19737,15902,190,189,17488,15902,19,0,1,False,ht_chantry-random-8.scen,180
180,ht_chantry.map,planner,1,19121,15902,194,189,17204,15902,20,0,1,True,ht_chantry-random-8.scen,180
180,ht_chantry.map,planner,1,19737,15902,190,189,17488,15902,16,0,10,False,ht_chantry-random-8.scen,180
180,ht_chantry.map,planner,1,18962,15902,192,189,17176,15902,30,0,10,True,ht_chantry-random-8.scen,180
180,ht_chantry.map,planner,1,19737,15902,190,189,17488,15902,18,0,100,False,ht_chantry-random-8.scen,180
180,ht_chantry.map,planner,1,19189,15902,192,189,17239,15902,28,0,100,True,ht_chantry-random-8.scen,180
180,ht_chantry.map,planner,1,19737,15902,190,189,17488,15902,18,0,1000,False,ht_chantry-random-8.scen,180
180,ht_chantry.map,planner,1,19189,15902,192,189,17239,15902,28,0,1000,True,ht_chantry-random-8.scen,180
220,ht_chantry.map,planner,1,24625,20090,192,189,22157,20090,20,0,0,False,ht_chantry-random-8.scen,220
220,ht_chantry.map,planner,1,24625,20090,192,189,22157,20090,24,0,0,True,ht_chantry-random-8.scen,220
220,ht_chantry.map,planner,1,24625,20090,192,189,22157,20090,24,0,1,False,ht_chantry-random-8.scen,220
220,ht_chantry.map,planner,1,24184,20090,190,189,21925,20090,33,0,1,True,ht_chantry-random-8.scen,220
220,ht_chantry.map,planner,1,24625,20090,192,189,22157,20090,22,0,10,False,ht_chantry-random-8.scen,220
220,ht_chantry.map,planner,1,24030,20090,196,189,21888,20090,62,0,10,True,ht_chantry-random-8.scen,220
220,ht_chantry.map,planner,1,24625,20090,192,189,22157,20090,21,0,100,False,ht_chantry-random-8.scen,220
220,ht_chantry.map,planner,1,24351,20090,194,189,21824,20090,119,0,100,True,ht_chantry-random-8.scen,220
220,ht_chantry.map,planner,1,24625,20090,192,189,22157,20090,24,0,1000,False,ht_chantry-random-8.scen,220
220,ht_chantry.map,planner,1,24237,20090,194,189,21748,20090,105,0,1000,True,ht_chantry-random-8.scen,220
260,ht_chantry.map,planner,1,30255,23584,189,189,26677,23584,25,0,0,False,ht_chantry-random-8.scen,260
260,ht_chantry.map,planner,1,30255,23584,189,189,26677,23584,27,0,0,True,ht_chantry-random-8.scen,260
260,ht_chantry.map,planner,1,30255,23584,189,189,26677,23584,25,0,1,False,ht_chantry-random-8.scen,260
260,ht_chantry.map,planner,1,29397,23584,192,189,26058,23584,38,0,1,True,ht_chantry-random-8.scen,260
260,ht_chantry.map,planner,1,30255,23584,189,189,26677,23584,25,0,10,False,ht_chantry-random-8.scen,260
260,ht_chantry.map,planner,1,29579,23584,198,189,25797,23584,73,0,10,True,ht_chantry-random-8.scen,260
260,ht_chantry.map,planner,1,30255,23584,189,189,26677,23584,28,0,100,False,ht_chantry-random-8.scen,260
260,ht_chantry.map,planner,1,29223,23584,192,189,25789,23584,150,0,100,True,ht_chantry-random-8.scen,260
260,ht_chantry.map,planner,1,30255,23584,189,189,26677,23584,24,0,1000,False,ht_chantry-random-8.scen,260
260,ht_chantry.map,planner,1,29013,23584,192,189,25740,23584,127,0,1000,True,ht_chantry-random-8.scen,260
300,ht_chantry.map,planner,1,37236,27923,205,189,32105,27923,30,0,0,False,ht_chantry-random-8.scen,300
300,ht_chantry.map,planner,1,37236,27923,205,189,32105,27923,34,0,0,True,ht_chantry-random-8.scen,300
300,ht_chantry.map,planner,1,37236,27923,205,189,32105,27923,32,0,1,False,ht_chantry-random-8.scen,300
300,ht_chantry.map,planner,1,36863,27923,197,189,31878,27923,46,0,1,True,ht_chantry-random-8.scen,300
300,ht_chantry.map,planner,1,37236,27923,205,189,32105,27923,31,0,10,False,ht_chantry-random-8.scen,300
300,ht_chantry.map,planner,1,36469,27923,191,189,31376,27923,147,0,10,True,ht_chantry-random-8.scen,300
300,ht_chantry.map,planner,1,37236,27923,205,189,32105,27923,34,0,100,False,ht_chantry-random-8.scen,300
300,ht_chantry.map,planner,1,35816,27923,194,189,31208,27923,890,0,100,True,ht_chantry-random-8.scen,300
300,ht_chantry.map,planner,1,37236,27923,205,189,32105,27923,31,0,1000,False,ht_chantry-random-8.scen,300
300,ht_chantry.map,planner,1,35720,27923,194,189,31267,27923,6032,0,1000,True,ht_chantry-random-8.scen,300
340,ht_chantry.map,planner,1,43330,32070,193,189,37452,32070,34,0,0,False,ht_chantry-random-8.scen,340
340,ht_chantry.map,planner,1,43330,32070,193,189,37452,32070,38,0,0,True,ht_chantry-random-8.scen,340
340,ht_chantry.map,planner,1,43330,32070,193,189,37452,32070,38,0,1,False,ht_chantry-random-8.scen,340
340,ht_chantry.map,planner,1,42412,32070,200,189,36745,32070,55,0,1,True,ht_chantry-random-8.scen,340
340,ht_chantry.map,planner,1,43330,32070,193,189,37452,32070,37,0,10,False,ht_chantry-random-8.scen,340
340,ht_chantry.map,planner,1,42601,32070,200,189,36897,32070,196,0,10,True,ht_chantry-random-8.scen,340
340,ht_chantry.map,planner,1,43330,32070,193,189,37452,32070,34,0,100,False,ht_chantry-random-8.scen,340
340,ht_chantry.map,planner,1,42429,32070,193,189,36772,32070,1572,0,100,True,ht_chantry-random-8.scen,340
340,ht_chantry.map,planner,1,43330,32070,193,189,37452,32070,35,0,1000,False,ht_chantry-random-8.scen,340
340,ht_chantry.map,planner,1,42401,32070,191,189,36812,32070,15607,0,1000,True,ht_chantry-random-8.scen,340
380,ht_chantry.map,planner,1,48864,35435,200,195,41830,35435,39,0,0,False,ht_chantry-random-8.scen,380
380,ht_chantry.map,planner,1,48864,35435,200,195,41830,35435,41,0,0,True,ht_chantry-random-8.scen,380
380,ht_chantry.map,planner,1,48864,35435,200,195,41830,35435,41,0,1,False,ht_chantry-random-8.scen,380
380,ht_chantry.map,planner,1,48438,35435,205,195,41559,35435,65,0,1,True,ht_chantry-random-8.scen,380
380,ht_chantry.map,planner,1,48864,35435,200,195,41830,35435,41,0,10,False,ht_chantry-random-8.scen,380
380,ht_chantry.map,planner,1,47410,35435,216,195,40639,35435,193,0,10,True,ht_chantry-random-8.scen,380
380,ht_chantry.map,planner,1,48864,35435,200,195,41830,35435,42,0,100,False,ht_chantry-random-8.scen,380
380,ht_chantry.map,planner,1,47244,35435,198,195,40398,35435,1608,0,100,True,ht_chantry-random-8.scen,380
380,ht_chantry.map,planner,1,48864,35435,200,195,41830,35435,39,0,1000,False,ht_chantry-random-8.scen,380
380,ht_chantry.map,planner,1,47085,35435,198,195,40387,35435,11140,0,1000,True,ht_chantry-random-8.scen,380
420,ht_chantry.map,planner,1,56135,39162,213,195,47215,39162,43,0,0,False,ht_chantry-random-8.scen,420
420,ht_chantry.map,planner,1,56135,39162,213,195,47215,39162,49,0,0,True,ht_chantry-random-8.scen,420
420,ht_chantry.map,planner,1,56135,39162,213,195,47215,39162,52,0,1,False,ht_chantry-random-8.scen,420
420,ht_chantry.map,planner,1,54964,39162,205,195,46453,39162,72,0,1,True,ht_chantry-random-8.scen,420
420,ht_chantry.map,planner,1,56135,39162,213,195,47215,39162,46,0,10,False,ht_chantry-random-8.scen,420
420,ht_chantry.map,planner,1,54646,39162,199,195,46374,39162,237,0,10,True,ht_chantry-random-8.scen,420
420,ht_chantry.map,planner,1,56135,39162,213,195,47215,39162,45,0,100,False,ht_chantry-random-8.scen,420
420,ht_chantry.map,planner,1,54098,39162,211,195,45868,39162,1778,0,100,True,ht_chantry-random-8.scen,420
420,ht_chantry.map,planner,1,56135,39162,213,195,47215,39162,50,0,1000,False,ht_chantry-random-8.scen,420
420,ht_chantry.map,planner,1,54167,39162,195,195,45433,39162,17473,0,1000,True,ht_chantry-random-8.scen,420
460,ht_chantry.map,planner,1,62851,43109,206,195,53218,43109,51,0,0,False,ht_chantry-random-8.scen,460
460,ht_chantry.map,planner,1,62851,43109,206,195,53218,43109,53,0,0,True,ht_chantry-random-8.scen,460
460,ht_chantry.map,planner,1,62851,43109,206,195,53218,43109,48,0,1,False,ht_chantry-random-8.scen,460
460,ht_chantry.map,planner,1,61368,43109,202,195,52004,43109,77,0,1,True,ht_chantry-random-8.scen,460
460,ht_chantry.map,planner,1,62851,43109,206,195,53218,43109,51,0,10,False,ht_chantry-random-8.scen,460
460,ht_chantry.map,planner,1,61600,43109,199,195,51590,43109,273,0,10,True,ht_chantry-random-8.scen,460
460,ht_chantry.map,planner,1,62851,43109,206,195,53218,43109,53,0,100,False,ht_chantry-random-8.scen,460
460,ht_chantry.map,planner,1,61715,43109,206,195,51874,43109,2323,0,100,True,ht_chantry-random-8.scen,460
460,ht_chantry.map,planner,1,62851,43109,206,195,53218,43109,49,0,1000,False,ht_chantry-random-8.scen,460
460,ht_chantry.map,planner,1,59778,43109,206,195,51072,43109,19108,0,1000,True,ht_chantry-random-8.scen,460
500,ht_chantry.map,planner,1,70380,47396,206,195,59158,47396,55,0,0,False,ht_chantry-random-8.scen,500
500,ht_chantry.map,planner,1,70380,47396,206,195,59158,47396,59,0,0,True,ht_chantry-random-8.scen,500
500,ht_chantry.map,planner,1,70380,47396,206,195,59158,47396,66,0,1,False,ht_chantry-random-8.scen,500
500,ht_chantry.map,planner,1,69176,47396,208,195,58374,47396,89,0,1,True,ht_chantry-random-8.scen,500
500,ht_chantry.map,planner,1,70380,47396,206,195,59158,47396,56,0,10,False,ht_chantry-random-8.scen,500
500,ht_chantry.map,planner,1,69131,47396,231,195,58020,47396,320,0,10,True,ht_chantry-random-8.scen,500
500,ht_chantry.map,planner,1,70380,47396,206,195,59158,47396,57,0,100,False,ht_chantry-random-8.scen,500
500,ht_chantry.map,planner,1,68320,47396,209,195,57354,47396,2496,0,100,True,ht_chantry-random-8.scen,500
500,ht_chantry.map,planner,1,70380,47396,206,195,59158,47396,57,0,1000,False,ht_chantry-random-8.scen,500
500,ht_chantry.map,planner,1,68988,47396,213,195,57849,47396,27154,0,1000,True,ht_chantry-random-8.scen,500
540,ht_chantry.map,planner,1,78282,51407,212,195,65214,51407,57,0,0,False,ht_chantry-random-8.scen,540
540,ht_chantry.map,planner,1,78282,51407,212,195,65214,51407,65,0,0,True,ht_chantry-random-8.scen,540
540,ht_chantry.map,planner,1,78282,51407,212,195,65214,51407,64,0,1,False,ht_chantry-random-8.scen,540
540,ht_chantry.map,planner,1,77157,51407,221,195,64742,51407,108,0,1,True,ht_chantry-random-8.scen,540
540,ht_chantry.map,planner,1,78282,51407,212,195,65214,51407,63,0,10,False,ht_chantry-random-8.scen,540
540,ht_chantry.map,planner,1,76509,51407,223,195,63705,51407,363,0,10,True,ht_chantry-random-8.scen,540
540,ht_chantry.map,planner,1,78282,51407,212,195,65214,51407,62,0,100,False,ht_chantry-random-8.scen,540
540,ht_chantry.map,planner,1,74830,51407,221,195,63530,51407,3078,0,100,True,ht_chantry-random-8.scen,540
540,ht_chantry.map,planner,1,78282,51407,212,195,65214,51407,61,0,1000,False,ht_chantry-random-8.scen,540
540,ht_chantry.map,planner,1,76685,51407,216,195,63649,51407,27666,0,1000,True,ht_chantry-random-8.scen,540
580,ht_chantry.map,planner,1,86443,54850,222,197,70555,54850,69,0,0,False,ht_chantry-random-8.scen,580
580,ht_chantry.map,planner,1,86443,54850,222,197,70555,54850,67,0,0,True,ht_chantry-random-8.scen,580
580,ht_chantry.map,planner,1,86443,54850,222,197,70555,54850,69,0,1,False,ht_chantry-random-8.scen,580
580,ht_chantry.map,planner,1,86064,54850,229,197,70941,54850,107,0,1,True,ht_chantry-random-8.scen,580
580,ht_chantry.map,planner,1,86443,54850,222,197,70555,54850,67,0,10,False,ht_chantry-random-8.scen,580
580,ht_chantry.map,planner,1,83567,54850,223,197,69135,54850,382,0,10,True,ht_chantry-random-8.scen,580
580,ht_chantry.map,planner,1,86443,54850,222,197,70555,54850,68,0,100,False,ht_chantry-random-8.scen,580
580,ht_chantry.map,planner,1,83586,54850,216,197,69273,54850,3133,0,100,True,ht_chantry-random-8.scen,580
580,ht_chantry.map,planner,1,86443,54850,222,197,70555,54850,69,0,1000,False,ht_chantry-random-8.scen,580
580,ht_chantry.map,planner,1,83531,54850,214,197,68790,54850,31426,0,1000,True,ht_chantry-random-8.scen,580
620,ht_chantry.map,planner,1,94241,58110,228,197,76282,58110,72,0,0,False,ht_chantry-random-8.scen,620
620,ht_chantry.map,planner,1,94241,58110,228,197,76282,58110,77,0,0,True,ht_chantry-random-8.scen,620
620,ht_chantry.map,planner,1,94241,58110,228,197,76282,58110,73,0,1,False,ht_chantry-random-8.scen,620
620,ht_chantry.map,planner,1,91139,58110,220,197,75108,58110,107,0,1,True,ht_chantry-random-8.scen,620
620,ht_chantry.map,planner,1,94241,58110,228,197,76282,58110,74,0,10,False,ht_chantry-random-8.scen,620
620,ht_chantry.map,planner,1,93354,58110,239,197,75498,58110,417,0,10,True,ht_chantry-random-8.scen,620
620,ht_chantry.map,planner,1,94241,58110,228,197,76282,58110,77,0,100,False,ht_chantry-random-8.scen,620
620,ht_chantry.map,planner,1,92476,58110,236,197,75374,58110,3552,0,100,True,ht_chantry-random-8.scen,620
620,ht_chantry.map,planner,1,94241,58110,228,197,76282,58110,76,0,1000,False,ht_chantry-random-8.scen,620
620,ht_chantry.map,planner,1,89842,58110,247,197,73868,58110,33905,0,1000,True,ht_chantry-random-8.scen,620
660,ht_chantry.map,planner,1,98164,61704,221,197,81635,61704,72,0,0,False,ht_chantry-random-8.scen,660
660,ht_chantry.map,planner,1,98164,61704,221,197,81635,61704,83,0,0,True,ht_chantry-random-8.scen,660
660,ht_chantry.map,planner,1,98164,61704,221,197,81635,61704,85,0,1,False,ht_chantry-random-8.scen,660
660,ht_chantry.map,planner,1,100672,61704,230,197,81882,61704,123,0,1,True,ht_chantry-random-8.scen,660
660,ht_chantry.map,planner,1,98164,61704,221,197,81635,61704,76,0,10,False,ht_chantry-random-8.scen,660
660,ht_chantry.map,planner,1,98996,61704,229,197,80265,61704,424,0,10,True,ht_chantry-random-8.scen,660
660,ht_chantry.map,planner,1,98164,61704,221,197,81635,61704,76,0,100,False,ht_chantry-random-8.scen,660
660,ht_chantry.map,planner,1,98448,61704,227,197,80240,61704,3883,0,100,True,ht_chantry-random-8.scen,660
660,ht_chantry.map,planner,1,98164,61704,221,197,81635,61704,76,0,1000,False,ht_chantry-random-8.scen,660
660,ht_chantry.map,planner,1,97900,61704,224,197,80189,61704,35480,0,1000,True,ht_chantry-random-8.scen,660
20,ht_chantry.map,planner,1,2004,1972,163,163,2004,1972,2,0,0,False,ht_chantry-random-10.scen,20
20,ht_chantry.map,planner,1,2004,1972,163,163,2004,1972,2,0,0,True,ht_chantry-random-10.scen,20
20,ht_chantry.map,planner,1,2004,1972,163,163,2004,1972,2,0,1,False,ht_chantry-random-10.scen,20
20,ht_chantry.map,planner,1,2005,1972,163,163,2005,1972,2,0,1,True,ht_chantry-random-10.scen,20
20,ht_chantry.map,planner,1,2004,1972,163,163,2004,1972,2,0,10,False,ht_chantry-random-10.scen,20
20,ht_chantry.map,planner,1,2005,1972,163,163,2005,1972,2,0,10,True,ht_chantry-random-10.scen,20
20,ht_chantry.map,planner,1,2004,1972,163,163,2004,1972,2,0,100,False,ht_chantry-random-10.scen,20
20,ht_chantry.map,planner,1,2005,1972,163,163,2005,1972,2,0,100,True,ht_chantry-random-10.scen,20
20,ht_chantry.map,planner,1,2004,1972,163,163,2004,1972,2,0,1000,False,ht_chantry-random-10.scen,20
20,ht_chantry.map,planner,1,2005,1972,163,163,2005,1972,2,0,1000,True,ht_chantry-random-10.scen,20
60,ht_chantry.map,planner,1,5689,5330,163,163,5520,5330,5,0,0,False,ht_chantry-random-10.scen,60
60,ht_chantry.map,planner,1,5689,5330,163,163,5520,5330,5,0,0,True,ht_chantry-random-10.scen,60
60,ht_chantry.map,planner,1,5689,5330,163,163,5520,5330,5,0,1,False,ht_chantry-random-10.scen,60
60,ht_chantry.map,planner,1,5632,5330,163,163,5497,5330,5,0,1,True,ht_chantry-random-10.scen,60
60,ht_chantry.map,planner,1,5689,5330,163,163,5520,5330,5,0,10,False,ht_chantry-random-10.scen,60
60,ht_chantry.map,planner,1,5632,5330,163,163,5497,5330,6,0,10,True,ht_chantry-random-10.scen,60
60,ht_chantry.map,planner,1,5689,5330,163,163,5520,5330,5,0,100,False,ht_chantry-random-10.scen,60
60,ht_chantry.map,planner,1,5632,5330,163,163,5497,5330,5,0,100,True,ht_chantry-random-10.scen,60
60,ht_chantry.map,planner,1,5689,5330,163,163,5520,5330,5,0,1000,False,ht_chantry-random-10.scen,60
60,ht_chantry.map,planner,1,5632,5330,163,163,5497,5330,5,0,1000,True,ht_chantry-random-10.scen,60
100,ht_chantry.map,planner,1,10168,8806,199,199,9302,8806,9,0,0,False,ht_chantry-random-10.scen,100
100,ht_chantry.map,planner,1,10168,8806,199,199,9302,8806,10,0,0,True,ht_chantry-random-10.scen,100
100,ht_chantry.map,planner,1,10168,8806,199,199,9302,8806,9,0,1,False,ht_chantry-random-10.scen,100
100,ht_chantry.map,planner,1,9994,8806,202,199,9249,8806,9,0,1,True,ht_chantry-random-10.scen,100
100,ht_chantry.map,planner,1,10168,8806,199,199,9302,8806,9,0,10,False,ht_chantry-random-10.scen,100
100,ht_chantry.map,planner,1,9994,8806,202,199,9249,8806,9,0,10,True,ht_chantry-random-10.scen,100
100,ht_chantry.map,planner,1,10168,8806,199,199,9302,8806,10,0,100,False,ht_chantry-random-10.scen,100
100,ht_chantry.map,planner,1,9994,8806,202,199,9249,8806,9,0,100,True,ht_chantry-random-10.scen,100
100,ht_chantry.map,planner,1,10168,8806,199,199,9302,8806,9,0,1000,False,ht_chantry-random-10.scen,100
100,ht_chantry.map,planner,1,9994,8806,202,199,9249,8806,10,0,1000,True,ht_chantry-random-10.scen,100
140,ht_chantry.map,planner,1,15340,12708,199,199,13663,12708,14,0,0,False,ht_chantry-random-10.scen,140
140,ht_chantry.map,planner,1,15340,12708,199,199,13663,12708,14,0,0,True,ht_chantry-random-10.scen,140
140,ht_chantry.map,planner,1,15340,12708,199,199,13663,12708,15,0,1,False,ht_chantry-random-10.scen,140
140,ht_chantry.map,planner,1,15358,12708,199,199,13604,12708,16,0,1,True,ht_chantry-random-10.scen,140
140,ht_chantry.map,planner,1,15340,12708,199,199,13663,12708,16,0,10,False,ht_chantry-random-10.scen,140
140,ht_chantry.map,planner,1,15156,12708,201,199,13572,12708,15,0,10,True,ht_chantry-random-10.scen,140
140,ht_chantry.map,planner,1,15340,12708,199,199,13663,12708,15,0,100,False,ht_chantry-random-10.scen,140
140,ht_chantry.map,planner,1,15156,12708,201,199,13572,12708,15,0,100,True,ht_chantry-random-10.scen,140
140,ht_chantry.map,planner,1,15340,12708,199,199,13663,12708,14,0,1000,False,ht_chantry-random-10.scen,140
140,ht_chantry.map,planner,1,15156,12708,201,199,13572,12708,15,0,1000,True,ht_chantry-random-10.scen,140
180,ht_chantry.map,planner,1,19853,16508,199,199,18058,16508,18,0,0,False,ht_chantry-random-10.scen,180
180,ht_chantry.map,planner,1,19853,16508,199,199,18058,16508,17,0,0,True,ht_chantry-random-10.scen,180
180,ht_chantry.map,planner,1,19853,16508,199,199,18058,16508,18,0,1,False,ht_chantry-random-10.scen,180
180,ht_chantry.map,planner,1,20124,16508,199,199,17875,16508,20,0,1,True,ht_chantry-random-10.scen,180
180,ht_chantry.map,planner,1,19853,16508,199,199,18058,16508,19,0,10,False,ht_chantry-random-10.scen,180
180,ht_chantry.map,planner,1,20209,16508,201,199,17929,16508,35,0,10,True,ht_chantry-random-10.scen,180
180,ht_chantry.map,planner,1,19853,16508,199,199,18058,16508,19,0,100,False,ht_chantry-random-10.scen,180
180,ht_chantry.map,planner,1,20018,16508,201,199,17966,16508,86,0,100,True,ht_chantry-random-10.scen,180
180,ht_chantry.map,planner,1,19853,16508,199,199,18058,16508,18,0,1000,False,ht_chantry-random-10.scen,180
180,ht_chantry.map,planner,1,20216,16508,201,199,17986,16508,516,0,1000,True,ht_chantry-random-10.scen,180
220,ht_chantry.map,planner,1,25644,20245,199,199,22558,20245,20,0,0,False,ht_chantry-random-10.scen,220
220,ht_chantry.map,planner,1,25644,20245,199,199,22558,20245,22,0,0,True,ht_chantry-random-10.scen,220
220,ht_chantry.map,planner,1,25644,20245,199,199,22558,20245,23,0,1,False,ht_chantry-random-10.scen,220
220,ht_chantry.map,planner,1,25617,20245,199,199,22318,20245,30,0,1,True,ht_chantry-random-10.scen,220
220,ht_chantry.map,planner,1,25644,20245,199,199,22558,20245,21,0,10,False,ht_chantry-random-10.scen,220
220,ht_chantry.map,planner,1,25610,20245,199,199,22347,20245,109,0,10,True,ht_chantry-random-10.scen,220
220,ht_chantry.map,planner,1,25644,20245,199,199,22558,20245,23,0,100,False,ht_chantry-random-10.scen,220
220,ht_chantry.map,planner,1,25509,20245,205,199,22315,20245,630,0,100,True,ht_chantry-random-10.scen,220
220,ht_chantry.map,planner,1,25644,20245,199,199,22558,20245,22,0,1000,False,ht_chantry-random-10.scen,220
220,ht_chantry.map,planner,1,25026,20245,205,199,22249,20245,3068,0,1000,True,ht_chantry-random-10.scen,220
260,ht_chantry.map,planner,1,31270,24122,199,199,27235,24122,26,0,0,False,ht_chantry-random-10.scen,260
260,ht_chantry.map,planner,1,31270,24122,199,199,27235,24122,25,0,0,True,ht_chantry-random-10.scen,260
260,ht_chantry.map,planner,1,31270,24122,199,199,27235,24122,30,0,1,False,ht_chantry-random-10.scen,260
260,ht_chantry.map,planner,1,30343,24122,202,199,26785,24122,36,0,1,True,ht_chantry-random-10.scen,260
260,ht_chantry.map,planner,1,31270,24122,199,199,27235,24122,27,0,10,False,ht_chantry-random-10.scen,260
260,ht_chantry.map,planner,1,30661,24122,199,199,26880,24122,123,0,10,True,ht_chantry-random-10.scen,260
260,ht_chantry.map,planner,1,31270,24122,199,199,27235,24122,26,0,100,False,ht_chantry-random-10.scen,260
260,ht_chantry.map,planner,1,30266,24122,201,199,26610,24122,476,0,100,True,ht_chantry-random-10.scen,260
260,ht_chantry.map,planner,1,31270,24122,199,199,27235,24122,29,0,1000,False,ht_chantry-random-10.scen,260
260,ht_chantry.map,planner,1,30902,24122,199,199,26600,24122,4497,0,1000,True,ht_chantry-random-10.scen,260
300,ht_chantry.map,planner,1,37657,28236,201,199,32691,28236,32,0,0,False,ht_chantry-random-10.scen,300
300,ht_chantry.map,planner,1,37657,28236,201,199,32691,28236,33,0,0,True,ht_chantry-random-10.scen,300
300,ht_chantry.map,planner,1,37657,28236,201,199,32691,28236,33,0,1,False,ht_chantry-random-10.scen,300
300,ht_chantry.map,planner,1,37900,28236,209,199,32179,28236,51,0,1,True,ht_chantry-random-10.scen,300
300,ht_chantry.map,planner,1,37657,28236,201,199,32691,28236,33,0,10,False,ht_chantry-random-10.scen,300
300,ht_chantry.map,planner,1,37713,28236,199,199,31898,28236,165,0,10,True,ht_chantry-random-10.scen,300
300,ht_chantry.map,planner,1,37657,28236,201,199,32691,28236,32,0,100,False,ht_chantry-random-10.scen,300
300,ht_chantry.map,planner,1,37608,28236,201,199,31699,28236,836,0,100,True,ht_chantry-random-10.scen,300
300,ht_chantry.map,planner,1,37657,28236,201,199,32691,28236,30,0,1000,False,ht_chantry-random-10.scen,300
300,ht_chantry.map,planner,1,37461,28236,201,199,31717,28236,10108,0,1000,True,ht_chantry-random-10.scen,300
340,ht_chantry.map,planner,1,44237,32378,199,199,37970,32378,37,0,0,False,ht_chantry-random-10.scen,340
340,ht_chantry.map,planner,1,44237,32378,199,199,37970,32378,36,0,0,True,ht_chantry-random-10.scen,340
340,ht_chantry.map,planner,1,44237,32378,199,199,37970,32378,34,0,1,False,ht_chantry-random-10.scen,340
340,ht_chantry.map,planner,1,44924,32378,214,199,37796,32378,60,0,1,True,ht_chantry-random-10.scen,340
340,ht_chantry.map,planner,1,44237,32378,199,199,37970,32378,34,0,10,False,ht_chantry-random-10.scen,340
340,ht_chantry.map,planner,1,43452,32378,202,199,37241,32378,222,0,10,True,ht_chantry-random-10.scen,340
340,ht_chantry.map,planner,1,44237,32378,199,199,37970,32378,32,0,100,False,ht_chantry-random-10.scen,340
340,ht_chantry.map,planner,1,44158,32378,213,199,37332,32378,1925,0,100,True,ht_chantry-random-10.scen,340
340,ht_chantry.map,planner,1,44237,32378,199,199,37970,32378,37,0,1000,False,ht_chantry-random-10.scen,340
340,ht_chantry.map,planner,1,43484,32378,243,199,36926,32378,13389,0,1000,True,ht_chantry-random-10.scen,340
380,ht_chantry.map,planner,1,51051,35928,213,199,42650,35928,40,0,0,False,ht_chantry-random-10.scen,380
380,ht_chantry.map,planner,1,51051,35928,213,199,42650,35928,47,0,0,True,ht_chantry-random-10.scen,380
380,ht_chantry.map,planner,1,51051,35928,213,199,42650,35928,43,0,1,False,ht_chantry-random-10.scen,380
380,ht_chantry.map,planner,1,50130,35928,215,199,42511,35928,68,0,1,True,ht_chantry-random-10.scen,380
380,ht_chantry.map,planner,1,51051,35928,213,199,42650,35928,44,0,10,False,ht_chantry-random-10.scen,380
380,ht_chantry.map,planner,1,50980,35928,201,199,42466,35928,282,0,10,True,ht_chantry-random-10.scen,380
380,ht_chantry.map,planner,1,51051,35928,213,199,42650,35928,41,0,100,False,ht_chantry-random-10.scen,380
380,ht_chantry.map,planner,1,50150,35928,204,199,41780,35928,2056,0,100,True,ht_chantry-random-10.scen,380
380,ht_chantry.map,planner,1,51051,35928,213,199,42650,35928,38,0,1000,False,ht_chantry-random-10.scen,380
380,ht_chantry.map,planner,1,50570,35928,208,199,42029,35928,20805,0,1000,True,ht_chantry-random-10.scen,380
420,ht_chantry.map,planner,1,57761,39698,205,199,48080,39698,45,0,0,False,ht_chantry-random-10.scen,420
420,ht_chantry.map,planner,1,57761,39698,205,199,48080,39698,46,0,0,True,ht_chantry-random-10.scen,420
420,ht_chantry.map,planner,1,57761,39698,205,199,48080,39698,48,0,1,False,ht_chantry-random-10.scen,420
420,ht_chantry.map,planner,1,56851,39698,210,199,47673,39698,73,0,1,True,ht_chantry-random-10.scen,420
420,ht_chantry.map,planner,1,57761,39698,205,199,48080,39698,49,0,10,False,ht_chantry-random-10.scen,420
420,ht_chantry.map,planner,1,56174,39698,203,199,47163,39698,269,0,10,True,ht_chantry-random-10.scen,420
420,ht_chantry.map,planner,1,57761,39698,205,199,48080,39698,47,0,100,False,ht_chantry-random-10.scen,420
420,ht_chantry.map,planner,1,57537,39698,227,199,47249,39698,2301,0,100,True,ht_chantry-random-10.scen,420
420,ht_chantry.map,planner,1,57761,39698,205,199,48080,39698,49,0,1000,False,ht_chantry-random-10.scen,420
420,ht_chantry.map,planner,1,56305,39698,216,199,46744,39698,18325,0,1000,True,ht_chantry-random-10.scen,420
460,ht_chantry.map,planner,1,65788,43441,213,199,53930,43441,49,0,0,False,ht_chantry-random-10.scen,460
460,ht_chantry.map,planner,1,65788,43441,213,199,53930,43441,55,0,0,True,ht_chantry-random-10.scen,460
460,ht_chantry.map,planner,1,65788,43441,213,199,53930,43441,54,0,1,False,ht_chantry-random-10.scen,460
460,ht_chantry.map,planner,1,65764,43441,225,199,53433,43441,85,0,1,True,ht_chantry-random-10.scen,460
460,ht_chantry.map,planner,1,65788,43441,213,199,53930,43441,53,0,10,False,ht_chantry-random-10.scen,460
460,ht_chantry.map,planner,1,65552,43441,225,199,53264,43441,369,0,10,True,ht_chantry-random-10.scen,460
460,ht_chantry.map,planner,1,65788,43441,213,199,53930,43441,48,0,100,False,ht_chantry-random-10.scen,460
460,ht_chantry.map,planner,1,63580,43441,248,199,52514,43441,3119,0,100,True,ht_chantry-random-10.scen,460
460,ht_chantry.map,planner,1,65788,43441,213,199,53930,43441,53,0,1000,False,ht_chantry-random-10.scen,460
460,ht_chantry.map,planner,1,64724,43441,206,199,52605,43441,29598,0,1000,True,ht_chantry-random-10.scen,460
500,ht_chantry.map,planner,1,73490,47103,226,199,59698,47103,60,0,0,False,ht_chantry-random-10.scen,500
500,ht_chantry.map,planner,1,73490,47103,226,199,59698,47103,62,0,0,True,ht_chantry-random-10.scen,500
500,ht_chantry.map,planner,1,73490,47103,226,199,59698,47103,59,0,1,False,ht_chantry-random-10.scen,500
500,ht_chantry.map,planner,1,72938,47103,215,199,59051,47103,93,0,1,True,ht_chantry-random-10.scen,500
500,ht_chantry.map,planner,1,73490,47103,226,199,59698,47103,57,0,10,False,ht_chantry-random-10.scen,500
500,ht_chantry.map,planner,1,72108,47103,230,199,58216,47103,397,0,10,True,ht_chantry-random-10.scen,500
500,ht_chantry.map,planner,1,73490,47103,226,199,59698,47103,64,0,100,False,ht_chantry-random-10.scen,500
500,ht_chantry.map,planner,1,70210,47103,210,199,57291,47103,3168,0,100,True,ht_chantry-random-10.scen,500
500,ht_chantry.map,planner,1,73490,47103,226,199,59698,47103,58,0,1000,False,ht_chantry-random-10.scen,500
500,ht_chantry.map,planner,1,71122,47103,232,199,57932,47103,35332,0,1000,True,ht_chantry-random-10.scen,500
540,ht_chantry.map,planner,1,81271,50278,235,199,64594,50278,60,0,0,False,ht_chantry-random-10.scen,540
540,ht_chantry.map,planner,1,81271,50278,235,199,64594,50278,67,0,0,True,ht_chantry-random-10.scen,540
540,ht_chantry.map,planner,1,81271,50278,235,199,64594,50278,63,0,1,False,ht_chantry-random-10.scen,540
540,ht_chantry.map,planner,1,79839,50278,280,199,64094,50278,109,0,1,True,ht_chantry-random-10.scen,540
540,ht_chantry.map,planner,1,81271,50278,235,199,64594,50278,64,0,10,False,ht_chantry-random-10.scen,540
540,ht_chantry.map,planner,1,81149,50278,234,199,63986,50278,490,0,10,True,ht_chantry-random-10.scen,540
540,ht_chantry.map,planner,1,81271,50278,235,199,64594,50278,72,0,100,False,ht_chantry-random-10.scen,540
540,ht_chantry.map,planner,1,78130,50278,226,199,62556,50278,3864,0,100,True,ht_chantry-random-10.scen,540
540,ht_chantry.map,planner,1,81271,50278,235,199,64594,50278,63,0,1000,False,ht_chantry-random-10.scen,540
540,ht_chantry.map,planner,1,79138,50278,234,199,63052,50278,36881,0,1000,True,ht_chantry-random-10.scen,540
580,ht_chantry.map,planner,1,89288,54002,241,199,70656,54002,67,0,0,False,ht_chantry-random-10.scen,580
580,ht_chantry.map,planner,1,89288,54002,241,199,70656,54002,76,0,0,True,ht_chantry-random-10.scen,580
580,ht_chantry.map,planner,1,89288,54002,241,199,70656,54002,71,0,1,False,ht_chantry-random-10.scen,580
580,ht_chantry.map,planner,1,87761,54002,260,199,70187,54002,121,0,1,True,ht_chantry-random-10.scen,580
580,ht_chantry.map,planner,1,89288,54002,241,199,70656,54002,70,0,10,False,ht_chantry-random-10.scen,580
580,ht_chantry.map,planner,1,86069,54002,226,199,69162,54002,487,0,10,True,ht_chantry-random-10.scen,580
580,ht_chantry.map,planner,1,89288,54002,241,199,70656,54002,69,0,100,False,ht_chantry-random-10.scen,580
580,ht_chantry.map,planner,1,85831,54002,221,199,68677,54002,3973,0,100,True,ht_chantry-random-10.scen,580
580,ht_chantry.map,planner,1,89288,54002,241,199,70656,54002,75,0,1000,False,ht_chantry-random-10.scen,580
580,ht_chantry.map,planner,1,87058,54002,226,199,69794,54002,41216,0,1000,True,ht_chantry-random-10.scen,580
620,ht_chantry.map,planner,1,96377,57763,226,199,76253,57763,75,0,0,False,ht_chantry-random-10.scen,620
620,ht_chantry.map,planner,1,96377,57763,226,199,76253,57763,75,0,0,True,ht_chantry-random-10.scen,620
620,ht_chantry.map,planner,1,96377,57763,226,199,76253,57763,73,0,1,False,ht_chantry-random-10.scen,620
620,ht_chantry.map,planner,1,97568,57763,240,199,76701,57763,125,0,1,True,ht_chantry-random-10.scen,620
620,ht_chantry.map,planner,1,96377,57763,226,199,76253,57763,72,0,10,False,ht_chantry-random-10.scen,620
620,ht_chantry.map,planner,1,95333,57763,242,199,75796,57763,540,0,10,True,ht_chantry-random-10.scen,620
620,ht_chantry.map,planner,1,96377,57763,226,199,76253,57763,73,0,100,False,ht_chantry-random-10.scen,620
620,ht_chantry.map,planner,1,98013,57763,253,199,77397,57763,5468,0,100,True,ht_chantry-random-10.scen,620
620,ht_chantry.map,planner,1,96377,57763,226,199,76253,57763,72,0,1000,False,ht_chantry-random-10.scen,620
620,ht_chantry.map,planner,1,94428,57763,234,199,75636,57763,42966,0,1000,True,ht_chantry-random-10.scen,620
660,ht_chantry.map,planner,1,109713,61535,251,199,85467,61535,82,0,0,False,ht_chantry-random-10.scen,660
660,ht_chantry.map,planner,1,109713,61535,251,199,85467,61535,89,0,0,True,ht_chantry-random-10.scen,660
660,ht_chantry.map,planner,1,109713,61535,251,199,85467,61535,83,0,1,False,ht_chantry-random-10.scen,660
660,ht_chantry.map,planner,1,102940,61535,251,199,81837,61535,125,0,1,True,ht_chantry-random-10.scen,660
660,ht_chantry.map,planner,1,109713,61535,251,199,85467,61535,78,0,10,False,ht_chantry-random-10.scen,660
660,ht_chantry.map,planner,1,105703,61535,252,199,83165,61535,526,0,10,True,ht_chantry-random-10.scen,660
660,ht_chantry.map,planner,1,109713,61535,251,199,85467,61535,80,0,100,False,ht_chantry-random-10.scen,660
660,ht_chantry.map,planner,1,102454,61535,240,199,81785,61535,4499,0,100,True,ht_chantry-random-10.scen,660
660,ht_chantry.map,planner,1,109713,61535,251,199,85467,61535,80,0,1000,False,ht_chantry-random-10.scen,660
660,ht_chantry.map,planner,1,103069,61535,258,199,81885,61535,49091,0,1000,True,ht_chantry-random-10.scen,660
20,ht_chantry.map,planner,1,1964,1897,188,188,1939,1897,2,0,0,False,ht_chantry-random-25.scen,20
20,ht_chantry.map,planner,1,1964,1897,188,188,1939,1897,2,0,0,True,ht_chantry-random-25.scen,20
20,ht_chantry.map,planner,1,1964,1897,188,188,1939,1897,2,0,1,False,ht_chantry-random-25.scen,20
20,ht_chantry.map,planner,1,1964,1897,188,188,1939,1897,2,0,1,True,ht_chantry-random-25.scen,20
20,ht_chantry.map,planner,1,1964,1897,188,188,1939,1897,2,0,10,False,ht_chantry-random-25.scen,20
20,ht_chantry.map,planner,1,1964,1897,188,188,1939,1897,2,0,10,True,ht_chantry-random-25.scen,20
20,ht_chantry.map,planner,1,1964,1897,188,188,1939,1897,2,0,100,False,ht_chantry-random-25.scen,20
20,ht_chantry.map,planner,1,1964,1897,188,188,1939,1897,2,0,100,True,ht_chantry-random-25.scen,20
20,ht_chantry.map,planner,1,1964,1897,188,188,1939,1897,2,0,1000,False,ht_chantry-random-25.scen,20
20,ht_chantry.map,planner,1,1964,1897,188,188,1939,1897,2,0,1000,True,ht_chantry-random-25.scen,20
60,ht_chantry.map,planner,1,6532,5899,197,197,6217,5899,6,0,0,False,ht_chantry-random-25.scen,60
60,ht_chantry.map,planner,1,6532,5899,197,197,6217,5899,12,0,0,True,ht_chantry-random-25.scen,60
60,ht_chantry.map,planner,1,6532,5899,197,197,6217,5899,6,0,1,False,ht_chantry-random-25.scen,60
60,ht_chantry.map,planner,1,6530,5899,197,197,6209,5899,6,0,1,True,ht_chantry-random-25.scen,60
60,ht_chantry.map,planner,1,6532,5899,197,197,6217,5899,6,0,10,False,ht_chantry-random-25.scen,60
60,ht_chantry.map,planner,1,6530,5899,197,197,6209,5899,6,0,10,True,ht_chantry-random-25.scen,60
60,ht_chantry.map,planner,1,6532,5899,197,197,6217,5899,6,0,100,False,ht_chantry-random-25.scen,60
60,ht_chantry.map,planner,1,6530,5899,197,197,6209,5899,6,0,100,True,ht_chantry-random-25.scen,60
60,ht_chantry.map,planner,1,6532,5899,197,197,6217,5899,6,0,1000,False,ht_chantry-random-25.scen,60
60,ht_chantry.map,planner,1,6530,5899,197,197,6209,5899,6,0,1000,True,ht_chantry-random-25.scen,60
100,ht_chantry.map,planner,1,11455,9537,197,197,10287,9537,10,0,0,False,ht_chantry-random-25.scen,100
100,ht_chantry.map,planner,1,11455,9537,197,197,10287,9537,9,0,0,True,ht_chantry-random-25.scen,100
100,ht_chantry.map,planner,1,11455,9537,197,197,10287,9537,9,0,1,False,ht_chantry-random-25.scen,100
100,ht_chantry.map,planner,1,11416,9537,197,197,10231,9537,11,0,1,True,ht_chantry-random-25.scen,100
100,ht_chantry.map,planner,1,11455,9537,197,197,10287,9537,11,0,10,False,ht_chantry-random-25.scen,100
100,ht_chantry.map,planner,1,11416,9537,197,197,10231,9537,10,0,10,True,ht_chantry-random-25.scen,100
100,ht_chantry.map,planner,1,11455,9537,197,197,10287,9537,9,0,100,False,ht_chantry-random-25.scen,100
100,ht_chantry.map,planner,1,11416,9537,197,197,10231,9537,10,0,100,True,ht_chantry-random-25.scen,100
100,ht_chantry.map,planner,1,11455,9537,197,197,10287,9537,11,0,1000,False,ht_chantry-random-25.scen,100
100,ht_chantry.map,planner,1,11416,9537,197,197,10231,9537,10,0,1000,True,ht_chantry-random-25.scen,100
140,ht_chantry.map,planner,1,15501,12929,197,197,14057,12929,13,0,0,False,ht_chantry-random-25.scen,140
140,ht_chantry.map,planner,1,15501,12929,197,197,14057,12929,13,0,0,True,ht_chantry-random-25.scen,140
140,ht_chantry.map,planner,1,15501,12929,197,197,14057,12929,13,0,1,False,ht_chantry-random-25.scen,140
140,ht_chantry.map,planner,1,15332,12929,197,197,13984,12929,16,0,1,True,ht_chantry-random-25.scen,140
140,ht_chantry.map,planner,1,15501,12929,197,197,14057,12929,14,0,10,False,ht_chantry-random-25.scen,140
140,ht_chantry.map,planner,1,15197,12929,199,197,13996,12929,19,0,10,True,ht_chantry-random-25.scen,140
140,ht_chantry.map,planner,1,15501,12929,197,197,14057,12929,14,0,100,False,ht_chantry-random-25.scen,140
140,ht_chantry.map,planner,1,15197,12929,199,197,13996,12929,18,0,100,True,ht_chantry-random-25.scen,140
140,ht_chantry.map,planner,1,15501,12929,197,197,14057,12929,15,0,1000,False,ht_chantry-random-25.scen,140
140,ht_chantry.map,planner,1,15197,12929,199,197,13996,12929,18,0,1000,True,ht_chantry-random-25.scen,140
180,ht_chantry.map,planner,1,21137,16727,197,197,18678,16727,19,0,0,False,ht_chantry-random-25.scen,180
180,ht_chantry.map,planner,1,21137,16727,197,197,18678,16727,18,0,0,True,ht_chantry-random-25.scen,180
180,ht_chantry.map,planner,1,21137,16727,197,197,18678,16727,18,0,1,False,ht_chantry-random-25.scen,180
180,ht_chantry.map,planner,1,20501,16727,197,197,18341,16727,22,0,1,True,ht_chantry-random-25.scen,180
180,ht_chantry.map,planner,1,21137,16727,197,197,18678,16727,18,0,10,False,ht_chantry-random-25.scen,180
180,ht_chantry.map,planner,1,20286,16727,197,197,18217,16727,31,0,10,True,ht_chantry-random-25.scen,180
180,ht_chantry.map,planner,1,21137,16727,197,197,18678,16727,18,0,100,False,ht_chantry-random-25.scen,180
180,ht_chantry.map,planner,1,20422,16727,197,197,18199,16727,27,0,100,True,ht_chantry-random-25.scen,180
180,ht_chantry.map,planner,1,21137,16727,197,197,18678,16727,17,0,1000,False,ht_chantry-random-25.scen,180
180,ht_chantry.map,planner,1,20422,16727,197,197,18199,16727,25,0,1000,True,ht_chantry-random-25.scen,180
220,ht_chantry.map,planner,1,26393,20427,197,197,23083,20427,23,0,0,False,ht_chantry-random-25.scen,220
220,ht_chantry.map,planner,1,26393,20427,197,197,23083,20427,21,0,0,True,ht_chantry-random-25.scen,220
220,ht_chantry.map,planner,1,26393,20427,197,197,23083,20427,22,0,1,False,ht_chantry-random-25.scen,220
220,ht_chantry.map,planner,1,26038,20427,197,197,22650,20427,26,0,1,True,ht_chantry-random-25.scen,220
220,ht_chantry.map,planner,1,26393,20427,197,197,23083,20427,22,0,10,False,ht_chantry-random-25.scen,220
220,ht_chantry.map,planner,1,25814,20427,198,197,22475,20427,58,0,10,True,ht_chantry-random-25.scen,220
220,ht_chantry.map,planner,1,26393,20427,197,197,23083,20427,22,0,100,False,ht_chantry-random-25.scen,220
220,ht_chantry.map,planner,1,25664,20427,197,197,22532,20427,285,0,100,True,ht_chantry-random-25.scen,220
220,ht_chantry.map,planner,1,26393,20427,197,197,23083,20427,22,0,1000,False,ht_chantry-random-25.scen,220
220,ht_chantry.map,planner,1,25981,20427,197,197,22561,20427,964,0,1000,True,ht_chantry-random-25.scen,220
260,ht_chantry.map,planner,1,31428,24289,197,197,27787,24289,23,0,0,False,ht_chantry-random-25.scen,260
260,ht_chantry.map,planner,1,31428,24289,197,197,27787,24289,25,0,0,True,ht_chantry-random-25.scen,260
260,ht_chantry.map,planner,1,31428,24289,197,197,27787,24289,28,0,1,False,ht_chantry-random-25.scen,260
260,ht_chantry.map,planner,1,31237,24289,197,197,27250,24289,38,0,1,True,ht_chantry-random-25.scen,260
260,ht_chantry.map,planner,1,31428,24289,197,197,27787,24289,28,0,10,False,ht_chantry-random-25.scen,260
260,ht_chantry.map,planner,1,31244,24289,197,197,27205,24289,113,0,10,True,ht_chantry-random-25.scen,260
260,ht_chantry.map,planner,1,31428,24289,197,197,27787,24289,27,0,100,False,ht_chantry-random-25.scen,260
260,ht_chantry.map,planner,1,31631,24289,197,197,27225,24289,708,0,100,True,ht_chantry-random-25.scen,260
260,ht_chantry.map,planner,1,31428,24289,197,197,27787,24289,30,0,1000,False,ht_chantry-random-25.scen,260
260,ht_chantry.map,planner,1,30922,24289,197,197,27075,24289,5985,0,1000,True,ht_chantry-random-25.scen,260
300,ht_chantry.map,planner,1,38285,28031,201,198,32574,28031,31,0,0,False,ht_chantry-random-25.scen,300
300,ht_chantry.map,planner,1,38285,28031,201,198,32574,28031,32,0,0,True,ht_chantry-random-25.scen,300
300,ht_chantry.map,planner,1,38285,28031,201,198,32574,28031,31,0,1,False,ht_chantry-random-25.scen,300
300,ht_chantry.map,planner,1,37932,28031,202,198,32087,28031,43,0,1,True,ht_chantry-random-25.scen,300
300,ht_chantry.map,planner,1,38285,28031,201,198,32574,28031,33,0,10,False,ht_chantry-random-25.scen,300
300,ht_chantry.map,planner,1,38019,28031,199,198,32180,28031,153,0,10,True,ht_chantry-random-25.scen,300
300,ht_chantry.map,planner,1,38285,28031,201,198,32574,28031,34,0,100,False,ht_chantry-random-25.scen,300
300,ht_chantry.map,planner,1,37541,28031,200,198,32015,28031,1070,0,100,True,ht_chantry-random-25.scen,300
300,ht_chantry.map,planner,1,38285,28031,201,198,32574,28031,31,0,1000,False,ht_chantry-random-25.scen,300
300,ht_chantry.map,planner,1,36912,28031,200,198,31703,28031,8886,0,1000,True,ht_chantry-random-25.scen,300
340,ht_chantry.map,planner,1,45449,31911,201,198,37669,31911,36,0,0,False,ht_chantry-random-25.scen,340
340,ht_chantry.map,planner,1,45449,31911,201,198,37669,31911,38,0,0,True,ht_chantry-random-25.scen,340
340,ht_chantry.map,planner,1,45449,31911,201,198,37669,31911,36,0,1,False,ht_chantry-random-25.scen,340
340,ht_chantry.map,planner,1,44718,31911,202,198,37314,31911,52,0,1,True,ht_chantry-random-25.scen,340
340,ht_chantry.map,planner,1,45449,31911,201,198,37669,31911,37,0,10,False,ht_chantry-random-25.scen,340
340,ht_chantry.map,planner,1,44126,31911,203,198,37328,31911,187,0,10,True,ht_chantry-random-25.scen,340
340,ht_chantry.map,planner,1,45449,31911,201,198,37669,31911,36,0,100,False,ht_chantry-random-25.scen,340
340,ht_chantry.map,planner,1,43402,31911,199,198,36482,31911,1198,0,100,True,ht_chantry-random-25.scen,340
340,ht_chantry.map,planner,1,45449,31911,201,198,37669,31911,35,0,1000,False,ht_chantry-random-25.scen,340
340,ht_chantry.map,planner,1,43166,31911,201,198,36725,31911,11461,0,1000,True,ht_chantry-random-25.scen,340
380,ht_chantry.map,planner,1,51034,35795,200,198,42932,35795,41,0,0,False,ht_chantry-random-25.scen,380
380,ht_chantry.map,planner,1,51034,35795,200,198,42932,35795,43,0,0,True,ht_chantry-random-25.scen,380
380,ht_chantry.map,planner,1,51034,35795,200,198,42932,35795,39,0,1,False,ht_chantry-random-25.scen,380
380,ht_chantry.map,planner,1,50216,35795,199,198,42248,35795,58,0,1,True,ht_chantry-random-25.scen,380
380,ht_chantry.map,planner,1,51034,35795,200,198,42932,35795,38,0,10,False,ht_chantry-random-25.scen,380
380,ht_chantry.map,planner,1,50229,35795,201,198,42207,35795,218,0,10,True,ht_chantry-random-25.scen,380
380,ht_chantry.map,planner,1,51034,35795,200,198,42932,35795,45,0,100,False,ht_chantry-random-25.scen,380
380,ht_chantry.map,planner,1,50217,35795,201,198,42128,35795,1588,0,100,True,ht_chantry-random-25.scen,380
380,ht_chantry.map,planner,1,51034,35795,200,198,42932,35795,39,0,1000,False,ht_chantry-random-25.scen,380
380,ht_chantry.map,planner,1,49861,35795,199,198,41867,35795,15919,0,1000,True,ht_chantry-random-25.scen,380
420,ht_chantry.map,planner,1,58012,39891,199,198,48469,39891,50,0,0,False,ht_chantry-random-25.scen,420
420,ht_chantry.map,planner,1,58012,39891,199,198,48469,39891,53,0,0,True,ht_chantry-random-25.scen,420
420,ht_chantry.map,planner,1,58012,39891,199,198,48469,39891,47,0,1,False,ht_chantry-random-25.scen,420
420,ht_chantry.map,planner,1,57180,39891,201,198,47921,39891,69,0,1,True,ht_chantry-random-25.scen,420
420,ht_chantry.map,planner,1,58012,39891,199,198,48469,39891,47,0,10,False,ht_chantry-random-25.scen,420
420,ht_chantry.map,planner,1,56587,39891,205,198,47639,39891,241,0,10,True,ht_chantry-random-25.scen,420
420,ht_chantry.map,planner,1,58012,39891,199,198,48469,39891,46,0,100,False,ht_chantry-random-25.scen,420
420,ht_chantry.map,planner,1,56553,39891,202,198,47597,39891,1799,0,100,True,ht_chantry-random-25.scen,420
420,ht_chantry.map,planner,1,58012,39891,199,198,48469,39891,46,0,1000,False,ht_chantry-random-25.scen,420
420,ht_chantry.map,planner,1,55026,39891,207,198,46771,39891,14875,0,1000,True,ht_chantry-random-25.scen,420
460,ht_chantry.map,planner,1,64666,43734,223,198,54012,43734,59,0,0,False,ht_chantry-random-25.scen,460
460,ht_chantry.map,planner,1,64666,43734,223,198,54012,43734,55,0,0,True,ht_chantry-random-25.scen,460
460,ht_chantry.map,planner,1,64666,43734,223,198,54012,43734,55,0,1,False,ht_chantry-random-25.scen,460
460,ht_chantry.map,planner,1,64167,43734,203,198,53188,43734,77,0,1,True,ht_chantry-random-25.scen,460
460,ht_chantry.map,planner,1,64666,43734,223,198,54012,43734,56,0,10,False,ht_chantry-random-25.scen,460
460,ht_chantry.map,planner,1,63644,43734,201,198,52622,43734,287,0,10,True,ht_chantry-random-25.scen,460
460,ht_chantry.map,planner,1,64666,43734,223,198,54012,43734,55,0,100,False,ht_chantry-random-25.scen,460
460,ht_chantry.map,planner,1,63525,43734,206,198,52541,43734,2190,0,100,True,ht_chantry-random-25.scen,460
460,ht_chantry.map,planner,1,64666,43734,223,198,54012,43734,53,0,1000,False,ht_chantry-random-25.scen,460
460,ht_chantry.map,planner,1,62555,43734,201,198,52226,43734,19457,0,1000,True,ht_chantry-random-25.scen,460
500,ht_chantry.map,planner,1,70728,47452,223,198,59146,47452,52,0,0,False,ht_chantry-random-25.scen,500
500,ht_chantry.map,planner,1,70728,47452,223,198,59146,47452,63,0,0,True,ht_chantry-random-25.scen,500
500,ht_chantry.map,planner,1,70728,47452,223,198,59146,47452,59,0,1,False,ht_chantry-random-25.scen,500
500,ht_chantry.map,planner,1,70873,47452,216,198,59281,47452,82,0,1,True,ht_chantry-random-25.scen,500
500,ht_chantry.map,planner,1,70728,47452,223,198,59146,47452,60,0,10,False,ht_chantry-random-25.scen,500
500,ht_chantry.map,planner,1,70461,47452,209,198,59152,47452,331,0,10,True,ht_chantry-random-25.scen,500
500,ht_chantry.map,planner,1,70728,47452,223,198,59146,47452,59,0,100,False,ht_chantry-random-25.scen,500
500,ht_chantry.map,planner,1,71398,47452,215,198,58936,47452,2752,0,100,True,ht_chantry-random-25.scen,500
500,ht_chantry.map,planner,1,70728,47452,223,198,59146,47452,57,0,1000,False,ht_chantry-random-25.scen,500
500,ht_chantry.map,planner,1,71166,47452,203,198,58809,47452,26252,0,1000,True,ht_chantry-random-25.scen,500
540,ht_chantry.map,planner,1,81298,51766,240,198,67151,51766,67,0,0,False,ht_chantry-random-25.scen,540
540,ht_chantry.map,planner,1,81298,51766,240,198,67151,51766,78,0,0,True,ht_chantry-random-25.scen,540
540,ht_chantry.map,planner,1,81298,51766,240,198,67151,51766,67,0,1,False,ht_chantry-random-25.scen,540
540,ht_chantry.map,planner,1,79980,51766,218,198,66519,51766,98,0,1,True,ht_chantry-random-25.scen,540
540,ht_chantry.map,planner,1,81298,51766,240,198,67151,51766,66,0,10,False,ht_chantry-random-25.scen,540
540,ht_chantry.map,planner,1,79856,51766,212,198,66082,51766,377,0,10,True,ht_chantry-random-25.scen,540
540,ht_chantry.map,planner,1,81298,51766,240,198,67151,51766,68,0,100,False,ht_chantry-random-25.scen,540
540,ht_chantry.map,planner,1,78481,51766,220,198,65048,51766,3052,0,100,True,ht_chantry-random-25.scen,540
540,ht_chantry.map,planner,1,81298,51766,240,198,67151,51766,72,0,1000,False,ht_chantry-random-25.scen,540
540,ht_chantry.map,planner,1,79375,51766,213,198,65559,51766,30028,0,1000,True,ht_chantry-random-25.scen,540
580,ht_chantry.map,planner,1,88275,55640,231,198,73179,55640,73,0,0,False,ht_chantry-random-25.scen,580
580,ht_chantry.map,planner,1,88275,55640,231,198,73179,55640,73,0,0,True,ht_chantry-random-25.scen,580
580,ht_chantry.map,planner,1,88275,55640,231,198,73179,55640,70,0,1,False,ht_chantry-random-25.scen,580
580,ht_chantry.map,planner,1,87859,55640,216,198,72476,55640,103,0,1,True,ht_chantry-random-25.scen,580
580,ht_chantry.map,planner,1,88275,55640,231,198,73179,55640,70,0,10,False,ht_chantry-random-25.scen,580
580,ht_chantry.map,planner,1,87436,55640,218,198,72034,55640,405,0,10,True,ht_chantry-random-25.scen,580
580,ht_chantry.map,planner,1,88275,55640,231,198,73179,55640,69,0,100,False,ht_chantry-random-25.scen,580
580,ht_chantry.map,planner,1,89109,55640,228,198,72274,55640,3229,0,100,True,ht_chantry-random-25.scen,580
580,ht_chantry.map,planner,1,88275,55640,231,198,73179,55640,67,0,1000,False,ht_chantry-random-25.scen,580
580,ht_chantry.map,planner,1,86885,55640,225,198,71185,55640,30507,0,1000,True,ht_chantry-random-25.scen,580
620,ht_chantry.map,planner,1,97723,59174,236,198,80080,59174,75,0,0,False,ht_chantry-random-25.scen,620
620,ht_chantry.map,planner,1,97723,59174,236,198,80080,59174,83,0,0,True,ht_chantry-random-25.scen,620
620,ht_chantry.map,planner,1,97723,59174,236,198,80080,59174,71,0,1,False,ht_chantry-random-25.scen,620
620,ht_chantry.map,planner,1,98047,59174,236,198,80224,59174,114,0,1,True,ht_chantry-random-25.scen,620
620,ht_chantry.map,planner,1,97723,59174,236,198,80080,59174,76,0,10,False,ht_chantry-random-25.scen,620
620,ht_chantry.map,planner,1,94776,59174,228,198,77855,59174,399,0,10,True,ht_chantry-random-25.scen,620
620,ht_chantry.map,planner,1,97723,59174,236,198,80080,59174,74,0,100,False,ht_chantry-random-25.scen,620
620,ht_chantry.map,planner,1,94086,59174,230,198,76884,59174,3306,0,100,True,ht_chantry-random-25.scen,620
620,ht_chantry.map,planner,1,97723,59174,236,198,80080,59174,72,0,1000,False,ht_chantry-random-25.scen,620
620,ht_chantry.map,planner,1,94864,59174,223,198,77111,59174,33361,0,1000,True,ht_chantry-random-25.scen,620
660,ht_chantry.map,planner,1,104822,62952,250,198,85399,62952,87,0,0,False,ht_chantry-random-25.scen,660
660,ht_chantry.map,planner,1,104822,62952,250,198,85399,62952,90,0,0,True,ht_chantry-random-25.scen,660
660,ht_chantry.map,planner,1,104822,62952,250,198,85399,62952,81,0,1,False,ht_chantry-random-25.scen,660
660,ht_chantry.map,planner,1,103575,62952,228,198,84536,62952,134,0,1,True,ht_chantry-random-25.scen,660
660,ht_chantry.map,planner,1,104822,62952,250,198,85399,62952,82,0,10,False,ht_chantry-random-25.scen,660
660,ht_chantry.map,planner,1,104546,62952,236,198,85121,62952,474,0,10,True,ht_chantry-random-25.scen,660
660,ht_chantry.map,planner,1,104822,62952,250,198,85399,62952,81,0,100,False,ht_chantry-random-25.scen,660
660,ht_chantry.map,planner,1,103259,62952,232,198,83716,62952,3759,0,100,True,ht_chantry-random-25.scen,660
660,ht_chantry.map,planner,1,104822,62952,250,198,85399,62952,84,0,1000,False,ht_chantry-random-25.scen,660
660,ht_chantry.map,planner,1,103229,62952,233,198,83311,62952,36753,0,1000,True,ht_chantry-random-25.scen,660
20,ht_chantry.map,planner,1,1784,1671,180,180,1731,1671,2,0,0,False,ht_chantry-random-6.scen,20
20,ht_chantry.map,planner,1,1784,1671,180,180,1731,1671,2,0,0,True,ht_chantry-random-6.scen,20
20,ht_chantry.map,planner,1,1784,1671,180,180,1731,1671,2,0,1,False,ht_chantry-random-6.scen,20
20,ht_chantry.map,planner,1,1784,1671,180,180,1731,1671,1,0,1,True,ht_chantry-random-6.scen,20
20,ht_chantry.map,planner,1,1784,1671,180,180,1731,1671,2,0,10,False,ht_chantry-random-6.scen,20
20,ht_chantry.map,planner,1,1784,1671,180,180,1731,1671,2,0,10,True,ht_chantry-random-6.scen,20
20,ht_chantry.map,planner,1,1784,1671,180,180,1731,1671,2,0,100,False,ht_chantry-random-6.scen,20
20,ht_chantry.map,planner,1,1784,1671,180,180,1731,1671,2,0,100,True,ht_chantry-random-6.scen,20
20,ht_chantry.map,planner,1,1784,1671,180,180,1731,1671,2,0,1000,False,ht_chantry-random-6.scen,20
20,ht_chantry.map,planner,1,1784,1671,180,180,1731,1671,2,0,1000,True,ht_chantry-random-6.scen,20
60,ht_chantry.map,planner,1,6178,5626,191,189,5913,5626,6,0,0,False,ht_chantry-random-6.scen,60
60,ht_chantry.map,planner,1,6178,5626,191,189,5913,5626,6,0,0,True,ht_chantry-random-6.scen,60
60,ht_chantry.map,planner,1,6178,5626,191,189,5913,5626,6,0,1,False,ht_chantry-random-6.scen,60
60,ht_chantry.map,planner,1,6171,5626,189,189,5900,5626,6,0,1,True,ht_chantry-random-6.scen,60
60,ht_chantry.map,planner,1,6178,5626,191,189,5913,5626,6,0,10,False,ht_chantry-random-6.scen,60
60,ht_chantry.map,planner,1,6171,5626,189,189,5900,5626,5,0,10,True,ht_chantry-random-6.scen,60
60,ht_chantry.map,planner,1,6178,5626,191,189,5913,5626,6,0,100,False,ht_chantry-random-6.scen,60
60,ht_chantry.map,planner,1,6171,5626,189,189,5900,5626,5,0,100,True,ht_chantry-random-6.scen,60
60,ht_chantry.map,planner,1,6178,5626,191,189,5913,5626,6,0,1000,False,ht_chantry-random-6.scen,60
60,ht_chantry.map,planner,1,6171,5626,189,189,5900,5626,6,0,1000,True,ht_chantry-random-6.scen,60
100,ht_chantry.map,planner,1,11075,9429,189,189,10236,9429,9,0,0,False,ht_chantry-random-6.scen,100
100,ht_chantry.map,planner,1,11075,9429,189,189,10236,9429,10,0,0,True,ht_chantry-random-6.scen,100
100,ht_chantry.map,planner,1,11075,9429,189,189,10236,9429,9,0,1,False,ht_chantry-random-6.scen,100
100,ht_chantry.map,planner,1,10960,9429,191,189,10099,9429,10,0,1,True,ht_chantry-random-6.scen,100
100,ht_chantry.map,planner,1,11075,9429,189,189,10236,9429,10,0,10,False,ht_chantry-random-6.scen,100
100,ht_chantry.map,planner,1,10960,9429,191,189,10099,9429,10,0,10,True,ht_chantry-random-6.scen,100
100,ht_chantry.map,planner,1,11075,9429,189,189,10236,9429,10,0,100,False,ht_chantry-random-6.scen,100
100,ht_chantry.map,planner,1,10960,9429,191,189,10099,9429,10,0,100,True,ht_chantry-random-6.scen,100
100,ht_chantry.map,planner,1,11075,9429,189,189,10236,9429,9,0,1000,False,ht_chantry-random-6.scen,100
100,ht_chantry.map,planner,1,10960,9429,191,189,10099,9429,10,0,1000,True,ht_chantry-random-6.scen,100
140,ht_chantry.map,planner,1,16490,13293,189,189,14505,13293,15,0,0,False,ht_chantry-random-6.scen,140
140,ht_chantry.map,planner,1,16490,13293,189,189,14505,13293,15,0,0,True,ht_chantry-random-6.scen,140
140,ht_chantry.map,planner,1,16490,13293,189,189,14505,13293,13,0,1,False,ht_chantry-random-6.scen,140
140,ht_chantry.map,planner,1,16121,13293,189,189,14362,13293,17,0,1,True,ht_chantry-random-6.scen,140
140,ht_chantry.map,planner,1,16490,13293,189,189,14505,13293,13,0,10,False,ht_chantry-random-6.scen,140
140,ht_chantry.map,planner,1,16047,13293,190,189,14250,13293,15,0,10,True,ht_chantry-random-6.scen,140
140,ht_chantry.map,planner,1,16490,13293,189,189,14505,13293,15,0,100,False,ht_chantry-random-6.scen,140
140,ht_chantry.map,planner,1,16047,13293,190,189,14250,13293,16,0,100,True,ht_chantry-random-6.scen,140
140,ht_chantry.map,planner,1,16490,13293,189,189,14505,13293,13,0,1000,False,ht_chantry-random-6.scen,140
140,ht_chantry.map,planner,1,16047,13293,190,189,14250,13293,14,0,1000,True,ht_chantry-random-6.scen,140
180,ht_chantry.map,planner,1,21229,17196,189,189,18956,17196,19,0,0,False,ht_chantry-random-6.scen,180
180,ht_chantry.map,planner,1,21229,17196,189,189,18956,17196,18,0,0,True,ht_chantry-random-6.scen,180
180,ht_chantry.map,planner,1,21229,17196,189,189,18956,17196,18,0,1,False,ht_chantry-random-6.scen,180
180,ht_chantry.map,planner,1,21494,17196,189,189,18793,17196,22,0,1,True,ht_chantry-random-6.scen,180
180,ht_chantry.map,planner,1,21229,17196,189,189,18956,17196,18,0,10,False,ht_chantry-random-6.scen,180
180,ht_chantry.map,planner,1,21155,17196,189,189,18739,17196,33,0,10,True,ht_chantry-random-6.scen,180
180,ht_chantry.map,planner,1,21229,17196,189,189,18956,17196,18,0,100,False,ht_chantry-random-6.scen,180
180,ht_chantry.map,planner,1,20913,17196,189,189,18644,17196,77,0,100,True,ht_chantry-random-6.scen,180
180,ht_chantry.map,planner,1,21229,17196,189,189,18956,17196,16,0,1000,False,ht_chantry-random-6.scen,180
180,ht_chantry.map,planner,1,21490,17196,195,189,18737,17196,94,0,1000,True,ht_chantry-random-6.scen,180
220,ht_chantry.map,planner,1,27601,21612,189,189,24269,21612,20,0,0,False,ht_chantry-random-6.scen,220
220,ht_chantry.map,planner,1,27601,21612,189,189,24269,21612,23,0,0,True,ht_chantry-random-6.scen,220
220,ht_chantry.map,planner,1,27601,21612,189,189,24269,21612,22,0,1,False,ht_chantry-random-6.scen,220
220,ht_chantry.map,planner,1,26638,21612,189,189,23614,21612,30,0,1,True,ht_chantry-random-6.scen,220
220,ht_chantry.map,planner,1,27601,21612,189,189,24269,21612,19,0,10,False,ht_chantry-random-6.scen,220
220,ht_chantry.map,planner,1,26271,21612,192,189,23558,21612,77,0,10,True,ht_chantry-random-6.scen,220
220,ht_chantry.map,planner,1,27601,21612,189,189,24269,21612,24,0,100,False,ht_chantry-random-6.scen,220
220,ht_chantry.map,planner,1,26258,21612,189,189,23535,21612,317,0,100,True,ht_chantry-random-6.scen,220
220,ht_chantry.map,planner,1,27601,21612,189,189,24269,21612,21,0,1000,False,ht_chantry-random-6.scen,220
220,ht_chantry.map,planner,1,26593,21612,189,189,23547,21612,393,0,1000,True,ht_chantry-random-6.scen,220
260,ht_chantry.map,planner,1,32802,25595,208,189,28662,25595,29,0,0,False,ht_chantry-random-6.scen,260
260,ht_chantry.map,planner,1,32802,25595,208,189,28662,25595,29,0,0,True,ht_chantry-random-6.scen,260
260,ht_chantry.map,planner,1,32802,25595,208,189,28662,25595,29,0,1,False,ht_chantry-random-6.scen,260
260,ht_chantry.map,planner,1,32231,25595,190,189,28325,25595,36,0,1,True,ht_chantry-random-6.scen,260
260,ht_chantry.map,planner,1,32802,25595,208,189,28662,25595,28,0,10,False,ht_chantry-random-6.scen,260
260,ht_chantry.map,planner,1,32263,25595,194,189,28386,25595,105,0,10,True,ht_chantry-random-6.scen,260
260,ht_chantry.map,planner,1,32802,25595,208,189,28662,25595,27,0,100,False,ht_chantry-random-6.scen,260
260,ht_chantry.map,planner,1,31820,25595,193,189,28291,25595,442,0,100,True,ht_chantry-random-6.scen,260
260,ht_chantry.map,planner,1,32802,25595,208,189,28662,25595,27,0,1000,False,ht_chantry-random-6.scen,260
260,ht_chantry.map,planner,1,31946,25595,193,189,28246,25595,2889,0,1000,True,ht_chantry-random-6.scen,260
300,ht_chantry.map,planner,1,38313,29405,197,195,33651,29405,31,0,0,False,ht_chantry-random-6.scen,300
300,ht_chantry.map,planner,1,38313,29405,197,195,33651,29405,38,0,0,True,ht_chantry-random-6.scen,300
300,ht_chantry.map,planner,1,38313,29405,197,195,33651,29405,37,0,1,False,ht_chantry-random-6.scen,300
300,ht_chantry.map,planner,1,37274,29405,195,195,33164,29405,48,0,1,True,ht_chantry-random-6.scen,300
300,ht_chantry.map,planner,1,38313,29405,197,195,33651,29405,31,0,10,False,ht_chantry-random-6.scen,300
300,ht_chantry.map,planner,1,37597,29405,217,195,33267,29405,176,0,10,True,ht_chantry-random-6.scen,300
300,ht_chantry.map,planner,1,38313,29405,197,195,33651,29405,33,0,100,False,ht_chantry-random-6.scen,300
300,ht_chantry.map,planner,1,37699,29405,217,195,33311,29405,1531,0,100,True,ht_chantry-random-6.scen,300
300,ht_chantry.map,planner,1,38313,29405,197,195,33651,29405,38,0,1000,False,ht_chantry-random-6.scen,300
300,ht_chantry.map,planner,1,37340,29405,218,195,33197,29405,11258,0,1000,True,ht_chantry-random-6.scen,300
340,ht_chantry.map,planner,1,44285,33271,195,195,39017,33271,38,0,0,False,ht_chantry-random-6.scen,340
340,ht_chantry.map,planner,1,44285,33271,195,195,39017,33271,38,0,0,True,ht_chantry-random-6.scen,340
340,ht_chantry.map,planner,1,44285,33271,195,195,39017,33271,36,0,1,False,ht_chantry-random-6.scen,340
340,ht_chantry.map,planner,1,43580,33271,197,195,38163,33271,58,0,1,True,ht_chantry-random-6.scen,340
340,ht_chantry.map,planner,1,44285,33271,195,195,39017,33271,37,0,10,False,ht_chantry-random-6.scen,340
340,ht_chantry.map,planner,1,43603,33271,195,195,38336,33271,208,0,10,True,ht_chantry-random-6.scen,340
340,ht_chantry.map,planner,1,44285,33271,195,195,39017,33271,37,0,100,False,ht_chantry-random-6.scen,340
340,ht_chantry.map,planner,1,43809,33271,196,195,38106,33271,1522,0,100,True,ht_chantry-random-6.scen,340
340,ht_chantry.map,planner,1,44285,33271,195,195,39017,33271,36,0,1000,False,ht_chantry-random-6.scen,340
340,ht_chantry.map,planner,1,42427,33271,195,195,37636,33271,13242,0,1000,True,ht_chantry-random-6.scen,340
380,ht_chantry.map,planner,1,51042,37136,201,201,43768,37136,40,0,0,False,ht_chantry-random-6.scen,380
380,ht_chantry.map,planner,1,51042,37136,201,201,43768,37136,44,0,0,True,ht_chantry-random-6.scen,380
380,ht_chantry.map,planner,1,51042,37136,201,201,43768,37136,43,0,1,False,ht_chantry-random-6.scen,380
380,ht_chantry.map,planner,1,50282,37136,202,201,43747,37136,63,0,1,True,ht_chantry-random-6.scen,380
380,ht_chantry.map,planner,1,51042,37136,201,201,43768,37136,41,0,10,False,ht_chantry-random-6.scen,380
380,ht_chantry.map,planner,1,50171,37136,210,201,43400,37136,235,0,10,True,ht_chantry-random-6.scen,380
380,ht_chantry.map,planner,1,51042,37136,201,201,43768,37136,40,0,100,False,ht_chantry-random-6.scen,380
380,ht_chantry.map,planner,1,49569,37136,206,201,43177,37136,1925,0,100,True,ht_chantry-random-6.scen,380
380,ht_chantry.map,planner,1,51042,37136,201,201,43768,37136,44,0,1000,False,ht_chantry-random-6.scen,380
380,ht_chantry.map,planner,1,48944,37136,205,201,43030,37136,17287,0,1000,True,ht_chantry-random-6.scen,380
420,ht_chantry.map,planner,1,58791,40870,214,201,49826,40870,50,0,0,False,ht_chantry-random-6.scen,420
420,ht_chantry.map,planner,1,58791,40870,214,201,49826,40870,50,0,0,True,ht_chantry-random-6.scen,420
420,ht_chantry.map,planner,1,58791,40870,214,201,49826,40870,49,0,1,False,ht_chantry-random-6.scen,420
420,ht_chantry.map,planner,1,56747,40870,206,201,48631,40870,72,0,1,True,ht_chantry-random-6.scen,420
420,ht_chantry.map,planner,1,58791,40870,214,201,49826,40870,50,0,10,False,ht_chantry-random-6.scen,420
420,ht_chantry.map,planner,1,56427,40870,201,201,48613,40870,288,0,10,True,ht_chantry-random-6.scen,420
420,ht_chantry.map,planner,1,58791,40870,214,201,49826,40870,46,0,100,False,ht_chantry-random-6.scen,420
420,ht_chantry.map,planner,1,55706,40870,210,201,48157,40870,2143,0,100,True,ht_chantry-random-6.scen,420
420,ht_chantry.map,planner,1,58791,40870,214,201,49826,40870,48,0,1000,False,ht_chantry-random-6.scen,420
420,ht_chantry.map,planner,1,56400,40870,205,201,48390,40870,22337,0,1000,True,ht_chantry-random-6.scen,420
460,ht_chantry.map,planner,1,64942,44548,224,201,54956,44548,57,0,0,False,ht_chantry-random-6.scen,460
460,ht_chantry.map,planner,1,64942,44548,224,201,54956,44548,52,0,0,True,ht_chantry-random-6.scen,460
460,ht_chantry.map,planner,1,64942,44548,224,201,54956,44548,53,0,1,False,ht_chantry-random-6.scen,460
460,ht_chantry.map,planner,1,63424,44548,213,201,54166,44548,82,0,1,True,ht_chantry-random-6.scen,460
460,ht_chantry.map,planner,1,64942,44548,224,201,54956,44548,60,0,10,False,ht_chantry-random-6.scen,460
460,ht_chantry.map,planner,1,63169,44548,211,201,54023,44548,312,0,10,True,ht_chantry-random-6.scen,460
460,ht_chantry.map,planner,1,64942,44548,224,201,54956,44548,52,0,100,False,ht_chantry-random-6.scen,460
460,ht_chantry.map,planner,1,63165,44548,207,201,53623,44548,2798,0,100,True,ht_chantry-random-6.scen,460
460,ht_chantry.map,planner,1,64942,44548,224,201,54956,44548,51,0,1000,False,ht_chantry-random-6.scen,460
460,ht_chantry.map,planner,1,62045,44548,204,201,52981,44548,21723,0,1000,True,ht_chantry-random-6.scen,460
500,ht_chantry.map,planner,1,70254,47683,215,201,58724,47683,60,0,0,False,ht_chantry-random-6.scen,500
500,ht_chantry.map,planner,1,70254,47683,215,201,58724,47683,62,0,0,True,ht_chantry-random-6.scen,500
500,ht_chantry.map,planner,1,70254,47683,215,201,58724,47683,57,0,1,False,ht_chantry-random-6.scen,500
500,ht_chantry.map,planner,1,69911,47683,216,201,58635,47683,91,0,1,True,ht_chantry-random-6.scen,500
500,ht_chantry.map,planner,1,70254,47683,215,201,58724,47683,58,0,10,False,ht_chantry-random-6.scen,500
500,ht_chantry.map,planner,1,68592,47683,248,201,57679,47683,322,0,10,True,ht_chantry-random-6.scen,500
500,ht_chantry.map,planner,1,70254,47683,215,201,58724,47683,55,0,100,False,ht_chantry-random-6.scen,500
500,ht_chantry.map,planner,1,68313,47683,205,201,57592,47683,2748,0,100,True,ht_chantry-random-6.scen,500
500,ht_chantry.map,planner,1,70254,47683,215,201,58724,47683,56,0,1000,False,ht_chantry-random-6.scen,500
500,ht_chantry.map,planner,1,68265,47683,205,201,57384,47683,24312,0,1000,True,ht_chantry-random-6.scen,500
540,ht_chantry.map,planner,1,77003,50825,227,201,63822,50825,69,0,0,False,ht_chantry-random-6.scen,540
540,ht_chantry.map,planner,1,77003,50825,227,201,63822,50825,66,0,0,True,ht_chantry-random-6.scen,540
540,ht_chantry.map,planner,1,77003,50825,227,201,63822,50825,63,0,1,False,ht_chantry-random-6.scen,540
540,ht_chantry.map,planner,1,77035,50825,224,201,63465,50825,97,0,1,True,ht_chantry-random-6.scen,540
540,ht_chantry.map,planner,1,77003,50825,227,201,63822,50825,66,0,10,False,ht_chantry-random-6.scen,540
540,ht_chantry.map,planner,1,75013,50825,211,201,63086,50825,361,0,10,True,ht_chantry-random-6.scen,540
540,ht_chantry.map,planner,1,77003,50825,227,201,63822,50825,63,0,100,False,ht_chantry-random-6.scen,540
540,ht_chantry.map,planner,1,74552,50825,210,201,62375,50825,3020,0,100,True,ht_chantry-random-6.scen,540
540,ht_chantry.map,planner,1,77003,50825,227,201,63822,50825,66,0,1000,False,ht_chantry-random-6.scen,540
540,ht_chantry.map,planner,1,74223,50825,212,201,62251,50825,26531,0,1000,True,ht_chantry-random-6.scen,540
580,ht_chantry.map,planner,1,83810,53838,221,201,68840,53838,70,0,0,False,ht_chantry-random-6.scen,580
580,ht_chantry.map,planner,1,83810,53838,221,201,68840,53838,71,0,0,True,ht_chantry-random-6.scen,580
580,ht_chantry.map,planner,1,83810,53838,221,201,68840,53838,60,0,1,False,ht_chantry-random-6.scen,580
580,ht_chantry.map,planner,1,83300,53838,213,201,68126,53838,101,0,1,True,ht_chantry-random-6.scen,580
580,ht_chantry.map,planner,1,83810,53838,221,201,68840,53838,67,0,10,False,ht_chantry-random-6.scen,580
580,ht_chantry.map,planner,1,83939,53838,223,201,68525,53838,407,0,10,True,ht_chantry-random-6.scen,580
580,ht_chantry.map,planner,1,83810,53838,221,201,68840,53838,69,0,100,False,ht_chantry-random-6.scen,580
580,ht_chantry.map,planner,1,81800,53838,212,201,67582,53838,3131,0,100,True,ht_chantry-random-6.scen,580
580,ht_chantry.map,planner,1,83810,53838,221,201,68840,53838,69,0,1000,False,ht_chantry-random-6.scen,580
580,ht_chantry.map,planner,1,83540,53838,225,201,68018,53838,31357,0,1000,True,ht_chantry-random-6.scen,580
620,ht_chantry.map,planner,1,92988,57762,229,204,75304,57762,77,0,0,False,ht_chantry-random-6.scen,620
620,ht_chantry.map,planner,1,92988,57762,229,204,75304,57762,78,0,0,True,ht_chantry-random-6.scen,620
620,ht_chantry.map,planner,1,92988,57762,229,204,75304,57762,74,0,1,False,ht_chantry-random-6.scen,620
620,ht_chantry.map,planner,1,91484,57762,259,204,74431,57762,113,0,1,True,ht_chantry-random-6.scen,620
620,ht_chantry.map,planner,1,92988,57762,229,204,75304,57762,72,0,10,False,ht_chantry-random-6.scen,620
620,ht_chantry.map,planner,1,92959,57762,239,204,75178,57762,427,0,10,True,ht_chantry-random-6.scen,620
620,ht_chantry.map,planner,1,92988,57762,229,204,75304,57762,84,0,100,False,ht_chantry-random-6.scen,620
620,ht_chantry.map,planner,1,91013,57762,227,204,74406,57762,3514,0,100,True,ht_chantry-random-6.scen,620
620,ht_chantry.map,planner,1,92988,57762,229,204,75304,57762,75,0,1000,False,ht_chantry-random-6.scen,620
620,ht_chantry.map,planner,1,89945,57762,219,204,73262,57762,32098,0,1000,True,ht_chantry-random-6.scen,620
660,ht_chantry.map,planner,1,102702,61902,237,204,83021,61902,83,0,0,False,ht_chantry-random-6.scen,660
660,ht_chantry.map,planner,1,102702,61902,237,204,83021,61902,84,0,0,True,ht_chantry-random-6.scen,660
660,ht_chantry.map,planner,1,102702,61902,237,204,83021,61902,82,0,1,False,ht_chantry-random-6.scen,660
660,ht_chantry.map,planner,1,102947,61902,271,204,82223,61902,130,0,1,True,ht_chantry-random-6.scen,660
660,ht_chantry.map,planner,1,102702,61902,237,204,83021,61902,77,0,10,False,ht_chantry-random-6.scen,660
660,ht_chantry.map,planner,1,99185,61902,226,204,81663,61902,468,0,10,True,ht_chantry-random-6.scen,660
660,ht_chantry.map,planner,1,102702,61902,237,204,83021,61902,82,0,100,False,ht_chantry-random-6.scen,660
660,ht_chantry.map,planner,1,100543,61902,235,204,81719,61902,3848,0,100,True,ht_chantry-random-6.scen,660
660,ht_chantry.map,planner,1,102702,61902,237,204,83021,61902,79,0,1000,False,ht_chantry-random-6.scen,660
660,ht_chantry.map,planner,1,101010,61902,230,204,81466,61902,36872,0,1000,True,ht_chantry-random-6.scen,660
20,ht_chantry.map,planner,1,2533,2437,173,173,2515,2437,2,0,0,False,ht_chantry-random-14.scen,20
20,ht_chantry.map,planner,1,2533,2437,173,173,2515,2437,2,0,0,True,ht_chantry-random-14.scen,20
20,ht_chantry.map,planner,1,2533,2437,173,173,2515,2437,2,0,1,False,ht_chantry-random-14.scen,20
20,ht_chantry.map,planner,1,2532,2437,173,173,2512,2437,2,0,1,True,ht_chantry-random-14.scen,20
20,ht_chantry.map,planner,1,2533,2437,173,173,2515,2437,2,0,10,False,ht_chantry-random-14.scen,20
20,ht_chantry.map,planner,1,2532,2437,173,173,2512,2437,2,0,10,True,ht_chantry-random-14.scen,20
20,ht_chantry.map,planner,1,2533,2437,173,173,2515,2437,2,0,100,False,ht_chantry-random-14.scen,20
20,ht_chantry.map,planner,1,2532,2437,173,173,2512,2437,2,0,100,True,ht_chantry-random-14.scen,20
20,ht_chantry.map,planner,1,2533,2437,173,173,2515,2437,2,0,1000,False,ht_chantry-random-14.scen,20
20,ht_chantry.map,planner,1,2532,2437,173,173,2512,2437,2,0,1000,True,ht_chantry-random-14.scen,20
60,ht_chantry.map,planner,1,6817,6125,185,185,6401,6125,6,0,0,False,ht_chantry-random-14.scen,60
60,ht_chantry.map,planner,1,6817,6125,185,185,6401,6125,5,0,0,True,ht_chantry-random-14.scen,60
60,ht_chantry.map,planner,1,6817,6125,185,185,6401,6125,5,0,1,False,ht_chantry-random-14.scen,60
60,ht_chantry.map,planner,1,6840,6125,189,185,6387,6125,6,0,1,True,ht_chantry-random-14.scen,60
60,ht_chantry.map,planner,1,6817,6125,185,185,6401,6125,6,0,10,False,ht_chantry-random-14.scen,60
60,ht_chantry.map,planner,1,6840,6125,189,185,6387,6125,6,0,10,True,ht_chantry-random-14.scen,60
60,ht_chantry.map,planner,1,6817,6125,185,185,6401,6125,6,0,100,False,ht_chantry-random-14.scen,60
60,ht_chantry.map,planner,1,6840,6125,189,185,6387,6125,6,0,100,True,ht_chantry-random-14.scen,60
60,ht_chantry.map,planner,1,6817,6125,185,185,6401,6125,6,0,1000,False,ht_chantry-random-14.scen,60
60,ht_chantry.map,planner,1,6840,6125,189,185,6387,6125,6,0,1000,True,ht_chantry-random-14.scen,60
100,ht_chantry.map,planner,1,11447,9873,185,185,10630,9873,11,0,0,False,ht_chantry-random-14.scen,100
100,ht_chantry.map,planner,1,11447,9873,185,185,10630,9873,10,0,0,True,ht_chantry-random-14.scen,100
100,ht_chantry.map,planner,1,11447,9873,185,185,10630,9873,11,0,1,False,ht_chantry-random-14.scen,100
100,ht_chantry.map,planner,1,11300,9873,185,185,10491,9873,10,0,1,True,ht_chantry-random-14.scen,100
100,ht_chantry.map,planner,1,11447,9873,185,185,10630,9873,10,0,10,False,ht_chantry-random-14.scen,100
100,ht_chantry.map,planner,1,11300,9873,185,185,10491,9873,11,0,10,True,ht_chantry-random-14.scen,100
100,ht_chantry.map,planner,1,11447,9873,185,185,10630,9873,10,0,100,False,ht_chantry-random-14.scen,100
100,ht_chantry.map,planner,1,11300,9873,185,185,10491,9873,10,0,100,True,ht_chantry-random-14.scen,100
100,ht_chantry.map,planner,1,11447,9873,185,185,10630,9873,10,0,1000,False,ht_chantry-random-14.scen,100
100,ht_chantry.map,planner,1,11300,9873,185,185,10491,9873,11,0,1000,True,ht_chantry-random-14.scen,100
140,ht_chantry.map,planner,1,16406,13718,189,185,15001,13718,13,0,0,False,ht_chantry-random-14.scen,140
140,ht_chantry.map,planner,1,16406,13718,189,185,15001,13718,12,0,0,True,ht_chantry-random-14.scen,140
140,ht_chantry.map,planner,1,16406,13718,189,185,15001,13718,13,0,1,False,ht_chantry-random-14.scen,140
140,ht_chantry.map,planner,1,16125,13718,189,185,14683,13718,17,0,1,True,ht_chantry-random-14.scen,140
140,ht_chantry.map,planner,1,16406,13718,189,185,15001,13718,13,0,10,False,ht_chantry-random-14.scen,140
140,ht_chantry.map,planner,1,16038,13718,189,185,14595,13718,17,0,10,True,ht_chantry-random-14.scen,140
140,ht_chantry.map,planner,1,16406,13718,189,185,15001,13718,14,0,100,False,ht_chantry-random-14.scen,140
140,ht_chantry.map,planner,1,16038,13718,189,185,14595,13718,16,0,100,True,ht_chantry-random-14.scen,140
140,ht_chantry.map,planner,1,16406,13718,189,185,15001,13718,15,0,1000,False,ht_chantry-random-14.scen,140
140,ht_chantry.map,planner,1,16038,13718,189,185,14595,13718,17,0,1000,True,ht_chantry-random-14.scen,140
180,ht_chantry.map,planner,1,21755,17664,189,185,19558,17664,17,0,0,False,ht_chantry-random-14.scen,180
180,ht_chantry.map,planner,1,21755,17664,189,185,19558,17664,18,0,0,True,ht_chantry-random-14.scen,180
180,ht_chantry.map,planner,1,21755,17664,189,185,19558,17664,17,0,1,False,ht_chantry-random-14.scen,180
180,ht_chantry.map,planner,1,21438,17664,190,185,19189,17664,24,0,1,True,ht_chantry-random-14.scen,180
180,ht_chantry.map,planner,1,21755,17664,189,185,19558,17664,17,0,10,False,ht_chantry-random-14.scen,180
180,ht_chantry.map,planner,1,21431,17664,197,185,19250,17664,56,0,10,True,ht_chantry-random-14.scen,180
180,ht_chantry.map,planner,1,21755,17664,189,185,19558,17664,16,0,100,False,ht_chantry-random-14.scen,180
180,ht_chantry.map,planner,1,21354,17664,190,185,19151,17664,156,0,100,True,ht_chantry-random-14.scen,180
180,ht_chantry.map,planner,1,21755,17664,189,185,19558,17664,19,0,1000,False,ht_chantry-random-14.scen,180
180,ht_chantry.map,planner,1,21307,17664,189,185,19131,17664,202,0,1000,True,ht_chantry-random-14.scen,180
220,ht_chantry.map,planner,1,26773,21414,189,185,23920,21414,19,0,0,False,ht_chantry-random-14.scen,220
220,ht_chantry.map,planner,1,26773,21414,189,185,23920,21414,21,0,0,True,ht_chantry-random-14.scen,220
220,ht_chantry.map,planner,1,26773,21414,189,185,23920,21414,19,0,1,False,ht_chantry-random-14.scen,220
220,ht_chantry.map,planner,1,26993,21414,189,185,23755,21414,30,0,1,True,ht_chantry-random-14.scen,220
220,ht_chantry.map,planner,1,26773,21414,189,185,23920,21414,20,0,10,False,ht_chantry-random-14.scen,220
220,ht_chantry.map,planner,1,27109,21414,193,185,23842,21414,121,0,10,True,ht_chantry-random-14.scen,220
220,ht_chantry.map,planner,1,26773,21414,189,185,23920,21414,22,0,100,False,ht_chantry-random-14.scen,220
220,ht_chantry.map,planner,1,26154,21414,191,185,23455,21414,638,0,100,True,ht_chantry-random-14.scen,220
220,ht_chantry.map,planner,1,26773,21414,189,185,23920,21414,23,0,1000,False,ht_chantry-random-14.scen,220
220,ht_chantry.map,planner,1,26594,21414,189,185,23577,21414,4630,0,1000,True,ht_chantry-random-14.scen,220
260,ht_chantry.map,planner,1,32757,25360,189,185,28712,25360,28,0,0,False,ht_chantry-random-14.scen,260
260,ht_chantry.map,planner,1,32757,25360,189,185,28712,25360,25,0,0,True,ht_chantry-random-14.scen,260
260,ht_chantry.map,planner,1,32757,25360,189,185,28712,25360,29,0,1,False,ht_chantry-random-14.scen,260
260,ht_chantry.map,planner,1,32474,25360,188,185,28430,25360,38,0,1,True,ht_chantry-random-14.scen,260
260,ht_chantry.map,planner,1,32757,25360,189,185,28712,25360,23,0,10,False,ht_chantry-random-14.scen,260
260,ht_chantry.map,planner,1,31895,25360,196,185,28158,25360,146,0,10,True,ht_chantry-random-14.scen,260
260,ht_chantry.map,planner,1,32757,25360,189,185,28712,25360,27,0,100,False,ht_chantry-random-14.scen,260
260,ht_chantry.map,planner,1,31938,25360,191,185,28126,25360,1072,0,100,True,ht_chantry-random-14.scen,260
260,ht_chantry.map,planner,1,32757,25360,189,185,28712,25360,24,0,1000,False,ht_chantry-random-14.scen,260
260,ht_chantry.map,planner,1,31839,25360,193,185,28006,25360,8960,0,1000,True,ht_chantry-random-14.scen,260
300,ht_chantry.map,planner,1,38221,28594,219,194,32740,28594,33,0,0,False,ht_chantry-random-14.scen,300
300,ht_chantry.map,planner,1,38221,28594,219,194,32740,28594,34,0,0,True,ht_chantry-random-14.scen,300
300,ht_chantry.map,planner,1,38221,28594,219,194,32740,28594,33,0,1,False,ht_chantry-random-14.scen,300
300,ht_chantry.map,planner,1,37428,28594,194,194,32263,28594,43,0,1,True,ht_chantry-random-14.scen,300
300,ht_chantry.map,planner,1,38221,28594,219,194,32740,28594,32,0,10,False,ht_chantry-random-14.scen,300
300,ht_chantry.map,planner,1,36973,28594,196,194,32039,28594,156,0,10,True,ht_chantry-random-14.scen,300
300,ht_chantry.map,planner,1,38221,28594,219,194,32740,28594,33,0,100,False,ht_chantry-random-14.scen,300
300,ht_chantry.map,planner,1,37052,28594,194,194,31866,28594,1096,0,100,True,ht_chantry-random-14.scen,300
300,ht_chantry.map,planner,1,38221,28594,219,194,32740,28594,28,0,1000,False,ht_chantry-random-14.scen,300
300,ht_chantry.map,planner,1,36129,28594,194,194,31615,28594,8080,0,1000,True,ht_chantry-random-14.scen,300
340,ht_chantry.map,planner,1,45217,31912,203,194,37880,31912,35,0,0,False,ht_chantry-random-14.scen,340
340,ht_chantry.map,planner,1,45217,31912,203,194,37880,31912,37,0,0,True,ht_chantry-random-14.scen,340
340,ht_chantry.map,planner,1,45217,31912,203,194,37880,31912,38,0,1,False,ht_chantry-random-14.scen,340
340,ht_chantry.map,planner,1,43614,31912,198,194,37002,31912,56,0,1,True,ht_chantry-random-14.scen,340
340,ht_chantry.map,planner,1,45217,31912,203,194,37880,31912,36,0,10,False,ht_chantry-random-14.scen,340
340,ht_chantry.map,planner,1,44065,31912,201,194,36994,31912,201,0,10,True,ht_chantry-random-14.scen,340
340,ht_chantry.map,planner,1,45217,31912,203,194,37880,31912,37,0,100,False,ht_chantry-random-14.scen,340
340,ht_chantry.map,planner,1,43061,31912,222,194,36538,31912,1479,0,100,True,ht_chantry-random-14.scen,340
340,ht_chantry.map,planner,1,45217,31912,203,194,37880,31912,31,0,1000,False,ht_chantry-random-14.scen,340
340,ht_chantry.map,planner,1,42597,31912,210,194,36475,31912,15845,0,1000,True,ht_chantry-random-14.scen,340
380,ht_chantry.map,planner,1,50036,35383,205,194,41987,35383,42,0,0,False,ht_chantry-random-14.scen,380
380,ht_chantry.map,planner,1,50036,35383,205,194,41987,35383,42,0,0,True,ht_chantry-random-14.scen,380
380,ht_chantry.map,planner,1,50036,35383,205,194,41987,35383,40,0,1,False,ht_chantry-random-14.scen,380
380,ht_chantry.map,planner,1,49473,35383,205,194,41518,35383,61,0,1,True,ht_chantry-random-14.scen,380
380,ht_chantry.map,planner,1,50036,35383,205,194,41987,35383,40,0,10,False,ht_chantry-random-14.scen,380
380,ht_chantry.map,planner,1,49361,35383,201,194,41421,35383,252,0,10,True,ht_chantry-random-14.scen,380
380,ht_chantry.map,planner,1,50036,35383,205,194,41987,35383,40,0,100,False,ht_chantry-random-14.scen,380
380,ht_chantry.map,planner,1,48988,35383,198,194,41192,35383,1706,0,100,True,ht_chantry-random-14.scen,380
380,ht_chantry.map,planner,1,50036,35383,205,194,41987,35383,41,0,1000,False,ht_chantry-random-14.scen,380
380,ht_chantry.map,planner,1,49451,35383,200,194,41309,35383,17370,0,1000,True,ht_chantry-random-14.scen,380
420,ht_chantry.map,planner,1,56891,38668,205,194,46960,38668,46,0,0,False,ht_chantry-random-14.scen,420
420,ht_chantry.map,planner,1,56891,38668,205,194,46960,38668,48,0,0,True,ht_chantry-random-14.scen,420
420,ht_chantry.map,planner,1,56891,38668,205,194,46960,38668,43,0,1,False,ht_chantry-random-14.scen,420
420,ht_chantry.map,planner,1,55314,38668,198,194,45863,38668,65,0,1,True,ht_chantry-random-14.scen,420
420,ht_chantry.map,planner,1,56891,38668,205,194,46960,38668,43,0,10,False,ht_chantry-random-14.scen,420
420,ht_chantry.map,planner,1,54804,38668,197,194,45666,38668,260,0,10,True,ht_chantry-random-14.scen,420
420,ht_chantry.map,planner,1,56891,38668,205,194,46960,38668,41,0,100,False,ht_chantry-random-14.scen,420
420,ht_chantry.map,planner,1,54836,38668,205,194,45373,38668,2072,0,100,True,ht_chantry-random-14.scen,420
420,ht_chantry.map,planner,1,56891,38668,205,194,46960,38668,44,0,1000,False,ht_chantry-random-14.scen,420
420,ht_chantry.map,planner,1,54560,38668,199,194,45548,38668,20193,0,1000,True,ht_chantry-random-14.scen,420
460,ht_chantry.map,planner,1,63913,42396,220,194,51905,42396,53,0,0,False,ht_chantry-random-14.scen,460
460,ht_chantry.map,planner,1,63913,42396,220,194,51905,42396,52,0,0,True,ht_chantry-random-14.scen,460
460,ht_chantry.map,planner,1,63913,42396,220,194,51905,42396,55,0,1,False,ht_chantry-random-14.scen,460
460,ht_chantry.map,planner,1,62432,42396,211,194,51130,42396,78,0,1,True,ht_chantry-random-14.scen,460
460,ht_chantry.map,planner,1,63913,42396,220,194,51905,42396,58,0,10,False,ht_chantry-random-14.scen,460
460,ht_chantry.map,planner,1,62807,42396,209,194,51049,42396,317,0,10,True,ht_chantry-random-14.scen,460
460,ht_chantry.map,planner,1,63913,42396,220,194,51905,42396,49,0,100,False,ht_chantry-random-14.scen,460
460,ht_chantry.map,planner,1,61385,42396,201,194,50354,42396,2341,0,100,True,ht_chantry-random-14.scen,460
460,ht_chantry.map,planner,1,63913,42396,220,194,51905,42396,52,0,1000,False,ht_chantry-random-14.scen,460
460,ht_chantry.map,planner,1,62377,42396,212,194,51296,42396,23602,0,1000,True,ht_chantry-random-14.scen,460
500,ht_chantry.map,planner,1,71308,46131,205,194,57871,46131,52,0,0,False,ht_chantry-random-14.scen,500
500,ht_chantry.map,planner,1,71308,46131,205,194,57871,46131,66,0,0,True,ht_chantry-random-14.scen,500
500,ht_chantry.map,planner,1,71308,46131,205,194,57871,46131,56,0,1,False,ht_chantry-random-14.scen,500
500,ht_chantry.map,planner,1,70374,46131,221,194,57251,46131,88,0,1,True,ht_chantry-random-14.scen,500
500,ht_chantry.map,planner,1,71308,46131,205,194,57871,46131,56,0,10,False,ht_chantry-random-14.scen,500
500,ht_chantry.map,planner,1,69138,46131,218,194,56380,46131,341,0,10,True,ht_chantry-random-14.scen,500
500,ht_chantry.map,planner,1,71308,46131,205,194,57871,46131,55,0,100,False,ht_chantry-random-14.scen,500
500,ht_chantry.map,planner,1,69521,46131,218,194,56335,46131,2996,0,100,True,ht_chantry-random-14.scen,500
500,ht_chantry.map,planner,1,71308,46131,205,194,57871,46131,56,0,1000,False,ht_chantry-random-14.scen,500
500,ht_chantry.map,planner,1,70128,46131,211,194,56805,46131,27790,0,1000,True,ht_chantry-random-14.scen,500
540,ht_chantry.map,planner,1,80240,50512,239,210,64427,50512,66,0,0,False,ht_chantry-random-14.scen,540
540,ht_chantry.map,planner,1,80240,50512,239,210,64427,50512,67,0,0,True,ht_chantry-random-14.scen,540
540,ht_chantry.map,planner,1,80240,50512,239,210,64427,50512,64,0,1,False,ht_chantry-random-14.scen,540
540,ht_chantry.map,planner,1,78046,50512,220,210,63332,50512,100,0,1,True,ht_chantry-random-14.scen,540
540,ht_chantry.map,planner,1,80240,50512,239,210,64427,50512,65,0,10,False,ht_chantry-random-14.scen,540
540,ht_chantry.map,planner,1,80282,50512,216,210,64798,50512,468,0,10,True,ht_chantry-random-14.scen,540
540,ht_chantry.map,planner,1,80240,50512,239,210,64427,50512,68,0,100,False,ht_chantry-random-14.scen,540
540,ht_chantry.map,planner,1,77907,50512,225,210,63098,50512,3413,0,100,True,ht_chantry-random-14.scen,540
540,ht_chantry.map,planner,1,80240,50512,239,210,64427,50512,66,0,1000,False,ht_chantry-random-14.scen,540
540,ht_chantry.map,planner,1,77880,50512,220,210,63070,50512,35630,0,1000,True,ht_chantry-random-14.scen,540
580,ht_chantry.map,planner,1,88406,54163,231,210,71029,54163,71,0,0,False,ht_chantry-random-14.scen,580
580,ht_chantry.map,planner,1,88406,54163,231,210,71029,54163,73,0,0,True,ht_chantry-random-14.scen,580
580,ht_chantry.map,planner,1,88406,54163,231,210,71029,54163,68,0,1,False,ht_chantry-random-14.scen,580
580,ht_chantry.map,planner,1,87457,54163,228,210,70597,54163,104,0,1,True,ht_chantry-random-14.scen,580
580,ht_chantry.map,planner,1,88406,54163,231,210,71029,54163,64,0,10,False,ht_chantry-random-14.scen,580
580,ht_chantry.map,planner,1,88339,54163,235,210,69987,54163,477,0,10,True,ht_chantry-random-14.scen,580
580,ht_chantry.map,planner,1,88406,54163,231,210,71029,54163,69,0,100,False,ht_chantry-random-14.scen,580
580,ht_chantry.map,planner,1,87003,54163,233,210,70486,54163,3941,0,100,True,ht_chantry-random-14.scen,580
580,ht_chantry.map,planner,1,88406,54163,231,210,71029,54163,69,0,1000,False,ht_chantry-random-14.scen,580
580,ht_chantry.map,planner,1,86363,54163,235,210,69218,54163,36284,0,1000,True,ht_chantry-random-14.scen,580
620,ht_chantry.map,planner,1,97107,57335,237,210,76250,57335,66,0,0,False,ht_chantry-random-14.scen,620
620,ht_chantry.map,planner,1,97107,57335,237,210,76250,57335,82,0,0,True,ht_chantry-random-14.scen,620
620,ht_chantry.map,planner,1,97107,57335,237,210,76250,57335,73,0,1,False,ht_chantry-random-14.scen,620
620,ht_chantry.map,planner,1,95233,57335,250,210,75700,57335,121,0,1,True,ht_chantry-random-14.scen,620
620,ht_chantry.map,planner,1,97107,57335,237,210,76250,57335,68,0,10,False,ht_chantry-random-14.scen,620
620,ht_chantry.map,planner,1,93510,57335,224,210,74730,57335,478,0,10,True,ht_chantry-random-14.scen,620
620,ht_chantry.map,planner,1,97107,57335,237,210,76250,57335,71,0,100,False,ht_chantry-random-14.scen,620
620,ht_chantry.map,planner,1,94289,57335,229,210,74924,57335,4210,0,100,True,ht_chantry-random-14.scen,620
620,ht_chantry.map,planner,1,97107,57335,237,210,76250,57335,73,0,1000,False,ht_chantry-random-14.scen,620
620,ht_chantry.map,planner,1,94603,57335,306,210,74331,57335,35467,0,1000,True,ht_chantry-random-14.scen,620
660,ht_chantry.map,planner,1,107634,61010,249,210,84128,61010,85,0,0,False,ht_chantry-random-14.scen,660
660,ht_chantry.map,planner,1,107634,61010,249,210,84128,61010,89,0,0,True,ht_chantry-random-14.scen,660
660,ht_chantry.map,planner,1,107634,61010,249,210,84128,61010,80,0,1,False,ht_chantry-random-14.scen,660
660,ht_chantry.map,planner,1,102469,61010,234,210,81215,61010,128,0,1,True,ht_chantry-random-14.scen,660
660,ht_chantry.map,planner,1,107634,61010,249,210,84128,61010,80,0,10,False,ht_chantry-random-14.scen,660
660,ht_chantry.map,planner,1,102956,61010,240,210,81227,61010,478,0,10,True,ht_chantry-random-14.scen,660
660,ht_chantry.map,planner,1,107634,61010,249,210,84128,61010,80,0,100,False,ht_chantry-random-14.scen,660
660,ht_chantry.map,planner,1,105120,61010,240,210,82679,61010,4081,0,100,True,ht_chantry-random-14.scen,660
660,ht_chantry.map,planner,1,107634,61010,249,210,84128,61010,80,0,1000,False,ht_chantry-random-14.scen,660
660,ht_chantry.map,planner,1,103743,61010,247,210,81673,61010,40696,0,1000,True,ht_chantry-random-14.scen,660
20,ht_chantry.map,planner,1,2274,2247,181,181,2274,2247,2,0,0,False,ht_chantry-random-17.scen,20
20,ht_chantry.map,planner,1,2274,2247,181,181,2274,2247,2,0,0,True,ht_chantry-random-17.scen,20
20,ht_chantry.map,planner,1,2274,2247,181,181,2274,2247,2,0,1,False,ht_chantry-random-17.scen,20
20,ht_chantry.map,planner,1,2274,2247,181,181,2274,2247,2,0,1,True,ht_chantry-random-17.scen,20
20,ht_chantry.map,planner,1,2274,2247,181,181,2274,2247,2,0,10,False,ht_chantry-random-17.scen,20
20,ht_chantry.map,planner,1,2274,2247,181,181,2274,2247,2,0,10,True,ht_chantry-random-17.scen,20
20,ht_chantry.map,planner,1,2274,2247,181,181,2274,2247,2,0,100,False,ht_chantry-random-17.scen,20
20,ht_chantry.map,planner,1,2274,2247,181,181,2274,2247,2,0,100,True,ht_chantry-random-17.scen,20
20,ht_chantry.map,planner,1,2274,2247,181,181,2274,2247,2,0,1000,False,ht_chantry-random-17.scen,20
20,ht_chantry.map,planner,1,2274,2247,181,181,2274,2247,2,0,1000,True,ht_chantry-random-17.scen,20
60,ht_chantry.map,planner,1,6405,5857,181,181,6108,5857,6,0,0,False,ht_chantry-random-17.scen,60
60,ht_chantry.map,planner,1,6405,5857,181,181,6108,5857,5,0,0,True,ht_chantry-random-17.scen,60
60,ht_chantry.map,planner,1,6405,5857,181,181,6108,5857,6,0,1,False,ht_chantry-random-17.scen,60
60,ht_chantry.map,planner,1,6527,5857,181,181,6142,5857,6,0,1,True,ht_chantry-random-17.scen,60
60,ht_chantry.map,planner,1,6405,5857,181,181,6108,5857,6,0,10,False,ht_chantry-random-17.scen,60
60,ht_chantry.map,planner,1,6527,5857,181,181,6142,5857,5,0,10,True,ht_chantry-random-17.scen,60
60,ht_chantry.map,planner,1,6405,5857,181,181,6108,5857,6,0,100,False,ht_chantry-random-17.scen,60
60,ht_chantry.map,planner,1,6527,5857,181,181,6142,5857,5,0,100,True,ht_chantry-random-17.scen,60
60,ht_chantry.map,planner,1,6405,5857,181,181,6108,5857,5,0,1000,False,ht_chantry-random-17.scen,60
60,ht_chantry.map,planner,1,6527,5857,181,181,6142,5857,5,0,1000,True,ht_chantry-random-17.scen,60
100,ht_chantry.map,planner,1,11212,9639,181,181,10352,9639,9,0,0,False,ht_chantry-random-17.scen,100
100,ht_chantry.map,planner,1,11212,9639,181,181,10352,9639,10,0,0,True,ht_chantry-random-17.scen,100
100,ht_chantry.map,planner,1,11212,9639,181,181,10352,9639,9,0,1,False,ht_chantry-random-17.scen,100
100,ht_chantry.map,planner,1,10997,9639,181,181,10235,9639,8,0,1,True,ht_chantry-random-17.scen,100
100,ht_chantry.map,planner,1,11212,9639,181,181,10352,9639,9,0,10,False,ht_chantry-random-17.scen,100
100,ht_chantry.map,planner,1,10997,9639,181,181,10235,9639,10,0,10,True,ht_chantry-random-17.scen,100
100,ht_chantry.map,planner,1,11212,9639,181,181,10352,9639,9,0,100,False,ht_chantry-random-17.scen,100
100,ht_chantry.map,planner,1,10997,9639,181,181,10235,9639,9,0,100,True,ht_chantry-random-17.scen,100
100,ht_chantry.map,planner,1,11212,9639,181,181,10352,9639,9,0,1000,False,ht_chantry-random-17.scen,100
100,ht_chantry.map,planner,1,10997,9639,181,181,10235,9639,9,0,1000,True,ht_chantry-random-17.scen,100
140,ht_chantry.map,planner,1,15614,13401,181,181,14473,13401,14,0,0,False,ht_chantry-random-17.scen,140
140,ht_chantry.map,planner,1,15614,13401,181,181,14473,13401,15,0,0,True,ht_chantry-random-17.scen,140
140,ht_chantry.map,planner,1,15614,13401,181,181,14473,13401,14,0,1,False,ht_chantry-random-17.scen,140
140,ht_chantry.map,planner,1,15584,13401,185,181,14389,13401,13,0,1,True,ht_chantry-random-17.scen,140
140,ht_chantry.map,planner,1,15614,13401,181,181,14473,13401,15,0,10,False,ht_chantry-random-17.scen,140
140,ht_chantry.map,planner,1,15584,13401,185,181,14389,13401,13,0,10,True,ht_chantry-random-17.scen,140
140,ht_chantry.map,planner,1,15614,13401,181,181,14473,13401,14,0,100,False,ht_chantry-random-17.scen,140
140,ht_chantry.map,planner,1,15584,13401,185,181,14389,13401,15,0,100,True,ht_chantry-random-17.scen,140
140,ht_chantry.map,planner,1,15614,13401,181,181,14473,13401,13,0,1000,False,ht_chantry-random-17.scen,140
140,ht_chantry.map,planner,1,15584,13401,185,181,14389,13401,15,0,1000,True,ht_chantry-random-17.scen,140
180,ht_chantry.map,planner,1,21139,17372,186,181,19000,17372,19,0,0,False,ht_chantry-random-17.scen,180
180,ht_chantry.map,planner,1,21139,17372,186,181,19000,17372,19,0,0,True,ht_chantry-random-17.scen,180
180,ht_chantry.map,planner,1,21139,17372,186,181,19000,17372,17,0,1,False,ht_chantry-random-17.scen,180
180,ht_chantry.map,planner,1,21229,17372,209,181,18880,17372,21,0,1,True,ht_chantry-random-17.scen,180
180,ht_chantry.map,planner,1,21139,17372,186,181,19000,17372,20,0,10,False,ht_chantry-random-17.scen,180
180,ht_chantry.map,planner,1,21239,17372,208,181,19001,17372,27,0,10,True,ht_chantry-random-17.scen,180
180,ht_chantry.map,planner,1,21139,17372,186,181,19000,17372,16,0,100,False,ht_chantry-random-17.scen,180
180,ht_chantry.map,planner,1,21466,17372,205,181,18988,17372,33,0,100,True,ht_chantry-random-17.scen,180
180,ht_chantry.map,planner,1,21139,17372,186,181,19000,17372,18,0,1000,False,ht_chantry-random-17.scen,180
180,ht_chantry.map,planner,1,21466,17372,205,181,18988,17372,34,0,1000,True,ht_chantry-random-17.scen,180
220,ht_chantry.map,planner,1,27398,20998,192,192,23550,20998,24,0,0,False,ht_chantry-random-17.scen,220
220,ht_chantry.map,planner,1,27398,20998,192,192,23550,20998,23,0,0,True,ht_chantry-random-17.scen,220
220,ht_chantry.map,planner,1,27398,20998,192,192,23550,20998,24,0,1,False,ht_chantry-random-17.scen,220
220,ht_chantry.map,planner,1,26339,20998,192,192,22938,20998,26,0,1,True,ht_chantry-random-17.scen,220
220,ht_chantry.map,planner,1,27398,20998,192,192,23550,20998,23,0,10,False,ht_chantry-random-17.scen,220
220,ht_chantry.map,planner,1,26082,20998,192,192,22888,20998,32,0,10,True,ht_chantry-random-17.scen,220
220,ht_chantry.map,planner,1,27398,20998,192,192,23550,20998,22,0,100,False,ht_chantry-random-17.scen,220
220,ht_chantry.map,planner,1,25933,20998,192,192,22923,20998,40,0,100,True,ht_chantry-random-17.scen,220
220,ht_chantry.map,planner,1,27398,20998,192,192,23550,20998,23,0,1000,False,ht_chantry-random-17.scen,220
220,ht_chantry.map,planner,1,26401,20998,193,192,22983,20998,49,0,1000,True,ht_chantry-random-17.scen,220
260,ht_chantry.map,planner,1,32537,24894,199,192,28001,24894,31,0,0,False,ht_chantry-random-17.scen,260
260,ht_chantry.map,planner,1,32537,24894,199,192,28001,24894,27,0,0,True,ht_chantry-random-17.scen,260
260,ht_chantry.map,planner,1,32537,24894,199,192,28001,24894,27,0,1,False,ht_chantry-random-17.scen,260
260,ht_chantry.map,planner,1,31619,24894,192,192,27362,24894,33,0,1,True,ht_chantry-random-17.scen,260
260,ht_chantry.map,planner,1,32537,24894,199,192,28001,24894,23,0,10,False,ht_chantry-random-17.scen,260
260,ht_chantry.map,planner,1,31359,24894,192,192,27246,24894,43,0,10,True,ht_chantry-random-17.scen,260
260,ht_chantry.map,planner,1,32537,24894,199,192,28001,24894,27,0,100,False,ht_chantry-random-17.scen,260
260,ht_chantry.map,planner,1,31653,24894,192,192,27378,24894,99,0,100,True,ht_chantry-random-17.scen,260
260,ht_chantry.map,planner,1,32537,24894,199,192,28001,24894,27,0,1000,False,ht_chantry-random-17.scen,260
260,ht_chantry.map,planner,1,31377,24894,203,192,27440,24894,451,0,1000,True,ht_chantry-random-17.scen,260
300,ht_chantry.map,planner,1,38746,29154,199,192,33511,29154,33,0,0,False,ht_chantry-random-17.scen,300
300,ht_chantry.map,planner,1,38746,29154,199,192,33511,29154,35,0,0,True,ht_chantry-random-17.scen,300
300,ht_chantry.map,planner,1,38746,29154,199,192,33511,29154,34,0,1,False,ht_chantry-random-17.scen,300
300,ht_chantry.map,planner,1,37773,29154,201,192,32726,29154,45,0,1,True,ht_chantry-random-17.scen,300
300,ht_chantry.map,planner,1,38746,29154,199,192,33511,29154,30,0,10,False,ht_chantry-random-17.scen,300
300,ht_chantry.map,planner,1,37574,29154,193,192,32517,29154,113,0,10,True,ht_chantry-random-17.scen,300
300,ht_chantry.map,planner,1,38746,29154,199,192,33511,29154,33,0,100,False,ht_chantry-random-17.scen,300
300,ht_chantry.map,planner,1,37484,29154,203,192,32435,29154,644,0,100,True,ht_chantry-random-17.scen,300
300,ht_chantry.map,planner,1,38746,29154,199,192,33511,29154,35,0,1000,False,ht_chantry-random-17.scen,300
300,ht_chantry.map,planner,1,38334,29154,198,192,32509,29154,6641,0,1000,True,ht_chantry-random-17.scen,300
340,ht_chantry.map,planner,1,44354,33049,205,198,38215,33049,43,0,0,False,ht_chantry-random-17.scen,340
340,ht_chantry.map,planner,1,44354,33049,205,198,38215,33049,45,0,0,True,ht_chantry-random-17.scen,340
340,ht_chantry.map,planner,1,44354,33049,205,198,38215,33049,44,0,1,False,ht_chantry-random-17.scen,340
340,ht_chantry.map,planner,1,43690,33049,219,198,37682,33049,53,0,1,True,ht_chantry-random-17.scen,340
340,ht_chantry.map,planner,1,44354,33049,205,198,38215,33049,45,0,10,False,ht_chantry-random-17.scen,340
340,ht_chantry.map,planner,1,43505,33049,226,198,37438,33049,172,0,10,True,ht_chantry-random-17.scen,340
340,ht_chantry.map,planner,1,44354,33049,205,198,38215,33049,38,0,100,False,ht_chantry-random-17.scen,340
340,ht_chantry.map,planner,1,43234,33049,208,198,37067,33049,761,0,100,True,ht_chantry-random-17.scen,340
340,ht_chantry.map,planner,1,44354,33049,205,198,38215,33049,49,0,1000,False,ht_chantry-random-17.scen,340
340,ht_chantry.map,planner,1,43467,33049,220,198,37423,33049,7343,0,1000,True,ht_chantry-random-17.scen,340
380,ht_chantry.map,planner,1,50992,37019,205,198,43122,37019,47,0,0,False,ht_chantry-random-17.scen,380
380,ht_chantry.map,planner,1,50992,37019,205,198,43122,37019,44,0,0,True,ht_chantry-random-17.scen,380
380,ht_chantry.map,planner,1,50992,37019,205,198,43122,37019,44,0,1,False,ht_chantry-random-17.scen,380
380,ht_chantry.map,planner,1,51282,37019,214,198,43303,37019,62,0,1,True,ht_chantry-random-17.scen,380
380,ht_chantry.map,planner,1,50992,37019,205,198,43122,37019,43,0,10,False,ht_chantry-random-17.scen,380
380,ht_chantry.map,planner,1,49940,37019,215,198,42901,37019,185,0,10,True,ht_chantry-random-17.scen,380
380,ht_chantry.map,planner,1,50992,37019,205,198,43122,37019,40,0,100,False,ht_chantry-random-17.scen,380
380,ht_chantry.map,planner,1,50044,37019,208,198,42323,37019,1332,0,100,True,ht_chantry-random-17.scen,380
380,ht_chantry.map,planner,1,50992,37019,205,198,43122,37019,46,0,1000,False,ht_chantry-random-17.scen,380
380,ht_chantry.map,planner,1,50020,37019,222,198,42266,37019,11922,0,1000,True,ht_chantry-random-17.scen,380
420,ht_chantry.map,planner,1,58224,40924,220,198,49094,40924,51,0,0,False,ht_chantry-random-17.scen,420
420,ht_chantry.map,planner,1,58224,40924,220,198,49094,40924,54,0,0,True,ht_chantry-random-17.scen,420
420,ht_chantry.map,planner,1,58224,40924,220,198,49094,40924,48,0,1,False,ht_chantry-random-17.scen,420
420,ht_chantry.map,planner,1,57034,40924,218,198,48205,40924,68,0,1,True,ht_chantry-random-17.scen,420
420,ht_chantry.map,planner,1,58224,40924,220,198,49094,40924,57,0,10,False,ht_chantry-random-17.scen,420
420,ht_chantry.map,planner,1,57206,40924,213,198,47797,40924,240,0,10,True,ht_chantry-random-17.scen,420
420,ht_chantry.map,planner,1,58224,40924,220,198,49094,40924,53,0,100,False,ht_chantry-random-17.scen,420
420,ht_chantry.map,planner,1,56618,40924,205,198,47155,40924,1653,0,100,True,ht_chantry-random-17.scen,420
420,ht_chantry.map,planner,1,58224,40924,220,198,49094,40924,60,0,1000,False,ht_chantry-random-17.scen,420
420,ht_chantry.map,planner,1,55716,40924,217,198,46946,40924,13869,0,1000,True,ht_chantry-random-17.scen,420
460,ht_chantry.map,planner,1,66869,45066,215,198,55179,45066,53,0,0,False,ht_chantry-random-17.scen,460
460,ht_chantry.map,planner,1,66869,45066,215,198,55179,45066,54,0,0,True,ht_chantry-random-17.scen,460
460,ht_chantry.map,planner,1,66869,45066,215,198,55179,45066,48,0,1,False,ht_chantry-random-17.scen,460
460,ht_chantry.map,planner,1,64526,45066,207,198,53914,45066,80,0,1,True,ht_chantry-random-17.scen,460
460,ht_chantry.map,planner,1,66869,45066,215,198,55179,45066,52,0,10,False,ht_chantry-random-17.scen,460
460,ht_chantry.map,planner,1,64507,45066,214,198,53548,45066,243,0,10,True,ht_chantry-random-17.scen,460
460,ht_chantry.map,planner,1,66869,45066,215,198,55179,45066,53,0,100,False,ht_chantry-random-17.scen,460
460,ht_chantry.map,planner,1,64700,45066,215,198,53770,45066,2098,0,100,True,ht_chantry-random-17.scen,460
460,ht_chantry.map,planner,1,66869,45066,215,198,55179,45066,52,0,1000,False,ht_chantry-random-17.scen,460
460,ht_chantry.map,planner,1,64272,45066,213,198,52921,45066,18603,0,1000,True,ht_chantry-random-17.scen,460
500,ht_chantry.map,planner,1,73244,48843,226,198,60262,48843,61,0,0,False,ht_chantry-random-17.scen,500
500,ht_chantry.map,planner,1,73244,48843,226,198,60262,48843,63,0,0,True,ht_chantry-random-17.scen,500
500,ht_chantry.map,planner,1,73244,48843,226,198,60262,48843,60,0,1,False,ht_chantry-random-17.scen,500
500,ht_chantry.map,planner,1,71307,48843,207,198,59046,48843,82,0,1,True,ht_chantry-random-17.scen,500
500,ht_chantry.map,planner,1,73244,48843,226,198,60262,48843,65,0,10,False,ht_chantry-random-17.scen,500
500,ht_chantry.map,planner,1,70295,48843,220,198,58792,48843,292,0,10,True,ht_chantry-random-17.scen,500
500,ht_chantry.map,planner,1,73244,48843,226,198,60262,48843,63,0,100,False,ht_chantry-random-17.scen,500
500,ht_chantry.map,planner,1,70983,48843,226,198,58745,48843,2357,0,100,True,ht_chantry-random-17.scen,500
500,ht_chantry.map,planner,1,73244,48843,226,198,60262,48843,61,0,1000,False,ht_chantry-random-17.scen,500
500,ht_chantry.map,planner,1,69439,48843,228,198,57893,48843,19770,0,1000,True,ht_chantry-random-17.scen,500
540,ht_chantry.map,planner,1,79392,52487,213,198,65622,52487,62,0,0,False,ht_chantry-random-17.scen,540
540,ht_chantry.map,planner,1,79392,52487,213,198,65622,52487,63,0,0,True,ht_chantry-random-17.scen,540
540,ht_chantry.map,planner,1,79392,52487,213,198,65622,52487,60,0,1,False,ht_chantry-random-17.scen,540
540,ht_chantry.map,planner,1,78865,52487,224,198,65146,52487,93,0,1,True,ht_chantry-random-17.scen,540
540,ht_chantry.map,planner,1,79392,52487,213,198,65622,52487,63,0,10,False,ht_chantry-random-17.scen,540
540,ht_chantry.map,planner,1,79424,52487,224,198,65159,52487,374,0,10,True,ht_chantry-random-17.scen,540
540,ht_chantry.map,planner,1,79392,52487,213,198,65622,52487,57,0,100,False,ht_chantry-random-17.scen,540
540,ht_chantry.map,planner,1,78870,52487,216,198,64964,52487,2837,0,100,True,ht_chantry-random-17.scen,540
540,ht_chantry.map,planner,1,79392,52487,213,198,65622,52487,63,0,1000,False,ht_chantry-random-17.scen,540
540,ht_chantry.map,planner,1,78609,52487,221,198,64722,52487,28639,0,1000,True,ht_chantry-random-17.scen,540
580,ht_chantry.map,planner,1,88275,56389,225,198,72060,56389,71,0,0,False,ht_chantry-random-17.scen,580
580,ht_chantry.map,planner,1,88275,56389,225,198,72060,56389,71,0,0,True,ht_chantry-random-17.scen,580
580,ht_chantry.map,planner,1,88275,56389,225,198,72060,56389,69,0,1,False,ht_chantry-random-17.scen,580
580,ht_chantry.map,planner,1,88628,56389,236,198,72116,56389,111,0,1,True,ht_chantry-random-17.scen,580
580,ht_chantry.map,planner,1,88275,56389,225,198,72060,56389,70,0,10,False,ht_chantry-random-17.scen,580
580,ht_chantry.map,planner,1,86771,56389,224,198,71347,56389,380,0,10,True,ht_chantry-random-17.scen,580
580,ht_chantry.map,planner,1,88275,56389,225,198,72060,56389,69,0,100,False,ht_chantry-random-17.scen,580
580,ht_chantry.map,planner,1,86891,56389,222,198,70549,56389,3266,0,100,True,ht_chantry-random-17.scen,580
580,ht_chantry.map,planner,1,88275,56389,225,198,72060,56389,69,0,1000,False,ht_chantry-random-17.scen,580
580,ht_chantry.map,planner,1,87313,56389,255,198,70755,56389,33264,0,1000,True,ht_chantry-random-17.scen,580
620,ht_chantry.map,planner,1,96680,60355,241,198,78481,60355,79,0,0,False,ht_chantry-random-17.scen,620
620,ht_chantry.map,planner,1,96680,60355,241,198,78481,60355,79,0,0,True,ht_chantry-random-17.scen,620
620,ht_chantry.map,planner,1,96680,60355,241,198,78481,60355,75,0,1,False,ht_chantry-random-17.scen,620
620,ht_chantry.map,planner,1,94875,60355,229,198,77405,60355,114,0,1,True,ht_chantry-random-17.scen,620
620,ht_chantry.map,planner,1,96680,60355,241,198,78481,60355,81,0,10,False,ht_chantry-random-17.scen,620
620,ht_chantry.map,planner,1,95301,60355,236,198,77206,60355,436,0,10,True,ht_chantry-random-17.scen,620
620,ht_chantry.map,planner,1,96680,60355,241,198,78481,60355,75,0,100,False,ht_chantry-random-17.scen,620
620,ht_chantry.map,planner,1,95707,60355,230,198,77387,60355,3275,0,100,True,ht_chantry-random-17.scen,620
620,ht_chantry.map,planner,1,96680,60355,241,198,78481,60355,90,0,1000,False,ht_chantry-random-17.scen,620
620,ht_chantry.map,planner,1,94192,60355,265,198,76533,60355,32846,0,1000,True,ht_chantry-random-17.scen,620
660,ht_chantry.map,planner,1,105172,64051,255,198,83966,64051,95,0,0,False,ht_chantry-random-17.scen,660
660,ht_chantry.map,planner,1,105172,64051,255,198,83966,64051,102,0,0,True,ht_chantry-random-17.scen,660
660,ht_chantry.map,planner,1,105172,64051,255,198,83966,64051,104,0,1,False,ht_chantry-random-17.scen,660
660,ht_chantry.map,planner,1,102677,64051,237,198,83101,64051,121,0,1,True,ht_chantry-random-17.scen,660
660,ht_chantry.map,planner,1,105172,64051,255,198,83966,64051,94,0,10,False,ht_chantry-random-17.scen,660
660,ht_chantry.map,planner,1,105278,64051,242,198,83884,64051,466,0,10,True,ht_chantry-random-17.scen,660
660,ht_chantry.map,planner,1,105172,64051,255,198,83966,64051,93,0,100,False,ht_chantry-random-17.scen,660
660,ht_chantry.map,planner,1,102489,64051,249,198,83034,64051,3698,0,100,True,ht_chantry-random-17.scen,660
660,ht_chantry.map,planner,1,105172,64051,255,198,83966,64051,95,0,1000,False,ht_chantry-random-17.scen,660
660,ht_chantry.map,planner,1,102506,64051,238,198,82692,64051,34939,0,1000,True,ht_chantry-random-17.scen,660
20,ht_chantry.map,planner,1,1857,1744,186,186,1775,1744,2,0,0,False,ht_chantry-random-20.scen,20
20,ht_chantry.map,planner,1,1857,1744,186,186,1775,1744,2,0,0,True,ht_chantry-random-20.scen,20
20,ht_chantry.map,planner,1,1857,1744,186,186,1775,1744,2,0,1,False,ht_chantry-random-20.scen,20
20,ht_chantry.map,planner,1,1857,1744,186,186,1775,1744,2,0,1,True,ht_chantry-random-20.scen,20
20,ht_chantry.map,planner,1,1857,1744,186,186,1775,1744,2,0,10,False,ht_chantry-random-20.scen,20
20,ht_chantry.map,planner,1,1857,1744,186,186,1775,1744,2,0,10,True,ht_chantry-random-20.scen,20
20,ht_chantry.map,planner,1,1857,1744,186,186,1775,1744,2,0,100,False,ht_chantry-random-20.scen,20
20,ht_chantry.map,planner,1,1857,1744,186,186,1775,1744,2,0,100,True,ht_chantry-random-20.scen,20
20,ht_chantry.map,planner,1,1857,1744,186,186,1775,1744,2,0,1000,False,ht_chantry-random-20.scen,20
20,ht_chantry.map,planner,1,1857,1744,186,186,1775,1744,2,0,1000,True,ht_chantry-random-20.scen,20
60,ht_chantry.map,planner,1,5491,4911,186,186,5109,4911,5,0,0,False,ht_chantry-random-20.scen,60
60,ht_chantry.map,planner,1,5491,4911,186,186,5109,4911,5,0,0,True,ht_chantry-random-20.scen,60
60,ht_chantry.map,planner,1,5491,4911,186,186,5109,4911,5,0,1,False,ht_chantry-random-20.scen,60
60,ht_chantry.map,planner,1,5491,4911,186,186,5109,4911,5,0,1,True,ht_chantry-random-20.scen,60
60,ht_chantry.map,planner,1,5491,4911,186,186,5109,4911,5,0,10,False,ht_chantry-random-20.scen,60
60,ht_chantry.map,planner,1,5491,4911,186,186,5109,4911,5,0,10,True,ht_chantry-random-20.scen,60
60,ht_chantry.map,planner,1,5491,4911,186,186,5109,4911,6,0,100,False,ht_chantry-random-20.scen,60
60,ht_chantry.map,planner,1,5491,4911,186,186,5109,4911,5,0,100,True,ht_chantry-random-20.scen,60
60,ht_chantry.map,planner,1,5491,4911,186,186,5109,4911,5,0,1000,False,ht_chantry-random-20.scen,60
60,ht_chantry.map,planner,1,5491,4911,186,186,5109,4911,5,0,1000,True,ht_chantry-random-20.scen,60
100,ht_chantry.map,planner,1,10793,9182,186,186,9747,9182,9,0,0,False,ht_chantry-random-20.scen,100
100,ht_chantry.map,planner,1,10793,9182,186,186,9747,9182,9,0,0,True,ht_chantry-random-20.scen,100
100,ht_chantry.map,planner,1,10793,9182,186,186,9747,9182,11,0,1,False,ht_chantry-random-20.scen,100
100,ht_chantry.map,planner,1,10701,9182,193,186,9752,9182,9,0,1,True,ht_chantry-random-20.scen,100
100,ht_chantry.map,planner,1,10793,9182,186,186,9747,9182,9,0,10,False,ht_chantry-random-20.scen,100
100,ht_chantry.map,planner,1,10701,9182,193,186,9752,9182,9,0,10,True,ht_chantry-random-20.scen,100
100,ht_chantry.map,planner,1,10793,9182,186,186,9747,9182,8,0,100,False,ht_chantry-random-20.scen,100
100,ht_chantry.map,planner,1,10701,9182,193,186,9752,9182,9,0,100,True,ht_chantry-random-20.scen,100
100,ht_chantry.map,planner,1,10793,9182,186,186,9747,9182,10,0,1000,False,ht_chantry-random-20.scen,100
100,ht_chantry.map,planner,1,10701,9182,193,186,9752,9182,10,0,1000,True,ht_chantry-random-20.scen,100
140,ht_chantry.map,planner,1,15714,12797,186,186,13937,12797,13,0,0,False,ht_chantry-random-20.scen,140
140,ht_chantry.map,planner,1,15714,12797,186,186,13937,12797,13,0,0,True,ht_chantry-random-20.scen,140
140,ht_chantry.map,planner,1,15714,12797,186,186,13937,12797,12,0,1,False,ht_chantry-random-20.scen,140
140,ht_chantry.map,planner,1,15578,12797,197,186,13775,12797,14,0,1,True,ht_chantry-random-20.scen,140
140,ht_chantry.map,planner,1,15714,12797,186,186,13937,12797,14,0,10,False,ht_chantry-random-20.scen,140
140,ht_chantry.map,planner,1,15457,12797,186,186,13746,12797,14,0,10,True,ht_chantry-random-20.scen,140
140,ht_chantry.map,planner,1,15714,12797,186,186,13937,12797,12,0,100,False,ht_chantry-random-20.scen,140
140,ht_chantry.map,planner,1,15457,12797,186,186,13746,12797,15,0,100,True,ht_chantry-random-20.scen,140
140,ht_chantry.map,planner,1,15714,12797,186,186,13937,12797,13,0,1000,False,ht_chantry-random-20.scen,140
140,ht_chantry.map,planner,1,15457,12797,186,186,13746,12797,14,0,1000,True,ht_chantry-random-20.scen,140
180,ht_chantry.map,planner,1,20387,16360,186,186,18073,16360,18,0,0,False,ht_chantry-random-20.scen,180
180,ht_chantry.map,planner,1,20387,16360,186,186,18073,16360,19,0,0,True,ht_chantry-random-20.scen,180
180,ht_chantry.map,planner,1,20387,16360,186,186,18073,16360,16,0,1,False,ht_chantry-random-20.scen,180
180,ht_chantry.map,planner,1,20186,16360,186,186,17854,16360,21,0,1,True,ht_chantry-random-20.scen,180
180,ht_chantry.map,planner,1,20387,16360,186,186,18073,16360,17,0,10,False,ht_chantry-random-20.scen,180
180,ht_chantry.map,planner,1,20187,16360,186,186,17842,16360,28,0,10,True,ht_chantry-random-20.scen,180
180,ht_chantry.map,planner,1,20387,16360,186,186,18073,16360,16,0,100,False,ht_chantry-random-20.scen,180
180,ht_chantry.map,planner,1,20285,16360,186,186,17823,16360,67,0,100,True,ht_chantry-random-20.scen,180
180,ht_chantry.map,planner,1,20387,16360,186,186,18073,16360,16,0,1000,False,ht_chantry-random-20.scen,180
180,ht_chantry.map,planner,1,20262,16360,187,186,17810,16360,78,0,1000,True,ht_chantry-random-20.scen,180
220,ht_chantry.map,planner,1,26876,20319,186,186,22952,20319,23,0,0,False,ht_chantry-random-20.scen,220
220,ht_chantry.map,planner,1,26876,20319,186,186,22952,20319,23,0,0,True,ht_chantry-random-20.scen,220
220,ht_chantry.map,planner,1,26876,20319,186,186,22952,20319,21,0,1,False,ht_chantry-random-20.scen,220
220,ht_chantry.map,planner,1,26167,20319,186,186,22588,20319,31,0,1,True,ht_chantry-random-20.scen,220
220,ht_chantry.map,planner,1,26876,20319,186,186,22952,20319,22,0,10,False,ht_chantry-random-20.scen,220
220,ht_chantry.map,planner,1,25604,20319,186,186,22386,20319,88,0,10,True,ht_chantry-random-20.scen,220
220,ht_chantry.map,planner,1,26876,20319,186,186,22952,20319,20,0,100,False,ht_chantry-random-20.scen,220
220,ht_chantry.map,planner,1,26080,20319,196,186,22473,20319,598,0,100,True,ht_chantry-random-20.scen,220
220,ht_chantry.map,planner,1,26876,20319,186,186,22952,20319,22,0,1000,False,ht_chantry-random-20.scen,220
220,ht_chantry.map,planner,1,25592,20319,190,186,22267,20319,1921,0,1000,True,ht_chantry-random-20.scen,220
260,ht_chantry.map,planner,1,31577,23789,196,190,27140,23789,25,0,0,False,ht_chantry-random-20.scen,260
260,ht_chantry.map,planner,1,31577,23789,196,190,27140,23789,25,0,0,True,ht_chantry-random-20.scen,260
260,ht_chantry.map,planner,1,31577,23789,196,190,27140,23789,26,0,1,False,ht_chantry-random-20.scen,260
260,ht_chantry.map,planner,1,31185,23789,190,190,26712,23789,40,0,1,True,ht_chantry-random-20.scen,260
260,ht_chantry.map,planner,1,31577,23789,196,190,27140,23789,24,0,10,False,ht_chantry-random-20.scen,260
260,ht_chantry.map,planner,1,31211,23789,192,190,26466,23789,130,0,10,True,ht_chantry-random-20.scen,260
260,ht_chantry.map,planner,1,31577,23789,196,190,27140,23789,26,0,100,False,ht_chantry-random-20.scen,260
260,ht_chantry.map,planner,1,31662,23789,198,190,26770,23789,1062,0,100,True,ht_chantry-random-20.scen,260
260,ht_chantry.map,planner,1,31577,23789,196,190,27140,23789,26,0,1000,False,ht_chantry-random-20.scen,260
260,ht_chantry.map,planner,1,31127,23789,196,190,26568,23789,7163,0,1000,True,ht_chantry-random-20.scen,260
300,ht_chantry.map,planner,1,37322,27716,195,190,31877,27716,31,0,0,False,ht_chantry-random-20.scen,300
300,ht_chantry.map,planner,1,37322,27716,195,190,31877,27716,31,0,0,True,ht_chantry-random-20.scen,300
300,ht_chantry.map,planner,1,37322,27716,195,190,31877,27716,30,0,1,False,ht_chantry-random-20.scen,300
300,ht_chantry.map,planner,1,36880,27716,194,190,31323,27716,47,0,1,True,ht_chantry-random-20.scen,300
300,ht_chantry.map,planner,1,37322,27716,195,190,31877,27716,32,0,10,False,ht_chantry-random-20.scen,300
300,ht_chantry.map,planner,1,36768,27716,192,190,31470,27716,173,0,10,True,ht_chantry-random-20.scen,300
300,ht_chantry.map,planner,1,37322,27716,195,190,31877,27716,31,0,100,False,ht_chantry-random-20.scen,300
300,ht_chantry.map,planner,1,36496,27716,223,190,31155,27716,1177,0,100,True,ht_chantry-random-20.scen,300
300,ht_chantry.map,planner,1,37322,27716,195,190,31877,27716,35,0,1000,False,ht_chantry-random-20.scen,300
300,ht_chantry.map,planner,1,36603,27716,210,190,31092,27716,10149,0,1000,True,ht_chantry-random-20.scen,300
340,ht_chantry.map,planner,1,42516,31126,197,190,36442,31126,38,0,0,False,ht_chantry-random-20.scen,340
340,ht_chantry.map,planner,1,42516,31126,197,190,36442,31126,36,0,0,True,ht_chantry-random-20.scen,340
340,ht_chantry.map,planner,1,42516,31126,197,190,36442,31126,30,0,1,False,ht_chantry-random-20.scen,340
340,ht_chantry.map,planner,1,42961,31126,200,190,36342,31126,55,0,1,True,ht_chantry-random-20.scen,340
340,ht_chantry.map,planner,1,42516,31126,197,190,36442,31126,36,0,10,False,ht_chantry-random-20.scen,340
340,ht_chantry.map,planner,1,42834,31126,201,190,36121,31126,216,0,10,True,ht_chantry-random-20.scen,340
340,ht_chantry.map,planner,1,42516,31126,197,190,36442,31126,35,0,100,False,ht_chantry-random-20.scen,340
340,ht_chantry.map,planner,1,41824,31126,194,190,35686,31126,1440,0,100,True,ht_chantry-random-20.scen,340
340,ht_chantry.map,planner,1,42516,31126,197,190,36442,31126,35,0,1000,False,ht_chantry-random-20.scen,340
340,ht_chantry.map,planner,1,41927,31126,197,190,35476,31126,12849,0,1000,True,ht_chantry-random-20.scen,340
380,ht_chantry.map,planner,1,49248,34782,198,198,41273,34782,39,0,0,False,ht_chantry-random-20.scen,380
380,ht_chantry.map,planner,1,49248,34782,198,198,41273,34782,40,0,0,True,ht_chantry-random-20.scen,380
380,ht_chantry.map,planner,1,49248,34782,198,198,41273,34782,35,0,1,False,ht_chantry-random-20.scen,380
380,ht_chantry.map,planner,1,48301,34782,199,198,40391,34782,57,0,1,True,ht_chantry-random-20.scen,380
380,ht_chantry.map,planner,1,49248,34782,198,198,41273,34782,39,0,10,False,ht_chantry-random-20.scen,380
380,ht_chantry.map,planner,1,48366,34782,207,198,40571,34782,263,0,10,True,ht_chantry-random-20.scen,380
380,ht_chantry.map,planner,1,49248,34782,198,198,41273,34782,39,0,100,False,ht_chantry-random-20.scen,380
380,ht_chantry.map,planner,1,48286,34782,198,198,40205,34782,1770,0,100,True,ht_chantry-random-20.scen,380
380,ht_chantry.map,planner,1,49248,34782,198,198,41273,34782,40,0,1000,False,ht_chantry-random-20.scen,380
380,ht_chantry.map,planner,1,49077,34782,204,198,40803,34782,19008,0,1000,True,ht_chantry-random-20.scen,380
420,ht_chantry.map,planner,1,55750,38586,212,198,46489,38586,46,0,0,False,ht_chantry-random-20.scen,420
420,ht_chantry.map,planner,1,55750,38586,212,198,46489,38586,47,0,0,True,ht_chantry-random-20.scen,420
420,ht_chantry.map,planner,1,55750,38586,212,198,46489,38586,45,0,1,False,ht_chantry-random-20.scen,420
420,ht_chantry.map,planner,1,55869,38586,202,198,45920,38586,68,0,1,True,ht_chantry-random-20.scen,420
420,ht_chantry.map,planner,1,55750,38586,212,198,46489,38586,47,0,10,False,ht_chantry-random-20.scen,420
420,ht_chantry.map,planner,1,55104,38586,203,198,45667,38586,253,0,10,True,ht_chantry-random-20.scen,420
420,ht_chantry.map,planner,1,55750,38586,212,198,46489,38586,44,0,100,False,ht_chantry-random-20.scen,420
420,ht_chantry.map,planner,1,55275,38586,208,198,45907,38586,2327,0,100,True,ht_chantry-random-20.scen,420
420,ht_chantry.map,planner,1,55750,38586,212,198,46489,38586,44,0,1000,False,ht_chantry-random-20.scen,420
420,ht_chantry.map,planner,1,54798,38586,199,198,45321,38586,21051,0,1000,True,ht_chantry-random-20.scen,420
460,ht_chantry.map,planner,1,62814,42226,219,198,51706,42226,51,0,0,False,ht_chantry-random-20.scen,460
460,ht_chantry.map,planner,1,62814,42226,219,198,51706,42226,53,0,0,True,ht_chantry-random-20.scen,460
460,ht_chantry.map,planner,1,62814,42226,219,198,51706,42226,53,0,1,False,ht_chantry-random-20.scen,460
460,ht_chantry.map,planner,1,61719,42226,205,198,50818,42226,73,0,1,True,ht_chantry-random-20.scen,460
460,ht_chantry.map,planner,1,62814,42226,219,198,51706,42226,50,0,10,False,ht_chantry-random-20.scen,460
460,ht_chantry.map,planner,1,61233,42226,224,198,50750,42226,287,0,10,True,ht_chantry-random-20.scen,460
460,ht_chantry.map,planner,1,62814,42226,219,198,51706,42226,51,0,100,False,ht_chantry-random-20.scen,460
460,ht_chantry.map,planner,1,60486,42226,205,198,50137,42226,2278,0,100,True,ht_chantry-random-20.scen,460
460,ht_chantry.map,planner,1,62814,42226,219,198,51706,42226,51,0,1000,False,ht_chantry-random-20.scen,460
460,ht_chantry.map,planner,1,60412,42226,218,198,50069,42226,22358,0,1000,True,ht_chantry-random-20.scen,460
500,ht_chantry.map,planner,1,69942,46245,218,198,57704,46245,58,0,0,False,ht_chantry-random-20.scen,500
500,ht_chantry.map,planner,1,69942,46245,218,198,57704,46245,58,0,0,True,ht_chantry-random-20.scen,500
500,ht_chantry.map,planner,1,69942,46245,218,198,57704,46245,57,0,1,False,ht_chantry-random-20.scen,500
500,ht_chantry.map,planner,1,68888,46245,209,198,56843,46245,86,0,1,True,ht_chantry-random-20.scen,500
500,ht_chantry.map,planner,1,69942,46245,218,198,57704,46245,64,0,10,False,ht_chantry-random-20.scen,500
500,ht_chantry.map,planner,1,69204,46245,208,198,56936,46245,330,0,10,True,ht_chantry-random-20.scen,500
500,ht_chantry.map,planner,1,69942,46245,218,198,57704,46245,55,0,100,False,ht_chantry-random-20.scen,500
500,ht_chantry.map,planner,1,69059,46245,204,198,56311,46245,2545,0,100,True,ht_chantry-random-20.scen,500
500,ht_chantry.map,planner,1,69942,46245,218,198,57704,46245,56,0,1000,False,ht_chantry-random-20.scen,500
500,ht_chantry.map,planner,1,69025,46245,206,198,56380,46245,23425,0,1000,True,ht_chantry-random-20.scen,500
540,ht_chantry.map,planner,1,76541,49746,219,198,62960,49746,67,0,0,False,ht_chantry-random-20.scen,540
540,ht_chantry.map,planner,1,76541,49746,219,198,62960,49746,64,0,0,True,ht_chantry-random-20.scen,540
540,ht_chantry.map,planner,1,76541,49746,219,198,62960,49746,59,0,1,False,ht_chantry-random-20.scen,540
540,ht_chantry.map,planner,1,80132,49746,304,198,63491,49746,111,0,1,True,ht_chantry-random-20.scen,540
540,ht_chantry.map,planner,1,76541,49746,219,198,62960,49746,62,0,10,False,ht_chantry-random-20.scen,540
540,ht_chantry.map,planner,1,76715,49746,214,198,62700,49746,372,0,10,True,ht_chantry-random-20.scen,540
540,ht_chantry.map,planner,1,76541,49746,219,198,62960,49746,61,0,100,False,ht_chantry-random-20.scen,540
540,ht_chantry.map,planner,1,75703,49746,227,198,61512,49746,2943,0,100,True,ht_chantry-random-20.scen,540
540,ht_chantry.map,planner,1,76541,49746,219,198,62960,49746,68,0,1000,False,ht_chantry-random-20.scen,540
540,ht_chantry.map,planner,1,75198,49746,216,198,61661,49746,29649,0,1000,True,ht_chantry-random-20.scen,540
580,ht_chantry.map,planner,1,85393,53374,217,198,69063,53374,69,0,0,False,ht_chantry-random-20.scen,580
580,ht_chantry.map,planner,1,85393,53374,217,198,69063,53374,72,0,0,True,ht_chantry-random-20.scen,580
580,ht_chantry.map,planner,1,85393,53374,217,198,69063,53374,65,0,1,False,ht_chantry-random-20.scen,580
580,ht_chantry.map,planner,1,84044,53374,211,198,68326,53374,99,0,1,True,ht_chantry-random-20.scen,580
580,ht_chantry.map,planner,1,85393,53374,217,198,69063,53374,64,0,10,False,ht_chantry-random-20.scen,580
580,ht_chantry.map,planner,1,84647,53374,226,198,68314,53374,435,0,10,True,ht_chantry-random-20.scen,580
580,ht_chantry.map,planner,1,85393,53374,217,198,69063,53374,71,0,100,False,ht_chantry-random-20.scen,580
580,ht_chantry.map,planner,1,82099,53374,212,198,67015,53374,3025,0,100,True,ht_chantry-random-20.scen,580
580,ht_chantry.map,planner,1,85393,53374,217,198,69063,53374,69,0,1000,False,ht_chantry-random-20.scen,580
580,ht_chantry.map,planner,1,84882,53374,217,198,67715,53374,32209,0,1000,True,ht_chantry-random-20.scen,580
620,ht_chantry.map,planner,1,93997,57030,225,198,75090,57030,72,0,0,False,ht_chantry-random-20.scen,620
620,ht_chantry.map,planner,1,93997,57030,225,198,75090,57030,86,0,0,True,ht_chantry-random-20.scen,620
620,ht_chantry.map,planner,1,93997,57030,225,198,75090,57030,69,0,1,False,ht_chantry-random-20.scen,620
620,ht_chantry.map,planner,1,92433,57030,228,198,73468,57030,110,0,1,True,ht_chantry-random-20.scen,620
620,ht_chantry.map,planner,1,93997,57030,225,198,75090,57030,74,0,10,False,ht_chantry-random-20.scen,620
620,ht_chantry.map,planner,1,90810,57030,229,198,73531,57030,447,0,10,True,ht_chantry-random-20.scen,620
620,ht_chantry.map,planner,1,93997,57030,225,198,75090,57030,69,0,100,False,ht_chantry-random-20.scen,620
620,ht_chantry.map,planner,1,91559,57030,225,198,73663,57030,3367,0,100,True,ht_chantry-random-20.scen,620
620,ht_chantry.map,planner,1,93997,57030,225,198,75090,57030,77,0,1000,False,ht_chantry-random-20.scen,620
620,ht_chantry.map,planner,1,90525,57030,212,198,72176,57030,32247,0,1000,True,ht_chantry-random-20.scen,620
660,ht_chantry.map,planner,1,104029,60729,227,198,82290,60729,76,0,0,False,ht_chantry-random-20.scen,660
660,ht_chantry.map,planner,1,104029,60729,227,198,82290,60729,86,0,0,True,ht_chantry-random-20.scen,660
660,ht_chantry.map,planner,1,104029,60729,227,198,82290,60729,79,0,1,False,ht_chantry-random-20.scen,660
660,ht_chantry.map,planner,1,101843,60729,225,198,81223,60729,134,0,1,True,ht_chantry-random-20.scen,660
660,ht_chantry.map,planner,1,104029,60729,227,198,82290,60729,78,0,10,False,ht_chantry-random-20.scen,660
660,ht_chantry.map,planner,1,100124,60729,224,198,79771,60729,461,0,10,True,ht_chantry-random-20.scen,660
660,ht_chantry.map,planner,1,104029,60729,227,198,82290,60729,76,0,100,False,ht_chantry-random-20.scen,660
660,ht_chantry.map,planner,1,99160,60729,228,198,78991,60729,3880,0,100,True,ht_chantry-random-20.scen,660
660,ht_chantry.map,planner,1,104029,60729,227,198,82290,60729,80,0,1000,False,ht_chantry-random-20.scen,660
660,ht_chantry.map,planner,1,99851,60729,229,198,79466,60729,41528,0,1000,True,ht_chantry-random-20.scen,660
20,ht_chantry.map,planner,1,1792,1745,177,177,1752,1745,1,0,0,False,ht_chantry-random-15.scen,20
20,ht_chantry.map,planner,1,1792,1745,177,177,1752,1745,2,0,0,True,ht_chantry-random-15.scen,20
20,ht_chantry.map,planner,1,1792,1745,177,177,1752,1745,2,0,1,False,ht_chantry-random-15.scen,20
20,ht_chantry.map,planner,1,1792,1745,177,177,1752,1745,2,0,1,True,ht_chantry-random-15.scen,20
20,ht_chantry.map,planner,1,1792,1745,177,177,1752,1745,2,0,10,False,ht_chantry-random-15.scen,20
20,ht_chantry.map,planner,1,1792,1745,177,177,1752,1745,2,0,10,True,ht_chantry-random-15.scen,20
20,ht_chantry.map,planner,1,1792,1745,177,177,1752,1745,2,0,100,False,ht_chantry-random-15.scen,20
20,ht_chantry.map,planner,1,1792,1745,177,177,1752,1745,2,0,100,True,ht_chantry-random-15.scen,20
20,ht_chantry.map,planner,1,1792,1745,177,177,1752,1745,2,0,1000,False,ht_chantry-random-15.scen,20
20,ht_chantry.map,planner,1,1792,1745,177,177,1752,1745,2,0,1000,True,ht_chantry-random-15.scen,20
60,ht_chantry.map,planner,1,6233,5416,184,177,5561,5416,5,0,0,False,ht_chantry-random-15.scen,60
60,ht_chantry.map,planner,1,6233,5416,184,177,5561,5416,6,0,0,True,ht_chantry-random-15.scen,60
60,ht_chantry.map,planner,1,6233,5416,184,177,5561,5416,6,0,1,False,ht_chantry-random-15.scen,60
60,ht_chantry.map,planner,1,6123,5416,185,177,5540,5416,6,0,1,True,ht_chantry-random-15.scen,60
60,ht_chantry.map,planner,1,6233,5416,184,177,5561,5416,5,0,10,False,ht_chantry-random-15.scen,60
60,ht_chantry.map,planner,1,6123,5416,185,177,5540,5416,6,0,10,True,ht_chantry-random-15.scen,60
60,ht_chantry.map,planner,1,6233,5416,184,177,5561,5416,5,0,100,False,ht_chantry-random-15.scen,60
60,ht_chantry.map,planner,1,6123,5416,185,177,5540,5416,5,0,100,True,ht_chantry-random-15.scen,60
60,ht_chantry.map,planner,1,6233,5416,184,177,5561,5416,6,0,1000,False,ht_chantry-random-15.scen,60
60,ht_chantry.map,planner,1,6123,5416,185,177,5540,5416,5,0,1000,True,ht_chantry-random-15.scen,60
100,ht_chantry.map,planner,1,10901,8999,189,182,9502,8999,11,0,0,False,ht_chantry-random-15.scen,100
100,ht_chantry.map,planner,1,10901,8999,189,182,9502,8999,9,0,0,True,ht_chantry-random-15.scen,100
100,ht_chantry.map,planner,1,10901,8999,189,182,9502,8999,9,0,1,False,ht_chantry-random-15.scen,100
100,ht_chantry.map,planner,1,10756,8999,182,182,9491,8999,9,0,1,True,ht_chantry-random-15.scen,100
100,ht_chantry.map,planner,1,10901,8999,189,182,9502,8999,10,0,10,False,ht_chantry-random-15.scen,100
100,ht_chantry.map,planner,1,10756,8999,182,182,9491,8999,9,0,10,True,ht_chantry-random-15.scen,100
100,ht_chantry.map,planner,1,10901,8999,189,182,9502,8999,10,0,100,False,ht_chantry-random-15.scen,100
100,ht_chantry.map,planner,1,10756,8999,182,182,9491,8999,9,0,100,True,ht_chantry-random-15.scen,100
100,ht_chantry.map,planner,1,10901,8999,189,182,9502,8999,8,0,1000,False,ht_chantry-random-15.scen,100
100,ht_chantry.map,planner,1,10756,8999,182,182,9491,8999,8,0,1000,True,ht_chantry-random-15.scen,100
140,ht_chantry.map,planner,1,16061,13247,185,185,14187,13247,13,0,0,False,ht_chantry-random-15.scen,140
140,ht_chantry.map,planner,1,16061,13247,185,185,14187,13247,12,0,0,True,ht_chantry-random-15.scen,140
140,ht_chantry.map,planner,1,16061,13247,185,185,14187,13247,14,0,1,False,ht_chantry-random-15.scen,140
140,ht_chantry.map,planner,1,16326,13247,189,185,14127,13247,15,0,1,True,ht_chantry-random-15.scen,140
140,ht_chantry.map,planner,1,16061,13247,185,185,14187,13247,14,0,10,False,ht_chantry-random-15.scen,140
140,ht_chantry.map,planner,1,16326,13247,189,185,14127,13247,14,0,10,True,ht_chantry-random-15.scen,140
140,ht_chantry.map,planner,1,16061,13247,185,185,14187,13247,14,0,100,False,ht_chantry-random-15.scen,140
140,ht_chantry.map,planner,1,16326,13247,189,185,14127,13247,15,0,100,True,ht_chantry-random-15.scen,140
140,ht_chantry.map,planner,1,16061,13247,185,185,14187,13247,13,0,1000,False,ht_chantry-random-15.scen,140
140,ht_chantry.map,planner,1,16326,13247,189,185,14127,13247,14,0,1000,True,ht_chantry-random-15.scen,140
180,ht_chantry.map,planner,1,21610,17241,189,189,18943,17241,19,0,0,False,ht_chantry-random-15.scen,180
180,ht_chantry.map,planner,1,21610,17241,189,189,18943,17241,20,0,0,True,ht_chantry-random-15.scen,180
180,ht_chantry.map,planner,1,21610,17241,189,189,18943,17241,16,0,1,False,ht_chantry-random-15.scen,180
180,ht_chantry.map,planner,1,21326,17241,189,189,18686,17241,20,0,1,True,ht_chantry-random-15.scen,180
180,ht_chantry.map,planner,1,21610,17241,189,189,18943,17241,19,0,10,False,ht_chantry-random-15.scen,180
180,ht_chantry.map,planner,1,21172,17241,198,189,18640,17241,19,0,10,True,ht_chantry-random-15.scen,180
180,ht_chantry.map,planner,1,21610,17241,189,189,18943,17241,18,0,100,False,ht_chantry-random-15.scen,180
180,ht_chantry.map,planner,1,21172,17241,198,189,18640,17241,22,0,100,True,ht_chantry-random-15.scen,180
180,ht_chantry.map,planner,1,21610,17241,189,189,18943,17241,18,0,1000,False,ht_chantry-random-15.scen,180
180,ht_chantry.map,planner,1,21172,17241,198,189,18640,17241,19,0,1000,True,ht_chantry-random-15.scen,180
220,ht_chantry.map,planner,1,27217,21110,189,189,23365,21110,22,0,0,False,ht_chantry-random-15.scen,220
220,ht_chantry.map,planner,1,27217,21110,189,189,23365,21110,21,0,0,True,ht_chantry-random-15.scen,220
220,ht_chantry.map,planner,1,27217,21110,189,189,23365,21110,23,0,1,False,ht_chantry-random-15.scen,220
220,ht_chantry.map,planner,1,26991,21110,193,189,23114,21110,32,0,1,True,ht_chantry-random-15.scen,220
220,ht_chantry.map,planner,1,27217,21110,189,189,23365,21110,23,0,10,False,ht_chantry-random-15.scen,220
220,ht_chantry.map,planner,1,26649,21110,190,189,23082,21110,86,0,10,True,ht_chantry-random-15.scen,220
220,ht_chantry.map,planner,1,27217,21110,189,189,23365,21110,20,0,100,False,ht_chantry-random-15.scen,220
220,ht_chantry.map,planner,1,26783,21110,191,189,23163,21110,396,0,100,True,ht_chantry-random-15.scen,220
220,ht_chantry.map,planner,1,27217,21110,189,189,23365,21110,24,0,1000,False,ht_chantry-random-15.scen,220
220,ht_chantry.map,planner,1,26458,21110,193,189,23101,21110,1469,0,1000,True,ht_chantry-random-15.scen,220
260,ht_chantry.map,planner,1,32502,24599,201,189,27856,24599,25,0,0,False,ht_chantry-random-15.scen,260
260,ht_chantry.map,planner,1,32502,24599,201,189,27856,24599,27,0,0,True,ht_chantry-random-15.scen,260
260,ht_chantry.map,planner,1,32502,24599,201,189,27856,24599,29,0,1,False,ht_chantry-random-15.scen,260
260,ht_chantry.map,planner,1,31392,24599,189,189,27177,24599,40,0,1,True,ht_chantry-random-15.scen,260
260,ht_chantry.map,planner,1,32502,24599,201,189,27856,24599,25,0,10,False,ht_chantry-random-15.scen,260
260,ht_chantry.map,planner,1,32170,24599,194,189,27304,24599,136,0,10,True,ht_chantry-random-15.scen,260
260,ht_chantry.map,planner,1,32502,24599,201,189,27856,24599,30,0,100,False,ht_chantry-random-15.scen,260
260,ht_chantry.map,planner,1,31733,24599,197,189,27083,24599,553,0,100,True,ht_chantry-random-15.scen,260
260,ht_chantry.map,planner,1,32502,24599,201,189,27856,24599,26,0,1000,False,ht_chantry-random-15.scen,260
260,ht_chantry.map,planner,1,31735,24599,194,189,27082,24599,3840,0,1000,True,ht_chantry-random-15.scen,260
300,ht_chantry.map,planner,1,37938,28254,196,189,32168,28254,36,0,0,False,ht_chantry-random-15.scen,300
300,ht_chantry.map,planner,1,37938,28254,196,189,32168,28254,33,0,0,True,ht_chantry-random-15.scen,300
300,ht_chantry.map,planner,1,37938,28254,196,189,32168,28254,33,0,1,False,ht_chantry-random-15.scen,300
300,ht_chantry.map,planner,1,37356,28254,195,189,31627,28254,49,0,1,True,ht_chantry-random-15.scen,300
300,ht_chantry.map,planner,1,37938,28254,196,189,32168,28254,32,0,10,False,ht_chantry-random-15.scen,300
300,ht_chantry.map,planner,1,37378,28254,198,189,31399,28254,154,0,10,True,ht_chantry-random-15.scen,300
300,ht_chantry.map,planner,1,37938,28254,196,189,32168,28254,27,0,100,False,ht_chantry-random-15.scen,300
300,ht_chantry.map,planner,1,37743,28254,194,189,31552,28254,1323,0,100,True,ht_chantry-random-15.scen,300
300,ht_chantry.map,planner,1,37938,28254,196,189,32168,28254,34,0,1000,False,ht_chantry-random-15.scen,300
300,ht_chantry.map,planner,1,37589,28254,193,189,31284,28254,8692,0,1000,True,ht_chantry-random-15.scen,300
340,ht_chantry.map,planner,1,44628,32325,204,189,37609,32325,39,0,0,False,ht_chantry-random-15.scen,340
340,ht_chantry.map,planner,1,44628,32325,204,189,37609,32325,39,0,0,True,ht_chantry-random-15.scen,340
340,ht_chantry.map,planner,1,44628,32325,204,189,37609,32325,40,0,1,False,ht_chantry-random-15.scen,340
340,ht_chantry.map,planner,1,44092,32325,202,189,37207,32325,61,0,1,True,ht_chantry-random-15.scen,340
340,ht_chantry.map,planner,1,44628,32325,204,189,37609,32325,38,0,10,False,ht_chantry-random-15.scen,340
340,ht_chantry.map,planner,1,43494,32325,198,189,36745,32325,198,0,10,True,ht_chantry-random-15.scen,340
340,ht_chantry.map,planner,1,44628,32325,204,189,37609,32325,37,0,100,False,ht_chantry-random-15.scen,340
340,ht_chantry.map,planner,1,43722,32325,192,189,36742,32325,1736,0,100,True,ht_chantry-random-15.scen,340
340,ht_chantry.map,planner,1,44628,32325,204,189,37609,32325,38,0,1000,False,ht_chantry-random-15.scen,340
340,ht_chantry.map,planner,1,43672,32325,197,189,36540,32325,14254,0,1000,True,ht_chantry-random-15.scen,340
380,ht_chantry.map,planner,1,51332,36491,201,189,43413,36491,42,0,0,False,ht_chantry-random-15.scen,380
380,ht_chantry.map,planner,1,51332,36491,201,189,43413,36491,38,0,0,True,ht_chantry-random-15.scen,380
380,ht_chantry.map,planner,1,51332,36491,201,189,43413,36491,45,0,1,False,ht_chantry-random-15.scen,380
380,ht_chantry.map,planner,1,51081,36491,214,189,43081,36491,73,0,1,True,ht_chantry-random-15.scen,380
380,ht_chantry.map,planner,1,51332,36491,201,189,43413,36491,41,0,10,False,ht_chantry-random-15.scen,380
380,ht_chantry.map,planner,1,50692,36491,199,189,42333,36491,244,0,10,True,ht_chantry-random-15.scen,380
380,ht_chantry.map,planner,1,51332,36491,201,189,43413,36491,37,0,100,False,ht_chantry-random-15.scen,380
380,ht_chantry.map,planner,1,51193,36491,207,189,42728,36491,1987,0,100,True,ht_chantry-random-15.scen,380
380,ht_chantry.map,planner,1,51332,36491,201,189,43413,36491,42,0,1000,False,ht_chantry-random-15.scen,380
380,ht_chantry.map,planner,1,50462,36491,205,189,42067,36491,18746,0,1000,True,ht_chantry-random-15.scen,380
420,ht_chantry.map,planner,1,57596,40385,193,189,48284,40385,48,0,0,False,ht_chantry-random-15.scen,420
420,ht_chantry.map,planner,1,57596,40385,193,189,48284,40385,48,0,0,True,ht_chantry-random-15.scen,420
420,ht_chantry.map,planner,1,57596,40385,193,189,48284,40385,46,0,1,False,ht_chantry-random-15.scen,420
420,ht_chantry.map,planner,1,57835,40385,218,189,48232,40385,76,0,1,True,ht_chantry-random-15.scen,420
420,ht_chantry.map,planner,1,57596,40385,193,189,48284,40385,46,0,10,False,ht_chantry-random-15.scen,420
420,ht_chantry.map,planner,1,56467,40385,200,189,47256,40385,269,0,10,True,ht_chantry-random-15.scen,420
420,ht_chantry.map,planner,1,57596,40385,193,189,48284,40385,45,0,100,False,ht_chantry-random-15.scen,420
420,ht_chantry.map,planner,1,57588,40385,206,189,47520,40385,2224,0,100,True,ht_chantry-random-15.scen,420
420,ht_chantry.map,planner,1,57596,40385,193,189,48284,40385,45,0,1000,False,ht_chantry-random-15.scen,420
420,ht_chantry.map,planner,1,55762,40385,208,189,47260,40385,20121,0,1000,True,ht_chantry-random-15.scen,420
460,ht_chantry.map,planner,1,64444,44008,213,189,53307,44008,54,0,0,False,ht_chantry-random-15.scen,460
460,ht_chantry.map,planner,1,64444,44008,213,189,53307,44008,55,0,0,True,ht_chantry-random-15.scen,460
460,ht_chantry.map,planner,1,64444,44008,213,189,53307,44008,52,0,1,False,ht_chantry-random-15.scen,460
460,ht_chantry.map,planner,1,63597,44008,210,189,52690,44008,88,0,1,True,ht_chantry-random-15.scen,460
460,ht_chantry.map,planner,1,64444,44008,213,189,53307,44008,52,0,10,False,ht_chantry-random-15.scen,460
460,ht_chantry.map,planner,1,63132,44008,213,189,52447,44008,337,0,10,True,ht_chantry-random-15.scen,460
460,ht_chantry.map,planner,1,64444,44008,213,189,53307,44008,52,0,100,False,ht_chantry-random-15.scen,460
460,ht_chantry.map,planner,1,62662,44008,226,189,52054,44008,2375,0,100,True,ht_chantry-random-15.scen,460
460,ht_chantry.map,planner,1,64444,44008,213,189,53307,44008,50,0,1000,False,ht_chantry-random-15.scen,460
460,ht_chantry.map,planner,1,63348,44008,204,189,52256,44008,21546,0,1000,True,ht_chantry-random-15.scen,460
500,ht_chantry.map,planner,1,72216,47778,222,189,59346,47778,61,0,0,False,ht_chantry-random-15.scen,500
500,ht_chantry.map,planner,1,72216,47778,222,189,59346,47778,59,0,0,True,ht_chantry-random-15.scen,500
500,ht_chantry.map,planner,1,72216,47778,222,189,59346,47778,58,0,1,False,ht_chantry-random-15.scen,500
500,ht_chantry.map,planner,1,69776,47778,207,189,57721,47778,90,0,1,True,ht_chantry-random-15.scen,500
500,ht_chantry.map,planner,1,72216,47778,222,189,59346,47778,61,0,10,False,ht_chantry-random-15.scen,500
500,ht_chantry.map,planner,1,70049,47778,215,189,57850,47778,341,0,10,True,ht_chantry-random-15.scen,500
500,ht_chantry.map,planner,1,72216,47778,222,189,59346,47778,60,0,100,False,ht_chantry-random-15.scen,500
500,ht_chantry.map,planner,1,69166,47778,209,189,57588,47778,3074,0,100,True,ht_chantry-random-15.scen,500
500,ht_chantry.map,planner,1,72216,47778,222,189,59346,47778,58,0,1000,False,ht_chantry-random-15.scen,500
500,ht_chantry.map,planner,1,70133,47778,212,189,57881,47778,28280,0,1000,True,ht_chantry-random-15.scen,500
540,ht_chantry.map,planner,1,80075,51659,219,189,65599,51659,66,0,0,False,ht_chantry-random-15.scen,540
540,ht_chantry.map,planner,1,80075,51659,219,189,65599,51659,67,0,0,True,ht_chantry-random-15.scen,540
540,ht_chantry.map,planner,1,80075,51659,219,189,65599,51659,71,0,1,False,ht_chantry-random-15.scen,540
540,ht_chantry.map,planner,1,78605,51659,229,189,65105,51659,101,0,1,True,ht_chantry-random-15.scen,540
540,ht_chantry.map,planner,1,80075,51659,219,189,65599,51659,67,0,10,False,ht_chantry-random-15.scen,540
540,ht_chantry.map,planner,1,78849,51659,228,189,63983,51659,370,0,10,True,ht_chantry-random-15.scen,540
540,ht_chantry.map,planner,1,80075,51659,219,189,65599,51659,62,0,100,False,ht_chantry-random-15.scen,540
540,ht_chantry.map,planner,1,79536,51659,249,189,65196,51659,3489,0,100,True,ht_chantry-random-15.scen,540
540,ht_chantry.map,planner,1,80075,51659,219,189,65599,51659,63,0,1000,False,ht_chantry-random-15.scen,540
540,ht_chantry.map,planner,1,76110,51659,232,189,63313,51659,29973,0,1000,True,ht_chantry-random-15.scen,540
580,ht_chantry.map,planner,1,87263,55433,216,189,70969,55433,70,0,0,False,ht_chantry-random-15.scen,580
580,ht_chantry.map,planner,1,87263,55433,216,189,70969,55433,73,0,0,True,ht_chantry-random-15.scen,580
580,ht_chantry.map,planner,1,87263,55433,216,189,70969,55433,65,0,1,False,ht_chantry-random-15.scen,580
580,ht_chantry.map,planner,1,86935,55433,226,189,71854,55433,110,0,1,True,ht_chantry-random-15.scen,580
580,ht_chantry.map,planner,1,87263,55433,216,189,70969,55433,68,0,10,False,ht_chantry-random-15.scen,580
580,ht_chantry.map,planner,1,88233,55433,249,189,71384,55433,461,0,10,True,ht_chantry-random-15.scen,580
580,ht_chantry.map,planner,1,87263,55433,216,189,70969,55433,70,0,100,False,ht_chantry-random-15.scen,580
580,ht_chantry.map,planner,1,86414,55433,235,189,70398,55433,3119,0,100,True,ht_chantry-random-15.scen,580
580,ht_chantry.map,planner,1,87263,55433,216,189,70969,55433,69,0,1000,False,ht_chantry-random-15.scen,580
580,ht_chantry.map,planner,1,86434,55433,225,189,70412,55433,37125,0,1000,True,ht_chantry-random-15.scen,580
620,ht_chantry.map,planner,1,98837,59573,242,189,79456,59573,77,0,0,False,ht_chantry-random-15.scen,620
620,ht_chantry.map,planner,1,98837,59573,242,189,79456,59573,83,0,0,True,ht_chantry-random-15.scen,620
620,ht_chantry.map,planner,1,98837,59573,242,189,79456,59573,74,0,1,False,ht_chantry-random-15.scen,620
620,ht_chantry.map,planner,1,95569,59573,232,189,78093,59573,120,0,1,True,ht_chantry-random-15.scen,620
620,ht_chantry.map,planner,1,98837,59573,242,189,79456,59573,79,0,10,False,ht_chantry-random-15.scen,620
620,ht_chantry.map,planner,1,95819,59573,242,189,77788,59573,483,0,10,True,ht_chantry-random-15.scen,620
620,ht_chantry.map,planner,1,98837,59573,242,189,79456,59573,80,0,100,False,ht_chantry-random-15.scen,620
620,ht_chantry.map,planner,1,96051,59573,248,189,78054,59573,4181,0,100,True,ht_chantry-random-15.scen,620
620,ht_chantry.map,planner,1,98837,59573,242,189,79456,59573,76,0,1000,False,ht_chantry-random-15.scen,620
620,ht_chantry.map,planner,1,95967,59573,252,189,77640,59573,37794,0,1000,True,ht_chantry-random-15.scen,620
660,ht_chantry.map,planner,1,104975,63177,239,189,84694,63177,84,0,0,False,ht_chantry-random-15.scen,660
660,ht_chantry.map,planner,1,104975,63177,239,189,84694,63177,90,0,0,True,ht_chantry-random-15.scen,660
660,ht_chantry.map,planner,1,104975,63177,239,189,84694,63177,87,0,1,False,ht_chantry-random-15.scen,660
660,ht_chantry.map,planner,1,104378,63177,252,189,84538,63177,134,0,1,True,ht_chantry-random-15.scen,660
660,ht_chantry.map,planner,1,104975,63177,239,189,84694,63177,84,0,10,False,ht_chantry-random-15.scen,660
660,ht_chantry.map,planner,1,106795,63177,257,189,86055,63177,532,0,10,True,ht_chantry-random-15.scen,660
660,ht_chantry.map,planner,1,104975,63177,239,189,84694,63177,86,0,100,False,ht_chantry-random-15.scen,660
660,ht_chantry.map,planner,1,105872,63177,252,189,84308,63177,4166,0,100,True,ht_chantry-random-15.scen,660
660,ht_chantry.map,planner,1,104975,63177,239,189,84694,63177,83,0,1000,False,ht_chantry-random-15.scen,660
660,ht_chantry.map,planner,1,102775,63177,239,189,83205,63177,39424,0,1000,True,ht_chantry-random-15.scen,660
20,ht_chantry.map,planner,1,2175,2055,197,197,2096,2055,2,0,0,False,ht_chantry-random-22.scen,20
20,ht_chantry.map,planner,1,2175,2055,197,197,2096,2055,2,0,0,True,ht_chantry-random-22.scen,20
20,ht_chantry.map,planner,1,2175,2055,197,197,2096,2055,2,0,1,False,ht_chantry-random-22.scen,20
20,ht_chantry.map,planner,1,2175,2055,197,197,2096,2055,2,0,1,True,ht_chantry-random-22.scen,20
20,ht_chantry.map,planner,1,2175,2055,197,197,2096,2055,2,0,10,False,ht_chantry-random-22.scen,20
20,ht_chantry.map,planner,1,2175,2055,197,197,2096,2055,2,0,10,True,ht_chantry-random-22.scen,20
20,ht_chantry.map,planner,1,2175,2055,197,197,2096,2055,2,0,100,False,ht_chantry-random-22.scen,20
20,ht_chantry.map,planner,1,2175,2055,197,197,2096,2055,2,0,100,True,ht_chantry-random-22.scen,20
20,ht_chantry.map,planner,1,2175,2055,197,197,2096,2055,2,0,1000,False,ht_chantry-random-22.scen,20
20,ht_chantry.map,planner,1,2175,2055,197,197,2096,2055,2,0,1000,True,ht_chantry-random-22.scen,20
60,ht_chantry.map,planner,1,6781,6091,197,197,6327,6091,7,0,0,False,ht_chantry-random-22.scen,60
60,ht_chantry.map,planner,1,6781,6091,197,197,6327,6091,6,0,0,True,ht_chantry-random-22.scen,60
60,ht_chantry.map,planner,1,6781,6091,197,197,6327,6091,6,0,1,False,ht_chantry-random-22.scen,60
60,ht_chantry.map,planner,1,6779,6091,197,197,6317,6091,6,0,1,True,ht_chantry-random-22.scen,60
60,ht_chantry.map,planner,1,6781,6091,197,197,6327,6091,6,0,10,False,ht_chantry-random-22.scen,60
60,ht_chantry.map,planner,1,6779,6091,197,197,6317,6091,7,0,10,True,ht_chantry-random-22.scen,60
60,ht_chantry.map,planner,1,6781,6091,197,197,6327,6091,6,0,100,False,ht_chantry-random-22.scen,60
60,ht_chantry.map,planner,1,6779,6091,197,197,6317,6091,6,0,100,True,ht_chantry-random-22.scen,60
60,ht_chantry.map,planner,1,6781,6091,197,197,6327,6091,7,0,1000,False,ht_chantry-random-22.scen,60
60,ht_chantry.map,planner,1,6779,6091,197,197,6317,6091,6,0,1000,True,ht_chantry-random-22.scen,60
100,ht_chantry.map,planner,1,11626,9727,198,198,10381,9727,10,0,0,False,ht_chantry-random-22.scen,100
100,ht_chantry.map,planner,1,11626,9727,198,198,10381,9727,10,0,0,True,ht_chantry-random-22.scen,100
100,ht_chantry.map,planner,1,11626,9727,198,198,10381,9727,9,0,1,False,ht_chantry-random-22.scen,100
100,ht_chantry.map,planner,1,11884,9727,204,198,10382,9727,10,0,1,True,ht_chantry-random-22.scen,100
100,ht_chantry.map,planner,1,11626,9727,198,198,10381,9727,9,0,10,False,ht_chantry-random-22.scen,100
100,ht_chantry.map,planner,1,11498,9727,204,198,10386,9727,10,0,10,True,ht_chantry-random-22.scen,100
100,ht_chantry.map,planner,1,11626,9727,198,198,10381,9727,9,0,100,False,ht_chantry-random-22.scen,100
100,ht_chantry.map,planner,1,11498,9727,204,198,10386,9727,11,0,100,True,ht_chantry-random-22.scen,100
100,ht_chantry.map,planner,1,11626,9727,198,198,10381,9727,10,0,1000,False,ht_chantry-random-22.scen,100
100,ht_chantry.map,planner,1,11498,9727,204,198,10386,9727,11,0,1000,True,ht_chantry-random-22.scen,100
140,ht_chantry.map,planner,1,16836,13649,198,198,14879,13649,14,0,0,False,ht_chantry-random-22.scen,140
140,ht_chantry.map,planner,1,16836,13649,198,198,14879,13649,16,0,0,True,ht_chantry-random-22.scen,140
140,ht_chantry.map,planner,1,16836,13649,198,198,14879,13649,14,0,1,False,ht_chantry-random-22.scen,140
140,ht_chantry.map,planner,1,16210,13649,204,198,14714,13649,16,0,1,True,ht_chantry-random-22.scen,140
140,ht_chantry.map,planner,1,16836,13649,198,198,14879,13649,14,0,10,False,ht_chantry-random-22.scen,140
140,ht_chantry.map,planner,1,16334,13649,206,198,14696,13649,18,0,10,True,ht_chantry-random-22.scen,140
140,ht_chantry.map,planner,1,16836,13649,198,198,14879,13649,16,0,100,False,ht_chantry-random-22.scen,140
140,ht_chantry.map,planner,1,16334,13649,206,198,14696,13649,18,0,100,True,ht_chantry-random-22.scen,140
140,ht_chantry.map,planner,1,16836,13649,198,198,14879,13649,14,0,1000,False,ht_chantry-random-22.scen,140
140,ht_chantry.map,planner,1,16334,13649,206,198,14696,13649,17,0,1000,True,ht_chantry-random-22.scen,140
180,ht_chantry.map,planner,1,21790,17534,198,198,19461,17534,18,0,0,False,ht_chantry-random-22.scen,180
180,ht_chantry.map,planner,1,21790,17534,198,198,19461,17534,21,0,0,True,ht_chantry-random-22.scen,180
180,ht_chantry.map,planner,1,21790,17534,198,198,19461,17534,20,0,1,False,ht_chantry-random-22.scen,180
180,ht_chantry.map,planner,1,21770,17534,202,198,19089,17534,26,0,1,True,ht_chantry-random-22.scen,180
180,ht_chantry.map,planner,1,21790,17534,198,198,19461,17534,17,0,10,False,ht_chantry-random-22.scen,180
180,ht_chantry.map,planner,1,21538,17534,205,198,19060,17534,23,0,10,True,ht_chantry-random-22.scen,180
180,ht_chantry.map,planner,1,21790,17534,198,198,19461,17534,20,0,100,False,ht_chantry-random-22.scen,180
180,ht_chantry.map,planner,1,21538,17534,205,198,19060,17534,22,0,100,True,ht_chantry-random-22.scen,180
180,ht_chantry.map,planner,1,21790,17534,198,198,19461,17534,18,0,1000,False,ht_chantry-random-22.scen,180
180,ht_chantry.map,planner,1,21538,17534,205,198,19060,17534,23,0,1000,True,ht_chantry-random-22.scen,180
220,ht_chantry.map,planner,1,27197,21291,208,198,23687,21291,22,0,0,False,ht_chantry-random-22.scen,220
220,ht_chantry.map,planner,1,27197,21291,208,198,23687,21291,22,0,0,True,ht_chantry-random-22.scen,220
220,ht_chantry.map,planner,1,27197,21291,208,198,23687,21291,23,0,1,False,ht_chantry-random-22.scen,220
220,ht_chantry.map,planner,1,26654,21291,207,198,23407,21291,31,0,1,True,ht_chantry-random-22.scen,220
220,ht_chantry.map,planner,1,27197,21291,208,198,23687,21291,22,0,10,False,ht_chantry-random-22.scen,220
220,ht_chantry.map,planner,1,26638,21291,202,198,23329,21291,75,0,10,True,ht_chantry-random-22.scen,220
220,ht_chantry.map,planner,1,27197,21291,208,198,23687,21291,25,0,100,False,ht_chantry-random-22.scen,220
220,ht_chantry.map,planner,1,26787,21291,208,198,23404,21291,483,0,100,True,ht_chantry-random-22.scen,220
220,ht_chantry.map,planner,1,27197,21291,208,198,23687,21291,24,0,1000,False,ht_chantry-random-22.scen,220
220,ht_chantry.map,planner,1,26994,21291,202,198,23418,21291,1859,0,1000,True,ht_chantry-random-22.scen,220
260,ht_chantry.map,planner,1,32429,24670,214,200,27910,24670,29,0,0,False,ht_chantry-random-22.scen,260
260,ht_chantry.map,planner,1,32429,24670,214,200,27910,24670,25,0,0,True,ht_chantry-random-22.scen,260
260,ht_chantry.map,planner,1,32429,24670,214,200,27910,24670,27,0,1,False,ht_chantry-random-22.scen,260
260,ht_chantry.map,planner,1,32163,24670,200,200,27678,24670,37,0,1,True,ht_chantry-random-22.scen,260
260,ht_chantry.map,planner,1,32429,24670,214,200,27910,24670,26,0,10,False,ht_chantry-random-22.scen,260
260,ht_chantry.map,planner,1,32163,24670,200,200,27408,24670,104,0,10,True,ht_chantry-random-22.scen,260
260,ht_chantry.map,planner,1,32429,24670,214,200,27910,24670,28,0,100,False,ht_chantry-random-22.scen,260
260,ht_chantry.map,planner,1,31752,24670,201,200,27326,24670,646,0,100,True,ht_chantry-random-22.scen,260
260,ht_chantry.map,planner,1,32429,24670,214,200,27910,24670,28,0,1000,False,ht_chantry-random-22.scen,260
260,ht_chantry.map,planner,1,31913,24670,201,200,27285,24670,3089,0,1000,True,ht_chantry-random-22.scen,260
300,ht_chantry.map,planner,1,37832,28205,211,210,32666,28205,31,0,0,False,ht_chantry-random-22.scen,300
300,ht_chantry.map,planner,1,37832,28205,211,210,32666,28205,33,0,0,True,ht_chantry-random-22.scen,300
300,ht_chantry.map,planner,1,37832,28205,211,210,32666,28205,36,0,1,False,ht_chantry-random-22.scen,300
300,ht_chantry.map,planner,1,37606,28205,210,210,32098,28205,46,0,1,True,ht_chantry-random-22.scen,300
300,ht_chantry.map,planner,1,37832,28205,211,210,32666,28205,31,0,10,False,ht_chantry-random-22.scen,300
300,ht_chantry.map,planner,1,37136,28205,212,210,31709,28205,132,0,10,True,ht_chantry-random-22.scen,300
300,ht_chantry.map,planner,1,37832,28205,211,210,32666,28205,35,0,100,False,ht_chantry-random-22.scen,300
300,ht_chantry.map,planner,1,37009,28205,210,210,31767,28205,1022,0,100,True,ht_chantry-random-22.scen,300
300,ht_chantry.map,planner,1,37832,28205,211,210,32666,28205,31,0,1000,False,ht_chantry-random-22.scen,300
300,ht_chantry.map,planner,1,36970,28205,210,210,31655,28205,6768,0,1000,True,ht_chantry-random-22.scen,300
340,ht_chantry.map,planner,1,44466,32015,210,210,37465,32015,38,0,0,False,ht_chantry-random-22.scen,340
340,ht_chantry.map,planner,1,44466,32015,210,210,37465,32015,35,0,0,True,ht_chantry-random-22.scen,340
340,ht_chantry.map,planner,1,44466,32015,210,210,37465,32015,37,0,1,False,ht_chantry-random-22.scen,340
340,ht_chantry.map,planner,1,44266,32015,212,210,37114,32015,55,0,1,True,ht_chantry-random-22.scen,340
340,ht_chantry.map,planner,1,44466,32015,210,210,37465,32015,38,0,10,False,ht_chantry-random-22.scen,340
340,ht_chantry.map,planner,1,43179,32015,215,210,36804,32015,180,0,10,True,ht_chantry-random-22.scen,340
340,ht_chantry.map,planner,1,44466,32015,210,210,37465,32015,38,0,100,False,ht_chantry-random-22.scen,340
340,ht_chantry.map,planner,1,44508,32015,216,210,36890,32015,1258,0,100,True,ht_chantry-random-22.scen,340
340,ht_chantry.map,planner,1,44466,32015,210,210,37465,32015,37,0,1000,False,ht_chantry-random-22.scen,340
340,ht_chantry.map,planner,1,43738,32015,224,210,36567,32015,13256,0,1000,True,ht_chantry-random-22.scen,340
380,ht_chantry.map,planner,1,50635,35643,210,210,42198,35643,41,0,0,False,ht_chantry-random-22.scen,380
380,ht_chantry.map,planner,1,50635,35643,210,210,42198,35643,43,0,0,True,ht_chantry-random-22.scen,380
380,ht_chantry.map,planner,1,50635,35643,210,210,42198,35643,41,0,1,False,ht_chantry-random-22.scen,380
380,ht_chantry.map,planner,1,50035,35643,212,210,41742,35643,61,0,1,True,ht_chantry-random-22.scen,380
380,ht_chantry.map,planner,1,50635,35643,210,210,42198,35643,41,0,10,False,ht_chantry-random-22.scen,380
380,ht_chantry.map,planner,1,49157,35643,221,210,41481,35643,238,0,10,True,ht_chantry-random-22.scen,380
380,ht_chantry.map,planner,1,50635,35643,210,210,42198,35643,35,0,100,False,ht_chantry-random-22.scen,380
380,ht_chantry.map,planner,1,49465,35643,220,210,41537,35643,1581,0,100,True,ht_chantry-random-22.scen,380
380,ht_chantry.map,planner,1,50635,35643,210,210,42198,35643,41,0,1000,False,ht_chantry-random-22.scen,380
380,ht_chantry.map,planner,1,48655,35643,216,210,41256,35643,15801,0,1000,True,ht_chantry-random-22.scen,380
420,ht_chantry.map,planner,1,56665,39014,212,210,47070,39014,49,0,0,False,ht_chantry-random-22.scen,420
420,ht_chantry.map,planner,1,56665,39014,212,210,47070,39014,48,0,0,True,ht_chantry-random-22.scen,420
420,ht_chantry.map,planner,1,56665,39014,212,210,47070,39014,45,0,1,False,ht_chantry-random-22.scen,420
420,ht_chantry.map,planner,1,56081,39014,213,210,46530,39014,71,0,1,True,ht_chantry-random-22.scen,420
420,ht_chantry.map,planner,1,56665,39014,212,210,47070,39014,51,0,10,False,ht_chantry-random-22.scen,420
420,ht_chantry.map,planner,1,54553,39014,215,210,45873,39014,260,0,10,True,ht_chantry-random-22.scen,420
420,ht_chantry.map,planner,1,56665,39014,212,210,47070,39014,45,0,100,False,ht_chantry-random-22.scen,420
420,ht_chantry.map,planner,1,54865,39014,215,210,45637,39014,2270,0,100,True,ht_chantry-random-22.scen,420
420,ht_chantry.map,planner,1,56665,39014,212,210,47070,39014,46,0,1000,False,ht_chantry-random-22.scen,420
420,ht_chantry.map,planner,1,55364,39014,217,210,45963,39014,20892,0,1000,True,ht_chantry-random-22.scen,420
460,ht_chantry.map,planner,1,64548,42715,211,210,53204,42715,53,0,0,False,ht_chantry-random-22.scen,460
460,ht_chantry.map,planner,1,64548,42715,211,210,53204,42715,55,0,0,True,ht_chantry-random-22.scen,460
460,ht_chantry.map,planner,1,64548,42715,211,210,53204,42715,48,0,1,False,ht_chantry-random-22.scen,460
460,ht_chantry.map,planner,1,62631,42715,215,210,51724,42715,81,0,1,True,ht_chantry-random-22.scen,460
460,ht_chantry.map,planner,1,64548,42715,211,210,53204,42715,52,0,10,False,ht_chantry-random-22.scen,460
460,ht_chantry.map,planner,1,62519,42715,210,210,51718,42715,288,0,10,True,ht_chantry-random-22.scen,460
460,ht_chantry.map,planner,1,64548,42715,211,210,53204,42715,51,0,100,False,ht_chantry-random-22.scen,460
460,ht_chantry.map,planner,1,62684,42715,212,210,51532,42715,2246,0,100,True,ht_chantry-random-22.scen,460
460,ht_chantry.map,planner,1,64548,42715,211,210,53204,42715,53,0,1000,False,ht_chantry-random-22.scen,460
460,ht_chantry.map,planner,1,61824,42715,211,210,51031,42715,21473,0,1000,True,ht_chantry-random-22.scen,460
500,ht_chantry.map,planner,1,70702,46414,212,210,57775,46414,59,0,0,False,ht_chantry-random-22.scen,500
500,ht_chantry.map,planner,1,70702,46414,212,210,57775,46414,59,0,0,True,ht_chantry-random-22.scen,500
500,ht_chantry.map,planner,1,70702,46414,212,210,57775,46414,62,0,1,False,ht_chantry-random-22.scen,500
500,ht_chantry.map,planner,1,69793,46414,242,210,57276,46414,86,0,1,True,ht_chantry-random-22.scen,500
500,ht_chantry.map,planner,1,70702,46414,212,210,57775,46414,56,0,10,False,ht_chantry-random-22.scen,500
500,ht_chantry.map,planner,1,68736,46414,214,210,56617,46414,303,0,10,True,ht_chantry-random-22.scen,500
500,ht_chantry.map,planner,1,70702,46414,212,210,57775,46414,57,0,100,False,ht_chantry-random-22.scen,500
500,ht_chantry.map,planner,1,68883,46414,214,210,56757,46414,2638,0,100,True,ht_chantry-random-22.scen,500
500,ht_chantry.map,planner,1,70702,46414,212,210,57775,46414,59,0,1000,False,ht_chantry-random-22.scen,500
500,ht_chantry.map,planner,1,69880,46414,247,210,57133,46414,25465,0,1000,True,ht_chantry-random-22.scen,500
540,ht_chantry.map,planner,1,78454,50065,221,210,63633,50065,60,0,0,False,ht_chantry-random-22.scen,540
540,ht_chantry.map,planner,1,78454,50065,221,210,63633,50065,67,0,0,True,ht_chantry-random-22.scen,540
540,ht_chantry.map,planner,1,78454,50065,221,210,63633,50065,62,0,1,False,ht_chantry-random-22.scen,540
540,ht_chantry.map,planner,1,79593,50065,241,210,63487,50065,99,0,1,True,ht_chantry-random-22.scen,540
540,ht_chantry.map,planner,1,78454,50065,221,210,63633,50065,63,0,10,False,ht_chantry-random-22.scen,540
540,ht_chantry.map,planner,1,76435,50065,216,210,63034,50065,352,0,10,True,ht_chantry-random-22.scen,540
540,ht_chantry.map,planner,1,78454,50065,221,210,63633,50065,62,0,100,False,ht_chantry-random-22.scen,540
540,ht_chantry.map,planner,1,76127,50065,218,210,61773,50065,2769,0,100,True,ht_chantry-random-22.scen,540
540,ht_chantry.map,planner,1,78454,50065,221,210,63633,50065,68,0,1000,False,ht_chantry-random-22.scen,540
540,ht_chantry.map,planner,1,76771,50065,228,210,61875,50065,26872,0,1000,True,ht_chantry-random-22.scen,540
580,ht_chantry.map,planner,1,84160,54015,229,210,68343,54015,64,0,0,False,ht_chantry-random-22.scen,580
580,ht_chantry.map,planner,1,84160,54015,229,210,68343,54015,68,0,0,True,ht_chantry-random-22.scen,580
580,ht_chantry.map,planner,1,84160,54015,229,210,68343,54015,66,0,1,False,ht_chantry-random-22.scen,580
580,ht_chantry.map,planner,1,85947,54015,252,210,69639,54015,109,0,1,True,ht_chantry-random-22.scen,580
580,ht_chantry.map,planner,1,84160,54015,229,210,68343,54015,68,0,10,False,ht_chantry-random-22.scen,580
580,ht_chantry.map,planner,1,83622,54015,217,210,68313,54015,363,0,10,True,ht_chantry-random-22.scen,580
580,ht_chantry.map,planner,1,84160,54015,229,210,68343,54015,69,0,100,False,ht_chantry-random-22.scen,580
580,ht_chantry.map,planner,1,83310,54015,260,210,67872,54015,2942,0,100,True,ht_chantry-random-22.scen,580
580,ht_chantry.map,planner,1,84160,54015,229,210,68343,54015,68,0,1000,False,ht_chantry-random-22.scen,580
580,ht_chantry.map,planner,1,84466,54015,228,210,68310,54015,29824,0,1000,True,ht_chantry-random-22.scen,580
620,ht_chantry.map,planner,1,94477,57455,238,210,75974,57455,74,0,0,False,ht_chantry-random-22.scen,620
620,ht_chantry.map,planner,1,94477,57455,238,210,75974,57455,81,0,0,True,ht_chantry-random-22.scen,620
620,ht_chantry.map,planner,1,94477,57455,238,210,75974,57455,74,0,1,False,ht_chantry-random-22.scen,620
620,ht_chantry.map,planner,1,93375,57455,234,210,74772,57455,117,0,1,True,ht_chantry-random-22.scen,620
620,ht_chantry.map,planner,1,94477,57455,238,210,75974,57455,74,0,10,False,ht_chantry-random-22.scen,620
620,ht_chantry.map,planner,1,91759,57455,220,210,74714,57455,450,0,10,True,ht_chantry-random-22.scen,620
620,ht_chantry.map,planner,1,94477,57455,238,210,75974,57455,76,0,100,False,ht_chantry-random-22.scen,620
620,ht_chantry.map,planner,1,91639,57455,231,210,73799,57455,3453,0,100,True,ht_chantry-random-22.scen,620
620,ht_chantry.map,planner,1,94477,57455,238,210,75974,57455,74,0,1000,False,ht_chantry-random-22.scen,620
620,ht_chantry.map,planner,1,92096,57455,227,210,74553,57455,34111,0,1000,True,ht_chantry-random-22.scen,620
660,ht_chantry.map,planner,1,102490,60991,240,210,81836,60991,82,0,0,False,ht_chantry-random-22.scen,660
660,ht_chantry.map,planner,1,102490,60991,240,210,81836,60991,87,0,0,True,ht_chantry-random-22.scen,660
660,ht_chantry.map,planner,1,102490,60991,240,210,81836,60991,77,0,1,False,ht_chantry-random-22.scen,660
660,ht_chantry.map,planner,1,101690,60991,243,210,80833,60991,125,0,1,True,ht_chantry-random-22.scen,660
660,ht_chantry.map,planner,1,102490,60991,240,210,81836,60991,80,0,10,False,ht_chantry-random-22.scen,660
660,ht_chantry.map,planner,1,100613,60991,229,210,80605,60991,458,0,10,True,ht_chantry-random-22.scen,660
660,ht_chantry.map,planner,1,102490,60991,240,210,81836,60991,90,0,100,False,ht_chantry-random-22.scen,660
660,ht_chantry.map,planner,1,100124,60991,231,210,80426,60991,3884,0,100,True,ht_chantry-random-22.scen,660
660,ht_chantry.map,planner,1,102490,60991,240,210,81836,60991,78,0,1000,False,ht_chantry-random-22.scen,660
660,ht_chantry.map,planner,1,100320,60991,223,210,79664,60991,36258,0,1000,True,ht_chantry-random-22.scen,660
