agents,map_file,solver,solved,soc,soc_lb,makespan,makespan_lb,sum_of_loss,sum_of_loss_lb,comp_time,seed,Opti_Deadline,Bool_Opti,Scenario_File,N
20,den520d.map,planner,1,4257,4185,349,349,4195,4185,8,0,0,False,den520d-random-17.scen,20
20,den520d.map,planner,1,4257,4185,349,349,4195,4185,8,0,0,True,den520d-random-17.scen,20
20,den520d.map,planner,1,4257,4185,349,349,4195,4185,8,0,1,False,den520d-random-17.scen,20
20,den520d.map,planner,1,4257,4185,349,349,4195,4185,8,0,1,True,den520d-random-17.scen,20
20,den520d.map,planner,1,4257,4185,349,349,4195,4185,9,0,10,False,den520d-random-17.scen,20
20,den520d.map,planner,1,4257,4185,349,349,4195,4185,9,0,10,True,den520d-random-17.scen,20
20,den520d.map,planner,1,4257,4185,349,349,4195,4185,8,0,100,False,den520d-random-17.scen,20
20,den520d.map,planner,1,4257,4185,349,349,4195,4185,8,0,100,True,den520d-random-17.scen,20
20,den520d.map,planner,1,4257,4185,349,349,4195,4185,11,0,1000,False,den520d-random-17.scen,20
20,den520d.map,planner,1,4257,4185,349,349,4195,4185,8,0,1000,True,den520d-random-17.scen,20
60,den520d.map,planner,1,11543,11130,349,349,11232,11130,21,0,0,False,den520d-random-17.scen,60
60,den520d.map,planner,1,11543,11130,349,349,11232,11130,22,0,0,True,den520d-random-17.scen,60
60,den520d.map,planner,1,11543,11130,349,349,11232,11130,24,0,1,False,den520d-random-17.scen,60
60,den520d.map,planner,1,11543,11130,349,349,11232,11130,21,0,1,True,den520d-random-17.scen,60
60,den520d.map,planner,1,11543,11130,349,349,11232,11130,22,0,10,False,den520d-random-17.scen,60
60,den520d.map,planner,1,11543,11130,349,349,11232,11130,20,0,10,True,den520d-random-17.scen,60
60,den520d.map,planner,1,11543,11130,349,349,11232,11130,20,0,100,False,den520d-random-17.scen,60
60,den520d.map,planner,1,11543,11130,349,349,11232,11130,20,0,100,True,den520d-random-17.scen,60
60,den520d.map,planner,1,11543,11130,349,349,11232,11130,21,0,1000,False,den520d-random-17.scen,60
60,den520d.map,planner,1,11543,11130,349,349,11232,11130,21,0,1000,True,den520d-random-17.scen,60
100,den520d.map,planner,1,19092,18061,410,410,18246,18061,37,0,0,False,den520d-random-17.scen,100
100,den520d.map,planner,1,19092,18061,410,410,18246,18061,38,0,0,True,den520d-random-17.scen,100
100,den520d.map,planner,1,19092,18061,410,410,18246,18061,38,0,1,False,den520d-random-17.scen,100
100,den520d.map,planner,1,18760,18061,410,410,18210,18061,38,0,1,True,den520d-random-17.scen,100
100,den520d.map,planner,1,19092,18061,410,410,18246,18061,40,0,10,False,den520d-random-17.scen,100
100,den520d.map,planner,1,18760,18061,410,410,18210,18061,36,0,10,True,den520d-random-17.scen,100
100,den520d.map,planner,1,19092,18061,410,410,18246,18061,36,0,100,False,den520d-random-17.scen,100
100,den520d.map,planner,1,18760,18061,410,410,18210,18061,37,0,100,True,den520d-random-17.scen,100
100,den520d.map,planner,1,19092,18061,410,410,18246,18061,37,0,1000,False,den520d-random-17.scen,100
100,den520d.map,planner,1,18760,18061,410,410,18210,18061,40,0,1000,True,den520d-random-17.scen,100
140,den520d.map,planner,1,25336,23753,410,410,24119,23753,49,0,0,False,den520d-random-17.scen,140
140,den520d.map,planner,1,25336,23753,410,410,24119,23753,50,0,0,True,den520d-random-17.scen,140
140,den520d.map,planner,1,25336,23753,410,410,24119,23753,51,0,1,False,den520d-random-17.scen,140
140,den520d.map,planner,1,25911,23753,410,410,24128,23753,50,0,1,True,den520d-random-17.scen,140
140,den520d.map,planner,1,25336,23753,410,410,24119,23753,53,0,10,False,den520d-random-17.scen,140
140,den520d.map,planner,1,25911,23753,410,410,24128,23753,53,0,10,True,den520d-random-17.scen,140
140,den520d.map,planner,1,25336,23753,410,410,24119,23753,56,0,100,False,den520d-random-17.scen,140
140,den520d.map,planner,1,25911,23753,410,410,24128,23753,55,0,100,True,den520d-random-17.scen,140
140,den520d.map,planner,1,25336,23753,410,410,24119,23753,50,0,1000,False,den520d-random-17.scen,140
140,den520d.map,planner,1,25911,23753,410,410,24128,23753,45,0,1000,True,den520d-random-17.scen,140
180,den520d.map,planner,1,33647,30340,410,410,30908,30340,58,0,0,False,den520d-random-17.scen,180
180,den520d.map,planner,1,33647,30340,410,410,30908,30340,62,0,0,True,den520d-random-17.scen,180
180,den520d.map,planner,1,33647,30340,410,410,30908,30340,68,0,1,False,den520d-random-17.scen,180
180,den520d.map,planner,1,33924,30340,410,410,30835,30340,66,0,1,True,den520d-random-17.scen,180
180,den520d.map,planner,1,33647,30340,410,410,30908,30340,70,0,10,False,den520d-random-17.scen,180
180,den520d.map,planner,1,33924,30340,410,410,30835,30340,64,0,10,True,den520d-random-17.scen,180
180,den520d.map,planner,1,33647,30340,410,410,30908,30340,60,0,100,False,den520d-random-17.scen,180
180,den520d.map,planner,1,33924,30340,410,410,30835,30340,63,0,100,True,den520d-random-17.scen,180
180,den520d.map,planner,1,33647,30340,410,410,30908,30340,59,0,1000,False,den520d-random-17.scen,180
180,den520d.map,planner,1,33924,30340,410,410,30835,30340,73,0,1000,True,den520d-random-17.scen,180
220,den520d.map,planner,1,42218,36992,410,410,37837,36992,89,0,0,False,den520d-random-17.scen,220
220,den520d.map,planner,1,42218,36992,410,410,37837,36992,84,0,0,True,den520d-random-17.scen,220
220,den520d.map,planner,1,42218,36992,410,410,37837,36992,82,0,1,False,den520d-random-17.scen,220
220,den520d.map,planner,1,41182,36992,410,410,37739,36992,76,0,1,True,den520d-random-17.scen,220
220,den520d.map,planner,1,42218,36992,410,410,37837,36992,77,0,10,False,den520d-random-17.scen,220
220,den520d.map,planner,1,41182,36992,410,410,37739,36992,79,0,10,True,den520d-random-17.scen,220
220,den520d.map,planner,1,42218,36992,410,410,37837,36992,71,0,100,False,den520d-random-17.scen,220
220,den520d.map,planner,1,41182,36992,410,410,37739,36992,80,0,100,True,den520d-random-17.scen,220
220,den520d.map,planner,1,42218,36992,410,410,37837,36992,85,0,1000,False,den520d-random-17.scen,220
220,den520d.map,planner,1,41182,36992,410,410,37739,36992,87,0,1000,True,den520d-random-17.scen,220
260,den520d.map,planner,1,50604,44016,410,410,45230,44016,105,0,0,False,den520d-random-17.scen,260
260,den520d.map,planner,1,50604,44016,410,410,45230,44016,96,0,0,True,den520d-random-17.scen,260
260,den520d.map,planner,1,50604,44016,410,410,45230,44016,100,0,1,False,den520d-random-17.scen,260
260,den520d.map,planner,1,49817,44016,410,410,45070,44016,96,0,1,True,den520d-random-17.scen,260
260,den520d.map,planner,1,50604,44016,410,410,45230,44016,101,0,10,False,den520d-random-17.scen,260
260,den520d.map,planner,1,49817,44016,410,410,45070,44016,97,0,10,True,den520d-random-17.scen,260
260,den520d.map,planner,1,50604,44016,410,410,45230,44016,96,0,100,False,den520d-random-17.scen,260
260,den520d.map,planner,1,49817,44016,410,410,45070,44016,91,0,100,True,den520d-random-17.scen,260
260,den520d.map,planner,1,50604,44016,410,410,45230,44016,93,0,1000,False,den520d-random-17.scen,260
260,den520d.map,planner,1,49817,44016,410,410,45070,44016,99,0,1000,True,den520d-random-17.scen,260
300,den520d.map,planner,1,57835,49722,410,410,51325,49722,110,0,0,False,den520d-random-17.scen,300
300,den520d.map,planner,1,57835,49722,410,410,51325,49722,110,0,0,True,den520d-random-17.scen,300
300,den520d.map,planner,1,57835,49722,410,410,51325,49722,114,0,1,False,den520d-random-17.scen,300
300,den520d.map,planner,1,56986,49722,410,410,51032,49722,113,0,1,True,den520d-random-17.scen,300
300,den520d.map,planner,1,57835,49722,410,410,51325,49722,111,0,10,False,den520d-random-17.scen,300
300,den520d.map,planner,1,56986,49722,410,410,51032,49722,115,0,10,True,den520d-random-17.scen,300
300,den520d.map,planner,1,57835,49722,410,410,51325,49722,112,0,100,False,den520d-random-17.scen,300
300,den520d.map,planner,1,56986,49722,410,410,51032,49722,116,0,100,True,den520d-random-17.scen,300
300,den520d.map,planner,1,57835,49722,410,410,51325,49722,113,0,1000,False,den520d-random-17.scen,300
300,den520d.map,planner,1,56986,49722,410,410,51032,49722,117,0,1000,True,den520d-random-17.scen,300
340,den520d.map,planner,1,66471,56832,410,410,58575,56832,151,0,0,False,den520d-random-17.scen,340
340,den520d.map,planner,1,66471,56832,410,410,58575,56832,139,0,0,True,den520d-random-17.scen,340
340,den520d.map,planner,1,66471,56832,410,410,58575,56832,133,0,1,False,den520d-random-17.scen,340
340,den520d.map,planner,1,66612,56832,410,410,58445,56832,132,0,1,True,den520d-random-17.scen,340
340,den520d.map,planner,1,66471,56832,410,410,58575,56832,143,0,10,False,den520d-random-17.scen,340
340,den520d.map,planner,1,66612,56832,410,410,58445,56832,130,0,10,True,den520d-random-17.scen,340
340,den520d.map,planner,1,66471,56832,410,410,58575,56832,131,0,100,False,den520d-random-17.scen,340
340,den520d.map,planner,1,66612,56832,410,410,58445,56832,141,0,100,True,den520d-random-17.scen,340
340,den520d.map,planner,1,66471,56832,410,410,58575,56832,131,0,1000,False,den520d-random-17.scen,340
340,den520d.map,planner,1,66612,56832,410,410,58445,56832,138,0,1000,True,den520d-random-17.scen,340
380,den520d.map,planner,1,76851,63787,410,410,66198,63787,147,0,0,False,den520d-random-17.scen,380
380,den520d.map,planner,1,76851,63787,410,410,66198,63787,156,0,0,True,den520d-random-17.scen,380
380,den520d.map,planner,1,76851,63787,410,410,66198,63787,152,0,1,False,den520d-random-17.scen,380
380,den520d.map,planner,1,74881,63787,410,410,65937,63787,152,0,1,True,den520d-random-17.scen,380
380,den520d.map,planner,1,76851,63787,410,410,66198,63787,149,0,10,False,den520d-random-17.scen,380
380,den520d.map,planner,1,75896,63787,410,410,65920,63787,151,0,10,True,den520d-random-17.scen,380
380,den520d.map,planner,1,76851,63787,410,410,66198,63787,150,0,100,False,den520d-random-17.scen,380
380,den520d.map,planner,1,75896,63787,410,410,65920,63787,157,0,100,True,den520d-random-17.scen,380
380,den520d.map,planner,1,76851,63787,410,410,66198,63787,146,0,1000,False,den520d-random-17.scen,380
380,den520d.map,planner,1,75896,63787,410,410,65920,63787,157,0,1000,True,den520d-random-17.scen,380
420,den520d.map,planner,1,83016,70159,410,410,72695,70159,160,0,0,False,den520d-random-17.scen,420
420,den520d.map,planner,1,83016,70159,410,410,72695,70159,165,0,0,True,den520d-random-17.scen,420
420,den520d.map,planner,1,83016,70159,410,410,72695,70159,156,0,1,False,den520d-random-17.scen,420
420,den520d.map,planner,1,82456,70159,410,410,72592,70159,166,0,1,True,den520d-random-17.scen,420
420,den520d.map,planner,1,83016,70159,410,410,72695,70159,164,0,10,False,den520d-random-17.scen,420
420,den520d.map,planner,1,82875,70159,410,410,72563,70159,160,0,10,True,den520d-random-17.scen,420
420,den520d.map,planner,1,83016,70159,410,410,72695,70159,156,0,100,False,den520d-random-17.scen,420
420,den520d.map,planner,1,82875,70159,410,410,72563,70159,172,0,100,True,den520d-random-17.scen,420
420,den520d.map,planner,1,83016,70159,410,410,72695,70159,161,0,1000,False,den520d-random-17.scen,420
420,den520d.map,planner,1,82875,70159,410,410,72563,70159,160,0,1000,True,den520d-random-17.scen,420
460,den520d.map,planner,1,92956,76932,410,410,80131,76932,177,0,0,False,den520d-random-17.scen,460
460,den520d.map,planner,1,92956,76932,410,410,80131,76932,172,0,0,True,den520d-random-17.scen,460
460,den520d.map,planner,1,92956,76932,410,410,80131,76932,179,0,1,False,den520d-random-17.scen,460
460,den520d.map,planner,1,93228,76932,410,410,79745,76932,170,0,1,True,den520d-random-17.scen,460
460,den520d.map,planner,1,92956,76932,410,410,80131,76932,182,0,10,False,den520d-random-17.scen,460
460,den520d.map,planner,1,93228,76932,410,410,79745,76932,178,0,10,True,den520d-random-17.scen,460
460,den520d.map,planner,1,92956,76932,410,410,80131,76932,167,0,100,False,den520d-random-17.scen,460
460,den520d.map,planner,1,93228,76932,410,410,79745,76932,178,0,100,True,den520d-random-17.scen,460
460,den520d.map,planner,1,92956,76932,410,410,80131,76932,176,0,1000,False,den520d-random-17.scen,460
460,den520d.map,planner,1,93228,76932,410,410,79745,76932,183,0,1000,True,den520d-random-17.scen,460
500,den520d.map,planner,1,101786,82969,410,410,86688,82969,197,0,0,False,den520d-random-17.scen,500
500,den520d.map,planner,1,101786,82969,410,410,86688,82969,192,0,0,True,den520d-random-17.scen,500
500,den520d.map,planner,1,101786,82969,410,410,86688,82969,187,0,1,False,den520d-random-17.scen,500
500,den520d.map,planner,1,100919,82969,410,410,86108,82969,204,0,1,True,den520d-random-17.scen,500
500,den520d.map,planner,1,101786,82969,410,410,86688,82969,190,0,10,False,den520d-random-17.scen,500
500,den520d.map,planner,1,101168,82969,410,410,86034,82969,200,0,10,True,den520d-random-17.scen,500
500,den520d.map,planner,1,101786,82969,410,410,86688,82969,198,0,100,False,den520d-random-17.scen,500
500,den520d.map,planner,1,101168,82969,410,410,86034,82969,209,0,100,True,den520d-random-17.scen,500
500,den520d.map,planner,1,101786,82969,410,410,86688,82969,202,0,1000,False,den520d-random-17.scen,500
500,den520d.map,planner,1,101168,82969,410,410,86034,82969,217,0,1000,True,den520d-random-17.scen,500
540,den520d.map,planner,1,109181,88794,411,410,93142,88794,217,0,0,False,den520d-random-17.scen,540
540,den520d.map,planner,1,109181,88794,411,410,93142,88794,219,0,0,True,den520d-random-17.scen,540
540,den520d.map,planner,1,109181,88794,411,410,93142,88794,209,0,1,False,den520d-random-17.scen,540
540,den520d.map,planner,1,108240,88794,410,410,92540,88794,217,0,1,True,den520d-random-17.scen,540
540,den520d.map,planner,1,109181,88794,411,410,93142,88794,213,0,10,False,den520d-random-17.scen,540
540,den520d.map,planner,1,110188,88794,416,410,92560,88794,213,0,10,True,den520d-random-17.scen,540
540,den520d.map,planner,1,109181,88794,411,410,93142,88794,213,0,100,False,den520d-random-17.scen,540
540,den520d.map,planner,1,108503,88794,410,410,92591,88794,247,0,100,True,den520d-random-17.scen,540
540,den520d.map,planner,1,109181,88794,411,410,93142,88794,217,0,1000,False,den520d-random-17.scen,540
540,den520d.map,planner,1,109421,88794,412,410,92524,88794,220,0,1000,True,den520d-random-17.scen,540
580,den520d.map,planner,1,119046,95536,410,410,100624,95536,225,0,0,False,den520d-random-17.scen,580
580,den520d.map,planner,1,119046,95536,410,410,100624,95536,236,0,0,True,den520d-random-17.scen,580
580,den520d.map,planner,1,119046,95536,410,410,100624,95536,227,0,1,False,den520d-random-17.scen,580
580,den520d.map,planner,1,117482,95536,410,410,99755,95536,235,0,1,True,den520d-random-17.scen,580
580,den520d.map,planner,1,119046,95536,410,410,100624,95536,224,0,10,False,den520d-random-17.scen,580
580,den520d.map,planner,1,116629,95536,410,410,99767,95536,250,0,10,True,den520d-random-17.scen,580
580,den520d.map,planner,1,119046,95536,410,410,100624,95536,226,0,100,False,den520d-random-17.scen,580
580,den520d.map,planner,1,116642,95536,410,410,99773,95536,292,0,100,True,den520d-random-17.scen,580
580,den520d.map,planner,1,119046,95536,410,410,100624,95536,224,0,1000,False,den520d-random-17.scen,580
580,den520d.map,planner,1,117570,95536,410,410,99760,95536,296,0,1000,True,den520d-random-17.scen,580
620,den520d.map,planner,1,128967,103530,410,410,109408,103530,253,0,0,False,den520d-random-17.scen,620
620,den520d.map,planner,1,128967,103530,410,410,109408,103530,233,0,0,True,den520d-random-17.scen,620
620,den520d.map,planner,1,128967,103530,410,410,109408,103530,246,0,1,False,den520d-random-17.scen,620
620,den520d.map,planner,1,128773,103530,413,410,108712,103530,262,0,1,True,den520d-random-17.scen,620
620,den520d.map,planner,1,128967,103530,410,410,109408,103530,243,0,10,False,den520d-random-17.scen,620
620,den520d.map,planner,1,128167,103530,413,410,108313,103530,281,0,10,True,den520d-random-17.scen,620
620,den520d.map,planner,1,128967,103530,410,410,109408,103530,258,0,100,False,den520d-random-17.scen,620
620,den520d.map,planner,1,129083,103530,410,410,108373,103530,363,0,100,True,den520d-random-17.scen,620
620,den520d.map,planner,1,128967,103530,410,410,109408,103530,257,0,1000,False,den520d-random-17.scen,620
620,den520d.map,planner,1,129179,103530,410,410,108394,103530,1368,0,1000,True,den520d-random-17.scen,620
660,den520d.map,planner,1,139152,110575,410,410,117302,110575,261,0,0,False,den520d-random-17.scen,660
660,den520d.map,planner,1,139152,110575,410,410,117302,110575,267,0,0,True,den520d-random-17.scen,660
660,den520d.map,planner,1,139152,110575,410,410,117302,110575,258,0,1,False,den520d-random-17.scen,660
660,den520d.map,planner,1,137613,110575,410,410,116172,110575,285,0,1,True,den520d-random-17.scen,660
660,den520d.map,planner,1,139152,110575,410,410,117302,110575,286,0,10,False,den520d-random-17.scen,660
660,den520d.map,planner,1,137355,110575,410,410,116216,110575,423,0,10,True,den520d-random-17.scen,660
660,den520d.map,planner,1,139152,110575,410,410,117302,110575,263,0,100,False,den520d-random-17.scen,660
660,den520d.map,planner,1,138206,110575,413,410,116205,110575,952,0,100,True,den520d-random-17.scen,660
660,den520d.map,planner,1,139152,110575,410,410,117302,110575,274,0,1000,False,den520d-random-17.scen,660
660,den520d.map,planner,1,138175,110575,410,410,116050,110575,3308,0,1000,True,den520d-random-17.scen,660
700,den520d.map,planner,1,148796,117593,410,410,124692,117593,272,0,0,False,den520d-random-17.scen,700
700,den520d.map,planner,1,148796,117593,410,410,124692,117593,281,0,0,True,den520d-random-17.scen,700
700,den520d.map,planner,1,148796,117593,410,410,124692,117593,285,0,1,False,den520d-random-17.scen,700
700,den520d.map,planner,1,147752,117593,413,410,123920,117593,308,0,1,True,den520d-random-17.scen,700
700,den520d.map,planner,1,148796,117593,410,410,124692,117593,287,0,10,False,den520d-random-17.scen,700
700,den520d.map,planner,1,146137,117593,412,410,123745,117593,449,0,10,True,den520d-random-17.scen,700
700,den520d.map,planner,1,148796,117593,410,410,124692,117593,283,0,100,False,den520d-random-17.scen,700
700,den520d.map,planner,1,147203,117593,410,410,123650,117593,1065,0,100,True,den520d-random-17.scen,700
700,den520d.map,planner,1,148796,117593,410,410,124692,117593,293,0,1000,False,den520d-random-17.scen,700
700,den520d.map,planner,1,146815,117593,412,410,123595,117593,2868,0,1000,True,den520d-random-17.scen,700
740,den520d.map,planner,1,158599,124826,410,410,133065,124826,299,0,0,False,den520d-random-17.scen,740
740,den520d.map,planner,1,158599,124826,410,410,133065,124826,306,0,0,True,den520d-random-17.scen,740
740,den520d.map,planner,1,158599,124826,410,410,133065,124826,296,0,1,False,den520d-random-17.scen,740
740,den520d.map,planner,1,157593,124826,411,410,132304,124826,317,0,1,True,den520d-random-17.scen,740
740,den520d.map,planner,1,158599,124826,410,410,133065,124826,325,0,10,False,den520d-random-17.scen,740
740,den520d.map,planner,1,158403,124826,411,410,131807,124826,467,0,10,True,den520d-random-17.scen,740
740,den520d.map,planner,1,158599,124826,410,410,133065,124826,291,0,100,False,den520d-random-17.scen,740
740,den520d.map,planner,1,157451,124826,413,410,131653,124826,913,0,100,True,den520d-random-17.scen,740
740,den520d.map,planner,1,158599,124826,410,410,133065,124826,288,0,1000,False,den520d-random-17.scen,740
740,den520d.map,planner,1,157117,124826,410,410,131597,124826,7199,0,1000,True,den520d-random-17.scen,740
780,den520d.map,planner,1,169279,131284,410,410,140530,131284,314,0,0,False,den520d-random-17.scen,780
780,den520d.map,planner,1,169279,131284,410,410,140530,131284,323,0,0,True,den520d-random-17.scen,780
780,den520d.map,planner,1,169279,131284,410,410,140530,131284,304,0,1,False,den520d-random-17.scen,780
780,den520d.map,planner,1,168877,131284,410,410,139800,131284,323,0,1,True,den520d-random-17.scen,780
780,den520d.map,planner,1,169279,131284,410,410,140530,131284,325,0,10,False,den520d-random-17.scen,780
780,den520d.map,planner,1,167081,131284,410,410,139333,131284,490,0,10,True,den520d-random-17.scen,780
780,den520d.map,planner,1,169279,131284,410,410,140530,131284,321,0,100,False,den520d-random-17.scen,780
780,den520d.map,planner,1,166497,131284,413,410,138538,131284,1223,0,100,True,den520d-random-17.scen,780
780,den520d.map,planner,1,169279,131284,410,410,140530,131284,313,0,1000,False,den520d-random-17.scen,780
780,den520d.map,planner,1,167240,131284,413,410,138589,131284,7075,0,1000,True,den520d-random-17.scen,780
820,den520d.map,planner,1,179148,139036,410,410,148986,139036,340,0,0,False,den520d-random-17.scen,820
820,den520d.map,planner,1,179148,139036,410,410,148986,139036,346,0,0,True,den520d-random-17.scen,820
820,den520d.map,planner,1,179148,139036,410,410,148986,139036,334,0,1,False,den520d-random-17.scen,820
820,den520d.map,planner,1,178983,139036,410,410,148474,139036,374,0,1,True,den520d-random-17.scen,820
820,den520d.map,planner,1,179148,139036,410,410,148986,139036,346,0,10,False,den520d-random-17.scen,820
820,den520d.map,planner,1,178179,139036,410,410,147822,139036,591,0,10,True,den520d-random-17.scen,820
820,den520d.map,planner,1,179148,139036,410,410,148986,139036,343,0,100,False,den520d-random-17.scen,820
820,den520d.map,planner,1,178332,139036,410,410,147707,139036,2714,0,100,True,den520d-random-17.scen,820
820,den520d.map,planner,1,179148,139036,410,410,148986,139036,324,0,1000,False,den520d-random-17.scen,820
820,den520d.map,planner,1,177725,139036,412,410,147363,139036,12287,0,1000,True,den520d-random-17.scen,820
860,den520d.map,planner,1,189495,145111,410,410,156137,145111,350,0,0,False,den520d-random-17.scen,860
860,den520d.map,planner,1,189495,145111,410,410,156137,145111,347,0,0,True,den520d-random-17.scen,860
860,den520d.map,planner,1,189495,145111,410,410,156137,145111,345,0,1,False,den520d-random-17.scen,860
860,den520d.map,planner,1,190053,145111,410,410,155185,145111,398,0,1,True,den520d-random-17.scen,860
860,den520d.map,planner,1,189495,145111,410,410,156137,145111,336,0,10,False,den520d-random-17.scen,860
860,den520d.map,planner,1,189643,145111,412,410,154266,145111,609,0,10,True,den520d-random-17.scen,860
860,den520d.map,planner,1,189495,145111,410,410,156137,145111,346,0,100,False,den520d-random-17.scen,860
860,den520d.map,planner,1,187293,145111,410,410,154233,145111,2546,0,100,True,den520d-random-17.scen,860
860,den520d.map,planner,1,189495,145111,410,410,156137,145111,365,0,1000,False,den520d-random-17.scen,860
860,den520d.map,planner,1,187827,145111,410,410,154217,145111,22881,0,1000,True,den520d-random-17.scen,860
900,den520d.map,planner,1,200977,151337,411,410,164157,151337,367,0,0,False,den520d-random-17.scen,900
900,den520d.map,planner,1,200977,151337,411,410,164157,151337,368,0,0,True,den520d-random-17.scen,900
900,den520d.map,planner,1,200977,151337,411,410,164157,151337,369,0,1,False,den520d-random-17.scen,900
900,den520d.map,planner,1,197491,151337,410,410,162697,151337,400,0,1,True,den520d-random-17.scen,900
900,den520d.map,planner,1,200977,151337,411,410,164157,151337,359,0,10,False,den520d-random-17.scen,900
900,den520d.map,planner,1,199415,151337,410,410,162755,151337,699,0,10,True,den520d-random-17.scen,900
900,den520d.map,planner,1,200977,151337,411,410,164157,151337,358,0,100,False,den520d-random-17.scen,900
900,den520d.map,planner,1,198483,151337,410,410,162367,151337,3587,0,100,True,den520d-random-17.scen,900
900,den520d.map,planner,1,200977,151337,411,410,164157,151337,396,0,1000,False,den520d-random-17.scen,900
900,den520d.map,planner,1,196244,151337,410,410,161439,151337,24126,0,1000,True,den520d-random-17.scen,900
940,den520d.map,planner,1,211338,158347,410,410,172548,158347,375,0,0,False,den520d-random-17.scen,940
940,den520d.map,planner,1,211338,158347,410,410,172548,158347,403,0,0,True,den520d-random-17.scen,940
940,den520d.map,planner,1,211338,158347,410,410,172548,158347,387,0,1,False,den520d-random-17.scen,940
940,den520d.map,planner,1,208498,158347,410,410,171253,158347,418,0,1,True,den520d-random-17.scen,940
940,den520d.map,planner,1,211338,158347,410,410,172548,158347,383,0,10,False,den520d-random-17.scen,940
940,den520d.map,planner,1,209349,158347,410,410,170555,158347,707,0,10,True,den520d-random-17.scen,940
940,den520d.map,planner,1,211338,158347,410,410,172548,158347,375,0,100,False,den520d-random-17.scen,940
940,den520d.map,planner,1,209844,158347,410,410,170780,158347,3745,0,100,True,den520d-random-17.scen,940
940,den520d.map,planner,1,211338,158347,410,410,172548,158347,389,0,1000,False,den520d-random-17.scen,940
940,den520d.map,planner,1,207652,158347,410,410,169722,158347,28264,0,1000,True,den520d-random-17.scen,940
980,den520d.map,planner,1,221120,164507,410,410,179849,164507,403,0,0,False,den520d-random-17.scen,980
980,den520d.map,planner,1,221120,164507,410,410,179849,164507,411,0,0,True,den520d-random-17.scen,980
980,den520d.map,planner,1,221120,164507,410,410,179849,164507,393,0,1,False,den520d-random-17.scen,980
980,den520d.map,planner,1,219364,164507,410,410,178010,164507,448,0,1,True,den520d-random-17.scen,980
980,den520d.map,planner,1,221120,164507,410,410,179849,164507,380,0,10,False,den520d-random-17.scen,980
980,den520d.map,planner,1,218559,164507,410,410,177678,164507,755,0,10,True,den520d-random-17.scen,980
980,den520d.map,planner,1,221120,164507,410,410,179849,164507,374,0,100,False,den520d-random-17.scen,980
980,den520d.map,planner,1,218077,164507,410,410,176767,164507,3478,0,100,True,den520d-random-17.scen,980
980,den520d.map,planner,1,221120,164507,410,410,179849,164507,391,0,1000,False,den520d-random-17.scen,980
980,den520d.map,planner,1,219087,164507,413,410,177457,164507,35218,0,1000,True,den520d-random-17.scen,980
20,den520d.map,planner,1,3314,3307,328,328,3314,3307,7,0,0,False,den520d-random-2.scen,20
20,den520d.map,planner,1,3314,3307,328,328,3314,3307,8,0,0,True,den520d-random-2.scen,20
20,den520d.map,planner,1,3314,3307,328,328,3314,3307,6,0,1,False,den520d-random-2.scen,20
20,den520d.map,planner,1,3314,3307,328,328,3314,3307,7,0,1,True,den520d-random-2.scen,20
20,den520d.map,planner,1,3314,3307,328,328,3314,3307,6,0,10,False,den520d-random-2.scen,20
20,den520d.map,planner,1,3314,3307,328,328,3314,3307,6,0,10,True,den520d-random-2.scen,20
20,den520d.map,planner,1,3314,3307,328,328,3314,3307,6,0,100,False,den520d-random-2.scen,20
20,den520d.map,planner,1,3314,3307,328,328,3314,3307,9,0,100,True,den520d-random-2.scen,20
20,den520d.map,planner,1,3314,3307,328,328,3314,3307,7,0,1000,False,den520d-random-2.scen,20
20,den520d.map,planner,1,3314,3307,328,328,3314,3307,7,0,1000,True,den520d-random-2.scen,20
60,den520d.map,planner,1,10974,9986,359,359,10069,9986,19,0,0,False,den520d-random-2.scen,60
60,den520d.map,planner,1,10974,9986,359,359,10069,9986,20,0,0,True,den520d-random-2.scen,60
60,den520d.map,planner,1,10974,9986,359,359,10069,9986,23,0,1,False,den520d-random-2.scen,60
60,den520d.map,planner,1,10974,9986,359,359,10069,9986,21,0,1,True,den520d-random-2.scen,60
60,den520d.map,planner,1,10974,9986,359,359,10069,9986,21,0,10,False,den520d-random-2.scen,60
60,den520d.map,planner,1,10974,9986,359,359,10069,9986,26,0,10,True,den520d-random-2.scen,60
60,den520d.map,planner,1,10974,9986,359,359,10069,9986,21,0,100,False,den520d-random-2.scen,60
60,den520d.map,planner,1,10974,9986,359,359,10069,9986,20,0,100,True,den520d-random-2.scen,60
60,den520d.map,planner,1,10974,9986,359,359,10069,9986,21,0,1000,False,den520d-random-2.scen,60
60,den520d.map,planner,1,10974,9986,359,359,10069,9986,23,0,1000,True,den520d-random-2.scen,60
100,den520d.map,planner,1,18868,17046,383,383,17231,17046,32,0,0,False,den520d-random-2.scen,100
100,den520d.map,planner,1,18868,17046,383,383,17231,17046,38,0,0,True,den520d-random-2.scen,100
100,den520d.map,planner,1,18868,17046,383,383,17231,17046,34,0,1,False,den520d-random-2.scen,100
100,den520d.map,planner,1,18868,17046,383,383,17231,17046,37,0,1,True,den520d-random-2.scen,100
100,den520d.map,planner,1,18868,17046,383,383,17231,17046,37,0,10,False,den520d-random-2.scen,100
100,den520d.map,planner,1,18868,17046,383,383,17231,17046,36,0,10,True,den520d-random-2.scen,100
100,den520d.map,planner,1,18868,17046,383,383,17231,17046,32,0,100,False,den520d-random-2.scen,100
100,den520d.map,planner,1,18868,17046,383,383,17231,17046,35,0,100,True,den520d-random-2.scen,100
100,den520d.map,planner,1,18868,17046,383,383,17231,17046,37,0,1000,False,den520d-random-2.scen,100
100,den520d.map,planner,1,18868,17046,383,383,17231,17046,37,0,1000,True,den520d-random-2.scen,100
140,den520d.map,planner,1,27778,24801,383,383,25231,24801,52,0,0,False,den520d-random-2.scen,140
140,den520d.map,planner,1,27778,24801,383,383,25231,24801,51,0,0,True,den520d-random-2.scen,140
140,den520d.map,planner,1,27778,24801,383,383,25231,24801,53,0,1,False,den520d-random-2.scen,140
140,den520d.map,planner,1,27348,24801,383,383,25201,24801,58,0,1,True,den520d-random-2.scen,140
140,den520d.map,planner,1,27778,24801,383,383,25231,24801,51,0,10,False,den520d-random-2.scen,140
140,den520d.map,planner,1,27348,24801,383,383,25201,24801,50,0,10,True,den520d-random-2.scen,140
140,den520d.map,planner,1,27778,24801,383,383,25231,24801,58,0,100,False,den520d-random-2.scen,140
140,den520d.map,planner,1,27348,24801,383,383,25201,24801,58,0,100,True,den520d-random-2.scen,140
140,den520d.map,planner,1,27778,24801,383,383,25231,24801,48,0,1000,False,den520d-random-2.scen,140
140,den520d.map,planner,1,27348,24801,383,383,25201,24801,46,0,1000,True,den520d-random-2.scen,140
180,den520d.map,planner,1,36632,32320,383,383,32813,32320,64,0,0,False,den520d-random-2.scen,180
180,den520d.map,planner,1,36632,32320,383,383,32813,32320,63,0,0,True,den520d-random-2.scen,180
180,den520d.map,planner,1,36632,32320,383,383,32813,32320,64,0,1,False,den520d-random-2.scen,180
180,den520d.map,planner,1,37368,32320,383,383,32926,32320,66,0,1,True,den520d-random-2.scen,180
180,den520d.map,planner,1,36632,32320,383,383,32813,32320,67,0,10,False,den520d-random-2.scen,180
180,den520d.map,planner,1,37368,32320,383,383,32926,32320,63,0,10,True,den520d-random-2.scen,180
180,den520d.map,planner,1,36632,32320,383,383,32813,32320,66,0,100,False,den520d-random-2.scen,180
180,den520d.map,planner,1,37368,32320,383,383,32926,32320,75,0,100,True,den520d-random-2.scen,180
180,den520d.map,planner,1,36632,32320,383,383,32813,32320,63,0,1000,False,den520d-random-2.scen,180
180,den520d.map,planner,1,37368,32320,383,383,32926,32320,67,0,1000,True,den520d-random-2.scen,180
220,den520d.map,planner,1,44830,38978,383,383,39832,38978,84,0,0,False,den520d-random-2.scen,220
220,den520d.map,planner,1,44830,38978,383,383,39832,38978,83,0,0,True,den520d-random-2.scen,220
220,den520d.map,planner,1,44830,38978,383,383,39832,38978,76,0,1,False,den520d-random-2.scen,220
220,den520d.map,planner,1,44071,38978,383,383,39744,38978,83,0,1,True,den520d-random-2.scen,220
220,den520d.map,planner,1,44830,38978,383,383,39832,38978,78,0,10,False,den520d-random-2.scen,220
220,den520d.map,planner,1,44071,38978,383,383,39744,38978,81,0,10,True,den520d-random-2.scen,220
220,den520d.map,planner,1,44830,38978,383,383,39832,38978,80,0,100,False,den520d-random-2.scen,220
220,den520d.map,planner,1,44071,38978,383,383,39744,38978,86,0,100,True,den520d-random-2.scen,220
220,den520d.map,planner,1,44830,38978,383,383,39832,38978,87,0,1000,False,den520d-random-2.scen,220
220,den520d.map,planner,1,44071,38978,383,383,39744,38978,91,0,1000,True,den520d-random-2.scen,220
260,den520d.map,planner,1,52197,45945,391,391,47020,45945,102,0,0,False,den520d-random-2.scen,260
260,den520d.map,planner,1,52197,45945,391,391,47020,45945,95,0,0,True,den520d-random-2.scen,260
260,den520d.map,planner,1,52197,45945,391,391,47020,45945,98,0,1,False,den520d-random-2.scen,260
260,den520d.map,planner,1,52583,45945,391,391,47002,45945,102,0,1,True,den520d-random-2.scen,260
260,den520d.map,planner,1,52197,45945,391,391,47020,45945,97,0,10,False,den520d-random-2.scen,260
260,den520d.map,planner,1,52583,45945,391,391,47002,45945,102,0,10,True,den520d-random-2.scen,260
260,den520d.map,planner,1,52197,45945,391,391,47020,45945,106,0,100,False,den520d-random-2.scen,260
260,den520d.map,planner,1,52583,45945,391,391,47002,45945,114,0,100,True,den520d-random-2.scen,260
260,den520d.map,planner,1,52197,45945,391,391,47020,45945,101,0,1000,False,den520d-random-2.scen,260
260,den520d.map,planner,1,52583,45945,391,391,47002,45945,99,0,1000,True,den520d-random-2.scen,260
300,den520d.map,planner,1,61312,52488,391,391,54140,52488,123,0,0,False,den520d-random-2.scen,300
300,den520d.map,planner,1,61312,52488,391,391,54140,52488,118,0,0,True,den520d-random-2.scen,300
300,den520d.map,planner,1,61312,52488,391,391,54140,52488,117,0,1,False,den520d-random-2.scen,300
300,den520d.map,planner,1,61341,52488,391,391,53967,52488,121,0,1,True,den520d-random-2.scen,300
300,den520d.map,planner,1,61312,52488,391,391,54140,52488,115,0,10,False,den520d-random-2.scen,300
300,den520d.map,planner,1,61341,52488,391,391,53967,52488,129,0,10,True,den520d-random-2.scen,300
300,den520d.map,planner,1,61312,52488,391,391,54140,52488,116,0,100,False,den520d-random-2.scen,300
300,den520d.map,planner,1,61341,52488,391,391,53967,52488,112,0,100,True,den520d-random-2.scen,300
300,den520d.map,planner,1,61312,52488,391,391,54140,52488,112,0,1000,False,den520d-random-2.scen,300
300,den520d.map,planner,1,61341,52488,391,391,53967,52488,114,0,1000,True,den520d-random-2.scen,300
340,den520d.map,planner,1,68684,58780,391,391,60695,58780,125,0,0,False,den520d-random-2.scen,340
340,den520d.map,planner,1,68684,58780,391,391,60695,58780,120,0,0,True,den520d-random-2.scen,340
340,den520d.map,planner,1,68684,58780,391,391,60695,58780,139,0,1,False,den520d-random-2.scen,340
340,den520d.map,planner,1,69307,58780,391,391,60444,58780,142,0,1,True,den520d-random-2.scen,340
340,den520d.map,planner,1,68684,58780,391,391,60695,58780,125,0,10,False,den520d-random-2.scen,340
340,den520d.map,planner,1,70038,58780,391,391,60470,58780,141,0,10,True,den520d-random-2.scen,340
340,den520d.map,planner,1,68684,58780,391,391,60695,58780,140,0,100,False,den520d-random-2.scen,340
340,den520d.map,planner,1,70038,58780,391,391,60470,58780,135,0,100,True,den520d-random-2.scen,340
340,den520d.map,planner,1,68684,58780,391,391,60695,58780,137,0,1000,False,den520d-random-2.scen,340
340,den520d.map,planner,1,70038,58780,391,391,60470,58780,131,0,1000,True,den520d-random-2.scen,340
380,den520d.map,planner,1,79784,66215,391,391,68690,66215,155,0,0,False,den520d-random-2.scen,380
380,den520d.map,planner,1,79784,66215,391,391,68690,66215,146,0,0,True,den520d-random-2.scen,380
380,den520d.map,planner,1,79784,66215,391,391,68690,66215,173,0,1,False,den520d-random-2.scen,380
380,den520d.map,planner,1,78410,66215,391,391,68420,66215,149,0,1,True,den520d-random-2.scen,380
380,den520d.map,planner,1,79784,66215,391,391,68690,66215,143,0,10,False,den520d-random-2.scen,380
380,den520d.map,planner,1,79203,66215,391,391,68461,66215,151,0,10,True,den520d-random-2.scen,380
380,den520d.map,planner,1,79784,66215,391,391,68690,66215,152,0,100,False,den520d-random-2.scen,380
380,den520d.map,planner,1,79203,66215,391,391,68461,66215,148,0,100,True,den520d-random-2.scen,380
380,den520d.map,planner,1,79784,66215,391,391,68690,66215,152,0,1000,False,den520d-random-2.scen,380
380,den520d.map,planner,1,79203,66215,391,391,68461,66215,150,0,1000,True,den520d-random-2.scen,380
420,den520d.map,planner,1,89420,73805,391,391,76805,73805,168,0,0,False,den520d-random-2.scen,420
420,den520d.map,planner,1,89420,73805,391,391,76805,73805,173,0,0,True,den520d-random-2.scen,420
420,den520d.map,planner,1,89420,73805,391,391,76805,73805,162,0,1,False,den520d-random-2.scen,420
420,den520d.map,planner,1,88173,73805,391,391,76274,73805,168,0,1,True,den520d-random-2.scen,420
420,den520d.map,planner,1,89420,73805,391,391,76805,73805,160,0,10,False,den520d-random-2.scen,420
420,den520d.map,planner,1,88814,73805,391,391,76344,73805,205,0,10,True,den520d-random-2.scen,420
420,den520d.map,planner,1,89420,73805,391,391,76805,73805,157,0,100,False,den520d-random-2.scen,420
420,den520d.map,planner,1,89665,73805,391,391,76294,73805,237,0,100,True,den520d-random-2.scen,420
420,den520d.map,planner,1,89420,73805,391,391,76805,73805,163,0,1000,False,den520d-random-2.scen,420
420,den520d.map,planner,1,88849,73805,391,391,76287,73805,336,0,1000,True,den520d-random-2.scen,420
460,den520d.map,planner,1,97456,80552,405,405,83892,80552,196,0,0,False,den520d-random-2.scen,460
460,den520d.map,planner,1,97456,80552,405,405,83892,80552,192,0,0,True,den520d-random-2.scen,460
460,den520d.map,planner,1,97456,80552,405,405,83892,80552,185,0,1,False,den520d-random-2.scen,460
460,den520d.map,planner,1,98147,80552,405,405,83500,80552,192,0,1,True,den520d-random-2.scen,460
460,den520d.map,planner,1,97456,80552,405,405,83892,80552,192,0,10,False,den520d-random-2.scen,460
460,den520d.map,planner,1,97702,80552,405,405,83472,80552,199,0,10,True,den520d-random-2.scen,460
460,den520d.map,planner,1,97456,80552,405,405,83892,80552,184,0,100,False,den520d-random-2.scen,460
460,den520d.map,planner,1,97311,80552,406,405,83321,80552,207,0,100,True,den520d-random-2.scen,460
460,den520d.map,planner,1,97456,80552,405,405,83892,80552,179,0,1000,False,den520d-random-2.scen,460
460,den520d.map,planner,1,96846,80552,405,405,83423,80552,524,0,1000,True,den520d-random-2.scen,460
500,den520d.map,planner,1,109578,88713,405,405,92903,88713,203,0,0,False,den520d-random-2.scen,500
500,den520d.map,planner,1,109578,88713,405,405,92903,88713,202,0,0,True,den520d-random-2.scen,500
500,den520d.map,planner,1,109578,88713,405,405,92903,88713,195,0,1,False,den520d-random-2.scen,500
500,den520d.map,planner,1,109317,88713,406,405,92409,88713,220,0,1,True,den520d-random-2.scen,500
500,den520d.map,planner,1,109578,88713,405,405,92903,88713,209,0,10,False,den520d-random-2.scen,500
500,den520d.map,planner,1,107685,88713,405,405,92251,88713,216,0,10,True,den520d-random-2.scen,500
500,den520d.map,planner,1,109578,88713,405,405,92903,88713,195,0,100,False,den520d-random-2.scen,500
500,den520d.map,planner,1,109355,88713,405,405,92222,88713,279,0,100,True,den520d-random-2.scen,500
500,den520d.map,planner,1,109578,88713,405,405,92903,88713,199,0,1000,False,den520d-random-2.scen,500
500,den520d.map,planner,1,108526,88713,405,405,92218,88713,268,0,1000,True,den520d-random-2.scen,500
540,den520d.map,planner,1,119401,96124,425,425,101288,96124,215,0,0,False,den520d-random-2.scen,540
540,den520d.map,planner,1,119401,96124,425,425,101288,96124,229,0,0,True,den520d-random-2.scen,540
540,den520d.map,planner,1,119401,96124,425,425,101288,96124,223,0,1,False,den520d-random-2.scen,540
540,den520d.map,planner,1,118731,96124,425,425,100291,96124,254,0,1,True,den520d-random-2.scen,540
540,den520d.map,planner,1,119401,96124,425,425,101288,96124,235,0,10,False,den520d-random-2.scen,540
540,den520d.map,planner,1,119057,96124,425,425,100263,96124,321,0,10,True,den520d-random-2.scen,540
540,den520d.map,planner,1,119401,96124,425,425,101288,96124,227,0,100,False,den520d-random-2.scen,540
540,den520d.map,planner,1,118601,96124,425,425,100301,96124,976,0,100,True,den520d-random-2.scen,540
540,den520d.map,planner,1,119401,96124,425,425,101288,96124,221,0,1000,False,den520d-random-2.scen,540
540,den520d.map,planner,1,118378,96124,425,425,100144,96124,3869,0,1000,True,den520d-random-2.scen,540
580,den520d.map,planner,1,130820,103531,425,425,109463,103531,259,0,0,False,den520d-random-2.scen,580
580,den520d.map,planner,1,130820,103531,425,425,109463,103531,230,0,0,True,den520d-random-2.scen,580
580,den520d.map,planner,1,130820,103531,425,425,109463,103531,237,0,1,False,den520d-random-2.scen,580
580,den520d.map,planner,1,129685,103531,427,425,108425,103531,251,0,1,True,den520d-random-2.scen,580
580,den520d.map,planner,1,130820,103531,425,425,109463,103531,225,0,10,False,den520d-random-2.scen,580
580,den520d.map,planner,1,129120,103531,425,425,108182,103531,360,0,10,True,den520d-random-2.scen,580
580,den520d.map,planner,1,130820,103531,425,425,109463,103531,251,0,100,False,den520d-random-2.scen,580
580,den520d.map,planner,1,127771,103531,425,425,108180,103531,1369,0,100,True,den520d-random-2.scen,580
580,den520d.map,planner,1,130820,103531,425,425,109463,103531,262,0,1000,False,den520d-random-2.scen,580
580,den520d.map,planner,1,127789,103531,425,425,108045,103531,2921,0,1000,True,den520d-random-2.scen,580
620,den520d.map,planner,1,140213,110830,425,425,117180,110830,248,0,0,False,den520d-random-2.scen,620
620,den520d.map,planner,1,140213,110830,425,425,117180,110830,270,0,0,True,den520d-random-2.scen,620
620,den520d.map,planner,1,140213,110830,425,425,117180,110830,247,0,1,False,den520d-random-2.scen,620
620,den520d.map,planner,1,139410,110830,425,425,116167,110830,270,0,1,True,den520d-random-2.scen,620
620,den520d.map,planner,1,140213,110830,425,425,117180,110830,240,0,10,False,den520d-random-2.scen,620
620,den520d.map,planner,1,137491,110830,425,425,116215,110830,375,0,10,True,den520d-random-2.scen,620
620,den520d.map,planner,1,140213,110830,425,425,117180,110830,258,0,100,False,den520d-random-2.scen,620
620,den520d.map,planner,1,137741,110830,425,425,115960,110830,1143,0,100,True,den520d-random-2.scen,620
620,den520d.map,planner,1,140213,110830,425,425,117180,110830,262,0,1000,False,den520d-random-2.scen,620
620,den520d.map,planner,1,137956,110830,425,425,115991,110830,8000,0,1000,True,den520d-random-2.scen,620
660,den520d.map,planner,1,149582,116879,425,425,124104,116879,280,0,0,False,den520d-random-2.scen,660
660,den520d.map,planner,1,149582,116879,425,425,124104,116879,275,0,0,True,den520d-random-2.scen,660
660,den520d.map,planner,1,149582,116879,425,425,124104,116879,273,0,1,False,den520d-random-2.scen,660
660,den520d.map,planner,1,147926,116879,425,425,123314,116879,303,0,1,True,den520d-random-2.scen,660
660,den520d.map,planner,1,149582,116879,425,425,124104,116879,273,0,10,False,den520d-random-2.scen,660
660,den520d.map,planner,1,148542,116879,425,425,122958,116879,456,0,10,True,den520d-random-2.scen,660
660,den520d.map,planner,1,149582,116879,425,425,124104,116879,261,0,100,False,den520d-random-2.scen,660
660,den520d.map,planner,1,147549,116879,425,425,122923,116879,2399,0,100,True,den520d-random-2.scen,660
660,den520d.map,planner,1,149582,116879,425,425,124104,116879,263,0,1000,False,den520d-random-2.scen,660
660,den520d.map,planner,1,147107,116879,425,425,122679,116879,12087,0,1000,True,den520d-random-2.scen,660
700,den520d.map,planner,1,160135,124324,425,425,132936,124324,292,0,0,False,den520d-random-2.scen,700
700,den520d.map,planner,1,160135,124324,425,425,132936,124324,281,0,0,True,den520d-random-2.scen,700
700,den520d.map,planner,1,160135,124324,425,425,132936,124324,304,0,1,False,den520d-random-2.scen,700
700,den520d.map,planner,1,158070,124324,425,425,131573,124324,328,0,1,True,den520d-random-2.scen,700
700,den520d.map,planner,1,160135,124324,425,425,132936,124324,280,0,10,False,den520d-random-2.scen,700
700,den520d.map,planner,1,157234,124324,425,425,131319,124324,584,0,10,True,den520d-random-2.scen,700
700,den520d.map,planner,1,160135,124324,425,425,132936,124324,290,0,100,False,den520d-random-2.scen,700
700,den520d.map,planner,1,158034,124324,443,425,131430,124324,2560,0,100,True,den520d-random-2.scen,700
700,den520d.map,planner,1,160135,124324,425,425,132936,124324,297,0,1000,False,den520d-random-2.scen,700
700,den520d.map,planner,1,158289,124324,428,425,131178,124324,16004,0,1000,True,den520d-random-2.scen,700
740,den520d.map,planner,1,168660,129980,425,425,139379,129980,311,0,0,False,den520d-random-2.scen,740
740,den520d.map,planner,1,168660,129980,425,425,139379,129980,299,0,0,True,den520d-random-2.scen,740
740,den520d.map,planner,1,168660,129980,425,425,139379,129980,313,0,1,False,den520d-random-2.scen,740
740,den520d.map,planner,1,168424,129980,425,425,138448,129980,352,0,1,True,den520d-random-2.scen,740
740,den520d.map,planner,1,168660,129980,425,425,139379,129980,317,0,10,False,den520d-random-2.scen,740
740,den520d.map,planner,1,167808,129980,427,425,137860,129980,592,0,10,True,den520d-random-2.scen,740
740,den520d.map,planner,1,168660,129980,425,425,139379,129980,298,0,100,False,den520d-random-2.scen,740
740,den520d.map,planner,1,168992,129980,426,425,138099,129980,3060,0,100,True,den520d-random-2.scen,740
740,den520d.map,planner,1,168660,129980,425,425,139379,129980,299,0,1000,False,den520d-random-2.scen,740
740,den520d.map,planner,1,165139,129980,425,425,137619,129980,27564,0,1000,True,den520d-random-2.scen,740
780,den520d.map,planner,1,179103,136775,427,425,146853,136775,343,0,0,False,den520d-random-2.scen,780
780,den520d.map,planner,1,179103,136775,427,425,146853,136775,323,0,0,True,den520d-random-2.scen,780
780,den520d.map,planner,1,179103,136775,427,425,146853,136775,323,0,1,False,den520d-random-2.scen,780
780,den520d.map,planner,1,176193,136775,430,425,145659,136775,362,0,1,True,den520d-random-2.scen,780
780,den520d.map,planner,1,179103,136775,427,425,146853,136775,335,0,10,False,den520d-random-2.scen,780
780,den520d.map,planner,1,176450,136775,425,425,145729,136775,655,0,10,True,den520d-random-2.scen,780
780,den520d.map,planner,1,179103,136775,427,425,146853,136775,331,0,100,False,den520d-random-2.scen,780
780,den520d.map,planner,1,177438,136775,425,425,145472,136775,3755,0,100,True,den520d-random-2.scen,780
780,den520d.map,planner,1,179103,136775,427,425,146853,136775,326,0,1000,False,den520d-random-2.scen,780
780,den520d.map,planner,1,176072,136775,425,425,145058,136775,26786,0,1000,True,den520d-random-2.scen,780
820,den520d.map,planner,1,189482,143986,425,425,155352,143986,322,0,0,False,den520d-random-2.scen,820
820,den520d.map,planner,1,189482,143986,425,425,155352,143986,356,0,0,True,den520d-random-2.scen,820
820,den520d.map,planner,1,189482,143986,425,425,155352,143986,330,0,1,False,den520d-random-2.scen,820
820,den520d.map,planner,1,188208,143986,425,425,154361,143986,389,0,1,True,den520d-random-2.scen,820
820,den520d.map,planner,1,189482,143986,425,425,155352,143986,355,0,10,False,den520d-random-2.scen,820
820,den520d.map,planner,1,188242,143986,431,425,153965,143986,727,0,10,True,den520d-random-2.scen,820
820,den520d.map,planner,1,189482,143986,425,425,155352,143986,345,0,100,False,den520d-random-2.scen,820
820,den520d.map,planner,1,186276,143986,426,425,153383,143986,3498,0,100,True,den520d-random-2.scen,820
820,den520d.map,planner,1,189482,143986,425,425,155352,143986,328,0,1000,False,den520d-random-2.scen,820
820,den520d.map,planner,1,189298,143986,432,425,154204,143986,30895,0,1000,True,den520d-random-2.scen,820
860,den520d.map,planner,1,201234,152023,425,425,164654,152023,392,0,0,False,den520d-random-2.scen,860
860,den520d.map,planner,1,201234,152023,425,425,164654,152023,370,0,0,True,den520d-random-2.scen,860
860,den520d.map,planner,1,201234,152023,425,425,164654,152023,380,0,1,False,den520d-random-2.scen,860
860,den520d.map,planner,1,201473,152023,425,425,163825,152023,436,0,1,True,den520d-random-2.scen,860
860,den520d.map,planner,1,201234,152023,425,425,164654,152023,384,0,10,False,den520d-random-2.scen,860
860,den520d.map,planner,1,200521,152023,425,425,163386,152023,776,0,10,True,den520d-random-2.scen,860
860,den520d.map,planner,1,201234,152023,425,425,164654,152023,377,0,100,False,den520d-random-2.scen,860
860,den520d.map,planner,1,199282,152023,426,425,163071,152023,4192,0,100,True,den520d-random-2.scen,860
860,den520d.map,planner,1,201234,152023,425,425,164654,152023,364,0,1000,False,den520d-random-2.scen,860
860,den520d.map,planner,1,198760,152023,426,425,162652,152023,33089,0,1000,True,den520d-random-2.scen,860
900,den520d.map,planner,1,215213,159464,425,425,173507,159464,385,0,0,False,den520d-random-2.scen,900
900,den520d.map,planner,1,215213,159464,425,425,173507,159464,384,0,0,True,den520d-random-2.scen,900
900,den520d.map,planner,1,215213,159464,425,425,173507,159464,385,0,1,False,den520d-random-2.scen,900
900,den520d.map,planner,1,210361,159464,425,425,171421,159464,448,0,1,True,den520d-random-2.scen,900
900,den520d.map,planner,1,215213,159464,425,425,173507,159464,377,0,10,False,den520d-random-2.scen,900
900,den520d.map,planner,1,212113,159464,425,425,172205,159464,842,0,10,True,den520d-random-2.scen,900
900,den520d.map,planner,1,215213,159464,425,425,173507,159464,372,0,100,False,den520d-random-2.scen,900
900,den520d.map,planner,1,213166,159464,425,425,171940,159464,4626,0,100,True,den520d-random-2.scen,900
900,den520d.map,planner,1,215213,159464,425,425,173507,159464,354,0,1000,False,den520d-random-2.scen,900
900,den520d.map,planner,1,211466,159464,425,425,171719,159464,39847,0,1000,True,den520d-random-2.scen,900
940,den520d.map,planner,1,226287,167011,425,425,182983,167011,419,0,0,False,den520d-random-2.scen,940
940,den520d.map,planner,1,226287,167011,425,425,182983,167011,384,0,0,True,den520d-random-2.scen,940
940,den520d.map,planner,1,226287,167011,425,425,182983,167011,374,0,1,False,den520d-random-2.scen,940
940,den520d.map,planner,1,223170,167011,425,425,180982,167011,449,0,1,True,den520d-random-2.scen,940
940,den520d.map,planner,1,226287,167011,425,425,182983,167011,406,0,10,False,den520d-random-2.scen,940
940,den520d.map,planner,1,222580,167011,426,425,180674,167011,828,0,10,True,den520d-random-2.scen,940
940,den520d.map,planner,1,226287,167011,425,425,182983,167011,408,0,100,False,den520d-random-2.scen,940
940,den520d.map,planner,1,221567,167011,425,425,179818,167011,4413,0,100,True,den520d-random-2.scen,940
940,den520d.map,planner,1,226287,167011,425,425,182983,167011,420,0,1000,False,den520d-random-2.scen,940
940,den520d.map,planner,1,223010,167011,425,425,179630,167011,39123,0,1000,True,den520d-random-2.scen,940
980,den520d.map,planner,1,236030,174392,425,425,190717,174392,447,0,0,False,den520d-random-2.scen,980
980,den520d.map,planner,1,236030,174392,425,425,190717,174392,423,0,0,True,den520d-random-2.scen,980
980,den520d.map,planner,1,236030,174392,425,425,190717,174392,418,0,1,False,den520d-random-2.scen,980
980,den520d.map,planner,1,234161,174392,425,425,189563,174392,469,0,1,True,den520d-random-2.scen,980
980,den520d.map,planner,1,236030,174392,425,425,190717,174392,415,0,10,False,den520d-random-2.scen,980
980,den520d.map,planner,1,233452,174392,425,425,189306,174392,879,0,10,True,den520d-random-2.scen,980
980,den520d.map,planner,1,236030,174392,425,425,190717,174392,417,0,100,False,den520d-random-2.scen,980
980,den520d.map,planner,1,234534,174392,425,425,188988,174392,5164,0,100,True,den520d-random-2.scen,980
980,den520d.map,planner,1,236030,174392,425,425,190717,174392,411,0,1000,False,den520d-random-2.scen,980
980,den520d.map,planner,1,232371,174392,426,425,188076,174392,38500,0,1000,True,den520d-random-2.scen,980
20,den520d.map,planner,1,3617,3471,324,324,3476,3471,6,0,0,False,den520d-random-10.scen,20
20,den520d.map,planner,1,3617,3471,324,324,3476,3471,9,0,0,True,den520d-random-10.scen,20
20,den520d.map,planner,1,3617,3471,324,324,3476,3471,7,0,1,False,den520d-random-10.scen,20
20,den520d.map,planner,1,3617,3471,324,324,3476,3471,6,0,1,True,den520d-random-10.scen,20
20,den520d.map,planner,1,3617,3471,324,324,3476,3471,7,0,10,False,den520d-random-10.scen,20
20,den520d.map,planner,1,3617,3471,324,324,3476,3471,6,0,10,True,den520d-random-10.scen,20
20,den520d.map,planner,1,3617,3471,324,324,3476,3471,6,0,100,False,den520d-random-10.scen,20
20,den520d.map,planner,1,3617,3471,324,324,3476,3471,6,0,100,True,den520d-random-10.scen,20
20,den520d.map,planner,1,3617,3471,324,324,3476,3471,6,0,1000,False,den520d-random-10.scen,20
20,den520d.map,planner,1,3617,3471,324,324,3476,3471,6,0,1000,True,den520d-random-10.scen,20
60,den520d.map,planner,1,10698,10422,324,324,10488,10422,21,0,0,False,den520d-random-10.scen,60
60,den520d.map,planner,1,10698,10422,324,324,10488,10422,20,0,0,True,den520d-random-10.scen,60
60,den520d.map,planner,1,10698,10422,324,324,10488,10422,20,0,1,False,den520d-random-10.scen,60
60,den520d.map,planner,1,10698,10422,324,324,10488,10422,20,0,1,True,den520d-random-10.scen,60
60,den520d.map,planner,1,10698,10422,324,324,10488,10422,21,0,10,False,den520d-random-10.scen,60
60,den520d.map,planner,1,10698,10422,324,324,10488,10422,21,0,10,True,den520d-random-10.scen,60
60,den520d.map,planner,1,10698,10422,324,324,10488,10422,21,0,100,False,den520d-random-10.scen,60
60,den520d.map,planner,1,10698,10422,324,324,10488,10422,22,0,100,True,den520d-random-10.scen,60
60,den520d.map,planner,1,10698,10422,324,324,10488,10422,21,0,1000,False,den520d-random-10.scen,60
60,den520d.map,planner,1,10698,10422,324,324,10488,10422,22,0,1000,True,den520d-random-10.scen,60
100,den520d.map,planner,1,18959,17570,339,339,17759,17570,34,0,0,False,den520d-random-10.scen,100
100,den520d.map,planner,1,18959,17570,339,339,17759,17570,32,0,0,True,den520d-random-10.scen,100
100,den520d.map,planner,1,18959,17570,339,339,17759,17570,36,0,1,False,den520d-random-10.scen,100
100,den520d.map,planner,1,18542,17570,339,339,17739,17570,42,0,1,True,den520d-random-10.scen,100
100,den520d.map,planner,1,18959,17570,339,339,17759,17570,37,0,10,False,den520d-random-10.scen,100
100,den520d.map,planner,1,18542,17570,339,339,17739,17570,37,0,10,True,den520d-random-10.scen,100
100,den520d.map,planner,1,18959,17570,339,339,17759,17570,40,0,100,False,den520d-random-10.scen,100
100,den520d.map,planner,1,18542,17570,339,339,17739,17570,39,0,100,True,den520d-random-10.scen,100
100,den520d.map,planner,1,18959,17570,339,339,17759,17570,34,0,1000,False,den520d-random-10.scen,100
100,den520d.map,planner,1,18542,17570,339,339,17739,17570,34,0,1000,True,den520d-random-10.scen,100
140,den520d.map,planner,1,26210,23975,339,339,24351,23975,45,0,0,False,den520d-random-10.scen,140
140,den520d.map,planner,1,26210,23975,339,339,24351,23975,50,0,0,True,den520d-random-10.scen,140
140,den520d.map,planner,1,26210,23975,339,339,24351,23975,49,0,1,False,den520d-random-10.scen,140
140,den520d.map,planner,1,26067,23975,339,339,24342,23975,47,0,1,True,den520d-random-10.scen,140
140,den520d.map,planner,1,26210,23975,339,339,24351,23975,55,0,10,False,den520d-random-10.scen,140
140,den520d.map,planner,1,26067,23975,339,339,24342,23975,45,0,10,True,den520d-random-10.scen,140
140,den520d.map,planner,1,26210,23975,339,339,24351,23975,46,0,100,False,den520d-random-10.scen,140
140,den520d.map,planner,1,26067,23975,339,339,24342,23975,53,0,100,True,den520d-random-10.scen,140
140,den520d.map,planner,1,26210,23975,339,339,24351,23975,46,0,1000,False,den520d-random-10.scen,140
140,den520d.map,planner,1,26067,23975,339,339,24342,23975,42,0,1000,True,den520d-random-10.scen,140
180,den520d.map,planner,1,33710,30570,339,339,31121,30570,65,0,0,False,den520d-random-10.scen,180
180,den520d.map,planner,1,33710,30570,339,339,31121,30570,60,0,0,True,den520d-random-10.scen,180
180,den520d.map,planner,1,33710,30570,339,339,31121,30570,61,0,1,False,den520d-random-10.scen,180
180,den520d.map,planner,1,33499,30570,339,339,31077,30570,66,0,1,True,den520d-random-10.scen,180
180,den520d.map,planner,1,33710,30570,339,339,31121,30570,66,0,10,False,den520d-random-10.scen,180
180,den520d.map,planner,1,33499,30570,339,339,31077,30570,61,0,10,True,den520d-random-10.scen,180
180,den520d.map,planner,1,33710,30570,339,339,31121,30570,59,0,100,False,den520d-random-10.scen,180
180,den520d.map,planner,1,33499,30570,339,339,31077,30570,60,0,100,True,den520d-random-10.scen,180
180,den520d.map,planner,1,33710,30570,339,339,31121,30570,63,0,1000,False,den520d-random-10.scen,180
180,den520d.map,planner,1,33499,30570,339,339,31077,30570,59,0,1000,True,den520d-random-10.scen,180
220,den520d.map,planner,1,41975,37061,408,408,37755,37061,81,0,0,False,den520d-random-10.scen,220
220,den520d.map,planner,1,41975,37061,408,408,37755,37061,82,0,0,True,den520d-random-10.scen,220
220,den520d.map,planner,1,41975,37061,408,408,37755,37061,81,0,1,False,den520d-random-10.scen,220
220,den520d.map,planner,1,40851,37061,408,408,37833,37061,77,0,1,True,den520d-random-10.scen,220
220,den520d.map,planner,1,41975,37061,408,408,37755,37061,83,0,10,False,den520d-random-10.scen,220
220,den520d.map,planner,1,40851,37061,408,408,37833,37061,75,0,10,True,den520d-random-10.scen,220
220,den520d.map,planner,1,41975,37061,408,408,37755,37061,84,0,100,False,den520d-random-10.scen,220
220,den520d.map,planner,1,40851,37061,408,408,37833,37061,83,0,100,True,den520d-random-10.scen,220
220,den520d.map,planner,1,41975,37061,408,408,37755,37061,86,0,1000,False,den520d-random-10.scen,220
220,den520d.map,planner,1,40851,37061,408,408,37833,37061,78,0,1000,True,den520d-random-10.scen,220
260,den520d.map,planner,1,49146,43318,408,408,44253,43318,99,0,0,False,den520d-random-10.scen,260
260,den520d.map,planner,1,49146,43318,408,408,44253,43318,92,0,0,True,den520d-random-10.scen,260
260,den520d.map,planner,1,49146,43318,408,408,44253,43318,90,0,1,False,den520d-random-10.scen,260
260,den520d.map,planner,1,49215,43318,408,408,44227,43318,96,0,1,True,den520d-random-10.scen,260
260,den520d.map,planner,1,49146,43318,408,408,44253,43318,88,0,10,False,den520d-random-10.scen,260
260,den520d.map,planner,1,49215,43318,408,408,44227,43318,101,0,10,True,den520d-random-10.scen,260
260,den520d.map,planner,1,49146,43318,408,408,44253,43318,96,0,100,False,den520d-random-10.scen,260
260,den520d.map,planner,1,49215,43318,408,408,44227,43318,98,0,100,True,den520d-random-10.scen,260
260,den520d.map,planner,1,49146,43318,408,408,44253,43318,97,0,1000,False,den520d-random-10.scen,260
260,den520d.map,planner,1,49215,43318,408,408,44227,43318,91,0,1000,True,den520d-random-10.scen,260
300,den520d.map,planner,1,58308,50320,408,408,51713,50320,111,0,0,False,den520d-random-10.scen,300
300,den520d.map,planner,1,58308,50320,408,408,51713,50320,109,0,0,True,den520d-random-10.scen,300
300,den520d.map,planner,1,58308,50320,408,408,51713,50320,113,0,1,False,den520d-random-10.scen,300
300,den520d.map,planner,1,58708,50320,408,408,51615,50320,117,0,1,True,den520d-random-10.scen,300
300,den520d.map,planner,1,58308,50320,408,408,51713,50320,124,0,10,False,den520d-random-10.scen,300
300,den520d.map,planner,1,58708,50320,408,408,51615,50320,116,0,10,True,den520d-random-10.scen,300
300,den520d.map,planner,1,58308,50320,408,408,51713,50320,108,0,100,False,den520d-random-10.scen,300
300,den520d.map,planner,1,58708,50320,408,408,51615,50320,104,0,100,True,den520d-random-10.scen,300
300,den520d.map,planner,1,58308,50320,408,408,51713,50320,114,0,1000,False,den520d-random-10.scen,300
300,den520d.map,planner,1,58708,50320,408,408,51615,50320,115,0,1000,True,den520d-random-10.scen,300
340,den520d.map,planner,1,66352,58047,408,408,59614,58047,128,0,0,False,den520d-random-10.scen,340
340,den520d.map,planner,1,66352,58047,408,408,59614,58047,133,0,0,True,den520d-random-10.scen,340
340,den520d.map,planner,1,66352,58047,408,408,59614,58047,132,0,1,False,den520d-random-10.scen,340
340,den520d.map,planner,1,66866,58047,408,408,59558,58047,122,0,1,True,den520d-random-10.scen,340
340,den520d.map,planner,1,66352,58047,408,408,59614,58047,129,0,10,False,den520d-random-10.scen,340
340,den520d.map,planner,1,65541,58047,408,408,59438,58047,133,0,10,True,den520d-random-10.scen,340
340,den520d.map,planner,1,66352,58047,408,408,59614,58047,132,0,100,False,den520d-random-10.scen,340
340,den520d.map,planner,1,65541,58047,408,408,59438,58047,141,0,100,True,den520d-random-10.scen,340
340,den520d.map,planner,1,66352,58047,408,408,59614,58047,139,0,1000,False,den520d-random-10.scen,340
340,den520d.map,planner,1,65541,58047,408,408,59438,58047,130,0,1000,True,den520d-random-10.scen,340
380,den520d.map,planner,1,75859,65620,408,408,67702,65620,143,0,0,False,den520d-random-10.scen,380
380,den520d.map,planner,1,75859,65620,408,408,67702,65620,144,0,0,True,den520d-random-10.scen,380
380,den520d.map,planner,1,75859,65620,408,408,67702,65620,149,0,1,False,den520d-random-10.scen,380
380,den520d.map,planner,1,76333,65620,408,408,67403,65620,154,0,1,True,den520d-random-10.scen,380
380,den520d.map,planner,1,75859,65620,408,408,67702,65620,154,0,10,False,den520d-random-10.scen,380
380,den520d.map,planner,1,76211,65620,408,408,67442,65620,150,0,10,True,den520d-random-10.scen,380
380,den520d.map,planner,1,75859,65620,408,408,67702,65620,141,0,100,False,den520d-random-10.scen,380
380,den520d.map,planner,1,76211,65620,408,408,67442,65620,153,0,100,True,den520d-random-10.scen,380
380,den520d.map,planner,1,75859,65620,408,408,67702,65620,139,0,1000,False,den520d-random-10.scen,380
380,den520d.map,planner,1,76211,65620,408,408,67442,65620,152,0,1000,True,den520d-random-10.scen,380
420,den520d.map,planner,1,86408,73839,408,408,76379,73839,177,0,0,False,den520d-random-10.scen,420
420,den520d.map,planner,1,86408,73839,408,408,76379,73839,167,0,0,True,den520d-random-10.scen,420
420,den520d.map,planner,1,86408,73839,408,408,76379,73839,168,0,1,False,den520d-random-10.scen,420
420,den520d.map,planner,1,85364,73839,408,408,76145,73839,197,0,1,True,den520d-random-10.scen,420
420,den520d.map,planner,1,86408,73839,408,408,76379,73839,168,0,10,False,den520d-random-10.scen,420
420,den520d.map,planner,1,86917,73839,408,408,76028,73839,185,0,10,True,den520d-random-10.scen,420
420,den520d.map,planner,1,86408,73839,408,408,76379,73839,157,0,100,False,den520d-random-10.scen,420
420,den520d.map,planner,1,86046,73839,408,408,76060,73839,199,0,100,True,den520d-random-10.scen,420
420,den520d.map,planner,1,86408,73839,408,408,76379,73839,165,0,1000,False,den520d-random-10.scen,420
420,den520d.map,planner,1,85966,73839,408,408,75936,73839,202,0,1000,True,den520d-random-10.scen,420
460,den520d.map,planner,1,94588,80489,408,408,83788,80489,189,0,0,False,den520d-random-10.scen,460
460,den520d.map,planner,1,94588,80489,408,408,83788,80489,178,0,0,True,den520d-random-10.scen,460
460,den520d.map,planner,1,94588,80489,408,408,83788,80489,182,0,1,False,den520d-random-10.scen,460
460,den520d.map,planner,1,94535,80489,408,408,83278,80489,189,0,1,True,den520d-random-10.scen,460
460,den520d.map,planner,1,94588,80489,408,408,83788,80489,183,0,10,False,den520d-random-10.scen,460
460,den520d.map,planner,1,94697,80489,408,408,83422,80489,214,0,10,True,den520d-random-10.scen,460
460,den520d.map,planner,1,94588,80489,408,408,83788,80489,182,0,100,False,den520d-random-10.scen,460
460,den520d.map,planner,1,93244,80489,408,408,83346,80489,251,0,100,True,den520d-random-10.scen,460
460,den520d.map,planner,1,94588,80489,408,408,83788,80489,189,0,1000,False,den520d-random-10.scen,460
460,den520d.map,planner,1,93925,80489,408,408,83309,80489,657,0,1000,True,den520d-random-10.scen,460
500,den520d.map,planner,1,104550,87669,408,408,91594,87669,190,0,0,False,den520d-random-10.scen,500
500,den520d.map,planner,1,104550,87669,408,408,91594,87669,195,0,0,True,den520d-random-10.scen,500
500,den520d.map,planner,1,104550,87669,408,408,91594,87669,209,0,1,False,den520d-random-10.scen,500
500,den520d.map,planner,1,103874,87669,411,408,91157,87669,232,0,1,True,den520d-random-10.scen,500
500,den520d.map,planner,1,104550,87669,408,408,91594,87669,205,0,10,False,den520d-random-10.scen,500
500,den520d.map,planner,1,103597,87669,408,408,90952,87669,244,0,10,True,den520d-random-10.scen,500
500,den520d.map,planner,1,104550,87669,408,408,91594,87669,200,0,100,False,den520d-random-10.scen,500
500,den520d.map,planner,1,103718,87669,411,408,90944,87669,347,0,100,True,den520d-random-10.scen,500
500,den520d.map,planner,1,104550,87669,408,408,91594,87669,191,0,1000,False,den520d-random-10.scen,500
500,den520d.map,planner,1,103774,87669,408,408,90977,87669,393,0,1000,True,den520d-random-10.scen,500
540,den520d.map,planner,1,114107,94861,408,408,99335,94861,229,0,0,False,den520d-random-10.scen,540
540,den520d.map,planner,1,114107,94861,408,408,99335,94861,214,0,0,True,den520d-random-10.scen,540
540,den520d.map,planner,1,114107,94861,408,408,99335,94861,220,0,1,False,den520d-random-10.scen,540
540,den520d.map,planner,1,112715,94861,410,408,98803,94861,241,0,1,True,den520d-random-10.scen,540
540,den520d.map,planner,1,114107,94861,408,408,99335,94861,221,0,10,False,den520d-random-10.scen,540
540,den520d.map,planner,1,112972,94861,410,408,98674,94861,257,0,10,True,den520d-random-10.scen,540
540,den520d.map,planner,1,114107,94861,408,408,99335,94861,219,0,100,False,den520d-random-10.scen,540
540,den520d.map,planner,1,113612,94861,408,408,98599,94861,352,0,100,True,den520d-random-10.scen,540
540,den520d.map,planner,1,114107,94861,408,408,99335,94861,226,0,1000,False,den520d-random-10.scen,540
540,den520d.map,planner,1,113792,94861,411,408,98735,94861,3178,0,1000,True,den520d-random-10.scen,540
580,den520d.map,planner,1,124573,102029,408,408,107311,102029,235,0,0,False,den520d-random-10.scen,580
580,den520d.map,planner,1,124573,102029,408,408,107311,102029,240,0,0,True,den520d-random-10.scen,580
580,den520d.map,planner,1,124573,102029,408,408,107311,102029,248,0,1,False,den520d-random-10.scen,580
580,den520d.map,planner,1,123343,102029,408,408,106709,102029,249,0,1,True,den520d-random-10.scen,580
580,den520d.map,planner,1,124573,102029,408,408,107311,102029,262,0,10,False,den520d-random-10.scen,580
580,den520d.map,planner,1,122935,102029,411,408,106383,102029,281,0,10,True,den520d-random-10.scen,580
580,den520d.map,planner,1,124573,102029,408,408,107311,102029,248,0,100,False,den520d-random-10.scen,580
580,den520d.map,planner,1,123042,102029,408,408,106326,102029,587,0,100,True,den520d-random-10.scen,580
580,den520d.map,planner,1,124573,102029,408,408,107311,102029,233,0,1000,False,den520d-random-10.scen,580
580,den520d.map,planner,1,123239,102029,410,408,106397,102029,1843,0,1000,True,den520d-random-10.scen,580
620,den520d.map,planner,1,133991,108096,408,408,114480,108096,252,0,0,False,den520d-random-10.scen,620
620,den520d.map,planner,1,133991,108096,408,408,114480,108096,274,0,0,True,den520d-random-10.scen,620
620,den520d.map,planner,1,133991,108096,408,408,114480,108096,286,0,1,False,den520d-random-10.scen,620
620,den520d.map,planner,1,132986,108096,408,408,113427,108096,289,0,1,True,den520d-random-10.scen,620
620,den520d.map,planner,1,133991,108096,408,408,114480,108096,263,0,10,False,den520d-random-10.scen,620
620,den520d.map,planner,1,131640,108096,409,408,113374,108096,368,0,10,True,den520d-random-10.scen,620
620,den520d.map,planner,1,133991,108096,408,408,114480,108096,264,0,100,False,den520d-random-10.scen,620
620,den520d.map,planner,1,132339,108096,411,408,113151,108096,469,0,100,True,den520d-random-10.scen,620
620,den520d.map,planner,1,133991,108096,408,408,114480,108096,275,0,1000,False,den520d-random-10.scen,620
620,den520d.map,planner,1,131561,108096,408,408,113282,108096,5764,0,1000,True,den520d-random-10.scen,620
660,den520d.map,planner,1,142385,114999,408,408,122007,114999,261,0,0,False,den520d-random-10.scen,660
660,den520d.map,planner,1,142385,114999,408,408,122007,114999,277,0,0,True,den520d-random-10.scen,660
660,den520d.map,planner,1,142385,114999,408,408,122007,114999,298,0,1,False,den520d-random-10.scen,660
660,den520d.map,planner,1,141577,114999,409,408,121079,114999,294,0,1,True,den520d-random-10.scen,660
660,den520d.map,planner,1,142385,114999,408,408,122007,114999,263,0,10,False,den520d-random-10.scen,660
660,den520d.map,planner,1,142337,114999,408,408,121070,114999,417,0,10,True,den520d-random-10.scen,660
660,den520d.map,planner,1,142385,114999,408,408,122007,114999,275,0,100,False,den520d-random-10.scen,660
660,den520d.map,planner,1,141394,114999,408,408,120735,114999,942,0,100,True,den520d-random-10.scen,660
660,den520d.map,planner,1,142385,114999,408,408,122007,114999,265,0,1000,False,den520d-random-10.scen,660
660,den520d.map,planner,1,141220,114999,408,408,120852,114999,9468,0,1000,True,den520d-random-10.scen,660
700,den520d.map,planner,1,152222,121633,408,408,129199,121633,293,0,0,False,den520d-random-10.scen,700
700,den520d.map,planner,1,152222,121633,408,408,129199,121633,277,0,0,True,den520d-random-10.scen,700
700,den520d.map,planner,1,152222,121633,408,408,129199,121633,281,0,1,False,den520d-random-10.scen,700
700,den520d.map,planner,1,150410,121633,408,408,128068,121633,317,0,1,True,den520d-random-10.scen,700
700,den520d.map,planner,1,152222,121633,408,408,129199,121633,302,0,10,False,den520d-random-10.scen,700
700,den520d.map,planner,1,151135,121633,413,408,128343,121633,487,0,10,True,den520d-random-10.scen,700
700,den520d.map,planner,1,152222,121633,408,408,129199,121633,281,0,100,False,den520d-random-10.scen,700
700,den520d.map,planner,1,149969,121633,409,408,127845,121633,1558,0,100,True,den520d-random-10.scen,700
700,den520d.map,planner,1,152222,121633,408,408,129199,121633,288,0,1000,False,den520d-random-10.scen,700
700,den520d.map,planner,1,150506,121633,408,408,127854,121633,9263,0,1000,True,den520d-random-10.scen,700
740,den520d.map,planner,1,160801,127061,408,408,136069,127061,311,0,0,False,den520d-random-10.scen,740
740,den520d.map,planner,1,160801,127061,408,408,136069,127061,298,0,0,True,den520d-random-10.scen,740
740,den520d.map,planner,1,160801,127061,408,408,136069,127061,314,0,1,False,den520d-random-10.scen,740
740,den520d.map,planner,1,160341,127061,411,408,134424,127061,329,0,1,True,den520d-random-10.scen,740
740,den520d.map,planner,1,160801,127061,408,408,136069,127061,304,0,10,False,den520d-random-10.scen,740
740,den520d.map,planner,1,159017,127061,409,408,134457,127061,524,0,10,True,den520d-random-10.scen,740
740,den520d.map,planner,1,160801,127061,408,408,136069,127061,327,0,100,False,den520d-random-10.scen,740
740,den520d.map,planner,1,159075,127061,410,408,134310,127061,1896,0,100,True,den520d-random-10.scen,740
740,den520d.map,planner,1,160801,127061,408,408,136069,127061,323,0,1000,False,den520d-random-10.scen,740
740,den520d.map,planner,1,158374,127061,417,408,133850,127061,11207,0,1000,True,den520d-random-10.scen,740
780,den520d.map,planner,1,172423,133415,408,408,143128,133415,328,0,0,False,den520d-random-10.scen,780
780,den520d.map,planner,1,172423,133415,408,408,143128,133415,341,0,0,True,den520d-random-10.scen,780
780,den520d.map,planner,1,172423,133415,408,408,143128,133415,324,0,1,False,den520d-random-10.scen,780
780,den520d.map,planner,1,167986,133415,408,408,141960,133415,351,0,1,True,den520d-random-10.scen,780
780,den520d.map,planner,1,172423,133415,408,408,143128,133415,317,0,10,False,den520d-random-10.scen,780
780,den520d.map,planner,1,169532,133415,409,408,142029,133415,632,0,10,True,den520d-random-10.scen,780
780,den520d.map,planner,1,172423,133415,408,408,143128,133415,319,0,100,False,den520d-random-10.scen,780
780,den520d.map,planner,1,168855,133415,409,408,141620,133415,2839,0,100,True,den520d-random-10.scen,780
780,den520d.map,planner,1,172423,133415,408,408,143128,133415,331,0,1000,False,den520d-random-10.scen,780
780,den520d.map,planner,1,167791,133415,408,408,141022,133415,16787,0,1000,True,den520d-random-10.scen,780
820,den520d.map,planner,1,182528,140022,408,408,150485,140022,336,0,0,False,den520d-random-10.scen,820
820,den520d.map,planner,1,182528,140022,408,408,150485,140022,335,0,0,True,den520d-random-10.scen,820
820,den520d.map,planner,1,182528,140022,408,408,150485,140022,343,0,1,False,den520d-random-10.scen,820
820,den520d.map,planner,1,179260,140022,408,408,149667,140022,381,0,1,True,den520d-random-10.scen,820
820,den520d.map,planner,1,182528,140022,408,408,150485,140022,334,0,10,False,den520d-random-10.scen,820
820,den520d.map,planner,1,179630,140022,410,408,149242,140022,614,0,10,True,den520d-random-10.scen,820
820,den520d.map,planner,1,182528,140022,408,408,150485,140022,341,0,100,False,den520d-random-10.scen,820
820,den520d.map,planner,1,179255,140022,408,408,148902,140022,2943,0,100,True,den520d-random-10.scen,820
820,den520d.map,planner,1,182528,140022,408,408,150485,140022,341,0,1000,False,den520d-random-10.scen,820
820,den520d.map,planner,1,176487,140022,411,408,148329,140022,14891,0,1000,True,den520d-random-10.scen,820
860,den520d.map,planner,1,191989,146083,408,408,157396,146083,358,0,0,False,den520d-random-10.scen,860
860,den520d.map,planner,1,191989,146083,408,408,157396,146083,361,0,0,True,den520d-random-10.scen,860
860,den520d.map,planner,1,191989,146083,408,408,157396,146083,344,0,1,False,den520d-random-10.scen,860
860,den520d.map,planner,1,188947,146083,408,408,156165,146083,373,0,1,True,den520d-random-10.scen,860
860,den520d.map,planner,1,191989,146083,408,408,157396,146083,359,0,10,False,den520d-random-10.scen,860
860,den520d.map,planner,1,189758,146083,408,408,156101,146083,673,0,10,True,den520d-random-10.scen,860
860,den520d.map,planner,1,191989,146083,408,408,157396,146083,345,0,100,False,den520d-random-10.scen,860
860,den520d.map,planner,1,188255,146083,411,408,155797,146083,3035,0,100,True,den520d-random-10.scen,860
860,den520d.map,planner,1,191989,146083,408,408,157396,146083,363,0,1000,False,den520d-random-10.scen,860
860,den520d.map,planner,1,187483,146083,408,408,155432,146083,23139,0,1000,True,den520d-random-10.scen,860
900,den520d.map,planner,1,201540,152309,408,408,165185,152309,368,0,0,False,den520d-random-10.scen,900
900,den520d.map,planner,1,201540,152309,408,408,165185,152309,377,0,0,True,den520d-random-10.scen,900
900,den520d.map,planner,1,201540,152309,408,408,165185,152309,359,0,1,False,den520d-random-10.scen,900
900,den520d.map,planner,1,198952,152309,409,408,163935,152309,418,0,1,True,den520d-random-10.scen,900
900,den520d.map,planner,1,201540,152309,408,408,165185,152309,375,0,10,False,den520d-random-10.scen,900
900,den520d.map,planner,1,197973,152309,408,408,163201,152309,708,0,10,True,den520d-random-10.scen,900
900,den520d.map,planner,1,201540,152309,408,408,165185,152309,373,0,100,False,den520d-random-10.scen,900
900,den520d.map,planner,1,199595,152309,411,408,163080,152309,3469,0,100,True,den520d-random-10.scen,900
900,den520d.map,planner,1,201540,152309,408,408,165185,152309,402,0,1000,False,den520d-random-10.scen,900
900,den520d.map,planner,1,198905,152309,411,408,162818,152309,27879,0,1000,True,den520d-random-10.scen,900
940,den520d.map,planner,1,211688,158801,408,408,172829,158801,388,0,0,False,den520d-random-10.scen,940
940,den520d.map,planner,1,211688,158801,408,408,172829,158801,373,0,0,True,den520d-random-10.scen,940
940,den520d.map,planner,1,211688,158801,408,408,172829,158801,379,0,1,False,den520d-random-10.scen,940
940,den520d.map,planner,1,211984,158801,408,408,172283,158801,424,0,1,True,den520d-random-10.scen,940
940,den520d.map,planner,1,211688,158801,408,408,172829,158801,376,0,10,False,den520d-random-10.scen,940
940,den520d.map,planner,1,209784,158801,411,408,171066,158801,745,0,10,True,den520d-random-10.scen,940
940,den520d.map,planner,1,211688,158801,408,408,172829,158801,389,0,100,False,den520d-random-10.scen,940
940,den520d.map,planner,1,209937,158801,408,408,170886,158801,3967,0,100,True,den520d-random-10.scen,940
940,den520d.map,planner,1,211688,158801,408,408,172829,158801,387,0,1000,False,den520d-random-10.scen,940
940,den520d.map,planner,1,209929,158801,415,408,170724,158801,33083,0,1000,True,den520d-random-10.scen,940
980,den520d.map,planner,1,221539,165760,408,408,181091,165760,427,0,0,False,den520d-random-10.scen,980
980,den520d.map,planner,1,221539,165760,408,408,181091,165760,398,0,0,True,den520d-random-10.scen,980
980,den520d.map,planner,1,221539,165760,408,408,181091,165760,404,0,1,False,den520d-random-10.scen,980
980,den520d.map,planner,1,222833,165760,408,408,180009,165760,448,0,1,True,den520d-random-10.scen,980
980,den520d.map,planner,1,221539,165760,408,408,181091,165760,412,0,10,False,den520d-random-10.scen,980
980,den520d.map,planner,1,222273,165760,408,408,180022,165760,851,0,10,True,den520d-random-10.scen,980
980,den520d.map,planner,1,221539,165760,408,408,181091,165760,396,0,100,False,den520d-random-10.scen,980
980,den520d.map,planner,1,220544,165760,411,408,178843,165760,3992,0,100,True,den520d-random-10.scen,980
980,den520d.map,planner,1,221539,165760,408,408,181091,165760,399,0,1000,False,den520d-random-10.scen,980
980,den520d.map,planner,1,220547,165760,409,408,178836,165760,38159,0,1000,True,den520d-random-10.scen,980
20,den520d.map,planner,1,3183,3032,271,271,3045,3032,6,0,0,False,den520d-random-13.scen,20
20,den520d.map,planner,1,3183,3032,271,271,3045,3032,6,0,0,True,den520d-random-13.scen,20
20,den520d.map,planner,1,3183,3032,271,271,3045,3032,6,0,1,False,den520d-random-13.scen,20
20,den520d.map,planner,1,3183,3032,271,271,3045,3032,7,0,1,True,den520d-random-13.scen,20
20,den520d.map,planner,1,3183,3032,271,271,3045,3032,6,0,10,False,den520d-random-13.scen,20
20,den520d.map,planner,1,3183,3032,271,271,3045,3032,6,0,10,True,den520d-random-13.scen,20
20,den520d.map,planner,1,3183,3032,271,271,3045,3032,6,0,100,False,den520d-random-13.scen,20
20,den520d.map,planner,1,3183,3032,271,271,3045,3032,6,0,100,True,den520d-random-13.scen,20
20,den520d.map,planner,1,3183,3032,271,271,3045,3032,8,0,1000,False,den520d-random-13.scen,20
20,den520d.map,planner,1,3183,3032,271,271,3045,3032,6,0,1000,True,den520d-random-13.scen,20
60,den520d.map,planner,1,9964,9342,382,382,9411,9342,19,0,0,False,den520d-random-13.scen,60
60,den520d.map,planner,1,9964,9342,382,382,9411,9342,21,0,0,True,den520d-random-13.scen,60
60,den520d.map,planner,1,9964,9342,382,382,9411,9342,21,0,1,False,den520d-random-13.scen,60
60,den520d.map,planner,1,9964,9342,382,382,9411,9342,19,0,1,True,den520d-random-13.scen,60
60,den520d.map,planner,1,9964,9342,382,382,9411,9342,20,0,10,False,den520d-random-13.scen,60
60,den520d.map,planner,1,9964,9342,382,382,9411,9342,20,0,10,True,den520d-random-13.scen,60
60,den520d.map,planner,1,9964,9342,382,382,9411,9342,18,0,100,False,den520d-random-13.scen,60
60,den520d.map,planner,1,9964,9342,382,382,9411,9342,20,0,100,True,den520d-random-13.scen,60
60,den520d.map,planner,1,9964,9342,382,382,9411,9342,21,0,1000,False,den520d-random-13.scen,60
60,den520d.map,planner,1,9964,9342,382,382,9411,9342,21,0,1000,True,den520d-random-13.scen,60
100,den520d.map,planner,1,18369,16853,417,417,16998,16853,39,0,0,False,den520d-random-13.scen,100
100,den520d.map,planner,1,18369,16853,417,417,16998,16853,33,0,0,True,den520d-random-13.scen,100
100,den520d.map,planner,1,18369,16853,417,417,16998,16853,35,0,1,False,den520d-random-13.scen,100
100,den520d.map,planner,1,18369,16853,417,417,16998,16853,33,0,1,True,den520d-random-13.scen,100
100,den520d.map,planner,1,18369,16853,417,417,16998,16853,35,0,10,False,den520d-random-13.scen,100
100,den520d.map,planner,1,18369,16853,417,417,16998,16853,33,0,10,True,den520d-random-13.scen,100
100,den520d.map,planner,1,18369,16853,417,417,16998,16853,32,0,100,False,den520d-random-13.scen,100
100,den520d.map,planner,1,18369,16853,417,417,16998,16853,38,0,100,True,den520d-random-13.scen,100
100,den520d.map,planner,1,18369,16853,417,417,16998,16853,36,0,1000,False,den520d-random-13.scen,100
100,den520d.map,planner,1,18369,16853,417,417,16998,16853,34,0,1000,True,den520d-random-13.scen,100
140,den520d.map,planner,1,27245,24028,417,417,24355,24028,51,0,0,False,den520d-random-13.scen,140
140,den520d.map,planner,1,27245,24028,417,417,24355,24028,49,0,0,True,den520d-random-13.scen,140
140,den520d.map,planner,1,27245,24028,417,417,24355,24028,50,0,1,False,den520d-random-13.scen,140
140,den520d.map,planner,1,26921,24028,417,417,24314,24028,49,0,1,True,den520d-random-13.scen,140
140,den520d.map,planner,1,27245,24028,417,417,24355,24028,48,0,10,False,den520d-random-13.scen,140
140,den520d.map,planner,1,26921,24028,417,417,24314,24028,45,0,10,True,den520d-random-13.scen,140
140,den520d.map,planner,1,27245,24028,417,417,24355,24028,54,0,100,False,den520d-random-13.scen,140
140,den520d.map,planner,1,26921,24028,417,417,24314,24028,52,0,100,True,den520d-random-13.scen,140
140,den520d.map,planner,1,27245,24028,417,417,24355,24028,51,0,1000,False,den520d-random-13.scen,140
140,den520d.map,planner,1,26921,24028,417,417,24314,24028,45,0,1000,True,den520d-random-13.scen,140
180,den520d.map,planner,1,35122,30652,417,417,31227,30652,64,0,0,False,den520d-random-13.scen,180
180,den520d.map,planner,1,35122,30652,417,417,31227,30652,65,0,0,True,den520d-random-13.scen,180
180,den520d.map,planner,1,35122,30652,417,417,31227,30652,61,0,1,False,den520d-random-13.scen,180
180,den520d.map,planner,1,34451,30652,417,417,31138,30652,63,0,1,True,den520d-random-13.scen,180
180,den520d.map,planner,1,35122,30652,417,417,31227,30652,68,0,10,False,den520d-random-13.scen,180
180,den520d.map,planner,1,34451,30652,417,417,31138,30652,68,0,10,True,den520d-random-13.scen,180
180,den520d.map,planner,1,35122,30652,417,417,31227,30652,67,0,100,False,den520d-random-13.scen,180
180,den520d.map,planner,1,34451,30652,417,417,31138,30652,67,0,100,True,den520d-random-13.scen,180
180,den520d.map,planner,1,35122,30652,417,417,31227,30652,60,0,1000,False,den520d-random-13.scen,180
180,den520d.map,planner,1,34451,30652,417,417,31138,30652,62,0,1000,True,den520d-random-13.scen,180
220,den520d.map,planner,1,42438,37451,417,417,38325,37451,77,0,0,False,den520d-random-13.scen,220
220,den520d.map,planner,1,42438,37451,417,417,38325,37451,78,0,0,True,den520d-random-13.scen,220
220,den520d.map,planner,1,42438,37451,417,417,38325,37451,80,0,1,False,den520d-random-13.scen,220
220,den520d.map,planner,1,42635,37451,417,417,38228,37451,80,0,1,True,den520d-random-13.scen,220
220,den520d.map,planner,1,42438,37451,417,417,38325,37451,80,0,10,False,den520d-random-13.scen,220
220,den520d.map,planner,1,42635,37451,417,417,38228,37451,80,0,10,True,den520d-random-13.scen,220
220,den520d.map,planner,1,42438,37451,417,417,38325,37451,90,0,100,False,den520d-random-13.scen,220
220,den520d.map,planner,1,42635,37451,417,417,38228,37451,76,0,100,True,den520d-random-13.scen,220
220,den520d.map,planner,1,42438,37451,417,417,38325,37451,80,0,1000,False,den520d-random-13.scen,220
220,den520d.map,planner,1,42635,37451,417,417,38228,37451,86,0,1000,True,den520d-random-13.scen,220
260,den520d.map,planner,1,51618,44343,417,417,45370,44343,99,0,0,False,den520d-random-13.scen,260
260,den520d.map,planner,1,51618,44343,417,417,45370,44343,109,0,0,True,den520d-random-13.scen,260
260,den520d.map,planner,1,51618,44343,417,417,45370,44343,92,0,1,False,den520d-random-13.scen,260
260,den520d.map,planner,1,51156,44343,417,417,45321,44343,96,0,1,True,den520d-random-13.scen,260
260,den520d.map,planner,1,51618,44343,417,417,45370,44343,95,0,10,False,den520d-random-13.scen,260
260,den520d.map,planner,1,51156,44343,417,417,45321,44343,95,0,10,True,den520d-random-13.scen,260
260,den520d.map,planner,1,51618,44343,417,417,45370,44343,95,0,100,False,den520d-random-13.scen,260
260,den520d.map,planner,1,51156,44343,417,417,45321,44343,93,0,100,True,den520d-random-13.scen,260
260,den520d.map,planner,1,51618,44343,417,417,45370,44343,97,0,1000,False,den520d-random-13.scen,260
260,den520d.map,planner,1,51156,44343,417,417,45321,44343,92,0,1000,True,den520d-random-13.scen,260
300,den520d.map,planner,1,59538,50936,417,417,52263,50936,107,0,0,False,den520d-random-13.scen,300
300,den520d.map,planner,1,59538,50936,417,417,52263,50936,107,0,0,True,den520d-random-13.scen,300
300,den520d.map,planner,1,59538,50936,417,417,52263,50936,108,0,1,False,den520d-random-13.scen,300
300,den520d.map,planner,1,58874,50936,417,417,52179,50936,113,0,1,True,den520d-random-13.scen,300
300,den520d.map,planner,1,59538,50936,417,417,52263,50936,120,0,10,False,den520d-random-13.scen,300
300,den520d.map,planner,1,58874,50936,417,417,52179,50936,108,0,10,True,den520d-random-13.scen,300
300,den520d.map,planner,1,59538,50936,417,417,52263,50936,113,0,100,False,den520d-random-13.scen,300
300,den520d.map,planner,1,58874,50936,417,417,52179,50936,108,0,100,True,den520d-random-13.scen,300
300,den520d.map,planner,1,59538,50936,417,417,52263,50936,110,0,1000,False,den520d-random-13.scen,300
300,den520d.map,planner,1,58874,50936,417,417,52179,50936,116,0,1000,True,den520d-random-13.scen,300
340,den520d.map,planner,1,69491,58077,417,417,59803,58077,125,0,0,False,den520d-random-13.scen,340
340,den520d.map,planner,1,69491,58077,417,417,59803,58077,130,0,0,True,den520d-random-13.scen,340
340,den520d.map,planner,1,69491,58077,417,417,59803,58077,132,0,1,False,den520d-random-13.scen,340
340,den520d.map,planner,1,68644,58077,419,417,59726,58077,127,0,1,True,den520d-random-13.scen,340
340,den520d.map,planner,1,69491,58077,417,417,59803,58077,126,0,10,False,den520d-random-13.scen,340
340,den520d.map,planner,1,69390,58077,417,417,59813,58077,134,0,10,True,den520d-random-13.scen,340
340,den520d.map,planner,1,69491,58077,417,417,59803,58077,127,0,100,False,den520d-random-13.scen,340
340,den520d.map,planner,1,69390,58077,417,417,59813,58077,133,0,100,True,den520d-random-13.scen,340
340,den520d.map,planner,1,69491,58077,417,417,59803,58077,136,0,1000,False,den520d-random-13.scen,340
340,den520d.map,planner,1,69390,58077,417,417,59813,58077,134,0,1000,True,den520d-random-13.scen,340
380,den520d.map,planner,1,77718,64393,417,417,66496,64393,176,0,0,False,den520d-random-13.scen,380
380,den520d.map,planner,1,77718,64393,417,417,66496,64393,154,0,0,True,den520d-random-13.scen,380
380,den520d.map,planner,1,77718,64393,417,417,66496,64393,152,0,1,False,den520d-random-13.scen,380
380,den520d.map,planner,1,78097,64393,417,417,66461,64393,153,0,1,True,den520d-random-13.scen,380
380,den520d.map,planner,1,77718,64393,417,417,66496,64393,163,0,10,False,den520d-random-13.scen,380
380,den520d.map,planner,1,78058,64393,417,417,66440,64393,152,0,10,True,den520d-random-13.scen,380
380,den520d.map,planner,1,77718,64393,417,417,66496,64393,157,0,100,False,den520d-random-13.scen,380
380,den520d.map,planner,1,77343,64393,417,417,66415,64393,167,0,100,True,den520d-random-13.scen,380
380,den520d.map,planner,1,77718,64393,417,417,66496,64393,161,0,1000,False,den520d-random-13.scen,380
380,den520d.map,planner,1,77343,64393,417,417,66415,64393,166,0,1000,True,den520d-random-13.scen,380
420,den520d.map,planner,1,87957,72129,417,417,74814,72129,182,0,0,False,den520d-random-13.scen,420
420,den520d.map,planner,1,87957,72129,417,417,74814,72129,184,0,0,True,den520d-random-13.scen,420
420,den520d.map,planner,1,87957,72129,417,417,74814,72129,169,0,1,False,den520d-random-13.scen,420
420,den520d.map,planner,1,87249,72129,419,417,74702,72129,165,0,1,True,den520d-random-13.scen,420
420,den520d.map,planner,1,87957,72129,417,417,74814,72129,165,0,10,False,den520d-random-13.scen,420
420,den520d.map,planner,1,86886,72129,420,417,74641,72129,168,0,10,True,den520d-random-13.scen,420
420,den520d.map,planner,1,87957,72129,417,417,74814,72129,173,0,100,False,den520d-random-13.scen,420
420,den520d.map,planner,1,86886,72129,420,417,74641,72129,169,0,100,True,den520d-random-13.scen,420
420,den520d.map,planner,1,87957,72129,417,417,74814,72129,176,0,1000,False,den520d-random-13.scen,420
420,den520d.map,planner,1,86886,72129,420,417,74641,72129,165,0,1000,True,den520d-random-13.scen,420
460,den520d.map,planner,1,95751,78811,417,417,82161,78811,186,0,0,False,den520d-random-13.scen,460
460,den520d.map,planner,1,95751,78811,417,417,82161,78811,188,0,0,True,den520d-random-13.scen,460
460,den520d.map,planner,1,95751,78811,417,417,82161,78811,191,0,1,False,den520d-random-13.scen,460
460,den520d.map,planner,1,96083,78811,418,417,81832,78811,202,0,1,True,den520d-random-13.scen,460
460,den520d.map,planner,1,95751,78811,417,417,82161,78811,198,0,10,False,den520d-random-13.scen,460
460,den520d.map,planner,1,95855,78811,417,417,81694,78811,186,0,10,True,den520d-random-13.scen,460
460,den520d.map,planner,1,95751,78811,417,417,82161,78811,185,0,100,False,den520d-random-13.scen,460
460,den520d.map,planner,1,95855,78811,417,417,81694,78811,186,0,100,True,den520d-random-13.scen,460
460,den520d.map,planner,1,95751,78811,417,417,82161,78811,188,0,1000,False,den520d-random-13.scen,460
460,den520d.map,planner,1,95855,78811,417,417,81694,78811,186,0,1000,True,den520d-random-13.scen,460
500,den520d.map,planner,1,106254,86242,417,417,89983,86242,201,0,0,False,den520d-random-13.scen,500
500,den520d.map,planner,1,106254,86242,417,417,89983,86242,200,0,0,True,den520d-random-13.scen,500
500,den520d.map,planner,1,106254,86242,417,417,89983,86242,199,0,1,False,den520d-random-13.scen,500
500,den520d.map,planner,1,105090,86242,418,417,89567,86242,216,0,1,True,den520d-random-13.scen,500
500,den520d.map,planner,1,106254,86242,417,417,89983,86242,203,0,10,False,den520d-random-13.scen,500
500,den520d.map,planner,1,106947,86242,417,417,89684,86242,211,0,10,True,den520d-random-13.scen,500
500,den520d.map,planner,1,106254,86242,417,417,89983,86242,199,0,100,False,den520d-random-13.scen,500
500,den520d.map,planner,1,106947,86242,417,417,89684,86242,204,0,100,True,den520d-random-13.scen,500
500,den520d.map,planner,1,106254,86242,417,417,89983,86242,200,0,1000,False,den520d-random-13.scen,500
500,den520d.map,planner,1,106947,86242,417,417,89684,86242,205,0,1000,True,den520d-random-13.scen,500
540,den520d.map,planner,1,115993,93471,417,417,97961,93471,223,0,0,False,den520d-random-13.scen,540
540,den520d.map,planner,1,115993,93471,417,417,97961,93471,219,0,0,True,den520d-random-13.scen,540
540,den520d.map,planner,1,115993,93471,417,417,97961,93471,213,0,1,False,den520d-random-13.scen,540
540,den520d.map,planner,1,114658,93471,417,417,97450,93471,225,0,1,True,den520d-random-13.scen,540
540,den520d.map,planner,1,115993,93471,417,417,97961,93471,221,0,10,False,den520d-random-13.scen,540
540,den520d.map,planner,1,115477,93471,417,417,97246,93471,222,0,10,True,den520d-random-13.scen,540
540,den520d.map,planner,1,115993,93471,417,417,97961,93471,210,0,100,False,den520d-random-13.scen,540
540,den520d.map,planner,1,115110,93471,417,417,97299,93471,221,0,100,True,den520d-random-13.scen,540
540,den520d.map,planner,1,115993,93471,417,417,97961,93471,210,0,1000,False,den520d-random-13.scen,540
540,den520d.map,planner,1,115110,93471,417,417,97299,93471,235,0,1000,True,den520d-random-13.scen,540
580,den520d.map,planner,1,124127,99810,417,417,104822,99810,242,0,0,False,den520d-random-13.scen,580
580,den520d.map,planner,1,124127,99810,417,417,104822,99810,227,0,0,True,den520d-random-13.scen,580
580,den520d.map,planner,1,124127,99810,417,417,104822,99810,233,0,1,False,den520d-random-13.scen,580
580,den520d.map,planner,1,124814,99810,421,417,104266,99810,258,0,1,True,den520d-random-13.scen,580
580,den520d.map,planner,1,124127,99810,417,417,104822,99810,224,0,10,False,den520d-random-13.scen,580
580,den520d.map,planner,1,124191,99810,419,417,104340,99810,265,0,10,True,den520d-random-13.scen,580
580,den520d.map,planner,1,124127,99810,417,417,104822,99810,224,0,100,False,den520d-random-13.scen,580
580,den520d.map,planner,1,124470,99810,417,417,104264,99810,288,0,100,True,den520d-random-13.scen,580
580,den520d.map,planner,1,124127,99810,417,417,104822,99810,226,0,1000,False,den520d-random-13.scen,580
580,den520d.map,planner,1,124049,99810,418,417,104273,99810,277,0,1000,True,den520d-random-13.scen,580
620,den520d.map,planner,1,135531,105961,417,417,111932,105961,270,0,0,False,den520d-random-13.scen,620
620,den520d.map,planner,1,135531,105961,417,417,111932,105961,251,0,0,True,den520d-random-13.scen,620
620,den520d.map,planner,1,135531,105961,417,417,111932,105961,254,0,1,False,den520d-random-13.scen,620
620,den520d.map,planner,1,133132,105961,421,417,111201,105961,255,0,1,True,den520d-random-13.scen,620
620,den520d.map,planner,1,135531,105961,417,417,111932,105961,252,0,10,False,den520d-random-13.scen,620
620,den520d.map,planner,1,133804,105961,417,417,110906,105961,344,0,10,True,den520d-random-13.scen,620
620,den520d.map,planner,1,135531,105961,417,417,111932,105961,254,0,100,False,den520d-random-13.scen,620
620,den520d.map,planner,1,133915,105961,419,417,111074,105961,366,0,100,True,den520d-random-13.scen,620
620,den520d.map,planner,1,135531,105961,417,417,111932,105961,272,0,1000,False,den520d-random-13.scen,620
620,den520d.map,planner,1,132791,105961,421,417,111003,105961,855,0,1000,True,den520d-random-13.scen,620
660,den520d.map,planner,1,144615,113162,425,425,119634,113162,274,0,0,False,den520d-random-13.scen,660
660,den520d.map,planner,1,144615,113162,425,425,119634,113162,278,0,0,True,den520d-random-13.scen,660
660,den520d.map,planner,1,144615,113162,425,425,119634,113162,289,0,1,False,den520d-random-13.scen,660
660,den520d.map,planner,1,142807,113162,425,425,118859,113162,290,0,1,True,den520d-random-13.scen,660
660,den520d.map,planner,1,144615,113162,425,425,119634,113162,276,0,10,False,den520d-random-13.scen,660
660,den520d.map,planner,1,141291,113162,429,425,118720,113162,322,0,10,True,den520d-random-13.scen,660
660,den520d.map,planner,1,144615,113162,425,425,119634,113162,263,0,100,False,den520d-random-13.scen,660
660,den520d.map,planner,1,142674,113162,425,425,118772,113162,829,0,100,True,den520d-random-13.scen,660
660,den520d.map,planner,1,144615,113162,425,425,119634,113162,270,0,1000,False,den520d-random-13.scen,660
660,den520d.map,planner,1,142905,113162,427,425,118628,113162,956,0,1000,True,den520d-random-13.scen,660
700,den520d.map,planner,1,153558,119211,425,425,127074,119211,296,0,0,False,den520d-random-13.scen,700
700,den520d.map,planner,1,153558,119211,425,425,127074,119211,303,0,0,True,den520d-random-13.scen,700
700,den520d.map,planner,1,153558,119211,425,425,127074,119211,309,0,1,False,den520d-random-13.scen,700
700,den520d.map,planner,1,152471,119211,427,425,125772,119211,321,0,1,True,den520d-random-13.scen,700
700,den520d.map,planner,1,153558,119211,425,425,127074,119211,301,0,10,False,den520d-random-13.scen,700
700,den520d.map,planner,1,154553,119211,426,425,125880,119211,483,0,10,True,den520d-random-13.scen,700
700,den520d.map,planner,1,153558,119211,425,425,127074,119211,297,0,100,False,den520d-random-13.scen,700
700,den520d.map,planner,1,152691,119211,427,425,125672,119211,1022,0,100,True,den520d-random-13.scen,700
700,den520d.map,planner,1,153558,119211,425,425,127074,119211,295,0,1000,False,den520d-random-13.scen,700
700,den520d.map,planner,1,153274,119211,426,425,125528,119211,4372,0,1000,True,den520d-random-13.scen,700
740,den520d.map,planner,1,165034,126692,425,425,135485,126692,327,0,0,False,den520d-random-13.scen,740
740,den520d.map,planner,1,165034,126692,425,425,135485,126692,321,0,0,True,den520d-random-13.scen,740
740,den520d.map,planner,1,165034,126692,425,425,135485,126692,321,0,1,False,den520d-random-13.scen,740
740,den520d.map,planner,1,165475,126692,425,425,134430,126692,331,0,1,True,den520d-random-13.scen,740
740,den520d.map,planner,1,165034,126692,425,425,135485,126692,313,0,10,False,den520d-random-13.scen,740
740,den520d.map,planner,1,163271,126692,425,425,134048,126692,502,0,10,True,den520d-random-13.scen,740
740,den520d.map,planner,1,165034,126692,425,425,135485,126692,333,0,100,False,den520d-random-13.scen,740
740,den520d.map,planner,1,165053,126692,425,425,134179,126692,1987,0,100,True,den520d-random-13.scen,740
740,den520d.map,planner,1,165034,126692,425,425,135485,126692,314,0,1000,False,den520d-random-13.scen,740
740,den520d.map,planner,1,163117,126692,425,425,133633,126692,1902,0,1000,True,den520d-random-13.scen,740
780,den520d.map,planner,1,176729,133518,425,425,143165,133518,316,0,0,False,den520d-random-13.scen,780
780,den520d.map,planner,1,176729,133518,425,425,143165,133518,337,0,0,True,den520d-random-13.scen,780
780,den520d.map,planner,1,176729,133518,425,425,143165,133518,326,0,1,False,den520d-random-13.scen,780
780,den520d.map,planner,1,173885,133518,425,425,141542,133518,343,0,1,True,den520d-random-13.scen,780
780,den520d.map,planner,1,176729,133518,425,425,143165,133518,347,0,10,False,den520d-random-13.scen,780
780,den520d.map,planner,1,175045,133518,425,425,141740,133518,602,0,10,True,den520d-random-13.scen,780
780,den520d.map,planner,1,176729,133518,425,425,143165,133518,340,0,100,False,den520d-random-13.scen,780
780,den520d.map,planner,1,174856,133518,425,425,141582,133518,2103,0,100,True,den520d-random-13.scen,780
780,den520d.map,planner,1,176729,133518,425,425,143165,133518,325,0,1000,False,den520d-random-13.scen,780
780,den520d.map,planner,1,173959,133518,425,425,141136,133518,8784,0,1000,True,den520d-random-13.scen,780
820,den520d.map,planner,1,185939,140344,425,425,150628,140344,357,0,0,False,den520d-random-13.scen,820
820,den520d.map,planner,1,185939,140344,425,425,150628,140344,341,0,0,True,den520d-random-13.scen,820
820,den520d.map,planner,1,185939,140344,425,425,150628,140344,333,0,1,False,den520d-random-13.scen,820
820,den520d.map,planner,1,184258,140344,425,425,150020,140344,375,0,1,True,den520d-random-13.scen,820
820,den520d.map,planner,1,185939,140344,425,425,150628,140344,342,0,10,False,den520d-random-13.scen,820
820,den520d.map,planner,1,185231,140344,425,425,149642,140344,634,0,10,True,den520d-random-13.scen,820
820,den520d.map,planner,1,185939,140344,425,425,150628,140344,332,0,100,False,den520d-random-13.scen,820
820,den520d.map,planner,1,184518,140344,425,425,148990,140344,2427,0,100,True,den520d-random-13.scen,820
820,den520d.map,planner,1,185939,140344,425,425,150628,140344,331,0,1000,False,den520d-random-13.scen,820
820,den520d.map,planner,1,182804,140344,425,425,148648,140344,16609,0,1000,True,den520d-random-13.scen,820
860,den520d.map,planner,1,195270,147382,425,425,158920,147382,357,0,0,False,den520d-random-13.scen,860
860,den520d.map,planner,1,195270,147382,425,425,158920,147382,373,0,0,True,den520d-random-13.scen,860
860,den520d.map,planner,1,195270,147382,425,425,158920,147382,366,0,1,False,den520d-random-13.scen,860
860,den520d.map,planner,1,194268,147382,425,425,158045,147382,400,0,1,True,den520d-random-13.scen,860
860,den520d.map,planner,1,195270,147382,425,425,158920,147382,365,0,10,False,den520d-random-13.scen,860
860,den520d.map,planner,1,193115,147382,425,425,157149,147382,664,0,10,True,den520d-random-13.scen,860
860,den520d.map,planner,1,195270,147382,425,425,158920,147382,365,0,100,False,den520d-random-13.scen,860
860,den520d.map,planner,1,192239,147382,426,425,156734,147382,2927,0,100,True,den520d-random-13.scen,860
860,den520d.map,planner,1,195270,147382,425,425,158920,147382,372,0,1000,False,den520d-random-13.scen,860
860,den520d.map,planner,1,191829,147382,425,425,156219,147382,17531,0,1000,True,den520d-random-13.scen,860
900,den520d.map,planner,1,207530,153754,425,425,166380,153754,372,0,0,False,den520d-random-13.scen,900
900,den520d.map,planner,1,207530,153754,425,425,166380,153754,360,0,0,True,den520d-random-13.scen,900
900,den520d.map,planner,1,207530,153754,425,425,166380,153754,392,0,1,False,den520d-random-13.scen,900
900,den520d.map,planner,1,205040,153754,425,425,165120,153754,427,0,1,True,den520d-random-13.scen,900
900,den520d.map,planner,1,207530,153754,425,425,166380,153754,385,0,10,False,den520d-random-13.scen,900
900,den520d.map,planner,1,204649,153754,425,425,164715,153754,697,0,10,True,den520d-random-13.scen,900
900,den520d.map,planner,1,207530,153754,425,425,166380,153754,354,0,100,False,den520d-random-13.scen,900
900,den520d.map,planner,1,202287,153754,425,425,164392,153754,2851,0,100,True,den520d-random-13.scen,900
900,den520d.map,planner,1,207530,153754,425,425,166380,153754,375,0,1000,False,den520d-random-13.scen,900
900,den520d.map,planner,1,203888,153754,425,425,164468,153754,25169,0,1000,True,den520d-random-13.scen,900
940,den520d.map,planner,1,216849,161030,425,425,174669,161030,395,0,0,False,den520d-random-13.scen,940
940,den520d.map,planner,1,216849,161030,425,425,174669,161030,380,0,0,True,den520d-random-13.scen,940
940,den520d.map,planner,1,216849,161030,425,425,174669,161030,379,0,1,False,den520d-random-13.scen,940
940,den520d.map,planner,1,216258,161030,425,425,174638,161030,435,0,1,True,den520d-random-13.scen,940
940,den520d.map,planner,1,216849,161030,425,425,174669,161030,380,0,10,False,den520d-random-13.scen,940
940,den520d.map,planner,1,213798,161030,425,425,172930,161030,747,0,10,True,den520d-random-13.scen,940
940,den520d.map,planner,1,216849,161030,425,425,174669,161030,389,0,100,False,den520d-random-13.scen,940
940,den520d.map,planner,1,214225,161030,425,425,173078,161030,3714,0,100,True,den520d-random-13.scen,940
940,den520d.map,planner,1,216849,161030,425,425,174669,161030,387,0,1000,False,den520d-random-13.scen,940
940,den520d.map,planner,1,214391,161030,425,425,172492,161030,30656,0,1000,True,den520d-random-13.scen,940
980,den520d.map,planner,1,228601,168291,425,425,183581,168291,407,0,0,False,den520d-random-13.scen,980
980,den520d.map,planner,1,228601,168291,425,425,183581,168291,409,0,0,True,den520d-random-13.scen,980
980,den520d.map,planner,1,228601,168291,425,425,183581,168291,420,0,1,False,den520d-random-13.scen,980
980,den520d.map,planner,1,225916,168291,426,425,182640,168291,450,0,1,True,den520d-random-13.scen,980
980,den520d.map,planner,1,228601,168291,425,425,183581,168291,414,0,10,False,den520d-random-13.scen,980
980,den520d.map,planner,1,225209,168291,428,425,181663,168291,778,0,10,True,den520d-random-13.scen,980
980,den520d.map,planner,1,228601,168291,425,425,183581,168291,413,0,100,False,den520d-random-13.scen,980
980,den520d.map,planner,1,226722,168291,425,425,181559,168291,4056,0,100,True,den520d-random-13.scen,980
980,den520d.map,planner,1,228601,168291,425,425,183581,168291,382,0,1000,False,den520d-random-13.scen,980
980,den520d.map,planner,1,226571,168291,425,425,181249,168291,35499,0,1000,True,den520d-random-13.scen,980
20,den520d.map,planner,1,3690,3614,433,433,3618,3614,7,0,0,False,den520d-random-12.scen,20
20,den520d.map,planner,1,3690,3614,433,433,3618,3614,7,0,0,True,den520d-random-12.scen,20
20,den520d.map,planner,1,3690,3614,433,433,3618,3614,8,0,1,False,den520d-random-12.scen,20
20,den520d.map,planner,1,3690,3614,433,433,3618,3614,7,0,1,True,den520d-random-12.scen,20
20,den520d.map,planner,1,3690,3614,433,433,3618,3614,7,0,10,False,den520d-random-12.scen,20
20,den520d.map,planner,1,3690,3614,433,433,3618,3614,7,0,10,True,den520d-random-12.scen,20
20,den520d.map,planner,1,3690,3614,433,433,3618,3614,7,0,100,False,den520d-random-12.scen,20
20,den520d.map,planner,1,3690,3614,433,433,3618,3614,7,0,100,True,den520d-random-12.scen,20
20,den520d.map,planner,1,3690,3614,433,433,3618,3614,8,0,1000,False,den520d-random-12.scen,20
20,den520d.map,planner,1,3690,3614,433,433,3618,3614,7,0,1000,True,den520d-random-12.scen,20
60,den520d.map,planner,1,10774,10611,433,433,10674,10611,21,0,0,False,den520d-random-12.scen,60
60,den520d.map,planner,1,10774,10611,433,433,10674,10611,21,0,0,True,den520d-random-12.scen,60
60,den520d.map,planner,1,10774,10611,433,433,10674,10611,20,0,1,False,den520d-random-12.scen,60
60,den520d.map,planner,1,10774,10611,433,433,10674,10611,21,0,1,True,den520d-random-12.scen,60
60,den520d.map,planner,1,10774,10611,433,433,10674,10611,23,0,10,False,den520d-random-12.scen,60
60,den520d.map,planner,1,10774,10611,433,433,10674,10611,21,0,10,True,den520d-random-12.scen,60
60,den520d.map,planner,1,10774,10611,433,433,10674,10611,22,0,100,False,den520d-random-12.scen,60
60,den520d.map,planner,1,10774,10611,433,433,10674,10611,22,0,100,True,den520d-random-12.scen,60
60,den520d.map,planner,1,10774,10611,433,433,10674,10611,20,0,1000,False,den520d-random-12.scen,60
60,den520d.map,planner,1,10774,10611,433,433,10674,10611,22,0,1000,True,den520d-random-12.scen,60
100,den520d.map,planner,1,18619,17605,433,433,17828,17605,34,0,0,False,den520d-random-12.scen,100
100,den520d.map,planner,1,18619,17605,433,433,17828,17605,39,0,0,True,den520d-random-12.scen,100
100,den520d.map,planner,1,18619,17605,433,433,17828,17605,42,0,1,False,den520d-random-12.scen,100
100,den520d.map,planner,1,18584,17605,433,433,17850,17605,38,0,1,True,den520d-random-12.scen,100
100,den520d.map,planner,1,18619,17605,433,433,17828,17605,34,0,10,False,den520d-random-12.scen,100
100,den520d.map,planner,1,18584,17605,433,433,17850,17605,35,0,10,True,den520d-random-12.scen,100
100,den520d.map,planner,1,18619,17605,433,433,17828,17605,35,0,100,False,den520d-random-12.scen,100
100,den520d.map,planner,1,18584,17605,433,433,17850,17605,38,0,100,True,den520d-random-12.scen,100
100,den520d.map,planner,1,18619,17605,433,433,17828,17605,34,0,1000,False,den520d-random-12.scen,100
100,den520d.map,planner,1,18584,17605,433,433,17850,17605,38,0,1000,True,den520d-random-12.scen,100
140,den520d.map,planner,1,26344,24506,433,433,24909,24506,46,0,0,False,den520d-random-12.scen,140
140,den520d.map,planner,1,26344,24506,433,433,24909,24506,51,0,0,True,den520d-random-12.scen,140
140,den520d.map,planner,1,26344,24506,433,433,24909,24506,49,0,1,False,den520d-random-12.scen,140
140,den520d.map,planner,1,26786,24506,433,433,24930,24506,51,0,1,True,den520d-random-12.scen,140
140,den520d.map,planner,1,26344,24506,433,433,24909,24506,60,0,10,False,den520d-random-12.scen,140
140,den520d.map,planner,1,26786,24506,433,433,24930,24506,49,0,10,True,den520d-random-12.scen,140
140,den520d.map,planner,1,26344,24506,433,433,24909,24506,51,0,100,False,den520d-random-12.scen,140
140,den520d.map,planner,1,26786,24506,433,433,24930,24506,48,0,100,True,den520d-random-12.scen,140
140,den520d.map,planner,1,26344,24506,433,433,24909,24506,47,0,1000,False,den520d-random-12.scen,140
140,den520d.map,planner,1,26786,24506,433,433,24930,24506,51,0,1000,True,den520d-random-12.scen,140
180,den520d.map,planner,1,34632,30811,433,433,31452,30811,61,0,0,False,den520d-random-12.scen,180
180,den520d.map,planner,1,34632,30811,433,433,31452,30811,62,0,0,True,den520d-random-12.scen,180
180,den520d.map,planner,1,34632,30811,433,433,31452,30811,65,0,1,False,den520d-random-12.scen,180
180,den520d.map,planner,1,34500,30811,433,433,31445,30811,71,0,1,True,den520d-random-12.scen,180
180,den520d.map,planner,1,34632,30811,433,433,31452,30811,71,0,10,False,den520d-random-12.scen,180
180,den520d.map,planner,1,34500,30811,433,433,31445,30811,67,0,10,True,den520d-random-12.scen,180
180,den520d.map,planner,1,34632,30811,433,433,31452,30811,67,0,100,False,den520d-random-12.scen,180
180,den520d.map,planner,1,34500,30811,433,433,31445,30811,65,0,100,True,den520d-random-12.scen,180
180,den520d.map,planner,1,34632,30811,433,433,31452,30811,71,0,1000,False,den520d-random-12.scen,180
180,den520d.map,planner,1,34500,30811,433,433,31445,30811,68,0,1000,True,den520d-random-12.scen,180
220,den520d.map,planner,1,43485,37497,433,433,38400,37497,82,0,0,False,den520d-random-12.scen,220
220,den520d.map,planner,1,43485,37497,433,433,38400,37497,84,0,0,True,den520d-random-12.scen,220
220,den520d.map,planner,1,43485,37497,433,433,38400,37497,75,0,1,False,den520d-random-12.scen,220
220,den520d.map,planner,1,43284,37497,435,433,38491,37497,76,0,1,True,den520d-random-12.scen,220
220,den520d.map,planner,1,43485,37497,433,433,38400,37497,81,0,10,False,den520d-random-12.scen,220
220,den520d.map,planner,1,43284,37497,435,433,38491,37497,88,0,10,True,den520d-random-12.scen,220
220,den520d.map,planner,1,43485,37497,433,433,38400,37497,85,0,100,False,den520d-random-12.scen,220
220,den520d.map,planner,1,43284,37497,435,433,38491,37497,83,0,100,True,den520d-random-12.scen,220
220,den520d.map,planner,1,43485,37497,433,433,38400,37497,77,0,1000,False,den520d-random-12.scen,220
220,den520d.map,planner,1,43284,37497,435,433,38491,37497,84,0,1000,True,den520d-random-12.scen,220
260,den520d.map,planner,1,51010,44265,433,433,45531,44265,109,0,0,False,den520d-random-12.scen,260
260,den520d.map,planner,1,51010,44265,433,433,45531,44265,97,0,0,True,den520d-random-12.scen,260
260,den520d.map,planner,1,51010,44265,433,433,45531,44265,99,0,1,False,den520d-random-12.scen,260
260,den520d.map,planner,1,51227,44265,435,433,45456,44265,96,0,1,True,den520d-random-12.scen,260
260,den520d.map,planner,1,51010,44265,433,433,45531,44265,92,0,10,False,den520d-random-12.scen,260
260,den520d.map,planner,1,51227,44265,435,433,45456,44265,98,0,10,True,den520d-random-12.scen,260
260,den520d.map,planner,1,51010,44265,433,433,45531,44265,98,0,100,False,den520d-random-12.scen,260
260,den520d.map,planner,1,51227,44265,435,433,45456,44265,95,0,100,True,den520d-random-12.scen,260
260,den520d.map,planner,1,51010,44265,433,433,45531,44265,94,0,1000,False,den520d-random-12.scen,260
260,den520d.map,planner,1,51227,44265,435,433,45456,44265,99,0,1000,True,den520d-random-12.scen,260
300,den520d.map,planner,1,60482,51534,433,433,53127,51534,118,0,0,False,den520d-random-12.scen,300
300,den520d.map,planner,1,60482,51534,433,433,53127,51534,117,0,0,True,den520d-random-12.scen,300
300,den520d.map,planner,1,60482,51534,433,433,53127,51534,111,0,1,False,den520d-random-12.scen,300
300,den520d.map,planner,1,60595,51534,435,433,53088,51534,114,0,1,True,den520d-random-12.scen,300
300,den520d.map,planner,1,60482,51534,433,433,53127,51534,107,0,10,False,den520d-random-12.scen,300
300,den520d.map,planner,1,60595,51534,435,433,53088,51534,110,0,10,True,den520d-random-12.scen,300
300,den520d.map,planner,1,60482,51534,433,433,53127,51534,117,0,100,False,den520d-random-12.scen,300
300,den520d.map,planner,1,60595,51534,435,433,53088,51534,112,0,100,True,den520d-random-12.scen,300
300,den520d.map,planner,1,60482,51534,433,433,53127,51534,110,0,1000,False,den520d-random-12.scen,300
300,den520d.map,planner,1,60595,51534,435,433,53088,51534,116,0,1000,True,den520d-random-12.scen,300
340,den520d.map,planner,1,69094,57492,433,433,59553,57492,131,0,0,False,den520d-random-12.scen,340
340,den520d.map,planner,1,69094,57492,433,433,59553,57492,125,0,0,True,den520d-random-12.scen,340
340,den520d.map,planner,1,69094,57492,433,433,59553,57492,122,0,1,False,den520d-random-12.scen,340
340,den520d.map,planner,1,68235,57492,433,433,59227,57492,136,0,1,True,den520d-random-12.scen,340
340,den520d.map,planner,1,69094,57492,433,433,59553,57492,137,0,10,False,den520d-random-12.scen,340
340,den520d.map,planner,1,68034,57492,433,433,59181,57492,127,0,10,True,den520d-random-12.scen,340
340,den520d.map,planner,1,69094,57492,433,433,59553,57492,125,0,100,False,den520d-random-12.scen,340
340,den520d.map,planner,1,68034,57492,433,433,59181,57492,131,0,100,True,den520d-random-12.scen,340
340,den520d.map,planner,1,69094,57492,433,433,59553,57492,125,0,1000,False,den520d-random-12.scen,340
340,den520d.map,planner,1,68034,57492,433,433,59181,57492,135,0,1000,True,den520d-random-12.scen,340
380,den520d.map,planner,1,78067,64691,433,433,67319,64691,155,0,0,False,den520d-random-12.scen,380
380,den520d.map,planner,1,78067,64691,433,433,67319,64691,145,0,0,True,den520d-random-12.scen,380
380,den520d.map,planner,1,78067,64691,433,433,67319,64691,144,0,1,False,den520d-random-12.scen,380
380,den520d.map,planner,1,77691,64691,437,433,66857,64691,149,0,1,True,den520d-random-12.scen,380
380,den520d.map,planner,1,78067,64691,433,433,67319,64691,146,0,10,False,den520d-random-12.scen,380
380,den520d.map,planner,1,77940,64691,437,433,66943,64691,156,0,10,True,den520d-random-12.scen,380
380,den520d.map,planner,1,78067,64691,433,433,67319,64691,152,0,100,False,den520d-random-12.scen,380
380,den520d.map,planner,1,77940,64691,437,433,66943,64691,150,0,100,True,den520d-random-12.scen,380
380,den520d.map,planner,1,78067,64691,433,433,67319,64691,146,0,1000,False,den520d-random-12.scen,380
380,den520d.map,planner,1,77940,64691,437,433,66943,64691,147,0,1000,True,den520d-random-12.scen,380
420,den520d.map,planner,1,86062,70620,433,433,73604,70620,159,0,0,False,den520d-random-12.scen,420
420,den520d.map,planner,1,86062,70620,433,433,73604,70620,160,0,0,True,den520d-random-12.scen,420
420,den520d.map,planner,1,86062,70620,433,433,73604,70620,174,0,1,False,den520d-random-12.scen,420
420,den520d.map,planner,1,85563,70620,433,433,73156,70620,166,0,1,True,den520d-random-12.scen,420
420,den520d.map,planner,1,86062,70620,433,433,73604,70620,168,0,10,False,den520d-random-12.scen,420
420,den520d.map,planner,1,86682,70620,433,433,73235,70620,162,0,10,True,den520d-random-12.scen,420
420,den520d.map,planner,1,86062,70620,433,433,73604,70620,165,0,100,False,den520d-random-12.scen,420
420,den520d.map,planner,1,86682,70620,433,433,73235,70620,175,0,100,True,den520d-random-12.scen,420
420,den520d.map,planner,1,86062,70620,433,433,73604,70620,163,0,1000,False,den520d-random-12.scen,420
420,den520d.map,planner,1,86682,70620,433,433,73235,70620,163,0,1000,True,den520d-random-12.scen,420
460,den520d.map,planner,1,95311,78005,433,433,81385,78005,179,0,0,False,den520d-random-12.scen,460
460,den520d.map,planner,1,95311,78005,433,433,81385,78005,171,0,0,True,den520d-random-12.scen,460
460,den520d.map,planner,1,95311,78005,433,433,81385,78005,190,0,1,False,den520d-random-12.scen,460
460,den520d.map,planner,1,95232,78005,433,433,80975,78005,180,0,1,True,den520d-random-12.scen,460
460,den520d.map,planner,1,95311,78005,433,433,81385,78005,184,0,10,False,den520d-random-12.scen,460
460,den520d.map,planner,1,95022,78005,433,433,80956,78005,195,0,10,True,den520d-random-12.scen,460
460,den520d.map,planner,1,95311,78005,433,433,81385,78005,202,0,100,False,den520d-random-12.scen,460
460,den520d.map,planner,1,95022,78005,433,433,80956,78005,184,0,100,True,den520d-random-12.scen,460
460,den520d.map,planner,1,95311,78005,433,433,81385,78005,187,0,1000,False,den520d-random-12.scen,460
460,den520d.map,planner,1,95022,78005,433,433,80956,78005,184,0,1000,True,den520d-random-12.scen,460
500,den520d.map,planner,1,105118,84501,433,433,88482,84501,198,0,0,False,den520d-random-12.scen,500
500,den520d.map,planner,1,105118,84501,433,433,88482,84501,200,0,0,True,den520d-random-12.scen,500
500,den520d.map,planner,1,105118,84501,433,433,88482,84501,212,0,1,False,den520d-random-12.scen,500
500,den520d.map,planner,1,103542,84501,433,433,87855,84501,209,0,1,True,den520d-random-12.scen,500
500,den520d.map,planner,1,105118,84501,433,433,88482,84501,207,0,10,False,den520d-random-12.scen,500
500,den520d.map,planner,1,104043,84501,433,433,87916,84501,236,0,10,True,den520d-random-12.scen,500
500,den520d.map,planner,1,105118,84501,433,433,88482,84501,199,0,100,False,den520d-random-12.scen,500
500,den520d.map,planner,1,104187,84501,433,433,87893,84501,211,0,100,True,den520d-random-12.scen,500
500,den520d.map,planner,1,105118,84501,433,433,88482,84501,194,0,1000,False,den520d-random-12.scen,500
500,den520d.map,planner,1,104187,84501,433,433,87893,84501,201,0,1000,True,den520d-random-12.scen,500
540,den520d.map,planner,1,115960,91183,433,433,96233,91183,227,0,0,False,den520d-random-12.scen,540
540,den520d.map,planner,1,115960,91183,433,433,96233,91183,212,0,0,True,den520d-random-12.scen,540
540,den520d.map,planner,1,115960,91183,433,433,96233,91183,212,0,1,False,den520d-random-12.scen,540
540,den520d.map,planner,1,113095,91183,439,433,95518,91183,236,0,1,True,den520d-random-12.scen,540
540,den520d.map,planner,1,115960,91183,433,433,96233,91183,211,0,10,False,den520d-random-12.scen,540
540,den520d.map,planner,1,113787,91183,435,433,95234,91183,262,0,10,True,den520d-random-12.scen,540
540,den520d.map,planner,1,115960,91183,433,433,96233,91183,202,0,100,False,den520d-random-12.scen,540
540,den520d.map,planner,1,112013,91183,435,433,95058,91183,260,0,100,True,den520d-random-12.scen,540
540,den520d.map,planner,1,115960,91183,433,433,96233,91183,235,0,1000,False,den520d-random-12.scen,540
540,den520d.map,planner,1,112157,91183,435,433,95116,91183,320,0,1000,True,den520d-random-12.scen,540
580,den520d.map,planner,1,124003,98844,433,433,104042,98844,225,0,0,False,den520d-random-12.scen,580
580,den520d.map,planner,1,124003,98844,433,433,104042,98844,245,0,0,True,den520d-random-12.scen,580
580,den520d.map,planner,1,124003,98844,433,433,104042,98844,227,0,1,False,den520d-random-12.scen,580
580,den520d.map,planner,1,123739,98844,439,433,103662,98844,240,0,1,True,den520d-random-12.scen,580
580,den520d.map,planner,1,124003,98844,433,433,104042,98844,230,0,10,False,den520d-random-12.scen,580
580,den520d.map,planner,1,123494,98844,433,433,103443,98844,343,0,10,True,den520d-random-12.scen,580
580,den520d.map,planner,1,124003,98844,433,433,104042,98844,222,0,100,False,den520d-random-12.scen,580
580,den520d.map,planner,1,122391,98844,433,433,103437,98844,1166,0,100,True,den520d-random-12.scen,580
580,den520d.map,planner,1,124003,98844,433,433,104042,98844,237,0,1000,False,den520d-random-12.scen,580
580,den520d.map,planner,1,122824,98844,433,433,103378,98844,5912,0,1000,True,den520d-random-12.scen,580
620,den520d.map,planner,1,135223,106886,433,433,112849,106886,265,0,0,False,den520d-random-12.scen,620
620,den520d.map,planner,1,135223,106886,433,433,112849,106886,249,0,0,True,den520d-random-12.scen,620
620,den520d.map,planner,1,135223,106886,433,433,112849,106886,253,0,1,False,den520d-random-12.scen,620
620,den520d.map,planner,1,133727,106886,437,433,112504,106886,278,0,1,True,den520d-random-12.scen,620
620,den520d.map,planner,1,135223,106886,433,433,112849,106886,259,0,10,False,den520d-random-12.scen,620
620,den520d.map,planner,1,134537,106886,439,433,112140,106886,425,0,10,True,den520d-random-12.scen,620
620,den520d.map,planner,1,135223,106886,433,433,112849,106886,250,0,100,False,den520d-random-12.scen,620
620,den520d.map,planner,1,133935,106886,447,433,112061,106886,1660,0,100,True,den520d-random-12.scen,620
620,den520d.map,planner,1,135223,106886,433,433,112849,106886,264,0,1000,False,den520d-random-12.scen,620
620,den520d.map,planner,1,133627,106886,446,433,111740,106886,4463,0,1000,True,den520d-random-12.scen,620
660,den520d.map,planner,1,145034,113737,433,433,120604,113737,277,0,0,False,den520d-random-12.scen,660
660,den520d.map,planner,1,145034,113737,433,433,120604,113737,268,0,0,True,den520d-random-12.scen,660
660,den520d.map,planner,1,145034,113737,433,433,120604,113737,276,0,1,False,den520d-random-12.scen,660
660,den520d.map,planner,1,143759,113737,435,433,119666,113737,317,0,1,True,den520d-random-12.scen,660
660,den520d.map,planner,1,145034,113737,433,433,120604,113737,271,0,10,False,den520d-random-12.scen,660
660,den520d.map,planner,1,144094,113737,434,433,119964,113737,517,0,10,True,den520d-random-12.scen,660
660,den520d.map,planner,1,145034,113737,433,433,120604,113737,260,0,100,False,den520d-random-12.scen,660
660,den520d.map,planner,1,143255,113737,437,433,119432,113737,1374,0,100,True,den520d-random-12.scen,660
660,den520d.map,planner,1,145034,113737,433,433,120604,113737,269,0,1000,False,den520d-random-12.scen,660
660,den520d.map,planner,1,143155,113737,437,433,119091,113737,7887,0,1000,True,den520d-random-12.scen,660
700,den520d.map,planner,1,155191,120592,433,433,128676,120592,286,0,0,False,den520d-random-12.scen,700
700,den520d.map,planner,1,155191,120592,433,433,128676,120592,282,0,0,True,den520d-random-12.scen,700
700,den520d.map,planner,1,155191,120592,433,433,128676,120592,303,0,1,False,den520d-random-12.scen,700
700,den520d.map,planner,1,152139,120592,433,433,127516,120592,326,0,1,True,den520d-random-12.scen,700
700,den520d.map,planner,1,155191,120592,433,433,128676,120592,277,0,10,False,den520d-random-12.scen,700
700,den520d.map,planner,1,153181,120592,433,433,127233,120592,533,0,10,True,den520d-random-12.scen,700
700,den520d.map,planner,1,155191,120592,433,433,128676,120592,290,0,100,False,den520d-random-12.scen,700
700,den520d.map,planner,1,150749,120592,434,433,126900,120592,2081,0,100,True,den520d-random-12.scen,700
700,den520d.map,planner,1,155191,120592,433,433,128676,120592,292,0,1000,False,den520d-random-12.scen,700
700,den520d.map,planner,1,151699,120592,436,433,127013,120592,19982,0,1000,True,den520d-random-12.scen,700
740,den520d.map,planner,1,164206,127835,433,433,136553,127835,317,0,0,False,den520d-random-12.scen,740
740,den520d.map,planner,1,164206,127835,433,433,136553,127835,306,0,0,True,den520d-random-12.scen,740
740,den520d.map,planner,1,164206,127835,433,433,136553,127835,333,0,1,False,den520d-random-12.scen,740
740,den520d.map,planner,1,163151,127835,433,433,135932,127835,350,0,1,True,den520d-random-12.scen,740
740,den520d.map,planner,1,164206,127835,433,433,136553,127835,319,0,10,False,den520d-random-12.scen,740
740,den520d.map,planner,1,162418,127835,435,433,135158,127835,576,0,10,True,den520d-random-12.scen,740
740,den520d.map,planner,1,164206,127835,433,433,136553,127835,305,0,100,False,den520d-random-12.scen,740
740,den520d.map,planner,1,162956,127835,433,433,135023,127835,2698,0,100,True,den520d-random-12.scen,740
740,den520d.map,planner,1,164206,127835,433,433,136553,127835,313,0,1000,False,den520d-random-12.scen,740
740,den520d.map,planner,1,160829,127835,440,433,134899,127835,25757,0,1000,True,den520d-random-12.scen,740
780,den520d.map,planner,1,173902,134241,433,433,143776,134241,328,0,0,False,den520d-random-12.scen,780
780,den520d.map,planner,1,173902,134241,433,433,143776,134241,345,0,0,True,den520d-random-12.scen,780
780,den520d.map,planner,1,173902,134241,433,433,143776,134241,314,0,1,False,den520d-random-12.scen,780
780,den520d.map,planner,1,172615,134241,439,433,142747,134241,359,0,1,True,den520d-random-12.scen,780
780,den520d.map,planner,1,173902,134241,433,433,143776,134241,318,0,10,False,den520d-random-12.scen,780
780,den520d.map,planner,1,173328,134241,435,433,142736,134241,630,0,10,True,den520d-random-12.scen,780
780,den520d.map,planner,1,173902,134241,433,433,143776,134241,329,0,100,False,den520d-random-12.scen,780
780,den520d.map,planner,1,172561,134241,433,433,142416,134241,3445,0,100,True,den520d-random-12.scen,780
780,den520d.map,planner,1,173902,134241,433,433,143776,134241,320,0,1000,False,den520d-random-12.scen,780
780,den520d.map,planner,1,173913,134241,440,433,143158,134241,31328,0,1000,True,den520d-random-12.scen,780
820,den520d.map,planner,1,182145,140068,433,433,150067,140068,324,0,0,False,den520d-random-12.scen,820
820,den520d.map,planner,1,182145,140068,433,433,150067,140068,322,0,0,True,den520d-random-12.scen,820
820,den520d.map,planner,1,182145,140068,433,433,150067,140068,336,0,1,False,den520d-random-12.scen,820
820,den520d.map,planner,1,182136,140068,435,433,149822,140068,370,0,1,True,den520d-random-12.scen,820
820,den520d.map,planner,1,182145,140068,433,433,150067,140068,339,0,10,False,den520d-random-12.scen,820
820,den520d.map,planner,1,183046,140068,435,433,149496,140068,688,0,10,True,den520d-random-12.scen,820
820,den520d.map,planner,1,182145,140068,433,433,150067,140068,319,0,100,False,den520d-random-12.scen,820
820,den520d.map,planner,1,182395,140068,434,433,149107,140068,3328,0,100,True,den520d-random-12.scen,820
820,den520d.map,planner,1,182145,140068,433,433,150067,140068,349,0,1000,False,den520d-random-12.scen,820
820,den520d.map,planner,1,182212,140068,433,433,149010,140068,28537,0,1000,True,den520d-random-12.scen,820
860,den520d.map,planner,1,195977,147745,433,433,159892,147745,356,0,0,False,den520d-random-12.scen,860
860,den520d.map,planner,1,195977,147745,433,433,159892,147745,358,0,0,True,den520d-random-12.scen,860
860,den520d.map,planner,1,195977,147745,433,433,159892,147745,366,0,1,False,den520d-random-12.scen,860
860,den520d.map,planner,1,193704,147745,433,433,158552,147745,395,0,1,True,den520d-random-12.scen,860
860,den520d.map,planner,1,195977,147745,433,433,159892,147745,347,0,10,False,den520d-random-12.scen,860
860,den520d.map,planner,1,194943,147745,433,433,158460,147745,716,0,10,True,den520d-random-12.scen,860
860,den520d.map,planner,1,195977,147745,433,433,159892,147745,342,0,100,False,den520d-random-12.scen,860
860,den520d.map,planner,1,195670,147745,433,433,158353,147745,3649,0,100,True,den520d-random-12.scen,860
860,den520d.map,planner,1,195977,147745,433,433,159892,147745,371,0,1000,False,den520d-random-12.scen,860
860,den520d.map,planner,1,193005,147745,439,433,158440,147745,37196,0,1000,True,den520d-random-12.scen,860
900,den520d.map,planner,1,206490,154878,433,433,168570,154878,361,0,0,False,den520d-random-12.scen,900
900,den520d.map,planner,1,206490,154878,433,433,168570,154878,365,0,0,True,den520d-random-12.scen,900
900,den520d.map,planner,1,206490,154878,433,433,168570,154878,382,0,1,False,den520d-random-12.scen,900
900,den520d.map,planner,1,204502,154878,436,433,167128,154878,421,0,1,True,den520d-random-12.scen,900
900,den520d.map,planner,1,206490,154878,433,433,168570,154878,376,0,10,False,den520d-random-12.scen,900
900,den520d.map,planner,1,203870,154878,435,433,166174,154878,751,0,10,True,den520d-random-12.scen,900
900,den520d.map,planner,1,206490,154878,433,433,168570,154878,386,0,100,False,den520d-random-12.scen,900
900,den520d.map,planner,1,205664,154878,441,433,166385,154878,4053,0,100,True,den520d-random-12.scen,900
900,den520d.map,planner,1,206490,154878,433,433,168570,154878,388,0,1000,False,den520d-random-12.scen,900
900,den520d.map,planner,1,205442,154878,435,433,166415,154878,39454,0,1000,True,den520d-random-12.scen,900
940,den520d.map,planner,1,216846,162390,433,433,176573,162390,395,0,0,False,den520d-random-12.scen,940
940,den520d.map,planner,1,216846,162390,433,433,176573,162390,381,0,0,True,den520d-random-12.scen,940
940,den520d.map,planner,1,216846,162390,433,433,176573,162390,378,0,1,False,den520d-random-12.scen,940
940,den520d.map,planner,1,216034,162390,433,433,176750,162390,429,0,1,True,den520d-random-12.scen,940
940,den520d.map,planner,1,216846,162390,433,433,176573,162390,403,0,10,False,den520d-random-12.scen,940
940,den520d.map,planner,1,214870,162390,434,433,175068,162390,802,0,10,True,den520d-random-12.scen,940
940,den520d.map,planner,1,216846,162390,433,433,176573,162390,395,0,100,False,den520d-random-12.scen,940
940,den520d.map,planner,1,217094,162390,434,433,175796,162390,4638,0,100,True,den520d-random-12.scen,940
940,den520d.map,planner,1,216846,162390,433,433,176573,162390,418,0,1000,False,den520d-random-12.scen,940
940,den520d.map,planner,1,213326,162390,433,433,174779,162390,37225,0,1000,True,den520d-random-12.scen,940
980,den520d.map,planner,1,228496,169703,433,433,185720,169703,427,0,0,False,den520d-random-12.scen,980
980,den520d.map,planner,1,228496,169703,433,433,185720,169703,403,0,0,True,den520d-random-12.scen,980
980,den520d.map,planner,1,228496,169703,433,433,185720,169703,406,0,1,False,den520d-random-12.scen,980
980,den520d.map,planner,1,228370,169703,434,433,185177,169703,472,0,1,True,den520d-random-12.scen,980
980,den520d.map,planner,1,228496,169703,433,433,185720,169703,395,0,10,False,den520d-random-12.scen,980
980,den520d.map,planner,1,226970,169703,438,433,184031,169703,822,0,10,True,den520d-random-12.scen,980
980,den520d.map,planner,1,228496,169703,433,433,185720,169703,411,0,100,False,den520d-random-12.scen,980
980,den520d.map,planner,1,226725,169703,433,433,184011,169703,4705,0,100,True,den520d-random-12.scen,980
980,den520d.map,planner,1,228496,169703,433,433,185720,169703,390,0,1000,False,den520d-random-12.scen,980
980,den520d.map,planner,1,224572,169703,433,433,183353,169703,38702,0,1000,True,den520d-random-12.scen,980
20,den520d.map,planner,1,3836,3834,346,346,3836,3834,7,0,0,False,den520d-random-18.scen,20
20,den520d.map,planner,1,3836,3834,346,346,3836,3834,7,0,0,True,den520d-random-18.scen,20
20,den520d.map,planner,1,3836,3834,346,346,3836,3834,7,0,1,False,den520d-random-18.scen,20
20,den520d.map,planner,1,3836,3834,346,346,3836,3834,7,0,1,True,den520d-random-18.scen,20
20,den520d.map,planner,1,3836,3834,346,346,3836,3834,7,0,10,False,den520d-random-18.scen,20
20,den520d.map,planner,1,3836,3834,346,346,3836,3834,7,0,10,True,den520d-random-18.scen,20
20,den520d.map,planner,1,3836,3834,346,346,3836,3834,7,0,100,False,den520d-random-18.scen,20
20,den520d.map,planner,1,3836,3834,346,346,3836,3834,7,0,100,True,den520d-random-18.scen,20
20,den520d.map,planner,1,3836,3834,346,346,3836,3834,8,0,1000,False,den520d-random-18.scen,20
20,den520d.map,planner,1,3836,3834,346,346,3836,3834,7,0,1000,True,den520d-random-18.scen,20
60,den520d.map,planner,1,11790,11352,380,380,11420,11352,22,0,0,False,den520d-random-18.scen,60
60,den520d.map,planner,1,11790,11352,380,380,11420,11352,22,0,0,True,den520d-random-18.scen,60
60,den520d.map,planner,1,11790,11352,380,380,11420,11352,23,0,1,False,den520d-random-18.scen,60
60,den520d.map,planner,1,11790,11352,380,380,11420,11352,22,0,1,True,den520d-random-18.scen,60
60,den520d.map,planner,1,11790,11352,380,380,11420,11352,21,0,10,False,den520d-random-18.scen,60
60,den520d.map,planner,1,11790,11352,380,380,11420,11352,22,0,10,True,den520d-random-18.scen,60
60,den520d.map,planner,1,11790,11352,380,380,11420,11352,21,0,100,False,den520d-random-18.scen,60
60,den520d.map,planner,1,11790,11352,380,380,11420,11352,21,0,100,True,den520d-random-18.scen,60
60,den520d.map,planner,1,11790,11352,380,380,11420,11352,24,0,1000,False,den520d-random-18.scen,60
60,den520d.map,planner,1,11790,11352,380,380,11420,11352,22,0,1000,True,den520d-random-18.scen,60
100,den520d.map,planner,1,21081,19484,380,380,19689,19484,36,0,0,False,den520d-random-18.scen,100
100,den520d.map,planner,1,21081,19484,380,380,19689,19484,38,0,0,True,den520d-random-18.scen,100
100,den520d.map,planner,1,21081,19484,380,380,19689,19484,36,0,1,False,den520d-random-18.scen,100
100,den520d.map,planner,1,21067,19484,380,380,19681,19484,38,0,1,True,den520d-random-18.scen,100
100,den520d.map,planner,1,21081,19484,380,380,19689,19484,39,0,10,False,den520d-random-18.scen,100
100,den520d.map,planner,1,21067,19484,380,380,19681,19484,36,0,10,True,den520d-random-18.scen,100
100,den520d.map,planner,1,21081,19484,380,380,19689,19484,36,0,100,False,den520d-random-18.scen,100
100,den520d.map,planner,1,21067,19484,380,380,19681,19484,38,0,100,True,den520d-random-18.scen,100
100,den520d.map,planner,1,21081,19484,380,380,19689,19484,37,0,1000,False,den520d-random-18.scen,100
100,den520d.map,planner,1,21067,19484,380,380,19681,19484,38,0,1000,True,den520d-random-18.scen,100
140,den520d.map,planner,1,29422,26209,422,422,26563,26209,54,0,0,False,den520d-random-18.scen,140
140,den520d.map,planner,1,29422,26209,422,422,26563,26209,59,0,0,True,den520d-random-18.scen,140
140,den520d.map,planner,1,29422,26209,422,422,26563,26209,51,0,1,False,den520d-random-18.scen,140
140,den520d.map,planner,1,28685,26209,428,422,26581,26209,60,0,1,True,den520d-random-18.scen,140
140,den520d.map,planner,1,29422,26209,422,422,26563,26209,51,0,10,False,den520d-random-18.scen,140
140,den520d.map,planner,1,28685,26209,428,422,26581,26209,57,0,10,True,den520d-random-18.scen,140
140,den520d.map,planner,1,29422,26209,422,422,26563,26209,50,0,100,False,den520d-random-18.scen,140
140,den520d.map,planner,1,28685,26209,428,422,26581,26209,50,0,100,True,den520d-random-18.scen,140
140,den520d.map,planner,1,29422,26209,422,422,26563,26209,54,0,1000,False,den520d-random-18.scen,140
140,den520d.map,planner,1,28685,26209,428,422,26581,26209,61,0,1000,True,den520d-random-18.scen,140
180,den520d.map,planner,1,37448,33338,422,422,33916,33338,66,0,0,False,den520d-random-18.scen,180
180,den520d.map,planner,1,37448,33338,422,422,33916,33338,71,0,0,True,den520d-random-18.scen,180
180,den520d.map,planner,1,37448,33338,422,422,33916,33338,66,0,1,False,den520d-random-18.scen,180
180,den520d.map,planner,1,37290,33338,422,422,33869,33338,65,0,1,True,den520d-random-18.scen,180
180,den520d.map,planner,1,37448,33338,422,422,33916,33338,67,0,10,False,den520d-random-18.scen,180
180,den520d.map,planner,1,37290,33338,422,422,33869,33338,66,0,10,True,den520d-random-18.scen,180
180,den520d.map,planner,1,37448,33338,422,422,33916,33338,66,0,100,False,den520d-random-18.scen,180
180,den520d.map,planner,1,37290,33338,422,422,33869,33338,67,0,100,True,den520d-random-18.scen,180
180,den520d.map,planner,1,37448,33338,422,422,33916,33338,64,0,1000,False,den520d-random-18.scen,180
180,den520d.map,planner,1,37290,33338,422,422,33869,33338,66,0,1000,True,den520d-random-18.scen,180
220,den520d.map,planner,1,44812,39992,422,422,40791,39992,77,0,0,False,den520d-random-18.scen,220
220,den520d.map,planner,1,44812,39992,422,422,40791,39992,79,0,0,True,den520d-random-18.scen,220
220,den520d.map,planner,1,44812,39992,422,422,40791,39992,84,0,1,False,den520d-random-18.scen,220
220,den520d.map,planner,1,44616,39992,428,422,40692,39992,85,0,1,True,den520d-random-18.scen,220
220,den520d.map,planner,1,44812,39992,422,422,40791,39992,83,0,10,False,den520d-random-18.scen,220
220,den520d.map,planner,1,44616,39992,428,422,40692,39992,80,0,10,True,den520d-random-18.scen,220
220,den520d.map,planner,1,44812,39992,422,422,40791,39992,78,0,100,False,den520d-random-18.scen,220
220,den520d.map,planner,1,44616,39992,428,422,40692,39992,80,0,100,True,den520d-random-18.scen,220
220,den520d.map,planner,1,44812,39992,422,422,40791,39992,77,0,1000,False,den520d-random-18.scen,220
220,den520d.map,planner,1,44616,39992,428,422,40692,39992,79,0,1000,True,den520d-random-18.scen,220
260,den520d.map,planner,1,53312,45823,422,422,46956,45823,94,0,0,False,den520d-random-18.scen,260
260,den520d.map,planner,1,53312,45823,422,422,46956,45823,99,0,0,True,den520d-random-18.scen,260
260,den520d.map,planner,1,53312,45823,422,422,46956,45823,98,0,1,False,den520d-random-18.scen,260
260,den520d.map,planner,1,53279,45823,422,422,46825,45823,97,0,1,True,den520d-random-18.scen,260
260,den520d.map,planner,1,53312,45823,422,422,46956,45823,105,0,10,False,den520d-random-18.scen,260
260,den520d.map,planner,1,53279,45823,422,422,46825,45823,103,0,10,True,den520d-random-18.scen,260
260,den520d.map,planner,1,53312,45823,422,422,46956,45823,96,0,100,False,den520d-random-18.scen,260
260,den520d.map,planner,1,53279,45823,422,422,46825,45823,97,0,100,True,den520d-random-18.scen,260
260,den520d.map,planner,1,53312,45823,422,422,46956,45823,107,0,1000,False,den520d-random-18.scen,260
260,den520d.map,planner,1,53279,45823,422,422,46825,45823,100,0,1000,True,den520d-random-18.scen,260
300,den520d.map,planner,1,60810,52483,422,422,53762,52483,116,0,0,False,den520d-random-18.scen,300
300,den520d.map,planner,1,60810,52483,422,422,53762,52483,113,0,0,True,den520d-random-18.scen,300
300,den520d.map,planner,1,60810,52483,422,422,53762,52483,117,0,1,False,den520d-random-18.scen,300
300,den520d.map,planner,1,60390,52483,422,422,53732,52483,111,0,1,True,den520d-random-18.scen,300
300,den520d.map,planner,1,60810,52483,422,422,53762,52483,112,0,10,False,den520d-random-18.scen,300
300,den520d.map,planner,1,60390,52483,422,422,53732,52483,115,0,10,True,den520d-random-18.scen,300
300,den520d.map,planner,1,60810,52483,422,422,53762,52483,114,0,100,False,den520d-random-18.scen,300
300,den520d.map,planner,1,60390,52483,422,422,53732,52483,106,0,100,True,den520d-random-18.scen,300
300,den520d.map,planner,1,60810,52483,422,422,53762,52483,110,0,1000,False,den520d-random-18.scen,300
300,den520d.map,planner,1,60390,52483,422,422,53732,52483,121,0,1000,True,den520d-random-18.scen,300
340,den520d.map,planner,1,69996,58688,422,422,60616,58688,136,0,0,False,den520d-random-18.scen,340
340,den520d.map,planner,1,69996,58688,422,422,60616,58688,135,0,0,True,den520d-random-18.scen,340
340,den520d.map,planner,1,69996,58688,422,422,60616,58688,137,0,1,False,den520d-random-18.scen,340
340,den520d.map,planner,1,69540,58688,422,422,60260,58688,124,0,1,True,den520d-random-18.scen,340
340,den520d.map,planner,1,69996,58688,422,422,60616,58688,128,0,10,False,den520d-random-18.scen,340
340,den520d.map,planner,1,69540,58688,422,422,60260,58688,142,0,10,True,den520d-random-18.scen,340
340,den520d.map,planner,1,69996,58688,422,422,60616,58688,140,0,100,False,den520d-random-18.scen,340
340,den520d.map,planner,1,69540,58688,422,422,60260,58688,136,0,100,True,den520d-random-18.scen,340
340,den520d.map,planner,1,69996,58688,422,422,60616,58688,130,0,1000,False,den520d-random-18.scen,340
340,den520d.map,planner,1,69540,58688,422,422,60260,58688,133,0,1000,True,den520d-random-18.scen,340
380,den520d.map,planner,1,78901,66042,422,422,68382,66042,142,0,0,False,den520d-random-18.scen,380
380,den520d.map,planner,1,78901,66042,422,422,68382,66042,145,0,0,True,den520d-random-18.scen,380
380,den520d.map,planner,1,78901,66042,422,422,68382,66042,153,0,1,False,den520d-random-18.scen,380
380,den520d.map,planner,1,78511,66042,422,422,67973,66042,148,0,1,True,den520d-random-18.scen,380
380,den520d.map,planner,1,78901,66042,422,422,68382,66042,145,0,10,False,den520d-random-18.scen,380
380,den520d.map,planner,1,77920,66042,422,422,68001,66042,149,0,10,True,den520d-random-18.scen,380
380,den520d.map,planner,1,78901,66042,422,422,68382,66042,163,0,100,False,den520d-random-18.scen,380
380,den520d.map,planner,1,77920,66042,422,422,68001,66042,152,0,100,True,den520d-random-18.scen,380
380,den520d.map,planner,1,78901,66042,422,422,68382,66042,153,0,1000,False,den520d-random-18.scen,380
380,den520d.map,planner,1,77920,66042,422,422,68001,66042,141,0,1000,True,den520d-random-18.scen,380
420,den520d.map,planner,1,88624,73388,422,422,76265,73388,166,0,0,False,den520d-random-18.scen,420
420,den520d.map,planner,1,88624,73388,422,422,76265,73388,170,0,0,True,den520d-random-18.scen,420
420,den520d.map,planner,1,88624,73388,422,422,76265,73388,161,0,1,False,den520d-random-18.scen,420
420,den520d.map,planner,1,87322,73388,422,422,75864,73388,167,0,1,True,den520d-random-18.scen,420
420,den520d.map,planner,1,88624,73388,422,422,76265,73388,169,0,10,False,den520d-random-18.scen,420
420,den520d.map,planner,1,87415,73388,422,422,75746,73388,169,0,10,True,den520d-random-18.scen,420
420,den520d.map,planner,1,88624,73388,422,422,76265,73388,167,0,100,False,den520d-random-18.scen,420
420,den520d.map,planner,1,87415,73388,422,422,75746,73388,168,0,100,True,den520d-random-18.scen,420
420,den520d.map,planner,1,88624,73388,422,422,76265,73388,167,0,1000,False,den520d-random-18.scen,420
420,den520d.map,planner,1,87415,73388,422,422,75746,73388,172,0,1000,True,den520d-random-18.scen,420
460,den520d.map,planner,1,96257,78976,422,422,82153,78976,177,0,0,False,den520d-random-18.scen,460
460,den520d.map,planner,1,96257,78976,422,422,82153,78976,180,0,0,True,den520d-random-18.scen,460
460,den520d.map,planner,1,96257,78976,422,422,82153,78976,183,0,1,False,den520d-random-18.scen,460
460,den520d.map,planner,1,95128,78976,422,422,81788,78976,188,0,1,True,den520d-random-18.scen,460
460,den520d.map,planner,1,96257,78976,422,422,82153,78976,179,0,10,False,den520d-random-18.scen,460
460,den520d.map,planner,1,95621,78976,422,422,81612,78976,190,0,10,True,den520d-random-18.scen,460
460,den520d.map,planner,1,96257,78976,422,422,82153,78976,174,0,100,False,den520d-random-18.scen,460
460,den520d.map,planner,1,95621,78976,422,422,81612,78976,177,0,100,True,den520d-random-18.scen,460
460,den520d.map,planner,1,96257,78976,422,422,82153,78976,182,0,1000,False,den520d-random-18.scen,460
460,den520d.map,planner,1,95621,78976,422,422,81612,78976,189,0,1000,True,den520d-random-18.scen,460
500,den520d.map,planner,1,104959,84978,422,422,88778,84978,192,0,0,False,den520d-random-18.scen,500
500,den520d.map,planner,1,104959,84978,422,422,88778,84978,183,0,0,True,den520d-random-18.scen,500
500,den520d.map,planner,1,104959,84978,422,422,88778,84978,190,0,1,False,den520d-random-18.scen,500
500,den520d.map,planner,1,103366,84978,422,422,88217,84978,202,0,1,True,den520d-random-18.scen,500
500,den520d.map,planner,1,104959,84978,422,422,88778,84978,196,0,10,False,den520d-random-18.scen,500
500,den520d.map,planner,1,103956,84978,422,422,88218,84978,197,0,10,True,den520d-random-18.scen,500
500,den520d.map,planner,1,104959,84978,422,422,88778,84978,188,0,100,False,den520d-random-18.scen,500
500,den520d.map,planner,1,102934,84978,422,422,88195,84978,221,0,100,True,den520d-random-18.scen,500
500,den520d.map,planner,1,104959,84978,422,422,88778,84978,191,0,1000,False,den520d-random-18.scen,500
500,den520d.map,planner,1,102934,84978,422,422,88195,84978,215,0,1000,True,den520d-random-18.scen,500
540,den520d.map,planner,1,114793,92508,422,422,96959,92508,204,0,0,False,den520d-random-18.scen,540
540,den520d.map,planner,1,114793,92508,422,422,96959,92508,208,0,0,True,den520d-random-18.scen,540
540,den520d.map,planner,1,114793,92508,422,422,96959,92508,206,0,1,False,den520d-random-18.scen,540
540,den520d.map,planner,1,113095,92508,422,422,96119,92508,207,0,1,True,den520d-random-18.scen,540
540,den520d.map,planner,1,114793,92508,422,422,96959,92508,207,0,10,False,den520d-random-18.scen,540
540,den520d.map,planner,1,113969,92508,422,422,96105,92508,231,0,10,True,den520d-random-18.scen,540
540,den520d.map,planner,1,114793,92508,422,422,96959,92508,211,0,100,False,den520d-random-18.scen,540
540,den520d.map,planner,1,114019,92508,422,422,96183,92508,222,0,100,True,den520d-random-18.scen,540
540,den520d.map,planner,1,114793,92508,422,422,96959,92508,209,0,1000,False,den520d-random-18.scen,540
540,den520d.map,planner,1,114019,92508,422,422,96183,92508,221,0,1000,True,den520d-random-18.scen,540
580,den520d.map,planner,1,124327,99467,422,422,104681,99467,234,0,0,False,den520d-random-18.scen,580
580,den520d.map,planner,1,124327,99467,422,422,104681,99467,229,0,0,True,den520d-random-18.scen,580
580,den520d.map,planner,1,124327,99467,422,422,104681,99467,231,0,1,False,den520d-random-18.scen,580
580,den520d.map,planner,1,123163,99467,422,422,103975,99467,236,0,1,True,den520d-random-18.scen,580
580,den520d.map,planner,1,124327,99467,422,422,104681,99467,225,0,10,False,den520d-random-18.scen,580
580,den520d.map,planner,1,123416,99467,422,422,103644,99467,271,0,10,True,den520d-random-18.scen,580
580,den520d.map,planner,1,124327,99467,422,422,104681,99467,239,0,100,False,den520d-random-18.scen,580
580,den520d.map,planner,1,124007,99467,422,422,103627,99467,285,0,100,True,den520d-random-18.scen,580
580,den520d.map,planner,1,124327,99467,422,422,104681,99467,232,0,1000,False,den520d-random-18.scen,580
580,den520d.map,planner,1,124144,99467,422,422,103836,99467,408,0,1000,True,den520d-random-18.scen,580
620,den520d.map,planner,1,134567,106061,424,422,112584,106061,248,0,0,False,den520d-random-18.scen,620
620,den520d.map,planner,1,134567,106061,424,422,112584,106061,249,0,0,True,den520d-random-18.scen,620
620,den520d.map,planner,1,134567,106061,424,422,112584,106061,238,0,1,False,den520d-random-18.scen,620
620,den520d.map,planner,1,134357,106061,422,422,111461,106061,255,0,1,True,den520d-random-18.scen,620
620,den520d.map,planner,1,134567,106061,424,422,112584,106061,243,0,10,False,den520d-random-18.scen,620
620,den520d.map,planner,1,132062,106061,422,422,110912,106061,297,0,10,True,den520d-random-18.scen,620
620,den520d.map,planner,1,134567,106061,424,422,112584,106061,243,0,100,False,den520d-random-18.scen,620
620,den520d.map,planner,1,133007,106061,422,422,110834,106061,608,0,100,True,den520d-random-18.scen,620
620,den520d.map,planner,1,134567,106061,424,422,112584,106061,243,0,1000,False,den520d-random-18.scen,620
620,den520d.map,planner,1,132215,106061,426,422,110873,106061,2460,0,1000,True,den520d-random-18.scen,620
660,den520d.map,planner,1,146405,113603,422,422,120753,113603,282,0,0,False,den520d-random-18.scen,660
660,den520d.map,planner,1,146405,113603,422,422,120753,113603,279,0,0,True,den520d-random-18.scen,660
660,den520d.map,planner,1,146405,113603,422,422,120753,113603,268,0,1,False,den520d-random-18.scen,660
660,den520d.map,planner,1,144906,113603,424,422,119898,113603,300,0,1,True,den520d-random-18.scen,660
660,den520d.map,planner,1,146405,113603,422,422,120753,113603,269,0,10,False,den520d-random-18.scen,660
660,den520d.map,planner,1,143361,113603,422,422,119224,113603,371,0,10,True,den520d-random-18.scen,660
660,den520d.map,planner,1,146405,113603,422,422,120753,113603,292,0,100,False,den520d-random-18.scen,660
660,den520d.map,planner,1,142677,113603,424,422,119332,113603,1302,0,100,True,den520d-random-18.scen,660
660,den520d.map,planner,1,146405,113603,422,422,120753,113603,276,0,1000,False,den520d-random-18.scen,660
660,den520d.map,planner,1,144633,113603,424,422,119184,113603,5462,0,1000,True,den520d-random-18.scen,660
700,den520d.map,planner,1,158037,120478,422,422,128631,120478,284,0,0,False,den520d-random-18.scen,700
700,den520d.map,planner,1,158037,120478,422,422,128631,120478,288,0,0,True,den520d-random-18.scen,700
700,den520d.map,planner,1,158037,120478,422,422,128631,120478,278,0,1,False,den520d-random-18.scen,700
700,den520d.map,planner,1,155307,120478,424,422,127431,120478,328,0,1,True,den520d-random-18.scen,700
700,den520d.map,planner,1,158037,120478,422,422,128631,120478,291,0,10,False,den520d-random-18.scen,700
700,den520d.map,planner,1,155294,120478,438,422,127418,120478,494,0,10,True,den520d-random-18.scen,700
700,den520d.map,planner,1,158037,120478,422,422,128631,120478,292,0,100,False,den520d-random-18.scen,700
700,den520d.map,planner,1,153804,120478,424,422,126804,120478,1472,0,100,True,den520d-random-18.scen,700
700,den520d.map,planner,1,158037,120478,422,422,128631,120478,296,0,1000,False,den520d-random-18.scen,700
700,den520d.map,planner,1,153533,120478,436,422,126664,120478,4428,0,1000,True,den520d-random-18.scen,700
740,den520d.map,planner,1,166656,128082,422,422,137002,128082,305,0,0,False,den520d-random-18.scen,740
740,den520d.map,planner,1,166656,128082,422,422,137002,128082,288,0,0,True,den520d-random-18.scen,740
740,den520d.map,planner,1,166656,128082,422,422,137002,128082,299,0,1,False,den520d-random-18.scen,740
740,den520d.map,planner,1,165316,128082,432,422,136242,128082,337,0,1,True,den520d-random-18.scen,740
740,den520d.map,planner,1,166656,128082,422,422,137002,128082,295,0,10,False,den520d-random-18.scen,740
740,den520d.map,planner,1,165594,128082,424,422,135871,128082,563,0,10,True,den520d-random-18.scen,740
740,den520d.map,planner,1,166656,128082,422,422,137002,128082,319,0,100,False,den520d-random-18.scen,740
740,den520d.map,planner,1,163595,128082,424,422,135068,128082,1986,0,100,True,den520d-random-18.scen,740
740,den520d.map,planner,1,166656,128082,422,422,137002,128082,294,0,1000,False,den520d-random-18.scen,740
740,den520d.map,planner,1,164508,128082,422,422,135117,128082,12973,0,1000,True,den520d-random-18.scen,740
780,den520d.map,planner,1,178552,134845,422,422,144675,134845,330,0,0,False,den520d-random-18.scen,780
780,den520d.map,planner,1,178552,134845,422,422,144675,134845,315,0,0,True,den520d-random-18.scen,780
780,den520d.map,planner,1,178552,134845,422,422,144675,134845,307,0,1,False,den520d-random-18.scen,780
780,den520d.map,planner,1,175526,134845,422,422,143223,134845,332,0,1,True,den520d-random-18.scen,780
780,den520d.map,planner,1,178552,134845,422,422,144675,134845,329,0,10,False,den520d-random-18.scen,780
780,den520d.map,planner,1,175440,134845,424,422,143325,134845,597,0,10,True,den520d-random-18.scen,780
780,den520d.map,planner,1,178552,134845,422,422,144675,134845,308,0,100,False,den520d-random-18.scen,780
780,den520d.map,planner,1,173860,134845,422,422,142623,134845,2790,0,100,True,den520d-random-18.scen,780
780,den520d.map,planner,1,178552,134845,422,422,144675,134845,307,0,1000,False,den520d-random-18.scen,780
780,den520d.map,planner,1,175522,134845,422,422,142692,134845,15094,0,1000,True,den520d-random-18.scen,780
820,den520d.map,planner,1,187000,141752,422,422,152493,141752,336,0,0,False,den520d-random-18.scen,820
820,den520d.map,planner,1,187000,141752,422,422,152493,141752,321,0,0,True,den520d-random-18.scen,820
820,den520d.map,planner,1,187000,141752,422,422,152493,141752,320,0,1,False,den520d-random-18.scen,820
820,den520d.map,planner,1,185700,141752,428,422,151343,141752,362,0,1,True,den520d-random-18.scen,820
820,den520d.map,planner,1,187000,141752,422,422,152493,141752,320,0,10,False,den520d-random-18.scen,820
820,den520d.map,planner,1,186312,141752,422,422,151669,141752,662,0,10,True,den520d-random-18.scen,820
820,den520d.map,planner,1,187000,141752,422,422,152493,141752,343,0,100,False,den520d-random-18.scen,820
820,den520d.map,planner,1,185802,141752,422,422,150724,141752,2705,0,100,True,den520d-random-18.scen,820
820,den520d.map,planner,1,187000,141752,422,422,152493,141752,325,0,1000,False,den520d-random-18.scen,820
820,den520d.map,planner,1,185223,141752,440,422,150274,141752,16537,0,1000,True,den520d-random-18.scen,820
860,den520d.map,planner,1,202120,149126,422,422,161619,149126,366,0,0,False,den520d-random-18.scen,860
860,den520d.map,planner,1,202120,149126,422,422,161619,149126,362,0,0,True,den520d-random-18.scen,860
860,den520d.map,planner,1,202120,149126,422,422,161619,149126,372,0,1,False,den520d-random-18.scen,860
860,den520d.map,planner,1,198345,149126,422,422,160357,149126,389,0,1,True,den520d-random-18.scen,860
860,den520d.map,planner,1,202120,149126,422,422,161619,149126,381,0,10,False,den520d-random-18.scen,860
860,den520d.map,planner,1,199054,149126,426,422,160045,149126,663,0,10,True,den520d-random-18.scen,860
860,den520d.map,planner,1,202120,149126,422,422,161619,149126,369,0,100,False,den520d-random-18.scen,860
860,den520d.map,planner,1,197997,149126,424,422,160098,149126,4091,0,100,True,den520d-random-18.scen,860
860,den520d.map,planner,1,202120,149126,422,422,161619,149126,349,0,1000,False,den520d-random-18.scen,860
860,den520d.map,planner,1,196153,149126,432,422,159254,149126,27754,0,1000,True,den520d-random-18.scen,860
900,den520d.map,planner,1,209560,154785,422,422,168227,154785,371,0,0,False,den520d-random-18.scen,900
900,den520d.map,planner,1,209560,154785,422,422,168227,154785,379,0,0,True,den520d-random-18.scen,900
900,den520d.map,planner,1,209560,154785,422,422,168227,154785,372,0,1,False,den520d-random-18.scen,900
900,den520d.map,planner,1,206237,154785,434,422,166659,154785,428,0,1,True,den520d-random-18.scen,900
900,den520d.map,planner,1,209560,154785,422,422,168227,154785,385,0,10,False,den520d-random-18.scen,900
900,den520d.map,planner,1,208144,154785,428,422,166439,154785,760,0,10,True,den520d-random-18.scen,900
900,den520d.map,planner,1,209560,154785,422,422,168227,154785,372,0,100,False,den520d-random-18.scen,900
900,den520d.map,planner,1,208884,154785,438,422,166206,154785,3790,0,100,True,den520d-random-18.scen,900
900,den520d.map,planner,1,209560,154785,422,422,168227,154785,375,0,1000,False,den520d-random-18.scen,900
900,den520d.map,planner,1,206828,154785,424,422,165691,154785,31746,0,1000,True,den520d-random-18.scen,900
940,den520d.map,planner,1,222661,163426,422,422,178835,163426,386,0,0,False,den520d-random-18.scen,940
940,den520d.map,planner,1,222661,163426,422,422,178835,163426,403,0,0,True,den520d-random-18.scen,940
940,den520d.map,planner,1,222661,163426,422,422,178835,163426,397,0,1,False,den520d-random-18.scen,940
940,den520d.map,planner,1,221952,163426,430,422,177572,163426,453,0,1,True,den520d-random-18.scen,940
940,den520d.map,planner,1,222661,163426,422,422,178835,163426,398,0,10,False,den520d-random-18.scen,940
940,den520d.map,planner,1,219977,163426,426,422,177386,163426,819,0,10,True,den520d-random-18.scen,940
940,den520d.map,planner,1,222661,163426,422,422,178835,163426,407,0,100,False,den520d-random-18.scen,940
940,den520d.map,planner,1,219776,163426,440,422,176492,163426,4791,0,100,True,den520d-random-18.scen,940
940,den520d.map,planner,1,222661,163426,422,422,178835,163426,379,0,1000,False,den520d-random-18.scen,940
940,den520d.map,planner,1,218951,163426,422,422,175881,163426,39199,0,1000,True,den520d-random-18.scen,940
980,den520d.map,planner,1,235965,171217,422,422,187962,171217,444,0,0,False,den520d-random-18.scen,980
980,den520d.map,planner,1,235965,171217,422,422,187962,171217,410,0,0,True,den520d-random-18.scen,980
980,den520d.map,planner,1,235965,171217,422,422,187962,171217,436,0,1,False,den520d-random-18.scen,980
980,den520d.map,planner,1,234789,171217,428,422,186765,171217,475,0,1,True,den520d-random-18.scen,980
980,den520d.map,planner,1,235965,171217,422,422,187962,171217,409,0,10,False,den520d-random-18.scen,980
980,den520d.map,planner,1,232692,171217,424,422,186331,171217,904,0,10,True,den520d-random-18.scen,980
980,den520d.map,planner,1,235965,171217,422,422,187962,171217,407,0,100,False,den520d-random-18.scen,980
980,den520d.map,planner,1,230990,171217,422,422,184713,171217,4716,0,100,True,den520d-random-18.scen,980
980,den520d.map,planner,1,235965,171217,422,422,187962,171217,413,0,1000,False,den520d-random-18.scen,980
980,den520d.map,planner,1,232248,171217,428,422,185141,171217,41989,0,1000,True,den520d-random-18.scen,980
20,den520d.map,planner,1,3724,3724,370,370,3724,3724,7,0,0,False,den520d-random-21.scen,20
20,den520d.map,planner,1,3724,3724,370,370,3724,3724,7,0,0,True,den520d-random-21.scen,20
20,den520d.map,planner,1,3724,3724,370,370,3724,3724,10,0,1,False,den520d-random-21.scen,20
20,den520d.map,planner,1,3724,3724,370,370,3724,3724,7,0,1,True,den520d-random-21.scen,20
20,den520d.map,planner,1,3724,3724,370,370,3724,3724,7,0,10,False,den520d-random-21.scen,20
20,den520d.map,planner,1,3724,3724,370,370,3724,3724,8,0,10,True,den520d-random-21.scen,20
20,den520d.map,planner,1,3724,3724,370,370,3724,3724,7,0,100,False,den520d-random-21.scen,20
20,den520d.map,planner,1,3724,3724,370,370,3724,3724,7,0,100,True,den520d-random-21.scen,20
20,den520d.map,planner,1,3724,3724,370,370,3724,3724,8,0,1000,False,den520d-random-21.scen,20
20,den520d.map,planner,1,3724,3724,370,370,3724,3724,7,0,1000,True,den520d-random-21.scen,20
60,den520d.map,planner,1,11301,10848,378,378,10888,10848,20,0,0,False,den520d-random-21.scen,60
60,den520d.map,planner,1,11301,10848,378,378,10888,10848,20,0,0,True,den520d-random-21.scen,60
60,den520d.map,planner,1,11301,10848,378,378,10888,10848,20,0,1,False,den520d-random-21.scen,60
60,den520d.map,planner,1,11301,10848,378,378,10888,10848,20,0,1,True,den520d-random-21.scen,60
60,den520d.map,planner,1,11301,10848,378,378,10888,10848,22,0,10,False,den520d-random-21.scen,60
60,den520d.map,planner,1,11301,10848,378,378,10888,10848,20,0,10,True,den520d-random-21.scen,60
60,den520d.map,planner,1,11301,10848,378,378,10888,10848,21,0,100,False,den520d-random-21.scen,60
60,den520d.map,planner,1,11301,10848,378,378,10888,10848,20,0,100,True,den520d-random-21.scen,60
60,den520d.map,planner,1,11301,10848,378,378,10888,10848,24,0,1000,False,den520d-random-21.scen,60
60,den520d.map,planner,1,11301,10848,378,378,10888,10848,28,0,1000,True,den520d-random-21.scen,60
100,den520d.map,planner,1,19837,18411,378,378,18557,18411,42,0,0,False,den520d-random-21.scen,100
100,den520d.map,planner,1,19837,18411,378,378,18557,18411,43,0,0,True,den520d-random-21.scen,100
100,den520d.map,planner,1,19837,18411,378,378,18557,18411,40,0,1,False,den520d-random-21.scen,100
100,den520d.map,planner,1,19790,18411,378,378,18559,18411,35,0,1,True,den520d-random-21.scen,100
100,den520d.map,planner,1,19837,18411,378,378,18557,18411,36,0,10,False,den520d-random-21.scen,100
100,den520d.map,planner,1,19790,18411,378,378,18559,18411,35,0,10,True,den520d-random-21.scen,100
100,den520d.map,planner,1,19837,18411,378,378,18557,18411,34,0,100,False,den520d-random-21.scen,100
100,den520d.map,planner,1,19790,18411,378,378,18559,18411,36,0,100,True,den520d-random-21.scen,100
100,den520d.map,planner,1,19837,18411,378,378,18557,18411,36,0,1000,False,den520d-random-21.scen,100
100,den520d.map,planner,1,19790,18411,378,378,18559,18411,37,0,1000,True,den520d-random-21.scen,100
140,den520d.map,planner,1,27026,24999,378,378,25294,24999,49,0,0,False,den520d-random-21.scen,140
140,den520d.map,planner,1,27026,24999,378,378,25294,24999,51,0,0,True,den520d-random-21.scen,140
140,den520d.map,planner,1,27026,24999,378,378,25294,24999,54,0,1,False,den520d-random-21.scen,140
140,den520d.map,planner,1,26886,24999,378,378,25279,24999,51,0,1,True,den520d-random-21.scen,140
140,den520d.map,planner,1,27026,24999,378,378,25294,24999,55,0,10,False,den520d-random-21.scen,140
140,den520d.map,planner,1,26886,24999,378,378,25279,24999,50,0,10,True,den520d-random-21.scen,140
140,den520d.map,planner,1,27026,24999,378,378,25294,24999,52,0,100,False,den520d-random-21.scen,140
140,den520d.map,planner,1,26886,24999,378,378,25279,24999,53,0,100,True,den520d-random-21.scen,140
140,den520d.map,planner,1,27026,24999,378,378,25294,24999,55,0,1000,False,den520d-random-21.scen,140
140,den520d.map,planner,1,26886,24999,378,378,25279,24999,51,0,1000,True,den520d-random-21.scen,140
180,den520d.map,planner,1,35968,32073,392,392,32589,32073,69,0,0,False,den520d-random-21.scen,180
180,den520d.map,planner,1,35968,32073,392,392,32589,32073,68,0,0,True,den520d-random-21.scen,180
180,den520d.map,planner,1,35968,32073,392,392,32589,32073,73,0,1,False,den520d-random-21.scen,180
180,den520d.map,planner,1,35327,32073,392,392,32587,32073,69,0,1,True,den520d-random-21.scen,180
180,den520d.map,planner,1,35968,32073,392,392,32589,32073,63,0,10,False,den520d-random-21.scen,180
180,den520d.map,planner,1,35327,32073,392,392,32587,32073,77,0,10,True,den520d-random-21.scen,180
180,den520d.map,planner,1,35968,32073,392,392,32589,32073,68,0,100,False,den520d-random-21.scen,180
180,den520d.map,planner,1,35327,32073,392,392,32587,32073,70,0,100,True,den520d-random-21.scen,180
180,den520d.map,planner,1,35968,32073,392,392,32589,32073,69,0,1000,False,den520d-random-21.scen,180
180,den520d.map,planner,1,35327,32073,392,392,32587,32073,64,0,1000,True,den520d-random-21.scen,180
220,den520d.map,planner,1,43330,39231,392,392,39864,39231,84,0,0,False,den520d-random-21.scen,220
220,den520d.map,planner,1,43330,39231,392,392,39864,39231,87,0,0,True,den520d-random-21.scen,220
220,den520d.map,planner,1,43330,39231,392,392,39864,39231,85,0,1,False,den520d-random-21.scen,220
220,den520d.map,planner,1,44323,39231,392,392,39893,39231,83,0,1,True,den520d-random-21.scen,220
220,den520d.map,planner,1,43330,39231,392,392,39864,39231,85,0,10,False,den520d-random-21.scen,220
220,den520d.map,planner,1,44323,39231,392,392,39893,39231,90,0,10,True,den520d-random-21.scen,220
220,den520d.map,planner,1,43330,39231,392,392,39864,39231,80,0,100,False,den520d-random-21.scen,220
220,den520d.map,planner,1,44323,39231,392,392,39893,39231,81,0,100,True,den520d-random-21.scen,220
220,den520d.map,planner,1,43330,39231,392,392,39864,39231,85,0,1000,False,den520d-random-21.scen,220
220,den520d.map,planner,1,44323,39231,392,392,39893,39231,84,0,1000,True,den520d-random-21.scen,220
260,den520d.map,planner,1,54567,47922,392,392,49095,47922,103,0,0,False,den520d-random-21.scen,260
260,den520d.map,planner,1,54567,47922,392,392,49095,47922,109,0,0,True,den520d-random-21.scen,260
260,den520d.map,planner,1,54567,47922,392,392,49095,47922,106,0,1,False,den520d-random-21.scen,260
260,den520d.map,planner,1,54161,47922,392,392,48859,47922,108,0,1,True,den520d-random-21.scen,260
260,den520d.map,planner,1,54567,47922,392,392,49095,47922,102,0,10,False,den520d-random-21.scen,260
260,den520d.map,planner,1,54161,47922,392,392,48859,47922,99,0,10,True,den520d-random-21.scen,260
260,den520d.map,planner,1,54567,47922,392,392,49095,47922,102,0,100,False,den520d-random-21.scen,260
260,den520d.map,planner,1,54161,47922,392,392,48859,47922,103,0,100,True,den520d-random-21.scen,260
260,den520d.map,planner,1,54567,47922,392,392,49095,47922,103,0,1000,False,den520d-random-21.scen,260
260,den520d.map,planner,1,54161,47922,392,392,48859,47922,120,0,1000,True,den520d-random-21.scen,260
300,den520d.map,planner,1,63175,55232,392,392,56667,55232,122,0,0,False,den520d-random-21.scen,300
300,den520d.map,planner,1,63175,55232,392,392,56667,55232,132,0,0,True,den520d-random-21.scen,300
300,den520d.map,planner,1,63175,55232,392,392,56667,55232,123,0,1,False,den520d-random-21.scen,300
300,den520d.map,planner,1,63321,55232,392,392,56578,55232,135,0,1,True,den520d-random-21.scen,300
300,den520d.map,planner,1,63175,55232,392,392,56667,55232,131,0,10,False,den520d-random-21.scen,300
300,den520d.map,planner,1,63321,55232,392,392,56578,55232,125,0,10,True,den520d-random-21.scen,300
300,den520d.map,planner,1,63175,55232,392,392,56667,55232,136,0,100,False,den520d-random-21.scen,300
300,den520d.map,planner,1,63321,55232,392,392,56578,55232,127,0,100,True,den520d-random-21.scen,300
300,den520d.map,planner,1,63175,55232,392,392,56667,55232,130,0,1000,False,den520d-random-21.scen,300
300,den520d.map,planner,1,63321,55232,392,392,56578,55232,121,0,1000,True,den520d-random-21.scen,300
340,den520d.map,planner,1,72295,62382,392,392,64175,62382,138,0,0,False,den520d-random-21.scen,340
340,den520d.map,planner,1,72295,62382,392,392,64175,62382,144,0,0,True,den520d-random-21.scen,340
340,den520d.map,planner,1,72295,62382,392,392,64175,62382,145,0,1,False,den520d-random-21.scen,340
340,den520d.map,planner,1,71976,62382,392,392,63903,62382,146,0,1,True,den520d-random-21.scen,340
340,den520d.map,planner,1,72295,62382,392,392,64175,62382,141,0,10,False,den520d-random-21.scen,340
340,den520d.map,planner,1,72830,62382,392,392,63924,62382,139,0,10,True,den520d-random-21.scen,340
340,den520d.map,planner,1,72295,62382,392,392,64175,62382,132,0,100,False,den520d-random-21.scen,340
340,den520d.map,planner,1,72830,62382,392,392,63924,62382,149,0,100,True,den520d-random-21.scen,340
340,den520d.map,planner,1,72295,62382,392,392,64175,62382,145,0,1000,False,den520d-random-21.scen,340
340,den520d.map,planner,1,72830,62382,392,392,63924,62382,145,0,1000,True,den520d-random-21.scen,340
380,den520d.map,planner,1,82385,69736,392,392,72142,69736,153,0,0,False,den520d-random-21.scen,380
380,den520d.map,planner,1,82385,69736,392,392,72142,69736,160,0,0,True,den520d-random-21.scen,380
380,den520d.map,planner,1,82385,69736,392,392,72142,69736,152,0,1,False,den520d-random-21.scen,380
380,den520d.map,planner,1,81290,69736,393,392,71631,69736,164,0,1,True,den520d-random-21.scen,380
380,den520d.map,planner,1,82385,69736,392,392,72142,69736,161,0,10,False,den520d-random-21.scen,380
380,den520d.map,planner,1,82526,69736,392,392,71820,69736,169,0,10,True,den520d-random-21.scen,380
380,den520d.map,planner,1,82385,69736,392,392,72142,69736,150,0,100,False,den520d-random-21.scen,380
380,den520d.map,planner,1,81802,69736,392,392,71767,69736,169,0,100,True,den520d-random-21.scen,380
380,den520d.map,planner,1,82385,69736,392,392,72142,69736,154,0,1000,False,den520d-random-21.scen,380
380,den520d.map,planner,1,81802,69736,392,392,71767,69736,166,0,1000,True,den520d-random-21.scen,380
420,den520d.map,planner,1,91283,76643,392,392,79645,76643,167,0,0,False,den520d-random-21.scen,420
420,den520d.map,planner,1,91283,76643,392,392,79645,76643,167,0,0,True,den520d-random-21.scen,420
420,den520d.map,planner,1,91283,76643,392,392,79645,76643,168,0,1,False,den520d-random-21.scen,420
420,den520d.map,planner,1,91156,76643,392,392,79020,76643,187,0,1,True,den520d-random-21.scen,420
420,den520d.map,planner,1,91283,76643,392,392,79645,76643,176,0,10,False,den520d-random-21.scen,420
420,den520d.map,planner,1,91305,76643,393,392,78971,76643,199,0,10,True,den520d-random-21.scen,420
420,den520d.map,planner,1,91283,76643,392,392,79645,76643,194,0,100,False,den520d-random-21.scen,420
420,den520d.map,planner,1,90588,76643,394,392,78942,76643,301,0,100,True,den520d-random-21.scen,420
420,den520d.map,planner,1,91283,76643,392,392,79645,76643,176,0,1000,False,den520d-random-21.scen,420
420,den520d.map,planner,1,90588,76643,394,392,78942,76643,309,0,1000,True,den520d-random-21.scen,420
460,den520d.map,planner,1,100285,82546,392,392,85785,82546,183,0,0,False,den520d-random-21.scen,460
460,den520d.map,planner,1,100285,82546,392,392,85785,82546,179,0,0,True,den520d-random-21.scen,460
460,den520d.map,planner,1,100285,82546,392,392,85785,82546,177,0,1,False,den520d-random-21.scen,460
460,den520d.map,planner,1,99042,82546,392,392,85556,82546,204,0,1,True,den520d-random-21.scen,460
460,den520d.map,planner,1,100285,82546,392,392,85785,82546,189,0,10,False,den520d-random-21.scen,460
460,den520d.map,planner,1,98512,82546,392,392,85235,82546,227,0,10,True,den520d-random-21.scen,460
460,den520d.map,planner,1,100285,82546,392,392,85785,82546,185,0,100,False,den520d-random-21.scen,460
460,den520d.map,planner,1,99397,82546,395,392,85392,82546,347,0,100,True,den520d-random-21.scen,460
460,den520d.map,planner,1,100285,82546,392,392,85785,82546,189,0,1000,False,den520d-random-21.scen,460
460,den520d.map,planner,1,100049,82546,394,392,85355,82546,765,0,1000,True,den520d-random-21.scen,460
500,den520d.map,planner,1,110453,89007,393,392,93144,89007,198,0,0,False,den520d-random-21.scen,500
500,den520d.map,planner,1,110453,89007,393,392,93144,89007,220,0,0,True,den520d-random-21.scen,500
500,den520d.map,planner,1,110453,89007,393,392,93144,89007,196,0,1,False,den520d-random-21.scen,500
500,den520d.map,planner,1,107956,89007,395,392,92144,89007,210,0,1,True,den520d-random-21.scen,500
500,den520d.map,planner,1,110453,89007,393,392,93144,89007,190,0,10,False,den520d-random-21.scen,500
500,den520d.map,planner,1,107552,89007,396,392,92046,89007,273,0,10,True,den520d-random-21.scen,500
500,den520d.map,planner,1,110453,89007,393,392,93144,89007,196,0,100,False,den520d-random-21.scen,500
500,den520d.map,planner,1,107285,89007,392,392,91976,89007,389,0,100,True,den520d-random-21.scen,500
500,den520d.map,planner,1,110453,89007,393,392,93144,89007,198,0,1000,False,den520d-random-21.scen,500
500,den520d.map,planner,1,108610,89007,392,392,92015,89007,1173,0,1000,True,den520d-random-21.scen,500
540,den520d.map,planner,1,120270,96226,392,392,100840,96226,213,0,0,False,den520d-random-21.scen,540
540,den520d.map,planner,1,120270,96226,392,392,100840,96226,228,0,0,True,den520d-random-21.scen,540
540,den520d.map,planner,1,120270,96226,392,392,100840,96226,223,0,1,False,den520d-random-21.scen,540
540,den520d.map,planner,1,118297,96226,393,392,100028,96226,234,0,1,True,den520d-random-21.scen,540
540,den520d.map,planner,1,120270,96226,392,392,100840,96226,210,0,10,False,den520d-random-21.scen,540
540,den520d.map,planner,1,117526,96226,392,392,99992,96226,350,0,10,True,den520d-random-21.scen,540
540,den520d.map,planner,1,120270,96226,392,392,100840,96226,220,0,100,False,den520d-random-21.scen,540
540,den520d.map,planner,1,117656,96226,395,392,99767,96226,453,0,100,True,den520d-random-21.scen,540
540,den520d.map,planner,1,120270,96226,392,392,100840,96226,214,0,1000,False,den520d-random-21.scen,540
540,den520d.map,planner,1,118221,96226,393,392,99824,96226,485,0,1000,True,den520d-random-21.scen,540
580,den520d.map,planner,1,129109,103779,392,392,109123,103779,239,0,0,False,den520d-random-21.scen,580
580,den520d.map,planner,1,129109,103779,392,392,109123,103779,239,0,0,True,den520d-random-21.scen,580
580,den520d.map,planner,1,129109,103779,392,392,109123,103779,248,0,1,False,den520d-random-21.scen,580
580,den520d.map,planner,1,128078,103779,392,392,108320,103779,259,0,1,True,den520d-random-21.scen,580
580,den520d.map,planner,1,129109,103779,392,392,109123,103779,246,0,10,False,den520d-random-21.scen,580
580,den520d.map,planner,1,127139,103779,392,392,108106,103779,412,0,10,True,den520d-random-21.scen,580
580,den520d.map,planner,1,129109,103779,392,392,109123,103779,249,0,100,False,den520d-random-21.scen,580
580,den520d.map,planner,1,126221,103779,393,392,108141,103779,1697,0,100,True,den520d-random-21.scen,580
580,den520d.map,planner,1,129109,103779,392,392,109123,103779,229,0,1000,False,den520d-random-21.scen,580
580,den520d.map,planner,1,126307,103779,394,392,107974,103779,7293,0,1000,True,den520d-random-21.scen,580
620,den520d.map,planner,1,138754,110544,395,392,116698,110544,253,0,0,False,den520d-random-21.scen,620
620,den520d.map,planner,1,138754,110544,395,392,116698,110544,254,0,0,True,den520d-random-21.scen,620
620,den520d.map,planner,1,138754,110544,395,392,116698,110544,254,0,1,False,den520d-random-21.scen,620
620,den520d.map,planner,1,136703,110544,394,392,115798,110544,272,0,1,True,den520d-random-21.scen,620
620,den520d.map,planner,1,138754,110544,395,392,116698,110544,257,0,10,False,den520d-random-21.scen,620
620,den520d.map,planner,1,136996,110544,394,392,115491,110544,462,0,10,True,den520d-random-21.scen,620
620,den520d.map,planner,1,138754,110544,395,392,116698,110544,260,0,100,False,den520d-random-21.scen,620
620,den520d.map,planner,1,137460,110544,392,392,115484,110544,2175,0,100,True,den520d-random-21.scen,620
620,den520d.map,planner,1,138754,110544,395,392,116698,110544,257,0,1000,False,den520d-random-21.scen,620
620,den520d.map,planner,1,137305,110544,393,392,115400,110544,17737,0,1000,True,den520d-random-21.scen,620
660,den520d.map,planner,1,148036,117890,392,392,124631,117890,294,0,0,False,den520d-random-21.scen,660
660,den520d.map,planner,1,148036,117890,392,392,124631,117890,283,0,0,True,den520d-random-21.scen,660
660,den520d.map,planner,1,148036,117890,392,392,124631,117890,275,0,1,False,den520d-random-21.scen,660
660,den520d.map,planner,1,146811,117890,411,392,123928,117890,323,0,1,True,den520d-random-21.scen,660
660,den520d.map,planner,1,148036,117890,392,392,124631,117890,274,0,10,False,den520d-random-21.scen,660
660,den520d.map,planner,1,148343,117890,402,392,123833,117890,525,0,10,True,den520d-random-21.scen,660
660,den520d.map,planner,1,148036,117890,392,392,124631,117890,290,0,100,False,den520d-random-21.scen,660
660,den520d.map,planner,1,148128,117890,406,392,123673,117890,2341,0,100,True,den520d-random-21.scen,660
660,den520d.map,planner,1,148036,117890,392,392,124631,117890,276,0,1000,False,den520d-random-21.scen,660
660,den520d.map,planner,1,147755,117890,408,392,123583,117890,23564,0,1000,True,den520d-random-21.scen,660
700,den520d.map,planner,1,158992,124714,395,392,132610,124714,302,0,0,False,den520d-random-21.scen,700
700,den520d.map,planner,1,158992,124714,395,392,132610,124714,319,0,0,True,den520d-random-21.scen,700
700,den520d.map,planner,1,158992,124714,395,392,132610,124714,280,0,1,False,den520d-random-21.scen,700
700,den520d.map,planner,1,157652,124714,395,392,131825,124714,316,0,1,True,den520d-random-21.scen,700
700,den520d.map,planner,1,158992,124714,395,392,132610,124714,296,0,10,False,den520d-random-21.scen,700
700,den520d.map,planner,1,157229,124714,394,392,131565,124714,579,0,10,True,den520d-random-21.scen,700
700,den520d.map,planner,1,158992,124714,395,392,132610,124714,295,0,100,False,den520d-random-21.scen,700
700,den520d.map,planner,1,156488,124714,392,392,131592,124714,3362,0,100,True,den520d-random-21.scen,700
700,den520d.map,planner,1,158992,124714,395,392,132610,124714,291,0,1000,False,den520d-random-21.scen,700
700,den520d.map,planner,1,156127,124714,402,392,130906,124714,19932,0,1000,True,den520d-random-21.scen,700
740,den520d.map,planner,1,168985,132049,392,392,140665,132049,309,0,0,False,den520d-random-21.scen,740
740,den520d.map,planner,1,168985,132049,392,392,140665,132049,303,0,0,True,den520d-random-21.scen,740
740,den520d.map,planner,1,168985,132049,392,392,140665,132049,316,0,1,False,den520d-random-21.scen,740
740,den520d.map,planner,1,168181,132049,399,392,140204,132049,337,0,1,True,den520d-random-21.scen,740
740,den520d.map,planner,1,168985,132049,392,392,140665,132049,308,0,10,False,den520d-random-21.scen,740
740,den520d.map,planner,1,167161,132049,394,392,139543,132049,599,0,10,True,den520d-random-21.scen,740
740,den520d.map,planner,1,168985,132049,392,392,140665,132049,310,0,100,False,den520d-random-21.scen,740
740,den520d.map,planner,1,166821,132049,395,392,139420,132049,3142,0,100,True,den520d-random-21.scen,740
740,den520d.map,planner,1,168985,132049,392,392,140665,132049,312,0,1000,False,den520d-random-21.scen,740
740,den520d.map,planner,1,166029,132049,398,392,139164,132049,22287,0,1000,True,den520d-random-21.scen,740
780,den520d.map,planner,1,176965,138087,394,392,147789,138087,330,0,0,False,den520d-random-21.scen,780
780,den520d.map,planner,1,176965,138087,394,392,147789,138087,317,0,0,True,den520d-random-21.scen,780
780,den520d.map,planner,1,176965,138087,394,392,147789,138087,333,0,1,False,den520d-random-21.scen,780
780,den520d.map,planner,1,174847,138087,408,392,146265,138087,384,0,1,True,den520d-random-21.scen,780
780,den520d.map,planner,1,176965,138087,394,392,147789,138087,328,0,10,False,den520d-random-21.scen,780
780,den520d.map,planner,1,175900,138087,395,392,146411,138087,649,0,10,True,den520d-random-21.scen,780
780,den520d.map,planner,1,176965,138087,394,392,147789,138087,317,0,100,False,den520d-random-21.scen,780
780,den520d.map,planner,1,176424,138087,398,392,146413,138087,3651,0,100,True,den520d-random-21.scen,780
780,den520d.map,planner,1,176965,138087,394,392,147789,138087,335,0,1000,False,den520d-random-21.scen,780
780,den520d.map,planner,1,174772,138087,397,392,145520,138087,22720,0,1000,True,den520d-random-21.scen,780
820,den520d.map,planner,1,190639,145733,394,392,156528,145733,374,0,0,False,den520d-random-21.scen,820
820,den520d.map,planner,1,190639,145733,394,392,156528,145733,366,0,0,True,den520d-random-21.scen,820
820,den520d.map,planner,1,190639,145733,394,392,156528,145733,349,0,1,False,den520d-random-21.scen,820
820,den520d.map,planner,1,187749,145733,398,392,154925,145733,392,0,1,True,den520d-random-21.scen,820
820,den520d.map,planner,1,190639,145733,394,392,156528,145733,339,0,10,False,den520d-random-21.scen,820
820,den520d.map,planner,1,187278,145733,393,392,154679,145733,682,0,10,True,den520d-random-21.scen,820
820,den520d.map,planner,1,190639,145733,394,392,156528,145733,358,0,100,False,den520d-random-21.scen,820
820,den520d.map,planner,1,190153,145733,394,392,155484,145733,4207,0,100,True,den520d-random-21.scen,820
820,den520d.map,planner,1,190639,145733,394,392,156528,145733,355,0,1000,False,den520d-random-21.scen,820
820,den520d.map,planner,1,186134,145733,396,392,154334,145733,31052,0,1000,True,den520d-random-21.scen,820
860,den520d.map,planner,1,200956,152373,406,392,164940,152373,387,0,0,False,den520d-random-21.scen,860
860,den520d.map,planner,1,200956,152373,406,392,164940,152373,386,0,0,True,den520d-random-21.scen,860
860,den520d.map,planner,1,200956,152373,406,392,164940,152373,371,0,1,False,den520d-random-21.scen,860
860,den520d.map,planner,1,197276,152373,392,392,162898,152373,422,0,1,True,den520d-random-21.scen,860
860,den520d.map,planner,1,200956,152373,406,392,164940,152373,381,0,10,False,den520d-random-21.scen,860
860,den520d.map,planner,1,197816,152373,394,392,162797,152373,727,0,10,True,den520d-random-21.scen,860
860,den520d.map,planner,1,200956,152373,406,392,164940,152373,363,0,100,False,den520d-random-21.scen,860
860,den520d.map,planner,1,198154,152373,400,392,162548,152373,3925,0,100,True,den520d-random-21.scen,860
860,den520d.map,planner,1,200956,152373,406,392,164940,152373,393,0,1000,False,den520d-random-21.scen,860
860,den520d.map,planner,1,197765,152373,402,392,162834,152373,35033,0,1000,True,den520d-random-21.scen,860
900,den520d.map,planner,1,212227,159860,402,392,173595,159860,388,0,0,False,den520d-random-21.scen,900
900,den520d.map,planner,1,212227,159860,402,392,173595,159860,376,0,0,True,den520d-random-21.scen,900
900,den520d.map,planner,1,212227,159860,402,392,173595,159860,390,0,1,False,den520d-random-21.scen,900
900,den520d.map,planner,1,209504,159860,400,392,172503,159860,442,0,1,True,den520d-random-21.scen,900
900,den520d.map,planner,1,212227,159860,402,392,173595,159860,399,0,10,False,den520d-random-21.scen,900
900,den520d.map,planner,1,210466,159860,394,392,171876,159860,804,0,10,True,den520d-random-21.scen,900
900,den520d.map,planner,1,212227,159860,402,392,173595,159860,373,0,100,False,den520d-random-21.scen,900
900,den520d.map,planner,1,208735,159860,398,392,171299,159860,4347,0,100,True,den520d-random-21.scen,900
900,den520d.map,planner,1,212227,159860,402,392,173595,159860,401,0,1000,False,den520d-random-21.scen,900
900,den520d.map,planner,1,209459,159860,408,392,171511,159860,41748,0,1000,True,den520d-random-21.scen,900
940,den520d.map,planner,1,220517,166047,396,392,180146,166047,415,0,0,False,den520d-random-21.scen,940
940,den520d.map,planner,1,220517,166047,396,392,180146,166047,405,0,0,True,den520d-random-21.scen,940
940,den520d.map,planner,1,220517,166047,396,392,180146,166047,392,0,1,False,den520d-random-21.scen,940
940,den520d.map,planner,1,219817,166047,400,392,180003,166047,454,0,1,True,den520d-random-21.scen,940
940,den520d.map,planner,1,220517,166047,396,392,180146,166047,383,0,10,False,den520d-random-21.scen,940
940,den520d.map,planner,1,221160,166047,399,392,179947,166047,878,0,10,True,den520d-random-21.scen,940
940,den520d.map,planner,1,220517,166047,396,392,180146,166047,403,0,100,False,den520d-random-21.scen,940
940,den520d.map,planner,1,221333,166047,399,392,179242,166047,4778,0,100,True,den520d-random-21.scen,940
940,den520d.map,planner,1,220517,166047,396,392,180146,166047,400,0,1000,False,den520d-random-21.scen,940
940,den520d.map,planner,1,221805,166047,401,392,179517,166047,46594,0,1000,True,den520d-random-21.scen,940
980,den520d.map,planner,1,235771,172859,398,392,189485,172859,429,0,0,False,den520d-random-21.scen,980
980,den520d.map,planner,1,235771,172859,398,392,189485,172859,418,0,0,True,den520d-random-21.scen,980
980,den520d.map,planner,1,235771,172859,398,392,189485,172859,427,0,1,False,den520d-random-21.scen,980
980,den520d.map,planner,1,231149,172859,402,392,187610,172859,473,0,1,True,den520d-random-21.scen,980
980,den520d.map,planner,1,235771,172859,398,392,189485,172859,435,0,10,False,den520d-random-21.scen,980
980,den520d.map,planner,1,231213,172859,416,392,187834,172859,950,0,10,True,den520d-random-21.scen,980
980,den520d.map,planner,1,235771,172859,398,392,189485,172859,399,0,100,False,den520d-random-21.scen,980
980,den520d.map,planner,1,232620,172859,426,392,187218,172859,5387,0,100,True,den520d-random-21.scen,980
980,den520d.map,planner,1,235771,172859,398,392,189485,172859,414,0,1000,False,den520d-random-21.scen,980
980,den520d.map,planner,1,231002,172859,402,392,186760,172859,44131,0,1000,True,den520d-random-21.scen,980
20,den520d.map,planner,1,4108,3975,344,344,3986,3975,8,0,0,False,den520d-random-20.scen,20
20,den520d.map,planner,1,4108,3975,344,344,3986,3975,8,0,0,True,den520d-random-20.scen,20
20,den520d.map,planner,1,4108,3975,344,344,3986,3975,8,0,1,False,den520d-random-20.scen,20
20,den520d.map,planner,1,4108,3975,344,344,3986,3975,8,0,1,True,den520d-random-20.scen,20
20,den520d.map,planner,1,4108,3975,344,344,3986,3975,8,0,10,False,den520d-random-20.scen,20
20,den520d.map,planner,1,4108,3975,344,344,3986,3975,8,0,10,True,den520d-random-20.scen,20
20,den520d.map,planner,1,4108,3975,344,344,3986,3975,7,0,100,False,den520d-random-20.scen,20
20,den520d.map,planner,1,4108,3975,344,344,3986,3975,8,0,100,True,den520d-random-20.scen,20
20,den520d.map,planner,1,4108,3975,344,344,3986,3975,8,0,1000,False,den520d-random-20.scen,20
20,den520d.map,planner,1,4108,3975,344,344,3986,3975,8,0,1000,True,den520d-random-20.scen,20
60,den520d.map,planner,1,11599,11410,347,347,11501,11410,22,0,0,False,den520d-random-20.scen,60
60,den520d.map,planner,1,11599,11410,347,347,11501,11410,23,0,0,True,den520d-random-20.scen,60
60,den520d.map,planner,1,11599,11410,347,347,11501,11410,25,0,1,False,den520d-random-20.scen,60
60,den520d.map,planner,1,11599,11410,347,347,11501,11410,21,0,1,True,den520d-random-20.scen,60
60,den520d.map,planner,1,11599,11410,347,347,11501,11410,22,0,10,False,den520d-random-20.scen,60
60,den520d.map,planner,1,11599,11410,347,347,11501,11410,22,0,10,True,den520d-random-20.scen,60
60,den520d.map,planner,1,11599,11410,347,347,11501,11410,23,0,100,False,den520d-random-20.scen,60
60,den520d.map,planner,1,11599,11410,347,347,11501,11410,26,0,100,True,den520d-random-20.scen,60
60,den520d.map,planner,1,11599,11410,347,347,11501,11410,24,0,1000,False,den520d-random-20.scen,60
60,den520d.map,planner,1,11599,11410,347,347,11501,11410,23,0,1000,True,den520d-random-20.scen,60
100,den520d.map,planner,1,18922,18213,347,347,18366,18213,36,0,0,False,den520d-random-20.scen,100
100,den520d.map,planner,1,18922,18213,347,347,18366,18213,38,0,0,True,den520d-random-20.scen,100
100,den520d.map,planner,1,18922,18213,347,347,18366,18213,33,0,1,False,den520d-random-20.scen,100
100,den520d.map,planner,1,19227,18213,347,347,18387,18213,35,0,1,True,den520d-random-20.scen,100
100,den520d.map,planner,1,18922,18213,347,347,18366,18213,37,0,10,False,den520d-random-20.scen,100
100,den520d.map,planner,1,19227,18213,347,347,18387,18213,36,0,10,True,den520d-random-20.scen,100
100,den520d.map,planner,1,18922,18213,347,347,18366,18213,41,0,100,False,den520d-random-20.scen,100
100,den520d.map,planner,1,19227,18213,347,347,18387,18213,39,0,100,True,den520d-random-20.scen,100
100,den520d.map,planner,1,18922,18213,347,347,18366,18213,38,0,1000,False,den520d-random-20.scen,100
100,den520d.map,planner,1,19227,18213,347,347,18387,18213,37,0,1000,True,den520d-random-20.scen,100
140,den520d.map,planner,1,27173,25212,368,368,25580,25212,55,0,0,False,den520d-random-20.scen,140
140,den520d.map,planner,1,27173,25212,368,368,25580,25212,53,0,0,True,den520d-random-20.scen,140
140,den520d.map,planner,1,27173,25212,368,368,25580,25212,56,0,1,False,den520d-random-20.scen,140
140,den520d.map,planner,1,27228,25212,368,368,25514,25212,54,0,1,True,den520d-random-20.scen,140
140,den520d.map,planner,1,27173,25212,368,368,25580,25212,55,0,10,False,den520d-random-20.scen,140
140,den520d.map,planner,1,27228,25212,368,368,25514,25212,55,0,10,True,den520d-random-20.scen,140
140,den520d.map,planner,1,27173,25212,368,368,25580,25212,53,0,100,False,den520d-random-20.scen,140
140,den520d.map,planner,1,27228,25212,368,368,25514,25212,56,0,100,True,den520d-random-20.scen,140
140,den520d.map,planner,1,27173,25212,368,368,25580,25212,53,0,1000,False,den520d-random-20.scen,140
140,den520d.map,planner,1,27228,25212,368,368,25514,25212,53,0,1000,True,den520d-random-20.scen,140
180,den520d.map,planner,1,35243,31721,368,368,32264,31721,74,0,0,False,den520d-random-20.scen,180
180,den520d.map,planner,1,35243,31721,368,368,32264,31721,65,0,0,True,den520d-random-20.scen,180
180,den520d.map,planner,1,35243,31721,368,368,32264,31721,67,0,1,False,den520d-random-20.scen,180
180,den520d.map,planner,1,35799,31721,368,368,32316,31721,63,0,1,True,den520d-random-20.scen,180
180,den520d.map,planner,1,35243,31721,368,368,32264,31721,69,0,10,False,den520d-random-20.scen,180
180,den520d.map,planner,1,35799,31721,368,368,32316,31721,69,0,10,True,den520d-random-20.scen,180
180,den520d.map,planner,1,35243,31721,368,368,32264,31721,65,0,100,False,den520d-random-20.scen,180
180,den520d.map,planner,1,35799,31721,368,368,32316,31721,64,0,100,True,den520d-random-20.scen,180
180,den520d.map,planner,1,35243,31721,368,368,32264,31721,66,0,1000,False,den520d-random-20.scen,180
180,den520d.map,planner,1,35799,31721,368,368,32316,31721,66,0,1000,True,den520d-random-20.scen,180
220,den520d.map,planner,1,43824,39113,368,368,39933,39113,91,0,0,False,den520d-random-20.scen,220
220,den520d.map,planner,1,43824,39113,368,368,39933,39113,85,0,0,True,den520d-random-20.scen,220
220,den520d.map,planner,1,43824,39113,368,368,39933,39113,80,0,1,False,den520d-random-20.scen,220
220,den520d.map,planner,1,44647,39113,368,368,39968,39113,80,0,1,True,den520d-random-20.scen,220
220,den520d.map,planner,1,43824,39113,368,368,39933,39113,87,0,10,False,den520d-random-20.scen,220
220,den520d.map,planner,1,44647,39113,368,368,39968,39113,92,0,10,True,den520d-random-20.scen,220
220,den520d.map,planner,1,43824,39113,368,368,39933,39113,90,0,100,False,den520d-random-20.scen,220
220,den520d.map,planner,1,44647,39113,368,368,39968,39113,88,0,100,True,den520d-random-20.scen,220
220,den520d.map,planner,1,43824,39113,368,368,39933,39113,82,0,1000,False,den520d-random-20.scen,220
220,den520d.map,planner,1,44647,39113,368,368,39968,39113,81,0,1000,True,den520d-random-20.scen,220
260,den520d.map,planner,1,52063,45486,368,368,46813,45486,105,0,0,False,den520d-random-20.scen,260
260,den520d.map,planner,1,52063,45486,368,368,46813,45486,102,0,0,True,den520d-random-20.scen,260
260,den520d.map,planner,1,52063,45486,368,368,46813,45486,105,0,1,False,den520d-random-20.scen,260
260,den520d.map,planner,1,51714,45486,368,368,46565,45486,97,0,1,True,den520d-random-20.scen,260
260,den520d.map,planner,1,52063,45486,368,368,46813,45486,106,0,10,False,den520d-random-20.scen,260
260,den520d.map,planner,1,51714,45486,368,368,46565,45486,98,0,10,True,den520d-random-20.scen,260
260,den520d.map,planner,1,52063,45486,368,368,46813,45486,106,0,100,False,den520d-random-20.scen,260
260,den520d.map,planner,1,51714,45486,368,368,46565,45486,92,0,100,True,den520d-random-20.scen,260
260,den520d.map,planner,1,52063,45486,368,368,46813,45486,100,0,1000,False,den520d-random-20.scen,260
260,den520d.map,planner,1,51714,45486,368,368,46565,45486,98,0,1000,True,den520d-random-20.scen,260
300,den520d.map,planner,1,61160,52713,368,368,54352,52713,106,0,0,False,den520d-random-20.scen,300
300,den520d.map,planner,1,61160,52713,368,368,54352,52713,112,0,0,True,den520d-random-20.scen,300
300,den520d.map,planner,1,61160,52713,368,368,54352,52713,115,0,1,False,den520d-random-20.scen,300
300,den520d.map,planner,1,60255,52713,368,368,54107,52713,113,0,1,True,den520d-random-20.scen,300
300,den520d.map,planner,1,61160,52713,368,368,54352,52713,119,0,10,False,den520d-random-20.scen,300
300,den520d.map,planner,1,60255,52713,368,368,54107,52713,120,0,10,True,den520d-random-20.scen,300
300,den520d.map,planner,1,61160,52713,368,368,54352,52713,117,0,100,False,den520d-random-20.scen,300
300,den520d.map,planner,1,60255,52713,368,368,54107,52713,111,0,100,True,den520d-random-20.scen,300
300,den520d.map,planner,1,61160,52713,368,368,54352,52713,119,0,1000,False,den520d-random-20.scen,300
300,den520d.map,planner,1,60255,52713,368,368,54107,52713,116,0,1000,True,den520d-random-20.scen,300
340,den520d.map,planner,1,70686,59493,368,368,61732,59493,129,0,0,False,den520d-random-20.scen,340
340,den520d.map,planner,1,70686,59493,368,368,61732,59493,129,0,0,True,den520d-random-20.scen,340
340,den520d.map,planner,1,70686,59493,368,368,61732,59493,128,0,1,False,den520d-random-20.scen,340
340,den520d.map,planner,1,69650,59493,368,368,61241,59493,128,0,1,True,den520d-random-20.scen,340
340,den520d.map,planner,1,70686,59493,368,368,61732,59493,136,0,10,False,den520d-random-20.scen,340
340,den520d.map,planner,1,69738,59493,368,368,61310,59493,133,0,10,True,den520d-random-20.scen,340
340,den520d.map,planner,1,70686,59493,368,368,61732,59493,123,0,100,False,den520d-random-20.scen,340
340,den520d.map,planner,1,69615,59493,368,368,61243,59493,143,0,100,True,den520d-random-20.scen,340
340,den520d.map,planner,1,70686,59493,368,368,61732,59493,140,0,1000,False,den520d-random-20.scen,340
340,den520d.map,planner,1,69484,59493,368,368,61251,59493,137,0,1000,True,den520d-random-20.scen,340
380,den520d.map,planner,1,78176,65997,395,395,68462,65997,155,0,0,False,den520d-random-20.scen,380
380,den520d.map,planner,1,78176,65997,395,395,68462,65997,147,0,0,True,den520d-random-20.scen,380
380,den520d.map,planner,1,78176,65997,395,395,68462,65997,141,0,1,False,den520d-random-20.scen,380
380,den520d.map,planner,1,77735,65997,395,395,68183,65997,144,0,1,True,den520d-random-20.scen,380
380,den520d.map,planner,1,78176,65997,395,395,68462,65997,149,0,10,False,den520d-random-20.scen,380
380,den520d.map,planner,1,78834,65997,395,395,68244,65997,168,0,10,True,den520d-random-20.scen,380
380,den520d.map,planner,1,78176,65997,395,395,68462,65997,153,0,100,False,den520d-random-20.scen,380
380,den520d.map,planner,1,77435,65997,395,395,68165,65997,156,0,100,True,den520d-random-20.scen,380
380,den520d.map,planner,1,78176,65997,395,395,68462,65997,148,0,1000,False,den520d-random-20.scen,380
380,den520d.map,planner,1,77435,65997,395,395,68165,65997,177,0,1000,True,den520d-random-20.scen,380
420,den520d.map,planner,1,87463,72926,395,395,75950,72926,162,0,0,False,den520d-random-20.scen,420
420,den520d.map,planner,1,87463,72926,395,395,75950,72926,165,0,0,True,den520d-random-20.scen,420
420,den520d.map,planner,1,87463,72926,395,395,75950,72926,157,0,1,False,den520d-random-20.scen,420
420,den520d.map,planner,1,87091,72926,395,395,75616,72926,172,0,1,True,den520d-random-20.scen,420
420,den520d.map,planner,1,87463,72926,395,395,75950,72926,159,0,10,False,den520d-random-20.scen,420
420,den520d.map,planner,1,87277,72926,395,395,75518,72926,192,0,10,True,den520d-random-20.scen,420
420,den520d.map,planner,1,87463,72926,395,395,75950,72926,173,0,100,False,den520d-random-20.scen,420
420,den520d.map,planner,1,86818,72926,395,395,75485,72926,251,0,100,True,den520d-random-20.scen,420
420,den520d.map,planner,1,87463,72926,395,395,75950,72926,167,0,1000,False,den520d-random-20.scen,420
420,den520d.map,planner,1,86723,72926,395,395,75468,72926,256,0,1000,True,den520d-random-20.scen,420
460,den520d.map,planner,1,96447,80406,395,395,84072,80406,182,0,0,False,den520d-random-20.scen,460
460,den520d.map,planner,1,96447,80406,395,395,84072,80406,193,0,0,True,den520d-random-20.scen,460
460,den520d.map,planner,1,96447,80406,395,395,84072,80406,179,0,1,False,den520d-random-20.scen,460
460,den520d.map,planner,1,96795,80406,395,395,83547,80406,192,0,1,True,den520d-random-20.scen,460
460,den520d.map,planner,1,96447,80406,395,395,84072,80406,181,0,10,False,den520d-random-20.scen,460
460,den520d.map,planner,1,96750,80406,395,395,83361,80406,206,0,10,True,den520d-random-20.scen,460
460,den520d.map,planner,1,96447,80406,395,395,84072,80406,185,0,100,False,den520d-random-20.scen,460
460,den520d.map,planner,1,96730,80406,395,395,83406,80406,277,0,100,True,den520d-random-20.scen,460
460,den520d.map,planner,1,96447,80406,395,395,84072,80406,186,0,1000,False,den520d-random-20.scen,460
460,den520d.map,planner,1,96179,80406,395,395,83410,80406,288,0,1000,True,den520d-random-20.scen,460
500,den520d.map,planner,1,106377,87788,395,395,91783,87788,216,0,0,False,den520d-random-20.scen,500
500,den520d.map,planner,1,106377,87788,395,395,91783,87788,213,0,0,True,den520d-random-20.scen,500
500,den520d.map,planner,1,106377,87788,395,395,91783,87788,205,0,1,False,den520d-random-20.scen,500
500,den520d.map,planner,1,105472,87788,395,395,91326,87788,231,0,1,True,den520d-random-20.scen,500
500,den520d.map,planner,1,106377,87788,395,395,91783,87788,198,0,10,False,den520d-random-20.scen,500
500,den520d.map,planner,1,105473,87788,395,395,91225,87788,234,0,10,True,den520d-random-20.scen,500
500,den520d.map,planner,1,106377,87788,395,395,91783,87788,212,0,100,False,den520d-random-20.scen,500
500,den520d.map,planner,1,106241,87788,395,395,91212,87788,288,0,100,True,den520d-random-20.scen,500
500,den520d.map,planner,1,106377,87788,395,395,91783,87788,215,0,1000,False,den520d-random-20.scen,500
500,den520d.map,planner,1,106081,87788,395,395,91357,87788,454,0,1000,True,den520d-random-20.scen,500
540,den520d.map,planner,1,116368,94579,395,395,99101,94579,235,0,0,False,den520d-random-20.scen,540
540,den520d.map,planner,1,116368,94579,395,395,99101,94579,223,0,0,True,den520d-random-20.scen,540
540,den520d.map,planner,1,116368,94579,395,395,99101,94579,230,0,1,False,den520d-random-20.scen,540
540,den520d.map,planner,1,114865,94579,395,395,98393,94579,225,0,1,True,den520d-random-20.scen,540
540,den520d.map,planner,1,116368,94579,395,395,99101,94579,205,0,10,False,den520d-random-20.scen,540
540,den520d.map,planner,1,115243,94579,395,395,98564,94579,251,0,10,True,den520d-random-20.scen,540
540,den520d.map,planner,1,116368,94579,395,395,99101,94579,238,0,100,False,den520d-random-20.scen,540
540,den520d.map,planner,1,115038,94579,395,395,98448,94579,265,0,100,True,den520d-random-20.scen,540
540,den520d.map,planner,1,116368,94579,395,395,99101,94579,219,0,1000,False,den520d-random-20.scen,540
540,den520d.map,planner,1,115038,94579,395,395,98448,94579,254,0,1000,True,den520d-random-20.scen,540
580,den520d.map,planner,1,124334,101505,395,395,106958,101505,249,0,0,False,den520d-random-20.scen,580
580,den520d.map,planner,1,124334,101505,395,395,106958,101505,250,0,0,True,den520d-random-20.scen,580
580,den520d.map,planner,1,124334,101505,395,395,106958,101505,249,0,1,False,den520d-random-20.scen,580
580,den520d.map,planner,1,122903,101505,395,395,105950,101505,254,0,1,True,den520d-random-20.scen,580
580,den520d.map,planner,1,124334,101505,395,395,106958,101505,252,0,10,False,den520d-random-20.scen,580
580,den520d.map,planner,1,125146,101505,395,395,106075,101505,287,0,10,True,den520d-random-20.scen,580
580,den520d.map,planner,1,124334,101505,395,395,106958,101505,259,0,100,False,den520d-random-20.scen,580
580,den520d.map,planner,1,124991,101505,395,395,106095,101505,822,0,100,True,den520d-random-20.scen,580
580,den520d.map,planner,1,124334,101505,395,395,106958,101505,248,0,1000,False,den520d-random-20.scen,580
580,den520d.map,planner,1,125571,101505,395,395,106091,101505,3672,0,1000,True,den520d-random-20.scen,580
620,den520d.map,planner,1,133217,108168,395,395,114188,108168,255,0,0,False,den520d-random-20.scen,620
620,den520d.map,planner,1,133217,108168,395,395,114188,108168,259,0,0,True,den520d-random-20.scen,620
620,den520d.map,planner,1,133217,108168,395,395,114188,108168,251,0,1,False,den520d-random-20.scen,620
620,den520d.map,planner,1,133831,108168,395,395,113450,108168,300,0,1,True,den520d-random-20.scen,620
620,den520d.map,planner,1,133217,108168,395,395,114188,108168,270,0,10,False,den520d-random-20.scen,620
620,den520d.map,planner,1,132001,108168,395,395,113248,108168,350,0,10,True,den520d-random-20.scen,620
620,den520d.map,planner,1,133217,108168,395,395,114188,108168,264,0,100,False,den520d-random-20.scen,620
620,den520d.map,planner,1,133789,108168,395,395,113169,108168,741,0,100,True,den520d-random-20.scen,620
620,den520d.map,planner,1,133217,108168,395,395,114188,108168,251,0,1000,False,den520d-random-20.scen,620
620,den520d.map,planner,1,132602,108168,395,395,113061,108168,3414,0,1000,True,den520d-random-20.scen,620
660,den520d.map,planner,1,145182,115878,395,395,123000,115878,277,0,0,False,den520d-random-20.scen,660
660,den520d.map,planner,1,145182,115878,395,395,123000,115878,263,0,0,True,den520d-random-20.scen,660
660,den520d.map,planner,1,145182,115878,395,395,123000,115878,266,0,1,False,den520d-random-20.scen,660
660,den520d.map,planner,1,143442,115878,395,395,122070,115878,298,0,1,True,den520d-random-20.scen,660
660,den520d.map,planner,1,145182,115878,395,395,123000,115878,294,0,10,False,den520d-random-20.scen,660
660,den520d.map,planner,1,143954,115878,396,395,121832,115878,383,0,10,True,den520d-random-20.scen,660
660,den520d.map,planner,1,145182,115878,395,395,123000,115878,285,0,100,False,den520d-random-20.scen,660
660,den520d.map,planner,1,143551,115878,395,395,121697,115878,904,0,100,True,den520d-random-20.scen,660
660,den520d.map,planner,1,145182,115878,395,395,123000,115878,274,0,1000,False,den520d-random-20.scen,660
660,den520d.map,planner,1,144240,115878,395,395,121645,115878,4201,0,1000,True,den520d-random-20.scen,660
700,den520d.map,planner,1,155228,122819,395,395,131085,122819,320,0,0,False,den520d-random-20.scen,700
700,den520d.map,planner,1,155228,122819,395,395,131085,122819,291,0,0,True,den520d-random-20.scen,700
700,den520d.map,planner,1,155228,122819,395,395,131085,122819,302,0,1,False,den520d-random-20.scen,700
700,den520d.map,planner,1,153651,122819,397,395,129833,122819,322,0,1,True,den520d-random-20.scen,700
700,den520d.map,planner,1,155228,122819,395,395,131085,122819,297,0,10,False,den520d-random-20.scen,700
700,den520d.map,planner,1,154011,122819,395,395,129865,122819,508,0,10,True,den520d-random-20.scen,700
700,den520d.map,planner,1,155228,122819,395,395,131085,122819,298,0,100,False,den520d-random-20.scen,700
700,den520d.map,planner,1,152563,122819,395,395,129551,122819,2148,0,100,True,den520d-random-20.scen,700
700,den520d.map,planner,1,155228,122819,395,395,131085,122819,297,0,1000,False,den520d-random-20.scen,700
700,den520d.map,planner,1,152481,122819,395,395,129334,122819,11598,0,1000,True,den520d-random-20.scen,700
740,den520d.map,planner,1,165855,130804,395,395,139892,130804,323,0,0,False,den520d-random-20.scen,740
740,den520d.map,planner,1,165855,130804,395,395,139892,130804,335,0,0,True,den520d-random-20.scen,740
740,den520d.map,planner,1,165855,130804,395,395,139892,130804,307,0,1,False,den520d-random-20.scen,740
740,den520d.map,planner,1,165391,130804,395,395,139383,130804,344,0,1,True,den520d-random-20.scen,740
740,den520d.map,planner,1,165855,130804,395,395,139892,130804,316,0,10,False,den520d-random-20.scen,740
740,den520d.map,planner,1,163019,130804,395,395,138344,130804,578,0,10,True,den520d-random-20.scen,740
740,den520d.map,planner,1,165855,130804,395,395,139892,130804,312,0,100,False,den520d-random-20.scen,740
740,den520d.map,planner,1,164745,130804,397,395,138278,130804,2274,0,100,True,den520d-random-20.scen,740
740,den520d.map,planner,1,165855,130804,395,395,139892,130804,302,0,1000,False,den520d-random-20.scen,740
740,den520d.map,planner,1,164113,130804,395,395,137978,130804,13647,0,1000,True,den520d-random-20.scen,740
780,den520d.map,planner,1,176174,138048,395,395,147922,138048,341,0,0,False,den520d-random-20.scen,780
780,den520d.map,planner,1,176174,138048,395,395,147922,138048,343,0,0,True,den520d-random-20.scen,780
780,den520d.map,planner,1,176174,138048,395,395,147922,138048,338,0,1,False,den520d-random-20.scen,780
780,den520d.map,planner,1,172901,138048,395,395,146719,138048,359,0,1,True,den520d-random-20.scen,780
780,den520d.map,planner,1,176174,138048,395,395,147922,138048,330,0,10,False,den520d-random-20.scen,780
780,den520d.map,planner,1,174204,138048,395,395,146739,138048,590,0,10,True,den520d-random-20.scen,780
780,den520d.map,planner,1,176174,138048,395,395,147922,138048,352,0,100,False,den520d-random-20.scen,780
780,den520d.map,planner,1,173709,138048,395,395,146120,138048,2433,0,100,True,den520d-random-20.scen,780
780,den520d.map,planner,1,176174,138048,395,395,147922,138048,336,0,1000,False,den520d-random-20.scen,780
780,den520d.map,planner,1,174112,138048,395,395,146146,138048,21258,0,1000,True,den520d-random-20.scen,780
820,den520d.map,planner,1,187236,145628,395,395,156712,145628,340,0,0,False,den520d-random-20.scen,820
820,den520d.map,planner,1,187236,145628,395,395,156712,145628,346,0,0,True,den520d-random-20.scen,820
820,den520d.map,planner,1,187236,145628,395,395,156712,145628,334,0,1,False,den520d-random-20.scen,820
820,den520d.map,planner,1,184199,145628,395,395,155294,145628,395,0,1,True,den520d-random-20.scen,820
820,den520d.map,planner,1,187236,145628,395,395,156712,145628,352,0,10,False,den520d-random-20.scen,820
820,den520d.map,planner,1,184584,145628,395,395,155061,145628,621,0,10,True,den520d-random-20.scen,820
820,den520d.map,planner,1,187236,145628,395,395,156712,145628,348,0,100,False,den520d-random-20.scen,820
820,den520d.map,planner,1,184830,145628,395,395,154768,145628,2939,0,100,True,den520d-random-20.scen,820
820,den520d.map,planner,1,187236,145628,395,395,156712,145628,336,0,1000,False,den520d-random-20.scen,820
820,den520d.map,planner,1,184755,145628,395,395,154661,145628,25491,0,1000,True,den520d-random-20.scen,820
860,den520d.map,planner,1,197101,152365,395,395,164828,152365,367,0,0,False,den520d-random-20.scen,860
860,den520d.map,planner,1,197101,152365,395,395,164828,152365,362,0,0,True,den520d-random-20.scen,860
860,den520d.map,planner,1,197101,152365,395,395,164828,152365,367,0,1,False,den520d-random-20.scen,860
860,den520d.map,planner,1,196489,152365,400,395,163751,152365,400,0,1,True,den520d-random-20.scen,860
860,den520d.map,planner,1,197101,152365,395,395,164828,152365,370,0,10,False,den520d-random-20.scen,860
860,den520d.map,planner,1,194172,152365,395,395,162973,152365,713,0,10,True,den520d-random-20.scen,860
860,den520d.map,planner,1,197101,152365,395,395,164828,152365,355,0,100,False,den520d-random-20.scen,860
860,den520d.map,planner,1,195244,152365,395,395,163037,152365,3806,0,100,True,den520d-random-20.scen,860
860,den520d.map,planner,1,197101,152365,395,395,164828,152365,366,0,1000,False,den520d-random-20.scen,860
860,den520d.map,planner,1,196488,152365,395,395,162844,152365,32805,0,1000,True,den520d-random-20.scen,860
900,den520d.map,planner,1,207311,158250,395,395,171497,158250,397,0,0,False,den520d-random-20.scen,900
900,den520d.map,planner,1,207311,158250,395,395,171497,158250,359,0,0,True,den520d-random-20.scen,900
900,den520d.map,planner,1,207311,158250,395,395,171497,158250,384,0,1,False,den520d-random-20.scen,900
900,den520d.map,planner,1,206801,158250,395,395,170901,158250,412,0,1,True,den520d-random-20.scen,900
900,den520d.map,planner,1,207311,158250,395,395,171497,158250,361,0,10,False,den520d-random-20.scen,900
900,den520d.map,planner,1,205627,158250,395,395,170441,158250,759,0,10,True,den520d-random-20.scen,900
900,den520d.map,planner,1,207311,158250,395,395,171497,158250,355,0,100,False,den520d-random-20.scen,900
900,den520d.map,planner,1,206532,158250,395,395,170177,158250,4053,0,100,True,den520d-random-20.scen,900
900,den520d.map,planner,1,207311,158250,395,395,171497,158250,378,0,1000,False,den520d-random-20.scen,900
900,den520d.map,planner,1,206064,158250,395,395,169455,158250,33052,0,1000,True,den520d-random-20.scen,900
940,den520d.map,planner,1,219772,165505,395,395,180861,165505,368,0,0,False,den520d-random-20.scen,940
940,den520d.map,planner,1,219772,165505,395,395,180861,165505,391,0,0,True,den520d-random-20.scen,940
940,den520d.map,planner,1,219772,165505,395,395,180861,165505,379,0,1,False,den520d-random-20.scen,940
940,den520d.map,planner,1,218739,165505,395,395,179125,165505,446,0,1,True,den520d-random-20.scen,940
940,den520d.map,planner,1,219772,165505,395,395,180861,165505,393,0,10,False,den520d-random-20.scen,940
940,den520d.map,planner,1,217615,165505,395,395,178653,165505,777,0,10,True,den520d-random-20.scen,940
940,den520d.map,planner,1,219772,165505,395,395,180861,165505,400,0,100,False,den520d-random-20.scen,940
940,den520d.map,planner,1,215297,165505,395,395,178457,165505,4398,0,100,True,den520d-random-20.scen,940
940,den520d.map,planner,1,219772,165505,395,395,180861,165505,396,0,1000,False,den520d-random-20.scen,940
940,den520d.map,planner,1,215482,165505,395,395,177975,165505,36518,0,1000,True,den520d-random-20.scen,940
980,den520d.map,planner,1,229912,171718,395,395,187606,171718,408,0,0,False,den520d-random-20.scen,980
980,den520d.map,planner,1,229912,171718,395,395,187606,171718,412,0,0,True,den520d-random-20.scen,980
980,den520d.map,planner,1,229912,171718,395,395,187606,171718,405,0,1,False,den520d-random-20.scen,980
980,den520d.map,planner,1,225718,171718,398,395,186674,171718,465,0,1,True,den520d-random-20.scen,980
980,den520d.map,planner,1,229912,171718,395,395,187606,171718,444,0,10,False,den520d-random-20.scen,980
980,den520d.map,planner,1,226646,171718,398,395,185972,171718,824,0,10,True,den520d-random-20.scen,980
980,den520d.map,planner,1,229912,171718,395,395,187606,171718,436,0,100,False,den520d-random-20.scen,980
980,den520d.map,planner,1,224446,171718,395,395,185301,171718,4340,0,100,True,den520d-random-20.scen,980
980,den520d.map,planner,1,229912,171718,395,395,187606,171718,393,0,1000,False,den520d-random-20.scen,980
980,den520d.map,planner,1,226097,171718,395,395,185301,171718,39281,0,1000,True,den520d-random-20.scen,980
20,den520d.map,planner,1,2888,2888,313,313,2888,2888,8,0,0,False,den520d-random-23.scen,20
20,den520d.map,planner,1,2888,2888,313,313,2888,2888,7,0,0,True,den520d-random-23.scen,20
20,den520d.map,planner,1,2888,2888,313,313,2888,2888,7,0,1,False,den520d-random-23.scen,20
20,den520d.map,planner,1,2888,2888,313,313,2888,2888,6,0,1,True,den520d-random-23.scen,20
20,den520d.map,planner,1,2888,2888,313,313,2888,2888,7,0,10,False,den520d-random-23.scen,20
20,den520d.map,planner,1,2888,2888,313,313,2888,2888,8,0,10,True,den520d-random-23.scen,20
20,den520d.map,planner,1,2888,2888,313,313,2888,2888,7,0,100,False,den520d-random-23.scen,20
20,den520d.map,planner,1,2888,2888,313,313,2888,2888,6,0,100,True,den520d-random-23.scen,20
20,den520d.map,planner,1,2888,2888,313,313,2888,2888,6,0,1000,False,den520d-random-23.scen,20
20,den520d.map,planner,1,2888,2888,313,313,2888,2888,6,0,1000,True,den520d-random-23.scen,20
60,den520d.map,planner,1,10651,10006,359,359,10078,10006,20,0,0,False,den520d-random-23.scen,60
60,den520d.map,planner,1,10651,10006,359,359,10078,10006,21,0,0,True,den520d-random-23.scen,60
60,den520d.map,planner,1,10651,10006,359,359,10078,10006,23,0,1,False,den520d-random-23.scen,60
60,den520d.map,planner,1,10651,10006,359,359,10078,10006,24,0,1,True,den520d-random-23.scen,60
60,den520d.map,planner,1,10651,10006,359,359,10078,10006,21,0,10,False,den520d-random-23.scen,60
60,den520d.map,planner,1,10651,10006,359,359,10078,10006,22,0,10,True,den520d-random-23.scen,60
60,den520d.map,planner,1,10651,10006,359,359,10078,10006,27,0,100,False,den520d-random-23.scen,60
60,den520d.map,planner,1,10651,10006,359,359,10078,10006,21,0,100,True,den520d-random-23.scen,60
60,den520d.map,planner,1,10651,10006,359,359,10078,10006,19,0,1000,False,den520d-random-23.scen,60
60,den520d.map,planner,1,10651,10006,359,359,10078,10006,22,0,1000,True,den520d-random-23.scen,60
100,den520d.map,planner,1,18516,17346,359,359,17461,17346,41,0,0,False,den520d-random-23.scen,100
100,den520d.map,planner,1,18516,17346,359,359,17461,17346,37,0,0,True,den520d-random-23.scen,100
100,den520d.map,planner,1,18516,17346,359,359,17461,17346,39,0,1,False,den520d-random-23.scen,100
100,den520d.map,planner,1,18080,17346,359,359,17443,17346,33,0,1,True,den520d-random-23.scen,100
100,den520d.map,planner,1,18516,17346,359,359,17461,17346,33,0,10,False,den520d-random-23.scen,100
100,den520d.map,planner,1,18080,17346,359,359,17443,17346,39,0,10,True,den520d-random-23.scen,100
100,den520d.map,planner,1,18516,17346,359,359,17461,17346,38,0,100,False,den520d-random-23.scen,100
100,den520d.map,planner,1,18080,17346,359,359,17443,17346,34,0,100,True,den520d-random-23.scen,100
100,den520d.map,planner,1,18516,17346,359,359,17461,17346,42,0,1000,False,den520d-random-23.scen,100
100,den520d.map,planner,1,18080,17346,359,359,17443,17346,35,0,1000,True,den520d-random-23.scen,100
140,den520d.map,planner,1,26449,24492,371,371,24819,24492,52,0,0,False,den520d-random-23.scen,140
140,den520d.map,planner,1,26449,24492,371,371,24819,24492,52,0,0,True,den520d-random-23.scen,140
140,den520d.map,planner,1,26449,24492,371,371,24819,24492,58,0,1,False,den520d-random-23.scen,140
140,den520d.map,planner,1,26481,24492,373,371,24861,24492,59,0,1,True,den520d-random-23.scen,140
140,den520d.map,planner,1,26449,24492,371,371,24819,24492,47,0,10,False,den520d-random-23.scen,140
140,den520d.map,planner,1,26481,24492,373,371,24861,24492,56,0,10,True,den520d-random-23.scen,140
140,den520d.map,planner,1,26449,24492,371,371,24819,24492,53,0,100,False,den520d-random-23.scen,140
140,den520d.map,planner,1,26481,24492,373,371,24861,24492,52,0,100,True,den520d-random-23.scen,140
140,den520d.map,planner,1,26449,24492,371,371,24819,24492,52,0,1000,False,den520d-random-23.scen,140
140,den520d.map,planner,1,26481,24492,373,371,24861,24492,57,0,1000,True,den520d-random-23.scen,140
180,den520d.map,planner,1,34357,31482,371,371,32030,31482,70,0,0,False,den520d-random-23.scen,180
180,den520d.map,planner,1,34357,31482,371,371,32030,31482,66,0,0,True,den520d-random-23.scen,180
180,den520d.map,planner,1,34357,31482,371,371,32030,31482,78,0,1,False,den520d-random-23.scen,180
180,den520d.map,planner,1,33971,31482,371,371,32007,31482,65,0,1,True,den520d-random-23.scen,180
180,den520d.map,planner,1,34357,31482,371,371,32030,31482,69,0,10,False,den520d-random-23.scen,180
180,den520d.map,planner,1,33971,31482,371,371,32007,31482,66,0,10,True,den520d-random-23.scen,180
180,den520d.map,planner,1,34357,31482,371,371,32030,31482,71,0,100,False,den520d-random-23.scen,180
180,den520d.map,planner,1,33971,31482,371,371,32007,31482,69,0,100,True,den520d-random-23.scen,180
180,den520d.map,planner,1,34357,31482,371,371,32030,31482,64,0,1000,False,den520d-random-23.scen,180
180,den520d.map,planner,1,33971,31482,371,371,32007,31482,72,0,1000,True,den520d-random-23.scen,180
220,den520d.map,planner,1,42028,38151,371,371,38947,38151,91,0,0,False,den520d-random-23.scen,220
220,den520d.map,planner,1,42028,38151,371,371,38947,38151,89,0,0,True,den520d-random-23.scen,220
220,den520d.map,planner,1,42028,38151,371,371,38947,38151,82,0,1,False,den520d-random-23.scen,220
220,den520d.map,planner,1,42050,38151,371,371,38892,38151,88,0,1,True,den520d-random-23.scen,220
220,den520d.map,planner,1,42028,38151,371,371,38947,38151,92,0,10,False,den520d-random-23.scen,220
220,den520d.map,planner,1,42050,38151,371,371,38892,38151,83,0,10,True,den520d-random-23.scen,220
220,den520d.map,planner,1,42028,38151,371,371,38947,38151,88,0,100,False,den520d-random-23.scen,220
220,den520d.map,planner,1,42050,38151,371,371,38892,38151,87,0,100,True,den520d-random-23.scen,220
220,den520d.map,planner,1,42028,38151,371,371,38947,38151,82,0,1000,False,den520d-random-23.scen,220
220,den520d.map,planner,1,42050,38151,371,371,38892,38151,85,0,1000,True,den520d-random-23.scen,220
260,den520d.map,planner,1,51713,46184,373,371,47428,46184,99,0,0,False,den520d-random-23.scen,260
260,den520d.map,planner,1,51713,46184,373,371,47428,46184,107,0,0,True,den520d-random-23.scen,260
260,den520d.map,planner,1,51713,46184,373,371,47428,46184,101,0,1,False,den520d-random-23.scen,260
260,den520d.map,planner,1,51248,46184,371,371,47313,46184,103,0,1,True,den520d-random-23.scen,260
260,den520d.map,planner,1,51713,46184,373,371,47428,46184,111,0,10,False,den520d-random-23.scen,260
260,den520d.map,planner,1,51248,46184,371,371,47313,46184,106,0,10,True,den520d-random-23.scen,260
260,den520d.map,planner,1,51713,46184,373,371,47428,46184,106,0,100,False,den520d-random-23.scen,260
260,den520d.map,planner,1,51248,46184,371,371,47313,46184,99,0,100,True,den520d-random-23.scen,260
260,den520d.map,planner,1,51713,46184,373,371,47428,46184,94,0,1000,False,den520d-random-23.scen,260
260,den520d.map,planner,1,51248,46184,371,371,47313,46184,106,0,1000,True,den520d-random-23.scen,260
300,den520d.map,planner,1,59028,51732,371,371,53194,51732,123,0,0,False,den520d-random-23.scen,300
300,den520d.map,planner,1,59028,51732,371,371,53194,51732,113,0,0,True,den520d-random-23.scen,300
300,den520d.map,planner,1,59028,51732,371,371,53194,51732,129,0,1,False,den520d-random-23.scen,300
300,den520d.map,planner,1,58538,51732,371,371,53065,51732,123,0,1,True,den520d-random-23.scen,300
300,den520d.map,planner,1,59028,51732,371,371,53194,51732,120,0,10,False,den520d-random-23.scen,300
300,den520d.map,planner,1,58538,51732,371,371,53065,51732,126,0,10,True,den520d-random-23.scen,300
300,den520d.map,planner,1,59028,51732,371,371,53194,51732,115,0,100,False,den520d-random-23.scen,300
300,den520d.map,planner,1,58538,51732,371,371,53065,51732,121,0,100,True,den520d-random-23.scen,300
300,den520d.map,planner,1,59028,51732,371,371,53194,51732,116,0,1000,False,den520d-random-23.scen,300
300,den520d.map,planner,1,58538,51732,371,371,53065,51732,122,0,1000,True,den520d-random-23.scen,300
340,den520d.map,planner,1,67269,58783,376,376,60956,58783,134,0,0,False,den520d-random-23.scen,340
340,den520d.map,planner,1,67269,58783,376,376,60956,58783,143,0,0,True,den520d-random-23.scen,340
340,den520d.map,planner,1,67269,58783,376,376,60956,58783,130,0,1,False,den520d-random-23.scen,340
340,den520d.map,planner,1,67079,58783,376,376,60617,58783,137,0,1,True,den520d-random-23.scen,340
340,den520d.map,planner,1,67269,58783,376,376,60956,58783,151,0,10,False,den520d-random-23.scen,340
340,den520d.map,planner,1,67079,58783,376,376,60617,58783,130,0,10,True,den520d-random-23.scen,340
340,den520d.map,planner,1,67269,58783,376,376,60956,58783,144,0,100,False,den520d-random-23.scen,340
340,den520d.map,planner,1,67079,58783,376,376,60617,58783,139,0,100,True,den520d-random-23.scen,340
340,den520d.map,planner,1,67269,58783,376,376,60956,58783,142,0,1000,False,den520d-random-23.scen,340
340,den520d.map,planner,1,67079,58783,376,376,60617,58783,141,0,1000,True,den520d-random-23.scen,340
380,den520d.map,planner,1,76424,65415,387,387,67769,65415,155,0,0,False,den520d-random-23.scen,380
380,den520d.map,planner,1,76424,65415,387,387,67769,65415,159,0,0,True,den520d-random-23.scen,380
380,den520d.map,planner,1,76424,65415,387,387,67769,65415,141,0,1,False,den520d-random-23.scen,380
380,den520d.map,planner,1,75757,65415,387,387,67618,65415,161,0,1,True,den520d-random-23.scen,380
380,den520d.map,planner,1,76424,65415,387,387,67769,65415,163,0,10,False,den520d-random-23.scen,380
380,den520d.map,planner,1,75453,65415,387,387,67506,65415,172,0,10,True,den520d-random-23.scen,380
380,den520d.map,planner,1,76424,65415,387,387,67769,65415,158,0,100,False,den520d-random-23.scen,380
380,den520d.map,planner,1,75453,65415,387,387,67506,65415,158,0,100,True,den520d-random-23.scen,380
380,den520d.map,planner,1,76424,65415,387,387,67769,65415,163,0,1000,False,den520d-random-23.scen,380
380,den520d.map,planner,1,75453,65415,387,387,67506,65415,149,0,1000,True,den520d-random-23.scen,380
420,den520d.map,planner,1,86028,72348,387,387,75139,72348,167,0,0,False,den520d-random-23.scen,420
420,den520d.map,planner,1,86028,72348,387,387,75139,72348,174,0,0,True,den520d-random-23.scen,420
420,den520d.map,planner,1,86028,72348,387,387,75139,72348,176,0,1,False,den520d-random-23.scen,420
420,den520d.map,planner,1,85101,72348,387,387,74820,72348,169,0,1,True,den520d-random-23.scen,420
420,den520d.map,planner,1,86028,72348,387,387,75139,72348,171,0,10,False,den520d-random-23.scen,420
420,den520d.map,planner,1,85472,72348,387,387,74845,72348,183,0,10,True,den520d-random-23.scen,420
420,den520d.map,planner,1,86028,72348,387,387,75139,72348,183,0,100,False,den520d-random-23.scen,420
420,den520d.map,planner,1,85026,72348,387,387,74869,72348,181,0,100,True,den520d-random-23.scen,420
420,den520d.map,planner,1,86028,72348,387,387,75139,72348,178,0,1000,False,den520d-random-23.scen,420
420,den520d.map,planner,1,85026,72348,387,387,74869,72348,174,0,1000,True,den520d-random-23.scen,420
460,den520d.map,planner,1,95025,79785,387,387,83198,79785,192,0,0,False,den520d-random-23.scen,460
460,den520d.map,planner,1,95025,79785,387,387,83198,79785,178,0,0,True,den520d-random-23.scen,460
460,den520d.map,planner,1,95025,79785,387,387,83198,79785,195,0,1,False,den520d-random-23.scen,460
460,den520d.map,planner,1,94062,79785,387,387,82786,79785,204,0,1,True,den520d-random-23.scen,460
460,den520d.map,planner,1,95025,79785,387,387,83198,79785,185,0,10,False,den520d-random-23.scen,460
460,den520d.map,planner,1,93868,79785,387,387,82703,79785,203,0,10,True,den520d-random-23.scen,460
460,den520d.map,planner,1,95025,79785,387,387,83198,79785,195,0,100,False,den520d-random-23.scen,460
460,den520d.map,planner,1,94573,79785,387,387,82732,79785,226,0,100,True,den520d-random-23.scen,460
460,den520d.map,planner,1,95025,79785,387,387,83198,79785,197,0,1000,False,den520d-random-23.scen,460
460,den520d.map,planner,1,94573,79785,387,387,82732,79785,192,0,1000,True,den520d-random-23.scen,460
500,den520d.map,planner,1,105671,87206,387,387,91364,87206,222,0,0,False,den520d-random-23.scen,500
500,den520d.map,planner,1,105671,87206,387,387,91364,87206,215,0,0,True,den520d-random-23.scen,500
500,den520d.map,planner,1,105671,87206,387,387,91364,87206,198,0,1,False,den520d-random-23.scen,500
500,den520d.map,planner,1,103765,87206,387,387,90419,87206,218,0,1,True,den520d-random-23.scen,500
500,den520d.map,planner,1,105671,87206,387,387,91364,87206,204,0,10,False,den520d-random-23.scen,500
500,den520d.map,planner,1,103565,87206,387,387,90317,87206,222,0,10,True,den520d-random-23.scen,500
500,den520d.map,planner,1,105671,87206,387,387,91364,87206,226,0,100,False,den520d-random-23.scen,500
500,den520d.map,planner,1,104020,87206,387,387,90341,87206,260,0,100,True,den520d-random-23.scen,500
500,den520d.map,planner,1,105671,87206,387,387,91364,87206,210,0,1000,False,den520d-random-23.scen,500
500,den520d.map,planner,1,104020,87206,387,387,90341,87206,265,0,1000,True,den520d-random-23.scen,500
540,den520d.map,planner,1,114093,94262,394,394,98696,94262,220,0,0,False,den520d-random-23.scen,540
540,den520d.map,planner,1,114093,94262,394,394,98696,94262,236,0,0,True,den520d-random-23.scen,540
540,den520d.map,planner,1,114093,94262,394,394,98696,94262,231,0,1,False,den520d-random-23.scen,540
540,den520d.map,planner,1,113283,94262,394,394,98019,94262,223,0,1,True,den520d-random-23.scen,540
540,den520d.map,planner,1,114093,94262,394,394,98696,94262,233,0,10,False,den520d-random-23.scen,540
540,den520d.map,planner,1,113542,94262,400,394,98084,94262,251,0,10,True,den520d-random-23.scen,540
540,den520d.map,planner,1,114093,94262,394,394,98696,94262,223,0,100,False,den520d-random-23.scen,540
540,den520d.map,planner,1,113701,94262,396,394,98115,94262,338,0,100,True,den520d-random-23.scen,540
540,den520d.map,planner,1,114093,94262,394,394,98696,94262,224,0,1000,False,den520d-random-23.scen,540
540,den520d.map,planner,1,112619,94262,396,394,97990,94262,340,0,1000,True,den520d-random-23.scen,540
580,den520d.map,planner,1,122631,100238,394,394,105206,100238,243,0,0,False,den520d-random-23.scen,580
580,den520d.map,planner,1,122631,100238,394,394,105206,100238,240,0,0,True,den520d-random-23.scen,580
580,den520d.map,planner,1,122631,100238,394,394,105206,100238,245,0,1,False,den520d-random-23.scen,580
580,den520d.map,planner,1,120852,100238,394,394,104333,100238,274,0,1,True,den520d-random-23.scen,580
580,den520d.map,planner,1,122631,100238,394,394,105206,100238,236,0,10,False,den520d-random-23.scen,580
580,den520d.map,planner,1,120291,100238,401,394,104441,100238,269,0,10,True,den520d-random-23.scen,580
580,den520d.map,planner,1,122631,100238,394,394,105206,100238,259,0,100,False,den520d-random-23.scen,580
580,den520d.map,planner,1,120826,100238,397,394,104423,100238,264,0,100,True,den520d-random-23.scen,580
580,den520d.map,planner,1,122631,100238,394,394,105206,100238,242,0,1000,False,den520d-random-23.scen,580
580,den520d.map,planner,1,120826,100238,397,394,104423,100238,256,0,1000,True,den520d-random-23.scen,580
620,den520d.map,planner,1,133090,107907,394,394,113791,107907,271,0,0,False,den520d-random-23.scen,620
620,den520d.map,planner,1,133090,107907,394,394,113791,107907,263,0,0,True,den520d-random-23.scen,620
620,den520d.map,planner,1,133090,107907,394,394,113791,107907,262,0,1,False,den520d-random-23.scen,620
620,den520d.map,planner,1,131591,107907,394,394,112649,107907,268,0,1,True,den520d-random-23.scen,620
620,den520d.map,planner,1,133090,107907,394,394,113791,107907,268,0,10,False,den520d-random-23.scen,620
620,den520d.map,planner,1,130700,107907,400,394,112649,107907,317,0,10,True,den520d-random-23.scen,620
620,den520d.map,planner,1,133090,107907,394,394,113791,107907,263,0,100,False,den520d-random-23.scen,620
620,den520d.map,planner,1,130488,107907,400,394,112730,107907,982,0,100,True,den520d-random-23.scen,620
620,den520d.map,planner,1,133090,107907,394,394,113791,107907,253,0,1000,False,den520d-random-23.scen,620
620,den520d.map,planner,1,130235,107907,398,394,112593,107907,1658,0,1000,True,den520d-random-23.scen,620
660,den520d.map,planner,1,141644,114184,394,394,120743,114184,275,0,0,False,den520d-random-23.scen,660
660,den520d.map,planner,1,141644,114184,394,394,120743,114184,280,0,0,True,den520d-random-23.scen,660
660,den520d.map,planner,1,141644,114184,394,394,120743,114184,265,0,1,False,den520d-random-23.scen,660
660,den520d.map,planner,1,140452,114184,394,394,119806,114184,291,0,1,True,den520d-random-23.scen,660
660,den520d.map,planner,1,141644,114184,394,394,120743,114184,258,0,10,False,den520d-random-23.scen,660
660,den520d.map,planner,1,140135,114184,394,394,119698,114184,349,0,10,True,den520d-random-23.scen,660
660,den520d.map,planner,1,141644,114184,394,394,120743,114184,267,0,100,False,den520d-random-23.scen,660
660,den520d.map,planner,1,139958,114184,403,394,119605,114184,1166,0,100,True,den520d-random-23.scen,660
660,den520d.map,planner,1,141644,114184,394,394,120743,114184,282,0,1000,False,den520d-random-23.scen,660
660,den520d.map,planner,1,139862,114184,397,394,119355,114184,2842,0,1000,True,den520d-random-23.scen,660
700,den520d.map,planner,1,150933,120972,394,394,128283,120972,286,0,0,False,den520d-random-23.scen,700
700,den520d.map,planner,1,150933,120972,394,394,128283,120972,305,0,0,True,den520d-random-23.scen,700
700,den520d.map,planner,1,150933,120972,394,394,128283,120972,284,0,1,False,den520d-random-23.scen,700
700,den520d.map,planner,1,148761,120972,394,394,127273,120972,305,0,1,True,den520d-random-23.scen,700
700,den520d.map,planner,1,150933,120972,394,394,128283,120972,298,0,10,False,den520d-random-23.scen,700
700,den520d.map,planner,1,149743,120972,394,394,127102,120972,457,0,10,True,den520d-random-23.scen,700
700,den520d.map,planner,1,150933,120972,394,394,128283,120972,303,0,100,False,den520d-random-23.scen,700
700,den520d.map,planner,1,149143,120972,394,394,127059,120972,1553,0,100,True,den520d-random-23.scen,700
700,den520d.map,planner,1,150933,120972,394,394,128283,120972,306,0,1000,False,den520d-random-23.scen,700
700,den520d.map,planner,1,148573,120972,399,394,126733,120972,5931,0,1000,True,den520d-random-23.scen,700
740,den520d.map,planner,1,160383,128064,394,394,136011,128064,307,0,0,False,den520d-random-23.scen,740
740,den520d.map,planner,1,160383,128064,394,394,136011,128064,308,0,0,True,den520d-random-23.scen,740
740,den520d.map,planner,1,160383,128064,394,394,136011,128064,305,0,1,False,den520d-random-23.scen,740
740,den520d.map,planner,1,160844,128064,394,394,135640,128064,330,0,1,True,den520d-random-23.scen,740
740,den520d.map,planner,1,160383,128064,394,394,136011,128064,306,0,10,False,den520d-random-23.scen,740
740,den520d.map,planner,1,160260,128064,394,394,135314,128064,559,0,10,True,den520d-random-23.scen,740
740,den520d.map,planner,1,160383,128064,394,394,136011,128064,314,0,100,False,den520d-random-23.scen,740
740,den520d.map,planner,1,158642,128064,394,394,134906,128064,1970,0,100,True,den520d-random-23.scen,740
740,den520d.map,planner,1,160383,128064,394,394,136011,128064,311,0,1000,False,den520d-random-23.scen,740
740,den520d.map,planner,1,158386,128064,395,394,134205,128064,6522,0,1000,True,den520d-random-23.scen,740
780,den520d.map,planner,1,171907,134821,394,394,144331,134821,323,0,0,False,den520d-random-23.scen,780
780,den520d.map,planner,1,171907,134821,394,394,144331,134821,321,0,0,True,den520d-random-23.scen,780
780,den520d.map,planner,1,171907,134821,394,394,144331,134821,326,0,1,False,den520d-random-23.scen,780
780,den520d.map,planner,1,169954,134821,394,394,143405,134821,352,0,1,True,den520d-random-23.scen,780
780,den520d.map,planner,1,171907,134821,394,394,144331,134821,326,0,10,False,den520d-random-23.scen,780
780,den520d.map,planner,1,170355,134821,394,394,142986,134821,622,0,10,True,den520d-random-23.scen,780
780,den520d.map,planner,1,171907,134821,394,394,144331,134821,329,0,100,False,den520d-random-23.scen,780
780,den520d.map,planner,1,170976,134821,394,394,143136,134821,3164,0,100,True,den520d-random-23.scen,780
780,den520d.map,planner,1,171907,134821,394,394,144331,134821,323,0,1000,False,den520d-random-23.scen,780
780,den520d.map,planner,1,169096,134821,394,394,142209,134821,18555,0,1000,True,den520d-random-23.scen,780
820,den520d.map,planner,1,181669,141409,394,394,152082,141409,345,0,0,False,den520d-random-23.scen,820
820,den520d.map,planner,1,181669,141409,394,394,152082,141409,344,0,0,True,den520d-random-23.scen,820
820,den520d.map,planner,1,181669,141409,394,394,152082,141409,353,0,1,False,den520d-random-23.scen,820
820,den520d.map,planner,1,179810,141409,394,394,150764,141409,384,0,1,True,den520d-random-23.scen,820
820,den520d.map,planner,1,181669,141409,394,394,152082,141409,341,0,10,False,den520d-random-23.scen,820
820,den520d.map,planner,1,180503,141409,394,394,150177,141409,624,0,10,True,den520d-random-23.scen,820
820,den520d.map,planner,1,181669,141409,394,394,152082,141409,328,0,100,False,den520d-random-23.scen,820
820,den520d.map,planner,1,178814,141409,394,394,149594,141409,2271,0,100,True,den520d-random-23.scen,820
820,den520d.map,planner,1,181669,141409,394,394,152082,141409,339,0,1000,False,den520d-random-23.scen,820
820,den520d.map,planner,1,179008,141409,395,394,149955,141409,18951,0,1000,True,den520d-random-23.scen,820
860,den520d.map,planner,1,190775,148148,394,394,159436,148148,347,0,0,False,den520d-random-23.scen,860
860,den520d.map,planner,1,190775,148148,394,394,159436,148148,379,0,0,True,den520d-random-23.scen,860
860,den520d.map,planner,1,190775,148148,394,394,159436,148148,352,0,1,False,den520d-random-23.scen,860
860,den520d.map,planner,1,189114,148148,394,394,157958,148148,377,0,1,True,den520d-random-23.scen,860
860,den520d.map,planner,1,190775,148148,394,394,159436,148148,352,0,10,False,den520d-random-23.scen,860
860,den520d.map,planner,1,188807,148148,394,394,158001,148148,674,0,10,True,den520d-random-23.scen,860
860,den520d.map,planner,1,190775,148148,394,394,159436,148148,371,0,100,False,den520d-random-23.scen,860
860,den520d.map,planner,1,188526,148148,394,394,157904,148148,3560,0,100,True,den520d-random-23.scen,860
860,den520d.map,planner,1,190775,148148,394,394,159436,148148,350,0,1000,False,den520d-random-23.scen,860
860,den520d.map,planner,1,188073,148148,394,394,157219,148148,23500,0,1000,True,den520d-random-23.scen,860
900,den520d.map,planner,1,201600,156260,394,394,168567,156260,382,0,0,False,den520d-random-23.scen,900
900,den520d.map,planner,1,201600,156260,394,394,168567,156260,369,0,0,True,den520d-random-23.scen,900
900,den520d.map,planner,1,201600,156260,394,394,168567,156260,362,0,1,False,den520d-random-23.scen,900
900,den520d.map,planner,1,200962,156260,394,394,167719,156260,398,0,1,True,den520d-random-23.scen,900
900,den520d.map,planner,1,201600,156260,394,394,168567,156260,370,0,10,False,den520d-random-23.scen,900
900,den520d.map,planner,1,200447,156260,400,394,166896,156260,714,0,10,True,den520d-random-23.scen,900
900,den520d.map,planner,1,201600,156260,394,394,168567,156260,376,0,100,False,den520d-random-23.scen,900
900,den520d.map,planner,1,199302,156260,394,394,166566,156260,3421,0,100,True,den520d-random-23.scen,900
900,den520d.map,planner,1,201600,156260,394,394,168567,156260,379,0,1000,False,den520d-random-23.scen,900
900,den520d.map,planner,1,199685,156260,396,394,166053,156260,22136,0,1000,True,den520d-random-23.scen,900
940,den520d.map,planner,1,214928,163680,402,394,177189,163680,389,0,0,False,den520d-random-23.scen,940
940,den520d.map,planner,1,214928,163680,402,394,177189,163680,414,0,0,True,den520d-random-23.scen,940
940,den520d.map,planner,1,214928,163680,402,394,177189,163680,399,0,1,False,den520d-random-23.scen,940
940,den520d.map,planner,1,213422,163680,398,394,175998,163680,415,0,1,True,den520d-random-23.scen,940
940,den520d.map,planner,1,214928,163680,402,394,177189,163680,397,0,10,False,den520d-random-23.scen,940
940,den520d.map,planner,1,212023,163680,405,394,176094,163680,773,0,10,True,den520d-random-23.scen,940
940,den520d.map,planner,1,214928,163680,402,394,177189,163680,394,0,100,False,den520d-random-23.scen,940
940,den520d.map,planner,1,212342,163680,401,394,176015,163680,4042,0,100,True,den520d-random-23.scen,940
940,den520d.map,planner,1,214928,163680,402,394,177189,163680,400,0,1000,False,den520d-random-23.scen,940
940,den520d.map,planner,1,211205,163680,394,394,175094,163680,31492,0,1000,True,den520d-random-23.scen,940
980,den520d.map,planner,1,224872,170452,397,394,185324,170452,443,0,0,False,den520d-random-23.scen,980
980,den520d.map,planner,1,224872,170452,397,394,185324,170452,431,0,0,True,den520d-random-23.scen,980
980,den520d.map,planner,1,224872,170452,397,394,185324,170452,401,0,1,False,den520d-random-23.scen,980
980,den520d.map,planner,1,224699,170452,402,394,184251,170452,488,0,1,True,den520d-random-23.scen,980
980,den520d.map,planner,1,224872,170452,397,394,185324,170452,444,0,10,False,den520d-random-23.scen,980
980,den520d.map,planner,1,224128,170452,413,394,184099,170452,838,0,10,True,den520d-random-23.scen,980
980,den520d.map,planner,1,224872,170452,397,394,185324,170452,427,0,100,False,den520d-random-23.scen,980
980,den520d.map,planner,1,223647,170452,399,394,183547,170452,4125,0,100,True,den520d-random-23.scen,980
980,den520d.map,planner,1,224872,170452,397,394,185324,170452,415,0,1000,False,den520d-random-23.scen,980
980,den520d.map,planner,1,224308,170452,406,394,183439,170452,35857,0,1000,True,den520d-random-23.scen,980
20,den520d.map,planner,1,3783,3780,392,392,3783,3780,10,0,0,False,den520d-random-7.scen,20
20,den520d.map,planner,1,3783,3780,392,392,3783,3780,9,0,0,True,den520d-random-7.scen,20
20,den520d.map,planner,1,3783,3780,392,392,3783,3780,12,0,1,False,den520d-random-7.scen,20
20,den520d.map,planner,1,3783,3780,392,392,3783,3780,8,0,1,True,den520d-random-7.scen,20
20,den520d.map,planner,1,3783,3780,392,392,3783,3780,10,0,10,False,den520d-random-7.scen,20
20,den520d.map,planner,1,3783,3780,392,392,3783,3780,7,0,10,True,den520d-random-7.scen,20
20,den520d.map,planner,1,3783,3780,392,392,3783,3780,8,0,100,False,den520d-random-7.scen,20
20,den520d.map,planner,1,3783,3780,392,392,3783,3780,8,0,100,True,den520d-random-7.scen,20
20,den520d.map,planner,1,3783,3780,392,392,3783,3780,7,0,1000,False,den520d-random-7.scen,20
20,den520d.map,planner,1,3783,3780,392,392,3783,3780,8,0,1000,True,den520d-random-7.scen,20
60,den520d.map,planner,1,12025,11530,392,392,11614,11530,22,0,0,False,den520d-random-7.scen,60
60,den520d.map,planner,1,12025,11530,392,392,11614,11530,23,0,0,True,den520d-random-7.scen,60
60,den520d.map,planner,1,12025,11530,392,392,11614,11530,24,0,1,False,den520d-random-7.scen,60
60,den520d.map,planner,1,12025,11530,392,392,11614,11530,23,0,1,True,den520d-random-7.scen,60
60,den520d.map,planner,1,12025,11530,392,392,11614,11530,22,0,10,False,den520d-random-7.scen,60
60,den520d.map,planner,1,12025,11530,392,392,11614,11530,25,0,10,True,den520d-random-7.scen,60
60,den520d.map,planner,1,12025,11530,392,392,11614,11530,24,0,100,False,den520d-random-7.scen,60
60,den520d.map,planner,1,12025,11530,392,392,11614,11530,28,0,100,True,den520d-random-7.scen,60
60,den520d.map,planner,1,12025,11530,392,392,11614,11530,22,0,1000,False,den520d-random-7.scen,60
60,den520d.map,planner,1,12025,11530,392,392,11614,11530,21,0,1000,True,den520d-random-7.scen,60
100,den520d.map,planner,1,18385,17719,392,392,17812,17719,39,0,0,False,den520d-random-7.scen,100
100,den520d.map,planner,1,18385,17719,392,392,17812,17719,38,0,0,True,den520d-random-7.scen,100
100,den520d.map,planner,1,18385,17719,392,392,17812,17719,38,0,1,False,den520d-random-7.scen,100
100,den520d.map,planner,1,18385,17719,392,392,17812,17719,35,0,1,True,den520d-random-7.scen,100
100,den520d.map,planner,1,18385,17719,392,392,17812,17719,38,0,10,False,den520d-random-7.scen,100
100,den520d.map,planner,1,18385,17719,392,392,17812,17719,33,0,10,True,den520d-random-7.scen,100
100,den520d.map,planner,1,18385,17719,392,392,17812,17719,37,0,100,False,den520d-random-7.scen,100
100,den520d.map,planner,1,18385,17719,392,392,17812,17719,39,0,100,True,den520d-random-7.scen,100
100,den520d.map,planner,1,18385,17719,392,392,17812,17719,38,0,1000,False,den520d-random-7.scen,100
100,den520d.map,planner,1,18385,17719,392,392,17812,17719,40,0,1000,True,den520d-random-7.scen,100
140,den520d.map,planner,1,26391,24258,392,392,24510,24258,53,0,0,False,den520d-random-7.scen,140
140,den520d.map,planner,1,26391,24258,392,392,24510,24258,51,0,0,True,den520d-random-7.scen,140
140,den520d.map,planner,1,26391,24258,392,392,24510,24258,53,0,1,False,den520d-random-7.scen,140
140,den520d.map,planner,1,26147,24258,392,392,24513,24258,56,0,1,True,den520d-random-7.scen,140
140,den520d.map,planner,1,26391,24258,392,392,24510,24258,55,0,10,False,den520d-random-7.scen,140
140,den520d.map,planner,1,26147,24258,392,392,24513,24258,50,0,10,True,den520d-random-7.scen,140
140,den520d.map,planner,1,26391,24258,392,392,24510,24258,53,0,100,False,den520d-random-7.scen,140
140,den520d.map,planner,1,26147,24258,392,392,24513,24258,50,0,100,True,den520d-random-7.scen,140
140,den520d.map,planner,1,26391,24258,392,392,24510,24258,56,0,1000,False,den520d-random-7.scen,140
140,den520d.map,planner,1,26147,24258,392,392,24513,24258,51,0,1000,True,den520d-random-7.scen,140
180,den520d.map,planner,1,35342,30771,392,392,31293,30771,66,0,0,False,den520d-random-7.scen,180
180,den520d.map,planner,1,35342,30771,392,392,31293,30771,65,0,0,True,den520d-random-7.scen,180
180,den520d.map,planner,1,35342,30771,392,392,31293,30771,70,0,1,False,den520d-random-7.scen,180
180,den520d.map,planner,1,35467,30771,392,392,31230,30771,68,0,1,True,den520d-random-7.scen,180
180,den520d.map,planner,1,35342,30771,392,392,31293,30771,69,0,10,False,den520d-random-7.scen,180
180,den520d.map,planner,1,35467,30771,392,392,31230,30771,66,0,10,True,den520d-random-7.scen,180
180,den520d.map,planner,1,35342,30771,392,392,31293,30771,73,0,100,False,den520d-random-7.scen,180
180,den520d.map,planner,1,35467,30771,392,392,31230,30771,70,0,100,True,den520d-random-7.scen,180
180,den520d.map,planner,1,35342,30771,392,392,31293,30771,71,0,1000,False,den520d-random-7.scen,180
180,den520d.map,planner,1,35467,30771,392,392,31230,30771,67,0,1000,True,den520d-random-7.scen,180
220,den520d.map,planner,1,43263,37752,392,392,38466,37752,80,0,0,False,den520d-random-7.scen,220
220,den520d.map,planner,1,43263,37752,392,392,38466,37752,85,0,0,True,den520d-random-7.scen,220
220,den520d.map,planner,1,43263,37752,392,392,38466,37752,91,0,1,False,den520d-random-7.scen,220
220,den520d.map,planner,1,43592,37752,392,392,38434,37752,89,0,1,True,den520d-random-7.scen,220
220,den520d.map,planner,1,43263,37752,392,392,38466,37752,83,0,10,False,den520d-random-7.scen,220
220,den520d.map,planner,1,43592,37752,392,392,38434,37752,84,0,10,True,den520d-random-7.scen,220
220,den520d.map,planner,1,43263,37752,392,392,38466,37752,80,0,100,False,den520d-random-7.scen,220
220,den520d.map,planner,1,43592,37752,392,392,38434,37752,83,0,100,True,den520d-random-7.scen,220
220,den520d.map,planner,1,43263,37752,392,392,38466,37752,80,0,1000,False,den520d-random-7.scen,220
220,den520d.map,planner,1,43592,37752,392,392,38434,37752,81,0,1000,True,den520d-random-7.scen,220
260,den520d.map,planner,1,51926,44480,392,392,45694,44480,106,0,0,False,den520d-random-7.scen,260
260,den520d.map,planner,1,51926,44480,392,392,45694,44480,99,0,0,True,den520d-random-7.scen,260
260,den520d.map,planner,1,51926,44480,392,392,45694,44480,100,0,1,False,den520d-random-7.scen,260
260,den520d.map,planner,1,51653,44480,392,392,45545,44480,105,0,1,True,den520d-random-7.scen,260
260,den520d.map,planner,1,51926,44480,392,392,45694,44480,102,0,10,False,den520d-random-7.scen,260
260,den520d.map,planner,1,51653,44480,392,392,45545,44480,94,0,10,True,den520d-random-7.scen,260
260,den520d.map,planner,1,51926,44480,392,392,45694,44480,104,0,100,False,den520d-random-7.scen,260
260,den520d.map,planner,1,51653,44480,392,392,45545,44480,106,0,100,True,den520d-random-7.scen,260
260,den520d.map,planner,1,51926,44480,392,392,45694,44480,98,0,1000,False,den520d-random-7.scen,260
260,den520d.map,planner,1,51653,44480,392,392,45545,44480,99,0,1000,True,den520d-random-7.scen,260
300,den520d.map,planner,1,61759,51893,392,392,53537,51893,125,0,0,False,den520d-random-7.scen,300
300,den520d.map,planner,1,61759,51893,392,392,53537,51893,121,0,0,True,den520d-random-7.scen,300
300,den520d.map,planner,1,61759,51893,392,392,53537,51893,117,0,1,False,den520d-random-7.scen,300
300,den520d.map,planner,1,60804,51893,392,392,53242,51893,127,0,1,True,den520d-random-7.scen,300
300,den520d.map,planner,1,61759,51893,392,392,53537,51893,120,0,10,False,den520d-random-7.scen,300
300,den520d.map,planner,1,60804,51893,392,392,53242,51893,120,0,10,True,den520d-random-7.scen,300
300,den520d.map,planner,1,61759,51893,392,392,53537,51893,115,0,100,False,den520d-random-7.scen,300
300,den520d.map,planner,1,60804,51893,392,392,53242,51893,126,0,100,True,den520d-random-7.scen,300
300,den520d.map,planner,1,61759,51893,392,392,53537,51893,120,0,1000,False,den520d-random-7.scen,300
300,den520d.map,planner,1,60804,51893,392,392,53242,51893,111,0,1000,True,den520d-random-7.scen,300
340,den520d.map,planner,1,71954,59703,392,392,61788,59703,145,0,0,False,den520d-random-7.scen,340
340,den520d.map,planner,1,71954,59703,392,392,61788,59703,133,0,0,True,den520d-random-7.scen,340
340,den520d.map,planner,1,71954,59703,392,392,61788,59703,139,0,1,False,den520d-random-7.scen,340
340,den520d.map,planner,1,71144,59703,392,392,61493,59703,138,0,1,True,den520d-random-7.scen,340
340,den520d.map,planner,1,71954,59703,392,392,61788,59703,138,0,10,False,den520d-random-7.scen,340
340,den520d.map,planner,1,71144,59703,392,392,61493,59703,137,0,10,True,den520d-random-7.scen,340
340,den520d.map,planner,1,71954,59703,392,392,61788,59703,141,0,100,False,den520d-random-7.scen,340
340,den520d.map,planner,1,71144,59703,392,392,61493,59703,142,0,100,True,den520d-random-7.scen,340
340,den520d.map,planner,1,71954,59703,392,392,61788,59703,140,0,1000,False,den520d-random-7.scen,340
340,den520d.map,planner,1,71144,59703,392,392,61493,59703,130,0,1000,True,den520d-random-7.scen,340
380,den520d.map,planner,1,80461,67278,392,392,69788,67278,159,0,0,False,den520d-random-7.scen,380
380,den520d.map,planner,1,80461,67278,392,392,69788,67278,154,0,0,True,den520d-random-7.scen,380
380,den520d.map,planner,1,80461,67278,392,392,69788,67278,160,0,1,False,den520d-random-7.scen,380
380,den520d.map,planner,1,80120,67278,392,392,69390,67278,167,0,1,True,den520d-random-7.scen,380
380,den520d.map,planner,1,80461,67278,392,392,69788,67278,161,0,10,False,den520d-random-7.scen,380
380,den520d.map,planner,1,80103,67278,392,392,69448,67278,165,0,10,True,den520d-random-7.scen,380
380,den520d.map,planner,1,80461,67278,392,392,69788,67278,151,0,100,False,den520d-random-7.scen,380
380,den520d.map,planner,1,79757,67278,392,392,69427,67278,160,0,100,True,den520d-random-7.scen,380
380,den520d.map,planner,1,80461,67278,392,392,69788,67278,155,0,1000,False,den520d-random-7.scen,380
380,den520d.map,planner,1,79757,67278,392,392,69427,67278,166,0,1000,True,den520d-random-7.scen,380
420,den520d.map,planner,1,88884,73551,392,392,76402,73551,176,0,0,False,den520d-random-7.scen,420
420,den520d.map,planner,1,88884,73551,392,392,76402,73551,176,0,0,True,den520d-random-7.scen,420
420,den520d.map,planner,1,88884,73551,392,392,76402,73551,181,0,1,False,den520d-random-7.scen,420
420,den520d.map,planner,1,89710,73551,392,392,76186,73551,182,0,1,True,den520d-random-7.scen,420
420,den520d.map,planner,1,88884,73551,392,392,76402,73551,177,0,10,False,den520d-random-7.scen,420
420,den520d.map,planner,1,89796,73551,392,392,76215,73551,177,0,10,True,den520d-random-7.scen,420
420,den520d.map,planner,1,88884,73551,392,392,76402,73551,177,0,100,False,den520d-random-7.scen,420
420,den520d.map,planner,1,89407,73551,392,392,76200,73551,188,0,100,True,den520d-random-7.scen,420
420,den520d.map,planner,1,88884,73551,392,392,76402,73551,176,0,1000,False,den520d-random-7.scen,420
420,den520d.map,planner,1,89407,73551,392,392,76200,73551,192,0,1000,True,den520d-random-7.scen,420
460,den520d.map,planner,1,100186,81328,392,392,84883,81328,192,0,0,False,den520d-random-7.scen,460
460,den520d.map,planner,1,100186,81328,392,392,84883,81328,187,0,0,True,den520d-random-7.scen,460
460,den520d.map,planner,1,100186,81328,392,392,84883,81328,190,0,1,False,den520d-random-7.scen,460
460,den520d.map,planner,1,98560,81328,392,392,84437,81328,203,0,1,True,den520d-random-7.scen,460
460,den520d.map,planner,1,100186,81328,392,392,84883,81328,190,0,10,False,den520d-random-7.scen,460
460,den520d.map,planner,1,98574,81328,392,392,84474,81328,196,0,10,True,den520d-random-7.scen,460
460,den520d.map,planner,1,100186,81328,392,392,84883,81328,200,0,100,False,den520d-random-7.scen,460
460,den520d.map,planner,1,100054,81328,392,392,84515,81328,274,0,100,True,den520d-random-7.scen,460
460,den520d.map,planner,1,100186,81328,392,392,84883,81328,201,0,1000,False,den520d-random-7.scen,460
460,den520d.map,planner,1,98618,81328,392,392,84443,81328,274,0,1000,True,den520d-random-7.scen,460
500,den520d.map,planner,1,108972,87773,392,392,92025,87773,207,0,0,False,den520d-random-7.scen,500
500,den520d.map,planner,1,108972,87773,392,392,92025,87773,207,0,0,True,den520d-random-7.scen,500
500,den520d.map,planner,1,108972,87773,392,392,92025,87773,213,0,1,False,den520d-random-7.scen,500
500,den520d.map,planner,1,107932,87773,392,392,91351,87773,212,0,1,True,den520d-random-7.scen,500
500,den520d.map,planner,1,108972,87773,392,392,92025,87773,216,0,10,False,den520d-random-7.scen,500
500,den520d.map,planner,1,107023,87773,392,392,91426,87773,242,0,10,True,den520d-random-7.scen,500
500,den520d.map,planner,1,108972,87773,392,392,92025,87773,208,0,100,False,den520d-random-7.scen,500
500,den520d.map,planner,1,107310,87773,392,392,91307,87773,451,0,100,True,den520d-random-7.scen,500
500,den520d.map,planner,1,108972,87773,392,392,92025,87773,206,0,1000,False,den520d-random-7.scen,500
500,den520d.map,planner,1,106885,87773,392,392,91246,87773,360,0,1000,True,den520d-random-7.scen,500
540,den520d.map,planner,1,117128,93416,392,392,97943,93416,240,0,0,False,den520d-random-7.scen,540
540,den520d.map,planner,1,117128,93416,392,392,97943,93416,222,0,0,True,den520d-random-7.scen,540
540,den520d.map,planner,1,117128,93416,392,392,97943,93416,218,0,1,False,den520d-random-7.scen,540
540,den520d.map,planner,1,116157,93416,392,392,97620,93416,245,0,1,True,den520d-random-7.scen,540
540,den520d.map,planner,1,117128,93416,392,392,97943,93416,222,0,10,False,den520d-random-7.scen,540
540,den520d.map,planner,1,116757,93416,392,392,97514,93416,251,0,10,True,den520d-random-7.scen,540
540,den520d.map,planner,1,117128,93416,392,392,97943,93416,234,0,100,False,den520d-random-7.scen,540
540,den520d.map,planner,1,115706,93416,392,392,97486,93416,741,0,100,True,den520d-random-7.scen,540
540,den520d.map,planner,1,117128,93416,392,392,97943,93416,227,0,1000,False,den520d-random-7.scen,540
540,den520d.map,planner,1,115548,93416,392,392,97463,93416,901,0,1000,True,den520d-random-7.scen,540
580,den520d.map,planner,1,126718,100439,392,392,106218,100439,244,0,0,False,den520d-random-7.scen,580
580,den520d.map,planner,1,126718,100439,392,392,106218,100439,237,0,0,True,den520d-random-7.scen,580
580,den520d.map,planner,1,126718,100439,392,392,106218,100439,255,0,1,False,den520d-random-7.scen,580
580,den520d.map,planner,1,125065,100439,392,392,105071,100439,252,0,1,True,den520d-random-7.scen,580
580,den520d.map,planner,1,126718,100439,392,392,106218,100439,245,0,10,False,den520d-random-7.scen,580
580,den520d.map,planner,1,125450,100439,392,392,105123,100439,340,0,10,True,den520d-random-7.scen,580
580,den520d.map,planner,1,126718,100439,392,392,106218,100439,239,0,100,False,den520d-random-7.scen,580
580,den520d.map,planner,1,126530,100439,392,392,105147,100439,755,0,100,True,den520d-random-7.scen,580
580,den520d.map,planner,1,126718,100439,392,392,106218,100439,252,0,1000,False,den520d-random-7.scen,580
580,den520d.map,planner,1,125111,100439,392,392,105035,100439,886,0,1000,True,den520d-random-7.scen,580
620,den520d.map,planner,1,135976,107660,392,392,113502,107660,250,0,0,False,den520d-random-7.scen,620
620,den520d.map,planner,1,135976,107660,392,392,113502,107660,265,0,0,True,den520d-random-7.scen,620
620,den520d.map,planner,1,135976,107660,392,392,113502,107660,253,0,1,False,den520d-random-7.scen,620
620,den520d.map,planner,1,136464,107660,392,392,113523,107660,275,0,1,True,den520d-random-7.scen,620
620,den520d.map,planner,1,135976,107660,392,392,113502,107660,257,0,10,False,den520d-random-7.scen,620
620,den520d.map,planner,1,136007,107660,392,392,113137,107660,397,0,10,True,den520d-random-7.scen,620
620,den520d.map,planner,1,135976,107660,392,392,113502,107660,255,0,100,False,den520d-random-7.scen,620
620,den520d.map,planner,1,136193,107660,392,392,112884,107660,1381,0,100,True,den520d-random-7.scen,620
620,den520d.map,planner,1,135976,107660,392,392,113502,107660,261,0,1000,False,den520d-random-7.scen,620
620,den520d.map,planner,1,134127,107660,392,392,112641,107660,7804,0,1000,True,den520d-random-7.scen,620
660,den520d.map,planner,1,147367,115213,392,392,122451,115213,277,0,0,False,den520d-random-7.scen,660
660,den520d.map,planner,1,147367,115213,392,392,122451,115213,276,0,0,True,den520d-random-7.scen,660
660,den520d.map,planner,1,147367,115213,392,392,122451,115213,281,0,1,False,den520d-random-7.scen,660
660,den520d.map,planner,1,146035,115213,394,392,121807,115213,310,0,1,True,den520d-random-7.scen,660
660,den520d.map,planner,1,147367,115213,392,392,122451,115213,282,0,10,False,den520d-random-7.scen,660
660,den520d.map,planner,1,147214,115213,392,392,121591,115213,538,0,10,True,den520d-random-7.scen,660
660,den520d.map,planner,1,147367,115213,392,392,122451,115213,275,0,100,False,den520d-random-7.scen,660
660,den520d.map,planner,1,145577,115213,392,392,121226,115213,2053,0,100,True,den520d-random-7.scen,660
660,den520d.map,planner,1,147367,115213,392,392,122451,115213,274,0,1000,False,den520d-random-7.scen,660
660,den520d.map,planner,1,145606,115213,395,392,121173,115213,14808,0,1000,True,den520d-random-7.scen,660
700,den520d.map,planner,1,158678,121910,430,430,129908,121910,295,0,0,False,den520d-random-7.scen,700
700,den520d.map,planner,1,158678,121910,430,430,129908,121910,286,0,0,True,den520d-random-7.scen,700
700,den520d.map,planner,1,158678,121910,430,430,129908,121910,308,0,1,False,den520d-random-7.scen,700
700,den520d.map,planner,1,155506,121910,430,430,129157,121910,331,0,1,True,den520d-random-7.scen,700
700,den520d.map,planner,1,158678,121910,430,430,129908,121910,299,0,10,False,den520d-random-7.scen,700
700,den520d.map,planner,1,156710,121910,430,430,128834,121910,540,0,10,True,den520d-random-7.scen,700
700,den520d.map,planner,1,158678,121910,430,430,129908,121910,305,0,100,False,den520d-random-7.scen,700
700,den520d.map,planner,1,157340,121910,430,430,128913,121910,2301,0,100,True,den520d-random-7.scen,700
700,den520d.map,planner,1,158678,121910,430,430,129908,121910,301,0,1000,False,den520d-random-7.scen,700
700,den520d.map,planner,1,155189,121910,430,430,128679,121910,14470,0,1000,True,den520d-random-7.scen,700
740,den520d.map,planner,1,169227,129160,430,430,137875,129160,317,0,0,False,den520d-random-7.scen,740
740,den520d.map,planner,1,169227,129160,430,430,137875,129160,311,0,0,True,den520d-random-7.scen,740
740,den520d.map,planner,1,169227,129160,430,430,137875,129160,314,0,1,False,den520d-random-7.scen,740
740,den520d.map,planner,1,167253,129160,430,430,137216,129160,345,0,1,True,den520d-random-7.scen,740
740,den520d.map,planner,1,169227,129160,430,430,137875,129160,317,0,10,False,den520d-random-7.scen,740
740,den520d.map,planner,1,167328,129160,433,430,137073,129160,578,0,10,True,den520d-random-7.scen,740
740,den520d.map,planner,1,169227,129160,430,430,137875,129160,328,0,100,False,den520d-random-7.scen,740
740,den520d.map,planner,1,167133,129160,434,430,137201,129160,3049,0,100,True,den520d-random-7.scen,740
740,den520d.map,planner,1,169227,129160,430,430,137875,129160,307,0,1000,False,den520d-random-7.scen,740
740,den520d.map,planner,1,167157,129160,432,430,137666,129160,29820,0,1000,True,den520d-random-7.scen,740
780,den520d.map,planner,1,178237,135952,430,430,145705,135952,338,0,0,False,den520d-random-7.scen,780
780,den520d.map,planner,1,178237,135952,430,430,145705,135952,335,0,0,True,den520d-random-7.scen,780
780,den520d.map,planner,1,178237,135952,430,430,145705,135952,331,0,1,False,den520d-random-7.scen,780
780,den520d.map,planner,1,176514,135952,430,430,144818,135952,373,0,1,True,den520d-random-7.scen,780
780,den520d.map,planner,1,178237,135952,430,430,145705,135952,324,0,10,False,den520d-random-7.scen,780
780,den520d.map,planner,1,178389,135952,432,430,145037,135952,680,0,10,True,den520d-random-7.scen,780
780,den520d.map,planner,1,178237,135952,430,430,145705,135952,346,0,100,False,den520d-random-7.scen,780
780,den520d.map,planner,1,177692,135952,430,430,144780,135952,3350,0,100,True,den520d-random-7.scen,780
780,den520d.map,planner,1,178237,135952,430,430,145705,135952,338,0,1000,False,den520d-random-7.scen,780
780,den520d.map,planner,1,176889,135952,433,430,144426,135952,25835,0,1000,True,den520d-random-7.scen,780
820,den520d.map,planner,1,188062,141810,432,430,152351,141810,355,0,0,False,den520d-random-7.scen,820
820,den520d.map,planner,1,188062,141810,432,430,152351,141810,347,0,0,True,den520d-random-7.scen,820
820,den520d.map,planner,1,188062,141810,432,430,152351,141810,353,0,1,False,den520d-random-7.scen,820
820,den520d.map,planner,1,186686,141810,432,430,151822,141810,384,0,1,True,den520d-random-7.scen,820
820,den520d.map,planner,1,188062,141810,432,430,152351,141810,355,0,10,False,den520d-random-7.scen,820
820,den520d.map,planner,1,188829,141810,430,430,151523,141810,674,0,10,True,den520d-random-7.scen,820
820,den520d.map,planner,1,188062,141810,432,430,152351,141810,351,0,100,False,den520d-random-7.scen,820
820,den520d.map,planner,1,187461,141810,431,430,151201,141810,3664,0,100,True,den520d-random-7.scen,820
820,den520d.map,planner,1,188062,141810,432,430,152351,141810,350,0,1000,False,den520d-random-7.scen,820
820,den520d.map,planner,1,186122,141810,430,430,151146,141810,27221,0,1000,True,den520d-random-7.scen,820
860,den520d.map,planner,1,202690,149949,430,430,162468,149949,370,0,0,False,den520d-random-7.scen,860
860,den520d.map,planner,1,202690,149949,430,430,162468,149949,359,0,0,True,den520d-random-7.scen,860
860,den520d.map,planner,1,202690,149949,430,430,162468,149949,360,0,1,False,den520d-random-7.scen,860
860,den520d.map,planner,1,201172,149949,432,430,161696,149949,416,0,1,True,den520d-random-7.scen,860
860,den520d.map,planner,1,202690,149949,430,430,162468,149949,384,0,10,False,den520d-random-7.scen,860
860,den520d.map,planner,1,200085,149949,430,430,161289,149949,755,0,10,True,den520d-random-7.scen,860
860,den520d.map,planner,1,202690,149949,430,430,162468,149949,397,0,100,False,den520d-random-7.scen,860
860,den520d.map,planner,1,198789,149949,431,430,160525,149949,3616,0,100,True,den520d-random-7.scen,860
860,den520d.map,planner,1,202690,149949,430,430,162468,149949,377,0,1000,False,den520d-random-7.scen,860
860,den520d.map,planner,1,198805,149949,432,430,160552,149949,34774,0,1000,True,den520d-random-7.scen,860
900,den520d.map,planner,1,214117,157129,432,430,170056,157129,418,0,0,False,den520d-random-7.scen,900
900,den520d.map,planner,1,214117,157129,432,430,170056,157129,396,0,0,True,den520d-random-7.scen,900
900,den520d.map,planner,1,214117,157129,432,430,170056,157129,398,0,1,False,den520d-random-7.scen,900
900,den520d.map,planner,1,209754,157129,430,430,169404,157129,454,0,1,True,den520d-random-7.scen,900
900,den520d.map,planner,1,214117,157129,432,430,170056,157129,412,0,10,False,den520d-random-7.scen,900
900,den520d.map,planner,1,211296,157129,430,430,169071,157129,795,0,10,True,den520d-random-7.scen,900
900,den520d.map,planner,1,214117,157129,432,430,170056,157129,393,0,100,False,den520d-random-7.scen,900
900,den520d.map,planner,1,211021,157129,432,430,169758,157129,4234,0,100,True,den520d-random-7.scen,900
900,den520d.map,planner,1,214117,157129,432,430,170056,157129,394,0,1000,False,den520d-random-7.scen,900
900,den520d.map,planner,1,209408,157129,431,430,168987,157129,36218,0,1000,True,den520d-random-7.scen,900
940,den520d.map,planner,1,222667,163828,430,430,178231,163828,411,0,0,False,den520d-random-7.scen,940
940,den520d.map,planner,1,222667,163828,430,430,178231,163828,430,0,0,True,den520d-random-7.scen,940
940,den520d.map,planner,1,222667,163828,430,430,178231,163828,400,0,1,False,den520d-random-7.scen,940
940,den520d.map,planner,1,219844,163828,430,430,176670,163828,456,0,1,True,den520d-random-7.scen,940
940,den520d.map,planner,1,222667,163828,430,430,178231,163828,397,0,10,False,den520d-random-7.scen,940
940,den520d.map,planner,1,220965,163828,430,430,177125,163828,846,0,10,True,den520d-random-7.scen,940
940,den520d.map,planner,1,222667,163828,430,430,178231,163828,412,0,100,False,den520d-random-7.scen,940
940,den520d.map,planner,1,220373,163828,431,430,176740,163828,4175,0,100,True,den520d-random-7.scen,940
940,den520d.map,planner,1,222667,163828,430,430,178231,163828,429,0,1000,False,den520d-random-7.scen,940
940,den520d.map,planner,1,217720,163828,432,430,176211,163828,33927,0,1000,True,den520d-random-7.scen,940
980,den520d.map,planner,1,236240,171541,430,430,187752,171541,412,0,0,False,den520d-random-7.scen,980
980,den520d.map,planner,1,236240,171541,430,430,187752,171541,419,0,0,True,den520d-random-7.scen,980
980,den520d.map,planner,1,236240,171541,430,430,187752,171541,400,0,1,False,den520d-random-7.scen,980
980,den520d.map,planner,1,234937,171541,432,430,187363,171541,481,0,1,True,den520d-random-7.scen,980
980,den520d.map,planner,1,236240,171541,430,430,187752,171541,409,0,10,False,den520d-random-7.scen,980
980,den520d.map,planner,1,233610,171541,431,430,186555,171541,932,0,10,True,den520d-random-7.scen,980
980,den520d.map,planner,1,236240,171541,430,430,187752,171541,410,0,100,False,den520d-random-7.scen,980
980,den520d.map,planner,1,233418,171541,432,430,185999,171541,5027,0,100,True,den520d-random-7.scen,980
980,den520d.map,planner,1,236240,171541,430,430,187752,171541,438,0,1000,False,den520d-random-7.scen,980
980,den520d.map,planner,1,232237,171541,432,430,185402,171541,40750,0,1000,True,den520d-random-7.scen,980
20,den520d.map,planner,1,3544,3384,330,330,3389,3384,8,0,0,False,den520d-random-9.scen,20
20,den520d.map,planner,1,3544,3384,330,330,3389,3384,8,0,0,True,den520d-random-9.scen,20
20,den520d.map,planner,1,3544,3384,330,330,3389,3384,7,0,1,False,den520d-random-9.scen,20
20,den520d.map,planner,1,3544,3384,330,330,3389,3384,7,0,1,True,den520d-random-9.scen,20
20,den520d.map,planner,1,3544,3384,330,330,3389,3384,7,0,10,False,den520d-random-9.scen,20
20,den520d.map,planner,1,3544,3384,330,330,3389,3384,9,0,10,True,den520d-random-9.scen,20
20,den520d.map,planner,1,3544,3384,330,330,3389,3384,7,0,100,False,den520d-random-9.scen,20
20,den520d.map,planner,1,3544,3384,330,330,3389,3384,7,0,100,True,den520d-random-9.scen,20
20,den520d.map,planner,1,3544,3384,330,330,3389,3384,7,0,1000,False,den520d-random-9.scen,20
20,den520d.map,planner,1,3544,3384,330,330,3389,3384,6,0,1000,True,den520d-random-9.scen,20
60,den520d.map,planner,1,9288,9057,359,359,9083,9057,18,0,0,False,den520d-random-9.scen,60
60,den520d.map,planner,1,9288,9057,359,359,9083,9057,20,0,0,True,den520d-random-9.scen,60
60,den520d.map,planner,1,9288,9057,359,359,9083,9057,19,0,1,False,den520d-random-9.scen,60
60,den520d.map,planner,1,9288,9057,359,359,9083,9057,20,0,1,True,den520d-random-9.scen,60
60,den520d.map,planner,1,9288,9057,359,359,9083,9057,18,0,10,False,den520d-random-9.scen,60
60,den520d.map,planner,1,9288,9057,359,359,9083,9057,19,0,10,True,den520d-random-9.scen,60
60,den520d.map,planner,1,9288,9057,359,359,9083,9057,18,0,100,False,den520d-random-9.scen,60
60,den520d.map,planner,1,9288,9057,359,359,9083,9057,22,0,100,True,den520d-random-9.scen,60
60,den520d.map,planner,1,9288,9057,359,359,9083,9057,19,0,1000,False,den520d-random-9.scen,60
60,den520d.map,planner,1,9288,9057,359,359,9083,9057,20,0,1000,True,den520d-random-9.scen,60
100,den520d.map,planner,1,15378,14694,359,359,14788,14694,30,0,0,False,den520d-random-9.scen,100
100,den520d.map,planner,1,15378,14694,359,359,14788,14694,32,0,0,True,den520d-random-9.scen,100
100,den520d.map,planner,1,15378,14694,359,359,14788,14694,31,0,1,False,den520d-random-9.scen,100
100,den520d.map,planner,1,15378,14694,359,359,14788,14694,30,0,1,True,den520d-random-9.scen,100
100,den520d.map,planner,1,15378,14694,359,359,14788,14694,31,0,10,False,den520d-random-9.scen,100
100,den520d.map,planner,1,15378,14694,359,359,14788,14694,31,0,10,True,den520d-random-9.scen,100
100,den520d.map,planner,1,15378,14694,359,359,14788,14694,36,0,100,False,den520d-random-9.scen,100
100,den520d.map,planner,1,15378,14694,359,359,14788,14694,32,0,100,True,den520d-random-9.scen,100
100,den520d.map,planner,1,15378,14694,359,359,14788,14694,31,0,1000,False,den520d-random-9.scen,100
100,den520d.map,planner,1,15378,14694,359,359,14788,14694,31,0,1000,True,den520d-random-9.scen,100
140,den520d.map,planner,1,22699,21369,359,359,21554,21369,47,0,0,False,den520d-random-9.scen,140
140,den520d.map,planner,1,22699,21369,359,359,21554,21369,46,0,0,True,den520d-random-9.scen,140
140,den520d.map,planner,1,22699,21369,359,359,21554,21369,48,0,1,False,den520d-random-9.scen,140
140,den520d.map,planner,1,23017,21369,359,359,21536,21369,50,0,1,True,den520d-random-9.scen,140
140,den520d.map,planner,1,22699,21369,359,359,21554,21369,49,0,10,False,den520d-random-9.scen,140
140,den520d.map,planner,1,23017,21369,359,359,21536,21369,46,0,10,True,den520d-random-9.scen,140
140,den520d.map,planner,1,22699,21369,359,359,21554,21369,45,0,100,False,den520d-random-9.scen,140
140,den520d.map,planner,1,23017,21369,359,359,21536,21369,45,0,100,True,den520d-random-9.scen,140
140,den520d.map,planner,1,22699,21369,359,359,21554,21369,45,0,1000,False,den520d-random-9.scen,140
140,den520d.map,planner,1,23017,21369,359,359,21536,21369,44,0,1000,True,den520d-random-9.scen,140
180,den520d.map,planner,1,30090,27381,359,359,27674,27381,57,0,0,False,den520d-random-9.scen,180
180,den520d.map,planner,1,30090,27381,359,359,27674,27381,59,0,0,True,den520d-random-9.scen,180
180,den520d.map,planner,1,30090,27381,359,359,27674,27381,64,0,1,False,den520d-random-9.scen,180
180,den520d.map,planner,1,30421,27381,359,359,27658,27381,56,0,1,True,den520d-random-9.scen,180
180,den520d.map,planner,1,30090,27381,359,359,27674,27381,60,0,10,False,den520d-random-9.scen,180
180,den520d.map,planner,1,30421,27381,359,359,27658,27381,65,0,10,True,den520d-random-9.scen,180
180,den520d.map,planner,1,30090,27381,359,359,27674,27381,62,0,100,False,den520d-random-9.scen,180
180,den520d.map,planner,1,30421,27381,359,359,27658,27381,63,0,100,True,den520d-random-9.scen,180
180,den520d.map,planner,1,30090,27381,359,359,27674,27381,57,0,1000,False,den520d-random-9.scen,180
180,den520d.map,planner,1,30421,27381,359,359,27658,27381,63,0,1000,True,den520d-random-9.scen,180
220,den520d.map,planner,1,38204,34438,364,364,34943,34438,75,0,0,False,den520d-random-9.scen,220
220,den520d.map,planner,1,38204,34438,364,364,34943,34438,69,0,0,True,den520d-random-9.scen,220
220,den520d.map,planner,1,38204,34438,364,364,34943,34438,76,0,1,False,den520d-random-9.scen,220
220,den520d.map,planner,1,37839,34438,364,364,35005,34438,77,0,1,True,den520d-random-9.scen,220
220,den520d.map,planner,1,38204,34438,364,364,34943,34438,76,0,10,False,den520d-random-9.scen,220
220,den520d.map,planner,1,37839,34438,364,364,35005,34438,75,0,10,True,den520d-random-9.scen,220
220,den520d.map,planner,1,38204,34438,364,364,34943,34438,73,0,100,False,den520d-random-9.scen,220
220,den520d.map,planner,1,37839,34438,364,364,35005,34438,74,0,100,True,den520d-random-9.scen,220
220,den520d.map,planner,1,38204,34438,364,364,34943,34438,75,0,1000,False,den520d-random-9.scen,220
220,den520d.map,planner,1,37839,34438,364,364,35005,34438,71,0,1000,True,den520d-random-9.scen,220
260,den520d.map,planner,1,46100,41155,399,399,41999,41155,103,0,0,False,den520d-random-9.scen,260
260,den520d.map,planner,1,46100,41155,399,399,41999,41155,91,0,0,True,den520d-random-9.scen,260
260,den520d.map,planner,1,46100,41155,399,399,41999,41155,91,0,1,False,den520d-random-9.scen,260
260,den520d.map,planner,1,46832,41155,401,399,41993,41155,93,0,1,True,den520d-random-9.scen,260
260,den520d.map,planner,1,46100,41155,399,399,41999,41155,112,0,10,False,den520d-random-9.scen,260
260,den520d.map,planner,1,46832,41155,401,399,41993,41155,90,0,10,True,den520d-random-9.scen,260
260,den520d.map,planner,1,46100,41155,399,399,41999,41155,95,0,100,False,den520d-random-9.scen,260
260,den520d.map,planner,1,46832,41155,401,399,41993,41155,94,0,100,True,den520d-random-9.scen,260
260,den520d.map,planner,1,46100,41155,399,399,41999,41155,92,0,1000,False,den520d-random-9.scen,260
260,den520d.map,planner,1,46832,41155,401,399,41993,41155,94,0,1000,True,den520d-random-9.scen,260
300,den520d.map,planner,1,56232,48653,399,399,49828,48653,113,0,0,False,den520d-random-9.scen,300
300,den520d.map,planner,1,56232,48653,399,399,49828,48653,113,0,0,True,den520d-random-9.scen,300
300,den520d.map,planner,1,56232,48653,399,399,49828,48653,114,0,1,False,den520d-random-9.scen,300
300,den520d.map,planner,1,55987,48653,399,399,49843,48653,111,0,1,True,den520d-random-9.scen,300
300,den520d.map,planner,1,56232,48653,399,399,49828,48653,113,0,10,False,den520d-random-9.scen,300
300,den520d.map,planner,1,55987,48653,399,399,49843,48653,109,0,10,True,den520d-random-9.scen,300
300,den520d.map,planner,1,56232,48653,399,399,49828,48653,108,0,100,False,den520d-random-9.scen,300
300,den520d.map,planner,1,55987,48653,399,399,49843,48653,105,0,100,True,den520d-random-9.scen,300
300,den520d.map,planner,1,56232,48653,399,399,49828,48653,106,0,1000,False,den520d-random-9.scen,300
300,den520d.map,planner,1,55987,48653,399,399,49843,48653,109,0,1000,True,den520d-random-9.scen,300
340,den520d.map,planner,1,65077,54926,399,399,56491,54926,122,0,0,False,den520d-random-9.scen,340
340,den520d.map,planner,1,65077,54926,399,399,56491,54926,130,0,0,True,den520d-random-9.scen,340
340,den520d.map,planner,1,65077,54926,399,399,56491,54926,127,0,1,False,den520d-random-9.scen,340
340,den520d.map,planner,1,64019,54926,399,399,56233,54926,128,0,1,True,den520d-random-9.scen,340
340,den520d.map,planner,1,65077,54926,399,399,56491,54926,129,0,10,False,den520d-random-9.scen,340
340,den520d.map,planner,1,64019,54926,399,399,56233,54926,124,0,10,True,den520d-random-9.scen,340
340,den520d.map,planner,1,65077,54926,399,399,56491,54926,128,0,100,False,den520d-random-9.scen,340
340,den520d.map,planner,1,64019,54926,399,399,56233,54926,134,0,100,True,den520d-random-9.scen,340
340,den520d.map,planner,1,65077,54926,399,399,56491,54926,123,0,1000,False,den520d-random-9.scen,340
340,den520d.map,planner,1,64019,54926,399,399,56233,54926,133,0,1000,True,den520d-random-9.scen,340
380,den520d.map,planner,1,73948,62756,399,399,64783,62756,142,0,0,False,den520d-random-9.scen,380
380,den520d.map,planner,1,73948,62756,399,399,64783,62756,145,0,0,True,den520d-random-9.scen,380
380,den520d.map,planner,1,73948,62756,399,399,64783,62756,138,0,1,False,den520d-random-9.scen,380
380,den520d.map,planner,1,74261,62756,399,399,64695,62756,145,0,1,True,den520d-random-9.scen,380
380,den520d.map,planner,1,73948,62756,399,399,64783,62756,155,0,10,False,den520d-random-9.scen,380
380,den520d.map,planner,1,74127,62756,399,399,64646,62756,149,0,10,True,den520d-random-9.scen,380
380,den520d.map,planner,1,73948,62756,399,399,64783,62756,148,0,100,False,den520d-random-9.scen,380
380,den520d.map,planner,1,74127,62756,399,399,64646,62756,145,0,100,True,den520d-random-9.scen,380
380,den520d.map,planner,1,73948,62756,399,399,64783,62756,139,0,1000,False,den520d-random-9.scen,380
380,den520d.map,planner,1,74127,62756,399,399,64646,62756,145,0,1000,True,den520d-random-9.scen,380
420,den520d.map,planner,1,81441,69114,399,399,71499,69114,162,0,0,False,den520d-random-9.scen,420
420,den520d.map,planner,1,81441,69114,399,399,71499,69114,161,0,0,True,den520d-random-9.scen,420
420,den520d.map,planner,1,81441,69114,399,399,71499,69114,162,0,1,False,den520d-random-9.scen,420
420,den520d.map,planner,1,81153,69114,399,399,71261,69114,175,0,1,True,den520d-random-9.scen,420
420,den520d.map,planner,1,81441,69114,399,399,71499,69114,162,0,10,False,den520d-random-9.scen,420
420,den520d.map,planner,1,81139,69114,401,399,71253,69114,180,0,10,True,den520d-random-9.scen,420
420,den520d.map,planner,1,81441,69114,399,399,71499,69114,158,0,100,False,den520d-random-9.scen,420
420,den520d.map,planner,1,81139,69114,401,399,71253,69114,157,0,100,True,den520d-random-9.scen,420
420,den520d.map,planner,1,81441,69114,399,399,71499,69114,153,0,1000,False,den520d-random-9.scen,420
420,den520d.map,planner,1,81139,69114,401,399,71253,69114,160,0,1000,True,den520d-random-9.scen,420
460,den520d.map,planner,1,91758,76945,401,401,80018,76945,178,0,0,False,den520d-random-9.scen,460
460,den520d.map,planner,1,91758,76945,401,401,80018,76945,181,0,0,True,den520d-random-9.scen,460
460,den520d.map,planner,1,91758,76945,401,401,80018,76945,175,0,1,False,den520d-random-9.scen,460
460,den520d.map,planner,1,92108,76945,403,401,79723,76945,182,0,1,True,den520d-random-9.scen,460
460,den520d.map,planner,1,91758,76945,401,401,80018,76945,186,0,10,False,den520d-random-9.scen,460
460,den520d.map,planner,1,92677,76945,401,401,79684,76945,184,0,10,True,den520d-random-9.scen,460
460,den520d.map,planner,1,91758,76945,401,401,80018,76945,167,0,100,False,den520d-random-9.scen,460
460,den520d.map,planner,1,92677,76945,401,401,79684,76945,176,0,100,True,den520d-random-9.scen,460
460,den520d.map,planner,1,91758,76945,401,401,80018,76945,179,0,1000,False,den520d-random-9.scen,460
460,den520d.map,planner,1,92677,76945,401,401,79684,76945,192,0,1000,True,den520d-random-9.scen,460
500,den520d.map,planner,1,100756,83540,401,401,86876,83540,210,0,0,False,den520d-random-9.scen,500
500,den520d.map,planner,1,100756,83540,401,401,86876,83540,196,0,0,True,den520d-random-9.scen,500
500,den520d.map,planner,1,100756,83540,401,401,86876,83540,197,0,1,False,den520d-random-9.scen,500
500,den520d.map,planner,1,99267,83540,402,401,86500,83540,209,0,1,True,den520d-random-9.scen,500
500,den520d.map,planner,1,100756,83540,401,401,86876,83540,197,0,10,False,den520d-random-9.scen,500
500,den520d.map,planner,1,98903,83540,401,401,86429,83540,208,0,10,True,den520d-random-9.scen,500
500,den520d.map,planner,1,100756,83540,401,401,86876,83540,187,0,100,False,den520d-random-9.scen,500
500,den520d.map,planner,1,98249,83540,404,401,86533,83540,220,0,100,True,den520d-random-9.scen,500
500,den520d.map,planner,1,100756,83540,401,401,86876,83540,189,0,1000,False,den520d-random-9.scen,500
500,den520d.map,planner,1,98249,83540,404,401,86533,83540,238,0,1000,True,den520d-random-9.scen,500
540,den520d.map,planner,1,110306,90986,401,401,95152,90986,226,0,0,False,den520d-random-9.scen,540
540,den520d.map,planner,1,110306,90986,401,401,95152,90986,229,0,0,True,den520d-random-9.scen,540
540,den520d.map,planner,1,110306,90986,401,401,95152,90986,220,0,1,False,den520d-random-9.scen,540
540,den520d.map,planner,1,109359,90986,402,401,94561,90986,224,0,1,True,den520d-random-9.scen,540
540,den520d.map,planner,1,110306,90986,401,401,95152,90986,214,0,10,False,den520d-random-9.scen,540
540,den520d.map,planner,1,108515,90986,403,401,94484,90986,229,0,10,True,den520d-random-9.scen,540
540,den520d.map,planner,1,110306,90986,401,401,95152,90986,219,0,100,False,den520d-random-9.scen,540
540,den520d.map,planner,1,109043,90986,401,401,94537,90986,292,0,100,True,den520d-random-9.scen,540
540,den520d.map,planner,1,110306,90986,401,401,95152,90986,225,0,1000,False,den520d-random-9.scen,540
540,den520d.map,planner,1,110061,90986,401,401,94611,90986,299,0,1000,True,den520d-random-9.scen,540
580,den520d.map,planner,1,120549,98511,401,401,103364,98511,247,0,0,False,den520d-random-9.scen,580
580,den520d.map,planner,1,120549,98511,401,401,103364,98511,234,0,0,True,den520d-random-9.scen,580
580,den520d.map,planner,1,120549,98511,401,401,103364,98511,232,0,1,False,den520d-random-9.scen,580
580,den520d.map,planner,1,119057,98511,401,401,102494,98511,233,0,1,True,den520d-random-9.scen,580
580,den520d.map,planner,1,120549,98511,401,401,103364,98511,230,0,10,False,den520d-random-9.scen,580
580,den520d.map,planner,1,120126,98511,401,401,102513,98511,279,0,10,True,den520d-random-9.scen,580
580,den520d.map,planner,1,120549,98511,401,401,103364,98511,226,0,100,False,den520d-random-9.scen,580
580,den520d.map,planner,1,119487,98511,403,401,102343,98511,277,0,100,True,den520d-random-9.scen,580
580,den520d.map,planner,1,120549,98511,401,401,103364,98511,254,0,1000,False,den520d-random-9.scen,580
580,den520d.map,planner,1,119487,98511,403,401,102343,98511,280,0,1000,True,den520d-random-9.scen,580
620,den520d.map,planner,1,131085,105828,401,401,111253,105828,244,0,0,False,den520d-random-9.scen,620
620,den520d.map,planner,1,131085,105828,401,401,111253,105828,255,0,0,True,den520d-random-9.scen,620
620,den520d.map,planner,1,131085,105828,401,401,111253,105828,238,0,1,False,den520d-random-9.scen,620
620,den520d.map,planner,1,130135,105828,401,401,110409,105828,266,0,1,True,den520d-random-9.scen,620
620,den520d.map,planner,1,131085,105828,401,401,111253,105828,268,0,10,False,den520d-random-9.scen,620
620,den520d.map,planner,1,129857,105828,401,401,110051,105828,287,0,10,True,den520d-random-9.scen,620
620,den520d.map,planner,1,131085,105828,401,401,111253,105828,263,0,100,False,den520d-random-9.scen,620
620,den520d.map,planner,1,130382,105828,401,401,110234,105828,560,0,100,True,den520d-random-9.scen,620
620,den520d.map,planner,1,131085,105828,401,401,111253,105828,248,0,1000,False,den520d-random-9.scen,620
620,den520d.map,planner,1,129534,105828,401,401,110138,105828,1409,0,1000,True,den520d-random-9.scen,620
660,den520d.map,planner,1,138641,112316,401,401,118257,112316,276,0,0,False,den520d-random-9.scen,660
660,den520d.map,planner,1,138641,112316,401,401,118257,112316,284,0,0,True,den520d-random-9.scen,660
660,den520d.map,planner,1,138641,112316,401,401,118257,112316,275,0,1,False,den520d-random-9.scen,660
660,den520d.map,planner,1,138400,112316,401,401,117352,112316,273,0,1,True,den520d-random-9.scen,660
660,den520d.map,planner,1,138641,112316,401,401,118257,112316,264,0,10,False,den520d-random-9.scen,660
660,den520d.map,planner,1,137449,112316,401,401,117238,112316,309,0,10,True,den520d-random-9.scen,660
660,den520d.map,planner,1,138641,112316,401,401,118257,112316,275,0,100,False,den520d-random-9.scen,660
660,den520d.map,planner,1,137801,112316,402,401,117096,112316,458,0,100,True,den520d-random-9.scen,660
660,den520d.map,planner,1,138641,112316,401,401,118257,112316,265,0,1000,False,den520d-random-9.scen,660
660,den520d.map,planner,1,137662,112316,402,401,117072,112316,1372,0,1000,True,den520d-random-9.scen,660
700,den520d.map,planner,1,150269,119610,401,401,126369,119610,282,0,0,False,den520d-random-9.scen,700
700,den520d.map,planner,1,150269,119610,401,401,126369,119610,292,0,0,True,den520d-random-9.scen,700
700,den520d.map,planner,1,150269,119610,401,401,126369,119610,277,0,1,False,den520d-random-9.scen,700
700,den520d.map,planner,1,148762,119610,401,401,125567,119610,308,0,1,True,den520d-random-9.scen,700
700,den520d.map,planner,1,150269,119610,401,401,126369,119610,271,0,10,False,den520d-random-9.scen,700
700,den520d.map,planner,1,149323,119610,401,401,125304,119610,421,0,10,True,den520d-random-9.scen,700
700,den520d.map,planner,1,150269,119610,401,401,126369,119610,286,0,100,False,den520d-random-9.scen,700
700,den520d.map,planner,1,148983,119610,401,401,125081,119610,671,0,100,True,den520d-random-9.scen,700
700,den520d.map,planner,1,150269,119610,401,401,126369,119610,293,0,1000,False,den520d-random-9.scen,700
700,den520d.map,planner,1,149042,119610,401,401,125203,119610,1814,0,1000,True,den520d-random-9.scen,700
740,den520d.map,planner,1,159578,127079,401,401,134668,127079,313,0,0,False,den520d-random-9.scen,740
740,den520d.map,planner,1,159578,127079,401,401,134668,127079,307,0,0,True,den520d-random-9.scen,740
740,den520d.map,planner,1,159578,127079,401,401,134668,127079,308,0,1,False,den520d-random-9.scen,740
740,den520d.map,planner,1,159419,127079,401,401,133625,127079,341,0,1,True,den520d-random-9.scen,740
740,den520d.map,planner,1,159578,127079,401,401,134668,127079,313,0,10,False,den520d-random-9.scen,740
740,den520d.map,planner,1,158743,127079,402,401,133420,127079,489,0,10,True,den520d-random-9.scen,740
740,den520d.map,planner,1,159578,127079,401,401,134668,127079,296,0,100,False,den520d-random-9.scen,740
740,den520d.map,planner,1,157376,127079,403,401,133146,127079,1232,0,100,True,den520d-random-9.scen,740
740,den520d.map,planner,1,159578,127079,401,401,134668,127079,312,0,1000,False,den520d-random-9.scen,740
740,den520d.map,planner,1,158885,127079,407,401,133284,127079,8457,0,1000,True,den520d-random-9.scen,740
780,den520d.map,planner,1,170787,134981,401,401,143383,134981,334,0,0,False,den520d-random-9.scen,780
780,den520d.map,planner,1,170787,134981,401,401,143383,134981,325,0,0,True,den520d-random-9.scen,780
780,den520d.map,planner,1,170787,134981,401,401,143383,134981,327,0,1,False,den520d-random-9.scen,780
780,den520d.map,planner,1,170004,134981,401,401,142691,134981,332,0,1,True,den520d-random-9.scen,780
780,den520d.map,planner,1,170787,134981,401,401,143383,134981,321,0,10,False,den520d-random-9.scen,780
780,den520d.map,planner,1,168911,134981,402,401,142358,134981,504,0,10,True,den520d-random-9.scen,780
780,den520d.map,planner,1,170787,134981,401,401,143383,134981,337,0,100,False,den520d-random-9.scen,780
780,den520d.map,planner,1,170255,134981,401,401,142112,134981,1740,0,100,True,den520d-random-9.scen,780
780,den520d.map,planner,1,170787,134981,401,401,143383,134981,335,0,1000,False,den520d-random-9.scen,780
780,den520d.map,planner,1,169574,134981,403,401,141807,134981,9878,0,1000,True,den520d-random-9.scen,780
820,den520d.map,planner,1,180506,141563,403,401,151567,141563,349,0,0,False,den520d-random-9.scen,820
820,den520d.map,planner,1,180506,141563,403,401,151567,141563,358,0,0,True,den520d-random-9.scen,820
820,den520d.map,planner,1,180506,141563,403,401,151567,141563,351,0,1,False,den520d-random-9.scen,820
820,den520d.map,planner,1,178219,141563,404,401,149889,141563,362,0,1,True,den520d-random-9.scen,820
820,den520d.map,planner,1,180506,141563,403,401,151567,141563,346,0,10,False,den520d-random-9.scen,820
820,den520d.map,planner,1,178556,141563,403,401,149650,141563,597,0,10,True,den520d-random-9.scen,820
820,den520d.map,planner,1,180506,141563,403,401,151567,141563,353,0,100,False,den520d-random-9.scen,820
820,den520d.map,planner,1,179960,141563,401,401,149577,141563,2507,0,100,True,den520d-random-9.scen,820
820,den520d.map,planner,1,180506,141563,403,401,151567,141563,334,0,1000,False,den520d-random-9.scen,820
820,den520d.map,planner,1,178034,141563,401,401,149013,141563,8600,0,1000,True,den520d-random-9.scen,820
860,den520d.map,planner,1,189767,148862,401,401,159311,148862,381,0,0,False,den520d-random-9.scen,860
860,den520d.map,planner,1,189767,148862,401,401,159311,148862,389,0,0,True,den520d-random-9.scen,860
860,den520d.map,planner,1,189767,148862,401,401,159311,148862,371,0,1,False,den520d-random-9.scen,860
860,den520d.map,planner,1,190186,148862,401,401,158628,148862,412,0,1,True,den520d-random-9.scen,860
860,den520d.map,planner,1,189767,148862,401,401,159311,148862,360,0,10,False,den520d-random-9.scen,860
860,den520d.map,planner,1,189512,148862,405,401,158574,148862,685,0,10,True,den520d-random-9.scen,860
860,den520d.map,planner,1,189767,148862,401,401,159311,148862,383,0,100,False,den520d-random-9.scen,860
860,den520d.map,planner,1,190017,148862,405,401,158060,148862,2793,0,100,True,den520d-random-9.scen,860
860,den520d.map,planner,1,189767,148862,401,401,159311,148862,385,0,1000,False,den520d-random-9.scen,860
860,den520d.map,planner,1,187771,148862,401,401,157268,148862,18470,0,1000,True,den520d-random-9.scen,860
900,den520d.map,planner,1,202444,155401,419,419,166906,155401,393,0,0,False,den520d-random-9.scen,900
900,den520d.map,planner,1,202444,155401,419,419,166906,155401,389,0,0,True,den520d-random-9.scen,900
900,den520d.map,planner,1,202444,155401,419,419,166906,155401,379,0,1,False,den520d-random-9.scen,900
900,den520d.map,planner,1,199499,155401,419,419,165864,155401,445,0,1,True,den520d-random-9.scen,900
900,den520d.map,planner,1,202444,155401,419,419,166906,155401,390,0,10,False,den520d-random-9.scen,900
900,den520d.map,planner,1,198766,155401,420,419,165526,155401,665,0,10,True,den520d-random-9.scen,900
900,den520d.map,planner,1,202444,155401,419,419,166906,155401,370,0,100,False,den520d-random-9.scen,900
900,den520d.map,planner,1,199375,155401,419,419,165410,155401,2946,0,100,True,den520d-random-9.scen,900
900,den520d.map,planner,1,202444,155401,419,419,166906,155401,383,0,1000,False,den520d-random-9.scen,900
900,den520d.map,planner,1,198196,155401,419,419,164830,155401,16739,0,1000,True,den520d-random-9.scen,900
940,den520d.map,planner,1,214513,162858,419,419,175097,162858,413,0,0,False,den520d-random-9.scen,940
940,den520d.map,planner,1,214513,162858,419,419,175097,162858,397,0,0,True,den520d-random-9.scen,940
940,den520d.map,planner,1,214513,162858,419,419,175097,162858,401,0,1,False,den520d-random-9.scen,940
940,den520d.map,planner,1,212230,162858,419,419,174370,162858,445,0,1,True,den520d-random-9.scen,940
940,den520d.map,planner,1,214513,162858,419,419,175097,162858,425,0,10,False,den520d-random-9.scen,940
940,den520d.map,planner,1,212404,162858,419,419,174308,162858,703,0,10,True,den520d-random-9.scen,940
940,den520d.map,planner,1,214513,162858,419,419,175097,162858,415,0,100,False,den520d-random-9.scen,940
940,den520d.map,planner,1,211224,162858,419,419,173307,162858,3010,0,100,True,den520d-random-9.scen,940
940,den520d.map,planner,1,214513,162858,419,419,175097,162858,407,0,1000,False,den520d-random-9.scen,940
940,den520d.map,planner,1,210783,162858,419,419,173344,162858,27849,0,1000,True,den520d-random-9.scen,940
980,den520d.map,planner,1,224962,170103,419,419,184038,170103,414,0,0,False,den520d-random-9.scen,980
980,den520d.map,planner,1,224962,170103,419,419,184038,170103,437,0,0,True,den520d-random-9.scen,980
980,den520d.map,planner,1,224962,170103,419,419,184038,170103,413,0,1,False,den520d-random-9.scen,980
980,den520d.map,planner,1,222361,170103,422,419,182391,170103,474,0,1,True,den520d-random-9.scen,980
980,den520d.map,planner,1,224962,170103,419,419,184038,170103,404,0,10,False,den520d-random-9.scen,980
980,den520d.map,planner,1,221941,170103,419,419,182256,170103,750,0,10,True,den520d-random-9.scen,980
980,den520d.map,planner,1,224962,170103,419,419,184038,170103,432,0,100,False,den520d-random-9.scen,980
980,den520d.map,planner,1,222113,170103,420,419,181917,170103,3529,0,100,True,den520d-random-9.scen,980
980,den520d.map,planner,1,224962,170103,419,419,184038,170103,420,0,1000,False,den520d-random-9.scen,980
980,den520d.map,planner,1,222761,170103,419,419,182125,170103,31352,0,1000,True,den520d-random-9.scen,980
20,den520d.map,planner,1,4201,4194,341,341,4201,4194,9,0,0,False,den520d-random-4.scen,20
20,den520d.map,planner,1,4201,4194,341,341,4201,4194,12,0,0,True,den520d-random-4.scen,20
20,den520d.map,planner,1,4201,4194,341,341,4201,4194,8,0,1,False,den520d-random-4.scen,20
20,den520d.map,planner,1,4201,4194,341,341,4201,4194,8,0,1,True,den520d-random-4.scen,20
20,den520d.map,planner,1,4201,4194,341,341,4201,4194,8,0,10,False,den520d-random-4.scen,20
20,den520d.map,planner,1,4201,4194,341,341,4201,4194,8,0,10,True,den520d-random-4.scen,20
20,den520d.map,planner,1,4201,4194,341,341,4201,4194,8,0,100,False,den520d-random-4.scen,20
20,den520d.map,planner,1,4201,4194,341,341,4201,4194,8,0,100,True,den520d-random-4.scen,20
20,den520d.map,planner,1,4201,4194,341,341,4201,4194,8,0,1000,False,den520d-random-4.scen,20
20,den520d.map,planner,1,4201,4194,341,341,4201,4194,8,0,1000,True,den520d-random-4.scen,20
60,den520d.map,planner,1,10950,10455,341,341,10526,10455,22,0,0,False,den520d-random-4.scen,60
60,den520d.map,planner,1,10950,10455,341,341,10526,10455,25,0,0,True,den520d-random-4.scen,60
60,den520d.map,planner,1,10950,10455,341,341,10526,10455,22,0,1,False,den520d-random-4.scen,60
60,den520d.map,planner,1,10950,10455,341,341,10526,10455,22,0,1,True,den520d-random-4.scen,60
60,den520d.map,planner,1,10950,10455,341,341,10526,10455,25,0,10,False,den520d-random-4.scen,60
60,den520d.map,planner,1,10950,10455,341,341,10526,10455,21,0,10,True,den520d-random-4.scen,60
60,den520d.map,planner,1,10950,10455,341,341,10526,10455,20,0,100,False,den520d-random-4.scen,60
60,den520d.map,planner,1,10950,10455,341,341,10526,10455,24,0,100,True,den520d-random-4.scen,60
60,den520d.map,planner,1,10950,10455,341,341,10526,10455,23,0,1000,False,den520d-random-4.scen,60
60,den520d.map,planner,1,10950,10455,341,341,10526,10455,22,0,1000,True,den520d-random-4.scen,60
100,den520d.map,planner,1,18066,16820,367,367,17057,16820,37,0,0,False,den520d-random-4.scen,100
100,den520d.map,planner,1,18066,16820,367,367,17057,16820,36,0,0,True,den520d-random-4.scen,100
100,den520d.map,planner,1,18066,16820,367,367,17057,16820,36,0,1,False,den520d-random-4.scen,100
100,den520d.map,planner,1,18348,16820,367,367,17041,16820,36,0,1,True,den520d-random-4.scen,100
100,den520d.map,planner,1,18066,16820,367,367,17057,16820,37,0,10,False,den520d-random-4.scen,100
100,den520d.map,planner,1,18348,16820,367,367,17041,16820,40,0,10,True,den520d-random-4.scen,100
100,den520d.map,planner,1,18066,16820,367,367,17057,16820,35,0,100,False,den520d-random-4.scen,100
100,den520d.map,planner,1,18348,16820,367,367,17041,16820,37,0,100,True,den520d-random-4.scen,100
100,den520d.map,planner,1,18066,16820,367,367,17057,16820,40,0,1000,False,den520d-random-4.scen,100
100,den520d.map,planner,1,18348,16820,367,367,17041,16820,36,0,1000,True,den520d-random-4.scen,100
140,den520d.map,planner,1,25516,23047,367,367,23442,23047,57,0,0,False,den520d-random-4.scen,140
140,den520d.map,planner,1,25516,23047,367,367,23442,23047,54,0,0,True,den520d-random-4.scen,140
140,den520d.map,planner,1,25516,23047,367,367,23442,23047,52,0,1,False,den520d-random-4.scen,140
140,den520d.map,planner,1,25480,23047,367,367,23367,23047,53,0,1,True,den520d-random-4.scen,140
140,den520d.map,planner,1,25516,23047,367,367,23442,23047,52,0,10,False,den520d-random-4.scen,140
140,den520d.map,planner,1,25480,23047,367,367,23367,23047,55,0,10,True,den520d-random-4.scen,140
140,den520d.map,planner,1,25516,23047,367,367,23442,23047,47,0,100,False,den520d-random-4.scen,140
140,den520d.map,planner,1,25480,23047,367,367,23367,23047,51,0,100,True,den520d-random-4.scen,140
140,den520d.map,planner,1,25516,23047,367,367,23442,23047,49,0,1000,False,den520d-random-4.scen,140
140,den520d.map,planner,1,25480,23047,367,367,23367,23047,53,0,1000,True,den520d-random-4.scen,140
180,den520d.map,planner,1,32271,29230,367,367,29770,29230,66,0,0,False,den520d-random-4.scen,180
180,den520d.map,planner,1,32271,29230,367,367,29770,29230,65,0,0,True,den520d-random-4.scen,180
180,den520d.map,planner,1,32271,29230,367,367,29770,29230,60,0,1,False,den520d-random-4.scen,180
180,den520d.map,planner,1,32349,29230,367,367,29759,29230,68,0,1,True,den520d-random-4.scen,180
180,den520d.map,planner,1,32271,29230,367,367,29770,29230,58,0,10,False,den520d-random-4.scen,180
180,den520d.map,planner,1,32349,29230,367,367,29759,29230,63,0,10,True,den520d-random-4.scen,180
180,den520d.map,planner,1,32271,29230,367,367,29770,29230,66,0,100,False,den520d-random-4.scen,180
180,den520d.map,planner,1,32349,29230,367,367,29759,29230,63,0,100,True,den520d-random-4.scen,180
180,den520d.map,planner,1,32271,29230,367,367,29770,29230,60,0,1000,False,den520d-random-4.scen,180
180,den520d.map,planner,1,32349,29230,367,367,29759,29230,62,0,1000,True,den520d-random-4.scen,180
220,den520d.map,planner,1,40575,36146,411,411,36804,36146,89,0,0,False,den520d-random-4.scen,220
220,den520d.map,planner,1,40575,36146,411,411,36804,36146,81,0,0,True,den520d-random-4.scen,220
220,den520d.map,planner,1,40575,36146,411,411,36804,36146,81,0,1,False,den520d-random-4.scen,220
220,den520d.map,planner,1,40807,36146,415,411,36881,36146,80,0,1,True,den520d-random-4.scen,220
220,den520d.map,planner,1,40575,36146,411,411,36804,36146,78,0,10,False,den520d-random-4.scen,220
220,den520d.map,planner,1,40807,36146,415,411,36881,36146,82,0,10,True,den520d-random-4.scen,220
220,den520d.map,planner,1,40575,36146,411,411,36804,36146,76,0,100,False,den520d-random-4.scen,220
220,den520d.map,planner,1,40807,36146,415,411,36881,36146,86,0,100,True,den520d-random-4.scen,220
220,den520d.map,planner,1,40575,36146,411,411,36804,36146,81,0,1000,False,den520d-random-4.scen,220
220,den520d.map,planner,1,40807,36146,415,411,36881,36146,77,0,1000,True,den520d-random-4.scen,220
260,den520d.map,planner,1,48494,42651,411,411,43677,42651,102,0,0,False,den520d-random-4.scen,260
260,den520d.map,planner,1,48494,42651,411,411,43677,42651,108,0,0,True,den520d-random-4.scen,260
260,den520d.map,planner,1,48494,42651,411,411,43677,42651,94,0,1,False,den520d-random-4.scen,260
260,den520d.map,planner,1,48260,42651,411,411,43576,42651,98,0,1,True,den520d-random-4.scen,260
260,den520d.map,planner,1,48494,42651,411,411,43677,42651,100,0,10,False,den520d-random-4.scen,260
260,den520d.map,planner,1,48260,42651,411,411,43576,42651,105,0,10,True,den520d-random-4.scen,260
260,den520d.map,planner,1,48494,42651,411,411,43677,42651,94,0,100,False,den520d-random-4.scen,260
260,den520d.map,planner,1,48260,42651,411,411,43576,42651,95,0,100,True,den520d-random-4.scen,260
260,den520d.map,planner,1,48494,42651,411,411,43677,42651,100,0,1000,False,den520d-random-4.scen,260
260,den520d.map,planner,1,48260,42651,411,411,43576,42651,104,0,1000,True,den520d-random-4.scen,260
300,den520d.map,planner,1,57477,50267,411,411,51530,50267,121,0,0,False,den520d-random-4.scen,300
300,den520d.map,planner,1,57477,50267,411,411,51530,50267,112,0,0,True,den520d-random-4.scen,300
300,den520d.map,planner,1,57477,50267,411,411,51530,50267,116,0,1,False,den520d-random-4.scen,300
300,den520d.map,planner,1,57249,50267,411,411,51513,50267,117,0,1,True,den520d-random-4.scen,300
300,den520d.map,planner,1,57477,50267,411,411,51530,50267,114,0,10,False,den520d-random-4.scen,300
300,den520d.map,planner,1,57249,50267,411,411,51513,50267,124,0,10,True,den520d-random-4.scen,300
300,den520d.map,planner,1,57477,50267,411,411,51530,50267,115,0,100,False,den520d-random-4.scen,300
300,den520d.map,planner,1,57249,50267,411,411,51513,50267,118,0,100,True,den520d-random-4.scen,300
300,den520d.map,planner,1,57477,50267,411,411,51530,50267,115,0,1000,False,den520d-random-4.scen,300
300,den520d.map,planner,1,57249,50267,411,411,51513,50267,120,0,1000,True,den520d-random-4.scen,300
340,den520d.map,planner,1,66963,57329,411,411,59088,57329,128,0,0,False,den520d-random-4.scen,340
340,den520d.map,planner,1,66963,57329,411,411,59088,57329,129,0,0,True,den520d-random-4.scen,340
340,den520d.map,planner,1,66963,57329,411,411,59088,57329,132,0,1,False,den520d-random-4.scen,340
340,den520d.map,planner,1,65464,57329,411,411,58803,57329,132,0,1,True,den520d-random-4.scen,340
340,den520d.map,planner,1,66963,57329,411,411,59088,57329,140,0,10,False,den520d-random-4.scen,340
340,den520d.map,planner,1,66184,57329,411,411,58917,57329,130,0,10,True,den520d-random-4.scen,340
340,den520d.map,planner,1,66963,57329,411,411,59088,57329,127,0,100,False,den520d-random-4.scen,340
340,den520d.map,planner,1,66184,57329,411,411,58917,57329,127,0,100,True,den520d-random-4.scen,340
340,den520d.map,planner,1,66963,57329,411,411,59088,57329,129,0,1000,False,den520d-random-4.scen,340
340,den520d.map,planner,1,66184,57329,411,411,58917,57329,137,0,1000,True,den520d-random-4.scen,340
380,den520d.map,planner,1,74743,64230,411,411,66288,64230,139,0,0,False,den520d-random-4.scen,380
380,den520d.map,planner,1,74743,64230,411,411,66288,64230,160,0,0,True,den520d-random-4.scen,380
380,den520d.map,planner,1,74743,64230,411,411,66288,64230,144,0,1,False,den520d-random-4.scen,380
380,den520d.map,planner,1,75451,64230,411,411,66061,64230,143,0,1,True,den520d-random-4.scen,380
380,den520d.map,planner,1,74743,64230,411,411,66288,64230,153,0,10,False,den520d-random-4.scen,380
380,den520d.map,planner,1,74450,64230,411,411,65972,64230,165,0,10,True,den520d-random-4.scen,380
380,den520d.map,planner,1,74743,64230,411,411,66288,64230,142,0,100,False,den520d-random-4.scen,380
380,den520d.map,planner,1,74022,64230,411,411,66056,64230,161,0,100,True,den520d-random-4.scen,380
380,den520d.map,planner,1,74743,64230,411,411,66288,64230,146,0,1000,False,den520d-random-4.scen,380
380,den520d.map,planner,1,74022,64230,411,411,66056,64230,158,0,1000,True,den520d-random-4.scen,380
420,den520d.map,planner,1,83106,70979,411,411,73319,70979,160,0,0,False,den520d-random-4.scen,420
420,den520d.map,planner,1,83106,70979,411,411,73319,70979,164,0,0,True,den520d-random-4.scen,420
420,den520d.map,planner,1,83106,70979,411,411,73319,70979,156,0,1,False,den520d-random-4.scen,420
420,den520d.map,planner,1,83142,70979,411,411,73130,70979,170,0,1,True,den520d-random-4.scen,420
420,den520d.map,planner,1,83106,70979,411,411,73319,70979,168,0,10,False,den520d-random-4.scen,420
420,den520d.map,planner,1,82809,70979,411,411,73112,70979,169,0,10,True,den520d-random-4.scen,420
420,den520d.map,planner,1,83106,70979,411,411,73319,70979,165,0,100,False,den520d-random-4.scen,420
420,den520d.map,planner,1,82809,70979,411,411,73112,70979,164,0,100,True,den520d-random-4.scen,420
420,den520d.map,planner,1,83106,70979,411,411,73319,70979,162,0,1000,False,den520d-random-4.scen,420
420,den520d.map,planner,1,82809,70979,411,411,73112,70979,168,0,1000,True,den520d-random-4.scen,420
460,den520d.map,planner,1,93200,77946,411,411,81058,77946,181,0,0,False,den520d-random-4.scen,460
460,den520d.map,planner,1,93200,77946,411,411,81058,77946,184,0,0,True,den520d-random-4.scen,460
460,den520d.map,planner,1,93200,77946,411,411,81058,77946,183,0,1,False,den520d-random-4.scen,460
460,den520d.map,planner,1,92093,77946,411,411,80467,77946,192,0,1,True,den520d-random-4.scen,460
460,den520d.map,planner,1,93200,77946,411,411,81058,77946,181,0,10,False,den520d-random-4.scen,460
460,den520d.map,planner,1,92690,77946,411,411,80658,77946,211,0,10,True,den520d-random-4.scen,460
460,den520d.map,planner,1,93200,77946,411,411,81058,77946,175,0,100,False,den520d-random-4.scen,460
460,den520d.map,planner,1,92865,77946,411,411,80508,77946,218,0,100,True,den520d-random-4.scen,460
460,den520d.map,planner,1,93200,77946,411,411,81058,77946,171,0,1000,False,den520d-random-4.scen,460
460,den520d.map,planner,1,92865,77946,411,411,80508,77946,215,0,1000,True,den520d-random-4.scen,460
500,den520d.map,planner,1,102346,84321,411,411,87835,84321,197,0,0,False,den520d-random-4.scen,500
500,den520d.map,planner,1,102346,84321,411,411,87835,84321,206,0,0,True,den520d-random-4.scen,500
500,den520d.map,planner,1,102346,84321,411,411,87835,84321,194,0,1,False,den520d-random-4.scen,500
500,den520d.map,planner,1,101989,84321,411,411,87318,84321,212,0,1,True,den520d-random-4.scen,500
500,den520d.map,planner,1,102346,84321,411,411,87835,84321,195,0,10,False,den520d-random-4.scen,500
500,den520d.map,planner,1,100848,84321,411,411,87366,84321,231,0,10,True,den520d-random-4.scen,500
500,den520d.map,planner,1,102346,84321,411,411,87835,84321,210,0,100,False,den520d-random-4.scen,500
500,den520d.map,planner,1,100652,84321,411,411,87330,84321,353,0,100,True,den520d-random-4.scen,500
500,den520d.map,planner,1,102346,84321,411,411,87835,84321,205,0,1000,False,den520d-random-4.scen,500
500,den520d.map,planner,1,100796,84321,411,411,87340,84321,428,0,1000,True,den520d-random-4.scen,500
540,den520d.map,planner,1,113002,92499,411,411,96819,92499,218,0,0,False,den520d-random-4.scen,540
540,den520d.map,planner,1,113002,92499,411,411,96819,92499,217,0,0,True,den520d-random-4.scen,540
540,den520d.map,planner,1,113002,92499,411,411,96819,92499,212,0,1,False,den520d-random-4.scen,540
540,den520d.map,planner,1,111844,92499,411,411,95984,92499,234,0,1,True,den520d-random-4.scen,540
540,den520d.map,planner,1,113002,92499,411,411,96819,92499,218,0,10,False,den520d-random-4.scen,540
540,den520d.map,planner,1,111472,92499,415,411,95790,92499,296,0,10,True,den520d-random-4.scen,540
540,den520d.map,planner,1,113002,92499,411,411,96819,92499,220,0,100,False,den520d-random-4.scen,540
540,den520d.map,planner,1,111854,92499,413,411,95932,92499,843,0,100,True,den520d-random-4.scen,540
540,den520d.map,planner,1,113002,92499,411,411,96819,92499,208,0,1000,False,den520d-random-4.scen,540
540,den520d.map,planner,1,112286,92499,413,411,95903,92499,2676,0,1000,True,den520d-random-4.scen,540
580,den520d.map,planner,1,122220,99728,411,411,104527,99728,251,0,0,False,den520d-random-4.scen,580
580,den520d.map,planner,1,122220,99728,411,411,104527,99728,237,0,0,True,den520d-random-4.scen,580
580,den520d.map,planner,1,122220,99728,411,411,104527,99728,230,0,1,False,den520d-random-4.scen,580
580,den520d.map,planner,1,120843,99728,411,411,103819,99728,263,0,1,True,den520d-random-4.scen,580
580,den520d.map,planner,1,122220,99728,411,411,104527,99728,239,0,10,False,den520d-random-4.scen,580
580,den520d.map,planner,1,121943,99728,411,411,103614,99728,302,0,10,True,den520d-random-4.scen,580
580,den520d.map,planner,1,122220,99728,411,411,104527,99728,236,0,100,False,den520d-random-4.scen,580
580,den520d.map,planner,1,120456,99728,419,411,103614,99728,862,0,100,True,den520d-random-4.scen,580
580,den520d.map,planner,1,122220,99728,411,411,104527,99728,224,0,1000,False,den520d-random-4.scen,580
580,den520d.map,planner,1,121068,99728,413,411,103536,99728,3951,0,1000,True,den520d-random-4.scen,580
620,den520d.map,planner,1,129661,105888,411,411,111258,105888,250,0,0,False,den520d-random-4.scen,620
620,den520d.map,planner,1,129661,105888,411,411,111258,105888,274,0,0,True,den520d-random-4.scen,620
620,den520d.map,planner,1,129661,105888,411,411,111258,105888,242,0,1,False,den520d-random-4.scen,620
620,den520d.map,planner,1,130497,105888,413,411,110837,105888,290,0,1,True,den520d-random-4.scen,620
620,den520d.map,planner,1,129661,105888,411,411,111258,105888,255,0,10,False,den520d-random-4.scen,620
620,den520d.map,planner,1,128616,105888,411,411,110491,105888,412,0,10,True,den520d-random-4.scen,620
620,den520d.map,planner,1,129661,105888,411,411,111258,105888,259,0,100,False,den520d-random-4.scen,620
620,den520d.map,planner,1,130583,105888,413,411,110368,105888,1510,0,100,True,den520d-random-4.scen,620
620,den520d.map,planner,1,129661,105888,411,411,111258,105888,249,0,1000,False,den520d-random-4.scen,620
620,den520d.map,planner,1,129907,105888,413,411,110433,105888,12242,0,1000,True,den520d-random-4.scen,620
660,den520d.map,planner,1,141358,113195,411,411,119535,113195,288,0,0,False,den520d-random-4.scen,660
660,den520d.map,planner,1,141358,113195,411,411,119535,113195,291,0,0,True,den520d-random-4.scen,660
660,den520d.map,planner,1,141358,113195,411,411,119535,113195,270,0,1,False,den520d-random-4.scen,660
660,den520d.map,planner,1,139769,113195,411,411,118582,113195,291,0,1,True,den520d-random-4.scen,660
660,den520d.map,planner,1,141358,113195,411,411,119535,113195,277,0,10,False,den520d-random-4.scen,660
660,den520d.map,planner,1,139186,113195,411,411,118232,113195,414,0,10,True,den520d-random-4.scen,660
660,den520d.map,planner,1,141358,113195,411,411,119535,113195,263,0,100,False,den520d-random-4.scen,660
660,den520d.map,planner,1,140058,113195,411,411,118350,113195,1836,0,100,True,den520d-random-4.scen,660
660,den520d.map,planner,1,141358,113195,411,411,119535,113195,284,0,1000,False,den520d-random-4.scen,660
660,den520d.map,planner,1,139910,113195,411,411,118320,113195,13625,0,1000,True,den520d-random-4.scen,660
700,den520d.map,planner,1,151380,120345,411,411,127224,120345,298,0,0,False,den520d-random-4.scen,700
700,den520d.map,planner,1,151380,120345,411,411,127224,120345,293,0,0,True,den520d-random-4.scen,700
700,den520d.map,planner,1,151380,120345,411,411,127224,120345,291,0,1,False,den520d-random-4.scen,700
700,den520d.map,planner,1,149577,120345,415,411,126447,120345,320,0,1,True,den520d-random-4.scen,700
700,den520d.map,planner,1,151380,120345,411,411,127224,120345,295,0,10,False,den520d-random-4.scen,700
700,den520d.map,planner,1,148881,120345,411,411,126072,120345,484,0,10,True,den520d-random-4.scen,700
700,den520d.map,planner,1,151380,120345,411,411,127224,120345,299,0,100,False,den520d-random-4.scen,700
700,den520d.map,planner,1,150533,120345,415,411,126028,120345,1917,0,100,True,den520d-random-4.scen,700
700,den520d.map,planner,1,151380,120345,411,411,127224,120345,289,0,1000,False,den520d-random-4.scen,700
700,den520d.map,planner,1,149136,120345,415,411,126032,120345,12739,0,1000,True,den520d-random-4.scen,700
740,den520d.map,planner,1,162711,127460,411,411,135377,127460,301,0,0,False,den520d-random-4.scen,740
740,den520d.map,planner,1,162711,127460,411,411,135377,127460,313,0,0,True,den520d-random-4.scen,740
740,den520d.map,planner,1,162711,127460,411,411,135377,127460,311,0,1,False,den520d-random-4.scen,740
740,den520d.map,planner,1,160741,127460,415,411,133997,127460,326,0,1,True,den520d-random-4.scen,740
740,den520d.map,planner,1,162711,127460,411,411,135377,127460,295,0,10,False,den520d-random-4.scen,740
740,den520d.map,planner,1,160522,127460,411,411,134174,127460,578,0,10,True,den520d-random-4.scen,740
740,den520d.map,planner,1,162711,127460,411,411,135377,127460,312,0,100,False,den520d-random-4.scen,740
740,den520d.map,planner,1,161368,127460,411,411,134398,127460,2864,0,100,True,den520d-random-4.scen,740
740,den520d.map,planner,1,162711,127460,411,411,135377,127460,307,0,1000,False,den520d-random-4.scen,740
740,den520d.map,planner,1,159877,127460,411,411,134157,127460,17039,0,1000,True,den520d-random-4.scen,740
780,den520d.map,planner,1,173603,134787,411,411,143998,134787,333,0,0,False,den520d-random-4.scen,780
780,den520d.map,planner,1,173603,134787,411,411,143998,134787,328,0,0,True,den520d-random-4.scen,780
780,den520d.map,planner,1,173603,134787,411,411,143998,134787,332,0,1,False,den520d-random-4.scen,780
780,den520d.map,planner,1,171676,134787,415,411,142862,134787,354,0,1,True,den520d-random-4.scen,780
780,den520d.map,planner,1,173603,134787,411,411,143998,134787,317,0,10,False,den520d-random-4.scen,780
780,den520d.map,planner,1,170948,134787,411,411,142459,134787,611,0,10,True,den520d-random-4.scen,780
780,den520d.map,planner,1,173603,134787,411,411,143998,134787,356,0,100,False,den520d-random-4.scen,780
780,den520d.map,planner,1,170211,134787,411,411,142454,134787,3269,0,100,True,den520d-random-4.scen,780
780,den520d.map,planner,1,173603,134787,411,411,143998,134787,327,0,1000,False,den520d-random-4.scen,780
780,den520d.map,planner,1,170386,134787,414,411,142215,134787,19186,0,1000,True,den520d-random-4.scen,780
820,den520d.map,planner,1,184168,141965,411,411,152370,141965,370,0,0,False,den520d-random-4.scen,820
820,den520d.map,planner,1,184168,141965,411,411,152370,141965,362,0,0,True,den520d-random-4.scen,820
820,den520d.map,planner,1,184168,141965,411,411,152370,141965,340,0,1,False,den520d-random-4.scen,820
820,den520d.map,planner,1,183231,141965,422,411,151508,141965,402,0,1,True,den520d-random-4.scen,820
820,den520d.map,planner,1,184168,141965,411,411,152370,141965,364,0,10,False,den520d-random-4.scen,820
820,den520d.map,planner,1,183902,141965,420,411,151661,141965,727,0,10,True,den520d-random-4.scen,820
820,den520d.map,planner,1,184168,141965,411,411,152370,141965,363,0,100,False,den520d-random-4.scen,820
820,den520d.map,planner,1,183291,141965,417,411,150921,141965,3509,0,100,True,den520d-random-4.scen,820
820,den520d.map,planner,1,184168,141965,411,411,152370,141965,359,0,1000,False,den520d-random-4.scen,820
820,den520d.map,planner,1,182350,141965,411,411,150830,141965,33019,0,1000,True,den520d-random-4.scen,820
860,den520d.map,planner,1,195611,149246,411,411,160745,149246,362,0,0,False,den520d-random-4.scen,860
860,den520d.map,planner,1,195611,149246,411,411,160745,149246,358,0,0,True,den520d-random-4.scen,860
860,den520d.map,planner,1,195611,149246,411,411,160745,149246,388,0,1,False,den520d-random-4.scen,860
860,den520d.map,planner,1,193388,149246,411,411,159216,149246,412,0,1,True,den520d-random-4.scen,860
860,den520d.map,planner,1,195611,149246,411,411,160745,149246,377,0,10,False,den520d-random-4.scen,860
860,den520d.map,planner,1,195083,149246,411,411,159878,149246,744,0,10,True,den520d-random-4.scen,860
860,den520d.map,planner,1,195611,149246,411,411,160745,149246,378,0,100,False,den520d-random-4.scen,860
860,den520d.map,planner,1,193612,149246,411,411,159152,149246,3984,0,100,True,den520d-random-4.scen,860
860,den520d.map,planner,1,195611,149246,411,411,160745,149246,362,0,1000,False,den520d-random-4.scen,860
860,den520d.map,planner,1,192177,149246,412,411,159094,149246,33945,0,1000,True,den520d-random-4.scen,860
900,den520d.map,planner,1,208356,156565,411,411,169752,156565,378,0,0,False,den520d-random-4.scen,900
900,den520d.map,planner,1,208356,156565,411,411,169752,156565,375,0,0,True,den520d-random-4.scen,900
900,den520d.map,planner,1,208356,156565,411,411,169752,156565,397,0,1,False,den520d-random-4.scen,900
900,den520d.map,planner,1,204078,156565,412,411,168015,156565,414,0,1,True,den520d-random-4.scen,900
900,den520d.map,planner,1,208356,156565,411,411,169752,156565,384,0,10,False,den520d-random-4.scen,900
900,den520d.map,planner,1,205654,156565,424,411,167499,156565,734,0,10,True,den520d-random-4.scen,900
900,den520d.map,planner,1,208356,156565,411,411,169752,156565,395,0,100,False,den520d-random-4.scen,900
900,den520d.map,planner,1,205094,156565,424,411,167313,156565,3871,0,100,True,den520d-random-4.scen,900
900,den520d.map,planner,1,208356,156565,411,411,169752,156565,359,0,1000,False,den520d-random-4.scen,900
900,den520d.map,planner,1,205325,156565,413,411,167704,156565,35755,0,1000,True,den520d-random-4.scen,900
940,den520d.map,planner,1,216947,162678,411,411,176795,162678,411,0,0,False,den520d-random-4.scen,940
940,den520d.map,planner,1,216947,162678,411,411,176795,162678,392,0,0,True,den520d-random-4.scen,940
940,den520d.map,planner,1,216947,162678,411,411,176795,162678,402,0,1,False,den520d-random-4.scen,940
940,den520d.map,planner,1,214051,162678,411,411,175013,162678,435,0,1,True,den520d-random-4.scen,940
940,den520d.map,planner,1,216947,162678,411,411,176795,162678,407,0,10,False,den520d-random-4.scen,940
940,den520d.map,planner,1,214172,162678,422,411,174986,162678,769,0,10,True,den520d-random-4.scen,940
940,den520d.map,planner,1,216947,162678,411,411,176795,162678,387,0,100,False,den520d-random-4.scen,940
940,den520d.map,planner,1,215732,162678,415,411,175543,162678,4318,0,100,True,den520d-random-4.scen,940
940,den520d.map,planner,1,216947,162678,411,411,176795,162678,405,0,1000,False,den520d-random-4.scen,940
940,den520d.map,planner,1,216375,162678,424,411,174927,162678,37751,0,1000,True,den520d-random-4.scen,940
980,den520d.map,planner,1,228292,169305,411,411,184200,169305,417,0,0,False,den520d-random-4.scen,980
980,den520d.map,planner,1,228292,169305,411,411,184200,169305,411,0,0,True,den520d-random-4.scen,980
980,den520d.map,planner,1,228292,169305,411,411,184200,169305,413,0,1,False,den520d-random-4.scen,980
980,den520d.map,planner,1,225383,169305,413,411,182955,169305,463,0,1,True,den520d-random-4.scen,980
980,den520d.map,planner,1,228292,169305,411,411,184200,169305,394,0,10,False,den520d-random-4.scen,980
980,den520d.map,planner,1,226157,169305,422,411,182544,169305,849,0,10,True,den520d-random-4.scen,980
980,den520d.map,planner,1,228292,169305,411,411,184200,169305,405,0,100,False,den520d-random-4.scen,980
980,den520d.map,planner,1,225568,169305,430,411,182352,169305,4226,0,100,True,den520d-random-4.scen,980
980,den520d.map,planner,1,228292,169305,411,411,184200,169305,424,0,1000,False,den520d-random-4.scen,980
980,den520d.map,planner,1,224561,169305,415,411,182259,169305,38294,0,1000,True,den520d-random-4.scen,980
20,den520d.map,planner,1,3022,3019,325,325,3022,3019,6,0,0,False,den520d-random-5.scen,20
20,den520d.map,planner,1,3022,3019,325,325,3022,3019,6,0,0,True,den520d-random-5.scen,20
20,den520d.map,planner,1,3022,3019,325,325,3022,3019,6,0,1,False,den520d-random-5.scen,20
20,den520d.map,planner,1,3022,3019,325,325,3022,3019,6,0,1,True,den520d-random-5.scen,20
20,den520d.map,planner,1,3022,3019,325,325,3022,3019,6,0,10,False,den520d-random-5.scen,20
20,den520d.map,planner,1,3022,3019,325,325,3022,3019,6,0,10,True,den520d-random-5.scen,20
20,den520d.map,planner,1,3022,3019,325,325,3022,3019,6,0,100,False,den520d-random-5.scen,20
20,den520d.map,planner,1,3022,3019,325,325,3022,3019,6,0,100,True,den520d-random-5.scen,20
20,den520d.map,planner,1,3022,3019,325,325,3022,3019,6,0,1000,False,den520d-random-5.scen,20
20,den520d.map,planner,1,3022,3019,325,325,3022,3019,6,0,1000,True,den520d-random-5.scen,20
60,den520d.map,planner,1,9977,9708,357,357,9753,9708,19,0,0,False,den520d-random-5.scen,60
60,den520d.map,planner,1,9977,9708,357,357,9753,9708,21,0,0,True,den520d-random-5.scen,60
60,den520d.map,planner,1,9977,9708,357,357,9753,9708,20,0,1,False,den520d-random-5.scen,60
60,den520d.map,planner,1,9977,9708,357,357,9753,9708,19,0,1,True,den520d-random-5.scen,60
60,den520d.map,planner,1,9977,9708,357,357,9753,9708,19,0,10,False,den520d-random-5.scen,60
60,den520d.map,planner,1,9977,9708,357,357,9753,9708,20,0,10,True,den520d-random-5.scen,60
60,den520d.map,planner,1,9977,9708,357,357,9753,9708,19,0,100,False,den520d-random-5.scen,60
60,den520d.map,planner,1,9977,9708,357,357,9753,9708,20,0,100,True,den520d-random-5.scen,60
60,den520d.map,planner,1,9977,9708,357,357,9753,9708,21,0,1000,False,den520d-random-5.scen,60
60,den520d.map,planner,1,9977,9708,357,357,9753,9708,21,0,1000,True,den520d-random-5.scen,60
100,den520d.map,planner,1,17515,16213,357,357,16438,16213,33,0,0,False,den520d-random-5.scen,100
100,den520d.map,planner,1,17515,16213,357,357,16438,16213,35,0,0,True,den520d-random-5.scen,100
100,den520d.map,planner,1,17515,16213,357,357,16438,16213,35,0,1,False,den520d-random-5.scen,100
100,den520d.map,planner,1,17577,16213,357,357,16414,16213,33,0,1,True,den520d-random-5.scen,100
100,den520d.map,planner,1,17515,16213,357,357,16438,16213,37,0,10,False,den520d-random-5.scen,100
100,den520d.map,planner,1,17577,16213,357,357,16414,16213,35,0,10,True,den520d-random-5.scen,100
100,den520d.map,planner,1,17515,16213,357,357,16438,16213,36,0,100,False,den520d-random-5.scen,100
100,den520d.map,planner,1,17577,16213,357,357,16414,16213,33,0,100,True,den520d-random-5.scen,100
100,den520d.map,planner,1,17515,16213,357,357,16438,16213,33,0,1000,False,den520d-random-5.scen,100
100,den520d.map,planner,1,17577,16213,357,357,16414,16213,32,0,1000,True,den520d-random-5.scen,100
140,den520d.map,planner,1,26416,23483,361,361,23853,23483,52,0,0,False,den520d-random-5.scen,140
140,den520d.map,planner,1,26416,23483,361,361,23853,23483,48,0,0,True,den520d-random-5.scen,140
140,den520d.map,planner,1,26416,23483,361,361,23853,23483,53,0,1,False,den520d-random-5.scen,140
140,den520d.map,planner,1,26040,23483,361,361,23889,23483,50,0,1,True,den520d-random-5.scen,140
140,den520d.map,planner,1,26416,23483,361,361,23853,23483,47,0,10,False,den520d-random-5.scen,140
140,den520d.map,planner,1,26040,23483,361,361,23889,23483,55,0,10,True,den520d-random-5.scen,140
140,den520d.map,planner,1,26416,23483,361,361,23853,23483,47,0,100,False,den520d-random-5.scen,140
140,den520d.map,planner,1,26040,23483,361,361,23889,23483,48,0,100,True,den520d-random-5.scen,140
140,den520d.map,planner,1,26416,23483,361,361,23853,23483,49,0,1000,False,den520d-random-5.scen,140
140,den520d.map,planner,1,26040,23483,361,361,23889,23483,54,0,1000,True,den520d-random-5.scen,140
180,den520d.map,planner,1,32860,29813,383,383,30362,29813,63,0,0,False,den520d-random-5.scen,180
180,den520d.map,planner,1,32860,29813,383,383,30362,29813,64,0,0,True,den520d-random-5.scen,180
180,den520d.map,planner,1,32860,29813,383,383,30362,29813,61,0,1,False,den520d-random-5.scen,180
180,den520d.map,planner,1,33140,29813,383,383,30332,29813,65,0,1,True,den520d-random-5.scen,180
180,den520d.map,planner,1,32860,29813,383,383,30362,29813,61,0,10,False,den520d-random-5.scen,180
180,den520d.map,planner,1,33140,29813,383,383,30332,29813,62,0,10,True,den520d-random-5.scen,180
180,den520d.map,planner,1,32860,29813,383,383,30362,29813,57,0,100,False,den520d-random-5.scen,180
180,den520d.map,planner,1,33140,29813,383,383,30332,29813,62,0,100,True,den520d-random-5.scen,180
180,den520d.map,planner,1,32860,29813,383,383,30362,29813,65,0,1000,False,den520d-random-5.scen,180
180,den520d.map,planner,1,33140,29813,383,383,30332,29813,63,0,1000,True,den520d-random-5.scen,180
220,den520d.map,planner,1,42217,36796,383,383,37625,36796,78,0,0,False,den520d-random-5.scen,220
220,den520d.map,planner,1,42217,36796,383,383,37625,36796,76,0,0,True,den520d-random-5.scen,220
220,den520d.map,planner,1,42217,36796,383,383,37625,36796,80,0,1,False,den520d-random-5.scen,220
220,den520d.map,planner,1,42102,36796,383,383,37646,36796,81,0,1,True,den520d-random-5.scen,220
220,den520d.map,planner,1,42217,36796,383,383,37625,36796,75,0,10,False,den520d-random-5.scen,220
220,den520d.map,planner,1,42102,36796,383,383,37646,36796,82,0,10,True,den520d-random-5.scen,220
220,den520d.map,planner,1,42217,36796,383,383,37625,36796,76,0,100,False,den520d-random-5.scen,220
220,den520d.map,planner,1,42102,36796,383,383,37646,36796,75,0,100,True,den520d-random-5.scen,220
220,den520d.map,planner,1,42217,36796,383,383,37625,36796,78,0,1000,False,den520d-random-5.scen,220
220,den520d.map,planner,1,42102,36796,383,383,37646,36796,84,0,1000,True,den520d-random-5.scen,220
260,den520d.map,planner,1,49124,43547,383,383,44751,43547,103,0,0,False,den520d-random-5.scen,260
260,den520d.map,planner,1,49124,43547,383,383,44751,43547,94,0,0,True,den520d-random-5.scen,260
260,den520d.map,planner,1,49124,43547,383,383,44751,43547,88,0,1,False,den520d-random-5.scen,260
260,den520d.map,planner,1,49825,43547,383,383,44682,43547,90,0,1,True,den520d-random-5.scen,260
260,den520d.map,planner,1,49124,43547,383,383,44751,43547,93,0,10,False,den520d-random-5.scen,260
260,den520d.map,planner,1,49825,43547,383,383,44682,43547,88,0,10,True,den520d-random-5.scen,260
260,den520d.map,planner,1,49124,43547,383,383,44751,43547,93,0,100,False,den520d-random-5.scen,260
260,den520d.map,planner,1,49825,43547,383,383,44682,43547,90,0,100,True,den520d-random-5.scen,260
260,den520d.map,planner,1,49124,43547,383,383,44751,43547,101,0,1000,False,den520d-random-5.scen,260
260,den520d.map,planner,1,49825,43547,383,383,44682,43547,96,0,1000,True,den520d-random-5.scen,260
300,den520d.map,planner,1,58965,50168,383,383,51728,50168,108,0,0,False,den520d-random-5.scen,300
300,den520d.map,planner,1,58965,50168,383,383,51728,50168,118,0,0,True,den520d-random-5.scen,300
300,den520d.map,planner,1,58965,50168,383,383,51728,50168,119,0,1,False,den520d-random-5.scen,300
300,den520d.map,planner,1,58670,50168,383,383,51637,50168,108,0,1,True,den520d-random-5.scen,300
300,den520d.map,planner,1,58965,50168,383,383,51728,50168,112,0,10,False,den520d-random-5.scen,300
300,den520d.map,planner,1,58670,50168,383,383,51637,50168,109,0,10,True,den520d-random-5.scen,300
300,den520d.map,planner,1,58965,50168,383,383,51728,50168,108,0,100,False,den520d-random-5.scen,300
300,den520d.map,planner,1,58670,50168,383,383,51637,50168,117,0,100,True,den520d-random-5.scen,300
300,den520d.map,planner,1,58965,50168,383,383,51728,50168,108,0,1000,False,den520d-random-5.scen,300
300,den520d.map,planner,1,58670,50168,383,383,51637,50168,116,0,1000,True,den520d-random-5.scen,300
340,den520d.map,planner,1,67772,57233,383,383,59012,57233,128,0,0,False,den520d-random-5.scen,340
340,den520d.map,planner,1,67772,57233,383,383,59012,57233,130,0,0,True,den520d-random-5.scen,340
340,den520d.map,planner,1,67772,57233,383,383,59012,57233,131,0,1,False,den520d-random-5.scen,340
340,den520d.map,planner,1,67211,57233,383,383,59152,57233,127,0,1,True,den520d-random-5.scen,340
340,den520d.map,planner,1,67772,57233,383,383,59012,57233,123,0,10,False,den520d-random-5.scen,340
340,den520d.map,planner,1,67211,57233,383,383,59152,57233,123,0,10,True,den520d-random-5.scen,340
340,den520d.map,planner,1,67772,57233,383,383,59012,57233,125,0,100,False,den520d-random-5.scen,340
340,den520d.map,planner,1,67211,57233,383,383,59152,57233,129,0,100,True,den520d-random-5.scen,340
340,den520d.map,planner,1,67772,57233,383,383,59012,57233,131,0,1000,False,den520d-random-5.scen,340
340,den520d.map,planner,1,67211,57233,383,383,59152,57233,126,0,1000,True,den520d-random-5.scen,340
380,den520d.map,planner,1,77031,64514,383,383,66946,64514,133,0,0,False,den520d-random-5.scen,380
380,den520d.map,planner,1,77031,64514,383,383,66946,64514,150,0,0,True,den520d-random-5.scen,380
380,den520d.map,planner,1,77031,64514,383,383,66946,64514,154,0,1,False,den520d-random-5.scen,380
380,den520d.map,planner,1,76685,64514,384,383,66711,64514,154,0,1,True,den520d-random-5.scen,380
380,den520d.map,planner,1,77031,64514,383,383,66946,64514,149,0,10,False,den520d-random-5.scen,380
380,den520d.map,planner,1,76685,64514,384,383,66711,64514,142,0,10,True,den520d-random-5.scen,380
380,den520d.map,planner,1,77031,64514,383,383,66946,64514,145,0,100,False,den520d-random-5.scen,380
380,den520d.map,planner,1,76685,64514,384,383,66711,64514,153,0,100,True,den520d-random-5.scen,380
380,den520d.map,planner,1,77031,64514,383,383,66946,64514,142,0,1000,False,den520d-random-5.scen,380
380,den520d.map,planner,1,76685,64514,384,383,66711,64514,142,0,1000,True,den520d-random-5.scen,380
420,den520d.map,planner,1,85481,71162,385,385,74066,71162,165,0,0,False,den520d-random-5.scen,420
420,den520d.map,planner,1,85481,71162,385,385,74066,71162,152,0,0,True,den520d-random-5.scen,420
420,den520d.map,planner,1,85481,71162,385,385,74066,71162,165,0,1,False,den520d-random-5.scen,420
420,den520d.map,planner,1,85092,71162,385,385,73813,71162,169,0,1,True,den520d-random-5.scen,420
420,den520d.map,planner,1,85481,71162,385,385,74066,71162,163,0,10,False,den520d-random-5.scen,420
420,den520d.map,planner,1,85092,71162,385,385,73813,71162,155,0,10,True,den520d-random-5.scen,420
420,den520d.map,planner,1,85481,71162,385,385,74066,71162,165,0,100,False,den520d-random-5.scen,420
420,den520d.map,planner,1,85092,71162,385,385,73813,71162,171,0,100,True,den520d-random-5.scen,420
420,den520d.map,planner,1,85481,71162,385,385,74066,71162,187,0,1000,False,den520d-random-5.scen,420
420,den520d.map,planner,1,85092,71162,385,385,73813,71162,161,0,1000,True,den520d-random-5.scen,420
460,den520d.map,planner,1,95549,78361,392,392,81790,78361,182,0,0,False,den520d-random-5.scen,460
460,den520d.map,planner,1,95549,78361,392,392,81790,78361,176,0,0,True,den520d-random-5.scen,460
460,den520d.map,planner,1,95549,78361,392,392,81790,78361,180,0,1,False,den520d-random-5.scen,460
460,den520d.map,planner,1,95715,78361,393,392,81681,78361,202,0,1,True,den520d-random-5.scen,460
460,den520d.map,planner,1,95549,78361,392,392,81790,78361,178,0,10,False,den520d-random-5.scen,460
460,den520d.map,planner,1,94934,78361,392,392,81552,78361,174,0,10,True,den520d-random-5.scen,460
460,den520d.map,planner,1,95549,78361,392,392,81790,78361,184,0,100,False,den520d-random-5.scen,460
460,den520d.map,planner,1,94934,78361,392,392,81552,78361,180,0,100,True,den520d-random-5.scen,460
460,den520d.map,planner,1,95549,78361,392,392,81790,78361,193,0,1000,False,den520d-random-5.scen,460
460,den520d.map,planner,1,94934,78361,392,392,81552,78361,185,0,1000,True,den520d-random-5.scen,460
500,den520d.map,planner,1,104005,85369,392,392,89411,85369,194,0,0,False,den520d-random-5.scen,500
500,den520d.map,planner,1,104005,85369,392,392,89411,85369,199,0,0,True,den520d-random-5.scen,500
500,den520d.map,planner,1,104005,85369,392,392,89411,85369,193,0,1,False,den520d-random-5.scen,500
500,den520d.map,planner,1,105575,85369,392,392,89221,85369,196,0,1,True,den520d-random-5.scen,500
500,den520d.map,planner,1,104005,85369,392,392,89411,85369,190,0,10,False,den520d-random-5.scen,500
500,den520d.map,planner,1,104036,85369,392,392,89005,85369,246,0,10,True,den520d-random-5.scen,500
500,den520d.map,planner,1,104005,85369,392,392,89411,85369,201,0,100,False,den520d-random-5.scen,500
500,den520d.map,planner,1,105049,85369,393,392,89066,85369,360,0,100,True,den520d-random-5.scen,500
500,den520d.map,planner,1,104005,85369,392,392,89411,85369,214,0,1000,False,den520d-random-5.scen,500
500,den520d.map,planner,1,104281,85369,393,392,88959,85369,412,0,1000,True,den520d-random-5.scen,500
540,den520d.map,planner,1,115234,93302,392,392,97984,93302,211,0,0,False,den520d-random-5.scen,540
540,den520d.map,planner,1,115234,93302,392,392,97984,93302,215,0,0,True,den520d-random-5.scen,540
540,den520d.map,planner,1,115234,93302,392,392,97984,93302,215,0,1,False,den520d-random-5.scen,540
540,den520d.map,planner,1,114600,93302,394,392,97486,93302,218,0,1,True,den520d-random-5.scen,540
540,den520d.map,planner,1,115234,93302,392,392,97984,93302,220,0,10,False,den520d-random-5.scen,540
540,den520d.map,planner,1,114860,93302,393,392,97458,93302,248,0,10,True,den520d-random-5.scen,540
540,den520d.map,planner,1,115234,93302,392,392,97984,93302,231,0,100,False,den520d-random-5.scen,540
540,den520d.map,planner,1,114941,93302,392,392,97512,93302,490,0,100,True,den520d-random-5.scen,540
540,den520d.map,planner,1,115234,93302,392,392,97984,93302,235,0,1000,False,den520d-random-5.scen,540
540,den520d.map,planner,1,115168,93302,392,392,97482,93302,1471,0,1000,True,den520d-random-5.scen,540
580,den520d.map,planner,1,125077,99969,392,392,105213,99969,243,0,0,False,den520d-random-5.scen,580
580,den520d.map,planner,1,125077,99969,392,392,105213,99969,227,0,0,True,den520d-random-5.scen,580
580,den520d.map,planner,1,125077,99969,392,392,105213,99969,242,0,1,False,den520d-random-5.scen,580
580,den520d.map,planner,1,123628,99969,392,392,104667,99969,254,0,1,True,den520d-random-5.scen,580
580,den520d.map,planner,1,125077,99969,392,392,105213,99969,236,0,10,False,den520d-random-5.scen,580
580,den520d.map,planner,1,123490,99969,392,392,104399,99969,278,0,10,True,den520d-random-5.scen,580
580,den520d.map,planner,1,125077,99969,392,392,105213,99969,262,0,100,False,den520d-random-5.scen,580
580,den520d.map,planner,1,123571,99969,392,392,104527,99969,726,0,100,True,den520d-random-5.scen,580
580,den520d.map,planner,1,125077,99969,392,392,105213,99969,227,0,1000,False,den520d-random-5.scen,580
580,den520d.map,planner,1,123148,99969,392,392,104515,99969,1834,0,1000,True,den520d-random-5.scen,580
620,den520d.map,planner,1,134395,106705,392,392,112981,106705,261,0,0,False,den520d-random-5.scen,620
620,den520d.map,planner,1,134395,106705,392,392,112981,106705,263,0,0,True,den520d-random-5.scen,620
620,den520d.map,planner,1,134395,106705,392,392,112981,106705,260,0,1,False,den520d-random-5.scen,620
620,den520d.map,planner,1,133093,106705,392,392,112190,106705,280,0,1,True,den520d-random-5.scen,620
620,den520d.map,planner,1,134395,106705,392,392,112981,106705,266,0,10,False,den520d-random-5.scen,620
620,den520d.map,planner,1,133828,106705,392,392,112060,106705,371,0,10,True,den520d-random-5.scen,620
620,den520d.map,planner,1,134395,106705,392,392,112981,106705,269,0,100,False,den520d-random-5.scen,620
620,den520d.map,planner,1,133631,106705,393,392,111891,106705,738,0,100,True,den520d-random-5.scen,620
620,den520d.map,planner,1,134395,106705,392,392,112981,106705,264,0,1000,False,den520d-random-5.scen,620
620,den520d.map,planner,1,134257,106705,392,392,111859,106705,815,0,1000,True,den520d-random-5.scen,620
660,den520d.map,planner,1,143116,113393,392,392,120191,113393,277,0,0,False,den520d-random-5.scen,660
660,den520d.map,planner,1,143116,113393,392,392,120191,113393,280,0,0,True,den520d-random-5.scen,660
660,den520d.map,planner,1,143116,113393,392,392,120191,113393,286,0,1,False,den520d-random-5.scen,660
660,den520d.map,planner,1,143143,113393,403,392,119792,113393,304,0,1,True,den520d-random-5.scen,660
660,den520d.map,planner,1,143116,113393,392,392,120191,113393,282,0,10,False,den520d-random-5.scen,660
660,den520d.map,planner,1,142964,113393,394,392,119351,113393,418,0,10,True,den520d-random-5.scen,660
660,den520d.map,planner,1,143116,113393,392,392,120191,113393,268,0,100,False,den520d-random-5.scen,660
660,den520d.map,planner,1,143809,113393,394,392,119205,113393,1406,0,100,True,den520d-random-5.scen,660
660,den520d.map,planner,1,143116,113393,392,392,120191,113393,258,0,1000,False,den520d-random-5.scen,660
660,den520d.map,planner,1,143126,113393,394,392,119418,113393,9912,0,1000,True,den520d-random-5.scen,660
700,den520d.map,planner,1,153907,120016,392,392,127553,120016,302,0,0,False,den520d-random-5.scen,700
700,den520d.map,planner,1,153907,120016,392,392,127553,120016,288,0,0,True,den520d-random-5.scen,700
700,den520d.map,planner,1,153907,120016,392,392,127553,120016,299,0,1,False,den520d-random-5.scen,700
700,den520d.map,planner,1,151443,120016,396,392,126929,120016,326,0,1,True,den520d-random-5.scen,700
700,den520d.map,planner,1,153907,120016,392,392,127553,120016,308,0,10,False,den520d-random-5.scen,700
700,den520d.map,planner,1,150806,120016,392,392,126692,120016,457,0,10,True,den520d-random-5.scen,700
700,den520d.map,planner,1,153907,120016,392,392,127553,120016,312,0,100,False,den520d-random-5.scen,700
700,den520d.map,planner,1,151367,120016,392,392,126553,120016,1548,0,100,True,den520d-random-5.scen,700
700,den520d.map,planner,1,153907,120016,392,392,127553,120016,304,0,1000,False,den520d-random-5.scen,700
700,den520d.map,planner,1,151983,120016,394,392,126663,120016,7043,0,1000,True,den520d-random-5.scen,700
740,den520d.map,planner,1,160686,126534,392,392,134880,126534,315,0,0,False,den520d-random-5.scen,740
740,den520d.map,planner,1,160686,126534,392,392,134880,126534,325,0,0,True,den520d-random-5.scen,740
740,den520d.map,planner,1,160686,126534,392,392,134880,126534,322,0,1,False,den520d-random-5.scen,740
740,den520d.map,planner,1,161040,126534,392,392,134284,126534,340,0,1,True,den520d-random-5.scen,740
740,den520d.map,planner,1,160686,126534,392,392,134880,126534,318,0,10,False,den520d-random-5.scen,740
740,den520d.map,planner,1,160085,126534,392,392,133895,126534,517,0,10,True,den520d-random-5.scen,740
740,den520d.map,planner,1,160686,126534,392,392,134880,126534,312,0,100,False,den520d-random-5.scen,740
740,den520d.map,planner,1,160351,126534,394,392,133520,126534,1485,0,100,True,den520d-random-5.scen,740
740,den520d.map,planner,1,160686,126534,392,392,134880,126534,334,0,1000,False,den520d-random-5.scen,740
740,den520d.map,planner,1,160212,126534,394,392,133371,126534,9424,0,1000,True,den520d-random-5.scen,740
780,den520d.map,planner,1,171440,133097,392,392,142979,133097,341,0,0,False,den520d-random-5.scen,780
780,den520d.map,planner,1,171440,133097,392,392,142979,133097,342,0,0,True,den520d-random-5.scen,780
780,den520d.map,planner,1,171440,133097,392,392,142979,133097,328,0,1,False,den520d-random-5.scen,780
780,den520d.map,planner,1,169446,133097,392,392,141629,133097,349,0,1,True,den520d-random-5.scen,780
780,den520d.map,planner,1,171440,133097,392,392,142979,133097,343,0,10,False,den520d-random-5.scen,780
780,den520d.map,planner,1,170038,133097,394,392,141379,133097,545,0,10,True,den520d-random-5.scen,780
780,den520d.map,planner,1,171440,133097,392,392,142979,133097,314,0,100,False,den520d-random-5.scen,780
780,den520d.map,planner,1,169679,133097,394,392,141339,133097,2127,0,100,True,den520d-random-5.scen,780
780,den520d.map,planner,1,171440,133097,392,392,142979,133097,334,0,1000,False,den520d-random-5.scen,780
780,den520d.map,planner,1,169236,133097,393,392,140995,133097,11432,0,1000,True,den520d-random-5.scen,780
820,den520d.map,planner,1,179868,140226,393,393,150384,140226,343,0,0,False,den520d-random-5.scen,820
820,den520d.map,planner,1,179868,140226,393,393,150384,140226,345,0,0,True,den520d-random-5.scen,820
820,den520d.map,planner,1,179868,140226,393,393,150384,140226,350,0,1,False,den520d-random-5.scen,820
820,den520d.map,planner,1,180924,140226,393,393,149816,140226,371,0,1,True,den520d-random-5.scen,820
820,den520d.map,planner,1,179868,140226,393,393,150384,140226,330,0,10,False,den520d-random-5.scen,820
820,den520d.map,planner,1,179844,140226,394,393,149040,140226,552,0,10,True,den520d-random-5.scen,820
820,den520d.map,planner,1,179868,140226,393,393,150384,140226,365,0,100,False,den520d-random-5.scen,820
820,den520d.map,planner,1,179582,140226,395,393,148795,140226,1939,0,100,True,den520d-random-5.scen,820
820,den520d.map,planner,1,179868,140226,393,393,150384,140226,321,0,1000,False,den520d-random-5.scen,820
820,den520d.map,planner,1,179210,140226,396,393,148573,140226,15596,0,1000,True,den520d-random-5.scen,820
860,den520d.map,planner,1,192853,146696,396,393,158211,146696,355,0,0,False,den520d-random-5.scen,860
860,den520d.map,planner,1,192853,146696,396,393,158211,146696,341,0,0,True,den520d-random-5.scen,860
860,den520d.map,planner,1,192853,146696,396,393,158211,146696,349,0,1,False,den520d-random-5.scen,860
860,den520d.map,planner,1,189380,146696,399,393,156973,146696,382,0,1,True,den520d-random-5.scen,860
860,den520d.map,planner,1,192853,146696,396,393,158211,146696,338,0,10,False,den520d-random-5.scen,860
860,den520d.map,planner,1,189495,146696,393,393,156959,146696,645,0,10,True,den520d-random-5.scen,860
860,den520d.map,planner,1,192853,146696,396,393,158211,146696,364,0,100,False,den520d-random-5.scen,860
860,den520d.map,planner,1,188735,146696,399,393,156263,146696,2855,0,100,True,den520d-random-5.scen,860
860,den520d.map,planner,1,192853,146696,396,393,158211,146696,359,0,1000,False,den520d-random-5.scen,860
860,den520d.map,planner,1,187315,146696,395,393,156073,146696,20615,0,1000,True,den520d-random-5.scen,860
900,den520d.map,planner,1,200991,154522,395,393,166757,154522,394,0,0,False,den520d-random-5.scen,900
900,den520d.map,planner,1,200991,154522,395,393,166757,154522,365,0,0,True,den520d-random-5.scen,900
900,den520d.map,planner,1,200991,154522,395,393,166757,154522,362,0,1,False,den520d-random-5.scen,900
900,den520d.map,planner,1,198693,154522,395,393,165556,154522,405,0,1,True,den520d-random-5.scen,900
900,den520d.map,planner,1,200991,154522,395,393,166757,154522,364,0,10,False,den520d-random-5.scen,900
900,den520d.map,planner,1,201458,154522,394,393,165818,154522,693,0,10,True,den520d-random-5.scen,900
900,den520d.map,planner,1,200991,154522,395,393,166757,154522,361,0,100,False,den520d-random-5.scen,900
900,den520d.map,planner,1,198083,154522,394,393,165212,154522,3083,0,100,True,den520d-random-5.scen,900
900,den520d.map,planner,1,200991,154522,395,393,166757,154522,360,0,1000,False,den520d-random-5.scen,900
900,den520d.map,planner,1,200519,154522,395,393,165024,154522,23062,0,1000,True,den520d-random-5.scen,900
940,den520d.map,planner,1,212025,160659,393,393,174532,160659,391,0,0,False,den520d-random-5.scen,940
940,den520d.map,planner,1,212025,160659,393,393,174532,160659,397,0,0,True,den520d-random-5.scen,940
940,den520d.map,planner,1,212025,160659,393,393,174532,160659,394,0,1,False,den520d-random-5.scen,940
940,den520d.map,planner,1,208486,160659,394,393,172885,160659,417,0,1,True,den520d-random-5.scen,940
940,den520d.map,planner,1,212025,160659,393,393,174532,160659,384,0,10,False,den520d-random-5.scen,940
940,den520d.map,planner,1,210021,160659,394,393,173074,160659,707,0,10,True,den520d-random-5.scen,940
940,den520d.map,planner,1,212025,160659,393,393,174532,160659,395,0,100,False,den520d-random-5.scen,940
940,den520d.map,planner,1,209251,160659,398,393,172077,160659,2908,0,100,True,den520d-random-5.scen,940
940,den520d.map,planner,1,212025,160659,393,393,174532,160659,384,0,1000,False,den520d-random-5.scen,940
940,den520d.map,planner,1,207745,160659,395,393,171925,160659,26112,0,1000,True,den520d-random-5.scen,940
980,den520d.map,planner,1,221424,167516,405,393,182478,167516,410,0,0,False,den520d-random-5.scen,980
980,den520d.map,planner,1,221424,167516,405,393,182478,167516,406,0,0,True,den520d-random-5.scen,980
980,den520d.map,planner,1,221424,167516,405,393,182478,167516,397,0,1,False,den520d-random-5.scen,980
980,den520d.map,planner,1,220765,167516,397,393,181088,167516,438,0,1,True,den520d-random-5.scen,980
980,den520d.map,planner,1,221424,167516,405,393,182478,167516,400,0,10,False,den520d-random-5.scen,980
980,den520d.map,planner,1,220638,167516,395,393,180695,167516,764,0,10,True,den520d-random-5.scen,980
980,den520d.map,planner,1,221424,167516,405,393,182478,167516,394,0,100,False,den520d-random-5.scen,980
980,den520d.map,planner,1,218986,167516,407,393,180499,167516,3746,0,100,True,den520d-random-5.scen,980
980,den520d.map,planner,1,221424,167516,405,393,182478,167516,409,0,1000,False,den520d-random-5.scen,980
980,den520d.map,planner,1,218300,167516,395,393,179900,167516,28561,0,1000,True,den520d-random-5.scen,980
20,den520d.map,planner,1,3616,3611,336,336,3616,3611,7,0,0,False,den520d-random-16.scen,20
20,den520d.map,planner,1,3616,3611,336,336,3616,3611,7,0,0,True,den520d-random-16.scen,20
20,den520d.map,planner,1,3616,3611,336,336,3616,3611,7,0,1,False,den520d-random-16.scen,20
20,den520d.map,planner,1,3616,3611,336,336,3616,3611,8,0,1,True,den520d-random-16.scen,20
20,den520d.map,planner,1,3616,3611,336,336,3616,3611,7,0,10,False,den520d-random-16.scen,20
20,den520d.map,planner,1,3616,3611,336,336,3616,3611,7,0,10,True,den520d-random-16.scen,20
20,den520d.map,planner,1,3616,3611,336,336,3616,3611,7,0,100,False,den520d-random-16.scen,20
20,den520d.map,planner,1,3616,3611,336,336,3616,3611,7,0,100,True,den520d-random-16.scen,20
20,den520d.map,planner,1,3616,3611,336,336,3616,3611,7,0,1000,False,den520d-random-16.scen,20
20,den520d.map,planner,1,3616,3611,336,336,3616,3611,8,0,1000,True,den520d-random-16.scen,20
60,den520d.map,planner,1,11164,10352,362,362,10411,10352,20,0,0,False,den520d-random-16.scen,60
60,den520d.map,planner,1,11164,10352,362,362,10411,10352,20,0,0,True,den520d-random-16.scen,60
60,den520d.map,planner,1,11164,10352,362,362,10411,10352,21,0,1,False,den520d-random-16.scen,60
60,den520d.map,planner,1,11164,10352,362,362,10411,10352,22,0,1,True,den520d-random-16.scen,60
60,den520d.map,planner,1,11164,10352,362,362,10411,10352,22,0,10,False,den520d-random-16.scen,60
60,den520d.map,planner,1,11164,10352,362,362,10411,10352,21,0,10,True,den520d-random-16.scen,60
60,den520d.map,planner,1,11164,10352,362,362,10411,10352,21,0,100,False,den520d-random-16.scen,60
60,den520d.map,planner,1,11164,10352,362,362,10411,10352,20,0,100,True,den520d-random-16.scen,60
60,den520d.map,planner,1,11164,10352,362,362,10411,10352,21,0,1000,False,den520d-random-16.scen,60
60,den520d.map,planner,1,11164,10352,362,362,10411,10352,21,0,1000,True,den520d-random-16.scen,60
100,den520d.map,planner,1,18855,17348,368,368,17495,17348,37,0,0,False,den520d-random-16.scen,100
100,den520d.map,planner,1,18855,17348,368,368,17495,17348,35,0,0,True,den520d-random-16.scen,100
100,den520d.map,planner,1,18855,17348,368,368,17495,17348,39,0,1,False,den520d-random-16.scen,100
100,den520d.map,planner,1,18736,17348,368,368,17482,17348,35,0,1,True,den520d-random-16.scen,100
100,den520d.map,planner,1,18855,17348,368,368,17495,17348,38,0,10,False,den520d-random-16.scen,100
100,den520d.map,planner,1,18736,17348,368,368,17482,17348,36,0,10,True,den520d-random-16.scen,100
100,den520d.map,planner,1,18855,17348,368,368,17495,17348,38,0,100,False,den520d-random-16.scen,100
100,den520d.map,planner,1,18736,17348,368,368,17482,17348,35,0,100,True,den520d-random-16.scen,100
100,den520d.map,planner,1,18855,17348,368,368,17495,17348,35,0,1000,False,den520d-random-16.scen,100
100,den520d.map,planner,1,18736,17348,368,368,17482,17348,35,0,1000,True,den520d-random-16.scen,100
140,den520d.map,planner,1,27163,24153,416,416,24517,24153,50,0,0,False,den520d-random-16.scen,140
140,den520d.map,planner,1,27163,24153,416,416,24517,24153,52,0,0,True,den520d-random-16.scen,140
140,den520d.map,planner,1,27163,24153,416,416,24517,24153,49,0,1,False,den520d-random-16.scen,140
140,den520d.map,planner,1,27291,24153,416,416,24474,24153,52,0,1,True,den520d-random-16.scen,140
140,den520d.map,planner,1,27163,24153,416,416,24517,24153,50,0,10,False,den520d-random-16.scen,140
140,den520d.map,planner,1,27291,24153,416,416,24474,24153,57,0,10,True,den520d-random-16.scen,140
140,den520d.map,planner,1,27163,24153,416,416,24517,24153,57,0,100,False,den520d-random-16.scen,140
140,den520d.map,planner,1,27291,24153,416,416,24474,24153,54,0,100,True,den520d-random-16.scen,140
140,den520d.map,planner,1,27163,24153,416,416,24517,24153,53,0,1000,False,den520d-random-16.scen,140
140,den520d.map,planner,1,27291,24153,416,416,24474,24153,54,0,1000,True,den520d-random-16.scen,140
180,den520d.map,planner,1,35054,30752,416,416,31304,30752,67,0,0,False,den520d-random-16.scen,180
180,den520d.map,planner,1,35054,30752,416,416,31304,30752,62,0,0,True,den520d-random-16.scen,180
180,den520d.map,planner,1,35054,30752,416,416,31304,30752,70,0,1,False,den520d-random-16.scen,180
180,den520d.map,planner,1,34748,30752,416,416,31183,30752,68,0,1,True,den520d-random-16.scen,180
180,den520d.map,planner,1,35054,30752,416,416,31304,30752,76,0,10,False,den520d-random-16.scen,180
180,den520d.map,planner,1,34748,30752,416,416,31183,30752,68,0,10,True,den520d-random-16.scen,180
180,den520d.map,planner,1,35054,30752,416,416,31304,30752,67,0,100,False,den520d-random-16.scen,180
180,den520d.map,planner,1,34748,30752,416,416,31183,30752,65,0,100,True,den520d-random-16.scen,180
180,den520d.map,planner,1,35054,30752,416,416,31304,30752,66,0,1000,False,den520d-random-16.scen,180
180,den520d.map,planner,1,34748,30752,416,416,31183,30752,66,0,1000,True,den520d-random-16.scen,180
220,den520d.map,planner,1,43237,37489,416,416,38246,37489,88,0,0,False,den520d-random-16.scen,220
220,den520d.map,planner,1,43237,37489,416,416,38246,37489,82,0,0,True,den520d-random-16.scen,220
220,den520d.map,planner,1,43237,37489,416,416,38246,37489,79,0,1,False,den520d-random-16.scen,220
220,den520d.map,planner,1,43718,37489,416,416,38196,37489,79,0,1,True,den520d-random-16.scen,220
220,den520d.map,planner,1,43237,37489,416,416,38246,37489,76,0,10,False,den520d-random-16.scen,220
220,den520d.map,planner,1,43718,37489,416,416,38196,37489,77,0,10,True,den520d-random-16.scen,220
220,den520d.map,planner,1,43237,37489,416,416,38246,37489,91,0,100,False,den520d-random-16.scen,220
220,den520d.map,planner,1,43718,37489,416,416,38196,37489,82,0,100,True,den520d-random-16.scen,220
220,den520d.map,planner,1,43237,37489,416,416,38246,37489,85,0,1000,False,den520d-random-16.scen,220
220,den520d.map,planner,1,43718,37489,416,416,38196,37489,80,0,1000,True,den520d-random-16.scen,220
260,den520d.map,planner,1,52052,43920,416,416,44911,43920,99,0,0,False,den520d-random-16.scen,260
260,den520d.map,planner,1,52052,43920,416,416,44911,43920,93,0,0,True,den520d-random-16.scen,260
260,den520d.map,planner,1,52052,43920,416,416,44911,43920,95,0,1,False,den520d-random-16.scen,260
260,den520d.map,planner,1,50771,43920,416,416,44868,43920,105,0,1,True,den520d-random-16.scen,260
260,den520d.map,planner,1,52052,43920,416,416,44911,43920,103,0,10,False,den520d-random-16.scen,260
260,den520d.map,planner,1,50771,43920,416,416,44868,43920,98,0,10,True,den520d-random-16.scen,260
260,den520d.map,planner,1,52052,43920,416,416,44911,43920,102,0,100,False,den520d-random-16.scen,260
260,den520d.map,planner,1,50771,43920,416,416,44868,43920,100,0,100,True,den520d-random-16.scen,260
260,den520d.map,planner,1,52052,43920,416,416,44911,43920,100,0,1000,False,den520d-random-16.scen,260
260,den520d.map,planner,1,50771,43920,416,416,44868,43920,93,0,1000,True,den520d-random-16.scen,260
300,den520d.map,planner,1,60230,50973,416,416,52287,50973,120,0,0,False,den520d-random-16.scen,300
300,den520d.map,planner,1,60230,50973,416,416,52287,50973,121,0,0,True,den520d-random-16.scen,300
300,den520d.map,planner,1,60230,50973,416,416,52287,50973,119,0,1,False,den520d-random-16.scen,300
300,den520d.map,planner,1,60568,50973,417,416,52291,50973,124,0,1,True,den520d-random-16.scen,300
300,den520d.map,planner,1,60230,50973,416,416,52287,50973,123,0,10,False,den520d-random-16.scen,300
300,den520d.map,planner,1,60568,50973,417,416,52291,50973,116,0,10,True,den520d-random-16.scen,300
300,den520d.map,planner,1,60230,50973,416,416,52287,50973,114,0,100,False,den520d-random-16.scen,300
300,den520d.map,planner,1,60568,50973,417,416,52291,50973,113,0,100,True,den520d-random-16.scen,300
300,den520d.map,planner,1,60230,50973,416,416,52287,50973,116,0,1000,False,den520d-random-16.scen,300
300,den520d.map,planner,1,60568,50973,417,416,52291,50973,118,0,1000,True,den520d-random-16.scen,300
340,den520d.map,planner,1,69953,57615,416,416,59561,57615,128,0,0,False,den520d-random-16.scen,340
340,den520d.map,planner,1,69953,57615,416,416,59561,57615,134,0,0,True,den520d-random-16.scen,340
340,den520d.map,planner,1,69953,57615,416,416,59561,57615,123,0,1,False,den520d-random-16.scen,340
340,den520d.map,planner,1,69287,57615,416,416,59244,57615,127,0,1,True,den520d-random-16.scen,340
340,den520d.map,planner,1,69953,57615,416,416,59561,57615,128,0,10,False,den520d-random-16.scen,340
340,den520d.map,planner,1,69287,57615,416,416,59244,57615,127,0,10,True,den520d-random-16.scen,340
340,den520d.map,planner,1,69953,57615,416,416,59561,57615,126,0,100,False,den520d-random-16.scen,340
340,den520d.map,planner,1,69287,57615,416,416,59244,57615,126,0,100,True,den520d-random-16.scen,340
340,den520d.map,planner,1,69953,57615,416,416,59561,57615,146,0,1000,False,den520d-random-16.scen,340
340,den520d.map,planner,1,69287,57615,416,416,59244,57615,130,0,1000,True,den520d-random-16.scen,340
380,den520d.map,planner,1,80524,65401,416,416,67853,65401,144,0,0,False,den520d-random-16.scen,380
380,den520d.map,planner,1,80524,65401,416,416,67853,65401,150,0,0,True,den520d-random-16.scen,380
380,den520d.map,planner,1,80524,65401,416,416,67853,65401,140,0,1,False,den520d-random-16.scen,380
380,den520d.map,planner,1,78910,65401,416,416,67582,65401,148,0,1,True,den520d-random-16.scen,380
380,den520d.map,planner,1,80524,65401,416,416,67853,65401,147,0,10,False,den520d-random-16.scen,380
380,den520d.map,planner,1,79645,65401,416,416,67493,65401,151,0,10,True,den520d-random-16.scen,380
380,den520d.map,planner,1,80524,65401,416,416,67853,65401,158,0,100,False,den520d-random-16.scen,380
380,den520d.map,planner,1,79645,65401,416,416,67493,65401,145,0,100,True,den520d-random-16.scen,380
380,den520d.map,planner,1,80524,65401,416,416,67853,65401,145,0,1000,False,den520d-random-16.scen,380
380,den520d.map,planner,1,79645,65401,416,416,67493,65401,150,0,1000,True,den520d-random-16.scen,380
420,den520d.map,planner,1,87994,71131,416,416,73841,71131,158,0,0,False,den520d-random-16.scen,420
420,den520d.map,planner,1,87994,71131,416,416,73841,71131,159,0,0,True,den520d-random-16.scen,420
420,den520d.map,planner,1,87994,71131,416,416,73841,71131,150,0,1,False,den520d-random-16.scen,420
420,den520d.map,planner,1,86643,71131,416,416,73634,71131,163,0,1,True,den520d-random-16.scen,420
420,den520d.map,planner,1,87994,71131,416,416,73841,71131,165,0,10,False,den520d-random-16.scen,420
420,den520d.map,planner,1,87041,71131,416,416,73597,71131,165,0,10,True,den520d-random-16.scen,420
420,den520d.map,planner,1,87994,71131,416,416,73841,71131,178,0,100,False,den520d-random-16.scen,420
420,den520d.map,planner,1,87041,71131,416,416,73597,71131,160,0,100,True,den520d-random-16.scen,420
420,den520d.map,planner,1,87994,71131,416,416,73841,71131,160,0,1000,False,den520d-random-16.scen,420
420,den520d.map,planner,1,87041,71131,416,416,73597,71131,168,0,1000,True,den520d-random-16.scen,420
460,den520d.map,planner,1,96491,77564,416,416,80750,77564,174,0,0,False,den520d-random-16.scen,460
460,den520d.map,planner,1,96491,77564,416,416,80750,77564,188,0,0,True,den520d-random-16.scen,460
460,den520d.map,planner,1,96491,77564,416,416,80750,77564,175,0,1,False,den520d-random-16.scen,460
460,den520d.map,planner,1,95696,77564,416,416,80430,77564,178,0,1,True,den520d-random-16.scen,460
460,den520d.map,planner,1,96491,77564,416,416,80750,77564,176,0,10,False,den520d-random-16.scen,460
460,den520d.map,planner,1,96433,77564,416,416,80639,77564,187,0,10,True,den520d-random-16.scen,460
460,den520d.map,planner,1,96491,77564,416,416,80750,77564,194,0,100,False,den520d-random-16.scen,460
460,den520d.map,planner,1,96187,77564,416,416,80488,77564,192,0,100,True,den520d-random-16.scen,460
460,den520d.map,planner,1,96491,77564,416,416,80750,77564,179,0,1000,False,den520d-random-16.scen,460
460,den520d.map,planner,1,96187,77564,416,416,80488,77564,189,0,1000,True,den520d-random-16.scen,460
500,den520d.map,planner,1,104782,84051,416,416,87784,84051,199,0,0,False,den520d-random-16.scen,500
500,den520d.map,planner,1,104782,84051,416,416,87784,84051,193,0,0,True,den520d-random-16.scen,500
500,den520d.map,planner,1,104782,84051,416,416,87784,84051,198,0,1,False,den520d-random-16.scen,500
500,den520d.map,planner,1,104454,84051,416,416,87405,84051,199,0,1,True,den520d-random-16.scen,500
500,den520d.map,planner,1,104782,84051,416,416,87784,84051,195,0,10,False,den520d-random-16.scen,500
500,den520d.map,planner,1,105199,84051,416,416,87419,84051,223,0,10,True,den520d-random-16.scen,500
500,den520d.map,planner,1,104782,84051,416,416,87784,84051,189,0,100,False,den520d-random-16.scen,500
500,den520d.map,planner,1,106098,84051,416,416,87567,84051,205,0,100,True,den520d-random-16.scen,500
500,den520d.map,planner,1,104782,84051,416,416,87784,84051,186,0,1000,False,den520d-random-16.scen,500
500,den520d.map,planner,1,106098,84051,416,416,87567,84051,207,0,1000,True,den520d-random-16.scen,500
540,den520d.map,planner,1,112986,90496,416,416,94831,90496,204,0,0,False,den520d-random-16.scen,540
540,den520d.map,planner,1,112986,90496,416,416,94831,90496,219,0,0,True,den520d-random-16.scen,540
540,den520d.map,planner,1,112986,90496,416,416,94831,90496,210,0,1,False,den520d-random-16.scen,540
540,den520d.map,planner,1,113758,90496,416,416,94444,90496,213,0,1,True,den520d-random-16.scen,540
540,den520d.map,planner,1,112986,90496,416,416,94831,90496,226,0,10,False,den520d-random-16.scen,540
540,den520d.map,planner,1,113202,90496,416,416,94514,90496,228,0,10,True,den520d-random-16.scen,540
540,den520d.map,planner,1,112986,90496,416,416,94831,90496,223,0,100,False,den520d-random-16.scen,540
540,den520d.map,planner,1,112143,90496,416,416,94472,90496,242,0,100,True,den520d-random-16.scen,540
540,den520d.map,planner,1,112986,90496,416,416,94831,90496,211,0,1000,False,den520d-random-16.scen,540
540,den520d.map,planner,1,112143,90496,416,416,94472,90496,242,0,1000,True,den520d-random-16.scen,540
580,den520d.map,planner,1,124800,97982,416,416,102960,97982,228,0,0,False,den520d-random-16.scen,580
580,den520d.map,planner,1,124800,97982,416,416,102960,97982,229,0,0,True,den520d-random-16.scen,580
580,den520d.map,planner,1,124800,97982,416,416,102960,97982,230,0,1,False,den520d-random-16.scen,580
580,den520d.map,planner,1,123544,97982,416,416,102443,97982,232,0,1,True,den520d-random-16.scen,580
580,den520d.map,planner,1,124800,97982,416,416,102960,97982,222,0,10,False,den520d-random-16.scen,580
580,den520d.map,planner,1,123755,97982,416,416,102450,97982,267,0,10,True,den520d-random-16.scen,580
580,den520d.map,planner,1,124800,97982,416,416,102960,97982,242,0,100,False,den520d-random-16.scen,580
580,den520d.map,planner,1,124966,97982,416,416,102534,97982,251,0,100,True,den520d-random-16.scen,580
580,den520d.map,planner,1,124800,97982,416,416,102960,97982,248,0,1000,False,den520d-random-16.scen,580
580,den520d.map,planner,1,124966,97982,416,416,102534,97982,276,0,1000,True,den520d-random-16.scen,580
620,den520d.map,planner,1,134913,105515,416,416,111484,105515,249,0,0,False,den520d-random-16.scen,620
620,den520d.map,planner,1,134913,105515,416,416,111484,105515,254,0,0,True,den520d-random-16.scen,620
620,den520d.map,planner,1,134913,105515,416,416,111484,105515,259,0,1,False,den520d-random-16.scen,620
620,den520d.map,planner,1,134170,105515,416,416,110574,105515,268,0,1,True,den520d-random-16.scen,620
620,den520d.map,planner,1,134913,105515,416,416,111484,105515,262,0,10,False,den520d-random-16.scen,620
620,den520d.map,planner,1,133516,105515,418,416,110447,105515,285,0,10,True,den520d-random-16.scen,620
620,den520d.map,planner,1,134913,105515,416,416,111484,105515,257,0,100,False,den520d-random-16.scen,620
620,den520d.map,planner,1,133348,105515,418,416,110535,105515,943,0,100,True,den520d-random-16.scen,620
620,den520d.map,planner,1,134913,105515,416,416,111484,105515,258,0,1000,False,den520d-random-16.scen,620
620,den520d.map,planner,1,134192,105515,418,416,110448,105515,1714,0,1000,True,den520d-random-16.scen,620
660,den520d.map,planner,1,144728,112857,416,416,119499,112857,276,0,0,False,den520d-random-16.scen,660
660,den520d.map,planner,1,144728,112857,416,416,119499,112857,278,0,0,True,den520d-random-16.scen,660
660,den520d.map,planner,1,144728,112857,416,416,119499,112857,284,0,1,False,den520d-random-16.scen,660
660,den520d.map,planner,1,144109,112857,416,416,118906,112857,286,0,1,True,den520d-random-16.scen,660
660,den520d.map,planner,1,144728,112857,416,416,119499,112857,282,0,10,False,den520d-random-16.scen,660
660,den520d.map,planner,1,143659,112857,416,416,118633,112857,363,0,10,True,den520d-random-16.scen,660
660,den520d.map,planner,1,144728,112857,416,416,119499,112857,266,0,100,False,den520d-random-16.scen,660
660,den520d.map,planner,1,143224,112857,416,416,118506,112857,464,0,100,True,den520d-random-16.scen,660
660,den520d.map,planner,1,144728,112857,416,416,119499,112857,257,0,1000,False,den520d-random-16.scen,660
660,den520d.map,planner,1,144158,112857,416,416,118569,112857,970,0,1000,True,den520d-random-16.scen,660
700,den520d.map,planner,1,154508,119888,424,416,126946,119888,291,0,0,False,den520d-random-16.scen,700
700,den520d.map,planner,1,154508,119888,424,416,126946,119888,296,0,0,True,den520d-random-16.scen,700
700,den520d.map,planner,1,154508,119888,424,416,126946,119888,303,0,1,False,den520d-random-16.scen,700
700,den520d.map,planner,1,155071,119888,416,416,126950,119888,319,0,1,True,den520d-random-16.scen,700
700,den520d.map,planner,1,154508,119888,424,416,126946,119888,301,0,10,False,den520d-random-16.scen,700
700,den520d.map,planner,1,154646,119888,417,416,126429,119888,403,0,10,True,den520d-random-16.scen,700
700,den520d.map,planner,1,154508,119888,424,416,126946,119888,292,0,100,False,den520d-random-16.scen,700
700,den520d.map,planner,1,153227,119888,416,416,126190,119888,1025,0,100,True,den520d-random-16.scen,700
700,den520d.map,planner,1,154508,119888,424,416,126946,119888,283,0,1000,False,den520d-random-16.scen,700
700,den520d.map,planner,1,154052,119888,416,416,126433,119888,11372,0,1000,True,den520d-random-16.scen,700
740,den520d.map,planner,1,168238,127609,416,416,136313,127609,327,0,0,False,den520d-random-16.scen,740
740,den520d.map,planner,1,168238,127609,416,416,136313,127609,311,0,0,True,den520d-random-16.scen,740
740,den520d.map,planner,1,168238,127609,416,416,136313,127609,309,0,1,False,den520d-random-16.scen,740
740,den520d.map,planner,1,165660,127609,418,416,135163,127609,345,0,1,True,den520d-random-16.scen,740
740,den520d.map,planner,1,168238,127609,416,416,136313,127609,315,0,10,False,den520d-random-16.scen,740
740,den520d.map,planner,1,165754,127609,416,416,134890,127609,493,0,10,True,den520d-random-16.scen,740
740,den520d.map,planner,1,168238,127609,416,416,136313,127609,311,0,100,False,den520d-random-16.scen,740
740,den520d.map,planner,1,165041,127609,416,416,134456,127609,1393,0,100,True,den520d-random-16.scen,740
740,den520d.map,planner,1,168238,127609,416,416,136313,127609,312,0,1000,False,den520d-random-16.scen,740
740,den520d.map,planner,1,165453,127609,417,416,134609,127609,8765,0,1000,True,den520d-random-16.scen,740
780,den520d.map,planner,1,177980,135842,416,416,145396,135842,333,0,0,False,den520d-random-16.scen,780
780,den520d.map,planner,1,177980,135842,416,416,145396,135842,336,0,0,True,den520d-random-16.scen,780
780,den520d.map,planner,1,177980,135842,416,416,145396,135842,336,0,1,False,den520d-random-16.scen,780
780,den520d.map,planner,1,177965,135842,416,416,144774,135842,354,0,1,True,den520d-random-16.scen,780
780,den520d.map,planner,1,177980,135842,416,416,145396,135842,339,0,10,False,den520d-random-16.scen,780
780,den520d.map,planner,1,177234,135842,416,416,144133,135842,545,0,10,True,den520d-random-16.scen,780
780,den520d.map,planner,1,177980,135842,416,416,145396,135842,316,0,100,False,den520d-random-16.scen,780
780,den520d.map,planner,1,176056,135842,416,416,144002,135842,2048,0,100,True,den520d-random-16.scen,780
780,den520d.map,planner,1,177980,135842,416,416,145396,135842,327,0,1000,False,den520d-random-16.scen,780
780,den520d.map,planner,1,178168,135842,416,416,144297,135842,20287,0,1000,True,den520d-random-16.scen,780
820,den520d.map,planner,1,189235,142787,416,416,153401,142787,371,0,0,False,den520d-random-16.scen,820
820,den520d.map,planner,1,189235,142787,416,416,153401,142787,345,0,0,True,den520d-random-16.scen,820
820,den520d.map,planner,1,189235,142787,416,416,153401,142787,346,0,1,False,den520d-random-16.scen,820
820,den520d.map,planner,1,187629,142787,416,416,152179,142787,370,0,1,True,den520d-random-16.scen,820
820,den520d.map,planner,1,189235,142787,416,416,153401,142787,358,0,10,False,den520d-random-16.scen,820
820,den520d.map,planner,1,186843,142787,416,416,151805,142787,579,0,10,True,den520d-random-16.scen,820
820,den520d.map,planner,1,189235,142787,416,416,153401,142787,362,0,100,False,den520d-random-16.scen,820
820,den520d.map,planner,1,187383,142787,420,416,151453,142787,2245,0,100,True,den520d-random-16.scen,820
820,den520d.map,planner,1,189235,142787,416,416,153401,142787,355,0,1000,False,den520d-random-16.scen,820
820,den520d.map,planner,1,186041,142787,418,416,151464,142787,21921,0,1000,True,den520d-random-16.scen,820
860,den520d.map,planner,1,199752,149728,416,416,161249,149728,362,0,0,False,den520d-random-16.scen,860
860,den520d.map,planner,1,199752,149728,416,416,161249,149728,369,0,0,True,den520d-random-16.scen,860
860,den520d.map,planner,1,199752,149728,416,416,161249,149728,351,0,1,False,den520d-random-16.scen,860
860,den520d.map,planner,1,197567,149728,416,416,160244,149728,394,0,1,True,den520d-random-16.scen,860
860,den520d.map,planner,1,199752,149728,416,416,161249,149728,359,0,10,False,den520d-random-16.scen,860
860,den520d.map,planner,1,196531,149728,419,416,159988,149728,582,0,10,True,den520d-random-16.scen,860
860,den520d.map,planner,1,199752,149728,416,416,161249,149728,375,0,100,False,den520d-random-16.scen,860
860,den520d.map,planner,1,197014,149728,416,416,159918,149728,2831,0,100,True,den520d-random-16.scen,860
860,den520d.map,planner,1,199752,149728,416,416,161249,149728,363,0,1000,False,den520d-random-16.scen,860
860,den520d.map,planner,1,195379,149728,420,416,159136,149728,16566,0,1000,True,den520d-random-16.scen,860
900,den520d.map,planner,1,208181,156564,416,416,168891,156564,375,0,0,False,den520d-random-16.scen,900
900,den520d.map,planner,1,208181,156564,416,416,168891,156564,382,0,0,True,den520d-random-16.scen,900
900,den520d.map,planner,1,208181,156564,416,416,168891,156564,394,0,1,False,den520d-random-16.scen,900
900,den520d.map,planner,1,208927,156564,416,416,168132,156564,415,0,1,True,den520d-random-16.scen,900
900,den520d.map,planner,1,208181,156564,416,416,168891,156564,402,0,10,False,den520d-random-16.scen,900
900,den520d.map,planner,1,207216,156564,416,416,167628,156564,678,0,10,True,den520d-random-16.scen,900
900,den520d.map,planner,1,208181,156564,416,416,168891,156564,394,0,100,False,den520d-random-16.scen,900
900,den520d.map,planner,1,205488,156564,417,416,167411,156564,2844,0,100,True,den520d-random-16.scen,900
900,den520d.map,planner,1,208181,156564,416,416,168891,156564,401,0,1000,False,den520d-random-16.scen,900
900,den520d.map,planner,1,207455,156564,416,416,167339,156564,25970,0,1000,True,den520d-random-16.scen,900
940,den520d.map,planner,1,219257,162900,416,416,176784,162900,390,0,0,False,den520d-random-16.scen,940
940,den520d.map,planner,1,219257,162900,416,416,176784,162900,384,0,0,True,den520d-random-16.scen,940
940,den520d.map,planner,1,219257,162900,416,416,176784,162900,389,0,1,False,den520d-random-16.scen,940
940,den520d.map,planner,1,217450,162900,416,416,175498,162900,438,0,1,True,den520d-random-16.scen,940
940,den520d.map,planner,1,219257,162900,416,416,176784,162900,406,0,10,False,den520d-random-16.scen,940
940,den520d.map,planner,1,218328,162900,416,416,175249,162900,726,0,10,True,den520d-random-16.scen,940
940,den520d.map,planner,1,219257,162900,416,416,176784,162900,398,0,100,False,den520d-random-16.scen,940
940,den520d.map,planner,1,217105,162900,416,416,174403,162900,3065,0,100,True,den520d-random-16.scen,940
940,den520d.map,planner,1,219257,162900,416,416,176784,162900,391,0,1000,False,den520d-random-16.scen,940
940,den520d.map,planner,1,217564,162900,417,416,174259,162900,24606,0,1000,True,den520d-random-16.scen,940
980,den520d.map,planner,1,231488,169217,416,416,184502,169217,420,0,0,False,den520d-random-16.scen,980
980,den520d.map,planner,1,231488,169217,416,416,184502,169217,411,0,0,True,den520d-random-16.scen,980
980,den520d.map,planner,1,231488,169217,416,416,184502,169217,403,0,1,False,den520d-random-16.scen,980
980,den520d.map,planner,1,228791,169217,416,416,182807,169217,439,0,1,True,den520d-random-16.scen,980
980,den520d.map,planner,1,231488,169217,416,416,184502,169217,421,0,10,False,den520d-random-16.scen,980
980,den520d.map,planner,1,227812,169217,417,416,182083,169217,740,0,10,True,den520d-random-16.scen,980
980,den520d.map,planner,1,231488,169217,416,416,184502,169217,401,0,100,False,den520d-random-16.scen,980
980,den520d.map,planner,1,226539,169217,417,416,182250,169217,3757,0,100,True,den520d-random-16.scen,980
980,den520d.map,planner,1,231488,169217,416,416,184502,169217,401,0,1000,False,den520d-random-16.scen,980
980,den520d.map,planner,1,227544,169217,416,416,182067,169217,29817,0,1000,True,den520d-random-16.scen,980
20,den520d.map,planner,1,2912,2907,293,293,2912,2907,7,0,0,False,den520d-random-14.scen,20
20,den520d.map,planner,1,2912,2907,293,293,2912,2907,6,0,0,True,den520d-random-14.scen,20
20,den520d.map,planner,1,2912,2907,293,293,2912,2907,7,0,1,False,den520d-random-14.scen,20
20,den520d.map,planner,1,2912,2907,293,293,2912,2907,6,0,1,True,den520d-random-14.scen,20
20,den520d.map,planner,1,2912,2907,293,293,2912,2907,6,0,10,False,den520d-random-14.scen,20
20,den520d.map,planner,1,2912,2907,293,293,2912,2907,6,0,10,True,den520d-random-14.scen,20
20,den520d.map,planner,1,2912,2907,293,293,2912,2907,6,0,100,False,den520d-random-14.scen,20
20,den520d.map,planner,1,2912,2907,293,293,2912,2907,7,0,100,True,den520d-random-14.scen,20
20,den520d.map,planner,1,2912,2907,293,293,2912,2907,6,0,1000,False,den520d-random-14.scen,20
20,den520d.map,planner,1,2912,2907,293,293,2912,2907,6,0,1000,True,den520d-random-14.scen,20
60,den520d.map,planner,1,10208,9523,352,352,9598,9523,20,0,0,False,den520d-random-14.scen,60
60,den520d.map,planner,1,10208,9523,352,352,9598,9523,19,0,0,True,den520d-random-14.scen,60
60,den520d.map,planner,1,10208,9523,352,352,9598,9523,20,0,1,False,den520d-random-14.scen,60
60,den520d.map,planner,1,10208,9523,352,352,9598,9523,21,0,1,True,den520d-random-14.scen,60
60,den520d.map,planner,1,10208,9523,352,352,9598,9523,22,0,10,False,den520d-random-14.scen,60
60,den520d.map,planner,1,10208,9523,352,352,9598,9523,23,0,10,True,den520d-random-14.scen,60
60,den520d.map,planner,1,10208,9523,352,352,9598,9523,20,0,100,False,den520d-random-14.scen,60
60,den520d.map,planner,1,10208,9523,352,352,9598,9523,21,0,100,True,den520d-random-14.scen,60
60,den520d.map,planner,1,10208,9523,352,352,9598,9523,21,0,1000,False,den520d-random-14.scen,60
60,den520d.map,planner,1,10208,9523,352,352,9598,9523,20,0,1000,True,den520d-random-14.scen,60
100,den520d.map,planner,1,17381,16059,373,373,16233,16059,33,0,0,False,den520d-random-14.scen,100
100,den520d.map,planner,1,17381,16059,373,373,16233,16059,38,0,0,True,den520d-random-14.scen,100
100,den520d.map,planner,1,17381,16059,373,373,16233,16059,36,0,1,False,den520d-random-14.scen,100
100,den520d.map,planner,1,17381,16059,373,373,16233,16059,39,0,1,True,den520d-random-14.scen,100
100,den520d.map,planner,1,17381,16059,373,373,16233,16059,35,0,10,False,den520d-random-14.scen,100
100,den520d.map,planner,1,17381,16059,373,373,16233,16059,35,0,10,True,den520d-random-14.scen,100
100,den520d.map,planner,1,17381,16059,373,373,16233,16059,34,0,100,False,den520d-random-14.scen,100
100,den520d.map,planner,1,17381,16059,373,373,16233,16059,36,0,100,True,den520d-random-14.scen,100
100,den520d.map,planner,1,17381,16059,373,373,16233,16059,35,0,1000,False,den520d-random-14.scen,100
100,den520d.map,planner,1,17381,16059,373,373,16233,16059,35,0,1000,True,den520d-random-14.scen,100
140,den520d.map,planner,1,24890,22423,373,373,22825,22423,49,0,0,False,den520d-random-14.scen,140
140,den520d.map,planner,1,24890,22423,373,373,22825,22423,50,0,0,True,den520d-random-14.scen,140
140,den520d.map,planner,1,24890,22423,373,373,22825,22423,52,0,1,False,den520d-random-14.scen,140
140,den520d.map,planner,1,24825,22423,373,373,22817,22423,49,0,1,True,den520d-random-14.scen,140
140,den520d.map,planner,1,24890,22423,373,373,22825,22423,49,0,10,False,den520d-random-14.scen,140
140,den520d.map,planner,1,24825,22423,373,373,22817,22423,47,0,10,True,den520d-random-14.scen,140
140,den520d.map,planner,1,24890,22423,373,373,22825,22423,47,0,100,False,den520d-random-14.scen,140
140,den520d.map,planner,1,24825,22423,373,373,22817,22423,56,0,100,True,den520d-random-14.scen,140
140,den520d.map,planner,1,24890,22423,373,373,22825,22423,53,0,1000,False,den520d-random-14.scen,140
140,den520d.map,planner,1,24825,22423,373,373,22817,22423,49,0,1000,True,den520d-random-14.scen,140
180,den520d.map,planner,1,34123,28902,376,376,29580,28902,63,0,0,False,den520d-random-14.scen,180
180,den520d.map,planner,1,34123,28902,376,376,29580,28902,64,0,0,True,den520d-random-14.scen,180
180,den520d.map,planner,1,34123,28902,376,376,29580,28902,62,0,1,False,den520d-random-14.scen,180
180,den520d.map,planner,1,33678,28902,376,376,29517,28902,63,0,1,True,den520d-random-14.scen,180
180,den520d.map,planner,1,34123,28902,376,376,29580,28902,68,0,10,False,den520d-random-14.scen,180
180,den520d.map,planner,1,33678,28902,376,376,29517,28902,63,0,10,True,den520d-random-14.scen,180
180,den520d.map,planner,1,34123,28902,376,376,29580,28902,69,0,100,False,den520d-random-14.scen,180
180,den520d.map,planner,1,33678,28902,376,376,29517,28902,64,0,100,True,den520d-random-14.scen,180
180,den520d.map,planner,1,34123,28902,376,376,29580,28902,66,0,1000,False,den520d-random-14.scen,180
180,den520d.map,planner,1,33678,28902,376,376,29517,28902,68,0,1000,True,den520d-random-14.scen,180
220,den520d.map,planner,1,41421,35296,376,376,36264,35296,85,0,0,False,den520d-random-14.scen,220
220,den520d.map,planner,1,41421,35296,376,376,36264,35296,81,0,0,True,den520d-random-14.scen,220
220,den520d.map,planner,1,41421,35296,376,376,36264,35296,78,0,1,False,den520d-random-14.scen,220
220,den520d.map,planner,1,41511,35296,376,376,36258,35296,84,0,1,True,den520d-random-14.scen,220
220,den520d.map,planner,1,41421,35296,376,376,36264,35296,77,0,10,False,den520d-random-14.scen,220
220,den520d.map,planner,1,41511,35296,376,376,36258,35296,75,0,10,True,den520d-random-14.scen,220
220,den520d.map,planner,1,41421,35296,376,376,36264,35296,74,0,100,False,den520d-random-14.scen,220
220,den520d.map,planner,1,41511,35296,376,376,36258,35296,72,0,100,True,den520d-random-14.scen,220
220,den520d.map,planner,1,41421,35296,376,376,36264,35296,86,0,1000,False,den520d-random-14.scen,220
220,den520d.map,planner,1,41511,35296,376,376,36258,35296,77,0,1000,True,den520d-random-14.scen,220
260,den520d.map,planner,1,49069,42548,376,376,43660,42548,93,0,0,False,den520d-random-14.scen,260
260,den520d.map,planner,1,49069,42548,376,376,43660,42548,94,0,0,True,den520d-random-14.scen,260
260,den520d.map,planner,1,49069,42548,376,376,43660,42548,106,0,1,False,den520d-random-14.scen,260
260,den520d.map,planner,1,49157,42548,378,376,43600,42548,92,0,1,True,den520d-random-14.scen,260
260,den520d.map,planner,1,49069,42548,376,376,43660,42548,92,0,10,False,den520d-random-14.scen,260
260,den520d.map,planner,1,49157,42548,378,376,43600,42548,101,0,10,True,den520d-random-14.scen,260
260,den520d.map,planner,1,49069,42548,376,376,43660,42548,97,0,100,False,den520d-random-14.scen,260
260,den520d.map,planner,1,49157,42548,378,376,43600,42548,98,0,100,True,den520d-random-14.scen,260
260,den520d.map,planner,1,49069,42548,376,376,43660,42548,92,0,1000,False,den520d-random-14.scen,260
260,den520d.map,planner,1,49157,42548,378,376,43600,42548,95,0,1000,True,den520d-random-14.scen,260
300,den520d.map,planner,1,57235,49277,376,376,50957,49277,108,0,0,False,den520d-random-14.scen,300
300,den520d.map,planner,1,57235,49277,376,376,50957,49277,116,0,0,True,den520d-random-14.scen,300
300,den520d.map,planner,1,57235,49277,376,376,50957,49277,108,0,1,False,den520d-random-14.scen,300
300,den520d.map,planner,1,57580,49277,376,376,50659,49277,112,0,1,True,den520d-random-14.scen,300
300,den520d.map,planner,1,57235,49277,376,376,50957,49277,106,0,10,False,den520d-random-14.scen,300
300,den520d.map,planner,1,57580,49277,376,376,50659,49277,111,0,10,True,den520d-random-14.scen,300
300,den520d.map,planner,1,57235,49277,376,376,50957,49277,105,0,100,False,den520d-random-14.scen,300
300,den520d.map,planner,1,57580,49277,376,376,50659,49277,112,0,100,True,den520d-random-14.scen,300
300,den520d.map,planner,1,57235,49277,376,376,50957,49277,107,0,1000,False,den520d-random-14.scen,300
300,den520d.map,planner,1,57580,49277,376,376,50659,49277,118,0,1000,True,den520d-random-14.scen,300
340,den520d.map,planner,1,66842,56687,376,376,58536,56687,132,0,0,False,den520d-random-14.scen,340
340,den520d.map,planner,1,66842,56687,376,376,58536,56687,121,0,0,True,den520d-random-14.scen,340
340,den520d.map,planner,1,66842,56687,376,376,58536,56687,127,0,1,False,den520d-random-14.scen,340
340,den520d.map,planner,1,67096,56687,376,376,58631,56687,127,0,1,True,den520d-random-14.scen,340
340,den520d.map,planner,1,66842,56687,376,376,58536,56687,125,0,10,False,den520d-random-14.scen,340
340,den520d.map,planner,1,67096,56687,376,376,58631,56687,131,0,10,True,den520d-random-14.scen,340
340,den520d.map,planner,1,66842,56687,376,376,58536,56687,135,0,100,False,den520d-random-14.scen,340
340,den520d.map,planner,1,67096,56687,376,376,58631,56687,123,0,100,True,den520d-random-14.scen,340
340,den520d.map,planner,1,66842,56687,376,376,58536,56687,127,0,1000,False,den520d-random-14.scen,340
340,den520d.map,planner,1,67096,56687,376,376,58631,56687,126,0,1000,True,den520d-random-14.scen,340
380,den520d.map,planner,1,76561,63342,376,376,65637,63342,147,0,0,False,den520d-random-14.scen,380
380,den520d.map,planner,1,76561,63342,376,376,65637,63342,141,0,0,True,den520d-random-14.scen,380
380,den520d.map,planner,1,76561,63342,376,376,65637,63342,141,0,1,False,den520d-random-14.scen,380
380,den520d.map,planner,1,76172,63342,376,376,65682,63342,148,0,1,True,den520d-random-14.scen,380
380,den520d.map,planner,1,76561,63342,376,376,65637,63342,144,0,10,False,den520d-random-14.scen,380
380,den520d.map,planner,1,76172,63342,376,376,65682,63342,143,0,10,True,den520d-random-14.scen,380
380,den520d.map,planner,1,76561,63342,376,376,65637,63342,152,0,100,False,den520d-random-14.scen,380
380,den520d.map,planner,1,76172,63342,376,376,65682,63342,144,0,100,True,den520d-random-14.scen,380
380,den520d.map,planner,1,76561,63342,376,376,65637,63342,153,0,1000,False,den520d-random-14.scen,380
380,den520d.map,planner,1,76172,63342,376,376,65682,63342,142,0,1000,True,den520d-random-14.scen,380
420,den520d.map,planner,1,86109,70528,376,376,73655,70528,162,0,0,False,den520d-random-14.scen,420
420,den520d.map,planner,1,86109,70528,376,376,73655,70528,156,0,0,True,den520d-random-14.scen,420
420,den520d.map,planner,1,86109,70528,376,376,73655,70528,161,0,1,False,den520d-random-14.scen,420
420,den520d.map,planner,1,85234,70528,376,376,73104,70528,160,0,1,True,den520d-random-14.scen,420
420,den520d.map,planner,1,86109,70528,376,376,73655,70528,174,0,10,False,den520d-random-14.scen,420
420,den520d.map,planner,1,84835,70528,376,376,73081,70528,157,0,10,True,den520d-random-14.scen,420
420,den520d.map,planner,1,86109,70528,376,376,73655,70528,156,0,100,False,den520d-random-14.scen,420
420,den520d.map,planner,1,84835,70528,376,376,73081,70528,160,0,100,True,den520d-random-14.scen,420
420,den520d.map,planner,1,86109,70528,376,376,73655,70528,162,0,1000,False,den520d-random-14.scen,420
420,den520d.map,planner,1,84835,70528,376,376,73081,70528,163,0,1000,True,den520d-random-14.scen,420
460,den520d.map,planner,1,96244,78257,379,379,81842,78257,173,0,0,False,den520d-random-14.scen,460
460,den520d.map,planner,1,96244,78257,379,379,81842,78257,178,0,0,True,den520d-random-14.scen,460
460,den520d.map,planner,1,96244,78257,379,379,81842,78257,171,0,1,False,den520d-random-14.scen,460
460,den520d.map,planner,1,96517,78257,379,379,81390,78257,187,0,1,True,den520d-random-14.scen,460
460,den520d.map,planner,1,96244,78257,379,379,81842,78257,173,0,10,False,den520d-random-14.scen,460
460,den520d.map,planner,1,95548,78257,379,379,81302,78257,184,0,10,True,den520d-random-14.scen,460
460,den520d.map,planner,1,96244,78257,379,379,81842,78257,185,0,100,False,den520d-random-14.scen,460
460,den520d.map,planner,1,95548,78257,379,379,81302,78257,183,0,100,True,den520d-random-14.scen,460
460,den520d.map,planner,1,96244,78257,379,379,81842,78257,171,0,1000,False,den520d-random-14.scen,460
460,den520d.map,planner,1,95548,78257,379,379,81302,78257,175,0,1000,True,den520d-random-14.scen,460
500,den520d.map,planner,1,104372,84935,379,379,88901,84935,186,0,0,False,den520d-random-14.scen,500
500,den520d.map,planner,1,104372,84935,379,379,88901,84935,196,0,0,True,den520d-random-14.scen,500
500,den520d.map,planner,1,104372,84935,379,379,88901,84935,189,0,1,False,den520d-random-14.scen,500
500,den520d.map,planner,1,103758,84935,380,379,88483,84935,183,0,1,True,den520d-random-14.scen,500
500,den520d.map,planner,1,104372,84935,379,379,88901,84935,207,0,10,False,den520d-random-14.scen,500
500,den520d.map,planner,1,103338,84935,379,379,88463,84935,191,0,10,True,den520d-random-14.scen,500
500,den520d.map,planner,1,104372,84935,379,379,88901,84935,184,0,100,False,den520d-random-14.scen,500
500,den520d.map,planner,1,103338,84935,379,379,88463,84935,193,0,100,True,den520d-random-14.scen,500
500,den520d.map,planner,1,104372,84935,379,379,88901,84935,193,0,1000,False,den520d-random-14.scen,500
500,den520d.map,planner,1,103338,84935,379,379,88463,84935,193,0,1000,True,den520d-random-14.scen,500
540,den520d.map,planner,1,114346,92808,379,379,97534,92808,203,0,0,False,den520d-random-14.scen,540
540,den520d.map,planner,1,114346,92808,379,379,97534,92808,219,0,0,True,den520d-random-14.scen,540
540,den520d.map,planner,1,114346,92808,379,379,97534,92808,204,0,1,False,den520d-random-14.scen,540
540,den520d.map,planner,1,115362,92808,379,379,97313,92808,210,0,1,True,den520d-random-14.scen,540
540,den520d.map,planner,1,114346,92808,379,379,97534,92808,225,0,10,False,den520d-random-14.scen,540
540,den520d.map,planner,1,114032,92808,379,379,97015,92808,250,0,10,True,den520d-random-14.scen,540
540,den520d.map,planner,1,114346,92808,379,379,97534,92808,205,0,100,False,den520d-random-14.scen,540
540,den520d.map,planner,1,113716,92808,379,379,96981,92808,357,0,100,True,den520d-random-14.scen,540
540,den520d.map,planner,1,114346,92808,379,379,97534,92808,219,0,1000,False,den520d-random-14.scen,540
540,den520d.map,planner,1,113892,92808,381,379,97008,92808,352,0,1000,True,den520d-random-14.scen,540
580,den520d.map,planner,1,122310,99152,379,379,104317,99152,242,0,0,False,den520d-random-14.scen,580
580,den520d.map,planner,1,122310,99152,379,379,104317,99152,233,0,0,True,den520d-random-14.scen,580
580,den520d.map,planner,1,122310,99152,379,379,104317,99152,255,0,1,False,den520d-random-14.scen,580
580,den520d.map,planner,1,122236,99152,379,379,103800,99152,231,0,1,True,den520d-random-14.scen,580
580,den520d.map,planner,1,122310,99152,379,379,104317,99152,229,0,10,False,den520d-random-14.scen,580
580,den520d.map,planner,1,123351,99152,379,379,103871,99152,334,0,10,True,den520d-random-14.scen,580
580,den520d.map,planner,1,122310,99152,379,379,104317,99152,245,0,100,False,den520d-random-14.scen,580
580,den520d.map,planner,1,123057,99152,380,379,103749,99152,455,0,100,True,den520d-random-14.scen,580
580,den520d.map,planner,1,122310,99152,379,379,104317,99152,244,0,1000,False,den520d-random-14.scen,580
580,den520d.map,planner,1,123713,99152,379,379,103684,99152,795,0,1000,True,den520d-random-14.scen,580
620,den520d.map,planner,1,133270,105901,379,379,111875,105901,235,0,0,False,den520d-random-14.scen,620
620,den520d.map,planner,1,133270,105901,379,379,111875,105901,253,0,0,True,den520d-random-14.scen,620
620,den520d.map,planner,1,133270,105901,379,379,111875,105901,269,0,1,False,den520d-random-14.scen,620
620,den520d.map,planner,1,132359,105901,380,379,111183,105901,279,0,1,True,den520d-random-14.scen,620
620,den520d.map,planner,1,133270,105901,379,379,111875,105901,246,0,10,False,den520d-random-14.scen,620
620,den520d.map,planner,1,132901,105901,380,379,111021,105901,321,0,10,True,den520d-random-14.scen,620
620,den520d.map,planner,1,133270,105901,379,379,111875,105901,247,0,100,False,den520d-random-14.scen,620
620,den520d.map,planner,1,133133,105901,380,379,110846,105901,551,0,100,True,den520d-random-14.scen,620
620,den520d.map,planner,1,133270,105901,379,379,111875,105901,269,0,1000,False,den520d-random-14.scen,620
620,den520d.map,planner,1,132784,105901,379,379,111026,105901,1236,0,1000,True,den520d-random-14.scen,620
660,den520d.map,planner,1,145349,113280,380,379,120206,113280,295,0,0,False,den520d-random-14.scen,660
660,den520d.map,planner,1,145349,113280,380,379,120206,113280,263,0,0,True,den520d-random-14.scen,660
660,den520d.map,planner,1,145349,113280,380,379,120206,113280,278,0,1,False,den520d-random-14.scen,660
660,den520d.map,planner,1,143675,113280,379,379,119637,113280,298,0,1,True,den520d-random-14.scen,660
660,den520d.map,planner,1,145349,113280,380,379,120206,113280,279,0,10,False,den520d-random-14.scen,660
660,den520d.map,planner,1,144015,113280,379,379,119273,113280,419,0,10,True,den520d-random-14.scen,660
660,den520d.map,planner,1,145349,113280,380,379,120206,113280,275,0,100,False,den520d-random-14.scen,660
660,den520d.map,planner,1,142902,113280,379,379,119127,113280,1078,0,100,True,den520d-random-14.scen,660
660,den520d.map,planner,1,145349,113280,380,379,120206,113280,259,0,1000,False,den520d-random-14.scen,660
660,den520d.map,planner,1,143244,113280,379,379,119067,113280,6632,0,1000,True,den520d-random-14.scen,660
700,den520d.map,planner,1,153971,119069,379,379,126793,119069,279,0,0,False,den520d-random-14.scen,700
700,den520d.map,planner,1,153971,119069,379,379,126793,119069,280,0,0,True,den520d-random-14.scen,700
700,den520d.map,planner,1,153971,119069,379,379,126793,119069,297,0,1,False,den520d-random-14.scen,700
700,den520d.map,planner,1,153466,119069,380,379,126376,119069,308,0,1,True,den520d-random-14.scen,700
700,den520d.map,planner,1,153971,119069,379,379,126793,119069,297,0,10,False,den520d-random-14.scen,700
700,den520d.map,planner,1,153208,119069,381,379,125965,119069,519,0,10,True,den520d-random-14.scen,700
700,den520d.map,planner,1,153971,119069,379,379,126793,119069,290,0,100,False,den520d-random-14.scen,700
700,den520d.map,planner,1,153361,119069,380,379,125813,119069,915,0,100,True,den520d-random-14.scen,700
700,den520d.map,planner,1,153971,119069,379,379,126793,119069,271,0,1000,False,den520d-random-14.scen,700
700,den520d.map,planner,1,151767,119069,382,379,125546,119069,5393,0,1000,True,den520d-random-14.scen,700
740,den520d.map,planner,1,161158,124911,379,379,132841,124911,303,0,0,False,den520d-random-14.scen,740
740,den520d.map,planner,1,161158,124911,379,379,132841,124911,311,0,0,True,den520d-random-14.scen,740
740,den520d.map,planner,1,161158,124911,379,379,132841,124911,319,0,1,False,den520d-random-14.scen,740
740,den520d.map,planner,1,161375,124911,379,379,132496,124911,325,0,1,True,den520d-random-14.scen,740
740,den520d.map,planner,1,161158,124911,379,379,132841,124911,303,0,10,False,den520d-random-14.scen,740
740,den520d.map,planner,1,161736,124911,379,379,132255,124911,428,0,10,True,den520d-random-14.scen,740
740,den520d.map,planner,1,161158,124911,379,379,132841,124911,300,0,100,False,den520d-random-14.scen,740
740,den520d.map,planner,1,160935,124911,380,379,132193,124911,1724,0,100,True,den520d-random-14.scen,740
740,den520d.map,planner,1,161158,124911,379,379,132841,124911,304,0,1000,False,den520d-random-14.scen,740
740,den520d.map,planner,1,161403,124911,380,379,131999,124911,4489,0,1000,True,den520d-random-14.scen,740
780,den520d.map,planner,1,173501,132430,400,379,141984,132430,338,0,0,False,den520d-random-14.scen,780
780,den520d.map,planner,1,173501,132430,400,379,141984,132430,341,0,0,True,den520d-random-14.scen,780
780,den520d.map,planner,1,173501,132430,400,379,141984,132430,338,0,1,False,den520d-random-14.scen,780
780,den520d.map,planner,1,171207,132430,382,379,141048,132430,350,0,1,True,den520d-random-14.scen,780
780,den520d.map,planner,1,173501,132430,400,379,141984,132430,341,0,10,False,den520d-random-14.scen,780
780,den520d.map,planner,1,172410,132430,381,379,141088,132430,534,0,10,True,den520d-random-14.scen,780
780,den520d.map,planner,1,173501,132430,400,379,141984,132430,337,0,100,False,den520d-random-14.scen,780
780,den520d.map,planner,1,171039,132430,383,379,140169,132430,1097,0,100,True,den520d-random-14.scen,780
780,den520d.map,planner,1,173501,132430,400,379,141984,132430,325,0,1000,False,den520d-random-14.scen,780
780,den520d.map,planner,1,171465,132430,383,379,140183,132430,9401,0,1000,True,den520d-random-14.scen,780
820,den520d.map,planner,1,182541,138983,379,379,149215,138983,374,0,0,False,den520d-random-14.scen,820
820,den520d.map,planner,1,182541,138983,379,379,149215,138983,368,0,0,True,den520d-random-14.scen,820
820,den520d.map,planner,1,182541,138983,379,379,149215,138983,335,0,1,False,den520d-random-14.scen,820
820,den520d.map,planner,1,181632,138983,388,379,148750,138983,374,0,1,True,den520d-random-14.scen,820
820,den520d.map,planner,1,182541,138983,379,379,149215,138983,337,0,10,False,den520d-random-14.scen,820
820,den520d.map,planner,1,182150,138983,386,379,147858,138983,548,0,10,True,den520d-random-14.scen,820
820,den520d.map,planner,1,182541,138983,379,379,149215,138983,346,0,100,False,den520d-random-14.scen,820
820,den520d.map,planner,1,180857,138983,386,379,147595,138983,1749,0,100,True,den520d-random-14.scen,820
820,den520d.map,planner,1,182541,138983,379,379,149215,138983,347,0,1000,False,den520d-random-14.scen,820
820,den520d.map,planner,1,180269,138983,382,379,147306,138983,7432,0,1000,True,den520d-random-14.scen,820
860,den520d.map,planner,1,194810,145758,379,379,157528,145758,359,0,0,False,den520d-random-14.scen,860
860,den520d.map,planner,1,194810,145758,379,379,157528,145758,349,0,0,True,den520d-random-14.scen,860
860,den520d.map,planner,1,194810,145758,379,379,157528,145758,339,0,1,False,den520d-random-14.scen,860
860,den520d.map,planner,1,191692,145758,383,379,155924,145758,365,0,1,True,den520d-random-14.scen,860
860,den520d.map,planner,1,194810,145758,379,379,157528,145758,341,0,10,False,den520d-random-14.scen,860
860,den520d.map,planner,1,191402,145758,392,379,156153,145758,597,0,10,True,den520d-random-14.scen,860
860,den520d.map,planner,1,194810,145758,379,379,157528,145758,353,0,100,False,den520d-random-14.scen,860
860,den520d.map,planner,1,191750,145758,389,379,155570,145758,2642,0,100,True,den520d-random-14.scen,860
860,den520d.map,planner,1,194810,145758,379,379,157528,145758,359,0,1000,False,den520d-random-14.scen,860
860,den520d.map,planner,1,190720,145758,387,379,155179,145758,14381,0,1000,True,den520d-random-14.scen,860
900,den520d.map,planner,1,203085,152289,379,379,165354,152289,357,0,0,False,den520d-random-14.scen,900
900,den520d.map,planner,1,203085,152289,379,379,165354,152289,366,0,0,True,den520d-random-14.scen,900
900,den520d.map,planner,1,203085,152289,379,379,165354,152289,345,0,1,False,den520d-random-14.scen,900
900,den520d.map,planner,1,201768,152289,385,379,164278,152289,386,0,1,True,den520d-random-14.scen,900
900,den520d.map,planner,1,203085,152289,379,379,165354,152289,355,0,10,False,den520d-random-14.scen,900
900,den520d.map,planner,1,204094,152289,407,379,164194,152289,693,0,10,True,den520d-random-14.scen,900
900,den520d.map,planner,1,203085,152289,379,379,165354,152289,377,0,100,False,den520d-random-14.scen,900
900,den520d.map,planner,1,202331,152289,391,379,162999,152289,2585,0,100,True,den520d-random-14.scen,900
900,den520d.map,planner,1,203085,152289,379,379,165354,152289,361,0,1000,False,den520d-random-14.scen,900
900,den520d.map,planner,1,201502,152289,384,379,163445,152289,22049,0,1000,True,den520d-random-14.scen,900
940,den520d.map,planner,1,215005,158863,401,379,173986,158863,379,0,0,False,den520d-random-14.scen,940
940,den520d.map,planner,1,215005,158863,401,379,173986,158863,379,0,0,True,den520d-random-14.scen,940
940,den520d.map,planner,1,215005,158863,401,379,173986,158863,391,0,1,False,den520d-random-14.scen,940
940,den520d.map,planner,1,213234,158863,385,379,172142,158863,423,0,1,True,den520d-random-14.scen,940
940,den520d.map,planner,1,215005,158863,401,379,173986,158863,369,0,10,False,den520d-random-14.scen,940
940,den520d.map,planner,1,211951,158863,396,379,171101,158863,664,0,10,True,den520d-random-14.scen,940
940,den520d.map,planner,1,215005,158863,401,379,173986,158863,386,0,100,False,den520d-random-14.scen,940
940,den520d.map,planner,1,212030,158863,388,379,170975,158863,3167,0,100,True,den520d-random-14.scen,940
940,den520d.map,planner,1,215005,158863,401,379,173986,158863,381,0,1000,False,den520d-random-14.scen,940
940,den520d.map,planner,1,210073,158863,384,379,170630,158863,23019,0,1000,True,den520d-random-14.scen,940
980,den520d.map,planner,1,224929,166685,412,412,182363,166685,405,0,0,False,den520d-random-14.scen,980
980,den520d.map,planner,1,224929,166685,412,412,182363,166685,399,0,0,True,den520d-random-14.scen,980
980,den520d.map,planner,1,224929,166685,412,412,182363,166685,403,0,1,False,den520d-random-14.scen,980
980,den520d.map,planner,1,224500,166685,414,412,181712,166685,440,0,1,True,den520d-random-14.scen,980
980,den520d.map,planner,1,224929,166685,412,412,182363,166685,398,0,10,False,den520d-random-14.scen,980
980,den520d.map,planner,1,223184,166685,412,412,180276,166685,771,0,10,True,den520d-random-14.scen,980
980,den520d.map,planner,1,224929,166685,412,412,182363,166685,409,0,100,False,den520d-random-14.scen,980
980,den520d.map,planner,1,220016,166685,414,412,179730,166685,3332,0,100,True,den520d-random-14.scen,980
980,den520d.map,planner,1,224929,166685,412,412,182363,166685,408,0,1000,False,den520d-random-14.scen,980
980,den520d.map,planner,1,222158,166685,414,412,179384,166685,26892,0,1000,True,den520d-random-14.scen,980
20,den520d.map,planner,1,3791,3784,320,320,3791,3784,7,0,0,False,den520d-random-25.scen,20
20,den520d.map,planner,1,3791,3784,320,320,3791,3784,8,0,0,True,den520d-random-25.scen,20
20,den520d.map,planner,1,3791,3784,320,320,3791,3784,8,0,1,False,den520d-random-25.scen,20
20,den520d.map,planner,1,3791,3784,320,320,3791,3784,8,0,1,True,den520d-random-25.scen,20
20,den520d.map,planner,1,3791,3784,320,320,3791,3784,7,0,10,False,den520d-random-25.scen,20
20,den520d.map,planner,1,3791,3784,320,320,3791,3784,7,0,10,True,den520d-random-25.scen,20
20,den520d.map,planner,1,3791,3784,320,320,3791,3784,8,0,100,False,den520d-random-25.scen,20
20,den520d.map,planner,1,3791,3784,320,320,3791,3784,8,0,100,True,den520d-random-25.scen,20
20,den520d.map,planner,1,3791,3784,320,320,3791,3784,8,0,1000,False,den520d-random-25.scen,20
20,den520d.map,planner,1,3791,3784,320,320,3791,3784,7,0,1000,True,den520d-random-25.scen,20
60,den520d.map,planner,1,12115,11699,351,351,11765,11699,21,0,0,False,den520d-random-25.scen,60
60,den520d.map,planner,1,12115,11699,351,351,11765,11699,23,0,0,True,den520d-random-25.scen,60
60,den520d.map,planner,1,12115,11699,351,351,11765,11699,22,0,1,False,den520d-random-25.scen,60
60,den520d.map,planner,1,12246,11699,353,351,11773,11699,21,0,1,True,den520d-random-25.scen,60
60,den520d.map,planner,1,12115,11699,351,351,11765,11699,21,0,10,False,den520d-random-25.scen,60
60,den520d.map,planner,1,12246,11699,353,351,11773,11699,23,0,10,True,den520d-random-25.scen,60
60,den520d.map,planner,1,12115,11699,351,351,11765,11699,22,0,100,False,den520d-random-25.scen,60
60,den520d.map,planner,1,12246,11699,353,351,11773,11699,23,0,100,True,den520d-random-25.scen,60
60,den520d.map,planner,1,12115,11699,351,351,11765,11699,23,0,1000,False,den520d-random-25.scen,60
60,den520d.map,planner,1,12246,11699,353,351,11773,11699,21,0,1000,True,den520d-random-25.scen,60
100,den520d.map,planner,1,19994,18880,372,372,19055,18880,36,0,0,False,den520d-random-25.scen,100
100,den520d.map,planner,1,19994,18880,372,372,19055,18880,39,0,0,True,den520d-random-25.scen,100
100,den520d.map,planner,1,19994,18880,372,372,19055,18880,37,0,1,False,den520d-random-25.scen,100
100,den520d.map,planner,1,20284,18880,372,372,19064,18880,39,0,1,True,den520d-random-25.scen,100
100,den520d.map,planner,1,19994,18880,372,372,19055,18880,38,0,10,False,den520d-random-25.scen,100
100,den520d.map,planner,1,20284,18880,372,372,19064,18880,35,0,10,True,den520d-random-25.scen,100
100,den520d.map,planner,1,19994,18880,372,372,19055,18880,39,0,100,False,den520d-random-25.scen,100
100,den520d.map,planner,1,20284,18880,372,372,19064,18880,37,0,100,True,den520d-random-25.scen,100
100,den520d.map,planner,1,19994,18880,372,372,19055,18880,35,0,1000,False,den520d-random-25.scen,100
100,den520d.map,planner,1,20284,18880,372,372,19064,18880,36,0,1000,True,den520d-random-25.scen,100
140,den520d.map,planner,1,29337,26673,403,403,26990,26673,55,0,0,False,den520d-random-25.scen,140
140,den520d.map,planner,1,29337,26673,403,403,26990,26673,54,0,0,True,den520d-random-25.scen,140
140,den520d.map,planner,1,29337,26673,403,403,26990,26673,54,0,1,False,den520d-random-25.scen,140
140,den520d.map,planner,1,29311,26673,403,403,27006,26673,54,0,1,True,den520d-random-25.scen,140
140,den520d.map,planner,1,29337,26673,403,403,26990,26673,61,0,10,False,den520d-random-25.scen,140
140,den520d.map,planner,1,29311,26673,403,403,27006,26673,53,0,10,True,den520d-random-25.scen,140
140,den520d.map,planner,1,29337,26673,403,403,26990,26673,55,0,100,False,den520d-random-25.scen,140
140,den520d.map,planner,1,29311,26673,403,403,27006,26673,59,0,100,True,den520d-random-25.scen,140
140,den520d.map,planner,1,29337,26673,403,403,26990,26673,60,0,1000,False,den520d-random-25.scen,140
140,den520d.map,planner,1,29311,26673,403,403,27006,26673,53,0,1000,True,den520d-random-25.scen,140
180,den520d.map,planner,1,38686,34388,403,403,34993,34388,78,0,0,False,den520d-random-25.scen,180
180,den520d.map,planner,1,38686,34388,403,403,34993,34388,69,0,0,True,den520d-random-25.scen,180
180,den520d.map,planner,1,38686,34388,403,403,34993,34388,69,0,1,False,den520d-random-25.scen,180
180,den520d.map,planner,1,38452,34388,403,403,34950,34388,77,0,1,True,den520d-random-25.scen,180
180,den520d.map,planner,1,38686,34388,403,403,34993,34388,64,0,10,False,den520d-random-25.scen,180
180,den520d.map,planner,1,38452,34388,403,403,34950,34388,68,0,10,True,den520d-random-25.scen,180
180,den520d.map,planner,1,38686,34388,403,403,34993,34388,69,0,100,False,den520d-random-25.scen,180
180,den520d.map,planner,1,38452,34388,403,403,34950,34388,72,0,100,True,den520d-random-25.scen,180
180,den520d.map,planner,1,38686,34388,403,403,34993,34388,69,0,1000,False,den520d-random-25.scen,180
180,den520d.map,planner,1,38452,34388,403,403,34950,34388,69,0,1000,True,den520d-random-25.scen,180
220,den520d.map,planner,1,46238,41020,403,403,41792,41020,91,0,0,False,den520d-random-25.scen,220
220,den520d.map,planner,1,46238,41020,403,403,41792,41020,86,0,0,True,den520d-random-25.scen,220
220,den520d.map,planner,1,46238,41020,403,403,41792,41020,87,0,1,False,den520d-random-25.scen,220
220,den520d.map,planner,1,45274,41020,403,403,41743,41020,80,0,1,True,den520d-random-25.scen,220
220,den520d.map,planner,1,46238,41020,403,403,41792,41020,81,0,10,False,den520d-random-25.scen,220
220,den520d.map,planner,1,45274,41020,403,403,41743,41020,92,0,10,True,den520d-random-25.scen,220
220,den520d.map,planner,1,46238,41020,403,403,41792,41020,83,0,100,False,den520d-random-25.scen,220
220,den520d.map,planner,1,45274,41020,403,403,41743,41020,81,0,100,True,den520d-random-25.scen,220
220,den520d.map,planner,1,46238,41020,403,403,41792,41020,85,0,1000,False,den520d-random-25.scen,220
220,den520d.map,planner,1,45274,41020,403,403,41743,41020,82,0,1000,True,den520d-random-25.scen,220
260,den520d.map,planner,1,53589,46887,403,403,48080,46887,99,0,0,False,den520d-random-25.scen,260
260,den520d.map,planner,1,53589,46887,403,403,48080,46887,94,0,0,True,den520d-random-25.scen,260
260,den520d.map,planner,1,53589,46887,403,403,48080,46887,102,0,1,False,den520d-random-25.scen,260
260,den520d.map,planner,1,52884,46887,403,403,47970,46887,100,0,1,True,den520d-random-25.scen,260
260,den520d.map,planner,1,53589,46887,403,403,48080,46887,101,0,10,False,den520d-random-25.scen,260
260,den520d.map,planner,1,52884,46887,403,403,47970,46887,97,0,10,True,den520d-random-25.scen,260
260,den520d.map,planner,1,53589,46887,403,403,48080,46887,106,0,100,False,den520d-random-25.scen,260
260,den520d.map,planner,1,52884,46887,403,403,47970,46887,99,0,100,True,den520d-random-25.scen,260
260,den520d.map,planner,1,53589,46887,403,403,48080,46887,107,0,1000,False,den520d-random-25.scen,260
260,den520d.map,planner,1,52884,46887,403,403,47970,46887,104,0,1000,True,den520d-random-25.scen,260
300,den520d.map,planner,1,61242,52712,403,403,54060,52712,123,0,0,False,den520d-random-25.scen,300
300,den520d.map,planner,1,61242,52712,403,403,54060,52712,117,0,0,True,den520d-random-25.scen,300
300,den520d.map,planner,1,61242,52712,403,403,54060,52712,115,0,1,False,den520d-random-25.scen,300
300,den520d.map,planner,1,60991,52712,403,403,54007,52712,115,0,1,True,den520d-random-25.scen,300
300,den520d.map,planner,1,61242,52712,403,403,54060,52712,115,0,10,False,den520d-random-25.scen,300
300,den520d.map,planner,1,60991,52712,403,403,54007,52712,112,0,10,True,den520d-random-25.scen,300
300,den520d.map,planner,1,61242,52712,403,403,54060,52712,112,0,100,False,den520d-random-25.scen,300
300,den520d.map,planner,1,60991,52712,403,403,54007,52712,123,0,100,True,den520d-random-25.scen,300
300,den520d.map,planner,1,61242,52712,403,403,54060,52712,112,0,1000,False,den520d-random-25.scen,300
300,den520d.map,planner,1,60991,52712,403,403,54007,52712,124,0,1000,True,den520d-random-25.scen,300
340,den520d.map,planner,1,69692,59610,403,403,61489,59610,131,0,0,False,den520d-random-25.scen,340
340,den520d.map,planner,1,69692,59610,403,403,61489,59610,127,0,0,True,den520d-random-25.scen,340
340,den520d.map,planner,1,69692,59610,403,403,61489,59610,131,0,1,False,den520d-random-25.scen,340
340,den520d.map,planner,1,70144,59610,403,403,61343,59610,133,0,1,True,den520d-random-25.scen,340
340,den520d.map,planner,1,69692,59610,403,403,61489,59610,150,0,10,False,den520d-random-25.scen,340
340,den520d.map,planner,1,70144,59610,403,403,61343,59610,128,0,10,True,den520d-random-25.scen,340
340,den520d.map,planner,1,69692,59610,403,403,61489,59610,131,0,100,False,den520d-random-25.scen,340
340,den520d.map,planner,1,70144,59610,403,403,61343,59610,141,0,100,True,den520d-random-25.scen,340
340,den520d.map,planner,1,69692,59610,403,403,61489,59610,135,0,1000,False,den520d-random-25.scen,340
340,den520d.map,planner,1,70144,59610,403,403,61343,59610,131,0,1000,True,den520d-random-25.scen,340
380,den520d.map,planner,1,79891,66761,403,403,69012,66761,146,0,0,False,den520d-random-25.scen,380
380,den520d.map,planner,1,79891,66761,403,403,69012,66761,144,0,0,True,den520d-random-25.scen,380
380,den520d.map,planner,1,79891,66761,403,403,69012,66761,152,0,1,False,den520d-random-25.scen,380
380,den520d.map,planner,1,79138,66761,403,403,68748,66761,149,0,1,True,den520d-random-25.scen,380
380,den520d.map,planner,1,79891,66761,403,403,69012,66761,144,0,10,False,den520d-random-25.scen,380
380,den520d.map,planner,1,79789,66761,403,403,68782,66761,146,0,10,True,den520d-random-25.scen,380
380,den520d.map,planner,1,79891,66761,403,403,69012,66761,156,0,100,False,den520d-random-25.scen,380
380,den520d.map,planner,1,79789,66761,403,403,68782,66761,148,0,100,True,den520d-random-25.scen,380
380,den520d.map,planner,1,79891,66761,403,403,69012,66761,150,0,1000,False,den520d-random-25.scen,380
380,den520d.map,planner,1,79789,66761,403,403,68782,66761,154,0,1000,True,den520d-random-25.scen,380
420,den520d.map,planner,1,88827,74699,403,403,77377,74699,163,0,0,False,den520d-random-25.scen,420
420,den520d.map,planner,1,88827,74699,403,403,77377,74699,168,0,0,True,den520d-random-25.scen,420
420,den520d.map,planner,1,88827,74699,403,403,77377,74699,176,0,1,False,den520d-random-25.scen,420
420,den520d.map,planner,1,89638,74699,403,403,77240,74699,171,0,1,True,den520d-random-25.scen,420
420,den520d.map,planner,1,88827,74699,403,403,77377,74699,166,0,10,False,den520d-random-25.scen,420
420,den520d.map,planner,1,88747,74699,403,403,77076,74699,169,0,10,True,den520d-random-25.scen,420
420,den520d.map,planner,1,88827,74699,403,403,77377,74699,166,0,100,False,den520d-random-25.scen,420
420,den520d.map,planner,1,88747,74699,403,403,77076,74699,186,0,100,True,den520d-random-25.scen,420
420,den520d.map,planner,1,88827,74699,403,403,77377,74699,173,0,1000,False,den520d-random-25.scen,420
420,den520d.map,planner,1,88747,74699,403,403,77076,74699,162,0,1000,True,den520d-random-25.scen,420
460,den520d.map,planner,1,99013,81384,403,403,84665,81384,183,0,0,False,den520d-random-25.scen,460
460,den520d.map,planner,1,99013,81384,403,403,84665,81384,173,0,0,True,den520d-random-25.scen,460
460,den520d.map,planner,1,99013,81384,403,403,84665,81384,188,0,1,False,den520d-random-25.scen,460
460,den520d.map,planner,1,97734,81384,407,403,84195,81384,188,0,1,True,den520d-random-25.scen,460
460,den520d.map,planner,1,99013,81384,403,403,84665,81384,195,0,10,False,den520d-random-25.scen,460
460,den520d.map,planner,1,98753,81384,407,403,84235,81384,205,0,10,True,den520d-random-25.scen,460
460,den520d.map,planner,1,99013,81384,403,403,84665,81384,182,0,100,False,den520d-random-25.scen,460
460,den520d.map,planner,1,99000,81384,407,403,84188,81384,296,0,100,True,den520d-random-25.scen,460
460,den520d.map,planner,1,99013,81384,403,403,84665,81384,186,0,1000,False,den520d-random-25.scen,460
460,den520d.map,planner,1,97946,81384,407,403,84156,81384,399,0,1000,True,den520d-random-25.scen,460
500,den520d.map,planner,1,108117,88706,403,403,92415,88706,198,0,0,False,den520d-random-25.scen,500
500,den520d.map,planner,1,108117,88706,403,403,92415,88706,199,0,0,True,den520d-random-25.scen,500
500,den520d.map,planner,1,108117,88706,403,403,92415,88706,201,0,1,False,den520d-random-25.scen,500
500,den520d.map,planner,1,108982,88706,403,403,92054,88706,201,0,1,True,den520d-random-25.scen,500
500,den520d.map,planner,1,108117,88706,403,403,92415,88706,207,0,10,False,den520d-random-25.scen,500
500,den520d.map,planner,1,108973,88706,405,403,92119,88706,244,0,10,True,den520d-random-25.scen,500
500,den520d.map,planner,1,108117,88706,403,403,92415,88706,212,0,100,False,den520d-random-25.scen,500
500,den520d.map,planner,1,107784,88706,405,403,91973,88706,335,0,100,True,den520d-random-25.scen,500
500,den520d.map,planner,1,108117,88706,403,403,92415,88706,208,0,1000,False,den520d-random-25.scen,500
500,den520d.map,planner,1,108387,88706,405,403,91915,88706,313,0,1000,True,den520d-random-25.scen,500
540,den520d.map,planner,1,117887,95501,403,403,100012,95501,227,0,0,False,den520d-random-25.scen,540
540,den520d.map,planner,1,117887,95501,403,403,100012,95501,217,0,0,True,den520d-random-25.scen,540
540,den520d.map,planner,1,117887,95501,403,403,100012,95501,211,0,1,False,den520d-random-25.scen,540
540,den520d.map,planner,1,118855,95501,403,403,99374,95501,226,0,1,True,den520d-random-25.scen,540
540,den520d.map,planner,1,117887,95501,403,403,100012,95501,223,0,10,False,den520d-random-25.scen,540
540,den520d.map,planner,1,117549,95501,406,403,99265,95501,255,0,10,True,den520d-random-25.scen,540
540,den520d.map,planner,1,117887,95501,403,403,100012,95501,232,0,100,False,den520d-random-25.scen,540
540,den520d.map,planner,1,118355,95501,411,403,99139,95501,384,0,100,True,den520d-random-25.scen,540
540,den520d.map,planner,1,117887,95501,403,403,100012,95501,209,0,1000,False,den520d-random-25.scen,540
540,den520d.map,planner,1,117512,95501,403,403,99096,95501,415,0,1000,True,den520d-random-25.scen,540
580,den520d.map,planner,1,128947,101904,403,403,107340,101904,254,0,0,False,den520d-random-25.scen,580
580,den520d.map,planner,1,128947,101904,403,403,107340,101904,250,0,0,True,den520d-random-25.scen,580
580,den520d.map,planner,1,128947,101904,403,403,107340,101904,246,0,1,False,den520d-random-25.scen,580
580,den520d.map,planner,1,127492,101904,403,403,106475,101904,269,0,1,True,den520d-random-25.scen,580
580,den520d.map,planner,1,128947,101904,403,403,107340,101904,232,0,10,False,den520d-random-25.scen,580
580,den520d.map,planner,1,126786,101904,405,403,106224,101904,306,0,10,True,den520d-random-25.scen,580
580,den520d.map,planner,1,128947,101904,403,403,107340,101904,235,0,100,False,den520d-random-25.scen,580
580,den520d.map,planner,1,127139,101904,405,403,106193,101904,466,0,100,True,den520d-random-25.scen,580
580,den520d.map,planner,1,128947,101904,403,403,107340,101904,242,0,1000,False,den520d-random-25.scen,580
580,den520d.map,planner,1,126657,101904,406,403,106290,101904,1312,0,1000,True,den520d-random-25.scen,580
620,den520d.map,planner,1,136751,108372,403,403,113954,108372,259,0,0,False,den520d-random-25.scen,620
620,den520d.map,planner,1,136751,108372,403,403,113954,108372,246,0,0,True,den520d-random-25.scen,620
620,den520d.map,planner,1,136751,108372,403,403,113954,108372,250,0,1,False,den520d-random-25.scen,620
620,den520d.map,planner,1,138169,108372,403,403,113649,108372,256,0,1,True,den520d-random-25.scen,620
620,den520d.map,planner,1,136751,108372,403,403,113954,108372,247,0,10,False,den520d-random-25.scen,620
620,den520d.map,planner,1,136824,108372,413,403,113342,108372,338,0,10,True,den520d-random-25.scen,620
620,den520d.map,planner,1,136751,108372,403,403,113954,108372,268,0,100,False,den520d-random-25.scen,620
620,den520d.map,planner,1,135502,108372,407,403,113067,108372,608,0,100,True,den520d-random-25.scen,620
620,den520d.map,planner,1,136751,108372,403,403,113954,108372,251,0,1000,False,den520d-random-25.scen,620
620,den520d.map,planner,1,135474,108372,407,403,113020,108372,1574,0,1000,True,den520d-random-25.scen,620
660,den520d.map,planner,1,147148,115437,403,403,122286,115437,272,0,0,False,den520d-random-25.scen,660
660,den520d.map,planner,1,147148,115437,403,403,122286,115437,284,0,0,True,den520d-random-25.scen,660
660,den520d.map,planner,1,147148,115437,403,403,122286,115437,276,0,1,False,den520d-random-25.scen,660
660,den520d.map,planner,1,145478,115437,404,403,121283,115437,288,0,1,True,den520d-random-25.scen,660
660,den520d.map,planner,1,147148,115437,403,403,122286,115437,279,0,10,False,den520d-random-25.scen,660
660,den520d.map,planner,1,145701,115437,404,403,120989,115437,424,0,10,True,den520d-random-25.scen,660
660,den520d.map,planner,1,147148,115437,403,403,122286,115437,267,0,100,False,den520d-random-25.scen,660
660,den520d.map,planner,1,145663,115437,407,403,120780,115437,766,0,100,True,den520d-random-25.scen,660
660,den520d.map,planner,1,147148,115437,403,403,122286,115437,267,0,1000,False,den520d-random-25.scen,660
660,den520d.map,planner,1,145632,115437,403,403,120668,115437,4956,0,1000,True,den520d-random-25.scen,660
700,den520d.map,planner,1,154841,121241,403,403,128565,121241,284,0,0,False,den520d-random-25.scen,700
700,den520d.map,planner,1,154841,121241,403,403,128565,121241,282,0,0,True,den520d-random-25.scen,700
700,den520d.map,planner,1,154841,121241,403,403,128565,121241,288,0,1,False,den520d-random-25.scen,700
700,den520d.map,planner,1,154079,121241,403,403,127705,121241,321,0,1,True,den520d-random-25.scen,700
700,den520d.map,planner,1,154841,121241,403,403,128565,121241,275,0,10,False,den520d-random-25.scen,700
700,den520d.map,planner,1,154722,121241,403,403,127462,121241,454,0,10,True,den520d-random-25.scen,700
700,den520d.map,planner,1,154841,121241,403,403,128565,121241,309,0,100,False,den520d-random-25.scen,700
700,den520d.map,planner,1,154243,121241,414,403,127096,121241,1262,0,100,True,den520d-random-25.scen,700
700,den520d.map,planner,1,154841,121241,403,403,128565,121241,293,0,1000,False,den520d-random-25.scen,700
700,den520d.map,planner,1,155682,121241,422,403,127211,121241,4325,0,1000,True,den520d-random-25.scen,700
740,den520d.map,planner,1,166600,126843,403,403,135563,126843,308,0,0,False,den520d-random-25.scen,740
740,den520d.map,planner,1,166600,126843,403,403,135563,126843,315,0,0,True,den520d-random-25.scen,740
740,den520d.map,planner,1,166600,126843,403,403,135563,126843,322,0,1,False,den520d-random-25.scen,740
740,den520d.map,planner,1,165373,126843,403,403,134325,126843,336,0,1,True,den520d-random-25.scen,740
740,den520d.map,planner,1,166600,126843,403,403,135563,126843,309,0,10,False,den520d-random-25.scen,740
740,den520d.map,planner,1,163810,126843,409,403,133696,126843,454,0,10,True,den520d-random-25.scen,740
740,den520d.map,planner,1,166600,126843,403,403,135563,126843,309,0,100,False,den520d-random-25.scen,740
740,den520d.map,planner,1,164643,126843,411,403,133789,126843,855,0,100,True,den520d-random-25.scen,740
740,den520d.map,planner,1,166600,126843,403,403,135563,126843,321,0,1000,False,den520d-random-25.scen,740
740,den520d.map,planner,1,162908,126843,403,403,133448,126843,9773,0,1000,True,den520d-random-25.scen,740
780,den520d.map,planner,1,175400,133213,403,403,141752,133213,342,0,0,False,den520d-random-25.scen,780
780,den520d.map,planner,1,175400,133213,403,403,141752,133213,330,0,0,True,den520d-random-25.scen,780
780,den520d.map,planner,1,175400,133213,403,403,141752,133213,348,0,1,False,den520d-random-25.scen,780
780,den520d.map,planner,1,174089,133213,404,403,141236,133213,347,0,1,True,den520d-random-25.scen,780
780,den520d.map,planner,1,175400,133213,403,403,141752,133213,305,0,10,False,den520d-random-25.scen,780
780,den520d.map,planner,1,176320,133213,407,403,140867,133213,488,0,10,True,den520d-random-25.scen,780
780,den520d.map,planner,1,175400,133213,403,403,141752,133213,312,0,100,False,den520d-random-25.scen,780
780,den520d.map,planner,1,172495,133213,408,403,140527,133213,1887,0,100,True,den520d-random-25.scen,780
780,den520d.map,planner,1,175400,133213,403,403,141752,133213,324,0,1000,False,den520d-random-25.scen,780
780,den520d.map,planner,1,172072,133213,412,403,140387,133213,11671,0,1000,True,den520d-random-25.scen,780
820,den520d.map,planner,1,186041,140801,409,409,150860,140801,365,0,0,False,den520d-random-25.scen,820
820,den520d.map,planner,1,186041,140801,409,409,150860,140801,347,0,0,True,den520d-random-25.scen,820
820,den520d.map,planner,1,186041,140801,409,409,150860,140801,343,0,1,False,den520d-random-25.scen,820
820,den520d.map,planner,1,185767,140801,409,409,150094,140801,404,0,1,True,den520d-random-25.scen,820
820,den520d.map,planner,1,186041,140801,409,409,150860,140801,358,0,10,False,den520d-random-25.scen,820
820,den520d.map,planner,1,183762,140801,409,409,149465,140801,600,0,10,True,den520d-random-25.scen,820
820,den520d.map,planner,1,186041,140801,409,409,150860,140801,342,0,100,False,den520d-random-25.scen,820
820,den520d.map,planner,1,184790,140801,411,409,149476,140801,2594,0,100,True,den520d-random-25.scen,820
820,den520d.map,planner,1,186041,140801,409,409,150860,140801,356,0,1000,False,den520d-random-25.scen,820
820,den520d.map,planner,1,183676,140801,415,409,149104,140801,18420,0,1000,True,den520d-random-25.scen,820
860,den520d.map,planner,1,196710,147403,409,409,158634,147403,364,0,0,False,den520d-random-25.scen,860
860,den520d.map,planner,1,196710,147403,409,409,158634,147403,358,0,0,True,den520d-random-25.scen,860
860,den520d.map,planner,1,196710,147403,409,409,158634,147403,336,0,1,False,den520d-random-25.scen,860
860,den520d.map,planner,1,196017,147403,409,409,157584,147403,402,0,1,True,den520d-random-25.scen,860
860,den520d.map,planner,1,196710,147403,409,409,158634,147403,369,0,10,False,den520d-random-25.scen,860
860,den520d.map,planner,1,194174,147403,409,409,156701,147403,659,0,10,True,den520d-random-25.scen,860
860,den520d.map,planner,1,196710,147403,409,409,158634,147403,366,0,100,False,den520d-random-25.scen,860
860,den520d.map,planner,1,195423,147403,409,409,156997,147403,3391,0,100,True,den520d-random-25.scen,860
860,den520d.map,planner,1,196710,147403,409,409,158634,147403,394,0,1000,False,den520d-random-25.scen,860
860,den520d.map,planner,1,192753,147403,410,409,156612,147403,27291,0,1000,True,den520d-random-25.scen,860
900,den520d.map,planner,1,208622,154754,409,409,167465,154754,392,0,0,False,den520d-random-25.scen,900
900,den520d.map,planner,1,208622,154754,409,409,167465,154754,379,0,0,True,den520d-random-25.scen,900
900,den520d.map,planner,1,208622,154754,409,409,167465,154754,356,0,1,False,den520d-random-25.scen,900
900,den520d.map,planner,1,205130,154754,409,409,165670,154754,411,0,1,True,den520d-random-25.scen,900
900,den520d.map,planner,1,208622,154754,409,409,167465,154754,376,0,10,False,den520d-random-25.scen,900
900,den520d.map,planner,1,205873,154754,412,409,165898,154754,740,0,10,True,den520d-random-25.scen,900
900,den520d.map,planner,1,208622,154754,409,409,167465,154754,364,0,100,False,den520d-random-25.scen,900
900,den520d.map,planner,1,206249,154754,409,409,165194,154754,3271,0,100,True,den520d-random-25.scen,900
900,den520d.map,planner,1,208622,154754,409,409,167465,154754,376,0,1000,False,den520d-random-25.scen,900
900,den520d.map,planner,1,205818,154754,409,409,165441,154754,30362,0,1000,True,den520d-random-25.scen,900
940,den520d.map,planner,1,219569,162073,409,409,176281,162073,392,0,0,False,den520d-random-25.scen,940
940,den520d.map,planner,1,219569,162073,409,409,176281,162073,390,0,0,True,den520d-random-25.scen,940
940,den520d.map,planner,1,219569,162073,409,409,176281,162073,387,0,1,False,den520d-random-25.scen,940
940,den520d.map,planner,1,219189,162073,409,409,174373,162073,403,0,1,True,den520d-random-25.scen,940
940,den520d.map,planner,1,219569,162073,409,409,176281,162073,400,0,10,False,den520d-random-25.scen,940
940,den520d.map,planner,1,217529,162073,409,409,173935,162073,719,0,10,True,den520d-random-25.scen,940
940,den520d.map,planner,1,219569,162073,409,409,176281,162073,399,0,100,False,den520d-random-25.scen,940
940,den520d.map,planner,1,218398,162073,409,409,174203,162073,4037,0,100,True,den520d-random-25.scen,940
940,den520d.map,planner,1,219569,162073,409,409,176281,162073,391,0,1000,False,den520d-random-25.scen,940
940,den520d.map,planner,1,217962,162073,413,409,173557,162073,33882,0,1000,True,den520d-random-25.scen,940
980,den520d.map,planner,1,229153,168381,409,409,183417,168381,418,0,0,False,den520d-random-25.scen,980
980,den520d.map,planner,1,229153,168381,409,409,183417,168381,415,0,0,True,den520d-random-25.scen,980
980,den520d.map,planner,1,229153,168381,409,409,183417,168381,411,0,1,False,den520d-random-25.scen,980
980,den520d.map,planner,1,228715,168381,414,409,182604,168381,457,0,1,True,den520d-random-25.scen,980
980,den520d.map,planner,1,229153,168381,409,409,183417,168381,409,0,10,False,den520d-random-25.scen,980
980,den520d.map,planner,1,227947,168381,409,409,182233,168381,806,0,10,True,den520d-random-25.scen,980
980,den520d.map,planner,1,229153,168381,409,409,183417,168381,415,0,100,False,den520d-random-25.scen,980
980,den520d.map,planner,1,227642,168381,410,409,181512,168381,4452,0,100,True,den520d-random-25.scen,980
980,den520d.map,planner,1,229153,168381,409,409,183417,168381,408,0,1000,False,den520d-random-25.scen,980
980,den520d.map,planner,1,227926,168381,414,409,180851,168381,33274,0,1000,True,den520d-random-25.scen,980
20,den520d.map,planner,1,2983,2981,319,319,2983,2981,6,0,0,False,den520d-random-6.scen,20
20,den520d.map,planner,1,2983,2981,319,319,2983,2981,6,0,0,True,den520d-random-6.scen,20
20,den520d.map,planner,1,2983,2981,319,319,2983,2981,6,0,1,False,den520d-random-6.scen,20
20,den520d.map,planner,1,2983,2981,319,319,2983,2981,6,0,1,True,den520d-random-6.scen,20
20,den520d.map,planner,1,2983,2981,319,319,2983,2981,5,0,10,False,den520d-random-6.scen,20
20,den520d.map,planner,1,2983,2981,319,319,2983,2981,6,0,10,True,den520d-random-6.scen,20
20,den520d.map,planner,1,2983,2981,319,319,2983,2981,6,0,100,False,den520d-random-6.scen,20
20,den520d.map,planner,1,2983,2981,319,319,2983,2981,7,0,100,True,den520d-random-6.scen,20
20,den520d.map,planner,1,2983,2981,319,319,2983,2981,6,0,1000,False,den520d-random-6.scen,20
20,den520d.map,planner,1,2983,2981,319,319,2983,2981,6,0,1000,True,den520d-random-6.scen,20
60,den520d.map,planner,1,10486,10054,335,335,10137,10054,19,0,0,False,den520d-random-6.scen,60
60,den520d.map,planner,1,10486,10054,335,335,10137,10054,19,0,0,True,den520d-random-6.scen,60
60,den520d.map,planner,1,10486,10054,335,335,10137,10054,20,0,1,False,den520d-random-6.scen,60
60,den520d.map,planner,1,10486,10054,335,335,10137,10054,22,0,1,True,den520d-random-6.scen,60
60,den520d.map,planner,1,10486,10054,335,335,10137,10054,24,0,10,False,den520d-random-6.scen,60
60,den520d.map,planner,1,10486,10054,335,335,10137,10054,20,0,10,True,den520d-random-6.scen,60
60,den520d.map,planner,1,10486,10054,335,335,10137,10054,21,0,100,False,den520d-random-6.scen,60
60,den520d.map,planner,1,10486,10054,335,335,10137,10054,23,0,100,True,den520d-random-6.scen,60
60,den520d.map,planner,1,10486,10054,335,335,10137,10054,24,0,1000,False,den520d-random-6.scen,60
60,den520d.map,planner,1,10486,10054,335,335,10137,10054,22,0,1000,True,den520d-random-6.scen,60
100,den520d.map,planner,1,18439,17448,353,353,17611,17448,32,0,0,False,den520d-random-6.scen,100
100,den520d.map,planner,1,18439,17448,353,353,17611,17448,35,0,0,True,den520d-random-6.scen,100
100,den520d.map,planner,1,18439,17448,353,353,17611,17448,38,0,1,False,den520d-random-6.scen,100
100,den520d.map,planner,1,18577,17448,353,353,17581,17448,40,0,1,True,den520d-random-6.scen,100
100,den520d.map,planner,1,18439,17448,353,353,17611,17448,36,0,10,False,den520d-random-6.scen,100
100,den520d.map,planner,1,18577,17448,353,353,17581,17448,33,0,10,True,den520d-random-6.scen,100
100,den520d.map,planner,1,18439,17448,353,353,17611,17448,33,0,100,False,den520d-random-6.scen,100
100,den520d.map,planner,1,18577,17448,353,353,17581,17448,33,0,100,True,den520d-random-6.scen,100
100,den520d.map,planner,1,18439,17448,353,353,17611,17448,32,0,1000,False,den520d-random-6.scen,100
100,den520d.map,planner,1,18577,17448,353,353,17581,17448,36,0,1000,True,den520d-random-6.scen,100
140,den520d.map,planner,1,26304,24577,371,371,24985,24577,53,0,0,False,den520d-random-6.scen,140
140,den520d.map,planner,1,26304,24577,371,371,24985,24577,49,0,0,True,den520d-random-6.scen,140
140,den520d.map,planner,1,26304,24577,371,371,24985,24577,50,0,1,False,den520d-random-6.scen,140
140,den520d.map,planner,1,26128,24577,371,371,24972,24577,48,0,1,True,den520d-random-6.scen,140
140,den520d.map,planner,1,26304,24577,371,371,24985,24577,50,0,10,False,den520d-random-6.scen,140
140,den520d.map,planner,1,26128,24577,371,371,24972,24577,54,0,10,True,den520d-random-6.scen,140
140,den520d.map,planner,1,26304,24577,371,371,24985,24577,49,0,100,False,den520d-random-6.scen,140
140,den520d.map,planner,1,26128,24577,371,371,24972,24577,49,0,100,True,den520d-random-6.scen,140
140,den520d.map,planner,1,26304,24577,371,371,24985,24577,56,0,1000,False,den520d-random-6.scen,140
140,den520d.map,planner,1,26128,24577,371,371,24972,24577,52,0,1000,True,den520d-random-6.scen,140
180,den520d.map,planner,1,36132,32278,371,371,32937,32278,66,0,0,False,den520d-random-6.scen,180
180,den520d.map,planner,1,36132,32278,371,371,32937,32278,61,0,0,True,den520d-random-6.scen,180
180,den520d.map,planner,1,36132,32278,371,371,32937,32278,65,0,1,False,den520d-random-6.scen,180
180,den520d.map,planner,1,35860,32278,371,371,32936,32278,69,0,1,True,den520d-random-6.scen,180
180,den520d.map,planner,1,36132,32278,371,371,32937,32278,68,0,10,False,den520d-random-6.scen,180
180,den520d.map,planner,1,35860,32278,371,371,32936,32278,64,0,10,True,den520d-random-6.scen,180
180,den520d.map,planner,1,36132,32278,371,371,32937,32278,68,0,100,False,den520d-random-6.scen,180
180,den520d.map,planner,1,35860,32278,371,371,32936,32278,67,0,100,True,den520d-random-6.scen,180
180,den520d.map,planner,1,36132,32278,371,371,32937,32278,64,0,1000,False,den520d-random-6.scen,180
180,den520d.map,planner,1,35860,32278,371,371,32936,32278,76,0,1000,True,den520d-random-6.scen,180
220,den520d.map,planner,1,44115,38511,376,376,39470,38511,83,0,0,False,den520d-random-6.scen,220
220,den520d.map,planner,1,44115,38511,376,376,39470,38511,85,0,0,True,den520d-random-6.scen,220
220,den520d.map,planner,1,44115,38511,376,376,39470,38511,77,0,1,False,den520d-random-6.scen,220
220,den520d.map,planner,1,44113,38511,376,376,39373,38511,86,0,1,True,den520d-random-6.scen,220
220,den520d.map,planner,1,44115,38511,376,376,39470,38511,78,0,10,False,den520d-random-6.scen,220
220,den520d.map,planner,1,44113,38511,376,376,39373,38511,81,0,10,True,den520d-random-6.scen,220
220,den520d.map,planner,1,44115,38511,376,376,39470,38511,82,0,100,False,den520d-random-6.scen,220
220,den520d.map,planner,1,44113,38511,376,376,39373,38511,76,0,100,True,den520d-random-6.scen,220
220,den520d.map,planner,1,44115,38511,376,376,39470,38511,79,0,1000,False,den520d-random-6.scen,220
220,den520d.map,planner,1,44113,38511,376,376,39373,38511,80,0,1000,True,den520d-random-6.scen,220
260,den520d.map,planner,1,51265,45531,385,385,46693,45531,107,0,0,False,den520d-random-6.scen,260
260,den520d.map,planner,1,51265,45531,385,385,46693,45531,101,0,0,True,den520d-random-6.scen,260
260,den520d.map,planner,1,51265,45531,385,385,46693,45531,107,0,1,False,den520d-random-6.scen,260
260,den520d.map,planner,1,51634,45531,385,385,46623,45531,106,0,1,True,den520d-random-6.scen,260
260,den520d.map,planner,1,51265,45531,385,385,46693,45531,96,0,10,False,den520d-random-6.scen,260
260,den520d.map,planner,1,51634,45531,385,385,46623,45531,94,0,10,True,den520d-random-6.scen,260
260,den520d.map,planner,1,51265,45531,385,385,46693,45531,107,0,100,False,den520d-random-6.scen,260
260,den520d.map,planner,1,51634,45531,385,385,46623,45531,104,0,100,True,den520d-random-6.scen,260
260,den520d.map,planner,1,51265,45531,385,385,46693,45531,99,0,1000,False,den520d-random-6.scen,260
260,den520d.map,planner,1,51634,45531,385,385,46623,45531,101,0,1000,True,den520d-random-6.scen,260
300,den520d.map,planner,1,60202,52024,385,385,53708,52024,118,0,0,False,den520d-random-6.scen,300
300,den520d.map,planner,1,60202,52024,385,385,53708,52024,112,0,0,True,den520d-random-6.scen,300
300,den520d.map,planner,1,60202,52024,385,385,53708,52024,117,0,1,False,den520d-random-6.scen,300
300,den520d.map,planner,1,58851,52024,385,385,53399,52024,110,0,1,True,den520d-random-6.scen,300
300,den520d.map,planner,1,60202,52024,385,385,53708,52024,111,0,10,False,den520d-random-6.scen,300
300,den520d.map,planner,1,58851,52024,385,385,53399,52024,109,0,10,True,den520d-random-6.scen,300
300,den520d.map,planner,1,60202,52024,385,385,53708,52024,111,0,100,False,den520d-random-6.scen,300
300,den520d.map,planner,1,58851,52024,385,385,53399,52024,121,0,100,True,den520d-random-6.scen,300
300,den520d.map,planner,1,60202,52024,385,385,53708,52024,108,0,1000,False,den520d-random-6.scen,300
300,den520d.map,planner,1,58851,52024,385,385,53399,52024,112,0,1000,True,den520d-random-6.scen,300
340,den520d.map,planner,1,67571,58080,385,385,60217,58080,133,0,0,False,den520d-random-6.scen,340
340,den520d.map,planner,1,67571,58080,385,385,60217,58080,133,0,0,True,den520d-random-6.scen,340
340,den520d.map,planner,1,67571,58080,385,385,60217,58080,136,0,1,False,den520d-random-6.scen,340
340,den520d.map,planner,1,67533,58080,385,385,59737,58080,133,0,1,True,den520d-random-6.scen,340
340,den520d.map,planner,1,67571,58080,385,385,60217,58080,144,0,10,False,den520d-random-6.scen,340
340,den520d.map,planner,1,67533,58080,385,385,59737,58080,129,0,10,True,den520d-random-6.scen,340
340,den520d.map,planner,1,67571,58080,385,385,60217,58080,124,0,100,False,den520d-random-6.scen,340
340,den520d.map,planner,1,67533,58080,385,385,59737,58080,128,0,100,True,den520d-random-6.scen,340
340,den520d.map,planner,1,67571,58080,385,385,60217,58080,131,0,1000,False,den520d-random-6.scen,340
340,den520d.map,planner,1,67533,58080,385,385,59737,58080,130,0,1000,True,den520d-random-6.scen,340
380,den520d.map,planner,1,76747,65137,385,385,67684,65137,157,0,0,False,den520d-random-6.scen,380
380,den520d.map,planner,1,76747,65137,385,385,67684,65137,163,0,0,True,den520d-random-6.scen,380
380,den520d.map,planner,1,76747,65137,385,385,67684,65137,138,0,1,False,den520d-random-6.scen,380
380,den520d.map,planner,1,76346,65137,385,385,67336,65137,159,0,1,True,den520d-random-6.scen,380
380,den520d.map,planner,1,76747,65137,385,385,67684,65137,142,0,10,False,den520d-random-6.scen,380
380,den520d.map,planner,1,76401,65137,385,385,67317,65137,155,0,10,True,den520d-random-6.scen,380
380,den520d.map,planner,1,76747,65137,385,385,67684,65137,150,0,100,False,den520d-random-6.scen,380
380,den520d.map,planner,1,76401,65137,385,385,67317,65137,152,0,100,True,den520d-random-6.scen,380
380,den520d.map,planner,1,76747,65137,385,385,67684,65137,145,0,1000,False,den520d-random-6.scen,380
380,den520d.map,planner,1,76401,65137,385,385,67317,65137,154,0,1000,True,den520d-random-6.scen,380
420,den520d.map,planner,1,87156,73266,385,385,76341,73266,165,0,0,False,den520d-random-6.scen,420
420,den520d.map,planner,1,87156,73266,385,385,76341,73266,155,0,0,True,den520d-random-6.scen,420
420,den520d.map,planner,1,87156,73266,385,385,76341,73266,167,0,1,False,den520d-random-6.scen,420
420,den520d.map,planner,1,86901,73266,385,385,75823,73266,175,0,1,True,den520d-random-6.scen,420
420,den520d.map,planner,1,87156,73266,385,385,76341,73266,163,0,10,False,den520d-random-6.scen,420
420,den520d.map,planner,1,86024,73266,385,385,75777,73266,186,0,10,True,den520d-random-6.scen,420
420,den520d.map,planner,1,87156,73266,385,385,76341,73266,161,0,100,False,den520d-random-6.scen,420
420,den520d.map,planner,1,85634,73266,385,385,75766,73266,339,0,100,True,den520d-random-6.scen,420
420,den520d.map,planner,1,87156,73266,385,385,76341,73266,174,0,1000,False,den520d-random-6.scen,420
420,den520d.map,planner,1,86325,73266,385,385,75742,73266,364,0,1000,True,den520d-random-6.scen,420
460,den520d.map,planner,1,94770,79637,385,385,83208,79637,180,0,0,False,den520d-random-6.scen,460
460,den520d.map,planner,1,94770,79637,385,385,83208,79637,187,0,0,True,den520d-random-6.scen,460
460,den520d.map,planner,1,94770,79637,385,385,83208,79637,182,0,1,False,den520d-random-6.scen,460
460,den520d.map,planner,1,95680,79637,385,385,82619,79637,185,0,1,True,den520d-random-6.scen,460
460,den520d.map,planner,1,94770,79637,385,385,83208,79637,173,0,10,False,den520d-random-6.scen,460
460,den520d.map,planner,1,93981,79637,385,385,82682,79637,230,0,10,True,den520d-random-6.scen,460
460,den520d.map,planner,1,94770,79637,385,385,83208,79637,199,0,100,False,den520d-random-6.scen,460
460,den520d.map,planner,1,94112,79637,385,385,82608,79637,282,0,100,True,den520d-random-6.scen,460
460,den520d.map,planner,1,94770,79637,385,385,83208,79637,169,0,1000,False,den520d-random-6.scen,460
460,den520d.map,planner,1,94731,79637,385,385,82676,79637,350,0,1000,True,den520d-random-6.scen,460
500,den520d.map,planner,1,105058,86415,385,385,90431,86415,209,0,0,False,den520d-random-6.scen,500
500,den520d.map,planner,1,105058,86415,385,385,90431,86415,200,0,0,True,den520d-random-6.scen,500
500,den520d.map,planner,1,105058,86415,385,385,90431,86415,200,0,1,False,den520d-random-6.scen,500
500,den520d.map,planner,1,105176,86415,385,385,89705,86415,204,0,1,True,den520d-random-6.scen,500
500,den520d.map,planner,1,105058,86415,385,385,90431,86415,197,0,10,False,den520d-random-6.scen,500
500,den520d.map,planner,1,103720,86415,387,385,89744,86415,275,0,10,True,den520d-random-6.scen,500
500,den520d.map,planner,1,105058,86415,385,385,90431,86415,205,0,100,False,den520d-random-6.scen,500
500,den520d.map,planner,1,104251,86415,387,385,89638,86415,426,0,100,True,den520d-random-6.scen,500
500,den520d.map,planner,1,105058,86415,385,385,90431,86415,205,0,1000,False,den520d-random-6.scen,500
500,den520d.map,planner,1,104145,86415,385,385,89621,86415,512,0,1000,True,den520d-random-6.scen,500
540,den520d.map,planner,1,114588,93230,385,385,97757,93230,229,0,0,False,den520d-random-6.scen,540
540,den520d.map,planner,1,114588,93230,385,385,97757,93230,223,0,0,True,den520d-random-6.scen,540
540,den520d.map,planner,1,114588,93230,385,385,97757,93230,214,0,1,False,den520d-random-6.scen,540
540,den520d.map,planner,1,114136,93230,385,385,97589,93230,241,0,1,True,den520d-random-6.scen,540
540,den520d.map,planner,1,114588,93230,385,385,97757,93230,218,0,10,False,den520d-random-6.scen,540
540,den520d.map,planner,1,113797,93230,387,385,97463,93230,366,0,10,True,den520d-random-6.scen,540
540,den520d.map,planner,1,114588,93230,385,385,97757,93230,217,0,100,False,den520d-random-6.scen,540
540,den520d.map,planner,1,113204,93230,387,385,97060,93230,728,0,100,True,den520d-random-6.scen,540
540,den520d.map,planner,1,114588,93230,385,385,97757,93230,222,0,1000,False,den520d-random-6.scen,540
540,den520d.map,planner,1,112452,93230,385,385,97061,93230,2811,0,1000,True,den520d-random-6.scen,540
580,den520d.map,planner,1,123461,99340,385,385,104903,99340,234,0,0,False,den520d-random-6.scen,580
580,den520d.map,planner,1,123461,99340,385,385,104903,99340,231,0,0,True,den520d-random-6.scen,580
580,den520d.map,planner,1,123461,99340,385,385,104903,99340,237,0,1,False,den520d-random-6.scen,580
580,den520d.map,planner,1,121816,99340,387,385,104049,99340,251,0,1,True,den520d-random-6.scen,580
580,den520d.map,planner,1,123461,99340,385,385,104903,99340,234,0,10,False,den520d-random-6.scen,580
580,den520d.map,planner,1,122358,99340,385,385,103670,99340,396,0,10,True,den520d-random-6.scen,580
580,den520d.map,planner,1,123461,99340,385,385,104903,99340,227,0,100,False,den520d-random-6.scen,580
580,den520d.map,planner,1,121510,99340,385,385,103490,99340,699,0,100,True,den520d-random-6.scen,580
580,den520d.map,planner,1,123461,99340,385,385,104903,99340,240,0,1000,False,den520d-random-6.scen,580
580,den520d.map,planner,1,122647,99340,385,385,103586,99340,3378,0,1000,True,den520d-random-6.scen,580
620,den520d.map,planner,1,132328,105256,385,385,111381,105256,255,0,0,False,den520d-random-6.scen,620
620,den520d.map,planner,1,132328,105256,385,385,111381,105256,243,0,0,True,den520d-random-6.scen,620
620,den520d.map,planner,1,132328,105256,385,385,111381,105256,252,0,1,False,den520d-random-6.scen,620
620,den520d.map,planner,1,131592,105256,385,385,110549,105256,295,0,1,True,den520d-random-6.scen,620
620,den520d.map,planner,1,132328,105256,385,385,111381,105256,268,0,10,False,den520d-random-6.scen,620
620,den520d.map,planner,1,131310,105256,385,385,110536,105256,474,0,10,True,den520d-random-6.scen,620
620,den520d.map,planner,1,132328,105256,385,385,111381,105256,248,0,100,False,den520d-random-6.scen,620
620,den520d.map,planner,1,130524,105256,385,385,110007,105256,619,0,100,True,den520d-random-6.scen,620
620,den520d.map,planner,1,132328,105256,385,385,111381,105256,248,0,1000,False,den520d-random-6.scen,620
620,den520d.map,planner,1,130682,105256,385,385,110223,105256,5875,0,1000,True,den520d-random-6.scen,620
660,den520d.map,planner,1,144013,112703,385,385,120111,112703,276,0,0,False,den520d-random-6.scen,660
660,den520d.map,planner,1,144013,112703,385,385,120111,112703,266,0,0,True,den520d-random-6.scen,660
660,den520d.map,planner,1,144013,112703,385,385,120111,112703,276,0,1,False,den520d-random-6.scen,660
660,den520d.map,planner,1,141845,112703,385,385,119124,112703,298,0,1,True,den520d-random-6.scen,660
660,den520d.map,planner,1,144013,112703,385,385,120111,112703,275,0,10,False,den520d-random-6.scen,660
660,den520d.map,planner,1,141665,112703,385,385,118801,112703,496,0,10,True,den520d-random-6.scen,660
660,den520d.map,planner,1,144013,112703,385,385,120111,112703,286,0,100,False,den520d-random-6.scen,660
660,den520d.map,planner,1,142447,112703,385,385,118291,112703,896,0,100,True,den520d-random-6.scen,660
660,den520d.map,planner,1,144013,112703,385,385,120111,112703,282,0,1000,False,den520d-random-6.scen,660
660,den520d.map,planner,1,141662,112703,385,385,118337,112703,4323,0,1000,True,den520d-random-6.scen,660
700,den520d.map,planner,1,153898,120143,385,385,128326,120143,282,0,0,False,den520d-random-6.scen,700
700,den520d.map,planner,1,153898,120143,385,385,128326,120143,294,0,0,True,den520d-random-6.scen,700
700,den520d.map,planner,1,153898,120143,385,385,128326,120143,285,0,1,False,den520d-random-6.scen,700
700,den520d.map,planner,1,153929,120143,385,385,127848,120143,311,0,1,True,den520d-random-6.scen,700
700,den520d.map,planner,1,153898,120143,385,385,128326,120143,293,0,10,False,den520d-random-6.scen,700
700,den520d.map,planner,1,153261,120143,385,385,127478,120143,592,0,10,True,den520d-random-6.scen,700
700,den520d.map,planner,1,153898,120143,385,385,128326,120143,292,0,100,False,den520d-random-6.scen,700
700,den520d.map,planner,1,151745,120143,385,385,126867,120143,2268,0,100,True,den520d-random-6.scen,700
700,den520d.map,planner,1,153898,120143,385,385,128326,120143,287,0,1000,False,den520d-random-6.scen,700
700,den520d.map,planner,1,152495,120143,385,385,126912,120143,19054,0,1000,True,den520d-random-6.scen,700
740,den520d.map,planner,1,163446,127354,385,385,136127,127354,321,0,0,False,den520d-random-6.scen,740
740,den520d.map,planner,1,163446,127354,385,385,136127,127354,308,0,0,True,den520d-random-6.scen,740
740,den520d.map,planner,1,163446,127354,385,385,136127,127354,311,0,1,False,den520d-random-6.scen,740
740,den520d.map,planner,1,162664,127354,385,385,135051,127354,348,0,1,True,den520d-random-6.scen,740
740,den520d.map,planner,1,163446,127354,385,385,136127,127354,310,0,10,False,den520d-random-6.scen,740
740,den520d.map,planner,1,162550,127354,385,385,135625,127354,623,0,10,True,den520d-random-6.scen,740
740,den520d.map,planner,1,163446,127354,385,385,136127,127354,308,0,100,False,den520d-random-6.scen,740
740,den520d.map,planner,1,161515,127354,387,385,134831,127354,2236,0,100,True,den520d-random-6.scen,740
740,den520d.map,planner,1,163446,127354,385,385,136127,127354,312,0,1000,False,den520d-random-6.scen,740
740,den520d.map,planner,1,161524,127354,385,385,134723,127354,20453,0,1000,True,den520d-random-6.scen,740
780,den520d.map,planner,1,174694,133688,385,385,143075,133688,309,0,0,False,den520d-random-6.scen,780
780,den520d.map,planner,1,174694,133688,385,385,143075,133688,308,0,0,True,den520d-random-6.scen,780
780,den520d.map,planner,1,174694,133688,385,385,143075,133688,325,0,1,False,den520d-random-6.scen,780
780,den520d.map,planner,1,172905,133688,385,385,142410,133688,383,0,1,True,den520d-random-6.scen,780
780,den520d.map,planner,1,174694,133688,385,385,143075,133688,322,0,10,False,den520d-random-6.scen,780
780,den520d.map,planner,1,172962,133688,387,385,142324,133688,647,0,10,True,den520d-random-6.scen,780
780,den520d.map,planner,1,174694,133688,385,385,143075,133688,322,0,100,False,den520d-random-6.scen,780
780,den520d.map,planner,1,172689,133688,385,385,142249,133688,3384,0,100,True,den520d-random-6.scen,780
780,den520d.map,planner,1,174694,133688,385,385,143075,133688,322,0,1000,False,den520d-random-6.scen,780
780,den520d.map,planner,1,172968,133688,385,385,141983,133688,26948,0,1000,True,den520d-random-6.scen,780
820,den520d.map,planner,1,185243,140645,385,385,151717,140645,349,0,0,False,den520d-random-6.scen,820
820,den520d.map,planner,1,185243,140645,385,385,151717,140645,337,0,0,True,den520d-random-6.scen,820
820,den520d.map,planner,1,185243,140645,385,385,151717,140645,352,0,1,False,den520d-random-6.scen,820
820,den520d.map,planner,1,182652,140645,387,385,150555,140645,373,0,1,True,den520d-random-6.scen,820
820,den520d.map,planner,1,185243,140645,385,385,151717,140645,332,0,10,False,den520d-random-6.scen,820
820,den520d.map,planner,1,183914,140645,389,385,150445,140645,708,0,10,True,den520d-random-6.scen,820
820,den520d.map,planner,1,185243,140645,385,385,151717,140645,336,0,100,False,den520d-random-6.scen,820
820,den520d.map,planner,1,183577,140645,389,385,150217,140645,3734,0,100,True,den520d-random-6.scen,820
820,den520d.map,planner,1,185243,140645,385,385,151717,140645,341,0,1000,False,den520d-random-6.scen,820
820,den520d.map,planner,1,182630,140645,394,385,149608,140645,26370,0,1000,True,den520d-random-6.scen,820
860,den520d.map,planner,1,195140,147395,394,385,159094,147395,371,0,0,False,den520d-random-6.scen,860
860,den520d.map,planner,1,195140,147395,394,385,159094,147395,354,0,0,True,den520d-random-6.scen,860
860,den520d.map,planner,1,195140,147395,394,385,159094,147395,354,0,1,False,den520d-random-6.scen,860
860,den520d.map,planner,1,192838,147395,386,385,158397,147395,397,0,1,True,den520d-random-6.scen,860
860,den520d.map,planner,1,195140,147395,394,385,159094,147395,340,0,10,False,den520d-random-6.scen,860
860,den520d.map,planner,1,194047,147395,385,385,157438,147395,682,0,10,True,den520d-random-6.scen,860
860,den520d.map,planner,1,195140,147395,394,385,159094,147395,350,0,100,False,den520d-random-6.scen,860
860,den520d.map,planner,1,194284,147395,392,385,158053,147395,3679,0,100,True,den520d-random-6.scen,860
860,den520d.map,planner,1,195140,147395,394,385,159094,147395,359,0,1000,False,den520d-random-6.scen,860
860,den520d.map,planner,1,192198,147395,385,385,157489,147395,34035,0,1000,True,den520d-random-6.scen,860
900,den520d.map,planner,1,202890,153535,398,385,166832,153535,372,0,0,False,den520d-random-6.scen,900
900,den520d.map,planner,1,202890,153535,398,385,166832,153535,389,0,0,True,den520d-random-6.scen,900
900,den520d.map,planner,1,202890,153535,398,385,166832,153535,356,0,1,False,den520d-random-6.scen,900
900,den520d.map,planner,1,202812,153535,387,385,165191,153535,404,0,1,True,den520d-random-6.scen,900
900,den520d.map,planner,1,202890,153535,398,385,166832,153535,384,0,10,False,den520d-random-6.scen,900
900,den520d.map,planner,1,202921,153535,386,385,165348,153535,749,0,10,True,den520d-random-6.scen,900
900,den520d.map,planner,1,202890,153535,398,385,166832,153535,380,0,100,False,den520d-random-6.scen,900
900,den520d.map,planner,1,202870,153535,385,385,165103,153535,4263,0,100,True,den520d-random-6.scen,900
900,den520d.map,planner,1,202890,153535,398,385,166832,153535,372,0,1000,False,den520d-random-6.scen,900
900,den520d.map,planner,1,201516,153535,385,385,164690,153535,32737,0,1000,True,den520d-random-6.scen,900
940,den520d.map,planner,1,215239,160859,385,385,174794,160859,391,0,0,False,den520d-random-6.scen,940
940,den520d.map,planner,1,215239,160859,385,385,174794,160859,391,0,0,True,den520d-random-6.scen,940
940,den520d.map,planner,1,215239,160859,385,385,174794,160859,403,0,1,False,den520d-random-6.scen,940
940,den520d.map,planner,1,213060,160859,389,385,174237,160859,448,0,1,True,den520d-random-6.scen,940
940,den520d.map,planner,1,215239,160859,385,385,174794,160859,411,0,10,False,den520d-random-6.scen,940
940,den520d.map,planner,1,214736,160859,386,385,174196,160859,815,0,10,True,den520d-random-6.scen,940
940,den520d.map,planner,1,215239,160859,385,385,174794,160859,395,0,100,False,den520d-random-6.scen,940
940,den520d.map,planner,1,213864,160859,388,385,173614,160859,4346,0,100,True,den520d-random-6.scen,940
940,den520d.map,planner,1,215239,160859,385,385,174794,160859,367,0,1000,False,den520d-random-6.scen,940
940,den520d.map,planner,1,213612,160859,390,385,173686,160859,39057,0,1000,True,den520d-random-6.scen,940
980,den520d.map,planner,1,225280,167657,387,385,183146,167657,423,0,0,False,den520d-random-6.scen,980
980,den520d.map,planner,1,225280,167657,387,385,183146,167657,404,0,0,True,den520d-random-6.scen,980
980,den520d.map,planner,1,225280,167657,387,385,183146,167657,423,0,1,False,den520d-random-6.scen,980
980,den520d.map,planner,1,225571,167657,391,385,182449,167657,483,0,1,True,den520d-random-6.scen,980
980,den520d.map,planner,1,225280,167657,387,385,183146,167657,407,0,10,False,den520d-random-6.scen,980
980,den520d.map,planner,1,225944,167657,390,385,182267,167657,866,0,10,True,den520d-random-6.scen,980
980,den520d.map,planner,1,225280,167657,387,385,183146,167657,419,0,100,False,den520d-random-6.scen,980
980,den520d.map,planner,1,227316,167657,417,385,182430,167657,5291,0,100,True,den520d-random-6.scen,980
980,den520d.map,planner,1,225280,167657,387,385,183146,167657,399,0,1000,False,den520d-random-6.scen,980
980,den520d.map,planner,1,224426,167657,386,385,181985,167657,45019,0,1000,True,den520d-random-6.scen,980
20,den520d.map,planner,1,2630,2528,326,326,2535,2528,6,0,0,False,den520d-random-8.scen,20
20,den520d.map,planner,1,2630,2528,326,326,2535,2528,7,0,0,True,den520d-random-8.scen,20
20,den520d.map,planner,1,2630,2528,326,326,2535,2528,5,0,1,False,den520d-random-8.scen,20
20,den520d.map,planner,1,2630,2528,326,326,2535,2528,6,0,1,True,den520d-random-8.scen,20
20,den520d.map,planner,1,2630,2528,326,326,2535,2528,7,0,10,False,den520d-random-8.scen,20
20,den520d.map,planner,1,2630,2528,326,326,2535,2528,6,0,10,True,den520d-random-8.scen,20
20,den520d.map,planner,1,2630,2528,326,326,2535,2528,7,0,100,False,den520d-random-8.scen,20
20,den520d.map,planner,1,2630,2528,326,326,2535,2528,6,0,100,True,den520d-random-8.scen,20
20,den520d.map,planner,1,2630,2528,326,326,2535,2528,6,0,1000,False,den520d-random-8.scen,20
20,den520d.map,planner,1,2630,2528,326,326,2535,2528,6,0,1000,True,den520d-random-8.scen,20
60,den520d.map,planner,1,10545,10151,366,366,10223,10151,25,0,0,False,den520d-random-8.scen,60
60,den520d.map,planner,1,10545,10151,366,366,10223,10151,20,0,0,True,den520d-random-8.scen,60
60,den520d.map,planner,1,10545,10151,366,366,10223,10151,22,0,1,False,den520d-random-8.scen,60
60,den520d.map,planner,1,10545,10151,366,366,10223,10151,22,0,1,True,den520d-random-8.scen,60
60,den520d.map,planner,1,10545,10151,366,366,10223,10151,22,0,10,False,den520d-random-8.scen,60
60,den520d.map,planner,1,10545,10151,366,366,10223,10151,21,0,10,True,den520d-random-8.scen,60
60,den520d.map,planner,1,10545,10151,366,366,10223,10151,24,0,100,False,den520d-random-8.scen,60
60,den520d.map,planner,1,10545,10151,366,366,10223,10151,19,0,100,True,den520d-random-8.scen,60
60,den520d.map,planner,1,10545,10151,366,366,10223,10151,22,0,1000,False,den520d-random-8.scen,60
60,den520d.map,planner,1,10545,10151,366,366,10223,10151,19,0,1000,True,den520d-random-8.scen,60
100,den520d.map,planner,1,17983,16709,366,366,16893,16709,35,0,0,False,den520d-random-8.scen,100
100,den520d.map,planner,1,17983,16709,366,366,16893,16709,42,0,0,True,den520d-random-8.scen,100
100,den520d.map,planner,1,17983,16709,366,366,16893,16709,35,0,1,False,den520d-random-8.scen,100
100,den520d.map,planner,1,18109,16709,366,366,16887,16709,37,0,1,True,den520d-random-8.scen,100
100,den520d.map,planner,1,17983,16709,366,366,16893,16709,38,0,10,False,den520d-random-8.scen,100
100,den520d.map,planner,1,18109,16709,366,366,16887,16709,39,0,10,True,den520d-random-8.scen,100
100,den520d.map,planner,1,17983,16709,366,366,16893,16709,34,0,100,False,den520d-random-8.scen,100
100,den520d.map,planner,1,18109,16709,366,366,16887,16709,33,0,100,True,den520d-random-8.scen,100
100,den520d.map,planner,1,17983,16709,366,366,16893,16709,32,0,1000,False,den520d-random-8.scen,100
100,den520d.map,planner,1,18109,16709,366,366,16887,16709,38,0,1000,True,den520d-random-8.scen,100
140,den520d.map,planner,1,26010,23180,370,370,23531,23180,55,0,0,False,den520d-random-8.scen,140
140,den520d.map,planner,1,26010,23180,370,370,23531,23180,56,0,0,True,den520d-random-8.scen,140
140,den520d.map,planner,1,26010,23180,370,370,23531,23180,50,0,1,False,den520d-random-8.scen,140
140,den520d.map,planner,1,25837,23180,370,370,23546,23180,50,0,1,True,den520d-random-8.scen,140
140,den520d.map,planner,1,26010,23180,370,370,23531,23180,46,0,10,False,den520d-random-8.scen,140
140,den520d.map,planner,1,25837,23180,370,370,23546,23180,55,0,10,True,den520d-random-8.scen,140
140,den520d.map,planner,1,26010,23180,370,370,23531,23180,47,0,100,False,den520d-random-8.scen,140
140,den520d.map,planner,1,25837,23180,370,370,23546,23180,49,0,100,True,den520d-random-8.scen,140
140,den520d.map,planner,1,26010,23180,370,370,23531,23180,52,0,1000,False,den520d-random-8.scen,140
140,den520d.map,planner,1,25837,23180,370,370,23546,23180,49,0,1000,True,den520d-random-8.scen,140
180,den520d.map,planner,1,34527,30414,370,370,31003,30414,66,0,0,False,den520d-random-8.scen,180
180,den520d.map,planner,1,34527,30414,370,370,31003,30414,67,0,0,True,den520d-random-8.scen,180
180,den520d.map,planner,1,34527,30414,370,370,31003,30414,66,0,1,False,den520d-random-8.scen,180
180,den520d.map,planner,1,34615,30414,370,370,30936,30414,70,0,1,True,den520d-random-8.scen,180
180,den520d.map,planner,1,34527,30414,370,370,31003,30414,64,0,10,False,den520d-random-8.scen,180
180,den520d.map,planner,1,34615,30414,370,370,30936,30414,60,0,10,True,den520d-random-8.scen,180
180,den520d.map,planner,1,34527,30414,370,370,31003,30414,70,0,100,False,den520d-random-8.scen,180
180,den520d.map,planner,1,34615,30414,370,370,30936,30414,66,0,100,True,den520d-random-8.scen,180
180,den520d.map,planner,1,34527,30414,370,370,31003,30414,66,0,1000,False,den520d-random-8.scen,180
180,den520d.map,planner,1,34615,30414,370,370,30936,30414,61,0,1000,True,den520d-random-8.scen,180
220,den520d.map,planner,1,43446,38120,370,370,38990,38120,80,0,0,False,den520d-random-8.scen,220
220,den520d.map,planner,1,43446,38120,370,370,38990,38120,87,0,0,True,den520d-random-8.scen,220
220,den520d.map,planner,1,43446,38120,370,370,38990,38120,82,0,1,False,den520d-random-8.scen,220
220,den520d.map,planner,1,43307,38120,372,370,38946,38120,79,0,1,True,den520d-random-8.scen,220
220,den520d.map,planner,1,43446,38120,370,370,38990,38120,77,0,10,False,den520d-random-8.scen,220
220,den520d.map,planner,1,43307,38120,372,370,38946,38120,83,0,10,True,den520d-random-8.scen,220
220,den520d.map,planner,1,43446,38120,370,370,38990,38120,77,0,100,False,den520d-random-8.scen,220
220,den520d.map,planner,1,43307,38120,372,370,38946,38120,81,0,100,True,den520d-random-8.scen,220
220,den520d.map,planner,1,43446,38120,370,370,38990,38120,85,0,1000,False,den520d-random-8.scen,220
220,den520d.map,planner,1,43307,38120,372,370,38946,38120,91,0,1000,True,den520d-random-8.scen,220
260,den520d.map,planner,1,51422,45075,370,370,46246,45075,105,0,0,False,den520d-random-8.scen,260
260,den520d.map,planner,1,51422,45075,370,370,46246,45075,105,0,0,True,den520d-random-8.scen,260
260,den520d.map,planner,1,51422,45075,370,370,46246,45075,96,0,1,False,den520d-random-8.scen,260
260,den520d.map,planner,1,51891,45075,370,370,46194,45075,103,0,1,True,den520d-random-8.scen,260
260,den520d.map,planner,1,51422,45075,370,370,46246,45075,100,0,10,False,den520d-random-8.scen,260
260,den520d.map,planner,1,51891,45075,370,370,46194,45075,101,0,10,True,den520d-random-8.scen,260
260,den520d.map,planner,1,51422,45075,370,370,46246,45075,99,0,100,False,den520d-random-8.scen,260
260,den520d.map,planner,1,51891,45075,370,370,46194,45075,100,0,100,True,den520d-random-8.scen,260
260,den520d.map,planner,1,51422,45075,370,370,46246,45075,96,0,1000,False,den520d-random-8.scen,260
260,den520d.map,planner,1,51891,45075,370,370,46194,45075,99,0,1000,True,den520d-random-8.scen,260
300,den520d.map,planner,1,60547,51841,370,370,53370,51841,112,0,0,False,den520d-random-8.scen,300
300,den520d.map,planner,1,60547,51841,370,370,53370,51841,115,0,0,True,den520d-random-8.scen,300
300,den520d.map,planner,1,60547,51841,370,370,53370,51841,125,0,1,False,den520d-random-8.scen,300
300,den520d.map,planner,1,60544,51841,370,370,53302,51841,118,0,1,True,den520d-random-8.scen,300
300,den520d.map,planner,1,60547,51841,370,370,53370,51841,119,0,10,False,den520d-random-8.scen,300
300,den520d.map,planner,1,60544,51841,370,370,53302,51841,117,0,10,True,den520d-random-8.scen,300
300,den520d.map,planner,1,60547,51841,370,370,53370,51841,109,0,100,False,den520d-random-8.scen,300
300,den520d.map,planner,1,60544,51841,370,370,53302,51841,114,0,100,True,den520d-random-8.scen,300
300,den520d.map,planner,1,60547,51841,370,370,53370,51841,117,0,1000,False,den520d-random-8.scen,300
300,den520d.map,planner,1,60544,51841,370,370,53302,51841,116,0,1000,True,den520d-random-8.scen,300
340,den520d.map,planner,1,68757,58626,370,370,60513,58626,128,0,0,False,den520d-random-8.scen,340
340,den520d.map,planner,1,68757,58626,370,370,60513,58626,136,0,0,True,den520d-random-8.scen,340
340,den520d.map,planner,1,68757,58626,370,370,60513,58626,136,0,1,False,den520d-random-8.scen,340
340,den520d.map,planner,1,68552,58626,370,370,60273,58626,141,0,1,True,den520d-random-8.scen,340
340,den520d.map,planner,1,68757,58626,370,370,60513,58626,133,0,10,False,den520d-random-8.scen,340
340,den520d.map,planner,1,69522,58626,370,370,60354,58626,137,0,10,True,den520d-random-8.scen,340
340,den520d.map,planner,1,68757,58626,370,370,60513,58626,135,0,100,False,den520d-random-8.scen,340
340,den520d.map,planner,1,69522,58626,370,370,60354,58626,135,0,100,True,den520d-random-8.scen,340
340,den520d.map,planner,1,68757,58626,370,370,60513,58626,135,0,1000,False,den520d-random-8.scen,340
340,den520d.map,planner,1,69522,58626,370,370,60354,58626,127,0,1000,True,den520d-random-8.scen,340
380,den520d.map,planner,1,78705,65940,379,379,68337,65940,143,0,0,False,den520d-random-8.scen,380
380,den520d.map,planner,1,78705,65940,379,379,68337,65940,154,0,0,True,den520d-random-8.scen,380
380,den520d.map,planner,1,78705,65940,379,379,68337,65940,145,0,1,False,den520d-random-8.scen,380
380,den520d.map,planner,1,77918,65940,381,379,67977,65940,164,0,1,True,den520d-random-8.scen,380
380,den520d.map,planner,1,78705,65940,379,379,68337,65940,159,0,10,False,den520d-random-8.scen,380
380,den520d.map,planner,1,77766,65940,379,379,68003,65940,164,0,10,True,den520d-random-8.scen,380
380,den520d.map,planner,1,78705,65940,379,379,68337,65940,158,0,100,False,den520d-random-8.scen,380
380,den520d.map,planner,1,78769,65940,379,379,68028,65940,254,0,100,True,den520d-random-8.scen,380
380,den520d.map,planner,1,78705,65940,379,379,68337,65940,157,0,1000,False,den520d-random-8.scen,380
380,den520d.map,planner,1,78508,65940,379,379,68125,65940,455,0,1000,True,den520d-random-8.scen,380
420,den520d.map,planner,1,88136,72994,379,379,76043,72994,163,0,0,False,den520d-random-8.scen,420
420,den520d.map,planner,1,88136,72994,379,379,76043,72994,174,0,0,True,den520d-random-8.scen,420
420,den520d.map,planner,1,88136,72994,379,379,76043,72994,155,0,1,False,den520d-random-8.scen,420
420,den520d.map,planner,1,86998,72994,379,379,75634,72994,198,0,1,True,den520d-random-8.scen,420
420,den520d.map,planner,1,88136,72994,379,379,76043,72994,164,0,10,False,den520d-random-8.scen,420
420,den520d.map,planner,1,86167,72994,379,379,75493,72994,227,0,10,True,den520d-random-8.scen,420
420,den520d.map,planner,1,88136,72994,379,379,76043,72994,169,0,100,False,den520d-random-8.scen,420
420,den520d.map,planner,1,88096,72994,379,379,75570,72994,346,0,100,True,den520d-random-8.scen,420
420,den520d.map,planner,1,88136,72994,379,379,76043,72994,192,0,1000,False,den520d-random-8.scen,420
420,den520d.map,planner,1,87115,72994,379,379,75501,72994,348,0,1000,True,den520d-random-8.scen,420
460,den520d.map,planner,1,97311,80777,379,379,84040,80777,185,0,0,False,den520d-random-8.scen,460
460,den520d.map,planner,1,97311,80777,379,379,84040,80777,204,0,0,True,den520d-random-8.scen,460
460,den520d.map,planner,1,97311,80777,379,379,84040,80777,171,0,1,False,den520d-random-8.scen,460
460,den520d.map,planner,1,98157,80777,379,379,83934,80777,209,0,1,True,den520d-random-8.scen,460
460,den520d.map,planner,1,97311,80777,379,379,84040,80777,188,0,10,False,den520d-random-8.scen,460
460,den520d.map,planner,1,97314,80777,381,379,83912,80777,237,0,10,True,den520d-random-8.scen,460
460,den520d.map,planner,1,97311,80777,379,379,84040,80777,179,0,100,False,den520d-random-8.scen,460
460,den520d.map,planner,1,97879,80777,382,379,83852,80777,258,0,100,True,den520d-random-8.scen,460
460,den520d.map,planner,1,97311,80777,379,379,84040,80777,186,0,1000,False,den520d-random-8.scen,460
460,den520d.map,planner,1,97879,80777,382,379,83852,80777,239,0,1000,True,den520d-random-8.scen,460
500,den520d.map,planner,1,105328,86994,379,379,90652,86994,200,0,0,False,den520d-random-8.scen,500
500,den520d.map,planner,1,105328,86994,379,379,90652,86994,205,0,0,True,den520d-random-8.scen,500
500,den520d.map,planner,1,105328,86994,379,379,90652,86994,205,0,1,False,den520d-random-8.scen,500
500,den520d.map,planner,1,103526,86994,379,379,90584,86994,214,0,1,True,den520d-random-8.scen,500
500,den520d.map,planner,1,105328,86994,379,379,90652,86994,198,0,10,False,den520d-random-8.scen,500
500,den520d.map,planner,1,105176,86994,379,379,90206,86994,284,0,10,True,den520d-random-8.scen,500
500,den520d.map,planner,1,105328,86994,379,379,90652,86994,195,0,100,False,den520d-random-8.scen,500
500,den520d.map,planner,1,105688,86994,379,379,90300,86994,802,0,100,True,den520d-random-8.scen,500
500,den520d.map,planner,1,105328,86994,379,379,90652,86994,193,0,1000,False,den520d-random-8.scen,500
500,den520d.map,planner,1,105304,86994,379,379,90435,86994,1581,0,1000,True,den520d-random-8.scen,500
540,den520d.map,planner,1,116255,93737,390,390,98329,93737,222,0,0,False,den520d-random-8.scen,540
540,den520d.map,planner,1,116255,93737,390,390,98329,93737,208,0,0,True,den520d-random-8.scen,540
540,den520d.map,planner,1,116255,93737,390,390,98329,93737,209,0,1,False,den520d-random-8.scen,540
540,den520d.map,planner,1,116107,93737,391,390,98023,93737,234,0,1,True,den520d-random-8.scen,540
540,den520d.map,planner,1,116255,93737,390,390,98329,93737,224,0,10,False,den520d-random-8.scen,540
540,den520d.map,planner,1,114521,93737,390,390,97654,93737,337,0,10,True,den520d-random-8.scen,540
540,den520d.map,planner,1,116255,93737,390,390,98329,93737,210,0,100,False,den520d-random-8.scen,540
540,den520d.map,planner,1,113791,93737,393,390,97738,93737,1245,0,100,True,den520d-random-8.scen,540
540,den520d.map,planner,1,116255,93737,390,390,98329,93737,211,0,1000,False,den520d-random-8.scen,540
540,den520d.map,planner,1,114812,93737,391,390,97566,93737,4350,0,1000,True,den520d-random-8.scen,540
580,den520d.map,planner,1,125049,100457,390,390,105618,100457,247,0,0,False,den520d-random-8.scen,580
580,den520d.map,planner,1,125049,100457,390,390,105618,100457,223,0,0,True,den520d-random-8.scen,580
580,den520d.map,planner,1,125049,100457,390,390,105618,100457,226,0,1,False,den520d-random-8.scen,580
580,den520d.map,planner,1,124027,100457,394,390,105020,100457,247,0,1,True,den520d-random-8.scen,580
580,den520d.map,planner,1,125049,100457,390,390,105618,100457,240,0,10,False,den520d-random-8.scen,580
580,den520d.map,planner,1,125119,100457,402,390,104954,100457,374,0,10,True,den520d-random-8.scen,580
580,den520d.map,planner,1,125049,100457,390,390,105618,100457,224,0,100,False,den520d-random-8.scen,580
580,den520d.map,planner,1,123067,100457,390,390,104702,100457,1032,0,100,True,den520d-random-8.scen,580
580,den520d.map,planner,1,125049,100457,390,390,105618,100457,223,0,1000,False,den520d-random-8.scen,580
580,den520d.map,planner,1,123131,100457,392,390,104709,100457,4470,0,1000,True,den520d-random-8.scen,580
620,den520d.map,planner,1,136255,108184,390,390,114193,108184,255,0,0,False,den520d-random-8.scen,620
620,den520d.map,planner,1,136255,108184,390,390,114193,108184,253,0,0,True,den520d-random-8.scen,620
620,den520d.map,planner,1,136255,108184,390,390,114193,108184,243,0,1,False,den520d-random-8.scen,620
620,den520d.map,planner,1,135440,108184,401,390,113722,108184,289,0,1,True,den520d-random-8.scen,620
620,den520d.map,planner,1,136255,108184,390,390,114193,108184,262,0,10,False,den520d-random-8.scen,620
620,den520d.map,planner,1,134091,108184,390,390,113328,108184,478,0,10,True,den520d-random-8.scen,620
620,den520d.map,planner,1,136255,108184,390,390,114193,108184,251,0,100,False,den520d-random-8.scen,620
620,den520d.map,planner,1,135423,108184,390,390,113430,108184,2001,0,100,True,den520d-random-8.scen,620
620,den520d.map,planner,1,136255,108184,390,390,114193,108184,252,0,1000,False,den520d-random-8.scen,620
620,den520d.map,planner,1,133717,108184,393,390,112996,108184,10707,0,1000,True,den520d-random-8.scen,620
660,den520d.map,planner,1,146119,115552,390,390,122828,115552,266,0,0,False,den520d-random-8.scen,660
660,den520d.map,planner,1,146119,115552,390,390,122828,115552,260,0,0,True,den520d-random-8.scen,660
660,den520d.map,planner,1,146119,115552,390,390,122828,115552,267,0,1,False,den520d-random-8.scen,660
660,den520d.map,planner,1,145974,115552,390,390,121833,115552,297,0,1,True,den520d-random-8.scen,660
660,den520d.map,planner,1,146119,115552,390,390,122828,115552,266,0,10,False,den520d-random-8.scen,660
660,den520d.map,planner,1,145775,115552,390,390,121886,115552,537,0,10,True,den520d-random-8.scen,660
660,den520d.map,planner,1,146119,115552,390,390,122828,115552,281,0,100,False,den520d-random-8.scen,660
660,den520d.map,planner,1,145285,115552,401,390,121334,115552,2072,0,100,True,den520d-random-8.scen,660
660,den520d.map,planner,1,146119,115552,390,390,122828,115552,282,0,1000,False,den520d-random-8.scen,660
660,den520d.map,planner,1,144237,115552,397,390,121267,115552,17498,0,1000,True,den520d-random-8.scen,660
700,den520d.map,planner,1,157351,121969,390,390,130133,121969,284,0,0,False,den520d-random-8.scen,700
700,den520d.map,planner,1,157351,121969,390,390,130133,121969,272,0,0,True,den520d-random-8.scen,700
700,den520d.map,planner,1,157351,121969,390,390,130133,121969,268,0,1,False,den520d-random-8.scen,700
700,den520d.map,planner,1,154577,121969,391,390,129125,121969,331,0,1,True,den520d-random-8.scen,700
700,den520d.map,planner,1,157351,121969,390,390,130133,121969,283,0,10,False,den520d-random-8.scen,700
700,den520d.map,planner,1,154796,121969,390,390,129394,121969,558,0,10,True,den520d-random-8.scen,700
700,den520d.map,planner,1,157351,121969,390,390,130133,121969,282,0,100,False,den520d-random-8.scen,700
700,den520d.map,planner,1,155039,121969,390,390,128663,121969,2579,0,100,True,den520d-random-8.scen,700
700,den520d.map,planner,1,157351,121969,390,390,130133,121969,276,0,1000,False,den520d-random-8.scen,700
700,den520d.map,planner,1,154100,121969,391,390,128728,121969,20577,0,1000,True,den520d-random-8.scen,700
740,den520d.map,planner,1,167216,128481,390,390,137428,128481,306,0,0,False,den520d-random-8.scen,740
740,den520d.map,planner,1,167216,128481,390,390,137428,128481,312,0,0,True,den520d-random-8.scen,740
740,den520d.map,planner,1,167216,128481,390,390,137428,128481,291,0,1,False,den520d-random-8.scen,740
740,den520d.map,planner,1,166789,128481,390,390,136687,128481,325,0,1,True,den520d-random-8.scen,740
740,den520d.map,planner,1,167216,128481,390,390,137428,128481,315,0,10,False,den520d-random-8.scen,740
740,den520d.map,planner,1,165285,128481,390,390,136719,128481,630,0,10,True,den520d-random-8.scen,740
740,den520d.map,planner,1,167216,128481,390,390,137428,128481,301,0,100,False,den520d-random-8.scen,740
740,den520d.map,planner,1,164631,128481,390,390,136220,128481,2657,0,100,True,den520d-random-8.scen,740
740,den520d.map,planner,1,167216,128481,390,390,137428,128481,311,0,1000,False,den520d-random-8.scen,740
740,den520d.map,planner,1,166994,128481,395,390,136215,128481,22853,0,1000,True,den520d-random-8.scen,740
780,den520d.map,planner,1,177928,135232,415,390,145378,135232,331,0,0,False,den520d-random-8.scen,780
780,den520d.map,planner,1,177928,135232,415,390,145378,135232,323,0,0,True,den520d-random-8.scen,780
780,den520d.map,planner,1,177928,135232,415,390,145378,135232,321,0,1,False,den520d-random-8.scen,780
780,den520d.map,planner,1,177014,135232,393,390,144922,135232,359,0,1,True,den520d-random-8.scen,780
780,den520d.map,planner,1,177928,135232,415,390,145378,135232,334,0,10,False,den520d-random-8.scen,780
780,den520d.map,planner,1,175929,135232,390,390,144010,135232,634,0,10,True,den520d-random-8.scen,780
780,den520d.map,planner,1,177928,135232,415,390,145378,135232,334,0,100,False,den520d-random-8.scen,780
780,den520d.map,planner,1,177375,135232,390,390,143901,135232,3185,0,100,True,den520d-random-8.scen,780
780,den520d.map,planner,1,177928,135232,415,390,145378,135232,350,0,1000,False,den520d-random-8.scen,780
780,den520d.map,planner,1,174185,135232,391,390,143794,135232,26544,0,1000,True,den520d-random-8.scen,780
820,den520d.map,planner,1,188432,143033,406,395,153841,143033,340,0,0,False,den520d-random-8.scen,820
820,den520d.map,planner,1,188432,143033,406,395,153841,143033,343,0,0,True,den520d-random-8.scen,820
820,den520d.map,planner,1,188432,143033,406,395,153841,143033,346,0,1,False,den520d-random-8.scen,820
820,den520d.map,planner,1,187488,143033,396,395,153100,143033,378,0,1,True,den520d-random-8.scen,820
820,den520d.map,planner,1,188432,143033,406,395,153841,143033,347,0,10,False,den520d-random-8.scen,820
820,den520d.map,planner,1,187193,143033,395,395,152855,143033,684,0,10,True,den520d-random-8.scen,820
820,den520d.map,planner,1,188432,143033,406,395,153841,143033,334,0,100,False,den520d-random-8.scen,820
820,den520d.map,planner,1,185945,143033,399,395,152404,143033,3255,0,100,True,den520d-random-8.scen,820
820,den520d.map,planner,1,188432,143033,406,395,153841,143033,331,0,1000,False,den520d-random-8.scen,820
820,den520d.map,planner,1,185541,143033,396,395,152251,143033,29080,0,1000,True,den520d-random-8.scen,820
860,den520d.map,planner,1,199366,149755,395,395,162218,149755,382,0,0,False,den520d-random-8.scen,860
860,den520d.map,planner,1,199366,149755,395,395,162218,149755,378,0,0,True,den520d-random-8.scen,860
860,den520d.map,planner,1,199366,149755,395,395,162218,149755,354,0,1,False,den520d-random-8.scen,860
860,den520d.map,planner,1,198234,149755,400,395,161441,149755,399,0,1,True,den520d-random-8.scen,860
860,den520d.map,planner,1,199366,149755,395,395,162218,149755,378,0,10,False,den520d-random-8.scen,860
860,den520d.map,planner,1,197025,149755,395,395,161308,149755,747,0,10,True,den520d-random-8.scen,860
860,den520d.map,planner,1,199366,149755,395,395,162218,149755,352,0,100,False,den520d-random-8.scen,860
860,den520d.map,planner,1,196717,149755,399,395,160609,149755,4135,0,100,True,den520d-random-8.scen,860
860,den520d.map,planner,1,199366,149755,395,395,162218,149755,365,0,1000,False,den520d-random-8.scen,860
860,den520d.map,planner,1,198883,149755,397,395,160638,149755,33782,0,1000,True,den520d-random-8.scen,860
900,den520d.map,planner,1,208677,156047,406,395,170472,156047,373,0,0,False,den520d-random-8.scen,900
900,den520d.map,planner,1,208677,156047,406,395,170472,156047,400,0,0,True,den520d-random-8.scen,900
900,den520d.map,planner,1,208677,156047,406,395,170472,156047,404,0,1,False,den520d-random-8.scen,900
900,den520d.map,planner,1,206780,156047,402,395,168435,156047,424,0,1,True,den520d-random-8.scen,900
900,den520d.map,planner,1,208677,156047,406,395,170472,156047,392,0,10,False,den520d-random-8.scen,900
900,den520d.map,planner,1,205822,156047,397,395,167606,156047,730,0,10,True,den520d-random-8.scen,900
900,den520d.map,planner,1,208677,156047,406,395,170472,156047,378,0,100,False,den520d-random-8.scen,900
900,den520d.map,planner,1,205992,156047,397,395,167675,156047,4032,0,100,True,den520d-random-8.scen,900
900,den520d.map,planner,1,208677,156047,406,395,170472,156047,382,0,1000,False,den520d-random-8.scen,900
900,den520d.map,planner,1,205754,156047,397,395,167347,156047,33011,0,1000,True,den520d-random-8.scen,900
940,den520d.map,planner,1,218174,162101,395,395,176578,162101,408,0,0,False,den520d-random-8.scen,940
940,den520d.map,planner,1,218174,162101,395,395,176578,162101,382,0,0,True,den520d-random-8.scen,940
940,den520d.map,planner,1,218174,162101,395,395,176578,162101,380,0,1,False,den520d-random-8.scen,940
940,den520d.map,planner,1,220110,162101,397,395,176232,162101,450,0,1,True,den520d-random-8.scen,940
940,den520d.map,planner,1,218174,162101,395,395,176578,162101,374,0,10,False,den520d-random-8.scen,940
940,den520d.map,planner,1,216292,162101,400,395,174937,162101,746,0,10,True,den520d-random-8.scen,940
940,den520d.map,planner,1,218174,162101,395,395,176578,162101,399,0,100,False,den520d-random-8.scen,940
940,den520d.map,planner,1,217101,162101,401,395,175937,162101,4619,0,100,True,den520d-random-8.scen,940
940,den520d.map,planner,1,218174,162101,395,395,176578,162101,378,0,1000,False,den520d-random-8.scen,940
940,den520d.map,planner,1,217705,162101,396,395,175163,162101,36507,0,1000,True,den520d-random-8.scen,940
980,den520d.map,planner,1,230469,168705,395,395,184408,168705,393,0,0,False,den520d-random-8.scen,980
980,den520d.map,planner,1,230469,168705,395,395,184408,168705,413,0,0,True,den520d-random-8.scen,980
980,den520d.map,planner,1,230469,168705,395,395,184408,168705,391,0,1,False,den520d-random-8.scen,980
980,den520d.map,planner,1,225702,168705,395,395,182994,168705,463,0,1,True,den520d-random-8.scen,980
980,den520d.map,planner,1,230469,168705,395,395,184408,168705,414,0,10,False,den520d-random-8.scen,980
980,den520d.map,planner,1,227671,168705,399,395,182962,168705,840,0,10,True,den520d-random-8.scen,980
980,den520d.map,planner,1,230469,168705,395,395,184408,168705,418,0,100,False,den520d-random-8.scen,980
980,den520d.map,planner,1,228971,168705,397,395,183233,168705,4522,0,100,True,den520d-random-8.scen,980
980,den520d.map,planner,1,230469,168705,395,395,184408,168705,390,0,1000,False,den520d-random-8.scen,980
980,den520d.map,planner,1,223889,168705,397,395,182305,168705,38275,0,1000,True,den520d-random-8.scen,980
20,den520d.map,planner,1,3808,3803,343,343,3808,3803,8,0,0,False,den520d-random-11.scen,20
20,den520d.map,planner,1,3808,3803,343,343,3808,3803,8,0,0,True,den520d-random-11.scen,20
20,den520d.map,planner,1,3808,3803,343,343,3808,3803,7,0,1,False,den520d-random-11.scen,20
20,den520d.map,planner,1,3808,3803,343,343,3808,3803,7,0,1,True,den520d-random-11.scen,20
20,den520d.map,planner,1,3808,3803,343,343,3808,3803,9,0,10,False,den520d-random-11.scen,20
20,den520d.map,planner,1,3808,3803,343,343,3808,3803,8,0,10,True,den520d-random-11.scen,20
20,den520d.map,planner,1,3808,3803,343,343,3808,3803,8,0,100,False,den520d-random-11.scen,20
20,den520d.map,planner,1,3808,3803,343,343,3808,3803,7,0,100,True,den520d-random-11.scen,20
20,den520d.map,planner,1,3808,3803,343,343,3808,3803,7,0,1000,False,den520d-random-11.scen,20
20,den520d.map,planner,1,3808,3803,343,343,3808,3803,7,0,1000,True,den520d-random-11.scen,20
60,den520d.map,planner,1,11314,10990,382,382,11021,10990,24,0,0,False,den520d-random-11.scen,60
60,den520d.map,planner,1,11314,10990,382,382,11021,10990,21,0,0,True,den520d-random-11.scen,60
60,den520d.map,planner,1,11314,10990,382,382,11021,10990,22,0,1,False,den520d-random-11.scen,60
60,den520d.map,planner,1,11314,10990,382,382,11021,10990,21,0,1,True,den520d-random-11.scen,60
60,den520d.map,planner,1,11314,10990,382,382,11021,10990,22,0,10,False,den520d-random-11.scen,60
60,den520d.map,planner,1,11314,10990,382,382,11021,10990,22,0,10,True,den520d-random-11.scen,60
60,den520d.map,planner,1,11314,10990,382,382,11021,10990,21,0,100,False,den520d-random-11.scen,60
60,den520d.map,planner,1,11314,10990,382,382,11021,10990,24,0,100,True,den520d-random-11.scen,60
60,den520d.map,planner,1,11314,10990,382,382,11021,10990,24,0,1000,False,den520d-random-11.scen,60
60,den520d.map,planner,1,11314,10990,382,382,11021,10990,21,0,1000,True,den520d-random-11.scen,60
100,den520d.map,planner,1,19520,18475,388,388,18665,18475,41,0,0,False,den520d-random-11.scen,100
100,den520d.map,planner,1,19520,18475,388,388,18665,18475,39,0,0,True,den520d-random-11.scen,100
100,den520d.map,planner,1,19520,18475,388,388,18665,18475,42,0,1,False,den520d-random-11.scen,100
100,den520d.map,planner,1,19520,18475,388,388,18665,18475,38,0,1,True,den520d-random-11.scen,100
100,den520d.map,planner,1,19520,18475,388,388,18665,18475,37,0,10,False,den520d-random-11.scen,100
100,den520d.map,planner,1,19520,18475,388,388,18665,18475,37,0,10,True,den520d-random-11.scen,100
100,den520d.map,planner,1,19520,18475,388,388,18665,18475,36,0,100,False,den520d-random-11.scen,100
100,den520d.map,planner,1,19520,18475,388,388,18665,18475,37,0,100,True,den520d-random-11.scen,100
100,den520d.map,planner,1,19520,18475,388,388,18665,18475,42,0,1000,False,den520d-random-11.scen,100
100,den520d.map,planner,1,19520,18475,388,388,18665,18475,38,0,1000,True,den520d-random-11.scen,100
140,den520d.map,planner,1,27323,25367,395,395,25722,25367,57,0,0,False,den520d-random-11.scen,140
140,den520d.map,planner,1,27323,25367,395,395,25722,25367,52,0,0,True,den520d-random-11.scen,140
140,den520d.map,planner,1,27323,25367,395,395,25722,25367,59,0,1,False,den520d-random-11.scen,140
140,den520d.map,planner,1,27327,25367,395,395,25738,25367,53,0,1,True,den520d-random-11.scen,140
140,den520d.map,planner,1,27323,25367,395,395,25722,25367,56,0,10,False,den520d-random-11.scen,140
140,den520d.map,planner,1,27327,25367,395,395,25738,25367,52,0,10,True,den520d-random-11.scen,140
140,den520d.map,planner,1,27323,25367,395,395,25722,25367,53,0,100,False,den520d-random-11.scen,140
140,den520d.map,planner,1,27327,25367,395,395,25738,25367,50,0,100,True,den520d-random-11.scen,140
140,den520d.map,planner,1,27323,25367,395,395,25722,25367,52,0,1000,False,den520d-random-11.scen,140
140,den520d.map,planner,1,27327,25367,395,395,25738,25367,55,0,1000,True,den520d-random-11.scen,140
180,den520d.map,planner,1,35519,32908,395,395,33430,32908,76,0,0,False,den520d-random-11.scen,180
180,den520d.map,planner,1,35519,32908,395,395,33430,32908,69,0,0,True,den520d-random-11.scen,180
180,den520d.map,planner,1,35519,32908,395,395,33430,32908,69,0,1,False,den520d-random-11.scen,180
180,den520d.map,planner,1,35562,32908,395,395,33415,32908,69,0,1,True,den520d-random-11.scen,180
180,den520d.map,planner,1,35519,32908,395,395,33430,32908,66,0,10,False,den520d-random-11.scen,180
180,den520d.map,planner,1,35562,32908,395,395,33415,32908,65,0,10,True,den520d-random-11.scen,180
180,den520d.map,planner,1,35519,32908,395,395,33430,32908,67,0,100,False,den520d-random-11.scen,180
180,den520d.map,planner,1,35562,32908,395,395,33415,32908,66,0,100,True,den520d-random-11.scen,180
180,den520d.map,planner,1,35519,32908,395,395,33430,32908,69,0,1000,False,den520d-random-11.scen,180
180,den520d.map,planner,1,35562,32908,395,395,33415,32908,70,0,1000,True,den520d-random-11.scen,180
220,den520d.map,planner,1,43323,39688,395,395,40505,39688,80,0,0,False,den520d-random-11.scen,220
220,den520d.map,planner,1,43323,39688,395,395,40505,39688,92,0,0,True,den520d-random-11.scen,220
220,den520d.map,planner,1,43323,39688,395,395,40505,39688,85,0,1,False,den520d-random-11.scen,220
220,den520d.map,planner,1,43415,39688,395,395,40401,39688,93,0,1,True,den520d-random-11.scen,220
220,den520d.map,planner,1,43323,39688,395,395,40505,39688,82,0,10,False,den520d-random-11.scen,220
220,den520d.map,planner,1,43415,39688,395,395,40401,39688,84,0,10,True,den520d-random-11.scen,220
220,den520d.map,planner,1,43323,39688,395,395,40505,39688,81,0,100,False,den520d-random-11.scen,220
220,den520d.map,planner,1,43415,39688,395,395,40401,39688,83,0,100,True,den520d-random-11.scen,220
220,den520d.map,planner,1,43323,39688,395,395,40505,39688,84,0,1000,False,den520d-random-11.scen,220
220,den520d.map,planner,1,43415,39688,395,395,40401,39688,80,0,1000,True,den520d-random-11.scen,220
260,den520d.map,planner,1,51670,47326,395,395,48354,47326,100,0,0,False,den520d-random-11.scen,260
260,den520d.map,planner,1,51670,47326,395,395,48354,47326,97,0,0,True,den520d-random-11.scen,260
260,den520d.map,planner,1,51670,47326,395,395,48354,47326,110,0,1,False,den520d-random-11.scen,260
260,den520d.map,planner,1,52345,47326,395,395,48299,47326,99,0,1,True,den520d-random-11.scen,260
260,den520d.map,planner,1,51670,47326,395,395,48354,47326,105,0,10,False,den520d-random-11.scen,260
260,den520d.map,planner,1,52345,47326,395,395,48299,47326,97,0,10,True,den520d-random-11.scen,260
260,den520d.map,planner,1,51670,47326,395,395,48354,47326,98,0,100,False,den520d-random-11.scen,260
260,den520d.map,planner,1,52345,47326,395,395,48299,47326,102,0,100,True,den520d-random-11.scen,260
260,den520d.map,planner,1,51670,47326,395,395,48354,47326,97,0,1000,False,den520d-random-11.scen,260
260,den520d.map,planner,1,52345,47326,395,395,48299,47326,99,0,1000,True,den520d-random-11.scen,260
300,den520d.map,planner,1,59540,53426,395,395,54949,53426,112,0,0,False,den520d-random-11.scen,300
300,den520d.map,planner,1,59540,53426,395,395,54949,53426,117,0,0,True,den520d-random-11.scen,300
300,den520d.map,planner,1,59540,53426,395,395,54949,53426,117,0,1,False,den520d-random-11.scen,300
300,den520d.map,planner,1,59072,53426,395,395,54698,53426,114,0,1,True,den520d-random-11.scen,300
300,den520d.map,planner,1,59540,53426,395,395,54949,53426,117,0,10,False,den520d-random-11.scen,300
300,den520d.map,planner,1,59072,53426,395,395,54698,53426,115,0,10,True,den520d-random-11.scen,300
300,den520d.map,planner,1,59540,53426,395,395,54949,53426,119,0,100,False,den520d-random-11.scen,300
300,den520d.map,planner,1,59072,53426,395,395,54698,53426,116,0,100,True,den520d-random-11.scen,300
300,den520d.map,planner,1,59540,53426,395,395,54949,53426,126,0,1000,False,den520d-random-11.scen,300
300,den520d.map,planner,1,59072,53426,395,395,54698,53426,128,0,1000,True,den520d-random-11.scen,300
340,den520d.map,planner,1,70285,61223,395,395,62970,61223,136,0,0,False,den520d-random-11.scen,340
340,den520d.map,planner,1,70285,61223,395,395,62970,61223,133,0,0,True,den520d-random-11.scen,340
340,den520d.map,planner,1,70285,61223,395,395,62970,61223,134,0,1,False,den520d-random-11.scen,340
340,den520d.map,planner,1,68879,61223,395,395,62794,61223,127,0,1,True,den520d-random-11.scen,340
340,den520d.map,planner,1,70285,61223,395,395,62970,61223,142,0,10,False,den520d-random-11.scen,340
340,den520d.map,planner,1,68879,61223,395,395,62794,61223,148,0,10,True,den520d-random-11.scen,340
340,den520d.map,planner,1,70285,61223,395,395,62970,61223,137,0,100,False,den520d-random-11.scen,340
340,den520d.map,planner,1,68879,61223,395,395,62794,61223,127,0,100,True,den520d-random-11.scen,340
340,den520d.map,planner,1,70285,61223,395,395,62970,61223,129,0,1000,False,den520d-random-11.scen,340
340,den520d.map,planner,1,68879,61223,395,395,62794,61223,136,0,1000,True,den520d-random-11.scen,340
380,den520d.map,planner,1,78005,67702,395,395,69994,67702,155,0,0,False,den520d-random-11.scen,380
380,den520d.map,planner,1,78005,67702,395,395,69994,67702,149,0,0,True,den520d-random-11.scen,380
380,den520d.map,planner,1,78005,67702,395,395,69994,67702,154,0,1,False,den520d-random-11.scen,380
380,den520d.map,planner,1,78111,67702,395,395,69703,67702,148,0,1,True,den520d-random-11.scen,380
380,den520d.map,planner,1,78005,67702,395,395,69994,67702,150,0,10,False,den520d-random-11.scen,380
380,den520d.map,planner,1,78111,67702,395,395,69703,67702,148,0,10,True,den520d-random-11.scen,380
380,den520d.map,planner,1,78005,67702,395,395,69994,67702,148,0,100,False,den520d-random-11.scen,380
380,den520d.map,planner,1,78111,67702,395,395,69703,67702,151,0,100,True,den520d-random-11.scen,380
380,den520d.map,planner,1,78005,67702,395,395,69994,67702,153,0,1000,False,den520d-random-11.scen,380
380,den520d.map,planner,1,78111,67702,395,395,69703,67702,147,0,1000,True,den520d-random-11.scen,380
420,den520d.map,planner,1,88178,74362,395,395,76885,74362,168,0,0,False,den520d-random-11.scen,420
420,den520d.map,planner,1,88178,74362,395,395,76885,74362,174,0,0,True,den520d-random-11.scen,420
420,den520d.map,planner,1,88178,74362,395,395,76885,74362,174,0,1,False,den520d-random-11.scen,420
420,den520d.map,planner,1,87629,74362,395,395,76936,74362,170,0,1,True,den520d-random-11.scen,420
420,den520d.map,planner,1,88178,74362,395,395,76885,74362,167,0,10,False,den520d-random-11.scen,420
420,den520d.map,planner,1,86558,74362,395,395,76686,74362,166,0,10,True,den520d-random-11.scen,420
420,den520d.map,planner,1,88178,74362,395,395,76885,74362,169,0,100,False,den520d-random-11.scen,420
420,den520d.map,planner,1,86558,74362,395,395,76686,74362,177,0,100,True,den520d-random-11.scen,420
420,den520d.map,planner,1,88178,74362,395,395,76885,74362,170,0,1000,False,den520d-random-11.scen,420
420,den520d.map,planner,1,86558,74362,395,395,76686,74362,172,0,1000,True,den520d-random-11.scen,420
460,den520d.map,planner,1,96497,81892,395,395,85026,81892,176,0,0,False,den520d-random-11.scen,460
460,den520d.map,planner,1,96497,81892,395,395,85026,81892,200,0,0,True,den520d-random-11.scen,460
460,den520d.map,planner,1,96497,81892,395,395,85026,81892,185,0,1,False,den520d-random-11.scen,460
460,den520d.map,planner,1,96108,81892,397,395,84748,81892,179,0,1,True,den520d-random-11.scen,460
460,den520d.map,planner,1,96497,81892,395,395,85026,81892,187,0,10,False,den520d-random-11.scen,460
460,den520d.map,planner,1,96276,81892,395,395,84726,81892,197,0,10,True,den520d-random-11.scen,460
460,den520d.map,planner,1,96497,81892,395,395,85026,81892,186,0,100,False,den520d-random-11.scen,460
460,den520d.map,planner,1,96146,81892,395,395,84757,81892,213,0,100,True,den520d-random-11.scen,460
460,den520d.map,planner,1,96497,81892,395,395,85026,81892,185,0,1000,False,den520d-random-11.scen,460
460,den520d.map,planner,1,96931,81892,399,395,84682,81892,255,0,1000,True,den520d-random-11.scen,460
500,den520d.map,planner,1,105736,88797,395,395,92450,88797,195,0,0,False,den520d-random-11.scen,500
500,den520d.map,planner,1,105736,88797,395,395,92450,88797,199,0,0,True,den520d-random-11.scen,500
500,den520d.map,planner,1,105736,88797,395,395,92450,88797,192,0,1,False,den520d-random-11.scen,500
500,den520d.map,planner,1,104735,88797,395,395,91914,88797,208,0,1,True,den520d-random-11.scen,500
500,den520d.map,planner,1,105736,88797,395,395,92450,88797,199,0,10,False,den520d-random-11.scen,500
500,den520d.map,planner,1,105475,88797,395,395,91927,88797,219,0,10,True,den520d-random-11.scen,500
500,den520d.map,planner,1,105736,88797,395,395,92450,88797,200,0,100,False,den520d-random-11.scen,500
500,den520d.map,planner,1,105053,88797,395,395,91941,88797,263,0,100,True,den520d-random-11.scen,500
500,den520d.map,planner,1,105736,88797,395,395,92450,88797,190,0,1000,False,den520d-random-11.scen,500
500,den520d.map,planner,1,105993,88797,395,395,91956,88797,254,0,1000,True,den520d-random-11.scen,500
540,den520d.map,planner,1,115819,95994,395,395,100454,95994,227,0,0,False,den520d-random-11.scen,540
540,den520d.map,planner,1,115819,95994,395,395,100454,95994,227,0,0,True,den520d-random-11.scen,540
540,den520d.map,planner,1,115819,95994,395,395,100454,95994,223,0,1,False,den520d-random-11.scen,540
540,den520d.map,planner,1,114573,95994,395,395,99835,95994,233,0,1,True,den520d-random-11.scen,540
540,den520d.map,planner,1,115819,95994,395,395,100454,95994,214,0,10,False,den520d-random-11.scen,540
540,den520d.map,planner,1,114799,95994,395,395,99841,95994,261,0,10,True,den520d-random-11.scen,540
540,den520d.map,planner,1,115819,95994,395,395,100454,95994,213,0,100,False,den520d-random-11.scen,540
540,den520d.map,planner,1,114292,95994,395,395,99901,95994,673,0,100,True,den520d-random-11.scen,540
540,den520d.map,planner,1,115819,95994,395,395,100454,95994,224,0,1000,False,den520d-random-11.scen,540
540,den520d.map,planner,1,115907,95994,399,395,99944,95994,464,0,1000,True,den520d-random-11.scen,540
580,den520d.map,planner,1,124154,101571,395,395,106897,101571,250,0,0,False,den520d-random-11.scen,580
580,den520d.map,planner,1,124154,101571,395,395,106897,101571,228,0,0,True,den520d-random-11.scen,580
580,den520d.map,planner,1,124154,101571,395,395,106897,101571,235,0,1,False,den520d-random-11.scen,580
580,den520d.map,planner,1,123172,101571,395,395,106233,101571,242,0,1,True,den520d-random-11.scen,580
580,den520d.map,planner,1,124154,101571,395,395,106897,101571,232,0,10,False,den520d-random-11.scen,580
580,den520d.map,planner,1,125131,101571,397,395,106119,101571,311,0,10,True,den520d-random-11.scen,580
580,den520d.map,planner,1,124154,101571,395,395,106897,101571,229,0,100,False,den520d-random-11.scen,580
580,den520d.map,planner,1,123422,101571,395,395,105900,101571,656,0,100,True,den520d-random-11.scen,580
580,den520d.map,planner,1,124154,101571,395,395,106897,101571,243,0,1000,False,den520d-random-11.scen,580
580,den520d.map,planner,1,123719,101571,398,395,105829,101571,1854,0,1000,True,den520d-random-11.scen,580
620,den520d.map,planner,1,132299,107991,395,395,113819,107991,249,0,0,False,den520d-random-11.scen,620
620,den520d.map,planner,1,132299,107991,395,395,113819,107991,273,0,0,True,den520d-random-11.scen,620
620,den520d.map,planner,1,132299,107991,395,395,113819,107991,245,0,1,False,den520d-random-11.scen,620
620,den520d.map,planner,1,131664,107991,395,395,112841,107991,253,0,1,True,den520d-random-11.scen,620
620,den520d.map,planner,1,132299,107991,395,395,113819,107991,245,0,10,False,den520d-random-11.scen,620
620,den520d.map,planner,1,131711,107991,395,395,112963,107991,359,0,10,True,den520d-random-11.scen,620
620,den520d.map,planner,1,132299,107991,395,395,113819,107991,243,0,100,False,den520d-random-11.scen,620
620,den520d.map,planner,1,132239,107991,395,395,112674,107991,578,0,100,True,den520d-random-11.scen,620
620,den520d.map,planner,1,132299,107991,395,395,113819,107991,253,0,1000,False,den520d-random-11.scen,620
620,den520d.map,planner,1,132209,107991,395,395,112642,107991,3032,0,1000,True,den520d-random-11.scen,620
660,den520d.map,planner,1,141077,114804,395,395,121224,114804,267,0,0,False,den520d-random-11.scen,660
660,den520d.map,planner,1,141077,114804,395,395,121224,114804,275,0,0,True,den520d-random-11.scen,660
660,den520d.map,planner,1,141077,114804,395,395,121224,114804,267,0,1,False,den520d-random-11.scen,660
660,den520d.map,planner,1,140663,114804,395,395,120262,114804,284,0,1,True,den520d-random-11.scen,660
660,den520d.map,planner,1,141077,114804,395,395,121224,114804,258,0,10,False,den520d-random-11.scen,660
660,den520d.map,planner,1,139549,114804,395,395,120593,114804,363,0,10,True,den520d-random-11.scen,660
660,den520d.map,planner,1,141077,114804,395,395,121224,114804,271,0,100,False,den520d-random-11.scen,660
660,den520d.map,planner,1,142579,114804,399,395,120447,114804,1091,0,100,True,den520d-random-11.scen,660
660,den520d.map,planner,1,141077,114804,395,395,121224,114804,285,0,1000,False,den520d-random-11.scen,660
660,den520d.map,planner,1,141228,114804,397,395,120502,114804,3871,0,1000,True,den520d-random-11.scen,660
700,den520d.map,planner,1,152970,122373,395,395,129996,122373,296,0,0,False,den520d-random-11.scen,700
700,den520d.map,planner,1,152970,122373,395,395,129996,122373,289,0,0,True,den520d-random-11.scen,700
700,den520d.map,planner,1,152970,122373,395,395,129996,122373,284,0,1,False,den520d-random-11.scen,700
700,den520d.map,planner,1,152705,122373,395,395,129076,122373,308,0,1,True,den520d-random-11.scen,700
700,den520d.map,planner,1,152970,122373,395,395,129996,122373,294,0,10,False,den520d-random-11.scen,700
700,den520d.map,planner,1,151317,122373,395,395,128626,122373,491,0,10,True,den520d-random-11.scen,700
700,den520d.map,planner,1,152970,122373,395,395,129996,122373,290,0,100,False,den520d-random-11.scen,700
700,den520d.map,planner,1,152255,122373,399,395,128525,122373,1362,0,100,True,den520d-random-11.scen,700
700,den520d.map,planner,1,152970,122373,395,395,129996,122373,288,0,1000,False,den520d-random-11.scen,700
700,den520d.map,planner,1,150879,122373,396,395,128336,122373,4174,0,1000,True,den520d-random-11.scen,700
740,den520d.map,planner,1,161354,128883,395,395,136865,128883,328,0,0,False,den520d-random-11.scen,740
740,den520d.map,planner,1,161354,128883,395,395,136865,128883,313,0,0,True,den520d-random-11.scen,740
740,den520d.map,planner,1,161354,128883,395,395,136865,128883,306,0,1,False,den520d-random-11.scen,740
740,den520d.map,planner,1,160817,128883,399,395,136179,128883,325,0,1,True,den520d-random-11.scen,740
740,den520d.map,planner,1,161354,128883,395,395,136865,128883,299,0,10,False,den520d-random-11.scen,740
740,den520d.map,planner,1,160726,128883,399,395,135949,128883,467,0,10,True,den520d-random-11.scen,740
740,den520d.map,planner,1,161354,128883,395,395,136865,128883,304,0,100,False,den520d-random-11.scen,740
740,den520d.map,planner,1,161454,128883,413,395,135869,128883,1656,0,100,True,den520d-random-11.scen,740
740,den520d.map,planner,1,161354,128883,395,395,136865,128883,304,0,1000,False,den520d-random-11.scen,740
740,den520d.map,planner,1,160963,128883,397,395,135878,128883,15857,0,1000,True,den520d-random-11.scen,740
780,den520d.map,planner,1,174509,135670,395,395,145276,135670,349,0,0,False,den520d-random-11.scen,780
780,den520d.map,planner,1,174509,135670,395,395,145276,135670,328,0,0,True,den520d-random-11.scen,780
780,den520d.map,planner,1,174509,135670,395,395,145276,135670,337,0,1,False,den520d-random-11.scen,780
780,den520d.map,planner,1,173167,135670,395,395,143876,135670,360,0,1,True,den520d-random-11.scen,780
780,den520d.map,planner,1,174509,135670,395,395,145276,135670,317,0,10,False,den520d-random-11.scen,780
780,den520d.map,planner,1,170761,135670,395,395,143161,135670,480,0,10,True,den520d-random-11.scen,780
780,den520d.map,planner,1,174509,135670,395,395,145276,135670,319,0,100,False,den520d-random-11.scen,780
780,den520d.map,planner,1,172086,135670,396,395,143933,135670,3012,0,100,True,den520d-random-11.scen,780
780,den520d.map,planner,1,174509,135670,395,395,145276,135670,335,0,1000,False,den520d-random-11.scen,780
780,den520d.map,planner,1,170713,135670,398,395,143360,135670,17613,0,1000,True,den520d-random-11.scen,780
820,den520d.map,planner,1,183737,142398,395,395,152957,142398,373,0,0,False,den520d-random-11.scen,820
820,den520d.map,planner,1,183737,142398,395,395,152957,142398,361,0,0,True,den520d-random-11.scen,820
820,den520d.map,planner,1,183737,142398,395,395,152957,142398,374,0,1,False,den520d-random-11.scen,820
820,den520d.map,planner,1,183926,142398,395,395,151451,142398,375,0,1,True,den520d-random-11.scen,820
820,den520d.map,planner,1,183737,142398,395,395,152957,142398,341,0,10,False,den520d-random-11.scen,820
820,den520d.map,planner,1,182867,142398,395,395,151239,142398,613,0,10,True,den520d-random-11.scen,820
820,den520d.map,planner,1,183737,142398,395,395,152957,142398,350,0,100,False,den520d-random-11.scen,820
820,den520d.map,planner,1,181644,142398,395,395,150941,142398,2907,0,100,True,den520d-random-11.scen,820
820,den520d.map,planner,1,183737,142398,395,395,152957,142398,345,0,1000,False,den520d-random-11.scen,820
820,den520d.map,planner,1,182059,142398,395,395,150899,142398,20991,0,1000,True,den520d-random-11.scen,820
860,den520d.map,planner,1,193892,149664,395,395,160970,149664,358,0,0,False,den520d-random-11.scen,860
860,den520d.map,planner,1,193892,149664,395,395,160970,149664,364,0,0,True,den520d-random-11.scen,860
860,den520d.map,planner,1,193892,149664,395,395,160970,149664,366,0,1,False,den520d-random-11.scen,860
860,den520d.map,planner,1,194143,149664,395,395,159893,149664,419,0,1,True,den520d-random-11.scen,860
860,den520d.map,planner,1,193892,149664,395,395,160970,149664,376,0,10,False,den520d-random-11.scen,860
860,den520d.map,planner,1,191900,149664,395,395,159207,149664,634,0,10,True,den520d-random-11.scen,860
860,den520d.map,planner,1,193892,149664,395,395,160970,149664,388,0,100,False,den520d-random-11.scen,860
860,den520d.map,planner,1,193797,149664,395,395,159474,149664,2690,0,100,True,den520d-random-11.scen,860
860,den520d.map,planner,1,193892,149664,395,395,160970,149664,384,0,1000,False,den520d-random-11.scen,860
860,den520d.map,planner,1,191825,149664,395,395,158840,149664,21833,0,1000,True,den520d-random-11.scen,860
900,den520d.map,planner,1,203055,154888,395,395,166922,154888,380,0,0,False,den520d-random-11.scen,900
900,den520d.map,planner,1,203055,154888,395,395,166922,154888,372,0,0,True,den520d-random-11.scen,900
900,den520d.map,planner,1,203055,154888,395,395,166922,154888,371,0,1,False,den520d-random-11.scen,900
900,den520d.map,planner,1,200140,154888,395,395,165858,154888,393,0,1,True,den520d-random-11.scen,900
900,den520d.map,planner,1,203055,154888,395,395,166922,154888,360,0,10,False,den520d-random-11.scen,900
900,den520d.map,planner,1,201960,154888,409,395,165701,154888,695,0,10,True,den520d-random-11.scen,900
900,den520d.map,planner,1,203055,154888,395,395,166922,154888,361,0,100,False,den520d-random-11.scen,900
900,den520d.map,planner,1,200834,154888,395,395,165553,154888,3141,0,100,True,den520d-random-11.scen,900
900,den520d.map,planner,1,203055,154888,395,395,166922,154888,393,0,1000,False,den520d-random-11.scen,900
900,den520d.map,planner,1,199791,154888,395,395,164901,154888,22864,0,1000,True,den520d-random-11.scen,900
940,den520d.map,planner,1,213344,161364,399,395,175131,161364,383,0,0,False,den520d-random-11.scen,940
940,den520d.map,planner,1,213344,161364,399,395,175131,161364,415,0,0,True,den520d-random-11.scen,940
940,den520d.map,planner,1,213344,161364,399,395,175131,161364,386,0,1,False,den520d-random-11.scen,940
940,den520d.map,planner,1,210640,161364,397,395,173291,161364,420,0,1,True,den520d-random-11.scen,940
940,den520d.map,planner,1,213344,161364,399,395,175131,161364,379,0,10,False,den520d-random-11.scen,940
940,den520d.map,planner,1,211080,161364,395,395,172893,161364,665,0,10,True,den520d-random-11.scen,940
940,den520d.map,planner,1,213344,161364,399,395,175131,161364,374,0,100,False,den520d-random-11.scen,940
940,den520d.map,planner,1,209948,161364,395,395,172878,161364,3292,0,100,True,den520d-random-11.scen,940
940,den520d.map,planner,1,213344,161364,399,395,175131,161364,389,0,1000,False,den520d-random-11.scen,940
940,den520d.map,planner,1,211850,161364,395,395,172719,161364,29590,0,1000,True,den520d-random-11.scen,940
980,den520d.map,planner,1,225825,167841,396,395,182640,167841,421,0,0,False,den520d-random-11.scen,980
980,den520d.map,planner,1,225825,167841,396,395,182640,167841,421,0,0,True,den520d-random-11.scen,980
980,den520d.map,planner,1,225825,167841,396,395,182640,167841,427,0,1,False,den520d-random-11.scen,980
980,den520d.map,planner,1,223999,167841,395,395,181018,167841,452,0,1,True,den520d-random-11.scen,980
980,den520d.map,planner,1,225825,167841,396,395,182640,167841,421,0,10,False,den520d-random-11.scen,980
980,den520d.map,planner,1,221459,167841,397,395,180368,167841,731,0,10,True,den520d-random-11.scen,980
980,den520d.map,planner,1,225825,167841,396,395,182640,167841,402,0,100,False,den520d-random-11.scen,980
980,den520d.map,planner,1,223058,167841,398,395,180509,167841,3692,0,100,True,den520d-random-11.scen,980
980,den520d.map,planner,1,225825,167841,396,395,182640,167841,405,0,1000,False,den520d-random-11.scen,980
980,den520d.map,planner,1,221112,167841,395,395,179973,167841,33265,0,1000,True,den520d-random-11.scen,980
20,den520d.map,planner,1,3433,3424,362,362,3433,3424,6,0,0,False,den520d-random-19.scen,20
20,den520d.map,planner,1,3433,3424,362,362,3433,3424,7,0,0,True,den520d-random-19.scen,20
20,den520d.map,planner,1,3433,3424,362,362,3433,3424,7,0,1,False,den520d-random-19.scen,20
20,den520d.map,planner,1,3433,3424,362,362,3433,3424,7,0,1,True,den520d-random-19.scen,20
20,den520d.map,planner,1,3433,3424,362,362,3433,3424,7,0,10,False,den520d-random-19.scen,20
20,den520d.map,planner,1,3433,3424,362,362,3433,3424,7,0,10,True,den520d-random-19.scen,20
20,den520d.map,planner,1,3433,3424,362,362,3433,3424,7,0,100,False,den520d-random-19.scen,20
20,den520d.map,planner,1,3433,3424,362,362,3433,3424,6,0,100,True,den520d-random-19.scen,20
20,den520d.map,planner,1,3433,3424,362,362,3433,3424,7,0,1000,False,den520d-random-19.scen,20
20,den520d.map,planner,1,3433,3424,362,362,3433,3424,8,0,1000,True,den520d-random-19.scen,20
60,den520d.map,planner,1,10501,10042,362,362,10098,10042,20,0,0,False,den520d-random-19.scen,60
60,den520d.map,planner,1,10501,10042,362,362,10098,10042,21,0,0,True,den520d-random-19.scen,60
60,den520d.map,planner,1,10501,10042,362,362,10098,10042,20,0,1,False,den520d-random-19.scen,60
60,den520d.map,planner,1,10501,10042,362,362,10098,10042,19,0,1,True,den520d-random-19.scen,60
60,den520d.map,planner,1,10501,10042,362,362,10098,10042,20,0,10,False,den520d-random-19.scen,60
60,den520d.map,planner,1,10501,10042,362,362,10098,10042,22,0,10,True,den520d-random-19.scen,60
60,den520d.map,planner,1,10501,10042,362,362,10098,10042,21,0,100,False,den520d-random-19.scen,60
60,den520d.map,planner,1,10501,10042,362,362,10098,10042,20,0,100,True,den520d-random-19.scen,60
60,den520d.map,planner,1,10501,10042,362,362,10098,10042,21,0,1000,False,den520d-random-19.scen,60
60,den520d.map,planner,1,10501,10042,362,362,10098,10042,24,0,1000,True,den520d-random-19.scen,60
100,den520d.map,planner,1,19372,18241,363,363,18386,18241,36,0,0,False,den520d-random-19.scen,100
100,den520d.map,planner,1,19372,18241,363,363,18386,18241,37,0,0,True,den520d-random-19.scen,100
100,den520d.map,planner,1,19372,18241,363,363,18386,18241,36,0,1,False,den520d-random-19.scen,100
100,den520d.map,planner,1,19873,18241,363,363,18382,18241,35,0,1,True,den520d-random-19.scen,100
100,den520d.map,planner,1,19372,18241,363,363,18386,18241,35,0,10,False,den520d-random-19.scen,100
100,den520d.map,planner,1,19873,18241,363,363,18382,18241,38,0,10,True,den520d-random-19.scen,100
100,den520d.map,planner,1,19372,18241,363,363,18386,18241,35,0,100,False,den520d-random-19.scen,100
100,den520d.map,planner,1,19873,18241,363,363,18382,18241,37,0,100,True,den520d-random-19.scen,100
100,den520d.map,planner,1,19372,18241,363,363,18386,18241,38,0,1000,False,den520d-random-19.scen,100
100,den520d.map,planner,1,19873,18241,363,363,18382,18241,37,0,1000,True,den520d-random-19.scen,100
140,den520d.map,planner,1,27431,24720,363,363,25108,24720,50,0,0,False,den520d-random-19.scen,140
140,den520d.map,planner,1,27431,24720,363,363,25108,24720,47,0,0,True,den520d-random-19.scen,140
140,den520d.map,planner,1,27431,24720,363,363,25108,24720,51,0,1,False,den520d-random-19.scen,140
140,den520d.map,planner,1,27130,24720,363,363,25045,24720,52,0,1,True,den520d-random-19.scen,140
140,den520d.map,planner,1,27431,24720,363,363,25108,24720,51,0,10,False,den520d-random-19.scen,140
140,den520d.map,planner,1,27130,24720,363,363,25045,24720,52,0,10,True,den520d-random-19.scen,140
140,den520d.map,planner,1,27431,24720,363,363,25108,24720,52,0,100,False,den520d-random-19.scen,140
140,den520d.map,planner,1,27130,24720,363,363,25045,24720,52,0,100,True,den520d-random-19.scen,140
140,den520d.map,planner,1,27431,24720,363,363,25108,24720,55,0,1000,False,den520d-random-19.scen,140
140,den520d.map,planner,1,27130,24720,363,363,25045,24720,54,0,1000,True,den520d-random-19.scen,140
180,den520d.map,planner,1,35715,32059,363,363,32642,32059,63,0,0,False,den520d-random-19.scen,180
180,den520d.map,planner,1,35715,32059,363,363,32642,32059,62,0,0,True,den520d-random-19.scen,180
180,den520d.map,planner,1,35715,32059,363,363,32642,32059,67,0,1,False,den520d-random-19.scen,180
180,den520d.map,planner,1,35888,32059,363,363,32580,32059,68,0,1,True,den520d-random-19.scen,180
180,den520d.map,planner,1,35715,32059,363,363,32642,32059,67,0,10,False,den520d-random-19.scen,180
180,den520d.map,planner,1,35888,32059,363,363,32580,32059,67,0,10,True,den520d-random-19.scen,180
180,den520d.map,planner,1,35715,32059,363,363,32642,32059,71,0,100,False,den520d-random-19.scen,180
180,den520d.map,planner,1,35888,32059,363,363,32580,32059,67,0,100,True,den520d-random-19.scen,180
180,den520d.map,planner,1,35715,32059,363,363,32642,32059,71,0,1000,False,den520d-random-19.scen,180
180,den520d.map,planner,1,35888,32059,363,363,32580,32059,69,0,1000,True,den520d-random-19.scen,180
220,den520d.map,planner,1,44524,39436,367,367,40195,39436,84,0,0,False,den520d-random-19.scen,220
220,den520d.map,planner,1,44524,39436,367,367,40195,39436,85,0,0,True,den520d-random-19.scen,220
220,den520d.map,planner,1,44524,39436,367,367,40195,39436,86,0,1,False,den520d-random-19.scen,220
220,den520d.map,planner,1,43907,39436,367,367,40207,39436,83,0,1,True,den520d-random-19.scen,220
220,den520d.map,planner,1,44524,39436,367,367,40195,39436,85,0,10,False,den520d-random-19.scen,220
220,den520d.map,planner,1,43907,39436,367,367,40207,39436,77,0,10,True,den520d-random-19.scen,220
220,den520d.map,planner,1,44524,39436,367,367,40195,39436,88,0,100,False,den520d-random-19.scen,220
220,den520d.map,planner,1,43907,39436,367,367,40207,39436,83,0,100,True,den520d-random-19.scen,220
220,den520d.map,planner,1,44524,39436,367,367,40195,39436,87,0,1000,False,den520d-random-19.scen,220
220,den520d.map,planner,1,43907,39436,367,367,40207,39436,82,0,1000,True,den520d-random-19.scen,220
260,den520d.map,planner,1,51874,45644,385,385,46794,45644,99,0,0,False,den520d-random-19.scen,260
260,den520d.map,planner,1,51874,45644,385,385,46794,45644,101,0,0,True,den520d-random-19.scen,260
260,den520d.map,planner,1,51874,45644,385,385,46794,45644,102,0,1,False,den520d-random-19.scen,260
260,den520d.map,planner,1,51635,45644,385,385,46736,45644,102,0,1,True,den520d-random-19.scen,260
260,den520d.map,planner,1,51874,45644,385,385,46794,45644,96,0,10,False,den520d-random-19.scen,260
260,den520d.map,planner,1,51635,45644,385,385,46736,45644,93,0,10,True,den520d-random-19.scen,260
260,den520d.map,planner,1,51874,45644,385,385,46794,45644,99,0,100,False,den520d-random-19.scen,260
260,den520d.map,planner,1,51635,45644,385,385,46736,45644,107,0,100,True,den520d-random-19.scen,260
260,den520d.map,planner,1,51874,45644,385,385,46794,45644,99,0,1000,False,den520d-random-19.scen,260
260,den520d.map,planner,1,51635,45644,385,385,46736,45644,99,0,1000,True,den520d-random-19.scen,260
300,den520d.map,planner,1,61828,52832,385,385,54216,52832,114,0,0,False,den520d-random-19.scen,300
300,den520d.map,planner,1,61828,52832,385,385,54216,52832,117,0,0,True,den520d-random-19.scen,300
300,den520d.map,planner,1,61828,52832,385,385,54216,52832,115,0,1,False,den520d-random-19.scen,300
300,den520d.map,planner,1,61167,52832,385,385,54180,52832,116,0,1,True,den520d-random-19.scen,300
300,den520d.map,planner,1,61828,52832,385,385,54216,52832,120,0,10,False,den520d-random-19.scen,300
300,den520d.map,planner,1,61167,52832,385,385,54180,52832,122,0,10,True,den520d-random-19.scen,300
300,den520d.map,planner,1,61828,52832,385,385,54216,52832,110,0,100,False,den520d-random-19.scen,300
300,den520d.map,planner,1,61167,52832,385,385,54180,52832,117,0,100,True,den520d-random-19.scen,300
300,den520d.map,planner,1,61828,52832,385,385,54216,52832,114,0,1000,False,den520d-random-19.scen,300
300,den520d.map,planner,1,61167,52832,385,385,54180,52832,112,0,1000,True,den520d-random-19.scen,300
340,den520d.map,planner,1,70354,60216,385,385,62210,60216,133,0,0,False,den520d-random-19.scen,340
340,den520d.map,planner,1,70354,60216,385,385,62210,60216,132,0,0,True,den520d-random-19.scen,340
340,den520d.map,planner,1,70354,60216,385,385,62210,60216,129,0,1,False,den520d-random-19.scen,340
340,den520d.map,planner,1,71272,60216,385,385,62014,60216,138,0,1,True,den520d-random-19.scen,340
340,den520d.map,planner,1,70354,60216,385,385,62210,60216,137,0,10,False,den520d-random-19.scen,340
340,den520d.map,planner,1,71096,60216,385,385,62073,60216,144,0,10,True,den520d-random-19.scen,340
340,den520d.map,planner,1,70354,60216,385,385,62210,60216,136,0,100,False,den520d-random-19.scen,340
340,den520d.map,planner,1,71096,60216,385,385,62073,60216,132,0,100,True,den520d-random-19.scen,340
340,den520d.map,planner,1,70354,60216,385,385,62210,60216,129,0,1000,False,den520d-random-19.scen,340
340,den520d.map,planner,1,71096,60216,385,385,62073,60216,132,0,1000,True,den520d-random-19.scen,340
380,den520d.map,planner,1,80730,67432,385,385,69718,67432,149,0,0,False,den520d-random-19.scen,380
380,den520d.map,planner,1,80730,67432,385,385,69718,67432,146,0,0,True,den520d-random-19.scen,380
380,den520d.map,planner,1,80730,67432,385,385,69718,67432,147,0,1,False,den520d-random-19.scen,380
380,den520d.map,planner,1,80404,67432,386,385,69627,67432,148,0,1,True,den520d-random-19.scen,380
380,den520d.map,planner,1,80730,67432,385,385,69718,67432,152,0,10,False,den520d-random-19.scen,380
380,den520d.map,planner,1,80527,67432,385,385,69604,67432,163,0,10,True,den520d-random-19.scen,380
380,den520d.map,planner,1,80730,67432,385,385,69718,67432,148,0,100,False,den520d-random-19.scen,380
380,den520d.map,planner,1,80527,67432,385,385,69604,67432,143,0,100,True,den520d-random-19.scen,380
380,den520d.map,planner,1,80730,67432,385,385,69718,67432,149,0,1000,False,den520d-random-19.scen,380
380,den520d.map,planner,1,80527,67432,385,385,69604,67432,156,0,1000,True,den520d-random-19.scen,380
420,den520d.map,planner,1,89178,74102,385,385,77133,74102,167,0,0,False,den520d-random-19.scen,420
420,den520d.map,planner,1,89178,74102,385,385,77133,74102,166,0,0,True,den520d-random-19.scen,420
420,den520d.map,planner,1,89178,74102,385,385,77133,74102,162,0,1,False,den520d-random-19.scen,420
420,den520d.map,planner,1,88829,74102,385,385,76735,74102,160,0,1,True,den520d-random-19.scen,420
420,den520d.map,planner,1,89178,74102,385,385,77133,74102,169,0,10,False,den520d-random-19.scen,420
420,den520d.map,planner,1,88048,74102,385,385,76765,74102,178,0,10,True,den520d-random-19.scen,420
420,den520d.map,planner,1,89178,74102,385,385,77133,74102,180,0,100,False,den520d-random-19.scen,420
420,den520d.map,planner,1,88733,74102,386,385,76760,74102,207,0,100,True,den520d-random-19.scen,420
420,den520d.map,planner,1,89178,74102,385,385,77133,74102,162,0,1000,False,den520d-random-19.scen,420
420,den520d.map,planner,1,88733,74102,386,385,76760,74102,204,0,1000,True,den520d-random-19.scen,420
460,den520d.map,planner,1,100582,81943,420,420,85686,81943,181,0,0,False,den520d-random-19.scen,460
460,den520d.map,planner,1,100582,81943,420,420,85686,81943,195,0,0,True,den520d-random-19.scen,460
460,den520d.map,planner,1,100582,81943,420,420,85686,81943,190,0,1,False,den520d-random-19.scen,460
460,den520d.map,planner,1,100198,81943,420,420,85261,81943,186,0,1,True,den520d-random-19.scen,460
460,den520d.map,planner,1,100582,81943,420,420,85686,81943,191,0,10,False,den520d-random-19.scen,460
460,den520d.map,planner,1,99464,81943,420,420,85172,81943,204,0,10,True,den520d-random-19.scen,460
460,den520d.map,planner,1,100582,81943,420,420,85686,81943,176,0,100,False,den520d-random-19.scen,460
460,den520d.map,planner,1,99524,81943,422,420,85121,81943,431,0,100,True,den520d-random-19.scen,460
460,den520d.map,planner,1,100582,81943,420,420,85686,81943,182,0,1000,False,den520d-random-19.scen,460
460,den520d.map,planner,1,100146,81943,422,420,85106,81943,776,0,1000,True,den520d-random-19.scen,460
500,den520d.map,planner,1,108439,88290,420,420,92397,88290,204,0,0,False,den520d-random-19.scen,500
500,den520d.map,planner,1,108439,88290,420,420,92397,88290,195,0,0,True,den520d-random-19.scen,500
500,den520d.map,planner,1,108439,88290,420,420,92397,88290,206,0,1,False,den520d-random-19.scen,500
500,den520d.map,planner,1,109094,88290,420,420,92082,88290,212,0,1,True,den520d-random-19.scen,500
500,den520d.map,planner,1,108439,88290,420,420,92397,88290,196,0,10,False,den520d-random-19.scen,500
500,den520d.map,planner,1,107758,88290,420,420,91781,88290,234,0,10,True,den520d-random-19.scen,500
500,den520d.map,planner,1,108439,88290,420,420,92397,88290,203,0,100,False,den520d-random-19.scen,500
500,den520d.map,planner,1,107745,88290,420,420,91727,88290,379,0,100,True,den520d-random-19.scen,500
500,den520d.map,planner,1,108439,88290,420,420,92397,88290,202,0,1000,False,den520d-random-19.scen,500
500,den520d.map,planner,1,106823,88290,420,420,91829,88290,405,0,1000,True,den520d-random-19.scen,500
540,den520d.map,planner,1,118263,95087,420,420,100136,95087,222,0,0,False,den520d-random-19.scen,540
540,den520d.map,planner,1,118263,95087,420,420,100136,95087,217,0,0,True,den520d-random-19.scen,540
540,den520d.map,planner,1,118263,95087,420,420,100136,95087,221,0,1,False,den520d-random-19.scen,540
540,den520d.map,planner,1,115875,95087,420,420,98965,95087,223,0,1,True,den520d-random-19.scen,540
540,den520d.map,planner,1,118263,95087,420,420,100136,95087,210,0,10,False,den520d-random-19.scen,540
540,den520d.map,planner,1,116471,95087,422,420,99121,95087,257,0,10,True,den520d-random-19.scen,540
540,den520d.map,planner,1,118263,95087,420,420,100136,95087,214,0,100,False,den520d-random-19.scen,540
540,den520d.map,planner,1,115669,95087,420,420,99093,95087,297,0,100,True,den520d-random-19.scen,540
540,den520d.map,planner,1,118263,95087,420,420,100136,95087,214,0,1000,False,den520d-random-19.scen,540
540,den520d.map,planner,1,116661,95087,421,420,99048,95087,590,0,1000,True,den520d-random-19.scen,540
580,den520d.map,planner,1,128478,103264,436,436,108680,103264,242,0,0,False,den520d-random-19.scen,580
580,den520d.map,planner,1,128478,103264,436,436,108680,103264,239,0,0,True,den520d-random-19.scen,580
580,den520d.map,planner,1,128478,103264,436,436,108680,103264,237,0,1,False,den520d-random-19.scen,580
580,den520d.map,planner,1,128143,103264,438,436,107949,103264,264,0,1,True,den520d-random-19.scen,580
580,den520d.map,planner,1,128478,103264,436,436,108680,103264,240,0,10,False,den520d-random-19.scen,580
580,den520d.map,planner,1,127236,103264,440,436,107712,103264,307,0,10,True,den520d-random-19.scen,580
580,den520d.map,planner,1,128478,103264,436,436,108680,103264,238,0,100,False,den520d-random-19.scen,580
580,den520d.map,planner,1,126501,103264,436,436,107578,103264,465,0,100,True,den520d-random-19.scen,580
580,den520d.map,planner,1,128478,103264,436,436,108680,103264,249,0,1000,False,den520d-random-19.scen,580
580,den520d.map,planner,1,127414,103264,440,436,107696,103264,1021,0,1000,True,den520d-random-19.scen,580
620,den520d.map,planner,1,138736,110657,436,436,117156,110657,251,0,0,False,den520d-random-19.scen,620
620,den520d.map,planner,1,138736,110657,436,436,117156,110657,264,0,0,True,den520d-random-19.scen,620
620,den520d.map,planner,1,138736,110657,436,436,117156,110657,244,0,1,False,den520d-random-19.scen,620
620,den520d.map,planner,1,137459,110657,438,436,116265,110657,278,0,1,True,den520d-random-19.scen,620
620,den520d.map,planner,1,138736,110657,436,436,117156,110657,255,0,10,False,den520d-random-19.scen,620
620,den520d.map,planner,1,137281,110657,440,436,116000,110657,399,0,10,True,den520d-random-19.scen,620
620,den520d.map,planner,1,138736,110657,436,436,117156,110657,256,0,100,False,den520d-random-19.scen,620
620,den520d.map,planner,1,136818,110657,436,436,115793,110657,1016,0,100,True,den520d-random-19.scen,620
620,den520d.map,planner,1,138736,110657,436,436,117156,110657,254,0,1000,False,den520d-random-19.scen,620
620,den520d.map,planner,1,138113,110657,438,436,115810,110657,8654,0,1000,True,den520d-random-19.scen,620
660,den520d.map,planner,1,150006,118405,436,436,125760,118405,289,0,0,False,den520d-random-19.scen,660
660,den520d.map,planner,1,150006,118405,436,436,125760,118405,272,0,0,True,den520d-random-19.scen,660
660,den520d.map,planner,1,150006,118405,436,436,125760,118405,289,0,1,False,den520d-random-19.scen,660
660,den520d.map,planner,1,147887,118405,436,436,125019,118405,309,0,1,True,den520d-random-19.scen,660
660,den520d.map,planner,1,150006,118405,436,436,125760,118405,278,0,10,False,den520d-random-19.scen,660
660,den520d.map,planner,1,148390,118405,438,436,124585,118405,467,0,10,True,den520d-random-19.scen,660
660,den520d.map,planner,1,150006,118405,436,436,125760,118405,301,0,100,False,den520d-random-19.scen,660
660,den520d.map,planner,1,147813,118405,436,436,124353,118405,1546,0,100,True,den520d-random-19.scen,660
660,den520d.map,planner,1,150006,118405,436,436,125760,118405,287,0,1000,False,den520d-random-19.scen,660
660,den520d.map,planner,1,147772,118405,436,436,124285,118405,10630,0,1000,True,den520d-random-19.scen,660
700,den520d.map,planner,1,159077,125278,436,436,133411,125278,294,0,0,False,den520d-random-19.scen,700
700,den520d.map,planner,1,159077,125278,436,436,133411,125278,312,0,0,True,den520d-random-19.scen,700
700,den520d.map,planner,1,159077,125278,436,436,133411,125278,281,0,1,False,den520d-random-19.scen,700
700,den520d.map,planner,1,158096,125278,442,436,132711,125278,318,0,1,True,den520d-random-19.scen,700
700,den520d.map,planner,1,159077,125278,436,436,133411,125278,317,0,10,False,den520d-random-19.scen,700
700,den520d.map,planner,1,158278,125278,436,436,132421,125278,551,0,10,True,den520d-random-19.scen,700
700,den520d.map,planner,1,159077,125278,436,436,133411,125278,287,0,100,False,den520d-random-19.scen,700
700,den520d.map,planner,1,158712,125278,438,436,132228,125278,2333,0,100,True,den520d-random-19.scen,700
700,den520d.map,planner,1,159077,125278,436,436,133411,125278,297,0,1000,False,den520d-random-19.scen,700
700,den520d.map,planner,1,157340,125278,436,436,132041,125278,15592,0,1000,True,den520d-random-19.scen,700
740,den520d.map,planner,1,168760,130836,436,436,140171,130836,309,0,0,False,den520d-random-19.scen,740
740,den520d.map,planner,1,168760,130836,436,436,140171,130836,307,0,0,True,den520d-random-19.scen,740
740,den520d.map,planner,1,168760,130836,436,436,140171,130836,292,0,1,False,den520d-random-19.scen,740
740,den520d.map,planner,1,166954,130836,440,436,139005,130836,353,0,1,True,den520d-random-19.scen,740
740,den520d.map,planner,1,168760,130836,436,436,140171,130836,295,0,10,False,den520d-random-19.scen,740
740,den520d.map,planner,1,167246,130836,436,436,139074,130836,601,0,10,True,den520d-random-19.scen,740
740,den520d.map,planner,1,168760,130836,436,436,140171,130836,295,0,100,False,den520d-random-19.scen,740
740,den520d.map,planner,1,164895,130836,436,436,138419,130836,2262,0,100,True,den520d-random-19.scen,740
740,den520d.map,planner,1,168760,130836,436,436,140171,130836,291,0,1000,False,den520d-random-19.scen,740
740,den520d.map,planner,1,166784,130836,438,436,138245,130836,17839,0,1000,True,den520d-random-19.scen,740
780,den520d.map,planner,1,179176,138159,436,436,148626,138159,330,0,0,False,den520d-random-19.scen,780
780,den520d.map,planner,1,179176,138159,436,436,148626,138159,322,0,0,True,den520d-random-19.scen,780
780,den520d.map,planner,1,179176,138159,436,436,148626,138159,312,0,1,False,den520d-random-19.scen,780
780,den520d.map,planner,1,176070,138159,438,436,147066,138159,343,0,1,True,den520d-random-19.scen,780
780,den520d.map,planner,1,179176,138159,436,436,148626,138159,356,0,10,False,den520d-random-19.scen,780
780,den520d.map,planner,1,176721,138159,446,436,147047,138159,616,0,10,True,den520d-random-19.scen,780
780,den520d.map,planner,1,179176,138159,436,436,148626,138159,314,0,100,False,den520d-random-19.scen,780
780,den520d.map,planner,1,174655,138159,438,436,146791,138159,2560,0,100,True,den520d-random-19.scen,780
780,den520d.map,planner,1,179176,138159,436,436,148626,138159,313,0,1000,False,den520d-random-19.scen,780
780,den520d.map,planner,1,175595,138159,444,436,146676,138159,24748,0,1000,True,den520d-random-19.scen,780
820,den520d.map,planner,1,191115,145882,436,436,157442,145882,341,0,0,False,den520d-random-19.scen,820
820,den520d.map,planner,1,191115,145882,436,436,157442,145882,356,0,0,True,den520d-random-19.scen,820
820,den520d.map,planner,1,191115,145882,436,436,157442,145882,326,0,1,False,den520d-random-19.scen,820
820,den520d.map,planner,1,187136,145882,440,436,156313,145882,370,0,1,True,den520d-random-19.scen,820
820,den520d.map,planner,1,191115,145882,436,436,157442,145882,343,0,10,False,den520d-random-19.scen,820
820,den520d.map,planner,1,188471,145882,444,436,156175,145882,711,0,10,True,den520d-random-19.scen,820
820,den520d.map,planner,1,191115,145882,436,436,157442,145882,349,0,100,False,den520d-random-19.scen,820
820,den520d.map,planner,1,188245,145882,444,436,155670,145882,3292,0,100,True,den520d-random-19.scen,820
820,den520d.map,planner,1,191115,145882,436,436,157442,145882,341,0,1000,False,den520d-random-19.scen,820
820,den520d.map,planner,1,187716,145882,444,436,155539,145882,31473,0,1000,True,den520d-random-19.scen,820
860,den520d.map,planner,1,202139,152763,436,436,165796,152763,358,0,0,False,den520d-random-19.scen,860
860,den520d.map,planner,1,202139,152763,436,436,165796,152763,368,0,0,True,den520d-random-19.scen,860
860,den520d.map,planner,1,202139,152763,436,436,165796,152763,341,0,1,False,den520d-random-19.scen,860
860,den520d.map,planner,1,197749,152763,440,436,164049,152763,432,0,1,True,den520d-random-19.scen,860
860,den520d.map,planner,1,202139,152763,436,436,165796,152763,349,0,10,False,den520d-random-19.scen,860
860,den520d.map,planner,1,198749,152763,440,436,163984,152763,752,0,10,True,den520d-random-19.scen,860
860,den520d.map,planner,1,202139,152763,436,436,165796,152763,352,0,100,False,den520d-random-19.scen,860
860,den520d.map,planner,1,198453,152763,436,436,164055,152763,4335,0,100,True,den520d-random-19.scen,860
860,den520d.map,planner,1,202139,152763,436,436,165796,152763,359,0,1000,False,den520d-random-19.scen,860
860,den520d.map,planner,1,198752,152763,438,436,163732,152763,35737,0,1000,True,den520d-random-19.scen,860
900,den520d.map,planner,1,212319,160935,436,436,175494,160935,375,0,0,False,den520d-random-19.scen,900
900,den520d.map,planner,1,212319,160935,436,436,175494,160935,385,0,0,True,den520d-random-19.scen,900
900,den520d.map,planner,1,212319,160935,436,436,175494,160935,392,0,1,False,den520d-random-19.scen,900
900,den520d.map,planner,1,211857,160935,438,436,174324,160935,418,0,1,True,den520d-random-19.scen,900
900,den520d.map,planner,1,212319,160935,436,436,175494,160935,371,0,10,False,den520d-random-19.scen,900
900,den520d.map,planner,1,211348,160935,440,436,173624,160935,812,0,10,True,den520d-random-19.scen,900
900,den520d.map,planner,1,212319,160935,436,436,175494,160935,372,0,100,False,den520d-random-19.scen,900
900,den520d.map,planner,1,211090,160935,446,436,173893,160935,4640,0,100,True,den520d-random-19.scen,900
900,den520d.map,planner,1,212319,160935,436,436,175494,160935,374,0,1000,False,den520d-random-19.scen,900
900,den520d.map,planner,1,210720,160935,442,436,173735,160935,42640,0,1000,True,den520d-random-19.scen,900
940,den520d.map,planner,1,226521,167431,436,436,183333,167431,385,0,0,False,den520d-random-19.scen,940
940,den520d.map,planner,1,226521,167431,436,436,183333,167431,390,0,0,True,den520d-random-19.scen,940
940,den520d.map,planner,1,226521,167431,436,436,183333,167431,396,0,1,False,den520d-random-19.scen,940
940,den520d.map,planner,1,222404,167431,440,436,181407,167431,439,0,1,True,den520d-random-19.scen,940
940,den520d.map,planner,1,226521,167431,436,436,183333,167431,394,0,10,False,den520d-random-19.scen,940
940,den520d.map,planner,1,222812,167431,456,436,181382,167431,865,0,10,True,den520d-random-19.scen,940
940,den520d.map,planner,1,226521,167431,436,436,183333,167431,380,0,100,False,den520d-random-19.scen,940
940,den520d.map,planner,1,221555,167431,442,436,180861,167431,4244,0,100,True,den520d-random-19.scen,940
940,den520d.map,planner,1,226521,167431,436,436,183333,167431,417,0,1000,False,den520d-random-19.scen,940
940,den520d.map,planner,1,221985,167431,438,436,180652,167431,38923,0,1000,True,den520d-random-19.scen,940
980,den520d.map,planner,1,235178,173956,436,436,191114,173956,402,0,0,False,den520d-random-19.scen,980
980,den520d.map,planner,1,235178,173956,436,436,191114,173956,413,0,0,True,den520d-random-19.scen,980
980,den520d.map,planner,1,235178,173956,436,436,191114,173956,408,0,1,False,den520d-random-19.scen,980
980,den520d.map,planner,1,233025,173956,436,436,189566,173956,450,0,1,True,den520d-random-19.scen,980
980,den520d.map,planner,1,235178,173956,436,436,191114,173956,396,0,10,False,den520d-random-19.scen,980
980,den520d.map,planner,1,233829,173956,444,436,189521,173956,903,0,10,True,den520d-random-19.scen,980
980,den520d.map,planner,1,235178,173956,436,436,191114,173956,412,0,100,False,den520d-random-19.scen,980
980,den520d.map,planner,1,231992,173956,438,436,189332,173956,4970,0,100,True,den520d-random-19.scen,980
980,den520d.map,planner,1,235178,173956,436,436,191114,173956,406,0,1000,False,den520d-random-19.scen,980
980,den520d.map,planner,1,234497,173956,441,436,189211,173956,46881,0,1000,True,den520d-random-19.scen,980
20,den520d.map,planner,1,3687,3685,395,395,3687,3685,8,0,0,False,den520d-random-1.scen,20
20,den520d.map,planner,1,3687,3685,395,395,3687,3685,8,0,0,True,den520d-random-1.scen,20
20,den520d.map,planner,1,3687,3685,395,395,3687,3685,8,0,1,False,den520d-random-1.scen,20
20,den520d.map,planner,1,3687,3685,395,395,3687,3685,7,0,1,True,den520d-random-1.scen,20
20,den520d.map,planner,1,3687,3685,395,395,3687,3685,8,0,10,False,den520d-random-1.scen,20
20,den520d.map,planner,1,3687,3685,395,395,3687,3685,9,0,10,True,den520d-random-1.scen,20
20,den520d.map,planner,1,3687,3685,395,395,3687,3685,7,0,100,False,den520d-random-1.scen,20
20,den520d.map,planner,1,3687,3685,395,395,3687,3685,8,0,100,True,den520d-random-1.scen,20
20,den520d.map,planner,1,3687,3685,395,395,3687,3685,7,0,1000,False,den520d-random-1.scen,20
20,den520d.map,planner,1,3687,3685,395,395,3687,3685,7,0,1000,True,den520d-random-1.scen,20
60,den520d.map,planner,1,9887,9755,395,395,9800,9755,17,0,0,False,den520d-random-1.scen,60
60,den520d.map,planner,1,9887,9755,395,395,9800,9755,20,0,0,True,den520d-random-1.scen,60
60,den520d.map,planner,1,9887,9755,395,395,9800,9755,18,0,1,False,den520d-random-1.scen,60
60,den520d.map,planner,1,9887,9755,395,395,9800,9755,19,0,1,True,den520d-random-1.scen,60
60,den520d.map,planner,1,9887,9755,395,395,9800,9755,17,0,10,False,den520d-random-1.scen,60
60,den520d.map,planner,1,9887,9755,395,395,9800,9755,19,0,10,True,den520d-random-1.scen,60
60,den520d.map,planner,1,9887,9755,395,395,9800,9755,19,0,100,False,den520d-random-1.scen,60
60,den520d.map,planner,1,9887,9755,395,395,9800,9755,18,0,100,True,den520d-random-1.scen,60
60,den520d.map,planner,1,9887,9755,395,395,9800,9755,22,0,1000,False,den520d-random-1.scen,60
60,den520d.map,planner,1,9887,9755,395,395,9800,9755,19,0,1000,True,den520d-random-1.scen,60
100,den520d.map,planner,1,17007,16637,395,395,16776,16637,36,0,0,False,den520d-random-1.scen,100
100,den520d.map,planner,1,17007,16637,395,395,16776,16637,32,0,0,True,den520d-random-1.scen,100
100,den520d.map,planner,1,17007,16637,395,395,16776,16637,31,0,1,False,den520d-random-1.scen,100
100,den520d.map,planner,1,17000,16637,395,395,16785,16637,35,0,1,True,den520d-random-1.scen,100
100,den520d.map,planner,1,17007,16637,395,395,16776,16637,38,0,10,False,den520d-random-1.scen,100
100,den520d.map,planner,1,17000,16637,395,395,16785,16637,29,0,10,True,den520d-random-1.scen,100
100,den520d.map,planner,1,17007,16637,395,395,16776,16637,31,0,100,False,den520d-random-1.scen,100
100,den520d.map,planner,1,17000,16637,395,395,16785,16637,32,0,100,True,den520d-random-1.scen,100
100,den520d.map,planner,1,17007,16637,395,395,16776,16637,33,0,1000,False,den520d-random-1.scen,100
100,den520d.map,planner,1,17000,16637,395,395,16785,16637,33,0,1000,True,den520d-random-1.scen,100
140,den520d.map,planner,1,25471,24867,401,401,25102,24867,46,0,0,False,den520d-random-1.scen,140
140,den520d.map,planner,1,25471,24867,401,401,25102,24867,47,0,0,True,den520d-random-1.scen,140
140,den520d.map,planner,1,25471,24867,401,401,25102,24867,49,0,1,False,den520d-random-1.scen,140
140,den520d.map,planner,1,25591,24867,401,401,25083,24867,51,0,1,True,den520d-random-1.scen,140
140,den520d.map,planner,1,25471,24867,401,401,25102,24867,52,0,10,False,den520d-random-1.scen,140
140,den520d.map,planner,1,25591,24867,401,401,25083,24867,55,0,10,True,den520d-random-1.scen,140
140,den520d.map,planner,1,25471,24867,401,401,25102,24867,48,0,100,False,den520d-random-1.scen,140
140,den520d.map,planner,1,25591,24867,401,401,25083,24867,46,0,100,True,den520d-random-1.scen,140
140,den520d.map,planner,1,25471,24867,401,401,25102,24867,46,0,1000,False,den520d-random-1.scen,140
140,den520d.map,planner,1,25591,24867,401,401,25083,24867,47,0,1000,True,den520d-random-1.scen,140
180,den520d.map,planner,1,33564,30832,401,401,31288,30832,56,0,0,False,den520d-random-1.scen,180
180,den520d.map,planner,1,33564,30832,401,401,31288,30832,60,0,0,True,den520d-random-1.scen,180
180,den520d.map,planner,1,33564,30832,401,401,31288,30832,63,0,1,False,den520d-random-1.scen,180
180,den520d.map,planner,1,32802,30832,401,401,31236,30832,62,0,1,True,den520d-random-1.scen,180
180,den520d.map,planner,1,33564,30832,401,401,31288,30832,59,0,10,False,den520d-random-1.scen,180
180,den520d.map,planner,1,32802,30832,401,401,31236,30832,60,0,10,True,den520d-random-1.scen,180
180,den520d.map,planner,1,33564,30832,401,401,31288,30832,57,0,100,False,den520d-random-1.scen,180
180,den520d.map,planner,1,32802,30832,401,401,31236,30832,59,0,100,True,den520d-random-1.scen,180
180,den520d.map,planner,1,33564,30832,401,401,31288,30832,63,0,1000,False,den520d-random-1.scen,180
180,den520d.map,planner,1,32802,30832,401,401,31236,30832,58,0,1000,True,den520d-random-1.scen,180
220,den520d.map,planner,1,42058,38181,401,401,38796,38181,87,0,0,False,den520d-random-1.scen,220
220,den520d.map,planner,1,42058,38181,401,401,38796,38181,72,0,0,True,den520d-random-1.scen,220
220,den520d.map,planner,1,42058,38181,401,401,38796,38181,80,0,1,False,den520d-random-1.scen,220
220,den520d.map,planner,1,41830,38181,401,401,38758,38181,70,0,1,True,den520d-random-1.scen,220
220,den520d.map,planner,1,42058,38181,401,401,38796,38181,71,0,10,False,den520d-random-1.scen,220
220,den520d.map,planner,1,41830,38181,401,401,38758,38181,76,0,10,True,den520d-random-1.scen,220
220,den520d.map,planner,1,42058,38181,401,401,38796,38181,75,0,100,False,den520d-random-1.scen,220
220,den520d.map,planner,1,41830,38181,401,401,38758,38181,82,0,100,True,den520d-random-1.scen,220
220,den520d.map,planner,1,42058,38181,401,401,38796,38181,81,0,1000,False,den520d-random-1.scen,220
220,den520d.map,planner,1,41830,38181,401,401,38758,38181,73,0,1000,True,den520d-random-1.scen,220
260,den520d.map,planner,1,50518,45818,401,401,46846,45818,94,0,0,False,den520d-random-1.scen,260
260,den520d.map,planner,1,50518,45818,401,401,46846,45818,103,0,0,True,den520d-random-1.scen,260
260,den520d.map,planner,1,50518,45818,401,401,46846,45818,96,0,1,False,den520d-random-1.scen,260
260,den520d.map,planner,1,50545,45818,401,401,46694,45818,91,0,1,True,den520d-random-1.scen,260
260,den520d.map,planner,1,50518,45818,401,401,46846,45818,98,0,10,False,den520d-random-1.scen,260
260,den520d.map,planner,1,50545,45818,401,401,46694,45818,97,0,10,True,den520d-random-1.scen,260
260,den520d.map,planner,1,50518,45818,401,401,46846,45818,93,0,100,False,den520d-random-1.scen,260
260,den520d.map,planner,1,50545,45818,401,401,46694,45818,105,0,100,True,den520d-random-1.scen,260
260,den520d.map,planner,1,50518,45818,401,401,46846,45818,103,0,1000,False,den520d-random-1.scen,260
260,den520d.map,planner,1,50545,45818,401,401,46694,45818,96,0,1000,True,den520d-random-1.scen,260
300,den520d.map,planner,1,58374,51745,401,401,52960,51745,101,0,0,False,den520d-random-1.scen,300
300,den520d.map,planner,1,58374,51745,401,401,52960,51745,104,0,0,True,den520d-random-1.scen,300
300,den520d.map,planner,1,58374,51745,401,401,52960,51745,110,0,1,False,den520d-random-1.scen,300
300,den520d.map,planner,1,59221,51745,401,401,52858,51745,108,0,1,True,den520d-random-1.scen,300
300,den520d.map,planner,1,58374,51745,401,401,52960,51745,100,0,10,False,den520d-random-1.scen,300
300,den520d.map,planner,1,59221,51745,401,401,52858,51745,102,0,10,True,den520d-random-1.scen,300
300,den520d.map,planner,1,58374,51745,401,401,52960,51745,105,0,100,False,den520d-random-1.scen,300
300,den520d.map,planner,1,59221,51745,401,401,52858,51745,110,0,100,True,den520d-random-1.scen,300
300,den520d.map,planner,1,58374,51745,401,401,52960,51745,107,0,1000,False,den520d-random-1.scen,300
300,den520d.map,planner,1,59221,51745,401,401,52858,51745,109,0,1000,True,den520d-random-1.scen,300
340,den520d.map,planner,1,67770,58447,401,401,60088,58447,118,0,0,False,den520d-random-1.scen,340
340,den520d.map,planner,1,67770,58447,401,401,60088,58447,123,0,0,True,den520d-random-1.scen,340
340,den520d.map,planner,1,67770,58447,401,401,60088,58447,121,0,1,False,den520d-random-1.scen,340
340,den520d.map,planner,1,67431,58447,401,401,59901,58447,120,0,1,True,den520d-random-1.scen,340
340,den520d.map,planner,1,67770,58447,401,401,60088,58447,128,0,10,False,den520d-random-1.scen,340
340,den520d.map,planner,1,67044,58447,401,401,59852,58447,124,0,10,True,den520d-random-1.scen,340
340,den520d.map,planner,1,67770,58447,401,401,60088,58447,138,0,100,False,den520d-random-1.scen,340
340,den520d.map,planner,1,67044,58447,401,401,59852,58447,115,0,100,True,den520d-random-1.scen,340
340,den520d.map,planner,1,67770,58447,401,401,60088,58447,125,0,1000,False,den520d-random-1.scen,340
340,den520d.map,planner,1,67044,58447,401,401,59852,58447,120,0,1000,True,den520d-random-1.scen,340
380,den520d.map,planner,1,74826,64580,401,401,66677,64580,142,0,0,False,den520d-random-1.scen,380
380,den520d.map,planner,1,74826,64580,401,401,66677,64580,140,0,0,True,den520d-random-1.scen,380
380,den520d.map,planner,1,74826,64580,401,401,66677,64580,146,0,1,False,den520d-random-1.scen,380
380,den520d.map,planner,1,74723,64580,401,401,66451,64580,144,0,1,True,den520d-random-1.scen,380
380,den520d.map,planner,1,74826,64580,401,401,66677,64580,139,0,10,False,den520d-random-1.scen,380
380,den520d.map,planner,1,75395,64580,401,401,66471,64580,142,0,10,True,den520d-random-1.scen,380
380,den520d.map,planner,1,74826,64580,401,401,66677,64580,138,0,100,False,den520d-random-1.scen,380
380,den520d.map,planner,1,75395,64580,401,401,66471,64580,139,0,100,True,den520d-random-1.scen,380
380,den520d.map,planner,1,74826,64580,401,401,66677,64580,141,0,1000,False,den520d-random-1.scen,380
380,den520d.map,planner,1,75395,64580,401,401,66471,64580,159,0,1000,True,den520d-random-1.scen,380
420,den520d.map,planner,1,84944,71831,401,401,74315,71831,149,0,0,False,den520d-random-1.scen,420
420,den520d.map,planner,1,84944,71831,401,401,74315,71831,159,0,0,True,den520d-random-1.scen,420
420,den520d.map,planner,1,84944,71831,401,401,74315,71831,155,0,1,False,den520d-random-1.scen,420
420,den520d.map,planner,1,84608,71831,401,401,73976,71831,149,0,1,True,den520d-random-1.scen,420
420,den520d.map,planner,1,84944,71831,401,401,74315,71831,146,0,10,False,den520d-random-1.scen,420
420,den520d.map,planner,1,85695,71831,401,401,74002,71831,171,0,10,True,den520d-random-1.scen,420
420,den520d.map,planner,1,84944,71831,401,401,74315,71831,152,0,100,False,den520d-random-1.scen,420
420,den520d.map,planner,1,85259,71831,401,401,73889,71831,151,0,100,True,den520d-random-1.scen,420
420,den520d.map,planner,1,84944,71831,401,401,74315,71831,147,0,1000,False,den520d-random-1.scen,420
420,den520d.map,planner,1,85259,71831,401,401,73889,71831,164,0,1000,True,den520d-random-1.scen,420
460,den520d.map,planner,1,93935,78527,401,401,81440,78527,180,0,0,False,den520d-random-1.scen,460
460,den520d.map,planner,1,93935,78527,401,401,81440,78527,179,0,0,True,den520d-random-1.scen,460
460,den520d.map,planner,1,93935,78527,401,401,81440,78527,174,0,1,False,den520d-random-1.scen,460
460,den520d.map,planner,1,92776,78527,401,401,81125,78527,170,0,1,True,den520d-random-1.scen,460
460,den520d.map,planner,1,93935,78527,401,401,81440,78527,166,0,10,False,den520d-random-1.scen,460
460,den520d.map,planner,1,92538,78527,401,401,81005,78527,181,0,10,True,den520d-random-1.scen,460
460,den520d.map,planner,1,93935,78527,401,401,81440,78527,170,0,100,False,den520d-random-1.scen,460
460,den520d.map,planner,1,93620,78527,401,401,81194,78527,180,0,100,True,den520d-random-1.scen,460
460,den520d.map,planner,1,93935,78527,401,401,81440,78527,177,0,1000,False,den520d-random-1.scen,460
460,den520d.map,planner,1,93620,78527,401,401,81194,78527,181,0,1000,True,den520d-random-1.scen,460
500,den520d.map,planner,1,102671,84864,401,401,88190,84864,206,0,0,False,den520d-random-1.scen,500
500,den520d.map,planner,1,102671,84864,401,401,88190,84864,197,0,0,True,den520d-random-1.scen,500
500,den520d.map,planner,1,102671,84864,401,401,88190,84864,186,0,1,False,den520d-random-1.scen,500
500,den520d.map,planner,1,101067,84864,401,401,87832,84864,194,0,1,True,den520d-random-1.scen,500
500,den520d.map,planner,1,102671,84864,401,401,88190,84864,187,0,10,False,den520d-random-1.scen,500
500,den520d.map,planner,1,102844,84864,401,401,87928,84864,196,0,10,True,den520d-random-1.scen,500
500,den520d.map,planner,1,102671,84864,401,401,88190,84864,189,0,100,False,den520d-random-1.scen,500
500,den520d.map,planner,1,101890,84864,403,401,87861,84864,189,0,100,True,den520d-random-1.scen,500
500,den520d.map,planner,1,102671,84864,401,401,88190,84864,185,0,1000,False,den520d-random-1.scen,500
500,den520d.map,planner,1,101890,84864,403,401,87861,84864,220,0,1000,True,den520d-random-1.scen,500
540,den520d.map,planner,1,111929,91770,401,401,95789,91770,198,0,0,False,den520d-random-1.scen,540
540,den520d.map,planner,1,111929,91770,401,401,95789,91770,205,0,0,True,den520d-random-1.scen,540
540,den520d.map,planner,1,111929,91770,401,401,95789,91770,198,0,1,False,den520d-random-1.scen,540
540,den520d.map,planner,1,112332,91770,401,401,95489,91770,216,0,1,True,den520d-random-1.scen,540
540,den520d.map,planner,1,111929,91770,401,401,95789,91770,197,0,10,False,den520d-random-1.scen,540
540,den520d.map,planner,1,112924,91770,401,401,95541,91770,218,0,10,True,den520d-random-1.scen,540
540,den520d.map,planner,1,111929,91770,401,401,95789,91770,205,0,100,False,den520d-random-1.scen,540
540,den520d.map,planner,1,112113,91770,401,401,95572,91770,275,0,100,True,den520d-random-1.scen,540
540,den520d.map,planner,1,111929,91770,401,401,95789,91770,201,0,1000,False,den520d-random-1.scen,540
540,den520d.map,planner,1,113301,91770,401,401,95636,91770,321,0,1000,True,den520d-random-1.scen,540
580,den520d.map,planner,1,122511,97883,401,401,102885,97883,217,0,0,False,den520d-random-1.scen,580
580,den520d.map,planner,1,122511,97883,401,401,102885,97883,217,0,0,True,den520d-random-1.scen,580
580,den520d.map,planner,1,122511,97883,401,401,102885,97883,215,0,1,False,den520d-random-1.scen,580
580,den520d.map,planner,1,121901,97883,401,401,102200,97883,224,0,1,True,den520d-random-1.scen,580
580,den520d.map,planner,1,122511,97883,401,401,102885,97883,217,0,10,False,den520d-random-1.scen,580
580,den520d.map,planner,1,121213,97883,401,401,102193,97883,259,0,10,True,den520d-random-1.scen,580
580,den520d.map,planner,1,122511,97883,401,401,102885,97883,219,0,100,False,den520d-random-1.scen,580
580,den520d.map,planner,1,120399,97883,401,401,102116,97883,359,0,100,True,den520d-random-1.scen,580
580,den520d.map,planner,1,122511,97883,401,401,102885,97883,221,0,1000,False,den520d-random-1.scen,580
580,den520d.map,planner,1,121515,97883,401,401,102196,97883,798,0,1000,True,den520d-random-1.scen,580
620,den520d.map,planner,1,132805,104954,401,401,110923,104954,222,0,0,False,den520d-random-1.scen,620
620,den520d.map,planner,1,132805,104954,401,401,110923,104954,233,0,0,True,den520d-random-1.scen,620
620,den520d.map,planner,1,132805,104954,401,401,110923,104954,240,0,1,False,den520d-random-1.scen,620
620,den520d.map,planner,1,130701,104954,401,401,110241,104954,246,0,1,True,den520d-random-1.scen,620
620,den520d.map,planner,1,132805,104954,401,401,110923,104954,234,0,10,False,den520d-random-1.scen,620
620,den520d.map,planner,1,128928,104954,401,401,109894,104954,288,0,10,True,den520d-random-1.scen,620
620,den520d.map,planner,1,132805,104954,401,401,110923,104954,249,0,100,False,den520d-random-1.scen,620
620,den520d.map,planner,1,131019,104954,401,401,109932,104954,590,0,100,True,den520d-random-1.scen,620
620,den520d.map,planner,1,132805,104954,401,401,110923,104954,240,0,1000,False,den520d-random-1.scen,620
620,den520d.map,planner,1,130472,104954,401,401,109999,104954,1003,0,1000,True,den520d-random-1.scen,620
660,den520d.map,planner,1,141269,110853,401,401,117732,110853,270,0,0,False,den520d-random-1.scen,660
660,den520d.map,planner,1,141269,110853,401,401,117732,110853,255,0,0,True,den520d-random-1.scen,660
660,den520d.map,planner,1,141269,110853,401,401,117732,110853,244,0,1,False,den520d-random-1.scen,660
660,den520d.map,planner,1,139860,110853,401,401,117041,110853,267,0,1,True,den520d-random-1.scen,660
660,den520d.map,planner,1,141269,110853,401,401,117732,110853,259,0,10,False,den520d-random-1.scen,660
660,den520d.map,planner,1,140419,110853,401,401,116855,110853,352,0,10,True,den520d-random-1.scen,660
660,den520d.map,planner,1,141269,110853,401,401,117732,110853,251,0,100,False,den520d-random-1.scen,660
660,den520d.map,planner,1,140395,110853,401,401,116583,110853,621,0,100,True,den520d-random-1.scen,660
660,den520d.map,planner,1,141269,110853,401,401,117732,110853,249,0,1000,False,den520d-random-1.scen,660
660,den520d.map,planner,1,140536,110853,401,401,116536,110853,1238,0,1000,True,den520d-random-1.scen,660
700,den520d.map,planner,1,151331,117262,401,401,125062,117262,267,0,0,False,den520d-random-1.scen,700
700,den520d.map,planner,1,151331,117262,401,401,125062,117262,271,0,0,True,den520d-random-1.scen,700
700,den520d.map,planner,1,151331,117262,401,401,125062,117262,263,0,1,False,den520d-random-1.scen,700
700,den520d.map,planner,1,149344,117262,401,401,123875,117262,296,0,1,True,den520d-random-1.scen,700
700,den520d.map,planner,1,151331,117262,401,401,125062,117262,259,0,10,False,den520d-random-1.scen,700
700,den520d.map,planner,1,149231,117262,401,401,123630,117262,376,0,10,True,den520d-random-1.scen,700
700,den520d.map,planner,1,151331,117262,401,401,125062,117262,259,0,100,False,den520d-random-1.scen,700
700,den520d.map,planner,1,149650,117262,401,401,123699,117262,1257,0,100,True,den520d-random-1.scen,700
700,den520d.map,planner,1,151331,117262,401,401,125062,117262,269,0,1000,False,den520d-random-1.scen,700
700,den520d.map,planner,1,148718,117262,403,401,123578,117262,4243,0,1000,True,den520d-random-1.scen,700
740,den520d.map,planner,1,159302,123260,401,401,131206,123260,295,0,0,False,den520d-random-1.scen,740
740,den520d.map,planner,1,159302,123260,401,401,131206,123260,285,0,0,True,den520d-random-1.scen,740
740,den520d.map,planner,1,159302,123260,401,401,131206,123260,275,0,1,False,den520d-random-1.scen,740
740,den520d.map,planner,1,158777,123260,401,401,130476,123260,315,0,1,True,den520d-random-1.scen,740
740,den520d.map,planner,1,159302,123260,401,401,131206,123260,281,0,10,False,den520d-random-1.scen,740
740,den520d.map,planner,1,158920,123260,401,401,130720,123260,453,0,10,True,den520d-random-1.scen,740
740,den520d.map,planner,1,159302,123260,401,401,131206,123260,294,0,100,False,den520d-random-1.scen,740
740,den520d.map,planner,1,157730,123260,401,401,130102,123260,1110,0,100,True,den520d-random-1.scen,740
740,den520d.map,planner,1,159302,123260,401,401,131206,123260,289,0,1000,False,den520d-random-1.scen,740
740,den520d.map,planner,1,159248,123260,401,401,130278,123260,6657,0,1000,True,den520d-random-1.scen,740
780,den520d.map,planner,1,169334,129699,401,401,139107,129699,295,0,0,False,den520d-random-1.scen,780
780,den520d.map,planner,1,169334,129699,401,401,139107,129699,289,0,0,True,den520d-random-1.scen,780
780,den520d.map,planner,1,169334,129699,401,401,139107,129699,293,0,1,False,den520d-random-1.scen,780
780,den520d.map,planner,1,167395,129699,401,401,137881,129699,318,0,1,True,den520d-random-1.scen,780
780,den520d.map,planner,1,169334,129699,401,401,139107,129699,314,0,10,False,den520d-random-1.scen,780
780,den520d.map,planner,1,167898,129699,401,401,137890,129699,515,0,10,True,den520d-random-1.scen,780
780,den520d.map,planner,1,169334,129699,401,401,139107,129699,290,0,100,False,den520d-random-1.scen,780
780,den520d.map,planner,1,167047,129699,402,401,137347,129699,1897,0,100,True,den520d-random-1.scen,780
780,den520d.map,planner,1,169334,129699,401,401,139107,129699,302,0,1000,False,den520d-random-1.scen,780
780,den520d.map,planner,1,166538,129699,404,401,137244,129699,13925,0,1000,True,den520d-random-1.scen,780
820,den520d.map,planner,1,179804,136160,402,401,146809,136160,332,0,0,False,den520d-random-1.scen,820
820,den520d.map,planner,1,179804,136160,402,401,146809,136160,322,0,0,True,den520d-random-1.scen,820
820,den520d.map,planner,1,179804,136160,402,401,146809,136160,319,0,1,False,den520d-random-1.scen,820
820,den520d.map,planner,1,177859,136160,401,401,145413,136160,338,0,1,True,den520d-random-1.scen,820
820,den520d.map,planner,1,179804,136160,402,401,146809,136160,316,0,10,False,den520d-random-1.scen,820
820,den520d.map,planner,1,177514,136160,401,401,144914,136160,533,0,10,True,den520d-random-1.scen,820
820,den520d.map,planner,1,179804,136160,402,401,146809,136160,312,0,100,False,den520d-random-1.scen,820
820,den520d.map,planner,1,175478,136160,442,401,144761,136160,2237,0,100,True,den520d-random-1.scen,820
820,den520d.map,planner,1,179804,136160,402,401,146809,136160,330,0,1000,False,den520d-random-1.scen,820
820,den520d.map,planner,1,175901,136160,401,401,144617,136160,13582,0,1000,True,den520d-random-1.scen,820
860,den520d.map,planner,1,187063,141766,401,401,153007,141766,332,0,0,False,den520d-random-1.scen,860
860,den520d.map,planner,1,187063,141766,401,401,153007,141766,335,0,0,True,den520d-random-1.scen,860
860,den520d.map,planner,1,187063,141766,401,401,153007,141766,322,0,1,False,den520d-random-1.scen,860
860,den520d.map,planner,1,187080,141766,401,401,151721,141766,356,0,1,True,den520d-random-1.scen,860
860,den520d.map,planner,1,187063,141766,401,401,153007,141766,331,0,10,False,den520d-random-1.scen,860
860,den520d.map,planner,1,185564,141766,401,401,151022,141766,539,0,10,True,den520d-random-1.scen,860
860,den520d.map,planner,1,187063,141766,401,401,153007,141766,340,0,100,False,den520d-random-1.scen,860
860,den520d.map,planner,1,184564,141766,403,401,150694,141766,1996,0,100,True,den520d-random-1.scen,860
860,den520d.map,planner,1,187063,141766,401,401,153007,141766,328,0,1000,False,den520d-random-1.scen,860
860,den520d.map,planner,1,185731,141766,403,401,150945,141766,16402,0,1000,True,den520d-random-1.scen,860
900,den520d.map,planner,1,198514,150422,401,401,162378,150422,340,0,0,False,den520d-random-1.scen,900
900,den520d.map,planner,1,198514,150422,401,401,162378,150422,379,0,0,True,den520d-random-1.scen,900
900,den520d.map,planner,1,198514,150422,401,401,162378,150422,338,0,1,False,den520d-random-1.scen,900
900,den520d.map,planner,1,199096,150422,401,401,161594,150422,391,0,1,True,den520d-random-1.scen,900
900,den520d.map,planner,1,198514,150422,401,401,162378,150422,350,0,10,False,den520d-random-1.scen,900
900,den520d.map,planner,1,196585,150422,401,401,160886,150422,629,0,10,True,den520d-random-1.scen,900
900,den520d.map,planner,1,198514,150422,401,401,162378,150422,340,0,100,False,den520d-random-1.scen,900
900,den520d.map,planner,1,197478,150422,402,401,160870,150422,2789,0,100,True,den520d-random-1.scen,900
900,den520d.map,planner,1,198514,150422,401,401,162378,150422,390,0,1000,False,den520d-random-1.scen,900
900,den520d.map,planner,1,198585,150422,401,401,160424,150422,23719,0,1000,True,den520d-random-1.scen,900
940,den520d.map,planner,1,210450,157268,401,401,171230,157268,366,0,0,False,den520d-random-1.scen,940
940,den520d.map,planner,1,210450,157268,401,401,171230,157268,400,0,0,True,den520d-random-1.scen,940
940,den520d.map,planner,1,210450,157268,401,401,171230,157268,366,0,1,False,den520d-random-1.scen,940
940,den520d.map,planner,1,208991,157268,401,401,169687,157268,409,0,1,True,den520d-random-1.scen,940
940,den520d.map,planner,1,210450,157268,401,401,171230,157268,386,0,10,False,den520d-random-1.scen,940
940,den520d.map,planner,1,209271,157268,409,401,169400,157268,728,0,10,True,den520d-random-1.scen,940
940,den520d.map,planner,1,210450,157268,401,401,171230,157268,359,0,100,False,den520d-random-1.scen,940
940,den520d.map,planner,1,207786,157268,401,401,168572,157268,3597,0,100,True,den520d-random-1.scen,940
940,den520d.map,planner,1,210450,157268,401,401,171230,157268,355,0,1000,False,den520d-random-1.scen,940
940,den520d.map,planner,1,208780,157268,402,401,168629,157268,26773,0,1000,True,den520d-random-1.scen,940
980,den520d.map,planner,1,219126,164019,401,401,178344,164019,397,0,0,False,den520d-random-1.scen,980
980,den520d.map,planner,1,219126,164019,401,401,178344,164019,380,0,0,True,den520d-random-1.scen,980
980,den520d.map,planner,1,219126,164019,401,401,178344,164019,376,0,1,False,den520d-random-1.scen,980
980,den520d.map,planner,1,217814,164019,401,401,177346,164019,415,0,1,True,den520d-random-1.scen,980
980,den520d.map,planner,1,219126,164019,401,401,178344,164019,370,0,10,False,den520d-random-1.scen,980
980,den520d.map,planner,1,217065,164019,401,401,176792,164019,749,0,10,True,den520d-random-1.scen,980
980,den520d.map,planner,1,219126,164019,401,401,178344,164019,381,0,100,False,den520d-random-1.scen,980
980,den520d.map,planner,1,217562,164019,401,401,176139,164019,3617,0,100,True,den520d-random-1.scen,980
980,den520d.map,planner,1,219126,164019,401,401,178344,164019,368,0,1000,False,den520d-random-1.scen,980
980,den520d.map,planner,1,219712,164019,401,401,176346,164019,34264,0,1000,True,den520d-random-1.scen,980
20,den520d.map,planner,1,3395,3392,370,370,3395,3392,7,0,0,False,den520d-random-3.scen,20
20,den520d.map,planner,1,3395,3392,370,370,3395,3392,7,0,0,True,den520d-random-3.scen,20
20,den520d.map,planner,1,3395,3392,370,370,3395,3392,8,0,1,False,den520d-random-3.scen,20
20,den520d.map,planner,1,3395,3392,370,370,3395,3392,7,0,1,True,den520d-random-3.scen,20
20,den520d.map,planner,1,3395,3392,370,370,3395,3392,7,0,10,False,den520d-random-3.scen,20
20,den520d.map,planner,1,3395,3392,370,370,3395,3392,7,0,10,True,den520d-random-3.scen,20
20,den520d.map,planner,1,3395,3392,370,370,3395,3392,7,0,100,False,den520d-random-3.scen,20
20,den520d.map,planner,1,3395,3392,370,370,3395,3392,9,0,100,True,den520d-random-3.scen,20
20,den520d.map,planner,1,3395,3392,370,370,3395,3392,7,0,1000,False,den520d-random-3.scen,20
20,den520d.map,planner,1,3395,3392,370,370,3395,3392,7,0,1000,True,den520d-random-3.scen,20
60,den520d.map,planner,1,10311,10166,370,370,10190,10166,23,0,0,False,den520d-random-3.scen,60
60,den520d.map,planner,1,10311,10166,370,370,10190,10166,19,0,0,True,den520d-random-3.scen,60
60,den520d.map,planner,1,10311,10166,370,370,10190,10166,20,0,1,False,den520d-random-3.scen,60
60,den520d.map,planner,1,10311,10166,370,370,10190,10166,19,0,1,True,den520d-random-3.scen,60
60,den520d.map,planner,1,10311,10166,370,370,10190,10166,23,0,10,False,den520d-random-3.scen,60
60,den520d.map,planner,1,10311,10166,370,370,10190,10166,21,0,10,True,den520d-random-3.scen,60
60,den520d.map,planner,1,10311,10166,370,370,10190,10166,20,0,100,False,den520d-random-3.scen,60
60,den520d.map,planner,1,10311,10166,370,370,10190,10166,22,0,100,True,den520d-random-3.scen,60
60,den520d.map,planner,1,10311,10166,370,370,10190,10166,23,0,1000,False,den520d-random-3.scen,60
60,den520d.map,planner,1,10311,10166,370,370,10190,10166,23,0,1000,True,den520d-random-3.scen,60
100,den520d.map,planner,1,17742,17274,379,379,17408,17274,33,0,0,False,den520d-random-3.scen,100
100,den520d.map,planner,1,17742,17274,379,379,17408,17274,35,0,0,True,den520d-random-3.scen,100
100,den520d.map,planner,1,17742,17274,379,379,17408,17274,35,0,1,False,den520d-random-3.scen,100
100,den520d.map,planner,1,18162,17274,379,379,17409,17274,31,0,1,True,den520d-random-3.scen,100
100,den520d.map,planner,1,17742,17274,379,379,17408,17274,34,0,10,False,den520d-random-3.scen,100
100,den520d.map,planner,1,18162,17274,379,379,17409,17274,35,0,10,True,den520d-random-3.scen,100
100,den520d.map,planner,1,17742,17274,379,379,17408,17274,34,0,100,False,den520d-random-3.scen,100
100,den520d.map,planner,1,18162,17274,379,379,17409,17274,37,0,100,True,den520d-random-3.scen,100
100,den520d.map,planner,1,17742,17274,379,379,17408,17274,30,0,1000,False,den520d-random-3.scen,100
100,den520d.map,planner,1,18162,17274,379,379,17409,17274,32,0,1000,True,den520d-random-3.scen,100
140,den520d.map,planner,1,25681,23783,379,379,24019,23783,47,0,0,False,den520d-random-3.scen,140
140,den520d.map,planner,1,25681,23783,379,379,24019,23783,47,0,0,True,den520d-random-3.scen,140
140,den520d.map,planner,1,25681,23783,379,379,24019,23783,46,0,1,False,den520d-random-3.scen,140
140,den520d.map,planner,1,26016,23783,379,379,23981,23783,42,0,1,True,den520d-random-3.scen,140
140,den520d.map,planner,1,25681,23783,379,379,24019,23783,46,0,10,False,den520d-random-3.scen,140
140,den520d.map,planner,1,26016,23783,379,379,23981,23783,48,0,10,True,den520d-random-3.scen,140
140,den520d.map,planner,1,25681,23783,379,379,24019,23783,47,0,100,False,den520d-random-3.scen,140
140,den520d.map,planner,1,26016,23783,379,379,23981,23783,46,0,100,True,den520d-random-3.scen,140
140,den520d.map,planner,1,25681,23783,379,379,24019,23783,45,0,1000,False,den520d-random-3.scen,140
140,den520d.map,planner,1,26016,23783,379,379,23981,23783,53,0,1000,True,den520d-random-3.scen,140
180,den520d.map,planner,1,34050,30476,392,392,30971,30476,63,0,0,False,den520d-random-3.scen,180
180,den520d.map,planner,1,34050,30476,392,392,30971,30476,65,0,0,True,den520d-random-3.scen,180
180,den520d.map,planner,1,34050,30476,392,392,30971,30476,65,0,1,False,den520d-random-3.scen,180
180,den520d.map,planner,1,33564,30476,392,392,30988,30476,66,0,1,True,den520d-random-3.scen,180
180,den520d.map,planner,1,34050,30476,392,392,30971,30476,58,0,10,False,den520d-random-3.scen,180
180,den520d.map,planner,1,33564,30476,392,392,30988,30476,71,0,10,True,den520d-random-3.scen,180
180,den520d.map,planner,1,34050,30476,392,392,30971,30476,64,0,100,False,den520d-random-3.scen,180
180,den520d.map,planner,1,33564,30476,392,392,30988,30476,63,0,100,True,den520d-random-3.scen,180
180,den520d.map,planner,1,34050,30476,392,392,30971,30476,60,0,1000,False,den520d-random-3.scen,180
180,den520d.map,planner,1,33564,30476,392,392,30988,30476,58,0,1000,True,den520d-random-3.scen,180
220,den520d.map,planner,1,41886,36331,392,392,37137,36331,77,0,0,False,den520d-random-3.scen,220
220,den520d.map,planner,1,41886,36331,392,392,37137,36331,79,0,0,True,den520d-random-3.scen,220
220,den520d.map,planner,1,41886,36331,392,392,37137,36331,75,0,1,False,den520d-random-3.scen,220
220,den520d.map,planner,1,41735,36331,392,392,37118,36331,74,0,1,True,den520d-random-3.scen,220
220,den520d.map,planner,1,41886,36331,392,392,37137,36331,84,0,10,False,den520d-random-3.scen,220
220,den520d.map,planner,1,41735,36331,392,392,37118,36331,76,0,10,True,den520d-random-3.scen,220
220,den520d.map,planner,1,41886,36331,392,392,37137,36331,75,0,100,False,den520d-random-3.scen,220
220,den520d.map,planner,1,41735,36331,392,392,37118,36331,79,0,100,True,den520d-random-3.scen,220
220,den520d.map,planner,1,41886,36331,392,392,37137,36331,79,0,1000,False,den520d-random-3.scen,220
220,den520d.map,planner,1,41735,36331,392,392,37118,36331,72,0,1000,True,den520d-random-3.scen,220
260,den520d.map,planner,1,50038,42718,392,392,44000,42718,91,0,0,False,den520d-random-3.scen,260
260,den520d.map,planner,1,50038,42718,392,392,44000,42718,88,0,0,True,den520d-random-3.scen,260
260,den520d.map,planner,1,50038,42718,392,392,44000,42718,91,0,1,False,den520d-random-3.scen,260
260,den520d.map,planner,1,49831,42718,392,392,43939,42718,88,0,1,True,den520d-random-3.scen,260
260,den520d.map,planner,1,50038,42718,392,392,44000,42718,101,0,10,False,den520d-random-3.scen,260
260,den520d.map,planner,1,49831,42718,392,392,43939,42718,92,0,10,True,den520d-random-3.scen,260
260,den520d.map,planner,1,50038,42718,392,392,44000,42718,89,0,100,False,den520d-random-3.scen,260
260,den520d.map,planner,1,49831,42718,392,392,43939,42718,91,0,100,True,den520d-random-3.scen,260
260,den520d.map,planner,1,50038,42718,392,392,44000,42718,100,0,1000,False,den520d-random-3.scen,260
260,den520d.map,planner,1,49831,42718,392,392,43939,42718,88,0,1000,True,den520d-random-3.scen,260
300,den520d.map,planner,1,58531,49916,392,392,51554,49916,99,0,0,False,den520d-random-3.scen,300
300,den520d.map,planner,1,58531,49916,392,392,51554,49916,107,0,0,True,den520d-random-3.scen,300
300,den520d.map,planner,1,58531,49916,392,392,51554,49916,109,0,1,False,den520d-random-3.scen,300
300,den520d.map,planner,1,58727,49916,392,392,51394,49916,115,0,1,True,den520d-random-3.scen,300
300,den520d.map,planner,1,58531,49916,392,392,51554,49916,108,0,10,False,den520d-random-3.scen,300
300,den520d.map,planner,1,58727,49916,392,392,51394,49916,101,0,10,True,den520d-random-3.scen,300
300,den520d.map,planner,1,58531,49916,392,392,51554,49916,105,0,100,False,den520d-random-3.scen,300
300,den520d.map,planner,1,58727,49916,392,392,51394,49916,109,0,100,True,den520d-random-3.scen,300
300,den520d.map,planner,1,58531,49916,392,392,51554,49916,109,0,1000,False,den520d-random-3.scen,300
300,den520d.map,planner,1,58727,49916,392,392,51394,49916,109,0,1000,True,den520d-random-3.scen,300
340,den520d.map,planner,1,67907,57092,392,392,59316,57092,116,0,0,False,den520d-random-3.scen,340
340,den520d.map,planner,1,67907,57092,392,392,59316,57092,134,0,0,True,den520d-random-3.scen,340
340,den520d.map,planner,1,67907,57092,392,392,59316,57092,128,0,1,False,den520d-random-3.scen,340
340,den520d.map,planner,1,67860,57092,392,392,59033,57092,124,0,1,True,den520d-random-3.scen,340
340,den520d.map,planner,1,67907,57092,392,392,59316,57092,128,0,10,False,den520d-random-3.scen,340
340,den520d.map,planner,1,67860,57092,392,392,59033,57092,126,0,10,True,den520d-random-3.scen,340
340,den520d.map,planner,1,67907,57092,392,392,59316,57092,127,0,100,False,den520d-random-3.scen,340
340,den520d.map,planner,1,67860,57092,392,392,59033,57092,125,0,100,True,den520d-random-3.scen,340
340,den520d.map,planner,1,67907,57092,392,392,59316,57092,138,0,1000,False,den520d-random-3.scen,340
340,den520d.map,planner,1,67860,57092,392,392,59033,57092,122,0,1000,True,den520d-random-3.scen,340
380,den520d.map,planner,1,76664,63655,392,392,66290,63655,138,0,0,False,den520d-random-3.scen,380
380,den520d.map,planner,1,76664,63655,392,392,66290,63655,136,0,0,True,den520d-random-3.scen,380
380,den520d.map,planner,1,76664,63655,392,392,66290,63655,135,0,1,False,den520d-random-3.scen,380
380,den520d.map,planner,1,76751,63655,392,392,66109,63655,139,0,1,True,den520d-random-3.scen,380
380,den520d.map,planner,1,76664,63655,392,392,66290,63655,134,0,10,False,den520d-random-3.scen,380
380,den520d.map,planner,1,75631,63655,393,392,66032,63655,138,0,10,True,den520d-random-3.scen,380
380,den520d.map,planner,1,76664,63655,392,392,66290,63655,135,0,100,False,den520d-random-3.scen,380
380,den520d.map,planner,1,75631,63655,393,392,66032,63655,138,0,100,True,den520d-random-3.scen,380
380,den520d.map,planner,1,76664,63655,392,392,66290,63655,135,0,1000,False,den520d-random-3.scen,380
380,den520d.map,planner,1,75631,63655,393,392,66032,63655,141,0,1000,True,den520d-random-3.scen,380
420,den520d.map,planner,1,87936,71354,393,392,74493,71354,156,0,0,False,den520d-random-3.scen,420
420,den520d.map,planner,1,87936,71354,393,392,74493,71354,157,0,0,True,den520d-random-3.scen,420
420,den520d.map,planner,1,87936,71354,393,392,74493,71354,150,0,1,False,den520d-random-3.scen,420
420,den520d.map,planner,1,86393,71354,393,392,74082,71354,155,0,1,True,den520d-random-3.scen,420
420,den520d.map,planner,1,87936,71354,393,392,74493,71354,158,0,10,False,den520d-random-3.scen,420
420,den520d.map,planner,1,86309,71354,393,392,74145,71354,158,0,10,True,den520d-random-3.scen,420
420,den520d.map,planner,1,87936,71354,393,392,74493,71354,167,0,100,False,den520d-random-3.scen,420
420,den520d.map,planner,1,86309,71354,393,392,74145,71354,159,0,100,True,den520d-random-3.scen,420
420,den520d.map,planner,1,87936,71354,393,392,74493,71354,147,0,1000,False,den520d-random-3.scen,420
420,den520d.map,planner,1,86309,71354,393,392,74145,71354,159,0,1000,True,den520d-random-3.scen,420
460,den520d.map,planner,1,97897,78770,401,401,82253,78770,169,0,0,False,den520d-random-3.scen,460
460,den520d.map,planner,1,97897,78770,401,401,82253,78770,173,0,0,True,den520d-random-3.scen,460
460,den520d.map,planner,1,97897,78770,401,401,82253,78770,178,0,1,False,den520d-random-3.scen,460
460,den520d.map,planner,1,96256,78770,407,401,81723,78770,179,0,1,True,den520d-random-3.scen,460
460,den520d.map,planner,1,97897,78770,401,401,82253,78770,170,0,10,False,den520d-random-3.scen,460
460,den520d.map,planner,1,96432,78770,403,401,81882,78770,183,0,10,True,den520d-random-3.scen,460
460,den520d.map,planner,1,97897,78770,401,401,82253,78770,170,0,100,False,den520d-random-3.scen,460
460,den520d.map,planner,1,96152,78770,403,401,81859,78770,187,0,100,True,den520d-random-3.scen,460
460,den520d.map,planner,1,97897,78770,401,401,82253,78770,169,0,1000,False,den520d-random-3.scen,460
460,den520d.map,planner,1,96152,78770,403,401,81859,78770,185,0,1000,True,den520d-random-3.scen,460
500,den520d.map,planner,1,105491,85138,401,401,89520,85138,199,0,0,False,den520d-random-3.scen,500
500,den520d.map,planner,1,105491,85138,401,401,89520,85138,191,0,0,True,den520d-random-3.scen,500
500,den520d.map,planner,1,105491,85138,401,401,89520,85138,195,0,1,False,den520d-random-3.scen,500
500,den520d.map,planner,1,105185,85138,401,401,89000,85138,199,0,1,True,den520d-random-3.scen,500
500,den520d.map,planner,1,105491,85138,401,401,89520,85138,193,0,10,False,den520d-random-3.scen,500
500,den520d.map,planner,1,103763,85138,403,401,88920,85138,214,0,10,True,den520d-random-3.scen,500
500,den520d.map,planner,1,105491,85138,401,401,89520,85138,193,0,100,False,den520d-random-3.scen,500
500,den520d.map,planner,1,104969,85138,403,401,88977,85138,271,0,100,True,den520d-random-3.scen,500
500,den520d.map,planner,1,105491,85138,401,401,89520,85138,195,0,1000,False,den520d-random-3.scen,500
500,den520d.map,planner,1,103845,85138,404,401,88876,85138,283,0,1000,True,den520d-random-3.scen,500
540,den520d.map,planner,1,114936,92510,401,401,97287,92510,225,0,0,False,den520d-random-3.scen,540
540,den520d.map,planner,1,114936,92510,401,401,97287,92510,206,0,0,True,den520d-random-3.scen,540
540,den520d.map,planner,1,114936,92510,401,401,97287,92510,198,0,1,False,den520d-random-3.scen,540
540,den520d.map,planner,1,114906,92510,407,401,96826,92510,214,0,1,True,den520d-random-3.scen,540
540,den520d.map,planner,1,114936,92510,401,401,97287,92510,210,0,10,False,den520d-random-3.scen,540
540,den520d.map,planner,1,115240,92510,401,401,96735,92510,237,0,10,True,den520d-random-3.scen,540
540,den520d.map,planner,1,114936,92510,401,401,97287,92510,220,0,100,False,den520d-random-3.scen,540
540,den520d.map,planner,1,115683,92510,401,401,96680,92510,321,0,100,True,den520d-random-3.scen,540
540,den520d.map,planner,1,114936,92510,401,401,97287,92510,212,0,1000,False,den520d-random-3.scen,540
540,den520d.map,planner,1,115406,92510,401,401,96742,92510,281,0,1000,True,den520d-random-3.scen,540
580,den520d.map,planner,1,125060,98924,401,401,104829,98924,220,0,0,False,den520d-random-3.scen,580
580,den520d.map,planner,1,125060,98924,401,401,104829,98924,232,0,0,True,den520d-random-3.scen,580
580,den520d.map,planner,1,125060,98924,401,401,104829,98924,228,0,1,False,den520d-random-3.scen,580
580,den520d.map,planner,1,124562,98924,401,401,104046,98924,241,0,1,True,den520d-random-3.scen,580
580,den520d.map,planner,1,125060,98924,401,401,104829,98924,212,0,10,False,den520d-random-3.scen,580
580,den520d.map,planner,1,124976,98924,401,401,104048,98924,347,0,10,True,den520d-random-3.scen,580
580,den520d.map,planner,1,125060,98924,401,401,104829,98924,225,0,100,False,den520d-random-3.scen,580
580,den520d.map,planner,1,124203,98924,403,401,103843,98924,530,0,100,True,den520d-random-3.scen,580
580,den520d.map,planner,1,125060,98924,401,401,104829,98924,230,0,1000,False,den520d-random-3.scen,580
580,den520d.map,planner,1,125852,98924,401,401,103891,98924,958,0,1000,True,den520d-random-3.scen,580
620,den520d.map,planner,1,134478,105306,401,401,111887,105306,244,0,0,False,den520d-random-3.scen,620
620,den520d.map,planner,1,134478,105306,401,401,111887,105306,249,0,0,True,den520d-random-3.scen,620
620,den520d.map,planner,1,134478,105306,401,401,111887,105306,247,0,1,False,den520d-random-3.scen,620
620,den520d.map,planner,1,133913,105306,401,401,110807,105306,259,0,1,True,den520d-random-3.scen,620
620,den520d.map,planner,1,134478,105306,401,401,111887,105306,261,0,10,False,den520d-random-3.scen,620
620,den520d.map,planner,1,133863,105306,401,401,110780,105306,353,0,10,True,den520d-random-3.scen,620
620,den520d.map,planner,1,134478,105306,401,401,111887,105306,229,0,100,False,den520d-random-3.scen,620
620,den520d.map,planner,1,133801,105306,402,401,110853,105306,1224,0,100,True,den520d-random-3.scen,620
620,den520d.map,planner,1,134478,105306,401,401,111887,105306,232,0,1000,False,den520d-random-3.scen,620
620,den520d.map,planner,1,133242,105306,405,401,110722,105306,1866,0,1000,True,den520d-random-3.scen,620
660,den520d.map,planner,1,143975,112625,401,401,119529,112625,254,0,0,False,den520d-random-3.scen,660
660,den520d.map,planner,1,143975,112625,401,401,119529,112625,258,0,0,True,den520d-random-3.scen,660
660,den520d.map,planner,1,143975,112625,401,401,119529,112625,249,0,1,False,den520d-random-3.scen,660
660,den520d.map,planner,1,145136,112625,401,401,119092,112625,276,0,1,True,den520d-random-3.scen,660
660,den520d.map,planner,1,143975,112625,401,401,119529,112625,255,0,10,False,den520d-random-3.scen,660
660,den520d.map,planner,1,143160,112625,401,401,118801,112625,422,0,10,True,den520d-random-3.scen,660
660,den520d.map,planner,1,143975,112625,401,401,119529,112625,253,0,100,False,den520d-random-3.scen,660
660,den520d.map,planner,1,144075,112625,401,401,118489,112625,843,0,100,True,den520d-random-3.scen,660
660,den520d.map,planner,1,143975,112625,401,401,119529,112625,245,0,1000,False,den520d-random-3.scen,660
660,den520d.map,planner,1,143216,112625,401,401,118372,112625,3572,0,1000,True,den520d-random-3.scen,660
700,den520d.map,planner,1,154745,119071,401,401,126898,119071,272,0,0,False,den520d-random-3.scen,700
700,den520d.map,planner,1,154745,119071,401,401,126898,119071,292,0,0,True,den520d-random-3.scen,700
700,den520d.map,planner,1,154745,119071,401,401,126898,119071,263,0,1,False,den520d-random-3.scen,700
700,den520d.map,planner,1,152492,119071,403,401,126064,119071,308,0,1,True,den520d-random-3.scen,700
700,den520d.map,planner,1,154745,119071,401,401,126898,119071,294,0,10,False,den520d-random-3.scen,700
700,den520d.map,planner,1,152491,119071,404,401,126265,119071,465,0,10,True,den520d-random-3.scen,700
700,den520d.map,planner,1,154745,119071,401,401,126898,119071,276,0,100,False,den520d-random-3.scen,700
700,den520d.map,planner,1,152521,119071,401,401,125834,119071,1686,0,100,True,den520d-random-3.scen,700
700,den520d.map,planner,1,154745,119071,401,401,126898,119071,288,0,1000,False,den520d-random-3.scen,700
700,den520d.map,planner,1,152161,119071,403,401,125592,119071,8160,0,1000,True,den520d-random-3.scen,700
740,den520d.map,planner,1,162228,125287,401,401,133933,125287,296,0,0,False,den520d-random-3.scen,740
740,den520d.map,planner,1,162228,125287,401,401,133933,125287,278,0,0,True,den520d-random-3.scen,740
740,den520d.map,planner,1,162228,125287,401,401,133933,125287,287,0,1,False,den520d-random-3.scen,740
740,den520d.map,planner,1,162382,125287,404,401,133325,125287,328,0,1,True,den520d-random-3.scen,740
740,den520d.map,planner,1,162228,125287,401,401,133933,125287,283,0,10,False,den520d-random-3.scen,740
740,den520d.map,planner,1,161362,125287,407,401,132701,125287,515,0,10,True,den520d-random-3.scen,740
740,den520d.map,planner,1,162228,125287,401,401,133933,125287,288,0,100,False,den520d-random-3.scen,740
740,den520d.map,planner,1,162363,125287,407,401,132966,125287,2565,0,100,True,den520d-random-3.scen,740
740,den520d.map,planner,1,162228,125287,401,401,133933,125287,285,0,1000,False,den520d-random-3.scen,740
740,den520d.map,planner,1,159802,125287,405,401,132275,125287,11574,0,1000,True,den520d-random-3.scen,740
780,den520d.map,planner,1,174091,132137,401,401,141609,132137,297,0,0,False,den520d-random-3.scen,780
780,den520d.map,planner,1,174091,132137,401,401,141609,132137,305,0,0,True,den520d-random-3.scen,780
780,den520d.map,planner,1,174091,132137,401,401,141609,132137,295,0,1,False,den520d-random-3.scen,780
780,den520d.map,planner,1,171871,132137,404,401,140688,132137,339,0,1,True,den520d-random-3.scen,780
780,den520d.map,planner,1,174091,132137,401,401,141609,132137,304,0,10,False,den520d-random-3.scen,780
780,den520d.map,planner,1,172020,132137,401,401,140505,132137,525,0,10,True,den520d-random-3.scen,780
780,den520d.map,planner,1,174091,132137,401,401,141609,132137,299,0,100,False,den520d-random-3.scen,780
780,den520d.map,planner,1,172537,132137,405,401,140497,132137,2573,0,100,True,den520d-random-3.scen,780
780,den520d.map,planner,1,174091,132137,401,401,141609,132137,323,0,1000,False,den520d-random-3.scen,780
780,den520d.map,planner,1,172226,132137,401,401,139946,132137,12775,0,1000,True,den520d-random-3.scen,780
820,den520d.map,planner,1,184686,139493,401,401,150044,139493,325,0,0,False,den520d-random-3.scen,820
820,den520d.map,planner,1,184686,139493,401,401,150044,139493,326,0,0,True,den520d-random-3.scen,820
820,den520d.map,planner,1,184686,139493,401,401,150044,139493,333,0,1,False,den520d-random-3.scen,820
820,den520d.map,planner,1,184397,139493,403,401,149251,139493,366,0,1,True,den520d-random-3.scen,820
820,den520d.map,planner,1,184686,139493,401,401,150044,139493,307,0,10,False,den520d-random-3.scen,820
820,den520d.map,planner,1,181850,139493,406,401,148520,139493,598,0,10,True,den520d-random-3.scen,820
820,den520d.map,planner,1,184686,139493,401,401,150044,139493,304,0,100,False,den520d-random-3.scen,820
820,den520d.map,planner,1,183952,139493,403,401,148524,139493,2827,0,100,True,den520d-random-3.scen,820
820,den520d.map,planner,1,184686,139493,401,401,150044,139493,328,0,1000,False,den520d-random-3.scen,820
820,den520d.map,planner,1,183618,139493,402,401,148629,139493,22633,0,1000,True,den520d-random-3.scen,820
860,den520d.map,planner,1,196477,146590,418,418,158725,146590,340,0,0,False,den520d-random-3.scen,860
860,den520d.map,planner,1,196477,146590,418,418,158725,146590,327,0,0,True,den520d-random-3.scen,860
860,den520d.map,planner,1,196477,146590,418,418,158725,146590,356,0,1,False,den520d-random-3.scen,860
860,den520d.map,planner,1,195779,146590,419,418,157919,146590,375,0,1,True,den520d-random-3.scen,860
860,den520d.map,planner,1,196477,146590,418,418,158725,146590,330,0,10,False,den520d-random-3.scen,860
860,den520d.map,planner,1,195498,146590,421,418,157307,146590,654,0,10,True,den520d-random-3.scen,860
860,den520d.map,planner,1,196477,146590,418,418,158725,146590,330,0,100,False,den520d-random-3.scen,860
860,den520d.map,planner,1,195742,146590,422,418,157067,146590,3350,0,100,True,den520d-random-3.scen,860
860,den520d.map,planner,1,196477,146590,418,418,158725,146590,362,0,1000,False,den520d-random-3.scen,860
860,den520d.map,planner,1,194697,146590,528,418,156694,146590,25786,0,1000,True,den520d-random-3.scen,860
900,den520d.map,planner,1,206804,153509,418,418,166811,153509,367,0,0,False,den520d-random-3.scen,900
900,den520d.map,planner,1,206804,153509,418,418,166811,153509,365,0,0,True,den520d-random-3.scen,900
900,den520d.map,planner,1,206804,153509,418,418,166811,153509,376,0,1,False,den520d-random-3.scen,900
900,den520d.map,planner,1,205540,153509,418,418,166084,153509,403,0,1,True,den520d-random-3.scen,900
900,den520d.map,planner,1,206804,153509,418,418,166811,153509,382,0,10,False,den520d-random-3.scen,900
900,den520d.map,planner,1,205453,153509,422,418,165443,153509,747,0,10,True,den520d-random-3.scen,900
900,den520d.map,planner,1,206804,153509,418,418,166811,153509,383,0,100,False,den520d-random-3.scen,900
900,den520d.map,planner,1,205163,153509,421,418,165169,153509,3931,0,100,True,den520d-random-3.scen,900
900,den520d.map,planner,1,206804,153509,418,418,166811,153509,367,0,1000,False,den520d-random-3.scen,900
900,den520d.map,planner,1,202751,153509,420,418,164111,153509,27191,0,1000,True,den520d-random-3.scen,900
940,den520d.map,planner,1,220640,161055,418,418,176652,161055,377,0,0,False,den520d-random-3.scen,940
940,den520d.map,planner,1,220640,161055,418,418,176652,161055,373,0,0,True,den520d-random-3.scen,940
940,den520d.map,planner,1,220640,161055,418,418,176652,161055,377,0,1,False,den520d-random-3.scen,940
940,den520d.map,planner,1,219120,161055,418,418,174418,161055,437,0,1,True,den520d-random-3.scen,940
940,den520d.map,planner,1,220640,161055,418,418,176652,161055,374,0,10,False,den520d-random-3.scen,940
940,den520d.map,planner,1,215897,161055,422,418,173784,161055,789,0,10,True,den520d-random-3.scen,940
940,den520d.map,planner,1,220640,161055,418,418,176652,161055,380,0,100,False,den520d-random-3.scen,940
940,den520d.map,planner,1,217733,161055,418,418,174765,161055,4507,0,100,True,den520d-random-3.scen,940
940,den520d.map,planner,1,220640,161055,418,418,176652,161055,394,0,1000,False,den520d-random-3.scen,940
940,den520d.map,planner,1,218044,161055,420,418,174299,161055,42804,0,1000,True,den520d-random-3.scen,940
980,den520d.map,planner,1,229569,167496,418,418,183196,167496,387,0,0,False,den520d-random-3.scen,980
980,den520d.map,planner,1,229569,167496,418,418,183196,167496,397,0,0,True,den520d-random-3.scen,980
980,den520d.map,planner,1,229569,167496,418,418,183196,167496,399,0,1,False,den520d-random-3.scen,980
980,den520d.map,planner,1,227780,167496,418,418,182358,167496,441,0,1,True,den520d-random-3.scen,980
980,den520d.map,planner,1,229569,167496,418,418,183196,167496,407,0,10,False,den520d-random-3.scen,980
980,den520d.map,planner,1,229136,167496,420,418,182216,167496,825,0,10,True,den520d-random-3.scen,980
980,den520d.map,planner,1,229569,167496,418,418,183196,167496,411,0,100,False,den520d-random-3.scen,980
980,den520d.map,planner,1,227805,167496,418,418,181200,167496,4004,0,100,True,den520d-random-3.scen,980
980,den520d.map,planner,1,229569,167496,418,418,183196,167496,387,0,1000,False,den520d-random-3.scen,980
980,den520d.map,planner,1,228722,167496,422,418,181768,167496,43747,0,1000,True,den520d-random-3.scen,980
20,den520d.map,planner,1,4122,4116,365,365,4122,4116,8,0,0,False,den520d-random-15.scen,20
20,den520d.map,planner,1,4122,4116,365,365,4122,4116,10,0,0,True,den520d-random-15.scen,20
20,den520d.map,planner,1,4122,4116,365,365,4122,4116,8,0,1,False,den520d-random-15.scen,20
20,den520d.map,planner,1,4122,4116,365,365,4122,4116,8,0,1,True,den520d-random-15.scen,20
20,den520d.map,planner,1,4122,4116,365,365,4122,4116,7,0,10,False,den520d-random-15.scen,20
20,den520d.map,planner,1,4122,4116,365,365,4122,4116,8,0,10,True,den520d-random-15.scen,20
20,den520d.map,planner,1,4122,4116,365,365,4122,4116,7,0,100,False,den520d-random-15.scen,20
20,den520d.map,planner,1,4122,4116,365,365,4122,4116,8,0,100,True,den520d-random-15.scen,20
20,den520d.map,planner,1,4122,4116,365,365,4122,4116,7,0,1000,False,den520d-random-15.scen,20
20,den520d.map,planner,1,4122,4116,365,365,4122,4116,8,0,1000,True,den520d-random-15.scen,20
60,den520d.map,planner,1,10872,10566,365,365,10652,10566,22,0,0,False,den520d-random-15.scen,60
60,den520d.map,planner,1,10872,10566,365,365,10652,10566,26,0,0,True,den520d-random-15.scen,60
60,den520d.map,planner,1,10872,10566,365,365,10652,10566,21,0,1,False,den520d-random-15.scen,60
60,den520d.map,planner,1,11150,10566,367,365,10648,10566,24,0,1,True,den520d-random-15.scen,60
60,den520d.map,planner,1,10872,10566,365,365,10652,10566,24,0,10,False,den520d-random-15.scen,60
60,den520d.map,planner,1,11150,10566,367,365,10648,10566,21,0,10,True,den520d-random-15.scen,60
60,den520d.map,planner,1,10872,10566,365,365,10652,10566,21,0,100,False,den520d-random-15.scen,60
60,den520d.map,planner,1,11150,10566,367,365,10648,10566,23,0,100,True,den520d-random-15.scen,60
60,den520d.map,planner,1,10872,10566,365,365,10652,10566,21,0,1000,False,den520d-random-15.scen,60
60,den520d.map,planner,1,11150,10566,367,365,10648,10566,22,0,1000,True,den520d-random-15.scen,60
100,den520d.map,planner,1,17928,16835,377,377,16982,16835,33,0,0,False,den520d-random-15.scen,100
100,den520d.map,planner,1,17928,16835,377,377,16982,16835,36,0,0,True,den520d-random-15.scen,100
100,den520d.map,planner,1,17928,16835,377,377,16982,16835,34,0,1,False,den520d-random-15.scen,100
100,den520d.map,planner,1,17974,16835,377,377,16979,16835,33,0,1,True,den520d-random-15.scen,100
100,den520d.map,planner,1,17928,16835,377,377,16982,16835,34,0,10,False,den520d-random-15.scen,100
100,den520d.map,planner,1,17974,16835,377,377,16979,16835,31,0,10,True,den520d-random-15.scen,100
100,den520d.map,planner,1,17928,16835,377,377,16982,16835,33,0,100,False,den520d-random-15.scen,100
100,den520d.map,planner,1,17974,16835,377,377,16979,16835,36,0,100,True,den520d-random-15.scen,100
100,den520d.map,planner,1,17928,16835,377,377,16982,16835,35,0,1000,False,den520d-random-15.scen,100
100,den520d.map,planner,1,17974,16835,377,377,16979,16835,36,0,1000,True,den520d-random-15.scen,100
140,den520d.map,planner,1,25660,24067,400,400,24366,24067,48,0,0,False,den520d-random-15.scen,140
140,den520d.map,planner,1,25660,24067,400,400,24366,24067,48,0,0,True,den520d-random-15.scen,140
140,den520d.map,planner,1,25660,24067,400,400,24366,24067,50,0,1,False,den520d-random-15.scen,140
140,den520d.map,planner,1,26018,24067,400,400,24354,24067,47,0,1,True,den520d-random-15.scen,140
140,den520d.map,planner,1,25660,24067,400,400,24366,24067,46,0,10,False,den520d-random-15.scen,140
140,den520d.map,planner,1,26018,24067,400,400,24354,24067,49,0,10,True,den520d-random-15.scen,140
140,den520d.map,planner,1,25660,24067,400,400,24366,24067,47,0,100,False,den520d-random-15.scen,140
140,den520d.map,planner,1,26018,24067,400,400,24354,24067,51,0,100,True,den520d-random-15.scen,140
140,den520d.map,planner,1,25660,24067,400,400,24366,24067,53,0,1000,False,den520d-random-15.scen,140
140,den520d.map,planner,1,26018,24067,400,400,24354,24067,50,0,1000,True,den520d-random-15.scen,140
180,den520d.map,planner,1,34609,32173,400,400,32645,32173,63,0,0,False,den520d-random-15.scen,180
180,den520d.map,planner,1,34609,32173,400,400,32645,32173,63,0,0,True,den520d-random-15.scen,180
180,den520d.map,planner,1,34609,32173,400,400,32645,32173,63,0,1,False,den520d-random-15.scen,180
180,den520d.map,planner,1,34931,32173,400,400,32593,32173,66,0,1,True,den520d-random-15.scen,180
180,den520d.map,planner,1,34609,32173,400,400,32645,32173,64,0,10,False,den520d-random-15.scen,180
180,den520d.map,planner,1,34931,32173,400,400,32593,32173,64,0,10,True,den520d-random-15.scen,180
180,den520d.map,planner,1,34609,32173,400,400,32645,32173,62,0,100,False,den520d-random-15.scen,180
180,den520d.map,planner,1,34931,32173,400,400,32593,32173,65,0,100,True,den520d-random-15.scen,180
180,den520d.map,planner,1,34609,32173,400,400,32645,32173,67,0,1000,False,den520d-random-15.scen,180
180,den520d.map,planner,1,34931,32173,400,400,32593,32173,71,0,1000,True,den520d-random-15.scen,180
220,den520d.map,planner,1,43404,38912,400,400,39566,38912,83,0,0,False,den520d-random-15.scen,220
220,den520d.map,planner,1,43404,38912,400,400,39566,38912,80,0,0,True,den520d-random-15.scen,220
220,den520d.map,planner,1,43404,38912,400,400,39566,38912,91,0,1,False,den520d-random-15.scen,220
220,den520d.map,planner,1,43148,38912,400,400,39629,38912,75,0,1,True,den520d-random-15.scen,220
220,den520d.map,planner,1,43404,38912,400,400,39566,38912,80,0,10,False,den520d-random-15.scen,220
220,den520d.map,planner,1,43148,38912,400,400,39629,38912,79,0,10,True,den520d-random-15.scen,220
220,den520d.map,planner,1,43404,38912,400,400,39566,38912,78,0,100,False,den520d-random-15.scen,220
220,den520d.map,planner,1,43148,38912,400,400,39629,38912,82,0,100,True,den520d-random-15.scen,220
220,den520d.map,planner,1,43404,38912,400,400,39566,38912,80,0,1000,False,den520d-random-15.scen,220
220,den520d.map,planner,1,43148,38912,400,400,39629,38912,77,0,1000,True,den520d-random-15.scen,220
260,den520d.map,planner,1,51614,45026,400,400,45988,45026,93,0,0,False,den520d-random-15.scen,260
260,den520d.map,planner,1,51614,45026,400,400,45988,45026,93,0,0,True,den520d-random-15.scen,260
260,den520d.map,planner,1,51614,45026,400,400,45988,45026,93,0,1,False,den520d-random-15.scen,260
260,den520d.map,planner,1,50691,45026,400,400,45848,45026,95,0,1,True,den520d-random-15.scen,260
260,den520d.map,planner,1,51614,45026,400,400,45988,45026,91,0,10,False,den520d-random-15.scen,260
260,den520d.map,planner,1,50691,45026,400,400,45848,45026,93,0,10,True,den520d-random-15.scen,260
260,den520d.map,planner,1,51614,45026,400,400,45988,45026,94,0,100,False,den520d-random-15.scen,260
260,den520d.map,planner,1,50691,45026,400,400,45848,45026,89,0,100,True,den520d-random-15.scen,260
260,den520d.map,planner,1,51614,45026,400,400,45988,45026,90,0,1000,False,den520d-random-15.scen,260
260,den520d.map,planner,1,50691,45026,400,400,45848,45026,94,0,1000,True,den520d-random-15.scen,260
300,den520d.map,planner,1,59700,52524,400,400,53731,52524,112,0,0,False,den520d-random-15.scen,300
300,den520d.map,planner,1,59700,52524,400,400,53731,52524,108,0,0,True,den520d-random-15.scen,300
300,den520d.map,planner,1,59700,52524,400,400,53731,52524,109,0,1,False,den520d-random-15.scen,300
300,den520d.map,planner,1,59148,52524,400,400,53665,52524,111,0,1,True,den520d-random-15.scen,300
300,den520d.map,planner,1,59700,52524,400,400,53731,52524,111,0,10,False,den520d-random-15.scen,300
300,den520d.map,planner,1,59148,52524,400,400,53665,52524,117,0,10,True,den520d-random-15.scen,300
300,den520d.map,planner,1,59700,52524,400,400,53731,52524,120,0,100,False,den520d-random-15.scen,300
300,den520d.map,planner,1,59148,52524,400,400,53665,52524,112,0,100,True,den520d-random-15.scen,300
300,den520d.map,planner,1,59700,52524,400,400,53731,52524,107,0,1000,False,den520d-random-15.scen,300
300,den520d.map,planner,1,59148,52524,400,400,53665,52524,127,0,1000,True,den520d-random-15.scen,300
340,den520d.map,planner,1,68971,59818,400,400,61501,59818,138,0,0,False,den520d-random-15.scen,340
340,den520d.map,planner,1,68971,59818,400,400,61501,59818,122,0,0,True,den520d-random-15.scen,340
340,den520d.map,planner,1,68971,59818,400,400,61501,59818,131,0,1,False,den520d-random-15.scen,340
340,den520d.map,planner,1,68906,59818,400,400,61376,59818,126,0,1,True,den520d-random-15.scen,340
340,den520d.map,planner,1,68971,59818,400,400,61501,59818,130,0,10,False,den520d-random-15.scen,340
340,den520d.map,planner,1,68041,59818,400,400,61409,59818,129,0,10,True,den520d-random-15.scen,340
340,den520d.map,planner,1,68971,59818,400,400,61501,59818,137,0,100,False,den520d-random-15.scen,340
340,den520d.map,planner,1,68041,59818,400,400,61409,59818,132,0,100,True,den520d-random-15.scen,340
340,den520d.map,planner,1,68971,59818,400,400,61501,59818,129,0,1000,False,den520d-random-15.scen,340
340,den520d.map,planner,1,68041,59818,400,400,61409,59818,130,0,1000,True,den520d-random-15.scen,340
380,den520d.map,planner,1,78945,67617,425,425,69751,67617,145,0,0,False,den520d-random-15.scen,380
380,den520d.map,planner,1,78945,67617,425,425,69751,67617,156,0,0,True,den520d-random-15.scen,380
380,den520d.map,planner,1,78945,67617,425,425,69751,67617,157,0,1,False,den520d-random-15.scen,380
380,den520d.map,planner,1,77613,67617,427,425,69515,67617,147,0,1,True,den520d-random-15.scen,380
380,den520d.map,planner,1,78945,67617,425,425,69751,67617,147,0,10,False,den520d-random-15.scen,380
380,den520d.map,planner,1,78874,67617,425,425,69464,67617,150,0,10,True,den520d-random-15.scen,380
380,den520d.map,planner,1,78945,67617,425,425,69751,67617,147,0,100,False,den520d-random-15.scen,380
380,den520d.map,planner,1,78874,67617,425,425,69464,67617,142,0,100,True,den520d-random-15.scen,380
380,den520d.map,planner,1,78945,67617,425,425,69751,67617,168,0,1000,False,den520d-random-15.scen,380
380,den520d.map,planner,1,78874,67617,425,425,69464,67617,147,0,1000,True,den520d-random-15.scen,380
420,den520d.map,planner,1,87737,74406,425,425,76745,74406,160,0,0,False,den520d-random-15.scen,420
420,den520d.map,planner,1,87737,74406,425,425,76745,74406,160,0,0,True,den520d-random-15.scen,420
420,den520d.map,planner,1,87737,74406,425,425,76745,74406,165,0,1,False,den520d-random-15.scen,420
420,den520d.map,planner,1,87788,74406,427,425,76761,74406,167,0,1,True,den520d-random-15.scen,420
420,den520d.map,planner,1,87737,74406,425,425,76745,74406,159,0,10,False,den520d-random-15.scen,420
420,den520d.map,planner,1,87345,74406,425,425,76664,74406,168,0,10,True,den520d-random-15.scen,420
420,den520d.map,planner,1,87737,74406,425,425,76745,74406,155,0,100,False,den520d-random-15.scen,420
420,den520d.map,planner,1,87345,74406,425,425,76664,74406,169,0,100,True,den520d-random-15.scen,420
420,den520d.map,planner,1,87737,74406,425,425,76745,74406,168,0,1000,False,den520d-random-15.scen,420
420,den520d.map,planner,1,87345,74406,425,425,76664,74406,169,0,1000,True,den520d-random-15.scen,420
460,den520d.map,planner,1,97040,81570,425,425,84547,81570,177,0,0,False,den520d-random-15.scen,460
460,den520d.map,planner,1,97040,81570,425,425,84547,81570,174,0,0,True,den520d-random-15.scen,460
460,den520d.map,planner,1,97040,81570,425,425,84547,81570,172,0,1,False,den520d-random-15.scen,460
460,den520d.map,planner,1,96697,81570,425,425,84402,81570,177,0,1,True,den520d-random-15.scen,460
460,den520d.map,planner,1,97040,81570,425,425,84547,81570,196,0,10,False,den520d-random-15.scen,460
460,den520d.map,planner,1,96504,81570,425,425,84451,81570,195,0,10,True,den520d-random-15.scen,460
460,den520d.map,planner,1,97040,81570,425,425,84547,81570,175,0,100,False,den520d-random-15.scen,460
460,den520d.map,planner,1,96893,81570,427,425,84399,81570,280,0,100,True,den520d-random-15.scen,460
460,den520d.map,planner,1,97040,81570,425,425,84547,81570,199,0,1000,False,den520d-random-15.scen,460
460,den520d.map,planner,1,95957,81570,425,425,84398,81570,305,0,1000,True,den520d-random-15.scen,460
500,den520d.map,planner,1,108569,90577,425,425,94013,90577,202,0,0,False,den520d-random-15.scen,500
500,den520d.map,planner,1,108569,90577,425,425,94013,90577,209,0,0,True,den520d-random-15.scen,500
500,den520d.map,planner,1,108569,90577,425,425,94013,90577,212,0,1,False,den520d-random-15.scen,500
500,den520d.map,planner,1,107962,90577,427,425,93763,90577,204,0,1,True,den520d-random-15.scen,500
500,den520d.map,planner,1,108569,90577,425,425,94013,90577,206,0,10,False,den520d-random-15.scen,500
500,den520d.map,planner,1,108132,90577,425,425,93812,90577,252,0,10,True,den520d-random-15.scen,500
500,den520d.map,planner,1,108569,90577,425,425,94013,90577,207,0,100,False,den520d-random-15.scen,500
500,den520d.map,planner,1,108039,90577,425,425,93690,90577,440,0,100,True,den520d-random-15.scen,500
500,den520d.map,planner,1,108569,90577,425,425,94013,90577,197,0,1000,False,den520d-random-15.scen,500
500,den520d.map,planner,1,108912,90577,425,425,93750,90577,1166,0,1000,True,den520d-random-15.scen,500
540,den520d.map,planner,1,118781,97536,425,425,102292,97536,224,0,0,False,den520d-random-15.scen,540
540,den520d.map,planner,1,118781,97536,425,425,102292,97536,220,0,0,True,den520d-random-15.scen,540
540,den520d.map,planner,1,118781,97536,425,425,102292,97536,220,0,1,False,den520d-random-15.scen,540
540,den520d.map,planner,1,117974,97536,429,425,101443,97536,236,0,1,True,den520d-random-15.scen,540
540,den520d.map,planner,1,118781,97536,425,425,102292,97536,221,0,10,False,den520d-random-15.scen,540
540,den520d.map,planner,1,117446,97536,433,425,101311,97536,253,0,10,True,den520d-random-15.scen,540
540,den520d.map,planner,1,118781,97536,425,425,102292,97536,241,0,100,False,den520d-random-15.scen,540
540,den520d.map,planner,1,117884,97536,427,425,101402,97536,591,0,100,True,den520d-random-15.scen,540
540,den520d.map,planner,1,118781,97536,425,425,102292,97536,213,0,1000,False,den520d-random-15.scen,540
540,den520d.map,planner,1,118783,97536,427,425,101344,97536,993,0,1000,True,den520d-random-15.scen,540
580,den520d.map,planner,1,128942,104411,425,425,109791,104411,240,0,0,False,den520d-random-15.scen,580
580,den520d.map,planner,1,128942,104411,425,425,109791,104411,241,0,0,True,den520d-random-15.scen,580
580,den520d.map,planner,1,128942,104411,425,425,109791,104411,236,0,1,False,den520d-random-15.scen,580
580,den520d.map,planner,1,128303,104411,425,425,109116,104411,256,0,1,True,den520d-random-15.scen,580
580,den520d.map,planner,1,128942,104411,425,425,109791,104411,258,0,10,False,den520d-random-15.scen,580
580,den520d.map,planner,1,127116,104411,429,425,108850,104411,328,0,10,True,den520d-random-15.scen,580
580,den520d.map,planner,1,128942,104411,425,425,109791,104411,240,0,100,False,den520d-random-15.scen,580
580,den520d.map,planner,1,127244,104411,425,425,108964,104411,832,0,100,True,den520d-random-15.scen,580
580,den520d.map,planner,1,128942,104411,425,425,109791,104411,237,0,1000,False,den520d-random-15.scen,580
580,den520d.map,planner,1,126651,104411,425,425,108783,104411,1809,0,1000,True,den520d-random-15.scen,580
620,den520d.map,planner,1,138280,111453,425,425,117552,111453,252,0,0,False,den520d-random-15.scen,620
620,den520d.map,planner,1,138280,111453,425,425,117552,111453,250,0,0,True,den520d-random-15.scen,620
620,den520d.map,planner,1,138280,111453,425,425,117552,111453,274,0,1,False,den520d-random-15.scen,620
620,den520d.map,planner,1,137301,111453,425,425,116717,111453,263,0,1,True,den520d-random-15.scen,620
620,den520d.map,planner,1,138280,111453,425,425,117552,111453,257,0,10,False,den520d-random-15.scen,620
620,den520d.map,planner,1,137474,111453,425,425,116738,111453,395,0,10,True,den520d-random-15.scen,620
620,den520d.map,planner,1,138280,111453,425,425,117552,111453,251,0,100,False,den520d-random-15.scen,620
620,den520d.map,planner,1,136844,111453,425,425,116675,111453,1491,0,100,True,den520d-random-15.scen,620
620,den520d.map,planner,1,138280,111453,425,425,117552,111453,259,0,1000,False,den520d-random-15.scen,620
620,den520d.map,planner,1,137346,111453,429,425,116604,111453,6711,0,1000,True,den520d-random-15.scen,620
660,den520d.map,planner,1,150805,118499,425,425,125827,118499,266,0,0,False,den520d-random-15.scen,660
660,den520d.map,planner,1,150805,118499,425,425,125827,118499,260,0,0,True,den520d-random-15.scen,660
660,den520d.map,planner,1,150805,118499,425,425,125827,118499,261,0,1,False,den520d-random-15.scen,660
660,den520d.map,planner,1,147482,118499,427,425,124807,118499,286,0,1,True,den520d-random-15.scen,660
660,den520d.map,planner,1,150805,118499,425,425,125827,118499,271,0,10,False,den520d-random-15.scen,660
660,den520d.map,planner,1,147446,118499,441,425,124403,118499,442,0,10,True,den520d-random-15.scen,660
660,den520d.map,planner,1,150805,118499,425,425,125827,118499,276,0,100,False,den520d-random-15.scen,660
660,den520d.map,planner,1,147698,118499,425,425,124477,118499,1492,0,100,True,den520d-random-15.scen,660
660,den520d.map,planner,1,150805,118499,425,425,125827,118499,285,0,1000,False,den520d-random-15.scen,660
660,den520d.map,planner,1,148279,118499,429,425,124472,118499,14070,0,1000,True,den520d-random-15.scen,660
700,den520d.map,planner,1,160283,125755,425,425,134010,125755,293,0,0,False,den520d-random-15.scen,700
700,den520d.map,planner,1,160283,125755,425,425,134010,125755,277,0,0,True,den520d-random-15.scen,700
700,den520d.map,planner,1,160283,125755,425,425,134010,125755,285,0,1,False,den520d-random-15.scen,700
700,den520d.map,planner,1,159042,125755,425,425,133063,125755,331,0,1,True,den520d-random-15.scen,700
700,den520d.map,planner,1,160283,125755,425,425,134010,125755,287,0,10,False,den520d-random-15.scen,700
700,den520d.map,planner,1,158111,125755,425,425,132607,125755,474,0,10,True,den520d-random-15.scen,700
700,den520d.map,planner,1,160283,125755,425,425,134010,125755,290,0,100,False,den520d-random-15.scen,700
700,den520d.map,planner,1,159643,125755,429,425,132974,125755,2746,0,100,True,den520d-random-15.scen,700
700,den520d.map,planner,1,160283,125755,425,425,134010,125755,290,0,1000,False,den520d-random-15.scen,700
700,den520d.map,planner,1,158411,125755,437,425,132238,125755,12440,0,1000,True,den520d-random-15.scen,700
740,den520d.map,planner,1,171359,132608,425,425,141193,132608,313,0,0,False,den520d-random-15.scen,740
740,den520d.map,planner,1,171359,132608,425,425,141193,132608,311,0,0,True,den520d-random-15.scen,740
740,den520d.map,planner,1,171359,132608,425,425,141193,132608,310,0,1,False,den520d-random-15.scen,740
740,den520d.map,planner,1,170083,132608,427,425,140908,132608,340,0,1,True,den520d-random-15.scen,740
740,den520d.map,planner,1,171359,132608,425,425,141193,132608,294,0,10,False,den520d-random-15.scen,740
740,den520d.map,planner,1,169334,132608,427,425,140401,132608,570,0,10,True,den520d-random-15.scen,740
740,den520d.map,planner,1,171359,132608,425,425,141193,132608,299,0,100,False,den520d-random-15.scen,740
740,den520d.map,planner,1,169347,132608,425,425,140374,132608,2539,0,100,True,den520d-random-15.scen,740
740,den520d.map,planner,1,171359,132608,425,425,141193,132608,336,0,1000,False,den520d-random-15.scen,740
740,den520d.map,planner,1,168780,132608,425,425,140203,132608,23552,0,1000,True,den520d-random-15.scen,740
780,den520d.map,planner,1,182566,139809,425,425,150222,139809,321,0,0,False,den520d-random-15.scen,780
780,den520d.map,planner,1,182566,139809,425,425,150222,139809,318,0,0,True,den520d-random-15.scen,780
780,den520d.map,planner,1,182566,139809,425,425,150222,139809,323,0,1,False,den520d-random-15.scen,780
780,den520d.map,planner,1,179979,139809,427,425,149046,139809,356,0,1,True,den520d-random-15.scen,780
780,den520d.map,planner,1,182566,139809,425,425,150222,139809,310,0,10,False,den520d-random-15.scen,780
780,den520d.map,planner,1,180537,139809,427,425,148442,139809,607,0,10,True,den520d-random-15.scen,780
780,den520d.map,planner,1,182566,139809,425,425,150222,139809,326,0,100,False,den520d-random-15.scen,780
780,den520d.map,planner,1,181388,139809,428,425,148912,139809,3411,0,100,True,den520d-random-15.scen,780
780,den520d.map,planner,1,182566,139809,425,425,150222,139809,318,0,1000,False,den520d-random-15.scen,780
780,den520d.map,planner,1,180216,139809,425,425,148458,139809,24816,0,1000,True,den520d-random-15.scen,780
820,den520d.map,planner,1,192361,146402,425,425,157566,146402,339,0,0,False,den520d-random-15.scen,820
820,den520d.map,planner,1,192361,146402,425,425,157566,146402,352,0,0,True,den520d-random-15.scen,820
820,den520d.map,planner,1,192361,146402,425,425,157566,146402,338,0,1,False,den520d-random-15.scen,820
820,den520d.map,planner,1,191482,146402,429,425,156834,146402,386,0,1,True,den520d-random-15.scen,820
820,den520d.map,planner,1,192361,146402,425,425,157566,146402,338,0,10,False,den520d-random-15.scen,820
820,den520d.map,planner,1,190812,146402,427,425,156329,146402,626,0,10,True,den520d-random-15.scen,820
820,den520d.map,planner,1,192361,146402,425,425,157566,146402,365,0,100,False,den520d-random-15.scen,820
820,den520d.map,planner,1,190119,146402,433,425,156192,146402,3183,0,100,True,den520d-random-15.scen,820
820,den520d.map,planner,1,192361,146402,425,425,157566,146402,336,0,1000,False,den520d-random-15.scen,820
820,den520d.map,planner,1,189432,146402,425,425,156066,146402,28628,0,1000,True,den520d-random-15.scen,820
860,den520d.map,planner,1,204342,153460,425,425,166869,153460,370,0,0,False,den520d-random-15.scen,860
860,den520d.map,planner,1,204342,153460,425,425,166869,153460,397,0,0,True,den520d-random-15.scen,860
860,den520d.map,planner,1,204342,153460,425,425,166869,153460,367,0,1,False,den520d-random-15.scen,860
860,den520d.map,planner,1,201733,153460,427,425,165383,153460,408,0,1,True,den520d-random-15.scen,860
860,den520d.map,planner,1,204342,153460,425,425,166869,153460,362,0,10,False,den520d-random-15.scen,860
860,den520d.map,planner,1,199815,153460,429,425,164597,153460,719,0,10,True,den520d-random-15.scen,860
860,den520d.map,planner,1,204342,153460,425,425,166869,153460,370,0,100,False,den520d-random-15.scen,860
860,den520d.map,planner,1,200381,153460,425,425,163974,153460,3570,0,100,True,den520d-random-15.scen,860
860,den520d.map,planner,1,204342,153460,425,425,166869,153460,348,0,1000,False,den520d-random-15.scen,860
860,den520d.map,planner,1,201996,153460,431,425,164393,153460,31601,0,1000,True,den520d-random-15.scen,860
900,den520d.map,planner,1,212813,159974,425,425,173675,159974,377,0,0,False,den520d-random-15.scen,900
900,den520d.map,planner,1,212813,159974,425,425,173675,159974,371,0,0,True,den520d-random-15.scen,900
900,den520d.map,planner,1,212813,159974,425,425,173675,159974,368,0,1,False,den520d-random-15.scen,900
900,den520d.map,planner,1,211659,159974,431,425,172910,159974,421,0,1,True,den520d-random-15.scen,900
900,den520d.map,planner,1,212813,159974,425,425,173675,159974,366,0,10,False,den520d-random-15.scen,900
900,den520d.map,planner,1,210818,159974,425,425,171859,159974,725,0,10,True,den520d-random-15.scen,900
900,den520d.map,planner,1,212813,159974,425,425,173675,159974,371,0,100,False,den520d-random-15.scen,900
900,den520d.map,planner,1,210343,159974,439,425,171680,159974,3377,0,100,True,den520d-random-15.scen,900
900,den520d.map,planner,1,212813,159974,425,425,173675,159974,375,0,1000,False,den520d-random-15.scen,900
900,den520d.map,planner,1,211383,159974,429,425,171571,159974,30738,0,1000,True,den520d-random-15.scen,900
940,den520d.map,planner,1,224743,168205,425,425,183810,168205,409,0,0,False,den520d-random-15.scen,940
940,den520d.map,planner,1,224743,168205,425,425,183810,168205,395,0,0,True,den520d-random-15.scen,940
940,den520d.map,planner,1,224743,168205,425,425,183810,168205,398,0,1,False,den520d-random-15.scen,940
940,den520d.map,planner,1,224754,168205,435,425,181933,168205,437,0,1,True,den520d-random-15.scen,940
940,den520d.map,planner,1,224743,168205,425,425,183810,168205,419,0,10,False,den520d-random-15.scen,940
940,den520d.map,planner,1,224464,168205,438,425,182033,168205,852,0,10,True,den520d-random-15.scen,940
940,den520d.map,planner,1,224743,168205,425,425,183810,168205,395,0,100,False,den520d-random-15.scen,940
940,den520d.map,planner,1,223756,168205,425,425,181662,168205,4503,0,100,True,den520d-random-15.scen,940
940,den520d.map,planner,1,224743,168205,425,425,183810,168205,410,0,1000,False,den520d-random-15.scen,940
940,den520d.map,planner,1,222425,168205,427,425,181113,168205,35772,0,1000,True,den520d-random-15.scen,940
980,den520d.map,planner,1,238184,175360,425,425,192592,175360,405,0,0,False,den520d-random-15.scen,980
980,den520d.map,planner,1,238184,175360,425,425,192592,175360,401,0,0,True,den520d-random-15.scen,980
980,den520d.map,planner,1,238184,175360,425,425,192592,175360,388,0,1,False,den520d-random-15.scen,980
980,den520d.map,planner,1,235088,175360,425,425,191202,175360,464,0,1,True,den520d-random-15.scen,980
980,den520d.map,planner,1,238184,175360,425,425,192592,175360,400,0,10,False,den520d-random-15.scen,980
980,den520d.map,planner,1,236258,175360,425,425,191198,175360,901,0,10,True,den520d-random-15.scen,980
980,den520d.map,planner,1,238184,175360,425,425,192592,175360,430,0,100,False,den520d-random-15.scen,980
980,den520d.map,planner,1,234740,175360,425,425,189710,175360,4595,0,100,True,den520d-random-15.scen,980
980,den520d.map,planner,1,238184,175360,425,425,192592,175360,442,0,1000,False,den520d-random-15.scen,980
980,den520d.map,planner,1,234400,175360,425,425,189871,175360,42949,0,1000,True,den520d-random-15.scen,980
20,den520d.map,planner,1,3384,3202,320,320,3211,3202,6,0,0,False,den520d-random-22.scen,20
20,den520d.map,planner,1,3384,3202,320,320,3211,3202,6,0,0,True,den520d-random-22.scen,20
20,den520d.map,planner,1,3384,3202,320,320,3211,3202,6,0,1,False,den520d-random-22.scen,20
20,den520d.map,planner,1,3384,3202,320,320,3211,3202,6,0,1,True,den520d-random-22.scen,20
20,den520d.map,planner,1,3384,3202,320,320,3211,3202,7,0,10,False,den520d-random-22.scen,20
20,den520d.map,planner,1,3384,3202,320,320,3211,3202,6,0,10,True,den520d-random-22.scen,20
20,den520d.map,planner,1,3384,3202,320,320,3211,3202,6,0,100,False,den520d-random-22.scen,20
20,den520d.map,planner,1,3384,3202,320,320,3211,3202,6,0,100,True,den520d-random-22.scen,20
20,den520d.map,planner,1,3384,3202,320,320,3211,3202,5,0,1000,False,den520d-random-22.scen,20
20,den520d.map,planner,1,3384,3202,320,320,3211,3202,5,0,1000,True,den520d-random-22.scen,20
60,den520d.map,planner,1,10651,10222,323,323,10269,10222,17,0,0,False,den520d-random-22.scen,60
60,den520d.map,planner,1,10651,10222,323,323,10269,10222,20,0,0,True,den520d-random-22.scen,60
60,den520d.map,planner,1,10651,10222,323,323,10269,10222,20,0,1,False,den520d-random-22.scen,60
60,den520d.map,planner,1,10651,10222,323,323,10269,10222,18,0,1,True,den520d-random-22.scen,60
60,den520d.map,planner,1,10651,10222,323,323,10269,10222,19,0,10,False,den520d-random-22.scen,60
60,den520d.map,planner,1,10651,10222,323,323,10269,10222,20,0,10,True,den520d-random-22.scen,60
60,den520d.map,planner,1,10651,10222,323,323,10269,10222,21,0,100,False,den520d-random-22.scen,60
60,den520d.map,planner,1,10651,10222,323,323,10269,10222,21,0,100,True,den520d-random-22.scen,60
60,den520d.map,planner,1,10651,10222,323,323,10269,10222,21,0,1000,False,den520d-random-22.scen,60
60,den520d.map,planner,1,10651,10222,323,323,10269,10222,21,0,1000,True,den520d-random-22.scen,60
100,den520d.map,planner,1,19227,17567,376,376,17742,17567,36,0,0,False,den520d-random-22.scen,100
100,den520d.map,planner,1,19227,17567,376,376,17742,17567,38,0,0,True,den520d-random-22.scen,100
100,den520d.map,planner,1,19227,17567,376,376,17742,17567,33,0,1,False,den520d-random-22.scen,100
100,den520d.map,planner,1,18842,17567,376,376,17719,17567,37,0,1,True,den520d-random-22.scen,100
100,den520d.map,planner,1,19227,17567,376,376,17742,17567,35,0,10,False,den520d-random-22.scen,100
100,den520d.map,planner,1,18842,17567,376,376,17719,17567,32,0,10,True,den520d-random-22.scen,100
100,den520d.map,planner,1,19227,17567,376,376,17742,17567,34,0,100,False,den520d-random-22.scen,100
100,den520d.map,planner,1,18842,17567,376,376,17719,17567,33,0,100,True,den520d-random-22.scen,100
100,den520d.map,planner,1,19227,17567,376,376,17742,17567,37,0,1000,False,den520d-random-22.scen,100
100,den520d.map,planner,1,18842,17567,376,376,17719,17567,37,0,1000,True,den520d-random-22.scen,100
140,den520d.map,planner,1,27506,25359,376,376,25613,25359,48,0,0,False,den520d-random-22.scen,140
140,den520d.map,planner,1,27506,25359,376,376,25613,25359,46,0,0,True,den520d-random-22.scen,140
140,den520d.map,planner,1,27506,25359,376,376,25613,25359,52,0,1,False,den520d-random-22.scen,140
140,den520d.map,planner,1,27750,25359,376,376,25667,25359,54,0,1,True,den520d-random-22.scen,140
140,den520d.map,planner,1,27506,25359,376,376,25613,25359,48,0,10,False,den520d-random-22.scen,140
140,den520d.map,planner,1,27750,25359,376,376,25667,25359,51,0,10,True,den520d-random-22.scen,140
140,den520d.map,planner,1,27506,25359,376,376,25613,25359,48,0,100,False,den520d-random-22.scen,140
140,den520d.map,planner,1,27750,25359,376,376,25667,25359,52,0,100,True,den520d-random-22.scen,140
140,den520d.map,planner,1,27506,25359,376,376,25613,25359,48,0,1000,False,den520d-random-22.scen,140
140,den520d.map,planner,1,27750,25359,376,376,25667,25359,56,0,1000,True,den520d-random-22.scen,140
180,den520d.map,planner,1,35841,32168,376,376,32722,32168,69,0,0,False,den520d-random-22.scen,180
180,den520d.map,planner,1,35841,32168,376,376,32722,32168,63,0,0,True,den520d-random-22.scen,180
180,den520d.map,planner,1,35841,32168,376,376,32722,32168,62,0,1,False,den520d-random-22.scen,180
180,den520d.map,planner,1,35883,32168,376,376,32693,32168,67,0,1,True,den520d-random-22.scen,180
180,den520d.map,planner,1,35841,32168,376,376,32722,32168,68,0,10,False,den520d-random-22.scen,180
180,den520d.map,planner,1,35883,32168,376,376,32693,32168,64,0,10,True,den520d-random-22.scen,180
180,den520d.map,planner,1,35841,32168,376,376,32722,32168,63,0,100,False,den520d-random-22.scen,180
180,den520d.map,planner,1,35883,32168,376,376,32693,32168,68,0,100,True,den520d-random-22.scen,180
180,den520d.map,planner,1,35841,32168,376,376,32722,32168,61,0,1000,False,den520d-random-22.scen,180
180,den520d.map,planner,1,35883,32168,376,376,32693,32168,63,0,1000,True,den520d-random-22.scen,180
220,den520d.map,planner,1,42172,37705,376,376,38420,37705,75,0,0,False,den520d-random-22.scen,220
220,den520d.map,planner,1,42172,37705,376,376,38420,37705,71,0,0,True,den520d-random-22.scen,220
220,den520d.map,planner,1,42172,37705,376,376,38420,37705,81,0,1,False,den520d-random-22.scen,220
220,den520d.map,planner,1,41898,37705,376,376,38391,37705,80,0,1,True,den520d-random-22.scen,220
220,den520d.map,planner,1,42172,37705,376,376,38420,37705,81,0,10,False,den520d-random-22.scen,220
220,den520d.map,planner,1,41898,37705,376,376,38391,37705,85,0,10,True,den520d-random-22.scen,220
220,den520d.map,planner,1,42172,37705,376,376,38420,37705,75,0,100,False,den520d-random-22.scen,220
220,den520d.map,planner,1,41898,37705,376,376,38391,37705,77,0,100,True,den520d-random-22.scen,220
220,den520d.map,planner,1,42172,37705,376,376,38420,37705,74,0,1000,False,den520d-random-22.scen,220
220,den520d.map,planner,1,41898,37705,376,376,38391,37705,82,0,1000,True,den520d-random-22.scen,220
260,den520d.map,planner,1,51292,44398,376,376,45498,44398,91,0,0,False,den520d-random-22.scen,260
260,den520d.map,planner,1,51292,44398,376,376,45498,44398,88,0,0,True,den520d-random-22.scen,260
260,den520d.map,planner,1,51292,44398,376,376,45498,44398,86,0,1,False,den520d-random-22.scen,260
260,den520d.map,planner,1,50594,44398,376,376,45399,44398,99,0,1,True,den520d-random-22.scen,260
260,den520d.map,planner,1,51292,44398,376,376,45498,44398,91,0,10,False,den520d-random-22.scen,260
260,den520d.map,planner,1,50594,44398,376,376,45399,44398,93,0,10,True,den520d-random-22.scen,260
260,den520d.map,planner,1,51292,44398,376,376,45498,44398,93,0,100,False,den520d-random-22.scen,260
260,den520d.map,planner,1,50594,44398,376,376,45399,44398,97,0,100,True,den520d-random-22.scen,260
260,den520d.map,planner,1,51292,44398,376,376,45498,44398,95,0,1000,False,den520d-random-22.scen,260
260,den520d.map,planner,1,50594,44398,376,376,45399,44398,95,0,1000,True,den520d-random-22.scen,260
300,den520d.map,planner,1,57769,51081,376,376,52515,51081,107,0,0,False,den520d-random-22.scen,300
300,den520d.map,planner,1,57769,51081,376,376,52515,51081,111,0,0,True,den520d-random-22.scen,300
300,den520d.map,planner,1,57769,51081,376,376,52515,51081,125,0,1,False,den520d-random-22.scen,300
300,den520d.map,planner,1,57958,51081,376,376,52373,51081,112,0,1,True,den520d-random-22.scen,300
300,den520d.map,planner,1,57769,51081,376,376,52515,51081,109,0,10,False,den520d-random-22.scen,300
300,den520d.map,planner,1,57958,51081,376,376,52373,51081,112,0,10,True,den520d-random-22.scen,300
300,den520d.map,planner,1,57769,51081,376,376,52515,51081,106,0,100,False,den520d-random-22.scen,300
300,den520d.map,planner,1,57958,51081,376,376,52373,51081,99,0,100,True,den520d-random-22.scen,300
300,den520d.map,planner,1,57769,51081,376,376,52515,51081,100,0,1000,False,den520d-random-22.scen,300
300,den520d.map,planner,1,57958,51081,376,376,52373,51081,101,0,1000,True,den520d-random-22.scen,300
340,den520d.map,planner,1,66837,58338,376,376,60127,58338,133,0,0,False,den520d-random-22.scen,340
340,den520d.map,planner,1,66837,58338,376,376,60127,58338,126,0,0,True,den520d-random-22.scen,340
340,den520d.map,planner,1,66837,58338,376,376,60127,58338,131,0,1,False,den520d-random-22.scen,340
340,den520d.map,planner,1,66737,58338,376,376,59963,58338,122,0,1,True,den520d-random-22.scen,340
340,den520d.map,planner,1,66837,58338,376,376,60127,58338,127,0,10,False,den520d-random-22.scen,340
340,den520d.map,planner,1,66737,58338,376,376,59963,58338,122,0,10,True,den520d-random-22.scen,340
340,den520d.map,planner,1,66837,58338,376,376,60127,58338,119,0,100,False,den520d-random-22.scen,340
340,den520d.map,planner,1,66737,58338,376,376,59963,58338,131,0,100,True,den520d-random-22.scen,340
340,den520d.map,planner,1,66837,58338,376,376,60127,58338,121,0,1000,False,den520d-random-22.scen,340
340,den520d.map,planner,1,66737,58338,376,376,59963,58338,125,0,1000,True,den520d-random-22.scen,340
380,den520d.map,planner,1,76115,65192,376,376,67400,65192,138,0,0,False,den520d-random-22.scen,380
380,den520d.map,planner,1,76115,65192,376,376,67400,65192,141,0,0,True,den520d-random-22.scen,380
380,den520d.map,planner,1,76115,65192,376,376,67400,65192,132,0,1,False,den520d-random-22.scen,380
380,den520d.map,planner,1,74880,65192,376,376,67192,65192,141,0,1,True,den520d-random-22.scen,380
380,den520d.map,planner,1,76115,65192,376,376,67400,65192,147,0,10,False,den520d-random-22.scen,380
380,den520d.map,planner,1,75451,65192,376,376,67174,65192,152,0,10,True,den520d-random-22.scen,380
380,den520d.map,planner,1,76115,65192,376,376,67400,65192,133,0,100,False,den520d-random-22.scen,380
380,den520d.map,planner,1,75298,65192,376,376,67289,65192,152,0,100,True,den520d-random-22.scen,380
380,den520d.map,planner,1,76115,65192,376,376,67400,65192,140,0,1000,False,den520d-random-22.scen,380
380,den520d.map,planner,1,75298,65192,376,376,67289,65192,152,0,1000,True,den520d-random-22.scen,380
420,den520d.map,planner,1,85314,72228,376,376,74958,72228,166,0,0,False,den520d-random-22.scen,420
420,den520d.map,planner,1,85314,72228,376,376,74958,72228,155,0,0,True,den520d-random-22.scen,420
420,den520d.map,planner,1,85314,72228,376,376,74958,72228,149,0,1,False,den520d-random-22.scen,420
420,den520d.map,planner,1,83570,72228,378,376,74528,72228,164,0,1,True,den520d-random-22.scen,420
420,den520d.map,planner,1,85314,72228,376,376,74958,72228,153,0,10,False,den520d-random-22.scen,420
420,den520d.map,planner,1,84122,72228,376,376,74563,72228,206,0,10,True,den520d-random-22.scen,420
420,den520d.map,planner,1,85314,72228,376,376,74958,72228,159,0,100,False,den520d-random-22.scen,420
420,den520d.map,planner,1,84144,72228,376,376,74586,72228,184,0,100,True,den520d-random-22.scen,420
420,den520d.map,planner,1,85314,72228,376,376,74958,72228,149,0,1000,False,den520d-random-22.scen,420
420,den520d.map,planner,1,84144,72228,376,376,74586,72228,182,0,1000,True,den520d-random-22.scen,420
460,den520d.map,planner,1,93375,78258,387,387,81507,78258,164,0,0,False,den520d-random-22.scen,460
460,den520d.map,planner,1,93375,78258,387,387,81507,78258,167,0,0,True,den520d-random-22.scen,460
460,den520d.map,planner,1,93375,78258,387,387,81507,78258,171,0,1,False,den520d-random-22.scen,460
460,den520d.map,planner,1,93356,78258,387,387,81285,78258,193,0,1,True,den520d-random-22.scen,460
460,den520d.map,planner,1,93375,78258,387,387,81507,78258,170,0,10,False,den520d-random-22.scen,460
460,den520d.map,planner,1,92689,78258,387,387,81009,78258,234,0,10,True,den520d-random-22.scen,460
460,den520d.map,planner,1,93375,78258,387,387,81507,78258,162,0,100,False,den520d-random-22.scen,460
460,den520d.map,planner,1,93061,78258,388,387,81018,78258,343,0,100,True,den520d-random-22.scen,460
460,den520d.map,planner,1,93375,78258,387,387,81507,78258,162,0,1000,False,den520d-random-22.scen,460
460,den520d.map,planner,1,92935,78258,388,387,81034,78258,809,0,1000,True,den520d-random-22.scen,460
500,den520d.map,planner,1,103024,85523,396,396,89321,85523,179,0,0,False,den520d-random-22.scen,500
500,den520d.map,planner,1,103024,85523,396,396,89321,85523,181,0,0,True,den520d-random-22.scen,500
500,den520d.map,planner,1,103024,85523,396,396,89321,85523,182,0,1,False,den520d-random-22.scen,500
500,den520d.map,planner,1,103062,85523,396,396,88744,85523,203,0,1,True,den520d-random-22.scen,500
500,den520d.map,planner,1,103024,85523,396,396,89321,85523,190,0,10,False,den520d-random-22.scen,500
500,den520d.map,planner,1,103572,85523,401,396,88748,85523,281,0,10,True,den520d-random-22.scen,500
500,den520d.map,planner,1,103024,85523,396,396,89321,85523,186,0,100,False,den520d-random-22.scen,500
500,den520d.map,planner,1,102659,85523,406,396,88742,85523,581,0,100,True,den520d-random-22.scen,500
500,den520d.map,planner,1,103024,85523,396,396,89321,85523,198,0,1000,False,den520d-random-22.scen,500
500,den520d.map,planner,1,101868,85523,405,396,88665,85523,393,0,1000,True,den520d-random-22.scen,500
540,den520d.map,planner,1,111197,91737,396,396,95972,91737,198,0,0,False,den520d-random-22.scen,540
540,den520d.map,planner,1,111197,91737,396,396,95972,91737,225,0,0,True,den520d-random-22.scen,540
540,den520d.map,planner,1,111197,91737,396,396,95972,91737,206,0,1,False,den520d-random-22.scen,540
540,den520d.map,planner,1,111089,91737,396,396,95773,91737,236,0,1,True,den520d-random-22.scen,540
540,den520d.map,planner,1,111197,91737,396,396,95972,91737,203,0,10,False,den520d-random-22.scen,540
540,den520d.map,planner,1,111483,91737,402,396,95689,91737,410,0,10,True,den520d-random-22.scen,540
540,den520d.map,planner,1,111197,91737,396,396,95972,91737,202,0,100,False,den520d-random-22.scen,540
540,den520d.map,planner,1,110518,91737,402,396,95418,91737,1180,0,100,True,den520d-random-22.scen,540
540,den520d.map,planner,1,111197,91737,396,396,95972,91737,207,0,1000,False,den520d-random-22.scen,540
540,den520d.map,planner,1,110817,91737,403,396,95567,91737,9696,0,1000,True,den520d-random-22.scen,540
580,den520d.map,planner,1,121188,98771,396,396,103888,98771,223,0,0,False,den520d-random-22.scen,580
580,den520d.map,planner,1,121188,98771,396,396,103888,98771,226,0,0,True,den520d-random-22.scen,580
580,den520d.map,planner,1,121188,98771,396,396,103888,98771,216,0,1,False,den520d-random-22.scen,580
580,den520d.map,planner,1,121435,98771,396,396,103264,98771,241,0,1,True,den520d-random-22.scen,580
580,den520d.map,planner,1,121188,98771,396,396,103888,98771,232,0,10,False,den520d-random-22.scen,580
580,den520d.map,planner,1,121746,98771,396,396,103596,98771,435,0,10,True,den520d-random-22.scen,580
580,den520d.map,planner,1,121188,98771,396,396,103888,98771,212,0,100,False,den520d-random-22.scen,580
580,den520d.map,planner,1,121772,98771,400,396,103316,98771,1749,0,100,True,den520d-random-22.scen,580
580,den520d.map,planner,1,121188,98771,396,396,103888,98771,215,0,1000,False,den520d-random-22.scen,580
580,den520d.map,planner,1,119608,98771,404,396,103074,98771,7524,0,1000,True,den520d-random-22.scen,580
620,den520d.map,planner,1,132150,105417,396,396,111343,105417,237,0,0,False,den520d-random-22.scen,620
620,den520d.map,planner,1,132150,105417,396,396,111343,105417,246,0,0,True,den520d-random-22.scen,620
620,den520d.map,planner,1,132150,105417,396,396,111343,105417,238,0,1,False,den520d-random-22.scen,620
620,den520d.map,planner,1,131919,105417,396,396,110888,105417,259,0,1,True,den520d-random-22.scen,620
620,den520d.map,planner,1,132150,105417,396,396,111343,105417,236,0,10,False,den520d-random-22.scen,620
620,den520d.map,planner,1,132556,105417,397,396,110513,105417,448,0,10,True,den520d-random-22.scen,620
620,den520d.map,planner,1,132150,105417,396,396,111343,105417,240,0,100,False,den520d-random-22.scen,620
620,den520d.map,planner,1,129838,105417,398,396,110207,105417,1617,0,100,True,den520d-random-22.scen,620
620,den520d.map,planner,1,132150,105417,396,396,111343,105417,242,0,1000,False,den520d-random-22.scen,620
620,den520d.map,planner,1,131049,105417,398,396,110105,105417,5701,0,1000,True,den520d-random-22.scen,620
660,den520d.map,planner,1,142853,113257,396,396,119733,113257,251,0,0,False,den520d-random-22.scen,660
660,den520d.map,planner,1,142853,113257,396,396,119733,113257,250,0,0,True,den520d-random-22.scen,660
660,den520d.map,planner,1,142853,113257,396,396,119733,113257,261,0,1,False,den520d-random-22.scen,660
660,den520d.map,planner,1,142889,113257,396,396,119364,113257,279,0,1,True,den520d-random-22.scen,660
660,den520d.map,planner,1,142853,113257,396,396,119733,113257,261,0,10,False,den520d-random-22.scen,660
660,den520d.map,planner,1,141804,113257,396,396,119213,113257,534,0,10,True,den520d-random-22.scen,660
660,den520d.map,planner,1,142853,113257,396,396,119733,113257,266,0,100,False,den520d-random-22.scen,660
660,den520d.map,planner,1,142203,113257,396,396,119142,113257,2818,0,100,True,den520d-random-22.scen,660
660,den520d.map,planner,1,142853,113257,396,396,119733,113257,251,0,1000,False,den520d-random-22.scen,660
660,den520d.map,planner,1,141332,113257,396,396,118574,113257,14156,0,1000,True,den520d-random-22.scen,660
700,den520d.map,planner,1,152485,120700,396,396,128147,120700,292,0,0,False,den520d-random-22.scen,700
700,den520d.map,planner,1,152485,120700,396,396,128147,120700,277,0,0,True,den520d-random-22.scen,700
700,den520d.map,planner,1,152485,120700,396,396,128147,120700,277,0,1,False,den520d-random-22.scen,700
700,den520d.map,planner,1,152179,120700,396,396,127313,120700,305,0,1,True,den520d-random-22.scen,700
700,den520d.map,planner,1,152485,120700,396,396,128147,120700,274,0,10,False,den520d-random-22.scen,700
700,den520d.map,planner,1,152852,120700,396,396,127462,120700,545,0,10,True,den520d-random-22.scen,700
700,den520d.map,planner,1,152485,120700,396,396,128147,120700,299,0,100,False,den520d-random-22.scen,700
700,den520d.map,planner,1,152042,120700,398,396,127380,120700,2967,0,100,True,den520d-random-22.scen,700
700,den520d.map,planner,1,152485,120700,396,396,128147,120700,283,0,1000,False,den520d-random-22.scen,700
700,den520d.map,planner,1,152822,120700,397,396,127234,120700,22239,0,1000,True,den520d-random-22.scen,700
740,den520d.map,planner,1,162321,127904,396,396,136487,127904,292,0,0,False,den520d-random-22.scen,740
740,den520d.map,planner,1,162321,127904,396,396,136487,127904,292,0,0,True,den520d-random-22.scen,740
740,den520d.map,planner,1,162321,127904,396,396,136487,127904,315,0,1,False,den520d-random-22.scen,740
740,den520d.map,planner,1,164396,127904,396,396,135562,127904,325,0,1,True,den520d-random-22.scen,740
740,den520d.map,planner,1,162321,127904,396,396,136487,127904,293,0,10,False,den520d-random-22.scen,740
740,den520d.map,planner,1,162559,127904,396,396,135191,127904,547,0,10,True,den520d-random-22.scen,740
740,den520d.map,planner,1,162321,127904,396,396,136487,127904,287,0,100,False,den520d-random-22.scen,740
740,den520d.map,planner,1,161589,127904,396,396,135288,127904,3000,0,100,True,den520d-random-22.scen,740
740,den520d.map,planner,1,162321,127904,396,396,136487,127904,288,0,1000,False,den520d-random-22.scen,740
740,den520d.map,planner,1,161205,127904,396,396,134876,127904,24593,0,1000,True,den520d-random-22.scen,740
780,den520d.map,planner,1,173976,134817,396,396,144093,134817,323,0,0,False,den520d-random-22.scen,780
780,den520d.map,planner,1,173976,134817,396,396,144093,134817,312,0,0,True,den520d-random-22.scen,780
780,den520d.map,planner,1,173976,134817,396,396,144093,134817,305,0,1,False,den520d-random-22.scen,780
780,den520d.map,planner,1,173251,134817,396,396,143561,134817,365,0,1,True,den520d-random-22.scen,780
780,den520d.map,planner,1,173976,134817,396,396,144093,134817,308,0,10,False,den520d-random-22.scen,780
780,den520d.map,planner,1,173511,134817,398,396,143121,134817,637,0,10,True,den520d-random-22.scen,780
780,den520d.map,planner,1,173976,134817,396,396,144093,134817,310,0,100,False,den520d-random-22.scen,780
780,den520d.map,planner,1,174103,134817,396,396,142942,134817,3095,0,100,True,den520d-random-22.scen,780
780,den520d.map,planner,1,173976,134817,396,396,144093,134817,312,0,1000,False,den520d-random-22.scen,780
780,den520d.map,planner,1,173437,134817,398,396,142678,134817,24625,0,1000,True,den520d-random-22.scen,780
820,den520d.map,planner,1,185630,142332,396,396,152922,142332,334,0,0,False,den520d-random-22.scen,820
820,den520d.map,planner,1,185630,142332,396,396,152922,142332,322,0,0,True,den520d-random-22.scen,820
820,den520d.map,planner,1,185630,142332,396,396,152922,142332,327,0,1,False,den520d-random-22.scen,820
820,den520d.map,planner,1,186523,142332,399,396,152770,142332,378,0,1,True,den520d-random-22.scen,820
820,den520d.map,planner,1,185630,142332,396,396,152922,142332,319,0,10,False,den520d-random-22.scen,820
820,den520d.map,planner,1,185433,142332,396,396,151835,142332,688,0,10,True,den520d-random-22.scen,820
820,den520d.map,planner,1,185630,142332,396,396,152922,142332,325,0,100,False,den520d-random-22.scen,820
820,den520d.map,planner,1,185084,142332,396,396,151777,142332,3629,0,100,True,den520d-random-22.scen,820
820,den520d.map,planner,1,185630,142332,396,396,152922,142332,322,0,1000,False,den520d-random-22.scen,820
820,den520d.map,planner,1,183327,142332,397,396,151351,142332,29627,0,1000,True,den520d-random-22.scen,820
860,den520d.map,planner,1,198865,149273,396,396,161199,149273,356,0,0,False,den520d-random-22.scen,860
860,den520d.map,planner,1,198865,149273,396,396,161199,149273,347,0,0,True,den520d-random-22.scen,860
860,den520d.map,planner,1,198865,149273,396,396,161199,149273,339,0,1,False,den520d-random-22.scen,860
860,den520d.map,planner,1,196305,149273,398,396,160189,149273,376,0,1,True,den520d-random-22.scen,860
860,den520d.map,planner,1,198865,149273,396,396,161199,149273,343,0,10,False,den520d-random-22.scen,860
860,den520d.map,planner,1,197213,149273,399,396,160221,149273,732,0,10,True,den520d-random-22.scen,860
860,den520d.map,planner,1,198865,149273,396,396,161199,149273,335,0,100,False,den520d-random-22.scen,860
860,den520d.map,planner,1,194458,149273,396,396,159683,149273,3947,0,100,True,den520d-random-22.scen,860
860,den520d.map,planner,1,198865,149273,396,396,161199,149273,331,0,1000,False,den520d-random-22.scen,860
860,den520d.map,planner,1,194592,149273,396,396,159446,149273,36236,0,1000,True,den520d-random-22.scen,860
900,den520d.map,planner,1,207928,156166,396,396,168469,156166,356,0,0,False,den520d-random-22.scen,900
900,den520d.map,planner,1,207928,156166,396,396,168469,156166,363,0,0,True,den520d-random-22.scen,900
900,den520d.map,planner,1,207928,156166,396,396,168469,156166,367,0,1,False,den520d-random-22.scen,900
900,den520d.map,planner,1,207201,156166,398,396,168473,156166,393,0,1,True,den520d-random-22.scen,900
900,den520d.map,planner,1,207928,156166,396,396,168469,156166,361,0,10,False,den520d-random-22.scen,900
900,den520d.map,planner,1,208566,156166,400,396,168067,156166,777,0,10,True,den520d-random-22.scen,900
900,den520d.map,planner,1,207928,156166,396,396,168469,156166,368,0,100,False,den520d-random-22.scen,900
900,den520d.map,planner,1,206461,156166,399,396,167800,156166,4242,0,100,True,den520d-random-22.scen,900
900,den520d.map,planner,1,207928,156166,396,396,168469,156166,370,0,1000,False,den520d-random-22.scen,900
900,den520d.map,planner,1,205139,156166,398,396,167902,156166,35942,0,1000,True,den520d-random-22.scen,900
940,den520d.map,planner,1,215484,162134,396,396,175235,162134,379,0,0,False,den520d-random-22.scen,940
940,den520d.map,planner,1,215484,162134,396,396,175235,162134,395,0,0,True,den520d-random-22.scen,940
940,den520d.map,planner,1,215484,162134,396,396,175235,162134,368,0,1,False,den520d-random-22.scen,940
940,den520d.map,planner,1,216446,162134,397,396,174962,162134,435,0,1,True,den520d-random-22.scen,940
940,den520d.map,planner,1,215484,162134,396,396,175235,162134,366,0,10,False,den520d-random-22.scen,940
940,den520d.map,planner,1,216292,162134,398,396,175041,162134,784,0,10,True,den520d-random-22.scen,940
940,den520d.map,planner,1,215484,162134,396,396,175235,162134,359,0,100,False,den520d-random-22.scen,940
940,den520d.map,planner,1,215775,162134,400,396,174203,162134,4183,0,100,True,den520d-random-22.scen,940
940,den520d.map,planner,1,215484,162134,396,396,175235,162134,388,0,1000,False,den520d-random-22.scen,940
940,den520d.map,planner,1,215412,162134,400,396,173957,162134,31921,0,1000,True,den520d-random-22.scen,940
980,den520d.map,planner,1,230965,169402,405,396,185212,169402,395,0,0,False,den520d-random-22.scen,980
980,den520d.map,planner,1,230965,169402,405,396,185212,169402,404,0,0,True,den520d-random-22.scen,980
980,den520d.map,planner,1,230965,169402,405,396,185212,169402,406,0,1,False,den520d-random-22.scen,980
980,den520d.map,planner,1,226929,169402,400,396,183507,169402,419,0,1,True,den520d-random-22.scen,980
980,den520d.map,planner,1,230965,169402,405,396,185212,169402,399,0,10,False,den520d-random-22.scen,980
980,den520d.map,planner,1,226506,169402,396,396,183657,169402,827,0,10,True,den520d-random-22.scen,980
980,den520d.map,planner,1,230965,169402,405,396,185212,169402,395,0,100,False,den520d-random-22.scen,980
980,den520d.map,planner,1,227626,169402,404,396,182848,169402,4404,0,100,True,den520d-random-22.scen,980
980,den520d.map,planner,1,230965,169402,405,396,185212,169402,420,0,1000,False,den520d-random-22.scen,980
980,den520d.map,planner,1,227202,169402,410,396,183343,169402,40985,0,1000,True,den520d-random-22.scen,980
20,den520d.map,planner,1,3902,3897,347,347,3902,3897,7,0,0,False,den520d-random-24.scen,20
20,den520d.map,planner,1,3902,3897,347,347,3902,3897,7,0,0,True,den520d-random-24.scen,20
20,den520d.map,planner,1,3902,3897,347,347,3902,3897,9,0,1,False,den520d-random-24.scen,20
20,den520d.map,planner,1,3902,3897,347,347,3902,3897,7,0,1,True,den520d-random-24.scen,20
20,den520d.map,planner,1,3902,3897,347,347,3902,3897,7,0,10,False,den520d-random-24.scen,20
20,den520d.map,planner,1,3902,3897,347,347,3902,3897,7,0,10,True,den520d-random-24.scen,20
20,den520d.map,planner,1,3902,3897,347,347,3902,3897,9,0,100,False,den520d-random-24.scen,20
20,den520d.map,planner,1,3902,3897,347,347,3902,3897,8,0,100,True,den520d-random-24.scen,20
20,den520d.map,planner,1,3902,3897,347,347,3902,3897,9,0,1000,False,den520d-random-24.scen,20
20,den520d.map,planner,1,3902,3897,347,347,3902,3897,7,0,1000,True,den520d-random-24.scen,20
60,den520d.map,planner,1,11069,10921,347,347,10959,10921,20,0,0,False,den520d-random-24.scen,60
60,den520d.map,planner,1,11069,10921,347,347,10959,10921,19,0,0,True,den520d-random-24.scen,60
60,den520d.map,planner,1,11069,10921,347,347,10959,10921,21,0,1,False,den520d-random-24.scen,60
60,den520d.map,planner,1,11069,10921,347,347,10959,10921,21,0,1,True,den520d-random-24.scen,60
60,den520d.map,planner,1,11069,10921,347,347,10959,10921,24,0,10,False,den520d-random-24.scen,60
60,den520d.map,planner,1,11069,10921,347,347,10959,10921,22,0,10,True,den520d-random-24.scen,60
60,den520d.map,planner,1,11069,10921,347,347,10959,10921,21,0,100,False,den520d-random-24.scen,60
60,den520d.map,planner,1,11069,10921,347,347,10959,10921,19,0,100,True,den520d-random-24.scen,60
60,den520d.map,planner,1,11069,10921,347,347,10959,10921,22,0,1000,False,den520d-random-24.scen,60
60,den520d.map,planner,1,11069,10921,347,347,10959,10921,23,0,1000,True,den520d-random-24.scen,60
100,den520d.map,planner,1,18047,16986,347,347,17186,16986,34,0,0,False,den520d-random-24.scen,100
100,den520d.map,planner,1,18047,16986,347,347,17186,16986,36,0,0,True,den520d-random-24.scen,100
100,den520d.map,planner,1,18047,16986,347,347,17186,16986,38,0,1,False,den520d-random-24.scen,100
100,den520d.map,planner,1,18047,16986,347,347,17186,16986,33,0,1,True,den520d-random-24.scen,100
100,den520d.map,planner,1,18047,16986,347,347,17186,16986,30,0,10,False,den520d-random-24.scen,100
100,den520d.map,planner,1,18047,16986,347,347,17186,16986,34,0,10,True,den520d-random-24.scen,100
100,den520d.map,planner,1,18047,16986,347,347,17186,16986,33,0,100,False,den520d-random-24.scen,100
100,den520d.map,planner,1,18047,16986,347,347,17186,16986,35,0,100,True,den520d-random-24.scen,100
100,den520d.map,planner,1,18047,16986,347,347,17186,16986,36,0,1000,False,den520d-random-24.scen,100
100,den520d.map,planner,1,18047,16986,347,347,17186,16986,35,0,1000,True,den520d-random-24.scen,100
140,den520d.map,planner,1,27311,24499,360,360,24847,24499,51,0,0,False,den520d-random-24.scen,140
140,den520d.map,planner,1,27311,24499,360,360,24847,24499,48,0,0,True,den520d-random-24.scen,140
140,den520d.map,planner,1,27311,24499,360,360,24847,24499,45,0,1,False,den520d-random-24.scen,140
140,den520d.map,planner,1,26554,24499,360,360,24845,24499,50,0,1,True,den520d-random-24.scen,140
140,den520d.map,planner,1,27311,24499,360,360,24847,24499,50,0,10,False,den520d-random-24.scen,140
140,den520d.map,planner,1,26554,24499,360,360,24845,24499,52,0,10,True,den520d-random-24.scen,140
140,den520d.map,planner,1,27311,24499,360,360,24847,24499,50,0,100,False,den520d-random-24.scen,140
140,den520d.map,planner,1,26554,24499,360,360,24845,24499,50,0,100,True,den520d-random-24.scen,140
140,den520d.map,planner,1,27311,24499,360,360,24847,24499,50,0,1000,False,den520d-random-24.scen,140
140,den520d.map,planner,1,26554,24499,360,360,24845,24499,50,0,1000,True,den520d-random-24.scen,140
180,den520d.map,planner,1,34127,31356,360,360,31857,31356,63,0,0,False,den520d-random-24.scen,180
180,den520d.map,planner,1,34127,31356,360,360,31857,31356,62,0,0,True,den520d-random-24.scen,180
180,den520d.map,planner,1,34127,31356,360,360,31857,31356,62,0,1,False,den520d-random-24.scen,180
180,den520d.map,planner,1,34781,31356,362,360,31888,31356,60,0,1,True,den520d-random-24.scen,180
180,den520d.map,planner,1,34127,31356,360,360,31857,31356,60,0,10,False,den520d-random-24.scen,180
180,den520d.map,planner,1,34781,31356,362,360,31888,31356,63,0,10,True,den520d-random-24.scen,180
180,den520d.map,planner,1,34127,31356,360,360,31857,31356,62,0,100,False,den520d-random-24.scen,180
180,den520d.map,planner,1,34781,31356,362,360,31888,31356,65,0,100,True,den520d-random-24.scen,180
180,den520d.map,planner,1,34127,31356,360,360,31857,31356,60,0,1000,False,den520d-random-24.scen,180
180,den520d.map,planner,1,34781,31356,362,360,31888,31356,67,0,1000,True,den520d-random-24.scen,180
220,den520d.map,planner,1,42873,38117,360,360,39044,38117,83,0,0,False,den520d-random-24.scen,220
220,den520d.map,planner,1,42873,38117,360,360,39044,38117,75,0,0,True,den520d-random-24.scen,220
220,den520d.map,planner,1,42873,38117,360,360,39044,38117,74,0,1,False,den520d-random-24.scen,220
220,den520d.map,planner,1,43266,38117,360,360,38986,38117,81,0,1,True,den520d-random-24.scen,220
220,den520d.map,planner,1,42873,38117,360,360,39044,38117,79,0,10,False,den520d-random-24.scen,220
220,den520d.map,planner,1,43266,38117,360,360,38986,38117,74,0,10,True,den520d-random-24.scen,220
220,den520d.map,planner,1,42873,38117,360,360,39044,38117,77,0,100,False,den520d-random-24.scen,220
220,den520d.map,planner,1,43266,38117,360,360,38986,38117,81,0,100,True,den520d-random-24.scen,220
220,den520d.map,planner,1,42873,38117,360,360,39044,38117,77,0,1000,False,den520d-random-24.scen,220
220,den520d.map,planner,1,43266,38117,360,360,38986,38117,76,0,1000,True,den520d-random-24.scen,220
260,den520d.map,planner,1,50487,45664,360,360,46622,45664,96,0,0,False,den520d-random-24.scen,260
260,den520d.map,planner,1,50487,45664,360,360,46622,45664,108,0,0,True,den520d-random-24.scen,260
260,den520d.map,planner,1,50487,45664,360,360,46622,45664,89,0,1,False,den520d-random-24.scen,260
260,den520d.map,planner,1,51450,45664,360,360,46641,45664,98,0,1,True,den520d-random-24.scen,260
260,den520d.map,planner,1,50487,45664,360,360,46622,45664,89,0,10,False,den520d-random-24.scen,260
260,den520d.map,planner,1,51450,45664,360,360,46641,45664,92,0,10,True,den520d-random-24.scen,260
260,den520d.map,planner,1,50487,45664,360,360,46622,45664,95,0,100,False,den520d-random-24.scen,260
260,den520d.map,planner,1,51450,45664,360,360,46641,45664,101,0,100,True,den520d-random-24.scen,260
260,den520d.map,planner,1,50487,45664,360,360,46622,45664,91,0,1000,False,den520d-random-24.scen,260
260,den520d.map,planner,1,51450,45664,360,360,46641,45664,91,0,1000,True,den520d-random-24.scen,260
300,den520d.map,planner,1,60551,53310,387,387,54845,53310,118,0,0,False,den520d-random-24.scen,300
300,den520d.map,planner,1,60551,53310,387,387,54845,53310,111,0,0,True,den520d-random-24.scen,300
300,den520d.map,planner,1,60551,53310,387,387,54845,53310,108,0,1,False,den520d-random-24.scen,300
300,den520d.map,planner,1,60263,53310,387,387,54614,53310,114,0,1,True,den520d-random-24.scen,300
300,den520d.map,planner,1,60551,53310,387,387,54845,53310,109,0,10,False,den520d-random-24.scen,300
300,den520d.map,planner,1,60263,53310,387,387,54614,53310,105,0,10,True,den520d-random-24.scen,300
300,den520d.map,planner,1,60551,53310,387,387,54845,53310,105,0,100,False,den520d-random-24.scen,300
300,den520d.map,planner,1,60263,53310,387,387,54614,53310,107,0,100,True,den520d-random-24.scen,300
300,den520d.map,planner,1,60551,53310,387,387,54845,53310,121,0,1000,False,den520d-random-24.scen,300
300,den520d.map,planner,1,60263,53310,387,387,54614,53310,112,0,1000,True,den520d-random-24.scen,300
340,den520d.map,planner,1,70192,61183,387,387,62953,61183,126,0,0,False,den520d-random-24.scen,340
340,den520d.map,planner,1,70192,61183,387,387,62953,61183,124,0,0,True,den520d-random-24.scen,340
340,den520d.map,planner,1,70192,61183,387,387,62953,61183,121,0,1,False,den520d-random-24.scen,340
340,den520d.map,planner,1,69886,61183,387,387,62771,61183,129,0,1,True,den520d-random-24.scen,340
340,den520d.map,planner,1,70192,61183,387,387,62953,61183,120,0,10,False,den520d-random-24.scen,340
340,den520d.map,planner,1,69886,61183,387,387,62771,61183,133,0,10,True,den520d-random-24.scen,340
340,den520d.map,planner,1,70192,61183,387,387,62953,61183,124,0,100,False,den520d-random-24.scen,340
340,den520d.map,planner,1,69886,61183,387,387,62771,61183,131,0,100,True,den520d-random-24.scen,340
340,den520d.map,planner,1,70192,61183,387,387,62953,61183,125,0,1000,False,den520d-random-24.scen,340
340,den520d.map,planner,1,69886,61183,387,387,62771,61183,129,0,1000,True,den520d-random-24.scen,340
380,den520d.map,planner,1,80040,68604,413,413,70814,68604,141,0,0,False,den520d-random-24.scen,380
380,den520d.map,planner,1,80040,68604,413,413,70814,68604,144,0,0,True,den520d-random-24.scen,380
380,den520d.map,planner,1,80040,68604,413,413,70814,68604,155,0,1,False,den520d-random-24.scen,380
380,den520d.map,planner,1,79045,68604,413,413,70568,68604,151,0,1,True,den520d-random-24.scen,380
380,den520d.map,planner,1,80040,68604,413,413,70814,68604,144,0,10,False,den520d-random-24.scen,380
380,den520d.map,planner,1,79647,68604,413,413,70604,68604,152,0,10,True,den520d-random-24.scen,380
380,den520d.map,planner,1,80040,68604,413,413,70814,68604,145,0,100,False,den520d-random-24.scen,380
380,den520d.map,planner,1,79647,68604,413,413,70604,68604,156,0,100,True,den520d-random-24.scen,380
380,den520d.map,planner,1,80040,68604,413,413,70814,68604,138,0,1000,False,den520d-random-24.scen,380
380,den520d.map,planner,1,79647,68604,413,413,70604,68604,150,0,1000,True,den520d-random-24.scen,380
420,den520d.map,planner,1,89483,75470,413,413,78036,75470,167,0,0,False,den520d-random-24.scen,420
420,den520d.map,planner,1,89483,75470,413,413,78036,75470,168,0,0,True,den520d-random-24.scen,420
420,den520d.map,planner,1,89483,75470,413,413,78036,75470,159,0,1,False,den520d-random-24.scen,420
420,den520d.map,planner,1,89334,75470,413,413,77708,75470,170,0,1,True,den520d-random-24.scen,420
420,den520d.map,planner,1,89483,75470,413,413,78036,75470,164,0,10,False,den520d-random-24.scen,420
420,den520d.map,planner,1,89711,75470,413,413,77618,75470,171,0,10,True,den520d-random-24.scen,420
420,den520d.map,planner,1,89483,75470,413,413,78036,75470,156,0,100,False,den520d-random-24.scen,420
420,den520d.map,planner,1,89711,75470,413,413,77618,75470,164,0,100,True,den520d-random-24.scen,420
420,den520d.map,planner,1,89483,75470,413,413,78036,75470,160,0,1000,False,den520d-random-24.scen,420
420,den520d.map,planner,1,89711,75470,413,413,77618,75470,173,0,1000,True,den520d-random-24.scen,420
460,den520d.map,planner,1,100298,83119,413,413,86149,83119,171,0,0,False,den520d-random-24.scen,460
460,den520d.map,planner,1,100298,83119,413,413,86149,83119,177,0,0,True,den520d-random-24.scen,460
460,den520d.map,planner,1,100298,83119,413,413,86149,83119,174,0,1,False,den520d-random-24.scen,460
460,den520d.map,planner,1,98950,83119,413,413,85951,83119,189,0,1,True,den520d-random-24.scen,460
460,den520d.map,planner,1,100298,83119,413,413,86149,83119,183,0,10,False,den520d-random-24.scen,460
460,den520d.map,planner,1,99337,83119,415,413,85925,83119,199,0,10,True,den520d-random-24.scen,460
460,den520d.map,planner,1,100298,83119,413,413,86149,83119,178,0,100,False,den520d-random-24.scen,460
460,den520d.map,planner,1,98842,83119,413,413,85909,83119,285,0,100,True,den520d-random-24.scen,460
460,den520d.map,planner,1,100298,83119,413,413,86149,83119,199,0,1000,False,den520d-random-24.scen,460
460,den520d.map,planner,1,99780,83119,413,413,85921,83119,255,0,1000,True,den520d-random-24.scen,460
500,den520d.map,planner,1,108517,89417,413,413,92913,89417,192,0,0,False,den520d-random-24.scen,500
500,den520d.map,planner,1,108517,89417,413,413,92913,89417,196,0,0,True,den520d-random-24.scen,500
500,den520d.map,planner,1,108517,89417,413,413,92913,89417,223,0,1,False,den520d-random-24.scen,500
500,den520d.map,planner,1,107238,89417,420,413,92492,89417,208,0,1,True,den520d-random-24.scen,500
500,den520d.map,planner,1,108517,89417,413,413,92913,89417,203,0,10,False,den520d-random-24.scen,500
500,den520d.map,planner,1,107324,89417,413,413,92521,89417,238,0,10,True,den520d-random-24.scen,500
500,den520d.map,planner,1,108517,89417,413,413,92913,89417,190,0,100,False,den520d-random-24.scen,500
500,den520d.map,planner,1,107148,89417,413,413,92378,89417,243,0,100,True,den520d-random-24.scen,500
500,den520d.map,planner,1,108517,89417,413,413,92913,89417,191,0,1000,False,den520d-random-24.scen,500
500,den520d.map,planner,1,107154,89417,415,413,92447,89417,332,0,1000,True,den520d-random-24.scen,500
540,den520d.map,planner,1,117203,96017,413,413,99991,96017,211,0,0,False,den520d-random-24.scen,540
540,den520d.map,planner,1,117203,96017,413,413,99991,96017,215,0,0,True,den520d-random-24.scen,540
540,den520d.map,planner,1,117203,96017,413,413,99991,96017,219,0,1,False,den520d-random-24.scen,540
540,den520d.map,planner,1,116720,96017,413,413,99731,96017,214,0,1,True,den520d-random-24.scen,540
540,den520d.map,planner,1,117203,96017,413,413,99991,96017,206,0,10,False,den520d-random-24.scen,540
540,den520d.map,planner,1,116714,96017,413,413,99568,96017,235,0,10,True,den520d-random-24.scen,540
540,den520d.map,planner,1,117203,96017,413,413,99991,96017,219,0,100,False,den520d-random-24.scen,540
540,den520d.map,planner,1,116351,96017,413,413,99605,96017,629,0,100,True,den520d-random-24.scen,540
540,den520d.map,planner,1,117203,96017,413,413,99991,96017,217,0,1000,False,den520d-random-24.scen,540
540,den520d.map,planner,1,115792,96017,413,413,99590,96017,1745,0,1000,True,den520d-random-24.scen,540
580,den520d.map,planner,1,127880,102822,413,413,107696,102822,232,0,0,False,den520d-random-24.scen,580
580,den520d.map,planner,1,127880,102822,413,413,107696,102822,235,0,0,True,den520d-random-24.scen,580
580,den520d.map,planner,1,127880,102822,413,413,107696,102822,219,0,1,False,den520d-random-24.scen,580
580,den520d.map,planner,1,126444,102822,413,413,107074,102822,232,0,1,True,den520d-random-24.scen,580
580,den520d.map,planner,1,127880,102822,413,413,107696,102822,224,0,10,False,den520d-random-24.scen,580
580,den520d.map,planner,1,125731,102822,413,413,106915,102822,280,0,10,True,den520d-random-24.scen,580
580,den520d.map,planner,1,127880,102822,413,413,107696,102822,244,0,100,False,den520d-random-24.scen,580
580,den520d.map,planner,1,126869,102822,413,413,106961,102822,685,0,100,True,den520d-random-24.scen,580
580,den520d.map,planner,1,127880,102822,413,413,107696,102822,230,0,1000,False,den520d-random-24.scen,580
580,den520d.map,planner,1,126415,102822,413,413,106893,102822,2150,0,1000,True,den520d-random-24.scen,580
620,den520d.map,planner,1,137798,109929,413,413,115670,109929,253,0,0,False,den520d-random-24.scen,620
620,den520d.map,planner,1,137798,109929,413,413,115670,109929,252,0,0,True,den520d-random-24.scen,620
620,den520d.map,planner,1,137798,109929,413,413,115670,109929,246,0,1,False,den520d-random-24.scen,620
620,den520d.map,planner,1,137596,109929,413,413,115042,109929,285,0,1,True,den520d-random-24.scen,620
620,den520d.map,planner,1,137798,109929,413,413,115670,109929,255,0,10,False,den520d-random-24.scen,620
620,den520d.map,planner,1,136759,109929,414,413,114842,109929,401,0,10,True,den520d-random-24.scen,620
620,den520d.map,planner,1,137798,109929,413,413,115670,109929,262,0,100,False,den520d-random-24.scen,620
620,den520d.map,planner,1,136488,109929,414,413,114682,109929,1104,0,100,True,den520d-random-24.scen,620
620,den520d.map,planner,1,137798,109929,413,413,115670,109929,258,0,1000,False,den520d-random-24.scen,620
620,den520d.map,planner,1,135924,109929,414,413,114518,109929,3825,0,1000,True,den520d-random-24.scen,620
660,den520d.map,planner,1,148263,116964,413,413,123425,116964,276,0,0,False,den520d-random-24.scen,660
660,den520d.map,planner,1,148263,116964,413,413,123425,116964,275,0,0,True,den520d-random-24.scen,660
660,den520d.map,planner,1,148263,116964,413,413,123425,116964,263,0,1,False,den520d-random-24.scen,660
660,den520d.map,planner,1,146335,116964,413,413,122914,116964,299,0,1,True,den520d-random-24.scen,660
660,den520d.map,planner,1,148263,116964,413,413,123425,116964,275,0,10,False,den520d-random-24.scen,660
660,den520d.map,planner,1,146208,116964,413,413,122505,116964,417,0,10,True,den520d-random-24.scen,660
660,den520d.map,planner,1,148263,116964,413,413,123425,116964,256,0,100,False,den520d-random-24.scen,660
660,den520d.map,planner,1,147124,116964,414,413,122218,116964,1066,0,100,True,den520d-random-24.scen,660
660,den520d.map,planner,1,148263,116964,413,413,123425,116964,266,0,1000,False,den520d-random-24.scen,660
660,den520d.map,planner,1,146153,116964,413,413,122289,116964,6757,0,1000,True,den520d-random-24.scen,660
700,den520d.map,planner,1,158231,124332,413,413,132090,124332,271,0,0,False,den520d-random-24.scen,700
700,den520d.map,planner,1,158231,124332,413,413,132090,124332,302,0,0,True,den520d-random-24.scen,700
700,den520d.map,planner,1,158231,124332,413,413,132090,124332,282,0,1,False,den520d-random-24.scen,700
700,den520d.map,planner,1,156239,124332,413,413,130736,124332,311,0,1,True,den520d-random-24.scen,700
700,den520d.map,planner,1,158231,124332,413,413,132090,124332,297,0,10,False,den520d-random-24.scen,700
700,den520d.map,planner,1,157148,124332,414,413,130633,124332,411,0,10,True,den520d-random-24.scen,700
700,den520d.map,planner,1,158231,124332,413,413,132090,124332,299,0,100,False,den520d-random-24.scen,700
700,den520d.map,planner,1,155390,124332,413,413,130431,124332,1619,0,100,True,den520d-random-24.scen,700
700,den520d.map,planner,1,158231,124332,413,413,132090,124332,298,0,1000,False,den520d-random-24.scen,700
700,den520d.map,planner,1,155819,124332,413,413,130441,124332,12391,0,1000,True,den520d-random-24.scen,700
740,den520d.map,planner,1,167086,130469,413,413,139008,130469,312,0,0,False,den520d-random-24.scen,740
740,den520d.map,planner,1,167086,130469,413,413,139008,130469,295,0,0,True,den520d-random-24.scen,740
740,den520d.map,planner,1,167086,130469,413,413,139008,130469,286,0,1,False,den520d-random-24.scen,740
740,den520d.map,planner,1,166181,130469,413,413,137468,130469,334,0,1,True,den520d-random-24.scen,740
740,den520d.map,planner,1,167086,130469,413,413,139008,130469,301,0,10,False,den520d-random-24.scen,740
740,den520d.map,planner,1,164990,130469,415,413,137657,130469,533,0,10,True,den520d-random-24.scen,740
740,den520d.map,planner,1,167086,130469,413,413,139008,130469,291,0,100,False,den520d-random-24.scen,740
740,den520d.map,planner,1,165259,130469,413,413,137420,130469,2330,0,100,True,den520d-random-24.scen,740
740,den520d.map,planner,1,167086,130469,413,413,139008,130469,300,0,1000,False,den520d-random-24.scen,740
740,den520d.map,planner,1,165366,130469,413,413,137361,130469,18244,0,1000,True,den520d-random-24.scen,740
780,den520d.map,planner,1,176632,135979,413,413,145555,135979,315,0,0,False,den520d-random-24.scen,780
780,den520d.map,planner,1,176632,135979,413,413,145555,135979,336,0,0,True,den520d-random-24.scen,780
780,den520d.map,planner,1,176632,135979,413,413,145555,135979,316,0,1,False,den520d-random-24.scen,780
780,den520d.map,planner,1,176740,135979,416,413,144694,135979,339,0,1,True,den520d-random-24.scen,780
780,den520d.map,planner,1,176632,135979,413,413,145555,135979,313,0,10,False,den520d-random-24.scen,780
780,den520d.map,planner,1,174331,135979,414,413,144329,135979,587,0,10,True,den520d-random-24.scen,780
780,den520d.map,planner,1,176632,135979,413,413,145555,135979,327,0,100,False,den520d-random-24.scen,780
780,den520d.map,planner,1,175698,135979,414,413,143701,135979,2699,0,100,True,den520d-random-24.scen,780
780,den520d.map,planner,1,176632,135979,413,413,145555,135979,310,0,1000,False,den520d-random-24.scen,780
780,den520d.map,planner,1,175442,135979,413,413,143874,135979,17611,0,1000,True,den520d-random-24.scen,780
820,den520d.map,planner,1,187779,143081,413,413,153492,143081,330,0,0,False,den520d-random-24.scen,820
820,den520d.map,planner,1,187779,143081,413,413,153492,143081,340,0,0,True,den520d-random-24.scen,820
820,den520d.map,planner,1,187779,143081,413,413,153492,143081,338,0,1,False,den520d-random-24.scen,820
820,den520d.map,planner,1,185235,143081,414,413,152119,143081,364,0,1,True,den520d-random-24.scen,820
820,den520d.map,planner,1,187779,143081,413,413,153492,143081,340,0,10,False,den520d-random-24.scen,820
820,den520d.map,planner,1,184700,143081,413,413,151981,143081,587,0,10,True,den520d-random-24.scen,820
820,den520d.map,planner,1,187779,143081,413,413,153492,143081,316,0,100,False,den520d-random-24.scen,820
820,den520d.map,planner,1,185418,143081,413,413,152033,143081,3042,0,100,True,den520d-random-24.scen,820
820,den520d.map,planner,1,187779,143081,413,413,153492,143081,337,0,1000,False,den520d-random-24.scen,820
820,den520d.map,planner,1,186810,143081,413,413,151968,143081,27493,0,1000,True,den520d-random-24.scen,820
860,den520d.map,planner,1,197844,150610,413,413,162100,150610,342,0,0,False,den520d-random-24.scen,860
860,den520d.map,planner,1,197844,150610,413,413,162100,150610,360,0,0,True,den520d-random-24.scen,860
860,den520d.map,planner,1,197844,150610,413,413,162100,150610,343,0,1,False,den520d-random-24.scen,860
860,den520d.map,planner,1,196327,150610,413,413,160750,150610,402,0,1,True,den520d-random-24.scen,860
860,den520d.map,planner,1,197844,150610,413,413,162100,150610,343,0,10,False,den520d-random-24.scen,860
860,den520d.map,planner,1,196207,150610,413,413,160155,150610,648,0,10,True,den520d-random-24.scen,860
860,den520d.map,planner,1,197844,150610,413,413,162100,150610,339,0,100,False,den520d-random-24.scen,860
860,den520d.map,planner,1,196829,150610,413,413,159962,150610,3032,0,100,True,den520d-random-24.scen,860
860,den520d.map,planner,1,197844,150610,413,413,162100,150610,337,0,1000,False,den520d-random-24.scen,860
860,den520d.map,planner,1,194846,150610,413,413,159867,150610,26149,0,1000,True,den520d-random-24.scen,860
900,den520d.map,planner,1,210244,157986,413,413,171350,157986,362,0,0,False,den520d-random-24.scen,900
900,den520d.map,planner,1,210244,157986,413,413,171350,157986,362,0,0,True,den520d-random-24.scen,900
900,den520d.map,planner,1,210244,157986,413,413,171350,157986,356,0,1,False,den520d-random-24.scen,900
900,den520d.map,planner,1,208076,157986,413,413,169606,157986,419,0,1,True,den520d-random-24.scen,900
900,den520d.map,planner,1,210244,157986,413,413,171350,157986,369,0,10,False,den520d-random-24.scen,900
900,den520d.map,planner,1,207740,157986,415,413,169283,157986,713,0,10,True,den520d-random-24.scen,900
900,den520d.map,planner,1,210244,157986,413,413,171350,157986,358,0,100,False,den520d-random-24.scen,900
900,den520d.map,planner,1,206133,157986,413,413,168777,157986,3482,0,100,True,den520d-random-24.scen,900
900,den520d.map,planner,1,210244,157986,413,413,171350,157986,385,0,1000,False,den520d-random-24.scen,900
900,den520d.map,planner,1,206406,157986,413,413,168613,157986,29748,0,1000,True,den520d-random-24.scen,900
940,den520d.map,planner,1,218239,164881,413,413,178601,164881,373,0,0,False,den520d-random-24.scen,940
940,den520d.map,planner,1,218239,164881,413,413,178601,164881,372,0,0,True,den520d-random-24.scen,940
940,den520d.map,planner,1,218239,164881,413,413,178601,164881,381,0,1,False,den520d-random-24.scen,940
940,den520d.map,planner,1,219727,164881,415,413,177857,164881,414,0,1,True,den520d-random-24.scen,940
940,den520d.map,planner,1,218239,164881,413,413,178601,164881,385,0,10,False,den520d-random-24.scen,940
940,den520d.map,planner,1,218356,164881,413,413,177220,164881,772,0,10,True,den520d-random-24.scen,940
940,den520d.map,planner,1,218239,164881,413,413,178601,164881,382,0,100,False,den520d-random-24.scen,940
940,den520d.map,planner,1,218603,164881,421,413,177565,164881,4288,0,100,True,den520d-random-24.scen,940
940,den520d.map,planner,1,218239,164881,413,413,178601,164881,373,0,1000,False,den520d-random-24.scen,940
940,den520d.map,planner,1,218714,164881,413,413,177229,164881,33930,0,1000,True,den520d-random-24.scen,940
980,den520d.map,planner,1,230616,171507,413,413,186764,171507,399,0,0,False,den520d-random-24.scen,980
980,den520d.map,planner,1,230616,171507,413,413,186764,171507,404,0,0,True,den520d-random-24.scen,980
980,den520d.map,planner,1,230616,171507,413,413,186764,171507,384,0,1,False,den520d-random-24.scen,980
980,den520d.map,planner,1,230993,171507,413,413,185600,171507,439,0,1,True,den520d-random-24.scen,980
980,den520d.map,planner,1,230616,171507,413,413,186764,171507,409,0,10,False,den520d-random-24.scen,980
980,den520d.map,planner,1,229459,171507,413,413,185442,171507,810,0,10,True,den520d-random-24.scen,980
980,den520d.map,planner,1,230616,171507,413,413,186764,171507,404,0,100,False,den520d-random-24.scen,980
980,den520d.map,planner,1,230010,171507,413,413,184869,171507,3720,0,100,True,den520d-random-24.scen,980
980,den520d.map,planner,1,230616,171507,413,413,186764,171507,398,0,1000,False,den520d-random-24.scen,980
980,den520d.map,planner,1,225155,171507,424,413,183922,171507,32382,0,1000,True,den520d-random-24.scen,980
