agents,map_file,solver,solved,soc,soc_lb,makespan,makespan_lb,sum_of_loss,sum_of_loss_lb,comp_time,seed,Opti_Deadline,Bool_Opti,Scenario_File,N
20,ht_chantry.map,planner,1,2153,2005,171,171,2046,2005,3,0,0,False,ht_chantry-random-5.scen,20
20,ht_chantry.map,planner,1,2153,2005,171,171,2046,2005,3,0,0,True,ht_chantry-random-5.scen,20
20,ht_chantry.map,planner,1,2153,2005,171,171,2046,2005,2,0,1,False,ht_chantry-random-5.scen,20
20,ht_chantry.map,planner,1,2153,2005,171,171,2046,2005,2,0,1,True,ht_chantry-random-5.scen,20
20,ht_chantry.map,planner,1,2153,2005,171,171,2046,2005,2,0,10,False,ht_chantry-random-5.scen,20
20,ht_chantry.map,planner,1,2153,2005,171,171,2046,2005,2,0,10,True,ht_chantry-random-5.scen,20
20,ht_chantry.map,planner,1,2153,2005,171,171,2046,2005,2,0,100,False,ht_chantry-random-5.scen,20
20,ht_chantry.map,planner,1,2153,2005,171,171,2046,2005,2,0,100,True,ht_chantry-random-5.scen,20
20,ht_chantry.map,planner,1,2153,2005,171,171,2046,2005,2,0,1000,False,ht_chantry-random-5.scen,20
20,ht_chantry.map,planner,1,2153,2005,171,171,2046,2005,2,0,1000,True,ht_chantry-random-5.scen,20
60,ht_chantry.map,planner,1,6525,6141,203,203,6398,6141,8,0,0,False,ht_chantry-random-5.scen,60
60,ht_chantry.map,planner,1,6525,6141,203,203,6398,6141,8,0,0,True,ht_chantry-random-5.scen,60
60,ht_chantry.map,planner,1,6525,6141,203,203,6398,6141,7,0,1,False,ht_chantry-random-5.scen,60
60,ht_chantry.map,planner,1,7080,6141,203,203,6408,6141,8,0,1,True,ht_chantry-random-5.scen,60
60,ht_chantry.map,planner,1,6525,6141,203,203,6398,6141,8,0,10,False,ht_chantry-random-5.scen,60
60,ht_chantry.map,planner,1,7080,6141,203,203,6408,6141,7,0,10,True,ht_chantry-random-5.scen,60
60,ht_chantry.map,planner,1,6525,6141,203,203,6398,6141,7,0,100,False,ht_chantry-random-5.scen,60
60,ht_chantry.map,planner,1,7080,6141,203,203,6408,6141,8,0,100,True,ht_chantry-random-5.scen,60
60,ht_chantry.map,planner,1,6525,6141,203,203,6398,6141,8,0,1000,False,ht_chantry-random-5.scen,60
60,ht_chantry.map,planner,1,7080,6141,203,203,6408,6141,8,0,1000,True,ht_chantry-random-5.scen,60
100,ht_chantry.map,planner,1,11832,9892,203,203,10486,9892,14,0,0,False,ht_chantry-random-5.scen,100
100,ht_chantry.map,planner,1,11832,9892,203,203,10486,9892,13,0,0,True,ht_chantry-random-5.scen,100
100,ht_chantry.map,planner,1,11832,9892,203,203,10486,9892,15,0,1,False,ht_chantry-random-5.scen,100
100,ht_chantry.map,planner,1,11589,9892,209,203,10466,9892,15,0,1,True,ht_chantry-random-5.scen,100
100,ht_chantry.map,planner,1,11832,9892,203,203,10486,9892,14,0,10,False,ht_chantry-random-5.scen,100
100,ht_chantry.map,planner,1,11589,9892,209,203,10466,9892,14,0,10,True,ht_chantry-random-5.scen,100
100,ht_chantry.map,planner,1,11832,9892,203,203,10486,9892,13,0,100,False,ht_chantry-random-5.scen,100
100,ht_chantry.map,planner,1,11589,9892,209,203,10466,9892,14,0,100,True,ht_chantry-random-5.scen,100
100,ht_chantry.map,planner,1,11832,9892,203,203,10486,9892,13,0,1000,False,ht_chantry-random-5.scen,100
100,ht_chantry.map,planner,1,11589,9892,209,203,10466,9892,26,0,1000,True,ht_chantry-random-5.scen,100
140,ht_chantry.map,planner,1,17460,14076,203,203,15323,14076,20,0,0,False,ht_chantry-random-5.scen,140
140,ht_chantry.map,planner,1,17460,14076,203,203,15323,14076,20,0,0,True,ht_chantry-random-5.scen,140
140,ht_chantry.map,planner,1,17460,14076,203,203,15323,14076,20,0,1,False,ht_chantry-random-5.scen,140
140,ht_chantry.map,planner,1,17238,14076,203,203,14974,14076,23,0,1,True,ht_chantry-random-5.scen,140
140,ht_chantry.map,planner,1,17460,14076,203,203,15323,14076,18,0,10,False,ht_chantry-random-5.scen,140
140,ht_chantry.map,planner,1,17238,14076,203,203,14974,14076,21,0,10,True,ht_chantry-random-5.scen,140
140,ht_chantry.map,planner,1,17460,14076,203,203,15323,14076,20,0,100,False,ht_chantry-random-5.scen,140
140,ht_chantry.map,planner,1,17238,14076,203,203,14974,14076,21,0,100,True,ht_chantry-random-5.scen,140
140,ht_chantry.map,planner,1,17460,14076,203,203,15323,14076,21,0,1000,False,ht_chantry-random-5.scen,140
140,ht_chantry.map,planner,1,17238,14076,203,203,14974,14076,23,0,1000,True,ht_chantry-random-5.scen,140
180,ht_chantry.map,planner,1,22426,17785,203,203,19609,17785,25,0,0,False,ht_chantry-random-5.scen,180
180,ht_chantry.map,planner,1,22426,17785,203,203,19609,17785,27,0,0,True,ht_chantry-random-5.scen,180
180,ht_chantry.map,planner,1,22426,17785,203,203,19609,17785,27,0,1,False,ht_chantry-random-5.scen,180
180,ht_chantry.map,planner,1,21716,17785,203,203,19056,17785,38,0,1,True,ht_chantry-random-5.scen,180
180,ht_chantry.map,planner,1,22426,17785,203,203,19609,17785,26,0,10,False,ht_chantry-random-5.scen,180
180,ht_chantry.map,planner,1,21711,17785,203,203,19009,17785,34,0,10,True,ht_chantry-random-5.scen,180
180,ht_chantry.map,planner,1,22426,17785,203,203,19609,17785,26,0,100,False,ht_chantry-random-5.scen,180
180,ht_chantry.map,planner,1,21711,17785,203,203,19009,17785,32,0,100,True,ht_chantry-random-5.scen,180
180,ht_chantry.map,planner,1,22426,17785,203,203,19609,17785,26,0,1000,False,ht_chantry-random-5.scen,180
180,ht_chantry.map,planner,1,21711,17785,203,203,19009,17785,33,0,1000,True,ht_chantry-random-5.scen,180
220,ht_chantry.map,planner,1,27865,21429,203,203,23723,21429,31,0,0,False,ht_chantry-random-5.scen,220
220,ht_chantry.map,planner,1,27865,21429,203,203,23723,21429,30,0,0,True,ht_chantry-random-5.scen,220
220,ht_chantry.map,planner,1,27865,21429,203,203,23723,21429,30,0,1,False,ht_chantry-random-5.scen,220
220,ht_chantry.map,planner,1,27007,21429,211,203,23150,21429,59,0,1,True,ht_chantry-random-5.scen,220
220,ht_chantry.map,planner,1,27865,21429,203,203,23723,21429,30,0,10,False,ht_chantry-random-5.scen,220
220,ht_chantry.map,planner,1,27395,21429,210,203,23080,21429,185,0,10,True,ht_chantry-random-5.scen,220
220,ht_chantry.map,planner,1,27865,21429,203,203,23723,21429,33,0,100,False,ht_chantry-random-5.scen,220
220,ht_chantry.map,planner,1,26857,21429,213,203,23041,21429,532,0,100,True,ht_chantry-random-5.scen,220
220,ht_chantry.map,planner,1,27865,21429,203,203,23723,21429,33,0,1000,False,ht_chantry-random-5.scen,220
220,ht_chantry.map,planner,1,27302,21429,212,203,23066,21429,1793,0,1000,True,ht_chantry-random-5.scen,220
260,ht_chantry.map,planner,1,33987,25650,203,203,29117,25650,37,0,0,False,ht_chantry-random-5.scen,260
260,ht_chantry.map,planner,1,33987,25650,203,203,29117,25650,38,0,0,True,ht_chantry-random-5.scen,260
260,ht_chantry.map,planner,1,33987,25650,203,203,29117,25650,38,0,1,False,ht_chantry-random-5.scen,260
260,ht_chantry.map,planner,1,32576,25650,206,203,27845,25650,78,0,1,True,ht_chantry-random-5.scen,260
260,ht_chantry.map,planner,1,33987,25650,203,203,29117,25650,37,0,10,False,ht_chantry-random-5.scen,260
260,ht_chantry.map,planner,1,32386,25650,205,203,27871,25650,384,0,10,True,ht_chantry-random-5.scen,260
260,ht_chantry.map,planner,1,33987,25650,203,203,29117,25650,39,0,100,False,ht_chantry-random-5.scen,260
260,ht_chantry.map,planner,1,32477,25650,205,203,27773,25650,2063,0,100,True,ht_chantry-random-5.scen,260
260,ht_chantry.map,planner,1,33987,25650,203,203,29117,25650,38,0,1000,False,ht_chantry-random-5.scen,260
260,ht_chantry.map,planner,1,32361,25650,206,203,27779,25650,13041,0,1000,True,ht_chantry-random-5.scen,260
300,ht_chantry.map,planner,1,39314,29432,203,203,33620,29432,42,0,0,False,ht_chantry-random-5.scen,300
300,ht_chantry.map,planner,1,39314,29432,203,203,33620,29432,44,0,0,True,ht_chantry-random-5.scen,300
300,ht_chantry.map,planner,1,39314,29432,203,203,33620,29432,40,0,1,False,ht_chantry-random-5.scen,300
300,ht_chantry.map,planner,1,37471,29432,205,203,32362,29432,94,0,1,True,ht_chantry-random-5.scen,300
300,ht_chantry.map,planner,1,39314,29432,203,203,33620,29432,41,0,10,False,ht_chantry-random-5.scen,300
300,ht_chantry.map,planner,1,37778,29432,205,203,32510,29432,494,0,10,True,ht_chantry-random-5.scen,300
300,ht_chantry.map,planner,1,39314,29432,203,203,33620,29432,45,0,100,False,ht_chantry-random-5.scen,300
300,ht_chantry.map,planner,1,37633,29432,203,203,32193,29432,3020,0,100,True,ht_chantry-random-5.scen,300
300,ht_chantry.map,planner,1,39314,29432,203,203,33620,29432,42,0,1000,False,ht_chantry-random-5.scen,300
300,ht_chantry.map,planner,1,37580,29432,205,203,32199,29432,23765,0,1000,True,ht_chantry-random-5.scen,300
340,ht_chantry.map,planner,1,45512,32783,204,203,38464,32783,50,0,0,False,ht_chantry-random-5.scen,340
340,ht_chantry.map,planner,1,45512,32783,204,203,38464,32783,50,0,0,True,ht_chantry-random-5.scen,340
340,ht_chantry.map,planner,1,45512,32783,204,203,38464,32783,49,0,1,False,ht_chantry-random-5.scen,340
340,ht_chantry.map,planner,1,43673,32783,210,203,36945,32783,111,0,1,True,ht_chantry-random-5.scen,340
340,ht_chantry.map,planner,1,45512,32783,204,203,38464,32783,51,0,10,False,ht_chantry-random-5.scen,340
340,ht_chantry.map,planner,1,43408,32783,210,203,36926,32783,557,0,10,True,ht_chantry-random-5.scen,340
340,ht_chantry.map,planner,1,45512,32783,204,203,38464,32783,48,0,100,False,ht_chantry-random-5.scen,340
340,ht_chantry.map,planner,1,43518,32783,210,203,37046,32783,5222,0,100,True,ht_chantry-random-5.scen,340
340,ht_chantry.map,planner,1,45512,32783,204,203,38464,32783,49,0,1000,False,ht_chantry-random-5.scen,340
340,ht_chantry.map,planner,1,42749,32783,208,203,36716,32783,43584,0,1000,True,ht_chantry-random-5.scen,340
380,ht_chantry.map,planner,1,51711,36536,204,203,43494,36536,57,0,0,False,ht_chantry-random-5.scen,380
380,ht_chantry.map,planner,1,51711,36536,204,203,43494,36536,57,0,0,True,ht_chantry-random-5.scen,380
380,ht_chantry.map,planner,1,51711,36536,204,203,43494,36536,57,0,1,False,ht_chantry-random-5.scen,380
380,ht_chantry.map,planner,1,48445,36536,204,203,41592,36536,126,0,1,True,ht_chantry-random-5.scen,380
380,ht_chantry.map,planner,1,51711,36536,204,203,43494,36536,55,0,10,False,ht_chantry-random-5.scen,380
380,ht_chantry.map,planner,1,48211,36536,211,203,41535,36536,614,0,10,True,ht_chantry-random-5.scen,380
380,ht_chantry.map,planner,1,51711,36536,204,203,43494,36536,55,0,100,False,ht_chantry-random-5.scen,380
380,ht_chantry.map,planner,1,49270,36536,205,203,41757,36536,5115,0,100,True,ht_chantry-random-5.scen,380
380,ht_chantry.map,planner,1,51711,36536,204,203,43494,36536,56,0,1000,False,ht_chantry-random-5.scen,380
380,ht_chantry.map,planner,1,47875,36536,219,203,40932,36536,41258,0,1000,True,ht_chantry-random-5.scen,380
420,ht_chantry.map,planner,1,58109,40412,203,203,48669,40412,62,0,0,False,ht_chantry-random-5.scen,420
420,ht_chantry.map,planner,1,58109,40412,203,203,48669,40412,69,0,0,True,ht_chantry-random-5.scen,420
420,ht_chantry.map,planner,1,58109,40412,203,203,48669,40412,64,0,1,False,ht_chantry-random-5.scen,420
420,ht_chantry.map,planner,1,55995,40412,214,203,47647,40412,157,0,1,True,ht_chantry-random-5.scen,420
420,ht_chantry.map,planner,1,58109,40412,203,203,48669,40412,63,0,10,False,ht_chantry-random-5.scen,420
420,ht_chantry.map,planner,1,54929,40412,207,203,46667,40412,705,0,10,True,ht_chantry-random-5.scen,420
420,ht_chantry.map,planner,1,58109,40412,203,203,48669,40412,67,0,100,False,ht_chantry-random-5.scen,420
420,ht_chantry.map,planner,1,55152,40412,209,203,47222,40412,6714,0,100,True,ht_chantry-random-5.scen,420
420,ht_chantry.map,planner,1,58109,40412,203,203,48669,40412,66,0,1000,False,ht_chantry-random-5.scen,420
460,ht_chantry.map,planner,1,64965,44121,228,203,54034,44121,71,0,0,False,ht_chantry-random-5.scen,460
460,ht_chantry.map,planner,1,64965,44121,228,203,54034,44121,75,0,0,True,ht_chantry-random-5.scen,460
460,ht_chantry.map,planner,1,64965,44121,228,203,54034,44121,72,0,1,False,ht_chantry-random-5.scen,460
460,ht_chantry.map,planner,1,61830,44121,208,203,52394,44121,172,0,1,True,ht_chantry-random-5.scen,460
460,ht_chantry.map,planner,1,64965,44121,228,203,54034,44121,74,0,10,False,ht_chantry-random-5.scen,460
460,ht_chantry.map,planner,1,60860,44121,203,203,51962,44121,893,0,10,True,ht_chantry-random-5.scen,460
460,ht_chantry.map,planner,1,64965,44121,228,203,54034,44121,69,0,100,False,ht_chantry-random-5.scen,460
460,ht_chantry.map,planner,1,60561,44121,211,203,51855,44121,7169,0,100,True,ht_chantry-random-5.scen,460
460,ht_chantry.map,planner,1,64965,44121,228,203,54034,44121,74,0,1000,False,ht_chantry-random-5.scen,460
500,ht_chantry.map,planner,1,73985,48016,223,203,61106,48016,78,0,0,False,ht_chantry-random-5.scen,500
500,ht_chantry.map,planner,1,73985,48016,223,203,61106,48016,85,0,0,True,ht_chantry-random-5.scen,500
500,ht_chantry.map,planner,1,73985,48016,223,203,61106,48016,85,0,1,False,ht_chantry-random-5.scen,500
500,ht_chantry.map,planner,1,70311,48016,209,203,58478,48016,199,0,1,True,ht_chantry-random-5.scen,500
500,ht_chantry.map,planner,1,73985,48016,223,203,61106,48016,78,0,10,False,ht_chantry-random-5.scen,500
500,ht_chantry.map,planner,1,69946,48016,215,203,58589,48016,1179,0,10,True,ht_chantry-random-5.scen,500
500,ht_chantry.map,planner,1,73985,48016,223,203,61106,48016,78,0,100,False,ht_chantry-random-5.scen,500
500,ht_chantry.map,planner,1,68960,48016,210,203,57882,48016,9386,0,100,True,ht_chantry-random-5.scen,500
500,ht_chantry.map,planner,1,73985,48016,223,203,61106,48016,77,0,1000,False,ht_chantry-random-5.scen,500
540,ht_chantry.map,planner,1,82955,52207,233,203,67618,52207,91,0,0,False,ht_chantry-random-5.scen,540
540,ht_chantry.map,planner,1,82955,52207,233,203,67618,52207,91,0,0,True,ht_chantry-random-5.scen,540
540,ht_chantry.map,planner,1,82955,52207,233,203,67618,52207,86,0,1,False,ht_chantry-random-5.scen,540
540,ht_chantry.map,planner,1,80222,52207,229,203,66002,52207,224,0,1,True,ht_chantry-random-5.scen,540
540,ht_chantry.map,planner,1,82955,52207,233,203,67618,52207,85,0,10,False,ht_chantry-random-5.scen,540
540,ht_chantry.map,planner,1,78346,52207,219,203,64537,52207,1218,0,10,True,ht_chantry-random-5.scen,540
540,ht_chantry.map,planner,1,82955,52207,233,203,67618,52207,89,0,100,False,ht_chantry-random-5.scen,540
540,ht_chantry.map,planner,1,77119,52207,224,203,63970,52207,9804,0,100,True,ht_chantry-random-5.scen,540
540,ht_chantry.map,planner,1,82955,52207,233,203,67618,52207,90,0,1000,False,ht_chantry-random-5.scen,540
20,ht_chantry.map,planner,1,1708,1693,190,190,1708,1693,3,0,0,False,ht_chantry-random-12.scen,20
20,ht_chantry.map,planner,1,1708,1693,190,190,1708,1693,3,0,0,True,ht_chantry-random-12.scen,20
20,ht_chantry.map,planner,1,1708,1693,190,190,1708,1693,2,0,1,False,ht_chantry-random-12.scen,20
20,ht_chantry.map,planner,1,1708,1693,190,190,1708,1693,2,0,1,True,ht_chantry-random-12.scen,20
20,ht_chantry.map,planner,1,1708,1693,190,190,1708,1693,2,0,10,False,ht_chantry-random-12.scen,20
20,ht_chantry.map,planner,1,1708,1693,190,190,1708,1693,3,0,10,True,ht_chantry-random-12.scen,20
20,ht_chantry.map,planner,1,1708,1693,190,190,1708,1693,2,0,100,False,ht_chantry-random-12.scen,20
20,ht_chantry.map,planner,1,1708,1693,190,190,1708,1693,2,0,100,True,ht_chantry-random-12.scen,20
20,ht_chantry.map,planner,1,1708,1693,190,190,1708,1693,2,0,1000,False,ht_chantry-random-12.scen,20
20,ht_chantry.map,planner,1,1708,1693,190,190,1708,1693,2,0,1000,True,ht_chantry-random-12.scen,20
60,ht_chantry.map,planner,1,5796,5191,190,190,5416,5191,7,0,0,False,ht_chantry-random-12.scen,60
60,ht_chantry.map,planner,1,5796,5191,190,190,5416,5191,8,0,0,True,ht_chantry-random-12.scen,60
60,ht_chantry.map,planner,1,5796,5191,190,190,5416,5191,6,0,1,False,ht_chantry-random-12.scen,60
60,ht_chantry.map,planner,1,5842,5191,190,190,5419,5191,8,0,1,True,ht_chantry-random-12.scen,60
60,ht_chantry.map,planner,1,5796,5191,190,190,5416,5191,6,0,10,False,ht_chantry-random-12.scen,60
60,ht_chantry.map,planner,1,5842,5191,190,190,5419,5191,7,0,10,True,ht_chantry-random-12.scen,60
60,ht_chantry.map,planner,1,5796,5191,190,190,5416,5191,7,0,100,False,ht_chantry-random-12.scen,60
60,ht_chantry.map,planner,1,5842,5191,190,190,5419,5191,7,0,100,True,ht_chantry-random-12.scen,60
60,ht_chantry.map,planner,1,5796,5191,190,190,5416,5191,6,0,1000,False,ht_chantry-random-12.scen,60
60,ht_chantry.map,planner,1,5842,5191,190,190,5419,5191,7,0,1000,True,ht_chantry-random-12.scen,60
100,ht_chantry.map,planner,1,10184,8786,190,190,9260,8786,13,0,0,False,ht_chantry-random-12.scen,100
100,ht_chantry.map,planner,1,10184,8786,190,190,9260,8786,13,0,0,True,ht_chantry-random-12.scen,100
100,ht_chantry.map,planner,1,10184,8786,190,190,9260,8786,11,0,1,False,ht_chantry-random-12.scen,100
100,ht_chantry.map,planner,1,10088,8786,190,190,9250,8786,12,0,1,True,ht_chantry-random-12.scen,100
100,ht_chantry.map,planner,1,10184,8786,190,190,9260,8786,12,0,10,False,ht_chantry-random-12.scen,100
100,ht_chantry.map,planner,1,10088,8786,190,190,9250,8786,13,0,10,True,ht_chantry-random-12.scen,100
100,ht_chantry.map,planner,1,10184,8786,190,190,9260,8786,12,0,100,False,ht_chantry-random-12.scen,100
100,ht_chantry.map,planner,1,10088,8786,190,190,9250,8786,12,0,100,True,ht_chantry-random-12.scen,100
100,ht_chantry.map,planner,1,10184,8786,190,190,9260,8786,11,0,1000,False,ht_chantry-random-12.scen,100
100,ht_chantry.map,planner,1,10088,8786,190,190,9250,8786,12,0,1000,True,ht_chantry-random-12.scen,100
140,ht_chantry.map,planner,1,15724,12705,195,195,13869,12705,18,0,0,False,ht_chantry-random-12.scen,140
140,ht_chantry.map,planner,1,15724,12705,195,195,13869,12705,17,0,0,True,ht_chantry-random-12.scen,140
140,ht_chantry.map,planner,1,15724,12705,195,195,13869,12705,17,0,1,False,ht_chantry-random-12.scen,140
140,ht_chantry.map,planner,1,15276,12705,195,195,13599,12705,21,0,1,True,ht_chantry-random-12.scen,140
140,ht_chantry.map,planner,1,15724,12705,195,195,13869,12705,18,0,10,False,ht_chantry-random-12.scen,140
140,ht_chantry.map,planner,1,15307,12705,195,195,13592,12705,22,0,10,True,ht_chantry-random-12.scen,140
140,ht_chantry.map,planner,1,15724,12705,195,195,13869,12705,19,0,100,False,ht_chantry-random-12.scen,140
140,ht_chantry.map,planner,1,15307,12705,195,195,13592,12705,23,0,100,True,ht_chantry-random-12.scen,140
140,ht_chantry.map,planner,1,15724,12705,195,195,13869,12705,19,0,1000,False,ht_chantry-random-12.scen,140
140,ht_chantry.map,planner,1,15307,12705,195,195,13592,12705,22,0,1000,True,ht_chantry-random-12.scen,140
180,ht_chantry.map,planner,1,20776,16810,195,195,18478,16810,22,0,0,False,ht_chantry-random-12.scen,180
180,ht_chantry.map,planner,1,20776,16810,195,195,18478,16810,22,0,0,True,ht_chantry-random-12.scen,180
180,ht_chantry.map,planner,1,20776,16810,195,195,18478,16810,24,0,1,False,ht_chantry-random-12.scen,180
180,ht_chantry.map,planner,1,20453,16810,195,195,18241,16810,47,0,1,True,ht_chantry-random-12.scen,180
180,ht_chantry.map,planner,1,20776,16810,195,195,18478,16810,24,0,10,False,ht_chantry-random-12.scen,180
180,ht_chantry.map,planner,1,20397,16810,196,195,18242,16810,121,0,10,True,ht_chantry-random-12.scen,180
180,ht_chantry.map,planner,1,20776,16810,195,195,18478,16810,24,0,100,False,ht_chantry-random-12.scen,180
180,ht_chantry.map,planner,1,20323,16810,195,195,18181,16810,244,0,100,True,ht_chantry-random-12.scen,180
180,ht_chantry.map,planner,1,20776,16810,195,195,18478,16810,22,0,1000,False,ht_chantry-random-12.scen,180
180,ht_chantry.map,planner,1,20323,16810,195,195,18181,16810,294,0,1000,True,ht_chantry-random-12.scen,180
220,ht_chantry.map,planner,1,26143,20710,195,195,23178,20710,30,0,0,False,ht_chantry-random-12.scen,220
220,ht_chantry.map,planner,1,26143,20710,195,195,23178,20710,29,0,0,True,ht_chantry-random-12.scen,220
220,ht_chantry.map,planner,1,26143,20710,195,195,23178,20710,32,0,1,False,ht_chantry-random-12.scen,220
220,ht_chantry.map,planner,1,25639,20710,195,195,22491,20710,58,0,1,True,ht_chantry-random-12.scen,220
220,ht_chantry.map,planner,1,26143,20710,195,195,23178,20710,32,0,10,False,ht_chantry-random-12.scen,220
220,ht_chantry.map,planner,1,25825,20710,196,195,22514,20710,179,0,10,True,ht_chantry-random-12.scen,220
220,ht_chantry.map,planner,1,26143,20710,195,195,23178,20710,31,0,100,False,ht_chantry-random-12.scen,220
220,ht_chantry.map,planner,1,25857,20710,198,195,22497,20710,553,0,100,True,ht_chantry-random-12.scen,220
220,ht_chantry.map,planner,1,26143,20710,195,195,23178,20710,31,0,1000,False,ht_chantry-random-12.scen,220
220,ht_chantry.map,planner,1,25628,20710,201,195,22466,20710,1457,0,1000,True,ht_chantry-random-12.scen,220
260,ht_chantry.map,planner,1,32374,24686,195,195,27889,24686,38,0,0,False,ht_chantry-random-12.scen,260
260,ht_chantry.map,planner,1,32374,24686,195,195,27889,24686,35,0,0,True,ht_chantry-random-12.scen,260
260,ht_chantry.map,planner,1,32374,24686,195,195,27889,24686,35,0,1,False,ht_chantry-random-12.scen,260
260,ht_chantry.map,planner,1,31120,24686,202,195,27232,24686,82,0,1,True,ht_chantry-random-12.scen,260
260,ht_chantry.map,planner,1,32374,24686,195,195,27889,24686,36,0,10,False,ht_chantry-random-12.scen,260
260,ht_chantry.map,planner,1,30874,24686,198,195,26993,24686,392,0,10,True,ht_chantry-random-12.scen,260
260,ht_chantry.map,planner,1,32374,24686,195,195,27889,24686,35,0,100,False,ht_chantry-random-12.scen,260
260,ht_chantry.map,planner,1,30682,24686,199,195,27015,24686,2448,0,100,True,ht_chantry-random-12.scen,260
260,ht_chantry.map,planner,1,32374,24686,195,195,27889,24686,38,0,1000,False,ht_chantry-random-12.scen,260
260,ht_chantry.map,planner,1,30530,24686,199,195,26955,24686,14959,0,1000,True,ht_chantry-random-12.scen,260
300,ht_chantry.map,planner,1,37905,28221,199,196,32526,28221,44,0,0,False,ht_chantry-random-12.scen,300
300,ht_chantry.map,planner,1,37905,28221,199,196,32526,28221,45,0,0,True,ht_chantry-random-12.scen,300
300,ht_chantry.map,planner,1,37905,28221,199,196,32526,28221,41,0,1,False,ht_chantry-random-12.scen,300
300,ht_chantry.map,planner,1,36574,28221,200,196,31626,28221,98,0,1,True,ht_chantry-random-12.scen,300
300,ht_chantry.map,planner,1,37905,28221,199,196,32526,28221,42,0,10,False,ht_chantry-random-12.scen,300
300,ht_chantry.map,planner,1,35636,28221,201,196,31196,28221,433,0,10,True,ht_chantry-random-12.scen,300
300,ht_chantry.map,planner,1,37905,28221,199,196,32526,28221,43,0,100,False,ht_chantry-random-12.scen,300
300,ht_chantry.map,planner,1,36028,28221,202,196,31052,28221,2991,0,100,True,ht_chantry-random-12.scen,300
300,ht_chantry.map,planner,1,37905,28221,199,196,32526,28221,44,0,1000,False,ht_chantry-random-12.scen,300
300,ht_chantry.map,planner,1,35389,28221,204,196,31033,28221,25784,0,1000,True,ht_chantry-random-12.scen,300
340,ht_chantry.map,planner,1,44548,32145,205,196,37968,32145,55,0,0,False,ht_chantry-random-12.scen,340
340,ht_chantry.map,planner,1,44548,32145,205,196,37968,32145,54,0,0,True,ht_chantry-random-12.scen,340
340,ht_chantry.map,planner,1,44548,32145,205,196,37968,32145,49,0,1,False,ht_chantry-random-12.scen,340
340,ht_chantry.map,planner,1,43018,32145,206,196,36894,32145,124,0,1,True,ht_chantry-random-12.scen,340
340,ht_chantry.map,planner,1,44548,32145,205,196,37968,32145,50,0,10,False,ht_chantry-random-12.scen,340
340,ht_chantry.map,planner,1,42940,32145,207,196,36781,32145,670,0,10,True,ht_chantry-random-12.scen,340
340,ht_chantry.map,planner,1,44548,32145,205,196,37968,32145,52,0,100,False,ht_chantry-random-12.scen,340
340,ht_chantry.map,planner,1,41430,32145,200,196,36158,32145,4474,0,100,True,ht_chantry-random-12.scen,340
340,ht_chantry.map,planner,1,44548,32145,205,196,37968,32145,52,0,1000,False,ht_chantry-random-12.scen,340
340,ht_chantry.map,planner,1,42400,32145,201,196,36311,32145,45940,0,1000,True,ht_chantry-random-12.scen,340
380,ht_chantry.map,planner,1,50055,35809,197,196,42842,35809,54,0,0,False,ht_chantry-random-12.scen,380
380,ht_chantry.map,planner,1,50055,35809,197,196,42842,35809,58,0,0,True,ht_chantry-random-12.scen,380
380,ht_chantry.map,planner,1,50055,35809,197,196,42842,35809,55,0,1,False,ht_chantry-random-12.scen,380
380,ht_chantry.map,planner,1,47850,35809,204,196,41113,35809,136,0,1,True,ht_chantry-random-12.scen,380
380,ht_chantry.map,planner,1,50055,35809,197,196,42842,35809,56,0,10,False,ht_chantry-random-12.scen,380
380,ht_chantry.map,planner,1,47838,35809,203,196,40834,35809,639,0,10,True,ht_chantry-random-12.scen,380
380,ht_chantry.map,planner,1,50055,35809,197,196,42842,35809,62,0,100,False,ht_chantry-random-12.scen,380
380,ht_chantry.map,planner,1,48116,35809,209,196,41386,35809,6204,0,100,True,ht_chantry-random-12.scen,380
380,ht_chantry.map,planner,1,50055,35809,197,196,42842,35809,57,0,1000,False,ht_chantry-random-12.scen,380
380,ht_chantry.map,planner,1,47395,35809,207,196,40693,35809,47582,0,1000,True,ht_chantry-random-12.scen,380
420,ht_chantry.map,planner,1,58304,39659,216,196,48914,39659,65,0,0,False,ht_chantry-random-12.scen,420
420,ht_chantry.map,planner,1,58304,39659,216,196,48914,39659,67,0,0,True,ht_chantry-random-12.scen,420
420,ht_chantry.map,planner,1,58304,39659,216,196,48914,39659,66,0,1,False,ht_chantry-random-12.scen,420
420,ht_chantry.map,planner,1,55480,39659,216,196,47302,39659,158,0,1,True,ht_chantry-random-12.scen,420
420,ht_chantry.map,planner,1,58304,39659,216,196,48914,39659,64,0,10,False,ht_chantry-random-12.scen,420
420,ht_chantry.map,planner,1,55252,39659,209,196,46733,39659,884,0,10,True,ht_chantry-random-12.scen,420
420,ht_chantry.map,planner,1,58304,39659,216,196,48914,39659,66,0,100,False,ht_chantry-random-12.scen,420
420,ht_chantry.map,planner,1,55464,39659,204,196,46893,39659,7267,0,100,True,ht_chantry-random-12.scen,420
420,ht_chantry.map,planner,1,58304,39659,216,196,48914,39659,63,0,1000,False,ht_chantry-random-12.scen,420
460,ht_chantry.map,planner,1,64982,43949,209,196,54113,43949,68,0,0,False,ht_chantry-random-12.scen,460
460,ht_chantry.map,planner,1,64982,43949,209,196,54113,43949,71,0,0,True,ht_chantry-random-12.scen,460
460,ht_chantry.map,planner,1,64982,43949,209,196,54113,43949,69,0,1,False,ht_chantry-random-12.scen,460
460,ht_chantry.map,planner,1,61897,43949,235,196,53398,43949,189,0,1,True,ht_chantry-random-12.scen,460
460,ht_chantry.map,planner,1,64982,43949,209,196,54113,43949,70,0,10,False,ht_chantry-random-12.scen,460
460,ht_chantry.map,planner,1,62199,43949,216,196,52898,43949,993,0,10,True,ht_chantry-random-12.scen,460
460,ht_chantry.map,planner,1,64982,43949,209,196,54113,43949,73,0,100,False,ht_chantry-random-12.scen,460
460,ht_chantry.map,planner,1,61719,43949,211,196,52700,43949,8265,0,100,True,ht_chantry-random-12.scen,460
460,ht_chantry.map,planner,1,64982,43949,209,196,54113,43949,71,0,1000,False,ht_chantry-random-12.scen,460
500,ht_chantry.map,planner,1,74469,47870,221,196,61435,47870,78,0,0,False,ht_chantry-random-12.scen,500
500,ht_chantry.map,planner,1,74469,47870,221,196,61435,47870,85,0,0,True,ht_chantry-random-12.scen,500
500,ht_chantry.map,planner,1,74469,47870,221,196,61435,47870,79,0,1,False,ht_chantry-random-12.scen,500
500,ht_chantry.map,planner,1,72076,47870,223,196,59714,47870,209,0,1,True,ht_chantry-random-12.scen,500
500,ht_chantry.map,planner,1,74469,47870,221,196,61435,47870,77,0,10,False,ht_chantry-random-12.scen,500
500,ht_chantry.map,planner,1,69675,47870,216,196,58599,47870,1148,0,10,True,ht_chantry-random-12.scen,500
500,ht_chantry.map,planner,1,74469,47870,221,196,61435,47870,82,0,100,False,ht_chantry-random-12.scen,500
500,ht_chantry.map,planner,1,70444,47870,215,196,58576,47870,9462,0,100,True,ht_chantry-random-12.scen,500
500,ht_chantry.map,planner,1,74469,47870,221,196,61435,47870,78,0,1000,False,ht_chantry-random-12.scen,500
540,ht_chantry.map,planner,1,80707,51487,220,196,66435,51487,85,0,0,False,ht_chantry-random-12.scen,540
540,ht_chantry.map,planner,1,80707,51487,220,196,66435,51487,95,0,0,True,ht_chantry-random-12.scen,540
540,ht_chantry.map,planner,1,80707,51487,220,196,66435,51487,84,0,1,False,ht_chantry-random-12.scen,540
540,ht_chantry.map,planner,1,79689,51487,222,196,65854,51487,226,0,1,True,ht_chantry-random-12.scen,540
540,ht_chantry.map,planner,1,80707,51487,220,196,66435,51487,83,0,10,False,ht_chantry-random-12.scen,540
540,ht_chantry.map,planner,1,79468,51487,222,196,65812,51487,1258,0,10,True,ht_chantry-random-12.scen,540
540,ht_chantry.map,planner,1,80707,51487,220,196,66435,51487,92,0,100,False,ht_chantry-random-12.scen,540
540,ht_chantry.map,planner,1,80342,51487,240,196,66325,51487,11588,0,100,True,ht_chantry-random-12.scen,540
540,ht_chantry.map,planner,1,80707,51487,220,196,66435,51487,82,0,1000,False,ht_chantry-random-12.scen,540
20,ht_chantry.map,planner,1,1633,1513,144,144,1530,1513,2,0,0,False,ht_chantry-random-1.scen,20
20,ht_chantry.map,planner,1,1633,1513,144,144,1530,1513,2,0,0,True,ht_chantry-random-1.scen,20
20,ht_chantry.map,planner,1,1633,1513,144,144,1530,1513,2,0,1,False,ht_chantry-random-1.scen,20
20,ht_chantry.map,planner,1,1633,1513,144,144,1530,1513,2,0,1,True,ht_chantry-random-1.scen,20
20,ht_chantry.map,planner,1,1633,1513,144,144,1530,1513,2,0,10,False,ht_chantry-random-1.scen,20
20,ht_chantry.map,planner,1,1633,1513,144,144,1530,1513,2,0,10,True,ht_chantry-random-1.scen,20
20,ht_chantry.map,planner,1,1633,1513,144,144,1530,1513,2,0,100,False,ht_chantry-random-1.scen,20
20,ht_chantry.map,planner,1,1633,1513,144,144,1530,1513,2,0,100,True,ht_chantry-random-1.scen,20
20,ht_chantry.map,planner,1,1633,1513,144,144,1530,1513,2,0,1000,False,ht_chantry-random-1.scen,20
20,ht_chantry.map,planner,1,1633,1513,144,144,1530,1513,2,0,1000,True,ht_chantry-random-1.scen,20
60,ht_chantry.map,planner,1,5775,5176,189,189,5362,5176,7,0,0,False,ht_chantry-random-1.scen,60
60,ht_chantry.map,planner,1,5775,5176,189,189,5362,5176,7,0,0,True,ht_chantry-random-1.scen,60
60,ht_chantry.map,planner,1,5775,5176,189,189,5362,5176,6,0,1,False,ht_chantry-random-1.scen,60
60,ht_chantry.map,planner,1,5838,5176,189,189,5375,5176,6,0,1,True,ht_chantry-random-1.scen,60
60,ht_chantry.map,planner,1,5775,5176,189,189,5362,5176,7,0,10,False,ht_chantry-random-1.scen,60
60,ht_chantry.map,planner,1,5838,5176,189,189,5375,5176,6,0,10,True,ht_chantry-random-1.scen,60
60,ht_chantry.map,planner,1,5775,5176,189,189,5362,5176,7,0,100,False,ht_chantry-random-1.scen,60
60,ht_chantry.map,planner,1,5838,5176,189,189,5375,5176,6,0,100,True,ht_chantry-random-1.scen,60
60,ht_chantry.map,planner,1,5775,5176,189,189,5362,5176,6,0,1000,False,ht_chantry-random-1.scen,60
60,ht_chantry.map,planner,1,5838,5176,189,189,5375,5176,6,0,1000,True,ht_chantry-random-1.scen,60
100,ht_chantry.map,planner,1,10213,8644,189,189,9304,8644,12,0,0,False,ht_chantry-random-1.scen,100
100,ht_chantry.map,planner,1,10213,8644,189,189,9304,8644,12,0,0,True,ht_chantry-random-1.scen,100
100,ht_chantry.map,planner,1,10213,8644,189,189,9304,8644,14,0,1,False,ht_chantry-random-1.scen,100
100,ht_chantry.map,planner,1,10354,8644,189,189,9264,8644,12,0,1,True,ht_chantry-random-1.scen,100
100,ht_chantry.map,planner,1,10213,8644,189,189,9304,8644,11,0,10,False,ht_chantry-random-1.scen,100
100,ht_chantry.map,planner,1,10354,8644,189,189,9264,8644,11,0,10,True,ht_chantry-random-1.scen,100
100,ht_chantry.map,planner,1,10213,8644,189,189,9304,8644,12,0,100,False,ht_chantry-random-1.scen,100
100,ht_chantry.map,planner,1,10354,8644,189,189,9264,8644,13,0,100,True,ht_chantry-random-1.scen,100
100,ht_chantry.map,planner,1,10213,8644,189,189,9304,8644,12,0,1000,False,ht_chantry-random-1.scen,100
100,ht_chantry.map,planner,1,10354,8644,189,189,9264,8644,12,0,1000,True,ht_chantry-random-1.scen,100
140,ht_chantry.map,planner,1,15452,12425,189,189,13504,12425,16,0,0,False,ht_chantry-random-1.scen,140
140,ht_chantry.map,planner,1,15452,12425,189,189,13504,12425,22,0,0,True,ht_chantry-random-1.scen,140
140,ht_chantry.map,planner,1,15452,12425,189,189,13504,12425,26,0,1,False,ht_chantry-random-1.scen,140
140,ht_chantry.map,planner,1,14776,12425,189,189,13241,12425,22,0,1,True,ht_chantry-random-1.scen,140
140,ht_chantry.map,planner,1,15452,12425,189,189,13504,12425,17,0,10,False,ht_chantry-random-1.scen,140
140,ht_chantry.map,planner,1,14776,12425,189,189,13241,12425,21,0,10,True,ht_chantry-random-1.scen,140
140,ht_chantry.map,planner,1,15452,12425,189,189,13504,12425,17,0,100,False,ht_chantry-random-1.scen,140
140,ht_chantry.map,planner,1,14776,12425,189,189,13241,12425,23,0,100,True,ht_chantry-random-1.scen,140
140,ht_chantry.map,planner,1,15452,12425,189,189,13504,12425,18,0,1000,False,ht_chantry-random-1.scen,140
140,ht_chantry.map,planner,1,14776,12425,189,189,13241,12425,21,0,1000,True,ht_chantry-random-1.scen,140
180,ht_chantry.map,planner,1,20277,16155,192,192,17747,16155,22,0,0,False,ht_chantry-random-1.scen,180
180,ht_chantry.map,planner,1,20277,16155,192,192,17747,16155,24,0,0,True,ht_chantry-random-1.scen,180
180,ht_chantry.map,planner,1,20277,16155,192,192,17747,16155,21,0,1,False,ht_chantry-random-1.scen,180
180,ht_chantry.map,planner,1,19900,16155,192,192,17435,16155,34,0,1,True,ht_chantry-random-1.scen,180
180,ht_chantry.map,planner,1,20277,16155,192,192,17747,16155,22,0,10,False,ht_chantry-random-1.scen,180
180,ht_chantry.map,planner,1,19973,16155,194,192,17411,16155,79,0,10,True,ht_chantry-random-1.scen,180
180,ht_chantry.map,planner,1,20277,16155,192,192,17747,16155,25,0,100,False,ht_chantry-random-1.scen,180
180,ht_chantry.map,planner,1,19781,16155,192,192,17383,16155,85,0,100,True,ht_chantry-random-1.scen,180
180,ht_chantry.map,planner,1,20277,16155,192,192,17747,16155,24,0,1000,False,ht_chantry-random-1.scen,180
180,ht_chantry.map,planner,1,19781,16155,192,192,17383,16155,87,0,1000,True,ht_chantry-random-1.scen,180
220,ht_chantry.map,planner,1,25215,19531,194,192,21838,19531,30,0,0,False,ht_chantry-random-1.scen,220
220,ht_chantry.map,planner,1,25215,19531,194,192,21838,19531,30,0,0,True,ht_chantry-random-1.scen,220
220,ht_chantry.map,planner,1,25215,19531,194,192,21838,19531,26,0,1,False,ht_chantry-random-1.scen,220
220,ht_chantry.map,planner,1,24113,19531,194,192,21218,19531,57,0,1,True,ht_chantry-random-1.scen,220
220,ht_chantry.map,planner,1,25215,19531,194,192,21838,19531,29,0,10,False,ht_chantry-random-1.scen,220
220,ht_chantry.map,planner,1,24433,19531,204,192,21179,19531,183,0,10,True,ht_chantry-random-1.scen,220
220,ht_chantry.map,planner,1,25215,19531,194,192,21838,19531,30,0,100,False,ht_chantry-random-1.scen,220
220,ht_chantry.map,planner,1,24462,19531,198,192,21254,19531,832,0,100,True,ht_chantry-random-1.scen,220
220,ht_chantry.map,planner,1,25215,19531,194,192,21838,19531,30,0,1000,False,ht_chantry-random-1.scen,220
220,ht_chantry.map,planner,1,24067,19531,194,192,21179,19531,2048,0,1000,True,ht_chantry-random-1.scen,220
260,ht_chantry.map,planner,1,30216,22893,193,192,25848,22893,33,0,0,False,ht_chantry-random-1.scen,260
260,ht_chantry.map,planner,1,30216,22893,193,192,25848,22893,37,0,0,True,ht_chantry-random-1.scen,260
260,ht_chantry.map,planner,1,30216,22893,193,192,25848,22893,33,0,1,False,ht_chantry-random-1.scen,260
260,ht_chantry.map,planner,1,28923,22893,192,192,24949,22893,68,0,1,True,ht_chantry-random-1.scen,260
260,ht_chantry.map,planner,1,30216,22893,193,192,25848,22893,37,0,10,False,ht_chantry-random-1.scen,260
260,ht_chantry.map,planner,1,28558,22893,192,192,24813,22893,152,0,10,True,ht_chantry-random-1.scen,260
260,ht_chantry.map,planner,1,30216,22893,193,192,25848,22893,35,0,100,False,ht_chantry-random-1.scen,260
260,ht_chantry.map,planner,1,29200,22893,192,192,24884,22893,1617,0,100,True,ht_chantry-random-1.scen,260
260,ht_chantry.map,planner,1,30216,22893,193,192,25848,22893,35,0,1000,False,ht_chantry-random-1.scen,260
260,ht_chantry.map,planner,1,29288,22893,192,192,24833,22893,1173,0,1000,True,ht_chantry-random-1.scen,260
300,ht_chantry.map,planner,1,36340,26898,192,192,30940,26898,42,0,0,False,ht_chantry-random-1.scen,300
300,ht_chantry.map,planner,1,36340,26898,192,192,30940,26898,50,0,0,True,ht_chantry-random-1.scen,300
300,ht_chantry.map,planner,1,36340,26898,192,192,30940,26898,40,0,1,False,ht_chantry-random-1.scen,300
300,ht_chantry.map,planner,1,34384,26898,199,192,30021,26898,96,0,1,True,ht_chantry-random-1.scen,300
300,ht_chantry.map,planner,1,36340,26898,192,192,30940,26898,42,0,10,False,ht_chantry-random-1.scen,300
300,ht_chantry.map,planner,1,35090,26898,201,192,29706,26898,390,0,10,True,ht_chantry-random-1.scen,300
300,ht_chantry.map,planner,1,36340,26898,192,192,30940,26898,41,0,100,False,ht_chantry-random-1.scen,300
300,ht_chantry.map,planner,1,34496,26898,201,192,29672,26898,1864,0,100,True,ht_chantry-random-1.scen,300
300,ht_chantry.map,planner,1,36340,26898,192,192,30940,26898,41,0,1000,False,ht_chantry-random-1.scen,300
300,ht_chantry.map,planner,1,34251,26898,212,192,29676,26898,12484,0,1000,True,ht_chantry-random-1.scen,300
340,ht_chantry.map,planner,1,43697,30935,208,201,36556,30935,46,0,0,False,ht_chantry-random-1.scen,340
340,ht_chantry.map,planner,1,43697,30935,208,201,36556,30935,50,0,0,True,ht_chantry-random-1.scen,340
340,ht_chantry.map,planner,1,43697,30935,208,201,36556,30935,50,0,1,False,ht_chantry-random-1.scen,340
340,ht_chantry.map,planner,1,40583,30935,245,201,35074,30935,115,0,1,True,ht_chantry-random-1.scen,340
340,ht_chantry.map,planner,1,43697,30935,208,201,36556,30935,51,0,10,False,ht_chantry-random-1.scen,340
340,ht_chantry.map,planner,1,41084,30935,201,201,34871,30935,556,0,10,True,ht_chantry-random-1.scen,340
340,ht_chantry.map,planner,1,43697,30935,208,201,36556,30935,51,0,100,False,ht_chantry-random-1.scen,340
340,ht_chantry.map,planner,1,40808,30935,201,201,34667,30935,5229,0,100,True,ht_chantry-random-1.scen,340
340,ht_chantry.map,planner,1,43697,30935,208,201,36556,30935,48,0,1000,False,ht_chantry-random-1.scen,340
340,ht_chantry.map,planner,1,40513,30935,201,201,34731,30935,39097,0,1000,True,ht_chantry-random-1.scen,340
380,ht_chantry.map,planner,1,48907,34333,207,201,40633,34333,57,0,0,False,ht_chantry-random-1.scen,380
380,ht_chantry.map,planner,1,48907,34333,207,201,40633,34333,59,0,0,True,ht_chantry-random-1.scen,380
380,ht_chantry.map,planner,1,48907,34333,207,201,40633,34333,59,0,1,False,ht_chantry-random-1.scen,380
380,ht_chantry.map,planner,1,46751,34333,202,201,39205,34333,134,0,1,True,ht_chantry-random-1.scen,380
380,ht_chantry.map,planner,1,48907,34333,207,201,40633,34333,59,0,10,False,ht_chantry-random-1.scen,380
380,ht_chantry.map,planner,1,46460,34333,203,201,38467,34333,600,0,10,True,ht_chantry-random-1.scen,380
380,ht_chantry.map,planner,1,48907,34333,207,201,40633,34333,56,0,100,False,ht_chantry-random-1.scen,380
380,ht_chantry.map,planner,1,46365,34333,217,201,38585,34333,4996,0,100,True,ht_chantry-random-1.scen,380
380,ht_chantry.map,planner,1,48907,34333,207,201,40633,34333,55,0,1000,False,ht_chantry-random-1.scen,380
380,ht_chantry.map,planner,1,45476,34333,211,201,38322,34333,38010,0,1000,True,ht_chantry-random-1.scen,380
420,ht_chantry.map,planner,1,56711,38383,214,201,46292,38383,60,0,0,False,ht_chantry-random-1.scen,420
420,ht_chantry.map,planner,1,56711,38383,214,201,46292,38383,62,0,0,True,ht_chantry-random-1.scen,420
420,ht_chantry.map,planner,1,56711,38383,214,201,46292,38383,63,0,1,False,ht_chantry-random-1.scen,420
420,ht_chantry.map,planner,1,53189,38383,201,201,44057,38383,156,0,1,True,ht_chantry-random-1.scen,420
420,ht_chantry.map,planner,1,56711,38383,214,201,46292,38383,60,0,10,False,ht_chantry-random-1.scen,420
420,ht_chantry.map,planner,1,53049,38383,202,201,44047,38383,796,0,10,True,ht_chantry-random-1.scen,420
420,ht_chantry.map,planner,1,56711,38383,214,201,46292,38383,64,0,100,False,ht_chantry-random-1.scen,420
420,ht_chantry.map,planner,1,53735,38383,209,201,44445,38383,6200,0,100,True,ht_chantry-random-1.scen,420
420,ht_chantry.map,planner,1,56711,38383,214,201,46292,38383,62,0,1000,False,ht_chantry-random-1.scen,420
460,ht_chantry.map,planner,1,65017,42422,219,201,52403,42422,70,0,0,False,ht_chantry-random-1.scen,460
460,ht_chantry.map,planner,1,65017,42422,219,201,52403,42422,74,0,0,True,ht_chantry-random-1.scen,460
460,ht_chantry.map,planner,1,65017,42422,219,201,52403,42422,70,0,1,False,ht_chantry-random-1.scen,460
460,ht_chantry.map,planner,1,61511,42422,220,201,50086,42422,187,0,1,True,ht_chantry-random-1.scen,460
460,ht_chantry.map,planner,1,65017,42422,219,201,52403,42422,69,0,10,False,ht_chantry-random-1.scen,460
460,ht_chantry.map,planner,1,59732,42422,226,201,49918,42422,951,0,10,True,ht_chantry-random-1.scen,460
460,ht_chantry.map,planner,1,65017,42422,219,201,52403,42422,68,0,100,False,ht_chantry-random-1.scen,460
460,ht_chantry.map,planner,1,60398,42422,229,201,49857,42422,7494,0,100,True,ht_chantry-random-1.scen,460
460,ht_chantry.map,planner,1,65017,42422,219,201,52403,42422,67,0,1000,False,ht_chantry-random-1.scen,460
500,ht_chantry.map,planner,1,70784,46448,209,201,58416,46448,78,0,0,False,ht_chantry-random-1.scen,500
500,ht_chantry.map,planner,1,70784,46448,209,201,58416,46448,79,0,0,True,ht_chantry-random-1.scen,500
500,ht_chantry.map,planner,1,70784,46448,209,201,58416,46448,74,0,1,False,ht_chantry-random-1.scen,500
500,ht_chantry.map,planner,1,68556,46448,216,201,56442,46448,193,0,1,True,ht_chantry-random-1.scen,500
500,ht_chantry.map,planner,1,70784,46448,209,201,58416,46448,72,0,10,False,ht_chantry-random-1.scen,500
500,ht_chantry.map,planner,1,68412,46448,213,201,56057,46448,1093,0,10,True,ht_chantry-random-1.scen,500
500,ht_chantry.map,planner,1,70784,46448,209,201,58416,46448,74,0,100,False,ht_chantry-random-1.scen,500
500,ht_chantry.map,planner,1,67252,46448,211,201,54835,46448,8241,0,100,True,ht_chantry-random-1.scen,500
500,ht_chantry.map,planner,1,70784,46448,209,201,58416,46448,74,0,1000,False,ht_chantry-random-1.scen,500
540,ht_chantry.map,planner,1,80380,50565,236,201,65020,50565,86,0,0,False,ht_chantry-random-1.scen,540
540,ht_chantry.map,planner,1,80380,50565,236,201,65020,50565,87,0,0,True,ht_chantry-random-1.scen,540
540,ht_chantry.map,planner,1,80380,50565,236,201,65020,50565,84,0,1,False,ht_chantry-random-1.scen,540
540,ht_chantry.map,planner,1,75989,50565,214,201,62863,50565,205,0,1,True,ht_chantry-random-1.scen,540
540,ht_chantry.map,planner,1,80380,50565,236,201,65020,50565,84,0,10,False,ht_chantry-random-1.scen,540
540,ht_chantry.map,planner,1,75416,50565,250,201,61936,50565,1193,0,10,True,ht_chantry-random-1.scen,540
540,ht_chantry.map,planner,1,80380,50565,236,201,65020,50565,86,0,100,False,ht_chantry-random-1.scen,540
540,ht_chantry.map,planner,1,75265,50565,226,201,61729,50565,10503,0,100,True,ht_chantry-random-1.scen,540
540,ht_chantry.map,planner,1,80380,50565,236,201,65020,50565,110,0,1000,False,ht_chantry-random-1.scen,540
20,ht_chantry.map,planner,1,1938,1923,175,175,1938,1923,2,0,0,False,ht_chantry-random-3.scen,20
20,ht_chantry.map,planner,1,1938,1923,175,175,1938,1923,2,0,0,True,ht_chantry-random-3.scen,20
20,ht_chantry.map,planner,1,1938,1923,175,175,1938,1923,3,0,1,False,ht_chantry-random-3.scen,20
20,ht_chantry.map,planner,1,1938,1923,175,175,1938,1923,2,0,1,True,ht_chantry-random-3.scen,20
20,ht_chantry.map,planner,1,1938,1923,175,175,1938,1923,2,0,10,False,ht_chantry-random-3.scen,20
20,ht_chantry.map,planner,1,1938,1923,175,175,1938,1923,2,0,10,True,ht_chantry-random-3.scen,20
20,ht_chantry.map,planner,1,1938,1923,175,175,1938,1923,2,0,100,False,ht_chantry-random-3.scen,20
20,ht_chantry.map,planner,1,1938,1923,175,175,1938,1923,2,0,100,True,ht_chantry-random-3.scen,20
20,ht_chantry.map,planner,1,1938,1923,175,175,1938,1923,2,0,1000,False,ht_chantry-random-3.scen,20
20,ht_chantry.map,planner,1,1938,1923,175,175,1938,1923,2,0,1000,True,ht_chantry-random-3.scen,20
60,ht_chantry.map,planner,1,6004,5615,179,179,5864,5615,6,0,0,False,ht_chantry-random-3.scen,60
60,ht_chantry.map,planner,1,6004,5615,179,179,5864,5615,10,0,0,True,ht_chantry-random-3.scen,60
60,ht_chantry.map,planner,1,6004,5615,179,179,5864,5615,10,0,1,False,ht_chantry-random-3.scen,60
60,ht_chantry.map,planner,1,6110,5615,179,179,5857,5615,11,0,1,True,ht_chantry-random-3.scen,60
60,ht_chantry.map,planner,1,6004,5615,179,179,5864,5615,7,0,10,False,ht_chantry-random-3.scen,60
60,ht_chantry.map,planner,1,6110,5615,179,179,5857,5615,7,0,10,True,ht_chantry-random-3.scen,60
60,ht_chantry.map,planner,1,6004,5615,179,179,5864,5615,6,0,100,False,ht_chantry-random-3.scen,60
60,ht_chantry.map,planner,1,6110,5615,179,179,5857,5615,6,0,100,True,ht_chantry-random-3.scen,60
60,ht_chantry.map,planner,1,6004,5615,179,179,5864,5615,7,0,1000,False,ht_chantry-random-3.scen,60
60,ht_chantry.map,planner,1,6110,5615,179,179,5857,5615,7,0,1000,True,ht_chantry-random-3.scen,60
100,ht_chantry.map,planner,1,10599,9227,203,203,9785,9227,12,0,0,False,ht_chantry-random-3.scen,100
100,ht_chantry.map,planner,1,10599,9227,203,203,9785,9227,13,0,0,True,ht_chantry-random-3.scen,100
100,ht_chantry.map,planner,1,10599,9227,203,203,9785,9227,13,0,1,False,ht_chantry-random-3.scen,100
100,ht_chantry.map,planner,1,10660,9227,204,203,9757,9227,13,0,1,True,ht_chantry-random-3.scen,100
100,ht_chantry.map,planner,1,10599,9227,203,203,9785,9227,12,0,10,False,ht_chantry-random-3.scen,100
100,ht_chantry.map,planner,1,10660,9227,204,203,9757,9227,13,0,10,True,ht_chantry-random-3.scen,100
100,ht_chantry.map,planner,1,10599,9227,203,203,9785,9227,12,0,100,False,ht_chantry-random-3.scen,100
100,ht_chantry.map,planner,1,10660,9227,204,203,9757,9227,12,0,100,True,ht_chantry-random-3.scen,100
100,ht_chantry.map,planner,1,10599,9227,203,203,9785,9227,12,0,1000,False,ht_chantry-random-3.scen,100
100,ht_chantry.map,planner,1,10660,9227,204,203,9757,9227,13,0,1000,True,ht_chantry-random-3.scen,100
140,ht_chantry.map,planner,1,15500,12900,204,203,14004,12900,18,0,0,False,ht_chantry-random-3.scen,140
140,ht_chantry.map,planner,1,15500,12900,204,203,14004,12900,18,0,0,True,ht_chantry-random-3.scen,140
140,ht_chantry.map,planner,1,15500,12900,204,203,14004,12900,17,0,1,False,ht_chantry-random-3.scen,140
140,ht_chantry.map,planner,1,15452,12900,209,203,13744,12900,18,0,1,True,ht_chantry-random-3.scen,140
140,ht_chantry.map,planner,1,15500,12900,204,203,14004,12900,18,0,10,False,ht_chantry-random-3.scen,140
140,ht_chantry.map,planner,1,15452,12900,209,203,13744,12900,20,0,10,True,ht_chantry-random-3.scen,140
140,ht_chantry.map,planner,1,15500,12900,204,203,14004,12900,17,0,100,False,ht_chantry-random-3.scen,140
140,ht_chantry.map,planner,1,15452,12900,209,203,13744,12900,20,0,100,True,ht_chantry-random-3.scen,140
140,ht_chantry.map,planner,1,15500,12900,204,203,14004,12900,18,0,1000,False,ht_chantry-random-3.scen,140
140,ht_chantry.map,planner,1,15452,12900,209,203,13744,12900,20,0,1000,True,ht_chantry-random-3.scen,140
180,ht_chantry.map,planner,1,20865,16407,203,203,18240,16407,23,0,0,False,ht_chantry-random-3.scen,180
180,ht_chantry.map,planner,1,20865,16407,203,203,18240,16407,24,0,0,True,ht_chantry-random-3.scen,180
180,ht_chantry.map,planner,1,20865,16407,203,203,18240,16407,24,0,1,False,ht_chantry-random-3.scen,180
180,ht_chantry.map,planner,1,19906,16407,205,203,17560,16407,40,0,1,True,ht_chantry-random-3.scen,180
180,ht_chantry.map,planner,1,20865,16407,203,203,18240,16407,24,0,10,False,ht_chantry-random-3.scen,180
180,ht_chantry.map,planner,1,20182,16407,205,203,17613,16407,115,0,10,True,ht_chantry-random-3.scen,180
180,ht_chantry.map,planner,1,20865,16407,203,203,18240,16407,21,0,100,False,ht_chantry-random-3.scen,180
180,ht_chantry.map,planner,1,20467,16407,214,203,17680,16407,222,0,100,True,ht_chantry-random-3.scen,180
180,ht_chantry.map,planner,1,20865,16407,203,203,18240,16407,23,0,1000,False,ht_chantry-random-3.scen,180
180,ht_chantry.map,planner,1,20467,16407,214,203,17680,16407,266,0,1000,True,ht_chantry-random-3.scen,180
220,ht_chantry.map,planner,1,26066,20348,203,203,22644,20348,32,0,0,False,ht_chantry-random-3.scen,220
220,ht_chantry.map,planner,1,26066,20348,203,203,22644,20348,34,0,0,True,ht_chantry-random-3.scen,220
220,ht_chantry.map,planner,1,26066,20348,203,203,22644,20348,33,0,1,False,ht_chantry-random-3.scen,220
220,ht_chantry.map,planner,1,25289,20348,207,203,22069,20348,59,0,1,True,ht_chantry-random-3.scen,220
220,ht_chantry.map,planner,1,26066,20348,203,203,22644,20348,32,0,10,False,ht_chantry-random-3.scen,220
220,ht_chantry.map,planner,1,25067,20348,204,203,22053,20348,219,0,10,True,ht_chantry-random-3.scen,220
220,ht_chantry.map,planner,1,26066,20348,203,203,22644,20348,32,0,100,False,ht_chantry-random-3.scen,220
220,ht_chantry.map,planner,1,25352,20348,208,203,21978,20348,803,0,100,True,ht_chantry-random-3.scen,220
220,ht_chantry.map,planner,1,26066,20348,203,203,22644,20348,30,0,1000,False,ht_chantry-random-3.scen,220
220,ht_chantry.map,planner,1,25070,20348,206,203,21943,20348,3551,0,1000,True,ht_chantry-random-3.scen,220
260,ht_chantry.map,planner,1,31388,23798,204,203,26928,23798,37,0,0,False,ht_chantry-random-3.scen,260
260,ht_chantry.map,planner,1,31388,23798,204,203,26928,23798,38,0,0,True,ht_chantry-random-3.scen,260
260,ht_chantry.map,planner,1,31388,23798,204,203,26928,23798,38,0,1,False,ht_chantry-random-3.scen,260
260,ht_chantry.map,planner,1,29668,23798,204,203,26147,23798,80,0,1,True,ht_chantry-random-3.scen,260
260,ht_chantry.map,planner,1,31388,23798,204,203,26928,23798,38,0,10,False,ht_chantry-random-3.scen,260
260,ht_chantry.map,planner,1,29588,23798,204,203,25845,23798,314,0,10,True,ht_chantry-random-3.scen,260
260,ht_chantry.map,planner,1,31388,23798,204,203,26928,23798,37,0,100,False,ht_chantry-random-3.scen,260
260,ht_chantry.map,planner,1,29925,23798,208,203,26016,23798,2148,0,100,True,ht_chantry-random-3.scen,260
260,ht_chantry.map,planner,1,31388,23798,204,203,26928,23798,36,0,1000,False,ht_chantry-random-3.scen,260
260,ht_chantry.map,planner,1,29642,23798,212,203,25827,23798,10415,0,1000,True,ht_chantry-random-3.scen,260
300,ht_chantry.map,planner,1,37799,27540,210,203,31739,27540,43,0,0,False,ht_chantry-random-3.scen,300
300,ht_chantry.map,planner,1,37799,27540,210,203,31739,27540,44,0,0,True,ht_chantry-random-3.scen,300
300,ht_chantry.map,planner,1,37799,27540,210,203,31739,27540,42,0,1,False,ht_chantry-random-3.scen,300
300,ht_chantry.map,planner,1,36218,27540,205,203,30807,27540,100,0,1,True,ht_chantry-random-3.scen,300
300,ht_chantry.map,planner,1,37799,27540,210,203,31739,27540,51,0,10,False,ht_chantry-random-3.scen,300
300,ht_chantry.map,planner,1,36010,27540,204,203,30536,27540,441,0,10,True,ht_chantry-random-3.scen,300
300,ht_chantry.map,planner,1,37799,27540,210,203,31739,27540,42,0,100,False,ht_chantry-random-3.scen,300
300,ht_chantry.map,planner,1,35617,27540,204,203,30580,27540,3812,0,100,True,ht_chantry-random-3.scen,300
300,ht_chantry.map,planner,1,37799,27540,210,203,31739,27540,41,0,1000,False,ht_chantry-random-3.scen,300
300,ht_chantry.map,planner,1,35483,27540,255,203,30412,27540,31150,0,1000,True,ht_chantry-random-3.scen,300
340,ht_chantry.map,planner,1,44237,31286,217,203,36866,31286,49,0,0,False,ht_chantry-random-3.scen,340
340,ht_chantry.map,planner,1,44237,31286,217,203,36866,31286,51,0,0,True,ht_chantry-random-3.scen,340
340,ht_chantry.map,planner,1,44237,31286,217,203,36866,31286,50,0,1,False,ht_chantry-random-3.scen,340
340,ht_chantry.map,planner,1,42853,31286,203,203,35663,31286,126,0,1,True,ht_chantry-random-3.scen,340
340,ht_chantry.map,planner,1,44237,31286,217,203,36866,31286,49,0,10,False,ht_chantry-random-3.scen,340
340,ht_chantry.map,planner,1,41987,31286,211,203,35222,31286,630,0,10,True,ht_chantry-random-3.scen,340
340,ht_chantry.map,planner,1,44237,31286,217,203,36866,31286,50,0,100,False,ht_chantry-random-3.scen,340
340,ht_chantry.map,planner,1,41758,31286,207,203,35554,31286,5890,0,100,True,ht_chantry-random-3.scen,340
340,ht_chantry.map,planner,1,44237,31286,217,203,36866,31286,49,0,1000,False,ht_chantry-random-3.scen,340
340,ht_chantry.map,planner,1,41727,31286,204,203,35319,31286,48532,0,1000,True,ht_chantry-random-3.scen,340
380,ht_chantry.map,planner,1,51654,35197,216,203,42740,35197,56,0,0,False,ht_chantry-random-3.scen,380
380,ht_chantry.map,planner,1,51654,35197,216,203,42740,35197,55,0,0,True,ht_chantry-random-3.scen,380
380,ht_chantry.map,planner,1,51654,35197,216,203,42740,35197,56,0,1,False,ht_chantry-random-3.scen,380
380,ht_chantry.map,planner,1,47990,35197,208,203,40705,35197,140,0,1,True,ht_chantry-random-3.scen,380
380,ht_chantry.map,planner,1,51654,35197,216,203,42740,35197,55,0,10,False,ht_chantry-random-3.scen,380
380,ht_chantry.map,planner,1,48414,35197,208,203,40511,35197,798,0,10,True,ht_chantry-random-3.scen,380
380,ht_chantry.map,planner,1,51654,35197,216,203,42740,35197,55,0,100,False,ht_chantry-random-3.scen,380
380,ht_chantry.map,planner,1,47734,35197,206,203,40585,35197,6463,0,100,True,ht_chantry-random-3.scen,380
380,ht_chantry.map,planner,1,51654,35197,216,203,42740,35197,53,0,1000,False,ht_chantry-random-3.scen,380
380,ht_chantry.map,planner,1,47079,35197,204,203,39994,35197,49479,0,1000,True,ht_chantry-random-3.scen,380
420,ht_chantry.map,planner,1,56920,38785,203,203,47169,38785,59,0,0,False,ht_chantry-random-3.scen,420
420,ht_chantry.map,planner,1,56920,38785,203,203,47169,38785,63,0,0,True,ht_chantry-random-3.scen,420
420,ht_chantry.map,planner,1,56920,38785,203,203,47169,38785,61,0,1,False,ht_chantry-random-3.scen,420
420,ht_chantry.map,planner,1,53461,38785,206,203,45238,38785,151,0,1,True,ht_chantry-random-3.scen,420
420,ht_chantry.map,planner,1,56920,38785,203,203,47169,38785,61,0,10,False,ht_chantry-random-3.scen,420
420,ht_chantry.map,planner,1,53501,38785,219,203,44972,38785,853,0,10,True,ht_chantry-random-3.scen,420
420,ht_chantry.map,planner,1,56920,38785,203,203,47169,38785,62,0,100,False,ht_chantry-random-3.scen,420
420,ht_chantry.map,planner,1,53422,38785,208,203,44829,38785,7320,0,100,True,ht_chantry-random-3.scen,420
420,ht_chantry.map,planner,1,56920,38785,203,203,47169,38785,59,0,1000,False,ht_chantry-random-3.scen,420
460,ht_chantry.map,planner,1,65604,43152,221,203,53614,43152,86,0,0,False,ht_chantry-random-3.scen,460
460,ht_chantry.map,planner,1,65604,43152,221,203,53614,43152,72,0,0,True,ht_chantry-random-3.scen,460
460,ht_chantry.map,planner,1,65604,43152,221,203,53614,43152,70,0,1,False,ht_chantry-random-3.scen,460
460,ht_chantry.map,planner,1,61767,43152,222,203,52050,43152,193,0,1,True,ht_chantry-random-3.scen,460
460,ht_chantry.map,planner,1,65604,43152,221,203,53614,43152,85,0,10,False,ht_chantry-random-3.scen,460
460,ht_chantry.map,planner,1,61266,43152,206,203,51838,43152,1041,0,10,True,ht_chantry-random-3.scen,460
460,ht_chantry.map,planner,1,65604,43152,221,203,53614,43152,74,0,100,False,ht_chantry-random-3.scen,460
460,ht_chantry.map,planner,1,60164,43152,209,203,50483,43152,8146,0,100,True,ht_chantry-random-3.scen,460
460,ht_chantry.map,planner,1,65604,43152,221,203,53614,43152,75,0,1000,False,ht_chantry-random-3.scen,460
500,ht_chantry.map,planner,1,73510,46539,251,203,59916,46539,81,0,0,False,ht_chantry-random-3.scen,500
500,ht_chantry.map,planner,1,73510,46539,251,203,59916,46539,87,0,0,True,ht_chantry-random-3.scen,500
500,ht_chantry.map,planner,1,73510,46539,251,203,59916,46539,83,0,1,False,ht_chantry-random-3.scen,500
500,ht_chantry.map,planner,1,69769,46539,222,203,57306,46539,205,0,1,True,ht_chantry-random-3.scen,500
500,ht_chantry.map,planner,1,73510,46539,251,203,59916,46539,83,0,10,False,ht_chantry-random-3.scen,500
500,ht_chantry.map,planner,1,67986,46539,220,203,56236,46539,1119,0,10,True,ht_chantry-random-3.scen,500
500,ht_chantry.map,planner,1,73510,46539,251,203,59916,46539,83,0,100,False,ht_chantry-random-3.scen,500
500,ht_chantry.map,planner,1,66792,46539,210,203,56281,46539,9531,0,100,True,ht_chantry-random-3.scen,500
500,ht_chantry.map,planner,1,73510,46539,251,203,59916,46539,81,0,1000,False,ht_chantry-random-3.scen,500
540,ht_chantry.map,planner,1,79214,50206,231,203,64135,50206,85,0,0,False,ht_chantry-random-3.scen,540
540,ht_chantry.map,planner,1,79214,50206,231,203,64135,50206,90,0,0,True,ht_chantry-random-3.scen,540
540,ht_chantry.map,planner,1,79214,50206,231,203,64135,50206,84,0,1,False,ht_chantry-random-3.scen,540
540,ht_chantry.map,planner,1,75245,50206,208,203,63080,50206,219,0,1,True,ht_chantry-random-3.scen,540
540,ht_chantry.map,planner,1,79214,50206,231,203,64135,50206,86,0,10,False,ht_chantry-random-3.scen,540
540,ht_chantry.map,planner,1,76074,50206,230,203,62281,50206,1256,0,10,True,ht_chantry-random-3.scen,540
540,ht_chantry.map,planner,1,79214,50206,231,203,64135,50206,83,0,100,False,ht_chantry-random-3.scen,540
540,ht_chantry.map,planner,1,74753,50206,233,203,61848,50206,10215,0,100,True,ht_chantry-random-3.scen,540
540,ht_chantry.map,planner,1,79214,50206,231,203,64135,50206,84,0,1000,False,ht_chantry-random-3.scen,540
20,ht_chantry.map,planner,1,1649,1640,160,160,1648,1640,3,0,0,False,ht_chantry-random-7.scen,20
20,ht_chantry.map,planner,1,1649,1640,160,160,1648,1640,2,0,0,True,ht_chantry-random-7.scen,20
20,ht_chantry.map,planner,1,1649,1640,160,160,1648,1640,2,0,1,False,ht_chantry-random-7.scen,20
20,ht_chantry.map,planner,1,1649,1640,160,160,1648,1640,2,0,1,True,ht_chantry-random-7.scen,20
20,ht_chantry.map,planner,1,1649,1640,160,160,1648,1640,2,0,10,False,ht_chantry-random-7.scen,20
20,ht_chantry.map,planner,1,1649,1640,160,160,1648,1640,2,0,10,True,ht_chantry-random-7.scen,20
20,ht_chantry.map,planner,1,1649,1640,160,160,1648,1640,2,0,100,False,ht_chantry-random-7.scen,20
20,ht_chantry.map,planner,1,1649,1640,160,160,1648,1640,2,0,100,True,ht_chantry-random-7.scen,20
20,ht_chantry.map,planner,1,1649,1640,160,160,1648,1640,2,0,1000,False,ht_chantry-random-7.scen,20
20,ht_chantry.map,planner,1,1649,1640,160,160,1648,1640,2,0,1000,True,ht_chantry-random-7.scen,20
60,ht_chantry.map,planner,1,6160,5607,172,172,5915,5607,8,0,0,False,ht_chantry-random-7.scen,60
60,ht_chantry.map,planner,1,6160,5607,172,172,5915,5607,8,0,0,True,ht_chantry-random-7.scen,60
60,ht_chantry.map,planner,1,6160,5607,172,172,5915,5607,8,0,1,False,ht_chantry-random-7.scen,60
60,ht_chantry.map,planner,1,6300,5607,172,172,5888,5607,8,0,1,True,ht_chantry-random-7.scen,60
60,ht_chantry.map,planner,1,6160,5607,172,172,5915,5607,8,0,10,False,ht_chantry-random-7.scen,60
60,ht_chantry.map,planner,1,6300,5607,172,172,5888,5607,8,0,10,True,ht_chantry-random-7.scen,60
60,ht_chantry.map,planner,1,6160,5607,172,172,5915,5607,7,0,100,False,ht_chantry-random-7.scen,60
60,ht_chantry.map,planner,1,6300,5607,172,172,5888,5607,7,0,100,True,ht_chantry-random-7.scen,60
60,ht_chantry.map,planner,1,6160,5607,172,172,5915,5607,8,0,1000,False,ht_chantry-random-7.scen,60
60,ht_chantry.map,planner,1,6300,5607,172,172,5888,5607,8,0,1000,True,ht_chantry-random-7.scen,60
100,ht_chantry.map,planner,1,10457,8974,175,172,9683,8974,13,0,0,False,ht_chantry-random-7.scen,100
100,ht_chantry.map,planner,1,10457,8974,175,172,9683,8974,13,0,0,True,ht_chantry-random-7.scen,100
100,ht_chantry.map,planner,1,10457,8974,175,172,9683,8974,14,0,1,False,ht_chantry-random-7.scen,100
100,ht_chantry.map,planner,1,10358,8974,174,172,9491,8974,14,0,1,True,ht_chantry-random-7.scen,100
100,ht_chantry.map,planner,1,10457,8974,175,172,9683,8974,13,0,10,False,ht_chantry-random-7.scen,100
100,ht_chantry.map,planner,1,10358,8974,174,172,9491,8974,12,0,10,True,ht_chantry-random-7.scen,100
100,ht_chantry.map,planner,1,10457,8974,175,172,9683,8974,13,0,100,False,ht_chantry-random-7.scen,100
100,ht_chantry.map,planner,1,10358,8974,174,172,9491,8974,12,0,100,True,ht_chantry-random-7.scen,100
100,ht_chantry.map,planner,1,10457,8974,175,172,9683,8974,13,0,1000,False,ht_chantry-random-7.scen,100
100,ht_chantry.map,planner,1,10358,8974,174,172,9491,8974,12,0,1000,True,ht_chantry-random-7.scen,100
140,ht_chantry.map,planner,1,15615,13148,180,180,14362,13148,18,0,0,False,ht_chantry-random-7.scen,140
140,ht_chantry.map,planner,1,15615,13148,180,180,14362,13148,17,0,0,True,ht_chantry-random-7.scen,140
140,ht_chantry.map,planner,1,15615,13148,180,180,14362,13148,19,0,1,False,ht_chantry-random-7.scen,140
140,ht_chantry.map,planner,1,15286,13148,180,180,14091,13148,22,0,1,True,ht_chantry-random-7.scen,140
140,ht_chantry.map,planner,1,15615,13148,180,180,14362,13148,17,0,10,False,ht_chantry-random-7.scen,140
140,ht_chantry.map,planner,1,15286,13148,180,180,14091,13148,22,0,10,True,ht_chantry-random-7.scen,140
140,ht_chantry.map,planner,1,15615,13148,180,180,14362,13148,18,0,100,False,ht_chantry-random-7.scen,140
140,ht_chantry.map,planner,1,15286,13148,180,180,14091,13148,21,0,100,True,ht_chantry-random-7.scen,140
140,ht_chantry.map,planner,1,15615,13148,180,180,14362,13148,18,0,1000,False,ht_chantry-random-7.scen,140
140,ht_chantry.map,planner,1,15286,13148,180,180,14091,13148,21,0,1000,True,ht_chantry-random-7.scen,140
180,ht_chantry.map,planner,1,20607,17192,180,180,18944,17192,25,0,0,False,ht_chantry-random-7.scen,180
180,ht_chantry.map,planner,1,20607,17192,180,180,18944,17192,23,0,0,True,ht_chantry-random-7.scen,180
180,ht_chantry.map,planner,1,20607,17192,180,180,18944,17192,23,0,1,False,ht_chantry-random-7.scen,180
180,ht_chantry.map,planner,1,20316,17192,185,180,18574,17192,47,0,1,True,ht_chantry-random-7.scen,180
180,ht_chantry.map,planner,1,20607,17192,180,180,18944,17192,23,0,10,False,ht_chantry-random-7.scen,180
180,ht_chantry.map,planner,1,19841,17192,190,180,18553,17192,52,0,10,True,ht_chantry-random-7.scen,180
180,ht_chantry.map,planner,1,20607,17192,180,180,18944,17192,22,0,100,False,ht_chantry-random-7.scen,180
180,ht_chantry.map,planner,1,20121,17192,182,180,18529,17192,67,0,100,True,ht_chantry-random-7.scen,180
180,ht_chantry.map,planner,1,20607,17192,180,180,18944,17192,24,0,1000,False,ht_chantry-random-7.scen,180
180,ht_chantry.map,planner,1,20121,17192,182,180,18529,17192,64,0,1000,True,ht_chantry-random-7.scen,180
220,ht_chantry.map,planner,1,26325,20705,180,180,23351,20705,32,0,0,False,ht_chantry-random-7.scen,220
220,ht_chantry.map,planner,1,26325,20705,180,180,23351,20705,31,0,0,True,ht_chantry-random-7.scen,220
220,ht_chantry.map,planner,1,26325,20705,180,180,23351,20705,41,0,1,False,ht_chantry-random-7.scen,220
220,ht_chantry.map,planner,1,25028,20705,180,180,22525,20705,68,0,1,True,ht_chantry-random-7.scen,220
220,ht_chantry.map,planner,1,26325,20705,180,180,23351,20705,29,0,10,False,ht_chantry-random-7.scen,220
220,ht_chantry.map,planner,1,24997,20705,197,180,22386,20705,185,0,10,True,ht_chantry-random-7.scen,220
220,ht_chantry.map,planner,1,26325,20705,180,180,23351,20705,30,0,100,False,ht_chantry-random-7.scen,220
220,ht_chantry.map,planner,1,25085,20705,188,180,22453,20705,591,0,100,True,ht_chantry-random-7.scen,220
220,ht_chantry.map,planner,1,26325,20705,180,180,23351,20705,28,0,1000,False,ht_chantry-random-7.scen,220
220,ht_chantry.map,planner,1,25122,20705,188,180,22396,20705,1436,0,1000,True,ht_chantry-random-7.scen,220
260,ht_chantry.map,planner,1,30835,24302,181,180,27495,24302,33,0,0,False,ht_chantry-random-7.scen,260
260,ht_chantry.map,planner,1,30835,24302,181,180,27495,24302,35,0,0,True,ht_chantry-random-7.scen,260
260,ht_chantry.map,planner,1,30835,24302,181,180,27495,24302,34,0,1,False,ht_chantry-random-7.scen,260
260,ht_chantry.map,planner,1,29747,24302,198,180,26482,24302,84,0,1,True,ht_chantry-random-7.scen,260
260,ht_chantry.map,planner,1,30835,24302,181,180,27495,24302,35,0,10,False,ht_chantry-random-7.scen,260
260,ht_chantry.map,planner,1,29649,24302,193,180,26357,24302,275,0,10,True,ht_chantry-random-7.scen,260
260,ht_chantry.map,planner,1,30835,24302,181,180,27495,24302,34,0,100,False,ht_chantry-random-7.scen,260
260,ht_chantry.map,planner,1,30038,24302,190,180,26391,24302,1829,0,100,True,ht_chantry-random-7.scen,260
260,ht_chantry.map,planner,1,30835,24302,181,180,27495,24302,36,0,1000,False,ht_chantry-random-7.scen,260
260,ht_chantry.map,planner,1,29369,24302,187,180,26401,24302,7430,0,1000,True,ht_chantry-random-7.scen,260
300,ht_chantry.map,planner,1,36409,27824,180,180,31905,27824,39,0,0,False,ht_chantry-random-7.scen,300
300,ht_chantry.map,planner,1,36409,27824,180,180,31905,27824,42,0,0,True,ht_chantry-random-7.scen,300
300,ht_chantry.map,planner,1,36409,27824,180,180,31905,27824,39,0,1,False,ht_chantry-random-7.scen,300
300,ht_chantry.map,planner,1,35502,27824,192,180,31100,27824,97,0,1,True,ht_chantry-random-7.scen,300
300,ht_chantry.map,planner,1,36409,27824,180,180,31905,27824,38,0,10,False,ht_chantry-random-7.scen,300
300,ht_chantry.map,planner,1,35099,27824,190,180,30768,27824,394,0,10,True,ht_chantry-random-7.scen,300
300,ht_chantry.map,planner,1,36409,27824,180,180,31905,27824,39,0,100,False,ht_chantry-random-7.scen,300
300,ht_chantry.map,planner,1,35005,27824,191,180,30525,27824,2220,0,100,True,ht_chantry-random-7.scen,300
300,ht_chantry.map,planner,1,36409,27824,180,180,31905,27824,39,0,1000,False,ht_chantry-random-7.scen,300
300,ht_chantry.map,planner,1,35056,27824,188,180,30722,27824,20389,0,1000,True,ht_chantry-random-7.scen,300
340,ht_chantry.map,planner,1,42560,31405,186,180,36606,31405,46,0,0,False,ht_chantry-random-7.scen,340
340,ht_chantry.map,planner,1,42560,31405,186,180,36606,31405,47,0,0,True,ht_chantry-random-7.scen,340
340,ht_chantry.map,planner,1,42560,31405,186,180,36606,31405,49,0,1,False,ht_chantry-random-7.scen,340
340,ht_chantry.map,planner,1,40572,31405,196,180,35139,31405,109,0,1,True,ht_chantry-random-7.scen,340
340,ht_chantry.map,planner,1,42560,31405,186,180,36606,31405,47,0,10,False,ht_chantry-random-7.scen,340
340,ht_chantry.map,planner,1,40581,31405,192,180,35043,31405,499,0,10,True,ht_chantry-random-7.scen,340
340,ht_chantry.map,planner,1,42560,31405,186,180,36606,31405,44,0,100,False,ht_chantry-random-7.scen,340
340,ht_chantry.map,planner,1,40200,31405,191,180,34779,31405,3907,0,100,True,ht_chantry-random-7.scen,340
340,ht_chantry.map,planner,1,42560,31405,186,180,36606,31405,51,0,1000,False,ht_chantry-random-7.scen,340
340,ht_chantry.map,planner,1,39824,31405,186,180,34658,31405,25505,0,1000,True,ht_chantry-random-7.scen,340
380,ht_chantry.map,planner,1,48141,35193,205,184,41644,35193,55,0,0,False,ht_chantry-random-7.scen,380
380,ht_chantry.map,planner,1,48141,35193,205,184,41644,35193,58,0,0,True,ht_chantry-random-7.scen,380
380,ht_chantry.map,planner,1,48141,35193,205,184,41644,35193,55,0,1,False,ht_chantry-random-7.scen,380
380,ht_chantry.map,planner,1,45983,35193,190,184,40132,35193,144,0,1,True,ht_chantry-random-7.scen,380
380,ht_chantry.map,planner,1,48141,35193,205,184,41644,35193,54,0,10,False,ht_chantry-random-7.scen,380
380,ht_chantry.map,planner,1,45459,35193,192,184,39839,35193,714,0,10,True,ht_chantry-random-7.scen,380
380,ht_chantry.map,planner,1,48141,35193,205,184,41644,35193,58,0,100,False,ht_chantry-random-7.scen,380
380,ht_chantry.map,planner,1,45693,35193,190,184,39646,35193,4822,0,100,True,ht_chantry-random-7.scen,380
380,ht_chantry.map,planner,1,48141,35193,205,184,41644,35193,58,0,1000,False,ht_chantry-random-7.scen,380
380,ht_chantry.map,planner,1,46590,35193,199,184,39847,35193,44750,0,1000,True,ht_chantry-random-7.scen,380
420,ht_chantry.map,planner,1,55243,38963,195,189,46764,38963,61,0,0,False,ht_chantry-random-7.scen,420
420,ht_chantry.map,planner,1,55243,38963,195,189,46764,38963,63,0,0,True,ht_chantry-random-7.scen,420
420,ht_chantry.map,planner,1,55243,38963,195,189,46764,38963,64,0,1,False,ht_chantry-random-7.scen,420
420,ht_chantry.map,planner,1,52664,38963,207,189,45021,38963,149,0,1,True,ht_chantry-random-7.scen,420
420,ht_chantry.map,planner,1,55243,38963,195,189,46764,38963,61,0,10,False,ht_chantry-random-7.scen,420
420,ht_chantry.map,planner,1,52081,38963,205,189,44610,38963,718,0,10,True,ht_chantry-random-7.scen,420
420,ht_chantry.map,planner,1,55243,38963,195,189,46764,38963,61,0,100,False,ht_chantry-random-7.scen,420
420,ht_chantry.map,planner,1,51746,38963,239,189,44162,38963,5707,0,100,True,ht_chantry-random-7.scen,420
420,ht_chantry.map,planner,1,55243,38963,195,189,46764,38963,61,0,1000,False,ht_chantry-random-7.scen,420
460,ht_chantry.map,planner,1,61654,42527,214,189,52107,42527,69,0,0,False,ht_chantry-random-7.scen,460
460,ht_chantry.map,planner,1,61654,42527,214,189,52107,42527,70,0,0,True,ht_chantry-random-7.scen,460
460,ht_chantry.map,planner,1,61654,42527,214,189,52107,42527,68,0,1,False,ht_chantry-random-7.scen,460
460,ht_chantry.map,planner,1,57064,42527,195,189,49262,42527,154,0,1,True,ht_chantry-random-7.scen,460
460,ht_chantry.map,planner,1,61654,42527,214,189,52107,42527,67,0,10,False,ht_chantry-random-7.scen,460
460,ht_chantry.map,planner,1,58584,42527,244,189,49302,42527,839,0,10,True,ht_chantry-random-7.scen,460
460,ht_chantry.map,planner,1,61654,42527,214,189,52107,42527,67,0,100,False,ht_chantry-random-7.scen,460
460,ht_chantry.map,planner,1,57328,42527,207,189,49020,42527,6634,0,100,True,ht_chantry-random-7.scen,460
460,ht_chantry.map,planner,1,61654,42527,214,189,52107,42527,69,0,1000,False,ht_chantry-random-7.scen,460
500,ht_chantry.map,planner,1,68898,46166,216,189,56984,46166,76,0,0,False,ht_chantry-random-7.scen,500
500,ht_chantry.map,planner,1,68898,46166,216,189,56984,46166,78,0,0,True,ht_chantry-random-7.scen,500
500,ht_chantry.map,planner,1,68898,46166,216,189,56984,46166,72,0,1,False,ht_chantry-random-7.scen,500
500,ht_chantry.map,planner,1,65240,46166,217,189,55237,46166,181,0,1,True,ht_chantry-random-7.scen,500
500,ht_chantry.map,planner,1,68898,46166,216,189,56984,46166,78,0,10,False,ht_chantry-random-7.scen,500
500,ht_chantry.map,planner,1,64247,46166,202,189,54666,46166,950,0,10,True,ht_chantry-random-7.scen,500
500,ht_chantry.map,planner,1,68898,46166,216,189,56984,46166,79,0,100,False,ht_chantry-random-7.scen,500
500,ht_chantry.map,planner,1,65096,46166,243,189,54336,46166,8018,0,100,True,ht_chantry-random-7.scen,500
500,ht_chantry.map,planner,1,68898,46166,216,189,56984,46166,79,0,1000,False,ht_chantry-random-7.scen,500
540,ht_chantry.map,planner,1,76432,50026,208,189,63069,50026,80,0,0,False,ht_chantry-random-7.scen,540
540,ht_chantry.map,planner,1,76432,50026,208,189,63069,50026,83,0,0,True,ht_chantry-random-7.scen,540
540,ht_chantry.map,planner,1,76432,50026,208,189,63069,50026,82,0,1,False,ht_chantry-random-7.scen,540
540,ht_chantry.map,planner,1,72941,50026,213,189,61219,50026,198,0,1,True,ht_chantry-random-7.scen,540
540,ht_chantry.map,planner,1,76432,50026,208,189,63069,50026,79,0,10,False,ht_chantry-random-7.scen,540
540,ht_chantry.map,planner,1,72547,50026,212,189,60361,50026,1077,0,10,True,ht_chantry-random-7.scen,540
540,ht_chantry.map,planner,1,76432,50026,208,189,63069,50026,81,0,100,False,ht_chantry-random-7.scen,540
540,ht_chantry.map,planner,1,71493,50026,213,189,59745,50026,8971,0,100,True,ht_chantry-random-7.scen,540
540,ht_chantry.map,planner,1,76432,50026,208,189,63069,50026,79,0,1000,False,ht_chantry-random-7.scen,540
20,ht_chantry.map,planner,1,2135,1918,191,191,1949,1918,2,0,0,False,ht_chantry-random-9.scen,20
20,ht_chantry.map,planner,1,2135,1918,191,191,1949,1918,2,0,0,True,ht_chantry-random-9.scen,20
20,ht_chantry.map,planner,1,2135,1918,191,191,1949,1918,2,0,1,False,ht_chantry-random-9.scen,20
20,ht_chantry.map,planner,1,2135,1918,191,191,1949,1918,2,0,1,True,ht_chantry-random-9.scen,20
20,ht_chantry.map,planner,1,2135,1918,191,191,1949,1918,2,0,10,False,ht_chantry-random-9.scen,20
20,ht_chantry.map,planner,1,2135,1918,191,191,1949,1918,2,0,10,True,ht_chantry-random-9.scen,20
20,ht_chantry.map,planner,1,2135,1918,191,191,1949,1918,2,0,100,False,ht_chantry-random-9.scen,20
20,ht_chantry.map,planner,1,2135,1918,191,191,1949,1918,2,0,100,True,ht_chantry-random-9.scen,20
20,ht_chantry.map,planner,1,2135,1918,191,191,1949,1918,2,0,1000,False,ht_chantry-random-9.scen,20
20,ht_chantry.map,planner,1,2135,1918,191,191,1949,1918,2,0,1000,True,ht_chantry-random-9.scen,20
60,ht_chantry.map,planner,1,6417,5720,191,191,5885,5720,7,0,0,False,ht_chantry-random-9.scen,60
60,ht_chantry.map,planner,1,6417,5720,191,191,5885,5720,7,0,0,True,ht_chantry-random-9.scen,60
60,ht_chantry.map,planner,1,6417,5720,191,191,5885,5720,7,0,1,False,ht_chantry-random-9.scen,60
60,ht_chantry.map,planner,1,6464,5720,191,191,5910,5720,7,0,1,True,ht_chantry-random-9.scen,60
60,ht_chantry.map,planner,1,6417,5720,191,191,5885,5720,7,0,10,False,ht_chantry-random-9.scen,60
60,ht_chantry.map,planner,1,6464,5720,191,191,5910,5720,8,0,10,True,ht_chantry-random-9.scen,60
60,ht_chantry.map,planner,1,6417,5720,191,191,5885,5720,8,0,100,False,ht_chantry-random-9.scen,60
60,ht_chantry.map,planner,1,6464,5720,191,191,5910,5720,7,0,100,True,ht_chantry-random-9.scen,60
60,ht_chantry.map,planner,1,6417,5720,191,191,5885,5720,7,0,1000,False,ht_chantry-random-9.scen,60
60,ht_chantry.map,planner,1,6464,5720,191,191,5910,5720,8,0,1000,True,ht_chantry-random-9.scen,60
100,ht_chantry.map,planner,1,10870,9618,202,202,10145,9618,13,0,0,False,ht_chantry-random-9.scen,100
100,ht_chantry.map,planner,1,10870,9618,202,202,10145,9618,12,0,0,True,ht_chantry-random-9.scen,100
100,ht_chantry.map,planner,1,10870,9618,202,202,10145,9618,13,0,1,False,ht_chantry-random-9.scen,100
100,ht_chantry.map,planner,1,10822,9618,202,202,10102,9618,12,0,1,True,ht_chantry-random-9.scen,100
100,ht_chantry.map,planner,1,10870,9618,202,202,10145,9618,12,0,10,False,ht_chantry-random-9.scen,100
100,ht_chantry.map,planner,1,10822,9618,202,202,10102,9618,13,0,10,True,ht_chantry-random-9.scen,100
100,ht_chantry.map,planner,1,10870,9618,202,202,10145,9618,12,0,100,False,ht_chantry-random-9.scen,100
100,ht_chantry.map,planner,1,10822,9618,202,202,10102,9618,13,0,100,True,ht_chantry-random-9.scen,100
100,ht_chantry.map,planner,1,10870,9618,202,202,10145,9618,13,0,1000,False,ht_chantry-random-9.scen,100
100,ht_chantry.map,planner,1,10822,9618,202,202,10102,9618,13,0,1000,True,ht_chantry-random-9.scen,100
140,ht_chantry.map,planner,1,15730,13349,202,202,14449,13349,18,0,0,False,ht_chantry-random-9.scen,140
140,ht_chantry.map,planner,1,15730,13349,202,202,14449,13349,19,0,0,True,ht_chantry-random-9.scen,140
140,ht_chantry.map,planner,1,15730,13349,202,202,14449,13349,19,0,1,False,ht_chantry-random-9.scen,140
140,ht_chantry.map,planner,1,15377,13349,202,202,14201,13349,18,0,1,True,ht_chantry-random-9.scen,140
140,ht_chantry.map,planner,1,15730,13349,202,202,14449,13349,18,0,10,False,ht_chantry-random-9.scen,140
140,ht_chantry.map,planner,1,15377,13349,202,202,14201,13349,20,0,10,True,ht_chantry-random-9.scen,140
140,ht_chantry.map,planner,1,15730,13349,202,202,14449,13349,19,0,100,False,ht_chantry-random-9.scen,140
140,ht_chantry.map,planner,1,15377,13349,202,202,14201,13349,19,0,100,True,ht_chantry-random-9.scen,140
140,ht_chantry.map,planner,1,15730,13349,202,202,14449,13349,19,0,1000,False,ht_chantry-random-9.scen,140
140,ht_chantry.map,planner,1,15377,13349,202,202,14201,13349,20,0,1000,True,ht_chantry-random-9.scen,140
180,ht_chantry.map,planner,1,21602,17502,202,202,19205,17502,22,0,0,False,ht_chantry-random-9.scen,180
180,ht_chantry.map,planner,1,21602,17502,202,202,19205,17502,24,0,0,True,ht_chantry-random-9.scen,180
180,ht_chantry.map,planner,1,21602,17502,202,202,19205,17502,24,0,1,False,ht_chantry-random-9.scen,180
180,ht_chantry.map,planner,1,20828,17502,202,202,18823,17502,26,0,1,True,ht_chantry-random-9.scen,180
180,ht_chantry.map,planner,1,21602,17502,202,202,19205,17502,23,0,10,False,ht_chantry-random-9.scen,180
180,ht_chantry.map,planner,1,20828,17502,202,202,18823,17502,28,0,10,True,ht_chantry-random-9.scen,180
180,ht_chantry.map,planner,1,21602,17502,202,202,19205,17502,23,0,100,False,ht_chantry-random-9.scen,180
180,ht_chantry.map,planner,1,20828,17502,202,202,18823,17502,39,0,100,True,ht_chantry-random-9.scen,180
180,ht_chantry.map,planner,1,21602,17502,202,202,19205,17502,25,0,1000,False,ht_chantry-random-9.scen,180
180,ht_chantry.map,planner,1,20828,17502,202,202,18823,17502,29,0,1000,True,ht_chantry-random-9.scen,180
220,ht_chantry.map,planner,1,26290,21063,202,202,23214,21063,29,0,0,False,ht_chantry-random-9.scen,220
220,ht_chantry.map,planner,1,26290,21063,202,202,23214,21063,31,0,0,True,ht_chantry-random-9.scen,220
220,ht_chantry.map,planner,1,26290,21063,202,202,23214,21063,28,0,1,False,ht_chantry-random-9.scen,220
220,ht_chantry.map,planner,1,25562,21063,202,202,22748,21063,42,0,1,True,ht_chantry-random-9.scen,220
220,ht_chantry.map,planner,1,26290,21063,202,202,23214,21063,30,0,10,False,ht_chantry-random-9.scen,220
220,ht_chantry.map,planner,1,25548,21063,202,202,22722,21063,100,0,10,True,ht_chantry-random-9.scen,220
220,ht_chantry.map,planner,1,26290,21063,202,202,23214,21063,29,0,100,False,ht_chantry-random-9.scen,220
220,ht_chantry.map,planner,1,25929,21063,202,202,22731,21063,472,0,100,True,ht_chantry-random-9.scen,220
220,ht_chantry.map,planner,1,26290,21063,202,202,23214,21063,30,0,1000,False,ht_chantry-random-9.scen,220
220,ht_chantry.map,planner,1,25726,21063,202,202,22775,21063,1331,0,1000,True,ht_chantry-random-9.scen,220
260,ht_chantry.map,planner,1,31417,24946,202,202,27609,24946,33,0,0,False,ht_chantry-random-9.scen,260
260,ht_chantry.map,planner,1,31417,24946,202,202,27609,24946,36,0,0,True,ht_chantry-random-9.scen,260
260,ht_chantry.map,planner,1,31417,24946,202,202,27609,24946,36,0,1,False,ht_chantry-random-9.scen,260
260,ht_chantry.map,planner,1,30352,24946,205,202,26951,24946,61,0,1,True,ht_chantry-random-9.scen,260
260,ht_chantry.map,planner,1,31417,24946,202,202,27609,24946,38,0,10,False,ht_chantry-random-9.scen,260
260,ht_chantry.map,planner,1,30582,24946,202,202,27037,24946,233,0,10,True,ht_chantry-random-9.scen,260
260,ht_chantry.map,planner,1,31417,24946,202,202,27609,24946,37,0,100,False,ht_chantry-random-9.scen,260
260,ht_chantry.map,planner,1,30475,24946,206,202,27018,24946,312,0,100,True,ht_chantry-random-9.scen,260
260,ht_chantry.map,planner,1,31417,24946,202,202,27609,24946,36,0,1000,False,ht_chantry-random-9.scen,260
260,ht_chantry.map,planner,1,30722,24946,204,202,26981,24946,1221,0,1000,True,ht_chantry-random-9.scen,260
300,ht_chantry.map,planner,1,37749,28996,202,202,32711,28996,44,0,0,False,ht_chantry-random-9.scen,300
300,ht_chantry.map,planner,1,37749,28996,202,202,32711,28996,44,0,0,True,ht_chantry-random-9.scen,300
300,ht_chantry.map,planner,1,37749,28996,202,202,32711,28996,42,0,1,False,ht_chantry-random-9.scen,300
300,ht_chantry.map,planner,1,36612,28996,203,202,31742,28996,92,0,1,True,ht_chantry-random-9.scen,300
300,ht_chantry.map,planner,1,37749,28996,202,202,32711,28996,43,0,10,False,ht_chantry-random-9.scen,300
300,ht_chantry.map,planner,1,36517,28996,202,202,31645,28996,284,0,10,True,ht_chantry-random-9.scen,300
300,ht_chantry.map,planner,1,37749,28996,202,202,32711,28996,42,0,100,False,ht_chantry-random-9.scen,300
300,ht_chantry.map,planner,1,35831,28996,203,202,31535,28996,1581,0,100,True,ht_chantry-random-9.scen,300
300,ht_chantry.map,planner,1,37749,28996,202,202,32711,28996,43,0,1000,False,ht_chantry-random-9.scen,300
300,ht_chantry.map,planner,1,36636,28996,202,202,31576,28996,6708,0,1000,True,ht_chantry-random-9.scen,300
340,ht_chantry.map,planner,1,43604,32390,202,202,37279,32390,49,0,0,False,ht_chantry-random-9.scen,340
340,ht_chantry.map,planner,1,43604,32390,202,202,37279,32390,52,0,0,True,ht_chantry-random-9.scen,340
340,ht_chantry.map,planner,1,43604,32390,202,202,37279,32390,46,0,1,False,ht_chantry-random-9.scen,340
340,ht_chantry.map,planner,1,41632,32390,202,202,35968,32390,112,0,1,True,ht_chantry-random-9.scen,340
340,ht_chantry.map,planner,1,43604,32390,202,202,37279,32390,46,0,10,False,ht_chantry-random-9.scen,340
340,ht_chantry.map,planner,1,41962,32390,207,202,35738,32390,479,0,10,True,ht_chantry-random-9.scen,340
340,ht_chantry.map,planner,1,43604,32390,202,202,37279,32390,50,0,100,False,ht_chantry-random-9.scen,340
340,ht_chantry.map,planner,1,41946,32390,202,202,35855,32390,3782,0,100,True,ht_chantry-random-9.scen,340
340,ht_chantry.map,planner,1,43604,32390,202,202,37279,32390,46,0,1000,False,ht_chantry-random-9.scen,340
340,ht_chantry.map,planner,1,41884,32390,216,202,35769,32390,32447,0,1000,True,ht_chantry-random-9.scen,340
380,ht_chantry.map,planner,1,49543,36103,209,202,41971,36103,56,0,0,False,ht_chantry-random-9.scen,380
380,ht_chantry.map,planner,1,49543,36103,209,202,41971,36103,56,0,0,True,ht_chantry-random-9.scen,380
380,ht_chantry.map,planner,1,49543,36103,209,202,41971,36103,54,0,1,False,ht_chantry-random-9.scen,380
380,ht_chantry.map,planner,1,47619,36103,202,202,41102,36103,126,0,1,True,ht_chantry-random-9.scen,380
380,ht_chantry.map,planner,1,49543,36103,209,202,41971,36103,50,0,10,False,ht_chantry-random-9.scen,380
380,ht_chantry.map,planner,1,47854,36103,202,202,40685,36103,592,0,10,True,ht_chantry-random-9.scen,380
380,ht_chantry.map,planner,1,49543,36103,209,202,41971,36103,53,0,100,False,ht_chantry-random-9.scen,380
380,ht_chantry.map,planner,1,46747,36103,202,202,40293,36103,5331,0,100,True,ht_chantry-random-9.scen,380
380,ht_chantry.map,planner,1,49543,36103,209,202,41971,36103,50,0,1000,False,ht_chantry-random-9.scen,380
380,ht_chantry.map,planner,1,46915,36103,202,202,40213,36103,38965,0,1000,True,ht_chantry-random-9.scen,380
420,ht_chantry.map,planner,1,56318,39975,205,202,47337,39975,59,0,0,False,ht_chantry-random-9.scen,420
420,ht_chantry.map,planner,1,56318,39975,205,202,47337,39975,61,0,0,True,ht_chantry-random-9.scen,420
420,ht_chantry.map,planner,1,56318,39975,205,202,47337,39975,60,0,1,False,ht_chantry-random-9.scen,420
420,ht_chantry.map,planner,1,54789,39975,207,202,46232,39975,147,0,1,True,ht_chantry-random-9.scen,420
420,ht_chantry.map,planner,1,56318,39975,205,202,47337,39975,59,0,10,False,ht_chantry-random-9.scen,420
420,ht_chantry.map,planner,1,53923,39975,202,202,46061,39975,803,0,10,True,ht_chantry-random-9.scen,420
420,ht_chantry.map,planner,1,56318,39975,205,202,47337,39975,60,0,100,False,ht_chantry-random-9.scen,420
420,ht_chantry.map,planner,1,53839,39975,202,202,45567,39975,6217,0,100,True,ht_chantry-random-9.scen,420
420,ht_chantry.map,planner,1,56318,39975,205,202,47337,39975,63,0,1000,False,ht_chantry-random-9.scen,420
460,ht_chantry.map,planner,1,63751,44219,204,202,53833,44219,67,0,0,False,ht_chantry-random-9.scen,460
460,ht_chantry.map,planner,1,63751,44219,204,202,53833,44219,68,0,0,True,ht_chantry-random-9.scen,460
460,ht_chantry.map,planner,1,63751,44219,204,202,53833,44219,68,0,1,False,ht_chantry-random-9.scen,460
460,ht_chantry.map,planner,1,60732,44219,205,202,52410,44219,168,0,1,True,ht_chantry-random-9.scen,460
460,ht_chantry.map,planner,1,63751,44219,204,202,53833,44219,71,0,10,False,ht_chantry-random-9.scen,460
460,ht_chantry.map,planner,1,60847,44219,205,202,52433,44219,965,0,10,True,ht_chantry-random-9.scen,460
460,ht_chantry.map,planner,1,63751,44219,204,202,53833,44219,68,0,100,False,ht_chantry-random-9.scen,460
460,ht_chantry.map,planner,1,59155,44219,206,202,50948,44219,7318,0,100,True,ht_chantry-random-9.scen,460
460,ht_chantry.map,planner,1,63751,44219,204,202,53833,44219,69,0,1000,False,ht_chantry-random-9.scen,460
500,ht_chantry.map,planner,1,69783,48273,210,202,59013,48273,75,0,0,False,ht_chantry-random-9.scen,500
500,ht_chantry.map,planner,1,69783,48273,210,202,59013,48273,81,0,0,True,ht_chantry-random-9.scen,500
500,ht_chantry.map,planner,1,69783,48273,210,202,59013,48273,76,0,1,False,ht_chantry-random-9.scen,500
500,ht_chantry.map,planner,1,67114,48273,219,202,57329,48273,178,0,1,True,ht_chantry-random-9.scen,500
500,ht_chantry.map,planner,1,69783,48273,210,202,59013,48273,74,0,10,False,ht_chantry-random-9.scen,500
500,ht_chantry.map,planner,1,67296,48273,253,202,57989,48273,1036,0,10,True,ht_chantry-random-9.scen,500
500,ht_chantry.map,planner,1,69783,48273,210,202,59013,48273,76,0,100,False,ht_chantry-random-9.scen,500
500,ht_chantry.map,planner,1,66771,48273,231,202,57250,48273,8791,0,100,True,ht_chantry-random-9.scen,500
500,ht_chantry.map,planner,1,69783,48273,210,202,59013,48273,73,0,1000,False,ht_chantry-random-9.scen,500
540,ht_chantry.map,planner,1,78013,51516,214,202,64671,51516,83,0,0,False,ht_chantry-random-9.scen,540
540,ht_chantry.map,planner,1,78013,51516,214,202,64671,51516,90,0,0,True,ht_chantry-random-9.scen,540
540,ht_chantry.map,planner,1,78013,51516,214,202,64671,51516,79,0,1,False,ht_chantry-random-9.scen,540
540,ht_chantry.map,planner,1,74032,51516,218,202,62881,51516,202,0,1,True,ht_chantry-random-9.scen,540
540,ht_chantry.map,planner,1,78013,51516,214,202,64671,51516,82,0,10,False,ht_chantry-random-9.scen,540
540,ht_chantry.map,planner,1,73916,51516,202,202,62320,51516,1089,0,10,True,ht_chantry-random-9.scen,540
540,ht_chantry.map,planner,1,78013,51516,214,202,64671,51516,82,0,100,False,ht_chantry-random-9.scen,540
540,ht_chantry.map,planner,1,73558,51516,203,202,62373,51516,9343,0,100,True,ht_chantry-random-9.scen,540
540,ht_chantry.map,planner,1,78013,51516,214,202,64671,51516,84,0,1000,False,ht_chantry-random-9.scen,540
20,ht_chantry.map,planner,1,2180,2138,183,183,2155,2138,2,0,0,False,ht_chantry-random-13.scen,20
20,ht_chantry.map,planner,1,2180,2138,183,183,2155,2138,2,0,0,True,ht_chantry-random-13.scen,20
20,ht_chantry.map,planner,1,2180,2138,183,183,2155,2138,2,0,1,False,ht_chantry-random-13.scen,20
20,ht_chantry.map,planner,1,2180,2138,183,183,2155,2138,2,0,1,True,ht_chantry-random-13.scen,20
20,ht_chantry.map,planner,1,2180,2138,183,183,2155,2138,2,0,10,False,ht_chantry-random-13.scen,20
20,ht_chantry.map,planner,1,2180,2138,183,183,2155,2138,2,0,10,True,ht_chantry-random-13.scen,20
20,ht_chantry.map,planner,1,2180,2138,183,183,2155,2138,2,0,100,False,ht_chantry-random-13.scen,20
20,ht_chantry.map,planner,1,2180,2138,183,183,2155,2138,2,0,100,True,ht_chantry-random-13.scen,20
20,ht_chantry.map,planner,1,2180,2138,183,183,2155,2138,2,0,1000,False,ht_chantry-random-13.scen,20
20,ht_chantry.map,planner,1,2180,2138,183,183,2155,2138,2,0,1000,True,ht_chantry-random-13.scen,20
60,ht_chantry.map,planner,1,6876,6253,199,199,6598,6253,7,0,0,False,ht_chantry-random-13.scen,60
60,ht_chantry.map,planner,1,6876,6253,199,199,6598,6253,7,0,0,True,ht_chantry-random-13.scen,60
60,ht_chantry.map,planner,1,6876,6253,199,199,6598,6253,8,0,1,False,ht_chantry-random-13.scen,60
60,ht_chantry.map,planner,1,6841,6253,199,199,6616,6253,8,0,1,True,ht_chantry-random-13.scen,60
60,ht_chantry.map,planner,1,6876,6253,199,199,6598,6253,8,0,10,False,ht_chantry-random-13.scen,60
60,ht_chantry.map,planner,1,6841,6253,199,199,6616,6253,8,0,10,True,ht_chantry-random-13.scen,60
60,ht_chantry.map,planner,1,6876,6253,199,199,6598,6253,7,0,100,False,ht_chantry-random-13.scen,60
60,ht_chantry.map,planner,1,6841,6253,199,199,6616,6253,8,0,100,True,ht_chantry-random-13.scen,60
60,ht_chantry.map,planner,1,6876,6253,199,199,6598,6253,9,0,1000,False,ht_chantry-random-13.scen,60
60,ht_chantry.map,planner,1,6841,6253,199,199,6616,6253,8,0,1000,True,ht_chantry-random-13.scen,60
100,ht_chantry.map,planner,1,11732,10314,201,199,11120,10314,14,0,0,False,ht_chantry-random-13.scen,100
100,ht_chantry.map,planner,1,11732,10314,201,199,11120,10314,13,0,0,True,ht_chantry-random-13.scen,100
100,ht_chantry.map,planner,1,11732,10314,201,199,11120,10314,12,0,1,False,ht_chantry-random-13.scen,100
100,ht_chantry.map,planner,1,11838,10314,203,199,11114,10314,13,0,1,True,ht_chantry-random-13.scen,100
100,ht_chantry.map,planner,1,11732,10314,201,199,11120,10314,13,0,10,False,ht_chantry-random-13.scen,100
100,ht_chantry.map,planner,1,11838,10314,203,199,11114,10314,14,0,10,True,ht_chantry-random-13.scen,100
100,ht_chantry.map,planner,1,11732,10314,201,199,11120,10314,17,0,100,False,ht_chantry-random-13.scen,100
100,ht_chantry.map,planner,1,11838,10314,203,199,11114,10314,15,0,100,True,ht_chantry-random-13.scen,100
100,ht_chantry.map,planner,1,11732,10314,201,199,11120,10314,13,0,1000,False,ht_chantry-random-13.scen,100
100,ht_chantry.map,planner,1,11838,10314,203,199,11114,10314,14,0,1000,True,ht_chantry-random-13.scen,100
140,ht_chantry.map,planner,1,16930,13995,205,199,15604,13995,19,0,0,False,ht_chantry-random-13.scen,140
140,ht_chantry.map,planner,1,16930,13995,205,199,15604,13995,18,0,0,True,ht_chantry-random-13.scen,140
140,ht_chantry.map,planner,1,16930,13995,205,199,15604,13995,19,0,1,False,ht_chantry-random-13.scen,140
140,ht_chantry.map,planner,1,16402,13995,207,199,15100,13995,22,0,1,True,ht_chantry-random-13.scen,140
140,ht_chantry.map,planner,1,16930,13995,205,199,15604,13995,20,0,10,False,ht_chantry-random-13.scen,140
140,ht_chantry.map,planner,1,16402,13995,207,199,15100,13995,22,0,10,True,ht_chantry-random-13.scen,140
140,ht_chantry.map,planner,1,16930,13995,205,199,15604,13995,18,0,100,False,ht_chantry-random-13.scen,140
140,ht_chantry.map,planner,1,16402,13995,207,199,15100,13995,21,0,100,True,ht_chantry-random-13.scen,140
140,ht_chantry.map,planner,1,16930,13995,205,199,15604,13995,17,0,1000,False,ht_chantry-random-13.scen,140
140,ht_chantry.map,planner,1,16402,13995,207,199,15100,13995,21,0,1000,True,ht_chantry-random-13.scen,140
180,ht_chantry.map,planner,1,23456,18760,203,202,21291,18760,22,0,0,False,ht_chantry-random-13.scen,180
180,ht_chantry.map,planner,1,23456,18760,203,202,21291,18760,24,0,0,True,ht_chantry-random-13.scen,180
180,ht_chantry.map,planner,1,23456,18760,203,202,21291,18760,24,0,1,False,ht_chantry-random-13.scen,180
180,ht_chantry.map,planner,1,22362,18760,209,202,20606,18760,46,0,1,True,ht_chantry-random-13.scen,180
180,ht_chantry.map,planner,1,23456,18760,203,202,21291,18760,24,0,10,False,ht_chantry-random-13.scen,180
180,ht_chantry.map,planner,1,22446,18760,207,202,20596,18760,111,0,10,True,ht_chantry-random-13.scen,180
180,ht_chantry.map,planner,1,23456,18760,203,202,21291,18760,25,0,100,False,ht_chantry-random-13.scen,180
180,ht_chantry.map,planner,1,22198,18760,209,202,20507,18760,254,0,100,True,ht_chantry-random-13.scen,180
180,ht_chantry.map,planner,1,23456,18760,203,202,21291,18760,27,0,1000,False,ht_chantry-random-13.scen,180
180,ht_chantry.map,planner,1,22198,18760,209,202,20507,18760,208,0,1000,True,ht_chantry-random-13.scen,180
220,ht_chantry.map,planner,1,28404,22569,204,202,25733,22569,31,0,0,False,ht_chantry-random-13.scen,220
220,ht_chantry.map,planner,1,28404,22569,204,202,25733,22569,33,0,0,True,ht_chantry-random-13.scen,220
220,ht_chantry.map,planner,1,28404,22569,204,202,25733,22569,29,0,1,False,ht_chantry-random-13.scen,220
220,ht_chantry.map,planner,1,27000,22569,213,202,24835,22569,65,0,1,True,ht_chantry-random-13.scen,220
220,ht_chantry.map,planner,1,28404,22569,204,202,25733,22569,31,0,10,False,ht_chantry-random-13.scen,220
220,ht_chantry.map,planner,1,27307,22569,206,202,24676,22569,143,0,10,True,ht_chantry-random-13.scen,220
220,ht_chantry.map,planner,1,28404,22569,204,202,25733,22569,29,0,100,False,ht_chantry-random-13.scen,220
220,ht_chantry.map,planner,1,27063,22569,205,202,24657,22569,586,0,100,True,ht_chantry-random-13.scen,220
220,ht_chantry.map,planner,1,28404,22569,204,202,25733,22569,30,0,1000,False,ht_chantry-random-13.scen,220
220,ht_chantry.map,planner,1,26571,22569,212,202,24629,22569,3601,0,1000,True,ht_chantry-random-13.scen,220
260,ht_chantry.map,planner,1,34459,26571,204,202,30762,26571,36,0,0,False,ht_chantry-random-13.scen,260
260,ht_chantry.map,planner,1,34459,26571,204,202,30762,26571,42,0,0,True,ht_chantry-random-13.scen,260
260,ht_chantry.map,planner,1,34459,26571,204,202,30762,26571,38,0,1,False,ht_chantry-random-13.scen,260
260,ht_chantry.map,planner,1,33552,26571,210,202,29700,26571,86,0,1,True,ht_chantry-random-13.scen,260
260,ht_chantry.map,planner,1,34459,26571,204,202,30762,26571,40,0,10,False,ht_chantry-random-13.scen,260
260,ht_chantry.map,planner,1,32763,26571,211,202,29467,26571,344,0,10,True,ht_chantry-random-13.scen,260
260,ht_chantry.map,planner,1,34459,26571,204,202,30762,26571,36,0,100,False,ht_chantry-random-13.scen,260
260,ht_chantry.map,planner,1,33120,26571,219,202,29473,26571,1910,0,100,True,ht_chantry-random-13.scen,260
260,ht_chantry.map,planner,1,34459,26571,204,202,30762,26571,37,0,1000,False,ht_chantry-random-13.scen,260
260,ht_chantry.map,planner,1,33223,26571,213,202,29389,26571,14822,0,1000,True,ht_chantry-random-13.scen,260
300,ht_chantry.map,planner,1,40807,30652,218,202,36066,30652,47,0,0,False,ht_chantry-random-13.scen,300
300,ht_chantry.map,planner,1,40807,30652,218,202,36066,30652,49,0,0,True,ht_chantry-random-13.scen,300
300,ht_chantry.map,planner,1,40807,30652,218,202,36066,30652,47,0,1,False,ht_chantry-random-13.scen,300
300,ht_chantry.map,planner,1,38517,30652,202,202,34295,30652,107,0,1,True,ht_chantry-random-13.scen,300
300,ht_chantry.map,planner,1,40807,30652,218,202,36066,30652,47,0,10,False,ht_chantry-random-13.scen,300
300,ht_chantry.map,planner,1,39013,30652,202,202,34403,30652,516,0,10,True,ht_chantry-random-13.scen,300
300,ht_chantry.map,planner,1,40807,30652,218,202,36066,30652,44,0,100,False,ht_chantry-random-13.scen,300
300,ht_chantry.map,planner,1,38355,30652,212,202,34318,30652,3738,0,100,True,ht_chantry-random-13.scen,300
300,ht_chantry.map,planner,1,40807,30652,218,202,36066,30652,45,0,1000,False,ht_chantry-random-13.scen,300
300,ht_chantry.map,planner,1,38602,30652,205,202,34087,30652,26580,0,1000,True,ht_chantry-random-13.scen,300
340,ht_chantry.map,planner,1,46198,33761,202,202,39894,33761,55,0,0,False,ht_chantry-random-13.scen,340
340,ht_chantry.map,planner,1,46198,33761,202,202,39894,33761,53,0,0,True,ht_chantry-random-13.scen,340
340,ht_chantry.map,planner,1,46198,33761,202,202,39894,33761,49,0,1,False,ht_chantry-random-13.scen,340
340,ht_chantry.map,planner,1,43651,33761,203,202,38636,33761,120,0,1,True,ht_chantry-random-13.scen,340
340,ht_chantry.map,planner,1,46198,33761,202,202,39894,33761,51,0,10,False,ht_chantry-random-13.scen,340
340,ht_chantry.map,planner,1,42797,33761,216,202,37971,33761,557,0,10,True,ht_chantry-random-13.scen,340
340,ht_chantry.map,planner,1,46198,33761,202,202,39894,33761,50,0,100,False,ht_chantry-random-13.scen,340
340,ht_chantry.map,planner,1,43180,33761,211,202,37864,33761,4525,0,100,True,ht_chantry-random-13.scen,340
340,ht_chantry.map,planner,1,46198,33761,202,202,39894,33761,50,0,1000,False,ht_chantry-random-13.scen,340
340,ht_chantry.map,planner,1,42602,33761,207,202,37683,33761,29579,0,1000,True,ht_chantry-random-13.scen,340
380,ht_chantry.map,planner,1,52236,37999,218,202,45504,37999,62,0,0,False,ht_chantry-random-13.scen,380
380,ht_chantry.map,planner,1,52236,37999,218,202,45504,37999,57,0,0,True,ht_chantry-random-13.scen,380
380,ht_chantry.map,planner,1,52236,37999,218,202,45504,37999,57,0,1,False,ht_chantry-random-13.scen,380
380,ht_chantry.map,planner,1,49424,37999,208,202,43626,37999,140,0,1,True,ht_chantry-random-13.scen,380
380,ht_chantry.map,planner,1,52236,37999,218,202,45504,37999,59,0,10,False,ht_chantry-random-13.scen,380
380,ht_chantry.map,planner,1,49486,37999,212,202,43019,37999,648,0,10,True,ht_chantry-random-13.scen,380
380,ht_chantry.map,planner,1,52236,37999,218,202,45504,37999,56,0,100,False,ht_chantry-random-13.scen,380
380,ht_chantry.map,planner,1,49184,37999,213,202,42856,37999,5193,0,100,True,ht_chantry-random-13.scen,380
380,ht_chantry.map,planner,1,52236,37999,218,202,45504,37999,60,0,1000,False,ht_chantry-random-13.scen,380
380,ht_chantry.map,planner,1,49016,37999,228,202,42916,37999,48089,0,1000,True,ht_chantry-random-13.scen,380
420,ht_chantry.map,planner,1,59906,41828,204,202,51144,41828,64,0,0,False,ht_chantry-random-13.scen,420
420,ht_chantry.map,planner,1,59906,41828,204,202,51144,41828,63,0,0,True,ht_chantry-random-13.scen,420
420,ht_chantry.map,planner,1,59906,41828,204,202,51144,41828,65,0,1,False,ht_chantry-random-13.scen,420
420,ht_chantry.map,planner,1,55411,41828,209,202,48845,41828,166,0,1,True,ht_chantry-random-13.scen,420
420,ht_chantry.map,planner,1,59906,41828,204,202,51144,41828,62,0,10,False,ht_chantry-random-13.scen,420
420,ht_chantry.map,planner,1,55892,41828,207,202,48288,41828,826,0,10,True,ht_chantry-random-13.scen,420
420,ht_chantry.map,planner,1,59906,41828,204,202,51144,41828,65,0,100,False,ht_chantry-random-13.scen,420
420,ht_chantry.map,planner,1,55415,41828,210,202,47959,41828,6915,0,100,True,ht_chantry-random-13.scen,420
420,ht_chantry.map,planner,1,59906,41828,204,202,51144,41828,64,0,1000,False,ht_chantry-random-13.scen,420
460,ht_chantry.map,planner,1,65126,45615,207,202,55861,45615,72,0,0,False,ht_chantry-random-13.scen,460
460,ht_chantry.map,planner,1,65126,45615,207,202,55861,45615,71,0,0,True,ht_chantry-random-13.scen,460
460,ht_chantry.map,planner,1,65126,45615,207,202,55861,45615,74,0,1,False,ht_chantry-random-13.scen,460
460,ht_chantry.map,planner,1,62915,45615,204,202,54675,45615,182,0,1,True,ht_chantry-random-13.scen,460
460,ht_chantry.map,planner,1,65126,45615,207,202,55861,45615,69,0,10,False,ht_chantry-random-13.scen,460
460,ht_chantry.map,planner,1,62728,45615,211,202,54273,45615,992,0,10,True,ht_chantry-random-13.scen,460
460,ht_chantry.map,planner,1,65126,45615,207,202,55861,45615,84,0,100,False,ht_chantry-random-13.scen,460
460,ht_chantry.map,planner,1,61342,45615,218,202,53710,45615,8145,0,100,True,ht_chantry-random-13.scen,460
460,ht_chantry.map,planner,1,65126,45615,207,202,55861,45615,70,0,1000,False,ht_chantry-random-13.scen,460
500,ht_chantry.map,planner,1,72270,49911,206,202,61821,49911,78,0,0,False,ht_chantry-random-13.scen,500
500,ht_chantry.map,planner,1,72270,49911,206,202,61821,49911,78,0,0,True,ht_chantry-random-13.scen,500
500,ht_chantry.map,planner,1,72270,49911,206,202,61821,49911,79,0,1,False,ht_chantry-random-13.scen,500
500,ht_chantry.map,planner,1,70061,49911,219,202,60082,49911,197,0,1,True,ht_chantry-random-13.scen,500
500,ht_chantry.map,planner,1,72270,49911,206,202,61821,49911,78,0,10,False,ht_chantry-random-13.scen,500
500,ht_chantry.map,planner,1,69297,49911,221,202,59385,49911,1079,0,10,True,ht_chantry-random-13.scen,500
500,ht_chantry.map,planner,1,72270,49911,206,202,61821,49911,76,0,100,False,ht_chantry-random-13.scen,500
500,ht_chantry.map,planner,1,68771,49911,209,202,59170,49911,9152,0,100,True,ht_chantry-random-13.scen,500
500,ht_chantry.map,planner,1,72270,49911,206,202,61821,49911,79,0,1000,False,ht_chantry-random-13.scen,500
540,ht_chantry.map,planner,1,81562,53285,230,202,69061,53285,86,0,0,False,ht_chantry-random-13.scen,540
540,ht_chantry.map,planner,1,81562,53285,230,202,69061,53285,93,0,0,True,ht_chantry-random-13.scen,540
540,ht_chantry.map,planner,1,81562,53285,230,202,69061,53285,87,0,1,False,ht_chantry-random-13.scen,540
540,ht_chantry.map,planner,1,80896,53285,216,202,68285,53285,223,0,1,True,ht_chantry-random-13.scen,540
540,ht_chantry.map,planner,1,81562,53285,230,202,69061,53285,83,0,10,False,ht_chantry-random-13.scen,540
540,ht_chantry.map,planner,1,77349,53285,215,202,65853,53285,1229,0,10,True,ht_chantry-random-13.scen,540
540,ht_chantry.map,planner,1,81562,53285,230,202,69061,53285,85,0,100,False,ht_chantry-random-13.scen,540
540,ht_chantry.map,planner,1,76357,53285,226,202,65073,53285,10862,0,100,True,ht_chantry-random-13.scen,540
540,ht_chantry.map,planner,1,81562,53285,230,202,69061,53285,87,0,1000,False,ht_chantry-random-13.scen,540
20,ht_chantry.map,planner,1,1923,1883,163,163,1923,1883,2,0,0,False,ht_chantry-random-21.scen,20
20,ht_chantry.map,planner,1,1923,1883,163,163,1923,1883,3,0,0,True,ht_chantry-random-21.scen,20
20,ht_chantry.map,planner,1,1923,1883,163,163,1923,1883,2,0,1,False,ht_chantry-random-21.scen,20
20,ht_chantry.map,planner,1,1923,1883,163,163,1923,1883,2,0,1,True,ht_chantry-random-21.scen,20
20,ht_chantry.map,planner,1,1923,1883,163,163,1923,1883,2,0,10,False,ht_chantry-random-21.scen,20
20,ht_chantry.map,planner,1,1923,1883,163,163,1923,1883,2,0,10,True,ht_chantry-random-21.scen,20
20,ht_chantry.map,planner,1,1923,1883,163,163,1923,1883,2,0,100,False,ht_chantry-random-21.scen,20
20,ht_chantry.map,planner,1,1923,1883,163,163,1923,1883,3,0,100,True,ht_chantry-random-21.scen,20
20,ht_chantry.map,planner,1,1923,1883,163,163,1923,1883,2,0,1000,False,ht_chantry-random-21.scen,20
20,ht_chantry.map,planner,1,1923,1883,163,163,1923,1883,2,0,1000,True,ht_chantry-random-21.scen,20
60,ht_chantry.map,planner,1,5834,5361,179,179,5497,5361,7,0,0,False,ht_chantry-random-21.scen,60
60,ht_chantry.map,planner,1,5834,5361,179,179,5497,5361,7,0,0,True,ht_chantry-random-21.scen,60
60,ht_chantry.map,planner,1,5834,5361,179,179,5497,5361,7,0,1,False,ht_chantry-random-21.scen,60
60,ht_chantry.map,planner,1,5784,5361,179,179,5513,5361,6,0,1,True,ht_chantry-random-21.scen,60
60,ht_chantry.map,planner,1,5834,5361,179,179,5497,5361,6,0,10,False,ht_chantry-random-21.scen,60
60,ht_chantry.map,planner,1,5784,5361,179,179,5513,5361,6,0,10,True,ht_chantry-random-21.scen,60
60,ht_chantry.map,planner,1,5834,5361,179,179,5497,5361,6,0,100,False,ht_chantry-random-21.scen,60
60,ht_chantry.map,planner,1,5784,5361,179,179,5513,5361,6,0,100,True,ht_chantry-random-21.scen,60
60,ht_chantry.map,planner,1,5834,5361,179,179,5497,5361,8,0,1000,False,ht_chantry-random-21.scen,60
60,ht_chantry.map,planner,1,5784,5361,179,179,5513,5361,6,0,1000,True,ht_chantry-random-21.scen,60
100,ht_chantry.map,planner,1,10480,9090,179,179,9670,9090,11,0,0,False,ht_chantry-random-21.scen,100
100,ht_chantry.map,planner,1,10480,9090,179,179,9670,9090,13,0,0,True,ht_chantry-random-21.scen,100
100,ht_chantry.map,planner,1,10480,9090,179,179,9670,9090,11,0,1,False,ht_chantry-random-21.scen,100
100,ht_chantry.map,planner,1,10403,9090,180,179,9474,9090,12,0,1,True,ht_chantry-random-21.scen,100
100,ht_chantry.map,planner,1,10480,9090,179,179,9670,9090,11,0,10,False,ht_chantry-random-21.scen,100
100,ht_chantry.map,planner,1,10403,9090,180,179,9474,9090,11,0,10,True,ht_chantry-random-21.scen,100
100,ht_chantry.map,planner,1,10480,9090,179,179,9670,9090,11,0,100,False,ht_chantry-random-21.scen,100
100,ht_chantry.map,planner,1,10403,9090,180,179,9474,9090,11,0,100,True,ht_chantry-random-21.scen,100
100,ht_chantry.map,planner,1,10480,9090,179,179,9670,9090,11,0,1000,False,ht_chantry-random-21.scen,100
100,ht_chantry.map,planner,1,10403,9090,180,179,9474,9090,11,0,1000,True,ht_chantry-random-21.scen,100
140,ht_chantry.map,planner,1,15091,12788,187,187,13619,12788,17,0,0,False,ht_chantry-random-21.scen,140
140,ht_chantry.map,planner,1,15091,12788,187,187,13619,12788,17,0,0,True,ht_chantry-random-21.scen,140
140,ht_chantry.map,planner,1,15091,12788,187,187,13619,12788,17,0,1,False,ht_chantry-random-21.scen,140
140,ht_chantry.map,planner,1,14453,12788,187,187,13415,12788,18,0,1,True,ht_chantry-random-21.scen,140
140,ht_chantry.map,planner,1,15091,12788,187,187,13619,12788,17,0,10,False,ht_chantry-random-21.scen,140
140,ht_chantry.map,planner,1,14453,12788,187,187,13415,12788,17,0,10,True,ht_chantry-random-21.scen,140
140,ht_chantry.map,planner,1,15091,12788,187,187,13619,12788,22,0,100,False,ht_chantry-random-21.scen,140
140,ht_chantry.map,planner,1,14453,12788,187,187,13415,12788,18,0,100,True,ht_chantry-random-21.scen,140
140,ht_chantry.map,planner,1,15091,12788,187,187,13619,12788,17,0,1000,False,ht_chantry-random-21.scen,140
140,ht_chantry.map,planner,1,14453,12788,187,187,13415,12788,19,0,1000,True,ht_chantry-random-21.scen,140
180,ht_chantry.map,planner,1,19815,16163,189,187,17796,16163,22,0,0,False,ht_chantry-random-21.scen,180
180,ht_chantry.map,planner,1,19815,16163,189,187,17796,16163,23,0,0,True,ht_chantry-random-21.scen,180
180,ht_chantry.map,planner,1,19815,16163,189,187,17796,16163,23,0,1,False,ht_chantry-random-21.scen,180
180,ht_chantry.map,planner,1,19382,16163,210,187,17452,16163,43,0,1,True,ht_chantry-random-21.scen,180
180,ht_chantry.map,planner,1,19815,16163,189,187,17796,16163,22,0,10,False,ht_chantry-random-21.scen,180
180,ht_chantry.map,planner,1,19536,16163,195,187,17423,16163,78,0,10,True,ht_chantry-random-21.scen,180
180,ht_chantry.map,planner,1,19815,16163,189,187,17796,16163,22,0,100,False,ht_chantry-random-21.scen,180
180,ht_chantry.map,planner,1,19298,16163,210,187,17423,16163,268,0,100,True,ht_chantry-random-21.scen,180
180,ht_chantry.map,planner,1,19815,16163,189,187,17796,16163,23,0,1000,False,ht_chantry-random-21.scen,180
180,ht_chantry.map,planner,1,19453,16163,212,187,17471,16163,1614,0,1000,True,ht_chantry-random-21.scen,180
220,ht_chantry.map,planner,1,25432,19995,195,187,22695,19995,26,0,0,False,ht_chantry-random-21.scen,220
220,ht_chantry.map,planner,1,25432,19995,195,187,22695,19995,28,0,0,True,ht_chantry-random-21.scen,220
220,ht_chantry.map,planner,1,25432,19995,195,187,22695,19995,31,0,1,False,ht_chantry-random-21.scen,220
220,ht_chantry.map,planner,1,24503,19995,189,187,21760,19995,60,0,1,True,ht_chantry-random-21.scen,220
220,ht_chantry.map,planner,1,25432,19995,195,187,22695,19995,31,0,10,False,ht_chantry-random-21.scen,220
220,ht_chantry.map,planner,1,24309,19995,192,187,21582,19995,170,0,10,True,ht_chantry-random-21.scen,220
220,ht_chantry.map,planner,1,25432,19995,195,187,22695,19995,30,0,100,False,ht_chantry-random-21.scen,220
220,ht_chantry.map,planner,1,24366,19995,189,187,21599,19995,878,0,100,True,ht_chantry-random-21.scen,220
220,ht_chantry.map,planner,1,25432,19995,195,187,22695,19995,29,0,1000,False,ht_chantry-random-21.scen,220
220,ht_chantry.map,planner,1,24156,19995,187,187,21610,19995,3248,0,1000,True,ht_chantry-random-21.scen,220
260,ht_chantry.map,planner,1,30591,23513,192,187,26460,23513,36,0,0,False,ht_chantry-random-21.scen,260
260,ht_chantry.map,planner,1,30591,23513,192,187,26460,23513,35,0,0,True,ht_chantry-random-21.scen,260
260,ht_chantry.map,planner,1,30591,23513,192,187,26460,23513,33,0,1,False,ht_chantry-random-21.scen,260
260,ht_chantry.map,planner,1,30005,23513,188,187,25885,23513,72,0,1,True,ht_chantry-random-21.scen,260
260,ht_chantry.map,planner,1,30591,23513,192,187,26460,23513,35,0,10,False,ht_chantry-random-21.scen,260
260,ht_chantry.map,planner,1,29625,23513,193,187,25847,23513,340,0,10,True,ht_chantry-random-21.scen,260
260,ht_chantry.map,planner,1,30591,23513,192,187,26460,23513,34,0,100,False,ht_chantry-random-21.scen,260
260,ht_chantry.map,planner,1,29449,23513,203,187,25780,23513,2378,0,100,True,ht_chantry-random-21.scen,260
260,ht_chantry.map,planner,1,30591,23513,192,187,26460,23513,33,0,1000,False,ht_chantry-random-21.scen,260
260,ht_chantry.map,planner,1,29168,23513,194,187,25627,23513,10114,0,1000,True,ht_chantry-random-21.scen,260
300,ht_chantry.map,planner,1,37312,27351,196,192,31812,27351,41,0,0,False,ht_chantry-random-21.scen,300
300,ht_chantry.map,planner,1,37312,27351,196,192,31812,27351,39,0,0,True,ht_chantry-random-21.scen,300
300,ht_chantry.map,planner,1,37312,27351,196,192,31812,27351,41,0,1,False,ht_chantry-random-21.scen,300
300,ht_chantry.map,planner,1,35460,27351,202,192,30621,27351,101,0,1,True,ht_chantry-random-21.scen,300
300,ht_chantry.map,planner,1,37312,27351,196,192,31812,27351,41,0,10,False,ht_chantry-random-21.scen,300
300,ht_chantry.map,planner,1,35250,27351,195,192,30563,27351,498,0,10,True,ht_chantry-random-21.scen,300
300,ht_chantry.map,planner,1,37312,27351,196,192,31812,27351,38,0,100,False,ht_chantry-random-21.scen,300
300,ht_chantry.map,planner,1,35123,27351,195,192,30218,27351,3974,0,100,True,ht_chantry-random-21.scen,300
300,ht_chantry.map,planner,1,37312,27351,196,192,31812,27351,41,0,1000,False,ht_chantry-random-21.scen,300
300,ht_chantry.map,planner,1,35310,27351,192,192,30266,27351,29037,0,1000,True,ht_chantry-random-21.scen,300
340,ht_chantry.map,planner,1,43117,30912,211,192,36487,30912,48,0,0,False,ht_chantry-random-21.scen,340
340,ht_chantry.map,planner,1,43117,30912,211,192,36487,30912,50,0,0,True,ht_chantry-random-21.scen,340
340,ht_chantry.map,planner,1,43117,30912,211,192,36487,30912,45,0,1,False,ht_chantry-random-21.scen,340
340,ht_chantry.map,planner,1,41419,30912,215,192,35517,30912,122,0,1,True,ht_chantry-random-21.scen,340
340,ht_chantry.map,planner,1,43117,30912,211,192,36487,30912,47,0,10,False,ht_chantry-random-21.scen,340
340,ht_chantry.map,planner,1,41094,30912,195,192,34881,30912,576,0,10,True,ht_chantry-random-21.scen,340
340,ht_chantry.map,planner,1,43117,30912,211,192,36487,30912,49,0,100,False,ht_chantry-random-21.scen,340
340,ht_chantry.map,planner,1,40355,30912,195,192,34799,30912,4543,0,100,True,ht_chantry-random-21.scen,340
340,ht_chantry.map,planner,1,43117,30912,211,192,36487,30912,47,0,1000,False,ht_chantry-random-21.scen,340
340,ht_chantry.map,planner,1,40366,30912,199,192,34610,30912,40962,0,1000,True,ht_chantry-random-21.scen,340
380,ht_chantry.map,planner,1,49647,34526,197,193,41897,34526,52,0,0,False,ht_chantry-random-21.scen,380
380,ht_chantry.map,planner,1,49647,34526,197,193,41897,34526,56,0,0,True,ht_chantry-random-21.scen,380
380,ht_chantry.map,planner,1,49647,34526,197,193,41897,34526,56,0,1,False,ht_chantry-random-21.scen,380
380,ht_chantry.map,planner,1,47812,34526,195,193,40330,34526,143,0,1,True,ht_chantry-random-21.scen,380
380,ht_chantry.map,planner,1,49647,34526,197,193,41897,34526,54,0,10,False,ht_chantry-random-21.scen,380
380,ht_chantry.map,planner,1,47052,34526,206,193,39702,34526,738,0,10,True,ht_chantry-random-21.scen,380
380,ht_chantry.map,planner,1,49647,34526,197,193,41897,34526,53,0,100,False,ht_chantry-random-21.scen,380
380,ht_chantry.map,planner,1,45283,34526,199,193,38874,34526,5310,0,100,True,ht_chantry-random-21.scen,380
380,ht_chantry.map,planner,1,49647,34526,197,193,41897,34526,53,0,1000,False,ht_chantry-random-21.scen,380
420,ht_chantry.map,planner,1,55293,37705,210,193,45824,37705,50,0,0,False,ht_chantry-random-21.scen,420
420,ht_chantry.map,planner,1,55293,37705,210,193,45824,37705,46,0,0,True,ht_chantry-random-21.scen,420
420,ht_chantry.map,planner,1,55293,37705,210,193,45824,37705,48,0,1,False,ht_chantry-random-21.scen,420
420,ht_chantry.map,planner,1,52169,37705,201,193,44243,37705,142,0,1,True,ht_chantry-random-21.scen,420
420,ht_chantry.map,planner,1,55293,37705,210,193,45824,37705,48,0,10,False,ht_chantry-random-21.scen,420
420,ht_chantry.map,planner,1,52876,37705,209,193,43914,37705,847,0,10,True,ht_chantry-random-21.scen,420
420,ht_chantry.map,planner,1,55293,37705,210,193,45824,37705,47,0,100,False,ht_chantry-random-21.scen,420
420,ht_chantry.map,planner,1,52012,37705,212,193,43654,37705,6121,0,100,True,ht_chantry-random-21.scen,420
420,ht_chantry.map,planner,1,55293,37705,210,193,45824,37705,57,0,1000,False,ht_chantry-random-21.scen,420
460,ht_chantry.map,planner,1,62063,41252,215,193,50911,41252,66,0,0,False,ht_chantry-random-21.scen,460
460,ht_chantry.map,planner,1,62063,41252,215,193,50911,41252,53,0,0,True,ht_chantry-random-21.scen,460
460,ht_chantry.map,planner,1,62063,41252,215,193,50911,41252,57,0,1,False,ht_chantry-random-21.scen,460
460,ht_chantry.map,planner,1,59803,41252,218,193,49496,41252,159,0,1,True,ht_chantry-random-21.scen,460
460,ht_chantry.map,planner,1,62063,41252,215,193,50911,41252,65,0,10,False,ht_chantry-random-21.scen,460
460,ht_chantry.map,planner,1,58855,41252,218,193,49035,41252,1020,0,10,True,ht_chantry-random-21.scen,460
460,ht_chantry.map,planner,1,62063,41252,215,193,50911,41252,50,0,100,False,ht_chantry-random-21.scen,460
460,ht_chantry.map,planner,1,58522,41252,243,193,48594,41252,8203,0,100,True,ht_chantry-random-21.scen,460
460,ht_chantry.map,planner,1,62063,41252,215,193,50911,41252,72,0,1000,False,ht_chantry-random-21.scen,460
500,ht_chantry.map,planner,1,69611,45095,218,193,56881,45095,62,0,0,False,ht_chantry-random-21.scen,500
500,ht_chantry.map,planner,1,69611,45095,218,193,56881,45095,65,0,0,True,ht_chantry-random-21.scen,500
500,ht_chantry.map,planner,1,69611,45095,218,193,56881,45095,70,0,1,False,ht_chantry-random-21.scen,500
500,ht_chantry.map,planner,1,67699,45095,210,193,55762,45095,177,0,1,True,ht_chantry-random-21.scen,500
500,ht_chantry.map,planner,1,69611,45095,218,193,56881,45095,62,0,10,False,ht_chantry-random-21.scen,500
500,ht_chantry.map,planner,1,66478,45095,215,193,54468,45095,987,0,10,True,ht_chantry-random-21.scen,500
500,ht_chantry.map,planner,1,69611,45095,218,193,56881,45095,74,0,100,False,ht_chantry-random-21.scen,500
500,ht_chantry.map,planner,1,65924,45095,213,193,54208,45095,8862,0,100,True,ht_chantry-random-21.scen,500
500,ht_chantry.map,planner,1,69611,45095,218,193,56881,45095,62,0,1000,False,ht_chantry-random-21.scen,500
540,ht_chantry.map,planner,1,78810,49207,224,193,64280,49207,69,0,0,False,ht_chantry-random-21.scen,540
540,ht_chantry.map,planner,1,78810,49207,224,193,64280,49207,78,0,0,True,ht_chantry-random-21.scen,540
540,ht_chantry.map,planner,1,78810,49207,224,193,64280,49207,69,0,1,False,ht_chantry-random-21.scen,540
540,ht_chantry.map,planner,1,74237,49207,220,193,62374,49207,188,0,1,True,ht_chantry-random-21.scen,540
540,ht_chantry.map,planner,1,78810,49207,224,193,64280,49207,67,0,10,False,ht_chantry-random-21.scen,540
540,ht_chantry.map,planner,1,74866,49207,218,193,61394,49207,1157,0,10,True,ht_chantry-random-21.scen,540
540,ht_chantry.map,planner,1,78810,49207,224,193,64280,49207,68,0,100,False,ht_chantry-random-21.scen,540
540,ht_chantry.map,planner,1,73985,49207,255,193,60283,49207,9861,0,100,True,ht_chantry-random-21.scen,540
540,ht_chantry.map,planner,1,78810,49207,224,193,64280,49207,63,0,1000,False,ht_chantry-random-21.scen,540
20,ht_chantry.map,planner,1,1825,1806,183,183,1825,1806,2,0,0,False,ht_chantry-random-16.scen,20
20,ht_chantry.map,planner,1,1825,1806,183,183,1825,1806,2,0,0,True,ht_chantry-random-16.scen,20
20,ht_chantry.map,planner,1,1825,1806,183,183,1825,1806,2,0,1,False,ht_chantry-random-16.scen,20
20,ht_chantry.map,planner,1,1825,1806,183,183,1825,1806,2,0,1,True,ht_chantry-random-16.scen,20
20,ht_chantry.map,planner,1,1825,1806,183,183,1825,1806,2,0,10,False,ht_chantry-random-16.scen,20
20,ht_chantry.map,planner,1,1825,1806,183,183,1825,1806,2,0,10,True,ht_chantry-random-16.scen,20
20,ht_chantry.map,planner,1,1825,1806,183,183,1825,1806,2,0,100,False,ht_chantry-random-16.scen,20
20,ht_chantry.map,planner,1,1825,1806,183,183,1825,1806,2,0,100,True,ht_chantry-random-16.scen,20
20,ht_chantry.map,planner,1,1825,1806,183,183,1825,1806,2,0,1000,False,ht_chantry-random-16.scen,20
20,ht_chantry.map,planner,1,1825,1806,183,183,1825,1806,2,0,1000,True,ht_chantry-random-16.scen,20
60,ht_chantry.map,planner,1,6460,5755,183,183,5967,5755,5,0,0,False,ht_chantry-random-16.scen,60
60,ht_chantry.map,planner,1,6460,5755,183,183,5967,5755,5,0,0,True,ht_chantry-random-16.scen,60
60,ht_chantry.map,planner,1,6460,5755,183,183,5967,5755,5,0,1,False,ht_chantry-random-16.scen,60
60,ht_chantry.map,planner,1,6233,5755,187,183,6005,5755,6,0,1,True,ht_chantry-random-16.scen,60
60,ht_chantry.map,planner,1,6460,5755,183,183,5967,5755,6,0,10,False,ht_chantry-random-16.scen,60
60,ht_chantry.map,planner,1,6233,5755,187,183,6005,5755,6,0,10,True,ht_chantry-random-16.scen,60
60,ht_chantry.map,planner,1,6460,5755,183,183,5967,5755,6,0,100,False,ht_chantry-random-16.scen,60
60,ht_chantry.map,planner,1,6233,5755,187,183,6005,5755,6,0,100,True,ht_chantry-random-16.scen,60
60,ht_chantry.map,planner,1,6460,5755,183,183,5967,5755,6,0,1000,False,ht_chantry-random-16.scen,60
60,ht_chantry.map,planner,1,6233,5755,187,183,6005,5755,7,0,1000,True,ht_chantry-random-16.scen,60
100,ht_chantry.map,planner,1,10860,9431,183,183,10066,9431,12,0,0,False,ht_chantry-random-16.scen,100
100,ht_chantry.map,planner,1,10860,9431,183,183,10066,9431,10,0,0,True,ht_chantry-random-16.scen,100
100,ht_chantry.map,planner,1,10860,9431,183,183,10066,9431,9,0,1,False,ht_chantry-random-16.scen,100
100,ht_chantry.map,planner,1,10651,9431,183,183,9965,9431,12,0,1,True,ht_chantry-random-16.scen,100
100,ht_chantry.map,planner,1,10860,9431,183,183,10066,9431,9,0,10,False,ht_chantry-random-16.scen,100
100,ht_chantry.map,planner,1,10651,9431,183,183,9965,9431,9,0,10,True,ht_chantry-random-16.scen,100
100,ht_chantry.map,planner,1,10860,9431,183,183,10066,9431,9,0,100,False,ht_chantry-random-16.scen,100
100,ht_chantry.map,planner,1,10651,9431,183,183,9965,9431,10,0,100,True,ht_chantry-random-16.scen,100
100,ht_chantry.map,planner,1,10860,9431,183,183,10066,9431,9,0,1000,False,ht_chantry-random-16.scen,100
100,ht_chantry.map,planner,1,10651,9431,183,183,9965,9431,10,0,1000,True,ht_chantry-random-16.scen,100
140,ht_chantry.map,planner,1,15117,12853,183,183,13863,12853,13,0,0,False,ht_chantry-random-16.scen,140
140,ht_chantry.map,planner,1,15117,12853,183,183,13863,12853,13,0,0,True,ht_chantry-random-16.scen,140
140,ht_chantry.map,planner,1,15117,12853,183,183,13863,12853,13,0,1,False,ht_chantry-random-16.scen,140
140,ht_chantry.map,planner,1,15254,12853,183,183,13786,12853,17,0,1,True,ht_chantry-random-16.scen,140
140,ht_chantry.map,planner,1,15117,12853,183,183,13863,12853,12,0,10,False,ht_chantry-random-16.scen,140
140,ht_chantry.map,planner,1,15494,12853,183,183,13799,12853,16,0,10,True,ht_chantry-random-16.scen,140
140,ht_chantry.map,planner,1,15117,12853,183,183,13863,12853,14,0,100,False,ht_chantry-random-16.scen,140
140,ht_chantry.map,planner,1,15494,12853,183,183,13799,12853,21,0,100,True,ht_chantry-random-16.scen,140
140,ht_chantry.map,planner,1,15117,12853,183,183,13863,12853,15,0,1000,False,ht_chantry-random-16.scen,140
140,ht_chantry.map,planner,1,15494,12853,183,183,13799,12853,20,0,1000,True,ht_chantry-random-16.scen,140
180,ht_chantry.map,planner,1,20355,16071,183,183,17656,16071,21,0,0,False,ht_chantry-random-16.scen,180
180,ht_chantry.map,planner,1,20355,16071,183,183,17656,16071,17,0,0,True,ht_chantry-random-16.scen,180
180,ht_chantry.map,planner,1,20355,16071,183,183,17656,16071,17,0,1,False,ht_chantry-random-16.scen,180
180,ht_chantry.map,planner,1,19926,16071,183,183,17381,16071,21,0,1,True,ht_chantry-random-16.scen,180
180,ht_chantry.map,planner,1,20355,16071,183,183,17656,16071,17,0,10,False,ht_chantry-random-16.scen,180
180,ht_chantry.map,planner,1,19926,16071,183,183,17381,16071,24,0,10,True,ht_chantry-random-16.scen,180
180,ht_chantry.map,planner,1,20355,16071,183,183,17656,16071,17,0,100,False,ht_chantry-random-16.scen,180
180,ht_chantry.map,planner,1,19926,16071,183,183,17381,16071,21,0,100,True,ht_chantry-random-16.scen,180
180,ht_chantry.map,planner,1,20355,16071,183,183,17656,16071,16,0,1000,False,ht_chantry-random-16.scen,180
180,ht_chantry.map,planner,1,19926,16071,183,183,17381,16071,22,0,1000,True,ht_chantry-random-16.scen,180
220,ht_chantry.map,planner,1,25316,19791,187,187,22185,19791,22,0,0,False,ht_chantry-random-16.scen,220
220,ht_chantry.map,planner,1,25316,19791,187,187,22185,19791,23,0,0,True,ht_chantry-random-16.scen,220
220,ht_chantry.map,planner,1,25316,19791,187,187,22185,19791,26,0,1,False,ht_chantry-random-16.scen,220
220,ht_chantry.map,planner,1,25469,19791,189,187,21629,19791,44,0,1,True,ht_chantry-random-16.scen,220
220,ht_chantry.map,planner,1,25316,19791,187,187,22185,19791,21,0,10,False,ht_chantry-random-16.scen,220
220,ht_chantry.map,planner,1,25168,19791,189,187,21533,19791,82,0,10,True,ht_chantry-random-16.scen,220
220,ht_chantry.map,planner,1,25316,19791,187,187,22185,19791,23,0,100,False,ht_chantry-random-16.scen,220
220,ht_chantry.map,planner,1,24609,19791,187,187,21545,19791,333,0,100,True,ht_chantry-random-16.scen,220
220,ht_chantry.map,planner,1,25316,19791,187,187,22185,19791,21,0,1000,False,ht_chantry-random-16.scen,220
220,ht_chantry.map,planner,1,25116,19791,187,187,21554,19791,2130,0,1000,True,ht_chantry-random-16.scen,220
260,ht_chantry.map,planner,1,31510,23406,187,187,26654,23406,25,0,0,False,ht_chantry-random-16.scen,260
260,ht_chantry.map,planner,1,31510,23406,187,187,26654,23406,25,0,0,True,ht_chantry-random-16.scen,260
260,ht_chantry.map,planner,1,31510,23406,187,187,26654,23406,26,0,1,False,ht_chantry-random-16.scen,260
260,ht_chantry.map,planner,1,30023,23406,191,187,25727,23406,56,0,1,True,ht_chantry-random-16.scen,260
260,ht_chantry.map,planner,1,31510,23406,187,187,26654,23406,25,0,10,False,ht_chantry-random-16.scen,260
260,ht_chantry.map,planner,1,29940,23406,193,187,25549,23406,164,0,10,True,ht_chantry-random-16.scen,260
260,ht_chantry.map,planner,1,31510,23406,187,187,26654,23406,30,0,100,False,ht_chantry-random-16.scen,260
260,ht_chantry.map,planner,1,29933,23406,193,187,25591,23406,642,0,100,True,ht_chantry-random-16.scen,260
260,ht_chantry.map,planner,1,31510,23406,187,187,26654,23406,25,0,1000,False,ht_chantry-random-16.scen,260
260,ht_chantry.map,planner,1,29869,23406,195,187,25555,23406,6950,0,1000,True,ht_chantry-random-16.scen,260
300,ht_chantry.map,planner,1,36865,26870,187,187,31170,26870,36,0,0,False,ht_chantry-random-16.scen,300
300,ht_chantry.map,planner,1,36865,26870,187,187,31170,26870,39,0,0,True,ht_chantry-random-16.scen,300
300,ht_chantry.map,planner,1,36865,26870,187,187,31170,26870,31,0,1,False,ht_chantry-random-16.scen,300
300,ht_chantry.map,planner,1,35043,26870,204,187,30044,26870,77,0,1,True,ht_chantry-random-16.scen,300
300,ht_chantry.map,planner,1,36865,26870,187,187,31170,26870,29,0,10,False,ht_chantry-random-16.scen,300
300,ht_chantry.map,planner,1,34588,26870,190,187,29739,26870,317,0,10,True,ht_chantry-random-16.scen,300
300,ht_chantry.map,planner,1,36865,26870,187,187,31170,26870,32,0,100,False,ht_chantry-random-16.scen,300
300,ht_chantry.map,planner,1,34303,26870,191,187,29527,26870,2540,0,100,True,ht_chantry-random-16.scen,300
300,ht_chantry.map,planner,1,36865,26870,187,187,31170,26870,29,0,1000,False,ht_chantry-random-16.scen,300
300,ht_chantry.map,planner,1,34811,26870,193,187,29715,26870,24272,0,1000,True,ht_chantry-random-16.scen,300
340,ht_chantry.map,planner,1,42501,30379,189,187,35654,30379,45,0,0,False,ht_chantry-random-16.scen,340
340,ht_chantry.map,planner,1,42501,30379,189,187,35654,30379,46,0,0,True,ht_chantry-random-16.scen,340
340,ht_chantry.map,planner,1,42501,30379,189,187,35654,30379,46,0,1,False,ht_chantry-random-16.scen,340
340,ht_chantry.map,planner,1,40166,30379,192,187,34088,30379,100,0,1,True,ht_chantry-random-16.scen,340
340,ht_chantry.map,planner,1,42501,30379,189,187,35654,30379,47,0,10,False,ht_chantry-random-16.scen,340
340,ht_chantry.map,planner,1,39337,30379,189,187,33926,30379,458,0,10,True,ht_chantry-random-16.scen,340
340,ht_chantry.map,planner,1,42501,30379,189,187,35654,30379,42,0,100,False,ht_chantry-random-16.scen,340
340,ht_chantry.map,planner,1,40437,30379,197,187,34013,30379,4014,0,100,True,ht_chantry-random-16.scen,340
340,ht_chantry.map,planner,1,42501,30379,189,187,35654,30379,44,0,1000,False,ht_chantry-random-16.scen,340
340,ht_chantry.map,planner,1,39953,30379,193,187,33690,30379,30309,0,1000,True,ht_chantry-random-16.scen,340
380,ht_chantry.map,planner,1,49174,34202,192,189,40863,34202,54,0,0,False,ht_chantry-random-16.scen,380
380,ht_chantry.map,planner,1,49174,34202,192,189,40863,34202,55,0,0,True,ht_chantry-random-16.scen,380
380,ht_chantry.map,planner,1,49174,34202,192,189,40863,34202,52,0,1,False,ht_chantry-random-16.scen,380
380,ht_chantry.map,planner,1,46356,34202,199,189,39172,34202,120,0,1,True,ht_chantry-random-16.scen,380
380,ht_chantry.map,planner,1,49174,34202,192,189,40863,34202,51,0,10,False,ht_chantry-random-16.scen,380
380,ht_chantry.map,planner,1,45479,34202,197,189,38782,34202,519,0,10,True,ht_chantry-random-16.scen,380
380,ht_chantry.map,planner,1,49174,34202,192,189,40863,34202,49,0,100,False,ht_chantry-random-16.scen,380
380,ht_chantry.map,planner,1,45395,34202,195,189,38524,34202,4547,0,100,True,ht_chantry-random-16.scen,380
380,ht_chantry.map,planner,1,49174,34202,192,189,40863,34202,54,0,1000,False,ht_chantry-random-16.scen,380
380,ht_chantry.map,planner,1,46021,34202,193,189,38479,34202,36312,0,1000,True,ht_chantry-random-16.scen,380
420,ht_chantry.map,planner,1,55579,38120,207,189,46011,38120,60,0,0,False,ht_chantry-random-16.scen,420
420,ht_chantry.map,planner,1,55579,38120,207,189,46011,38120,61,0,0,True,ht_chantry-random-16.scen,420
420,ht_chantry.map,planner,1,55579,38120,207,189,46011,38120,58,0,1,False,ht_chantry-random-16.scen,420
420,ht_chantry.map,planner,1,52022,38120,196,189,43943,38120,131,0,1,True,ht_chantry-random-16.scen,420
420,ht_chantry.map,planner,1,55579,38120,207,189,46011,38120,59,0,10,False,ht_chantry-random-16.scen,420
420,ht_chantry.map,planner,1,51584,38120,220,189,43851,38120,662,0,10,True,ht_chantry-random-16.scen,420
420,ht_chantry.map,planner,1,55579,38120,207,189,46011,38120,61,0,100,False,ht_chantry-random-16.scen,420
420,ht_chantry.map,planner,1,51349,38120,196,189,43932,38120,5330,0,100,True,ht_chantry-random-16.scen,420
420,ht_chantry.map,planner,1,55579,38120,207,189,46011,38120,59,0,1000,False,ht_chantry-random-16.scen,420
420,ht_chantry.map,planner,1,50828,38120,203,189,43528,38120,48733,0,1000,True,ht_chantry-random-16.scen,420
460,ht_chantry.map,planner,1,61634,42311,192,189,51410,42311,67,0,0,False,ht_chantry-random-16.scen,460
460,ht_chantry.map,planner,1,61634,42311,192,189,51410,42311,64,0,0,True,ht_chantry-random-16.scen,460
460,ht_chantry.map,planner,1,61634,42311,192,189,51410,42311,67,0,1,False,ht_chantry-random-16.scen,460
460,ht_chantry.map,planner,1,60006,42311,197,189,50109,42311,166,0,1,True,ht_chantry-random-16.scen,460
460,ht_chantry.map,planner,1,61634,42311,192,189,51410,42311,66,0,10,False,ht_chantry-random-16.scen,460
460,ht_chantry.map,planner,1,57981,42311,213,189,49710,42311,740,0,10,True,ht_chantry-random-16.scen,460
460,ht_chantry.map,planner,1,61634,42311,192,189,51410,42311,62,0,100,False,ht_chantry-random-16.scen,460
460,ht_chantry.map,planner,1,58010,42311,199,189,49033,42311,6012,0,100,True,ht_chantry-random-16.scen,460
460,ht_chantry.map,planner,1,61634,42311,192,189,51410,42311,64,0,1000,False,ht_chantry-random-16.scen,460
500,ht_chantry.map,planner,1,69500,46276,220,201,57409,46276,74,0,0,False,ht_chantry-random-16.scen,500
500,ht_chantry.map,planner,1,69500,46276,220,201,57409,46276,75,0,0,True,ht_chantry-random-16.scen,500
500,ht_chantry.map,planner,1,69500,46276,220,201,57409,46276,78,0,1,False,ht_chantry-random-16.scen,500
500,ht_chantry.map,planner,1,65674,46276,216,201,55275,46276,181,0,1,True,ht_chantry-random-16.scen,500
500,ht_chantry.map,planner,1,69500,46276,220,201,57409,46276,74,0,10,False,ht_chantry-random-16.scen,500
500,ht_chantry.map,planner,1,66330,46276,207,201,55509,46276,978,0,10,True,ht_chantry-random-16.scen,500
500,ht_chantry.map,planner,1,69500,46276,220,201,57409,46276,75,0,100,False,ht_chantry-random-16.scen,500
500,ht_chantry.map,planner,1,65470,46276,211,201,54703,46276,7544,0,100,True,ht_chantry-random-16.scen,500
500,ht_chantry.map,planner,1,69500,46276,220,201,57409,46276,75,0,1000,False,ht_chantry-random-16.scen,500
540,ht_chantry.map,planner,1,77279,49977,218,201,62554,49977,82,0,0,False,ht_chantry-random-16.scen,540
540,ht_chantry.map,planner,1,77279,49977,218,201,62554,49977,79,0,0,True,ht_chantry-random-16.scen,540
540,ht_chantry.map,planner,1,77279,49977,218,201,62554,49977,84,0,1,False,ht_chantry-random-16.scen,540
540,ht_chantry.map,planner,1,72442,49977,220,201,60620,49977,200,0,1,True,ht_chantry-random-16.scen,540
540,ht_chantry.map,planner,1,77279,49977,218,201,62554,49977,83,0,10,False,ht_chantry-random-16.scen,540
540,ht_chantry.map,planner,1,72543,49977,219,201,60201,49977,1056,0,10,True,ht_chantry-random-16.scen,540
540,ht_chantry.map,planner,1,77279,49977,218,201,62554,49977,79,0,100,False,ht_chantry-random-16.scen,540
540,ht_chantry.map,planner,1,72320,49977,214,201,59600,49977,7850,0,100,True,ht_chantry-random-16.scen,540
540,ht_chantry.map,planner,1,77279,49977,218,201,62554,49977,81,0,1000,False,ht_chantry-random-16.scen,540
20,ht_chantry.map,planner,1,1599,1568,180,180,1591,1568,2,0,0,False,ht_chantry-random-2.scen,20
20,ht_chantry.map,planner,1,1599,1568,180,180,1591,1568,2,0,0,True,ht_chantry-random-2.scen,20
20,ht_chantry.map,planner,1,1599,1568,180,180,1591,1568,2,0,1,False,ht_chantry-random-2.scen,20
20,ht_chantry.map,planner,1,1599,1568,180,180,1591,1568,2,0,1,True,ht_chantry-random-2.scen,20
20,ht_chantry.map,planner,1,1599,1568,180,180,1591,1568,2,0,10,False,ht_chantry-random-2.scen,20
20,ht_chantry.map,planner,1,1599,1568,180,180,1591,1568,2,0,10,True,ht_chantry-random-2.scen,20
20,ht_chantry.map,planner,1,1599,1568,180,180,1591,1568,2,0,100,False,ht_chantry-random-2.scen,20
20,ht_chantry.map,planner,1,1599,1568,180,180,1591,1568,2,0,100,True,ht_chantry-random-2.scen,20
20,ht_chantry.map,planner,1,1599,1568,180,180,1591,1568,2,0,1000,False,ht_chantry-random-2.scen,20
20,ht_chantry.map,planner,1,1599,1568,180,180,1591,1568,2,0,1000,True,ht_chantry-random-2.scen,20
60,ht_chantry.map,planner,1,6422,5613,181,181,5853,5613,7,0,0,False,ht_chantry-random-2.scen,60
60,ht_chantry.map,planner,1,6422,5613,181,181,5853,5613,7,0,0,True,ht_chantry-random-2.scen,60
60,ht_chantry.map,planner,1,6422,5613,181,181,5853,5613,7,0,1,False,ht_chantry-random-2.scen,60
60,ht_chantry.map,planner,1,6522,5613,183,181,5867,5613,7,0,1,True,ht_chantry-random-2.scen,60
60,ht_chantry.map,planner,1,6422,5613,181,181,5853,5613,7,0,10,False,ht_chantry-random-2.scen,60
60,ht_chantry.map,planner,1,6522,5613,183,181,5867,5613,7,0,10,True,ht_chantry-random-2.scen,60
60,ht_chantry.map,planner,1,6422,5613,181,181,5853,5613,6,0,100,False,ht_chantry-random-2.scen,60
60,ht_chantry.map,planner,1,6522,5613,183,181,5867,5613,7,0,100,True,ht_chantry-random-2.scen,60
60,ht_chantry.map,planner,1,6422,5613,181,181,5853,5613,7,0,1000,False,ht_chantry-random-2.scen,60
60,ht_chantry.map,planner,1,6522,5613,183,181,5867,5613,7,0,1000,True,ht_chantry-random-2.scen,60
60,ht_chantry.map,planner,1,6422,5613,181,181,5853,5613,11,0,0,False,ht_chantry-random-2.scen,60
60,ht_chantry.map,planner,1,6422,5613,181,181,5853,5613,12,0,0,True,ht_chantry-random-2.scen,60
60,ht_chantry.map,planner,1,6422,5613,181,181,5853,5613,12,0,1,False,ht_chantry-random-2.scen,60
60,ht_chantry.map,planner,1,6522,5613,183,181,5867,5613,12,0,1,True,ht_chantry-random-2.scen,60
60,ht_chantry.map,planner,1,6422,5613,181,181,5853,5613,12,0,10,False,ht_chantry-random-2.scen,60
60,ht_chantry.map,planner,1,6522,5613,183,181,5867,5613,12,0,10,True,ht_chantry-random-2.scen,60
60,ht_chantry.map,planner,1,6422,5613,181,181,5853,5613,12,0,100,False,ht_chantry-random-2.scen,60
60,ht_chantry.map,planner,1,6522,5613,183,181,5867,5613,12,0,100,True,ht_chantry-random-2.scen,60
60,ht_chantry.map,planner,1,6422,5613,181,181,5853,5613,11,0,1000,False,ht_chantry-random-2.scen,60
60,ht_chantry.map,planner,1,6522,5613,183,181,5867,5613,12,0,1000,True,ht_chantry-random-2.scen,60
100,ht_chantry.map,planner,1,10944,9194,181,181,9709,9194,19,0,0,False,ht_chantry-random-2.scen,100
100,ht_chantry.map,planner,1,10944,9194,181,181,9709,9194,19,0,0,True,ht_chantry-random-2.scen,100
100,ht_chantry.map,planner,1,10944,9194,181,181,9709,9194,19,0,1,False,ht_chantry-random-2.scen,100
100,ht_chantry.map,planner,1,10884,9194,182,181,9628,9194,20,0,1,True,ht_chantry-random-2.scen,100
100,ht_chantry.map,planner,1,10944,9194,181,181,9709,9194,20,0,10,False,ht_chantry-random-2.scen,100
100,ht_chantry.map,planner,1,10884,9194,182,181,9628,9194,20,0,10,True,ht_chantry-random-2.scen,100
100,ht_chantry.map,planner,1,10944,9194,181,181,9709,9194,19,0,100,False,ht_chantry-random-2.scen,100
100,ht_chantry.map,planner,1,10884,9194,182,181,9628,9194,20,0,100,True,ht_chantry-random-2.scen,100
100,ht_chantry.map,planner,1,10944,9194,181,181,9709,9194,19,0,1000,False,ht_chantry-random-2.scen,100
100,ht_chantry.map,planner,1,10884,9194,182,181,9628,9194,13,0,1000,True,ht_chantry-random-2.scen,100
140,ht_chantry.map,planner,1,15147,12572,181,181,13386,12572,27,0,0,False,ht_chantry-random-2.scen,140
140,ht_chantry.map,planner,1,15147,12572,181,181,13386,12572,27,0,0,True,ht_chantry-random-2.scen,140
140,ht_chantry.map,planner,1,15147,12572,181,181,13386,12572,26,0,1,False,ht_chantry-random-2.scen,140
140,ht_chantry.map,planner,1,15050,12572,182,181,13379,12572,17,0,1,True,ht_chantry-random-2.scen,140
140,ht_chantry.map,planner,1,15147,12572,181,181,13386,12572,18,0,10,False,ht_chantry-random-2.scen,140
140,ht_chantry.map,planner,1,15050,12572,182,181,13379,12572,19,0,10,True,ht_chantry-random-2.scen,140
140,ht_chantry.map,planner,1,15147,12572,181,181,13386,12572,15,0,100,False,ht_chantry-random-2.scen,140
140,ht_chantry.map,planner,1,15050,12572,182,181,13379,12572,14,0,100,True,ht_chantry-random-2.scen,140
140,ht_chantry.map,planner,1,15147,12572,181,181,13386,12572,15,0,1000,False,ht_chantry-random-2.scen,140
140,ht_chantry.map,planner,1,15050,12572,182,181,13379,12572,15,0,1000,True,ht_chantry-random-2.scen,140
180,ht_chantry.map,planner,1,20018,16023,192,183,17443,16023,23,0,0,False,ht_chantry-random-2.scen,180
180,ht_chantry.map,planner,1,20018,16023,192,183,17443,16023,22,0,0,True,ht_chantry-random-2.scen,180
180,ht_chantry.map,planner,1,20018,16023,192,183,17443,16023,24,0,1,False,ht_chantry-random-2.scen,180
180,ht_chantry.map,planner,1,19431,16023,190,183,17092,16023,25,0,1,True,ht_chantry-random-2.scen,180
180,ht_chantry.map,planner,1,20018,16023,192,183,17443,16023,25,0,10,False,ht_chantry-random-2.scen,180
180,ht_chantry.map,planner,1,19431,16023,190,183,17092,16023,27,0,10,True,ht_chantry-random-2.scen,180
180,ht_chantry.map,planner,1,20018,16023,192,183,17443,16023,22,0,100,False,ht_chantry-random-2.scen,180
180,ht_chantry.map,planner,1,19431,16023,190,183,17092,16023,24,0,100,True,ht_chantry-random-2.scen,180
180,ht_chantry.map,planner,1,20018,16023,192,183,17443,16023,24,0,1000,False,ht_chantry-random-2.scen,180
180,ht_chantry.map,planner,1,19431,16023,190,183,17092,16023,27,0,1000,True,ht_chantry-random-2.scen,180
220,ht_chantry.map,planner,1,25324,20154,196,196,22131,20154,29,0,0,False,ht_chantry-random-2.scen,220
220,ht_chantry.map,planner,1,25324,20154,196,196,22131,20154,31,0,0,True,ht_chantry-random-2.scen,220
220,ht_chantry.map,planner,1,25324,20154,196,196,22131,20154,32,0,1,False,ht_chantry-random-2.scen,220
220,ht_chantry.map,planner,1,24866,20154,202,196,21720,20154,41,0,1,True,ht_chantry-random-2.scen,220
220,ht_chantry.map,planner,1,25324,20154,196,196,22131,20154,30,0,10,False,ht_chantry-random-2.scen,220
220,ht_chantry.map,planner,1,24728,20154,204,196,21717,20154,43,0,10,True,ht_chantry-random-2.scen,220
220,ht_chantry.map,planner,1,25324,20154,196,196,22131,20154,46,0,100,False,ht_chantry-random-2.scen,220
220,ht_chantry.map,planner,1,24728,20154,204,196,21717,20154,68,0,100,True,ht_chantry-random-2.scen,220
220,ht_chantry.map,planner,1,25324,20154,196,196,22131,20154,45,0,1000,False,ht_chantry-random-2.scen,220
220,ht_chantry.map,planner,1,24728,20154,204,196,21717,20154,68,0,1000,True,ht_chantry-random-2.scen,220
260,ht_chantry.map,planner,1,30643,23745,196,196,26376,23745,53,0,0,False,ht_chantry-random-2.scen,260
260,ht_chantry.map,planner,1,30643,23745,196,196,26376,23745,54,0,0,True,ht_chantry-random-2.scen,260
260,ht_chantry.map,planner,1,30643,23745,196,196,26376,23745,52,0,1,False,ht_chantry-random-2.scen,260
260,ht_chantry.map,planner,1,29859,23745,213,196,25699,23745,85,0,1,True,ht_chantry-random-2.scen,260
260,ht_chantry.map,planner,1,30643,23745,196,196,26376,23745,53,0,10,False,ht_chantry-random-2.scen,260
260,ht_chantry.map,planner,1,29800,23745,208,196,25703,23745,138,0,10,True,ht_chantry-random-2.scen,260
260,ht_chantry.map,planner,1,30643,23745,196,196,26376,23745,52,0,100,False,ht_chantry-random-2.scen,260
260,ht_chantry.map,planner,1,28999,23745,209,196,25582,23745,187,0,100,True,ht_chantry-random-2.scen,260
260,ht_chantry.map,planner,1,30643,23745,196,196,26376,23745,53,0,1000,False,ht_chantry-random-2.scen,260
260,ht_chantry.map,planner,1,28999,23745,209,196,25582,23745,190,0,1000,True,ht_chantry-random-2.scen,260
300,ht_chantry.map,planner,1,36782,27937,205,205,31651,27937,63,0,0,False,ht_chantry-random-2.scen,300
300,ht_chantry.map,planner,1,36782,27937,205,205,31651,27937,65,0,0,True,ht_chantry-random-2.scen,300
300,ht_chantry.map,planner,1,36782,27937,205,205,31651,27937,63,0,1,False,ht_chantry-random-2.scen,300
300,ht_chantry.map,planner,1,34806,27937,208,205,30435,27937,105,0,1,True,ht_chantry-random-2.scen,300
300,ht_chantry.map,planner,1,36782,27937,205,205,31651,27937,63,0,10,False,ht_chantry-random-2.scen,300
300,ht_chantry.map,planner,1,34745,27937,208,205,30263,27937,315,0,10,True,ht_chantry-random-2.scen,300
300,ht_chantry.map,planner,1,36782,27937,205,205,31651,27937,63,0,100,False,ht_chantry-random-2.scen,300
300,ht_chantry.map,planner,1,35146,27937,213,205,30439,27937,2089,0,100,True,ht_chantry-random-2.scen,300
300,ht_chantry.map,planner,1,36782,27937,205,205,31651,27937,64,0,1000,False,ht_chantry-random-2.scen,300
300,ht_chantry.map,planner,1,35016,27937,218,205,30358,27937,13384,0,1000,True,ht_chantry-random-2.scen,300
340,ht_chantry.map,planner,1,43145,31826,205,205,36953,31826,72,0,0,False,ht_chantry-random-2.scen,340
340,ht_chantry.map,planner,1,43145,31826,205,205,36953,31826,75,0,0,True,ht_chantry-random-2.scen,340
340,ht_chantry.map,planner,1,43145,31826,205,205,36953,31826,73,0,1,False,ht_chantry-random-2.scen,340
340,ht_chantry.map,planner,1,41265,31826,217,205,35421,31826,133,0,1,True,ht_chantry-random-2.scen,340
340,ht_chantry.map,planner,1,43145,31826,205,205,36953,31826,72,0,10,False,ht_chantry-random-2.scen,340
340,ht_chantry.map,planner,1,40590,31826,208,205,35056,31826,496,0,10,True,ht_chantry-random-2.scen,340
340,ht_chantry.map,planner,1,43145,31826,205,205,36953,31826,73,0,100,False,ht_chantry-random-2.scen,340
340,ht_chantry.map,planner,1,40718,31826,212,205,35193,31826,3652,0,100,True,ht_chantry-random-2.scen,340
340,ht_chantry.map,planner,1,43145,31826,205,205,36953,31826,72,0,1000,False,ht_chantry-random-2.scen,340
340,ht_chantry.map,planner,1,40917,31826,217,205,35092,31826,32912,0,1000,True,ht_chantry-random-2.scen,340
380,ht_chantry.map,planner,1,49031,35782,205,205,41854,35782,60,0,0,False,ht_chantry-random-2.scen,380
380,ht_chantry.map,planner,1,49031,35782,205,205,41854,35782,60,0,0,True,ht_chantry-random-2.scen,380
380,ht_chantry.map,planner,1,49031,35782,205,205,41854,35782,59,0,1,False,ht_chantry-random-2.scen,380
380,ht_chantry.map,planner,1,47421,35782,208,205,40746,35782,130,0,1,True,ht_chantry-random-2.scen,380
380,ht_chantry.map,planner,1,49031,35782,205,205,41854,35782,66,0,10,False,ht_chantry-random-2.scen,380
380,ht_chantry.map,planner,1,46967,35782,205,205,40318,35782,647,0,10,True,ht_chantry-random-2.scen,380
380,ht_chantry.map,planner,1,49031,35782,205,205,41854,35782,81,0,100,False,ht_chantry-random-2.scen,380
380,ht_chantry.map,planner,1,46172,35782,207,205,40077,35782,5330,0,100,True,ht_chantry-random-2.scen,380
380,ht_chantry.map,planner,1,49031,35782,205,205,41854,35782,82,0,1000,False,ht_chantry-random-2.scen,380
380,ht_chantry.map,planner,1,47187,35782,220,205,40092,35782,44262,0,1000,True,ht_chantry-random-2.scen,380
420,ht_chantry.map,planner,1,54763,39284,205,205,46475,39284,67,0,0,False,ht_chantry-random-2.scen,420
420,ht_chantry.map,planner,1,54763,39284,205,205,46475,39284,93,0,0,True,ht_chantry-random-2.scen,420
420,ht_chantry.map,planner,1,54763,39284,205,205,46475,39284,66,0,1,False,ht_chantry-random-2.scen,420
420,ht_chantry.map,planner,1,52826,39284,207,205,45292,39284,146,0,1,True,ht_chantry-random-2.scen,420
420,ht_chantry.map,planner,1,54763,39284,205,205,46475,39284,65,0,10,False,ht_chantry-random-2.scen,420
420,ht_chantry.map,planner,1,51224,39284,219,205,44523,39284,718,0,10,True,ht_chantry-random-2.scen,420
420,ht_chantry.map,planner,1,54763,39284,205,205,46475,39284,69,0,100,False,ht_chantry-random-2.scen,420
420,ht_chantry.map,planner,1,52065,39284,209,205,44607,39284,5483,0,100,True,ht_chantry-random-2.scen,420
420,ht_chantry.map,planner,1,54763,39284,205,205,46475,39284,66,0,1000,False,ht_chantry-random-2.scen,420
460,ht_chantry.map,planner,1,61254,43293,220,205,52070,43293,103,0,0,False,ht_chantry-random-2.scen,460
460,ht_chantry.map,planner,1,61254,43293,220,205,52070,43293,106,0,0,True,ht_chantry-random-2.scen,460
460,ht_chantry.map,planner,1,61254,43293,220,205,52070,43293,102,0,1,False,ht_chantry-random-2.scen,460
460,ht_chantry.map,planner,1,59027,43293,230,205,50405,43293,208,0,1,True,ht_chantry-random-2.scen,460
460,ht_chantry.map,planner,1,61254,43293,220,205,52070,43293,101,0,10,False,ht_chantry-random-2.scen,460
460,ht_chantry.map,planner,1,59045,43293,218,205,50500,43293,930,0,10,True,ht_chantry-random-2.scen,460
460,ht_chantry.map,planner,1,61254,43293,220,205,52070,43293,105,0,100,False,ht_chantry-random-2.scen,460
460,ht_chantry.map,planner,1,58304,43293,216,205,49705,43293,6821,0,100,True,ht_chantry-random-2.scen,460
460,ht_chantry.map,planner,1,61254,43293,220,205,52070,43293,104,0,1000,False,ht_chantry-random-2.scen,460
500,ht_chantry.map,planner,1,69892,47017,212,205,58063,47017,79,0,0,False,ht_chantry-random-2.scen,500
500,ht_chantry.map,planner,1,69892,47017,212,205,58063,47017,83,0,0,True,ht_chantry-random-2.scen,500
500,ht_chantry.map,planner,1,69892,47017,212,205,58063,47017,79,0,1,False,ht_chantry-random-2.scen,500
500,ht_chantry.map,planner,1,65350,47017,219,205,55814,47017,181,0,1,True,ht_chantry-random-2.scen,500
500,ht_chantry.map,planner,1,69892,47017,212,205,58063,47017,82,0,10,False,ht_chantry-random-2.scen,500
500,ht_chantry.map,planner,1,65104,47017,215,205,55238,47017,913,0,10,True,ht_chantry-random-2.scen,500
500,ht_chantry.map,planner,1,69892,47017,212,205,58063,47017,83,0,100,False,ht_chantry-random-2.scen,500
500,ht_chantry.map,planner,1,63957,47017,231,205,54797,47017,7202,0,100,True,ht_chantry-random-2.scen,500
500,ht_chantry.map,planner,1,69892,47017,212,205,58063,47017,77,0,1000,False,ht_chantry-random-2.scen,500
540,ht_chantry.map,planner,1,76999,50814,219,205,63524,50814,117,0,0,False,ht_chantry-random-2.scen,540
540,ht_chantry.map,planner,1,76999,50814,219,205,63524,50814,129,0,0,True,ht_chantry-random-2.scen,540
540,ht_chantry.map,planner,1,76999,50814,219,205,63524,50814,121,0,1,False,ht_chantry-random-2.scen,540
540,ht_chantry.map,planner,1,72891,50814,213,205,61428,50814,246,0,1,True,ht_chantry-random-2.scen,540
540,ht_chantry.map,planner,1,76999,50814,219,205,63524,50814,123,0,10,False,ht_chantry-random-2.scen,540
540,ht_chantry.map,planner,1,71531,50814,212,205,60498,50814,1034,0,10,True,ht_chantry-random-2.scen,540
540,ht_chantry.map,planner,1,76999,50814,219,205,63524,50814,122,0,100,False,ht_chantry-random-2.scen,540
540,ht_chantry.map,planner,1,72057,50814,216,205,60340,50814,8546,0,100,True,ht_chantry-random-2.scen,540
540,ht_chantry.map,planner,1,76999,50814,219,205,63524,50814,118,0,1000,False,ht_chantry-random-2.scen,540
20,ht_chantry.map,planner,1,2300,2243,186,186,2285,2243,3,0,0,False,ht_chantry-random-19.scen,20
20,ht_chantry.map,planner,1,2300,2243,186,186,2285,2243,5,0,0,True,ht_chantry-random-19.scen,20
20,ht_chantry.map,planner,1,2300,2243,186,186,2285,2243,3,0,1,False,ht_chantry-random-19.scen,20
20,ht_chantry.map,planner,1,2300,2243,186,186,2285,2243,5,0,1,True,ht_chantry-random-19.scen,20
20,ht_chantry.map,planner,1,2300,2243,186,186,2285,2243,3,0,10,False,ht_chantry-random-19.scen,20
20,ht_chantry.map,planner,1,2300,2243,186,186,2285,2243,3,0,10,True,ht_chantry-random-19.scen,20
20,ht_chantry.map,planner,1,2300,2243,186,186,2285,2243,3,0,100,False,ht_chantry-random-19.scen,20
20,ht_chantry.map,planner,1,2300,2243,186,186,2285,2243,3,0,100,True,ht_chantry-random-19.scen,20
20,ht_chantry.map,planner,1,2300,2243,186,186,2285,2243,4,0,1000,False,ht_chantry-random-19.scen,20
20,ht_chantry.map,planner,1,2300,2243,186,186,2285,2243,5,0,1000,True,ht_chantry-random-19.scen,20
60,ht_chantry.map,planner,1,6019,5472,188,186,5629,5472,11,0,0,False,ht_chantry-random-19.scen,60
60,ht_chantry.map,planner,1,6019,5472,188,186,5629,5472,12,0,0,True,ht_chantry-random-19.scen,60
60,ht_chantry.map,planner,1,6019,5472,188,186,5629,5472,12,0,1,False,ht_chantry-random-19.scen,60
60,ht_chantry.map,planner,1,5968,5472,188,186,5645,5472,12,0,1,True,ht_chantry-random-19.scen,60
60,ht_chantry.map,planner,1,6019,5472,188,186,5629,5472,11,0,10,False,ht_chantry-random-19.scen,60
60,ht_chantry.map,planner,1,5968,5472,188,186,5645,5472,12,0,10,True,ht_chantry-random-19.scen,60
60,ht_chantry.map,planner,1,6019,5472,188,186,5629,5472,12,0,100,False,ht_chantry-random-19.scen,60
60,ht_chantry.map,planner,1,5968,5472,188,186,5645,5472,12,0,100,True,ht_chantry-random-19.scen,60
60,ht_chantry.map,planner,1,6019,5472,188,186,5629,5472,12,0,1000,False,ht_chantry-random-19.scen,60
60,ht_chantry.map,planner,1,5968,5472,188,186,5645,5472,12,0,1000,True,ht_chantry-random-19.scen,60
100,ht_chantry.map,planner,1,10721,9108,197,197,9751,9108,20,0,0,False,ht_chantry-random-19.scen,100
100,ht_chantry.map,planner,1,10721,9108,197,197,9751,9108,22,0,0,True,ht_chantry-random-19.scen,100
100,ht_chantry.map,planner,1,10721,9108,197,197,9751,9108,21,0,1,False,ht_chantry-random-19.scen,100
100,ht_chantry.map,planner,1,10652,9108,200,197,9680,9108,21,0,1,True,ht_chantry-random-19.scen,100
100,ht_chantry.map,planner,1,10721,9108,197,197,9751,9108,20,0,10,False,ht_chantry-random-19.scen,100
100,ht_chantry.map,planner,1,10652,9108,200,197,9680,9108,15,0,10,True,ht_chantry-random-19.scen,100
100,ht_chantry.map,planner,1,10721,9108,197,197,9751,9108,13,0,100,False,ht_chantry-random-19.scen,100
100,ht_chantry.map,planner,1,10652,9108,200,197,9680,9108,14,0,100,True,ht_chantry-random-19.scen,100
100,ht_chantry.map,planner,1,10721,9108,197,197,9751,9108,14,0,1000,False,ht_chantry-random-19.scen,100
100,ht_chantry.map,planner,1,10652,9108,200,197,9680,9108,20,0,1000,True,ht_chantry-random-19.scen,100
140,ht_chantry.map,planner,1,15847,13060,197,197,14191,13060,29,0,0,False,ht_chantry-random-19.scen,140
140,ht_chantry.map,planner,1,15847,13060,197,197,14191,13060,29,0,0,True,ht_chantry-random-19.scen,140
140,ht_chantry.map,planner,1,15847,13060,197,197,14191,13060,28,0,1,False,ht_chantry-random-19.scen,140
140,ht_chantry.map,planner,1,15507,13060,207,197,14026,13060,38,0,1,True,ht_chantry-random-19.scen,140
140,ht_chantry.map,planner,1,15847,13060,197,197,14191,13060,29,0,10,False,ht_chantry-random-19.scen,140
140,ht_chantry.map,planner,1,15507,13060,207,197,14026,13060,37,0,10,True,ht_chantry-random-19.scen,140
140,ht_chantry.map,planner,1,15847,13060,197,197,14191,13060,29,0,100,False,ht_chantry-random-19.scen,140
140,ht_chantry.map,planner,1,15507,13060,207,197,14026,13060,36,0,100,True,ht_chantry-random-19.scen,140
140,ht_chantry.map,planner,1,15847,13060,197,197,14191,13060,29,0,1000,False,ht_chantry-random-19.scen,140
140,ht_chantry.map,planner,1,15507,13060,207,197,14026,13060,38,0,1000,True,ht_chantry-random-19.scen,140
180,ht_chantry.map,planner,1,21467,17337,199,197,19254,17337,38,0,0,False,ht_chantry-random-19.scen,180
180,ht_chantry.map,planner,1,21467,17337,199,197,19254,17337,39,0,0,True,ht_chantry-random-19.scen,180
180,ht_chantry.map,planner,1,21467,17337,199,197,19254,17337,37,0,1,False,ht_chantry-random-19.scen,180
180,ht_chantry.map,planner,1,20991,17337,207,197,18732,17337,53,0,1,True,ht_chantry-random-19.scen,180
180,ht_chantry.map,planner,1,21467,17337,199,197,19254,17337,37,0,10,False,ht_chantry-random-19.scen,180
180,ht_chantry.map,planner,1,21288,17337,209,197,18706,17337,73,0,10,True,ht_chantry-random-19.scen,180
180,ht_chantry.map,planner,1,21467,17337,199,197,19254,17337,37,0,100,False,ht_chantry-random-19.scen,180
180,ht_chantry.map,planner,1,20771,17337,207,197,18709,17337,70,0,100,True,ht_chantry-random-19.scen,180
180,ht_chantry.map,planner,1,21467,17337,199,197,19254,17337,38,0,1000,False,ht_chantry-random-19.scen,180
180,ht_chantry.map,planner,1,20771,17337,207,197,18709,17337,69,0,1000,True,ht_chantry-random-19.scen,180
220,ht_chantry.map,planner,1,26929,20687,197,197,23155,20687,47,0,0,False,ht_chantry-random-19.scen,220
220,ht_chantry.map,planner,1,26929,20687,197,197,23155,20687,47,0,0,True,ht_chantry-random-19.scen,220
220,ht_chantry.map,planner,1,26929,20687,197,197,23155,20687,49,0,1,False,ht_chantry-random-19.scen,220
220,ht_chantry.map,planner,1,25434,20687,202,197,22537,20687,80,0,1,True,ht_chantry-random-19.scen,220
220,ht_chantry.map,planner,1,26929,20687,197,197,23155,20687,46,0,10,False,ht_chantry-random-19.scen,220
220,ht_chantry.map,planner,1,25456,20687,204,197,22556,20687,219,0,10,True,ht_chantry-random-19.scen,220
220,ht_chantry.map,planner,1,26929,20687,197,197,23155,20687,46,0,100,False,ht_chantry-random-19.scen,220
220,ht_chantry.map,planner,1,25737,20687,210,197,22588,20687,542,0,100,True,ht_chantry-random-19.scen,220
220,ht_chantry.map,planner,1,26929,20687,197,197,23155,20687,46,0,1000,False,ht_chantry-random-19.scen,220
220,ht_chantry.map,planner,1,25360,20687,208,197,22513,20687,505,0,1000,True,ht_chantry-random-19.scen,220
260,ht_chantry.map,planner,1,32104,24453,202,197,27674,24453,55,0,0,False,ht_chantry-random-19.scen,260
260,ht_chantry.map,planner,1,32104,24453,202,197,27674,24453,54,0,0,True,ht_chantry-random-19.scen,260
260,ht_chantry.map,planner,1,32104,24453,202,197,27674,24453,55,0,1,False,ht_chantry-random-19.scen,260
260,ht_chantry.map,planner,1,30556,24453,203,197,26976,24453,111,0,1,True,ht_chantry-random-19.scen,260
260,ht_chantry.map,planner,1,32104,24453,202,197,27674,24453,55,0,10,False,ht_chantry-random-19.scen,260
260,ht_chantry.map,planner,1,30135,24453,204,197,26721,24453,386,0,10,True,ht_chantry-random-19.scen,260
260,ht_chantry.map,planner,1,32104,24453,202,197,27674,24453,54,0,100,False,ht_chantry-random-19.scen,260
260,ht_chantry.map,planner,1,30718,24453,203,197,26627,24453,2195,0,100,True,ht_chantry-random-19.scen,260
260,ht_chantry.map,planner,1,32104,24453,202,197,27674,24453,52,0,1000,False,ht_chantry-random-19.scen,260
260,ht_chantry.map,planner,1,30486,24453,208,197,26674,24453,11899,0,1000,True,ht_chantry-random-19.scen,260
300,ht_chantry.map,planner,1,38582,28763,205,197,33399,28763,66,0,0,False,ht_chantry-random-19.scen,300
300,ht_chantry.map,planner,1,38582,28763,205,197,33399,28763,69,0,0,True,ht_chantry-random-19.scen,300
300,ht_chantry.map,planner,1,38582,28763,205,197,33399,28763,66,0,1,False,ht_chantry-random-19.scen,300
300,ht_chantry.map,planner,1,37313,28763,207,197,32331,28763,129,0,1,True,ht_chantry-random-19.scen,300
300,ht_chantry.map,planner,1,38582,28763,205,197,33399,28763,64,0,10,False,ht_chantry-random-19.scen,300
300,ht_chantry.map,planner,1,36510,28763,204,197,32139,28763,550,0,10,True,ht_chantry-random-19.scen,300
300,ht_chantry.map,planner,1,38582,28763,205,197,33399,28763,66,0,100,False,ht_chantry-random-19.scen,300
300,ht_chantry.map,planner,1,36546,28763,201,197,31881,28763,3899,0,100,True,ht_chantry-random-19.scen,300
300,ht_chantry.map,planner,1,38582,28763,205,197,33399,28763,66,0,1000,False,ht_chantry-random-19.scen,300
300,ht_chantry.map,planner,1,36109,28763,205,197,31721,28763,26149,0,1000,True,ht_chantry-random-19.scen,300
340,ht_chantry.map,planner,1,43754,32411,197,197,37911,32411,53,0,0,False,ht_chantry-random-19.scen,340
340,ht_chantry.map,planner,1,43754,32411,197,197,37911,32411,56,0,0,True,ht_chantry-random-19.scen,340
340,ht_chantry.map,planner,1,43754,32411,197,197,37911,32411,52,0,1,False,ht_chantry-random-19.scen,340
340,ht_chantry.map,planner,1,40999,32411,210,197,36357,32411,117,0,1,True,ht_chantry-random-19.scen,340
340,ht_chantry.map,planner,1,43754,32411,197,197,37911,32411,54,0,10,False,ht_chantry-random-19.scen,340
340,ht_chantry.map,planner,1,41942,32411,212,197,36831,32411,701,0,10,True,ht_chantry-random-19.scen,340
340,ht_chantry.map,planner,1,43754,32411,197,197,37911,32411,53,0,100,False,ht_chantry-random-19.scen,340
340,ht_chantry.map,planner,1,41479,32411,211,197,36511,32411,4996,0,100,True,ht_chantry-random-19.scen,340
340,ht_chantry.map,planner,1,43754,32411,197,197,37911,32411,54,0,1000,False,ht_chantry-random-19.scen,340
340,ht_chantry.map,planner,1,41045,32411,211,197,35941,32411,38893,0,1000,True,ht_chantry-random-19.scen,340
380,ht_chantry.map,planner,1,50049,36629,199,197,43319,36629,84,0,0,False,ht_chantry-random-19.scen,380
380,ht_chantry.map,planner,1,50049,36629,199,197,43319,36629,88,0,0,True,ht_chantry-random-19.scen,380
380,ht_chantry.map,planner,1,50049,36629,199,197,43319,36629,84,0,1,False,ht_chantry-random-19.scen,380
380,ht_chantry.map,planner,1,47656,36629,207,197,41861,36629,171,0,1,True,ht_chantry-random-19.scen,380
380,ht_chantry.map,planner,1,50049,36629,199,197,43319,36629,83,0,10,False,ht_chantry-random-19.scen,380
380,ht_chantry.map,planner,1,48997,36629,207,197,42013,36629,763,0,10,True,ht_chantry-random-19.scen,380
380,ht_chantry.map,planner,1,50049,36629,199,197,43319,36629,85,0,100,False,ht_chantry-random-19.scen,380
380,ht_chantry.map,planner,1,47986,36629,227,197,41383,36629,5534,0,100,True,ht_chantry-random-19.scen,380
380,ht_chantry.map,planner,1,50049,36629,199,197,43319,36629,83,0,1000,False,ht_chantry-random-19.scen,380
420,ht_chantry.map,planner,1,57074,40490,203,197,48846,40490,68,0,0,False,ht_chantry-random-19.scen,420
420,ht_chantry.map,planner,1,57074,40490,203,197,48846,40490,74,0,0,True,ht_chantry-random-19.scen,420
420,ht_chantry.map,planner,1,57074,40490,203,197,48846,40490,68,0,1,False,ht_chantry-random-19.scen,420
420,ht_chantry.map,planner,1,54325,40490,208,197,47211,40490,161,0,1,True,ht_chantry-random-19.scen,420
420,ht_chantry.map,planner,1,57074,40490,203,197,48846,40490,71,0,10,False,ht_chantry-random-19.scen,420
420,ht_chantry.map,planner,1,54987,40490,216,197,47134,40490,803,0,10,True,ht_chantry-random-19.scen,420
420,ht_chantry.map,planner,1,57074,40490,203,197,48846,40490,93,0,100,False,ht_chantry-random-19.scen,420
420,ht_chantry.map,planner,1,55387,40490,227,197,47390,40490,6762,0,100,True,ht_chantry-random-19.scen,420
420,ht_chantry.map,planner,1,57074,40490,203,197,48846,40490,70,0,1000,False,ht_chantry-random-19.scen,420
460,ht_chantry.map,planner,1,65268,44789,222,197,55065,44789,81,0,0,False,ht_chantry-random-19.scen,460
460,ht_chantry.map,planner,1,65268,44789,222,197,55065,44789,81,0,0,True,ht_chantry-random-19.scen,460
460,ht_chantry.map,planner,1,65268,44789,222,197,55065,44789,77,0,1,False,ht_chantry-random-19.scen,460
460,ht_chantry.map,planner,1,61753,44789,218,197,52907,44789,181,0,1,True,ht_chantry-random-19.scen,460
460,ht_chantry.map,planner,1,65268,44789,222,197,55065,44789,107,0,10,False,ht_chantry-random-19.scen,460
460,ht_chantry.map,planner,1,63334,44789,215,197,53617,44789,1037,0,10,True,ht_chantry-random-19.scen,460
460,ht_chantry.map,planner,1,65268,44789,222,197,55065,44789,107,0,100,False,ht_chantry-random-19.scen,460
460,ht_chantry.map,planner,1,61563,44789,204,197,52743,44789,7372,0,100,True,ht_chantry-random-19.scen,460
460,ht_chantry.map,planner,1,65268,44789,222,197,55065,44789,77,0,1000,False,ht_chantry-random-19.scen,460
500,ht_chantry.map,planner,1,71953,48447,227,197,60274,48447,117,0,0,False,ht_chantry-random-19.scen,500
500,ht_chantry.map,planner,1,71953,48447,227,197,60274,48447,123,0,0,True,ht_chantry-random-19.scen,500
500,ht_chantry.map,planner,1,71953,48447,227,197,60274,48447,117,0,1,False,ht_chantry-random-19.scen,500
500,ht_chantry.map,planner,1,68928,48447,213,197,59043,48447,242,0,1,True,ht_chantry-random-19.scen,500
500,ht_chantry.map,planner,1,71953,48447,227,197,60274,48447,115,0,10,False,ht_chantry-random-19.scen,500
500,ht_chantry.map,planner,1,69015,48447,212,197,58693,48447,1169,0,10,True,ht_chantry-random-19.scen,500
500,ht_chantry.map,planner,1,71953,48447,227,197,60274,48447,116,0,100,False,ht_chantry-random-19.scen,500
500,ht_chantry.map,planner,1,68127,48447,225,197,58305,48447,9097,0,100,True,ht_chantry-random-19.scen,500
500,ht_chantry.map,planner,1,71953,48447,227,197,60274,48447,125,0,1000,False,ht_chantry-random-19.scen,500
540,ht_chantry.map,planner,1,80975,52460,232,197,67511,52460,128,0,0,False,ht_chantry-random-19.scen,540
540,ht_chantry.map,planner,1,80975,52460,232,197,67511,52460,136,0,0,True,ht_chantry-random-19.scen,540
540,ht_chantry.map,planner,1,80975,52460,232,197,67511,52460,111,0,1,False,ht_chantry-random-19.scen,540
540,ht_chantry.map,planner,1,77208,52460,209,197,65293,52460,227,0,1,True,ht_chantry-random-19.scen,540
540,ht_chantry.map,planner,1,80975,52460,232,197,67511,52460,96,0,10,False,ht_chantry-random-19.scen,540
540,ht_chantry.map,planner,1,76190,52460,219,197,64457,52460,1191,0,10,True,ht_chantry-random-19.scen,540
540,ht_chantry.map,planner,1,80975,52460,232,197,67511,52460,128,0,100,False,ht_chantry-random-19.scen,540
540,ht_chantry.map,planner,1,77337,52460,235,197,65060,52460,10660,0,100,True,ht_chantry-random-19.scen,540
540,ht_chantry.map,planner,1,80975,52460,232,197,67511,52460,128,0,1000,False,ht_chantry-random-19.scen,540
20,ht_chantry.map,planner,1,1782,1761,151,151,1776,1761,4,0,0,False,ht_chantry-random-4.scen,20
20,ht_chantry.map,planner,1,1782,1761,151,151,1776,1761,3,0,0,True,ht_chantry-random-4.scen,20
20,ht_chantry.map,planner,1,1782,1761,151,151,1776,1761,3,0,1,False,ht_chantry-random-4.scen,20
20,ht_chantry.map,planner,1,1782,1761,151,151,1776,1761,3,0,1,True,ht_chantry-random-4.scen,20
20,ht_chantry.map,planner,1,1782,1761,151,151,1776,1761,4,0,10,False,ht_chantry-random-4.scen,20
20,ht_chantry.map,planner,1,1782,1761,151,151,1776,1761,4,0,10,True,ht_chantry-random-4.scen,20
20,ht_chantry.map,planner,1,1782,1761,151,151,1776,1761,3,0,100,False,ht_chantry-random-4.scen,20
20,ht_chantry.map,planner,1,1782,1761,151,151,1776,1761,3,0,100,True,ht_chantry-random-4.scen,20
20,ht_chantry.map,planner,1,1782,1761,151,151,1776,1761,4,0,1000,False,ht_chantry-random-4.scen,20
20,ht_chantry.map,planner,1,1782,1761,151,151,1776,1761,4,0,1000,True,ht_chantry-random-4.scen,20
60,ht_chantry.map,planner,1,6505,5735,195,195,6005,5735,12,0,0,False,ht_chantry-random-4.scen,60
60,ht_chantry.map,planner,1,6505,5735,195,195,6005,5735,13,0,0,True,ht_chantry-random-4.scen,60
60,ht_chantry.map,planner,1,6505,5735,195,195,6005,5735,11,0,1,False,ht_chantry-random-4.scen,60
60,ht_chantry.map,planner,1,6373,5735,195,195,5994,5735,11,0,1,True,ht_chantry-random-4.scen,60
60,ht_chantry.map,planner,1,6505,5735,195,195,6005,5735,12,0,10,False,ht_chantry-random-4.scen,60
60,ht_chantry.map,planner,1,6373,5735,195,195,5994,5735,12,0,10,True,ht_chantry-random-4.scen,60
60,ht_chantry.map,planner,1,6505,5735,195,195,6005,5735,12,0,100,False,ht_chantry-random-4.scen,60
60,ht_chantry.map,planner,1,6373,5735,195,195,5994,5735,12,0,100,True,ht_chantry-random-4.scen,60
60,ht_chantry.map,planner,1,6505,5735,195,195,6005,5735,12,0,1000,False,ht_chantry-random-4.scen,60
60,ht_chantry.map,planner,1,6373,5735,195,195,5994,5735,12,0,1000,True,ht_chantry-random-4.scen,60
100,ht_chantry.map,planner,1,10892,9253,195,195,9919,9253,20,0,0,False,ht_chantry-random-4.scen,100
100,ht_chantry.map,planner,1,10892,9253,195,195,9919,9253,19,0,0,True,ht_chantry-random-4.scen,100
100,ht_chantry.map,planner,1,10892,9253,195,195,9919,9253,19,0,1,False,ht_chantry-random-4.scen,100
100,ht_chantry.map,planner,1,10867,9253,195,195,9859,9253,21,0,1,True,ht_chantry-random-4.scen,100
100,ht_chantry.map,planner,1,10892,9253,195,195,9919,9253,19,0,10,False,ht_chantry-random-4.scen,100
100,ht_chantry.map,planner,1,10867,9253,195,195,9859,9253,21,0,10,True,ht_chantry-random-4.scen,100
100,ht_chantry.map,planner,1,10892,9253,195,195,9919,9253,19,0,100,False,ht_chantry-random-4.scen,100
100,ht_chantry.map,planner,1,10867,9253,195,195,9859,9253,20,0,100,True,ht_chantry-random-4.scen,100
100,ht_chantry.map,planner,1,10892,9253,195,195,9919,9253,19,0,1000,False,ht_chantry-random-4.scen,100
100,ht_chantry.map,planner,1,10867,9253,195,195,9859,9253,21,0,1000,True,ht_chantry-random-4.scen,100
140,ht_chantry.map,planner,1,15648,13012,195,195,14257,13012,27,0,0,False,ht_chantry-random-4.scen,140
140,ht_chantry.map,planner,1,15648,13012,195,195,14257,13012,28,0,0,True,ht_chantry-random-4.scen,140
140,ht_chantry.map,planner,1,15648,13012,195,195,14257,13012,20,0,1,False,ht_chantry-random-4.scen,140
140,ht_chantry.map,planner,1,15602,13012,199,195,14000,13012,21,0,1,True,ht_chantry-random-4.scen,140
140,ht_chantry.map,planner,1,15648,13012,195,195,14257,13012,18,0,10,False,ht_chantry-random-4.scen,140
140,ht_chantry.map,planner,1,15602,13012,199,195,14000,13012,21,0,10,True,ht_chantry-random-4.scen,140
140,ht_chantry.map,planner,1,15648,13012,195,195,14257,13012,18,0,100,False,ht_chantry-random-4.scen,140
140,ht_chantry.map,planner,1,15602,13012,199,195,14000,13012,22,0,100,True,ht_chantry-random-4.scen,140
140,ht_chantry.map,planner,1,15648,13012,195,195,14257,13012,21,0,1000,False,ht_chantry-random-4.scen,140
140,ht_chantry.map,planner,1,15602,13012,199,195,14000,13012,22,0,1000,True,ht_chantry-random-4.scen,140
180,ht_chantry.map,planner,1,20907,16929,198,195,18749,16929,25,0,0,False,ht_chantry-random-4.scen,180
180,ht_chantry.map,planner,1,20907,16929,198,195,18749,16929,25,0,0,True,ht_chantry-random-4.scen,180
180,ht_chantry.map,planner,1,20907,16929,198,195,18749,16929,24,0,1,False,ht_chantry-random-4.scen,180
180,ht_chantry.map,planner,1,19896,16929,198,195,18300,16929,42,0,1,True,ht_chantry-random-4.scen,180
180,ht_chantry.map,planner,1,20907,16929,198,195,18749,16929,26,0,10,False,ht_chantry-random-4.scen,180
180,ht_chantry.map,planner,1,20492,16929,195,195,18400,16929,58,0,10,True,ht_chantry-random-4.scen,180
180,ht_chantry.map,planner,1,20907,16929,198,195,18749,16929,36,0,100,False,ht_chantry-random-4.scen,180
180,ht_chantry.map,planner,1,20492,16929,195,195,18400,16929,96,0,100,True,ht_chantry-random-4.scen,180
180,ht_chantry.map,planner,1,20907,16929,198,195,18749,16929,38,0,1000,False,ht_chantry-random-4.scen,180
180,ht_chantry.map,planner,1,20492,16929,195,195,18400,16929,98,0,1000,True,ht_chantry-random-4.scen,180
220,ht_chantry.map,planner,1,26408,20716,198,195,23384,20716,47,0,0,False,ht_chantry-random-4.scen,220
220,ht_chantry.map,planner,1,26408,20716,198,195,23384,20716,47,0,0,True,ht_chantry-random-4.scen,220
220,ht_chantry.map,planner,1,26408,20716,198,195,23384,20716,46,0,1,False,ht_chantry-random-4.scen,220
220,ht_chantry.map,planner,1,26005,20716,199,195,22902,20716,84,0,1,True,ht_chantry-random-4.scen,220
220,ht_chantry.map,planner,1,26408,20716,198,195,23384,20716,45,0,10,False,ht_chantry-random-4.scen,220
220,ht_chantry.map,planner,1,26263,20716,200,195,22937,20716,261,0,10,True,ht_chantry-random-4.scen,220
220,ht_chantry.map,planner,1,26408,20716,198,195,23384,20716,45,0,100,False,ht_chantry-random-4.scen,220
220,ht_chantry.map,planner,1,26123,20716,197,195,22808,20716,1212,0,100,True,ht_chantry-random-4.scen,220
220,ht_chantry.map,planner,1,26408,20716,198,195,23384,20716,46,0,1000,False,ht_chantry-random-4.scen,220
220,ht_chantry.map,planner,1,25959,20716,199,195,22853,20716,5348,0,1000,True,ht_chantry-random-4.scen,220
260,ht_chantry.map,planner,1,32752,25059,199,195,28959,25059,55,0,0,False,ht_chantry-random-4.scen,260
260,ht_chantry.map,planner,1,32752,25059,199,195,28959,25059,57,0,0,True,ht_chantry-random-4.scen,260
260,ht_chantry.map,planner,1,32752,25059,199,195,28959,25059,56,0,1,False,ht_chantry-random-4.scen,260
260,ht_chantry.map,planner,1,31544,25059,200,195,27783,25059,108,0,1,True,ht_chantry-random-4.scen,260
260,ht_chantry.map,planner,1,32752,25059,199,195,28959,25059,54,0,10,False,ht_chantry-random-4.scen,260
260,ht_chantry.map,planner,1,31666,25059,215,195,27841,25059,393,0,10,True,ht_chantry-random-4.scen,260
260,ht_chantry.map,planner,1,32752,25059,199,195,28959,25059,56,0,100,False,ht_chantry-random-4.scen,260
260,ht_chantry.map,planner,1,31225,25059,209,195,27824,25059,1133,0,100,True,ht_chantry-random-4.scen,260
260,ht_chantry.map,planner,1,32752,25059,199,195,28959,25059,50,0,1000,False,ht_chantry-random-4.scen,260
260,ht_chantry.map,planner,1,31521,25059,197,195,27697,25059,3426,0,1000,True,ht_chantry-random-4.scen,260
300,ht_chantry.map,planner,1,38319,28770,195,195,33781,28770,66,0,0,False,ht_chantry-random-4.scen,300
300,ht_chantry.map,planner,1,38319,28770,195,195,33781,28770,48,0,0,True,ht_chantry-random-4.scen,300
300,ht_chantry.map,planner,1,38319,28770,195,195,33781,28770,64,0,1,False,ht_chantry-random-4.scen,300
300,ht_chantry.map,planner,1,36726,28770,199,195,32048,28770,98,0,1,True,ht_chantry-random-4.scen,300
300,ht_chantry.map,planner,1,38319,28770,195,195,33781,28770,46,0,10,False,ht_chantry-random-4.scen,300
300,ht_chantry.map,planner,1,36352,28770,209,195,32243,28770,518,0,10,True,ht_chantry-random-4.scen,300
300,ht_chantry.map,planner,1,38319,28770,195,195,33781,28770,65,0,100,False,ht_chantry-random-4.scen,300
300,ht_chantry.map,planner,1,36446,28770,204,195,32171,28770,3302,0,100,True,ht_chantry-random-4.scen,300
300,ht_chantry.map,planner,1,38319,28770,195,195,33781,28770,47,0,1000,False,ht_chantry-random-4.scen,300
300,ht_chantry.map,planner,1,36537,28770,212,195,31995,28770,23389,0,1000,True,ht_chantry-random-4.scen,300
340,ht_chantry.map,planner,1,44130,32325,195,195,38440,32325,73,0,0,False,ht_chantry-random-4.scen,340
340,ht_chantry.map,planner,1,44130,32325,195,195,38440,32325,52,0,0,True,ht_chantry-random-4.scen,340
340,ht_chantry.map,planner,1,44130,32325,195,195,38440,32325,71,0,1,False,ht_chantry-random-4.scen,340
340,ht_chantry.map,planner,1,41974,32325,198,195,36862,32325,120,0,1,True,ht_chantry-random-4.scen,340
340,ht_chantry.map,planner,1,44130,32325,195,195,38440,32325,56,0,10,False,ht_chantry-random-4.scen,340
340,ht_chantry.map,planner,1,41965,32325,210,195,36469,32325,554,0,10,True,ht_chantry-random-4.scen,340
340,ht_chantry.map,planner,1,44130,32325,195,195,38440,32325,53,0,100,False,ht_chantry-random-4.scen,340
340,ht_chantry.map,planner,1,41627,32325,224,195,36341,32325,4365,0,100,True,ht_chantry-random-4.scen,340
340,ht_chantry.map,planner,1,44130,32325,195,195,38440,32325,51,0,1000,False,ht_chantry-random-4.scen,340
340,ht_chantry.map,planner,1,41533,32325,202,195,36200,32325,30669,0,1000,True,ht_chantry-random-4.scen,340
380,ht_chantry.map,planner,1,49991,35833,195,195,42723,35833,57,0,0,False,ht_chantry-random-4.scen,380
380,ht_chantry.map,planner,1,49991,35833,195,195,42723,35833,84,0,0,True,ht_chantry-random-4.scen,380
380,ht_chantry.map,planner,1,49991,35833,195,195,42723,35833,82,0,1,False,ht_chantry-random-4.scen,380
380,ht_chantry.map,planner,1,47651,35833,237,195,41185,35833,177,0,1,True,ht_chantry-random-4.scen,380
380,ht_chantry.map,planner,1,49991,35833,195,195,42723,35833,80,0,10,False,ht_chantry-random-4.scen,380
380,ht_chantry.map,planner,1,47269,35833,195,195,40673,35833,708,0,10,True,ht_chantry-random-4.scen,380
380,ht_chantry.map,planner,1,49991,35833,195,195,42723,35833,81,0,100,False,ht_chantry-random-4.scen,380
380,ht_chantry.map,planner,1,47583,35833,203,195,40843,35833,4468,0,100,True,ht_chantry-random-4.scen,380
380,ht_chantry.map,planner,1,49991,35833,195,195,42723,35833,82,0,1000,False,ht_chantry-random-4.scen,380
380,ht_chantry.map,planner,1,46977,35833,204,195,40612,35833,42418,0,1000,True,ht_chantry-random-4.scen,380
420,ht_chantry.map,planner,1,56178,39253,199,195,47386,39253,88,0,0,False,ht_chantry-random-4.scen,420
420,ht_chantry.map,planner,1,56178,39253,199,195,47386,39253,96,0,0,True,ht_chantry-random-4.scen,420
420,ht_chantry.map,planner,1,56178,39253,199,195,47386,39253,97,0,1,False,ht_chantry-random-4.scen,420
420,ht_chantry.map,planner,1,53387,39253,197,195,45691,39253,184,0,1,True,ht_chantry-random-4.scen,420
420,ht_chantry.map,planner,1,56178,39253,199,195,47386,39253,91,0,10,False,ht_chantry-random-4.scen,420
420,ht_chantry.map,planner,1,53160,39253,207,195,45750,39253,951,0,10,True,ht_chantry-random-4.scen,420
420,ht_chantry.map,planner,1,56178,39253,199,195,47386,39253,91,0,100,False,ht_chantry-random-4.scen,420
420,ht_chantry.map,planner,1,53094,39253,212,195,45485,39253,6061,0,100,True,ht_chantry-random-4.scen,420
420,ht_chantry.map,planner,1,56178,39253,199,195,47386,39253,91,0,1000,False,ht_chantry-random-4.scen,420
460,ht_chantry.map,planner,1,62753,42740,222,195,52350,42740,103,0,0,False,ht_chantry-random-4.scen,460
460,ht_chantry.map,planner,1,62753,42740,222,195,52350,42740,106,0,0,True,ht_chantry-random-4.scen,460
460,ht_chantry.map,planner,1,62753,42740,222,195,52350,42740,102,0,1,False,ht_chantry-random-4.scen,460
460,ht_chantry.map,planner,1,59453,42740,199,195,50862,42740,208,0,1,True,ht_chantry-random-4.scen,460
460,ht_chantry.map,planner,1,62753,42740,222,195,52350,42740,101,0,10,False,ht_chantry-random-4.scen,460
460,ht_chantry.map,planner,1,58223,42740,204,195,49690,42740,931,0,10,True,ht_chantry-random-4.scen,460
460,ht_chantry.map,planner,1,62753,42740,222,195,52350,42740,103,0,100,False,ht_chantry-random-4.scen,460
460,ht_chantry.map,planner,1,59060,42740,210,195,50131,42740,7367,0,100,True,ht_chantry-random-4.scen,460
460,ht_chantry.map,planner,1,62753,42740,222,195,52350,42740,102,0,1000,False,ht_chantry-random-4.scen,460
500,ht_chantry.map,planner,1,70185,46488,229,195,58442,46488,83,0,0,False,ht_chantry-random-4.scen,500
500,ht_chantry.map,planner,1,70185,46488,229,195,58442,46488,87,0,0,True,ht_chantry-random-4.scen,500
500,ht_chantry.map,planner,1,70185,46488,229,195,58442,46488,86,0,1,False,ht_chantry-random-4.scen,500
500,ht_chantry.map,planner,1,67573,46488,225,195,57169,46488,245,0,1,True,ht_chantry-random-4.scen,500
500,ht_chantry.map,planner,1,70185,46488,229,195,58442,46488,114,0,10,False,ht_chantry-random-4.scen,500
500,ht_chantry.map,planner,1,67178,46488,202,195,56333,46488,1133,0,10,True,ht_chantry-random-4.scen,500
500,ht_chantry.map,planner,1,70185,46488,229,195,58442,46488,116,0,100,False,ht_chantry-random-4.scen,500
500,ht_chantry.map,planner,1,66812,46488,283,195,56508,46488,9339,0,100,True,ht_chantry-random-4.scen,500
500,ht_chantry.map,planner,1,70185,46488,229,195,58442,46488,115,0,1000,False,ht_chantry-random-4.scen,500
540,ht_chantry.map,planner,1,76082,50066,221,195,63741,50066,95,0,0,False,ht_chantry-random-4.scen,540
540,ht_chantry.map,planner,1,76082,50066,221,195,63741,50066,129,0,0,True,ht_chantry-random-4.scen,540
540,ht_chantry.map,planner,1,76082,50066,221,195,63741,50066,115,0,1,False,ht_chantry-random-4.scen,540
540,ht_chantry.map,planner,1,73301,50066,237,195,62159,50066,267,0,1,True,ht_chantry-random-4.scen,540
540,ht_chantry.map,planner,1,76082,50066,221,195,63741,50066,122,0,10,False,ht_chantry-random-4.scen,540
540,ht_chantry.map,planner,1,73101,50066,207,195,61638,50066,1227,0,10,True,ht_chantry-random-4.scen,540
540,ht_chantry.map,planner,1,76082,50066,221,195,63741,50066,121,0,100,False,ht_chantry-random-4.scen,540
540,ht_chantry.map,planner,1,71962,50066,211,195,60793,50066,9951,0,100,True,ht_chantry-random-4.scen,540
540,ht_chantry.map,planner,1,76082,50066,221,195,63741,50066,123,0,1000,False,ht_chantry-random-4.scen,540
20,ht_chantry.map,planner,1,1472,1390,149,149,1416,1390,3,0,0,False,ht_chantry-random-24.scen,20
20,ht_chantry.map,planner,1,1472,1390,149,149,1416,1390,2,0,0,True,ht_chantry-random-24.scen,20
20,ht_chantry.map,planner,1,1472,1390,149,149,1416,1390,2,0,1,False,ht_chantry-random-24.scen,20
20,ht_chantry.map,planner,1,1472,1390,149,149,1416,1390,2,0,1,True,ht_chantry-random-24.scen,20
20,ht_chantry.map,planner,1,1472,1390,149,149,1416,1390,2,0,10,False,ht_chantry-random-24.scen,20
20,ht_chantry.map,planner,1,1472,1390,149,149,1416,1390,2,0,10,True,ht_chantry-random-24.scen,20
20,ht_chantry.map,planner,1,1472,1390,149,149,1416,1390,3,0,100,False,ht_chantry-random-24.scen,20
20,ht_chantry.map,planner,1,1472,1390,149,149,1416,1390,3,0,100,True,ht_chantry-random-24.scen,20
20,ht_chantry.map,planner,1,1472,1390,149,149,1416,1390,4,0,1000,False,ht_chantry-random-24.scen,20
20,ht_chantry.map,planner,1,1472,1390,149,149,1416,1390,3,0,1000,True,ht_chantry-random-24.scen,20
60,ht_chantry.map,planner,1,5599,5041,169,169,5223,5041,10,0,0,False,ht_chantry-random-24.scen,60
60,ht_chantry.map,planner,1,5599,5041,169,169,5223,5041,10,0,0,True,ht_chantry-random-24.scen,60
60,ht_chantry.map,planner,1,5599,5041,169,169,5223,5041,11,0,1,False,ht_chantry-random-24.scen,60
60,ht_chantry.map,planner,1,5652,5041,169,169,5216,5041,10,0,1,True,ht_chantry-random-24.scen,60
60,ht_chantry.map,planner,1,5599,5041,169,169,5223,5041,11,0,10,False,ht_chantry-random-24.scen,60
60,ht_chantry.map,planner,1,5652,5041,169,169,5216,5041,10,0,10,True,ht_chantry-random-24.scen,60
60,ht_chantry.map,planner,1,5599,5041,169,169,5223,5041,10,0,100,False,ht_chantry-random-24.scen,60
60,ht_chantry.map,planner,1,5652,5041,169,169,5216,5041,11,0,100,True,ht_chantry-random-24.scen,60
60,ht_chantry.map,planner,1,5599,5041,169,169,5223,5041,10,0,1000,False,ht_chantry-random-24.scen,60
60,ht_chantry.map,planner,1,5652,5041,169,169,5216,5041,11,0,1000,True,ht_chantry-random-24.scen,60
100,ht_chantry.map,planner,1,10763,8768,188,187,9373,8768,18,0,0,False,ht_chantry-random-24.scen,100
100,ht_chantry.map,planner,1,10763,8768,188,187,9373,8768,20,0,0,True,ht_chantry-random-24.scen,100
100,ht_chantry.map,planner,1,10763,8768,188,187,9373,8768,19,0,1,False,ht_chantry-random-24.scen,100
100,ht_chantry.map,planner,1,10239,8768,187,187,9190,8768,20,0,1,True,ht_chantry-random-24.scen,100
100,ht_chantry.map,planner,1,10763,8768,188,187,9373,8768,19,0,10,False,ht_chantry-random-24.scen,100
100,ht_chantry.map,planner,1,10239,8768,187,187,9190,8768,20,0,10,True,ht_chantry-random-24.scen,100
100,ht_chantry.map,planner,1,10763,8768,188,187,9373,8768,19,0,100,False,ht_chantry-random-24.scen,100
100,ht_chantry.map,planner,1,10239,8768,187,187,9190,8768,20,0,100,True,ht_chantry-random-24.scen,100
100,ht_chantry.map,planner,1,10763,8768,188,187,9373,8768,20,0,1000,False,ht_chantry-random-24.scen,100
100,ht_chantry.map,planner,1,10239,8768,187,187,9190,8768,20,0,1000,True,ht_chantry-random-24.scen,100
140,ht_chantry.map,planner,1,14797,12151,190,187,13258,12151,28,0,0,False,ht_chantry-random-24.scen,140
140,ht_chantry.map,planner,1,14797,12151,190,187,13258,12151,28,0,0,True,ht_chantry-random-24.scen,140
140,ht_chantry.map,planner,1,14797,12151,190,187,13258,12151,26,0,1,False,ht_chantry-random-24.scen,140
140,ht_chantry.map,planner,1,14699,12151,191,187,13095,12151,30,0,1,True,ht_chantry-random-24.scen,140
140,ht_chantry.map,planner,1,14797,12151,190,187,13258,12151,27,0,10,False,ht_chantry-random-24.scen,140
140,ht_chantry.map,planner,1,14699,12151,191,187,13095,12151,31,0,10,True,ht_chantry-random-24.scen,140
140,ht_chantry.map,planner,1,14797,12151,190,187,13258,12151,26,0,100,False,ht_chantry-random-24.scen,140
140,ht_chantry.map,planner,1,14699,12151,191,187,13095,12151,30,0,100,True,ht_chantry-random-24.scen,140
140,ht_chantry.map,planner,1,14797,12151,190,187,13258,12151,27,0,1000,False,ht_chantry-random-24.scen,140
140,ht_chantry.map,planner,1,14699,12151,191,187,13095,12151,31,0,1000,True,ht_chantry-random-24.scen,140
180,ht_chantry.map,planner,1,19690,15692,199,199,17072,15692,35,0,0,False,ht_chantry-random-24.scen,180
180,ht_chantry.map,planner,1,19690,15692,199,199,17072,15692,36,0,0,True,ht_chantry-random-24.scen,180
180,ht_chantry.map,planner,1,19690,15692,199,199,17072,15692,35,0,1,False,ht_chantry-random-24.scen,180
180,ht_chantry.map,planner,1,19165,15692,199,199,16768,15692,42,0,1,True,ht_chantry-random-24.scen,180
180,ht_chantry.map,planner,1,19690,15692,199,199,17072,15692,35,0,10,False,ht_chantry-random-24.scen,180
180,ht_chantry.map,planner,1,19165,15692,199,199,16768,15692,43,0,10,True,ht_chantry-random-24.scen,180
180,ht_chantry.map,planner,1,19690,15692,199,199,17072,15692,36,0,100,False,ht_chantry-random-24.scen,180
180,ht_chantry.map,planner,1,19165,15692,199,199,16768,15692,43,0,100,True,ht_chantry-random-24.scen,180
180,ht_chantry.map,planner,1,19690,15692,199,199,17072,15692,35,0,1000,False,ht_chantry-random-24.scen,180
180,ht_chantry.map,planner,1,19165,15692,199,199,16768,15692,43,0,1000,True,ht_chantry-random-24.scen,180
220,ht_chantry.map,planner,1,24717,19226,199,199,21409,19226,44,0,0,False,ht_chantry-random-24.scen,220
220,ht_chantry.map,planner,1,24717,19226,199,199,21409,19226,44,0,0,True,ht_chantry-random-24.scen,220
220,ht_chantry.map,planner,1,24717,19226,199,199,21409,19226,44,0,1,False,ht_chantry-random-24.scen,220
220,ht_chantry.map,planner,1,24126,19226,199,199,20893,19226,66,0,1,True,ht_chantry-random-24.scen,220
220,ht_chantry.map,planner,1,24717,19226,199,199,21409,19226,44,0,10,False,ht_chantry-random-24.scen,220
220,ht_chantry.map,planner,1,24527,19226,199,199,20827,19226,112,0,10,True,ht_chantry-random-24.scen,220
220,ht_chantry.map,planner,1,24717,19226,199,199,21409,19226,43,0,100,False,ht_chantry-random-24.scen,220
220,ht_chantry.map,planner,1,24092,19226,199,199,20823,19226,132,0,100,True,ht_chantry-random-24.scen,220
220,ht_chantry.map,planner,1,24717,19226,199,199,21409,19226,44,0,1000,False,ht_chantry-random-24.scen,220
220,ht_chantry.map,planner,1,24092,19226,199,199,20823,19226,131,0,1000,True,ht_chantry-random-24.scen,220
260,ht_chantry.map,planner,1,31430,23327,199,199,26066,23327,53,0,0,False,ht_chantry-random-24.scen,260
260,ht_chantry.map,planner,1,31430,23327,199,199,26066,23327,54,0,0,True,ht_chantry-random-24.scen,260
260,ht_chantry.map,planner,1,31430,23327,199,199,26066,23327,53,0,1,False,ht_chantry-random-24.scen,260
260,ht_chantry.map,planner,1,30560,23327,202,199,25512,23327,100,0,1,True,ht_chantry-random-24.scen,260
260,ht_chantry.map,planner,1,31430,23327,199,199,26066,23327,53,0,10,False,ht_chantry-random-24.scen,260
260,ht_chantry.map,planner,1,30328,23327,202,199,25622,23327,393,0,10,True,ht_chantry-random-24.scen,260
260,ht_chantry.map,planner,1,31430,23327,199,199,26066,23327,54,0,100,False,ht_chantry-random-24.scen,260
260,ht_chantry.map,planner,1,30873,23327,202,199,25514,23327,1700,0,100,True,ht_chantry-random-24.scen,260
260,ht_chantry.map,planner,1,31430,23327,199,199,26066,23327,54,0,1000,False,ht_chantry-random-24.scen,260
260,ht_chantry.map,planner,1,30443,23327,202,199,25554,23327,7607,0,1000,True,ht_chantry-random-24.scen,260
300,ht_chantry.map,planner,1,37517,27303,199,199,31361,27303,65,0,0,False,ht_chantry-random-24.scen,300
300,ht_chantry.map,planner,1,37517,27303,199,199,31361,27303,64,0,0,True,ht_chantry-random-24.scen,300
300,ht_chantry.map,planner,1,37517,27303,199,199,31361,27303,63,0,1,False,ht_chantry-random-24.scen,300
300,ht_chantry.map,planner,1,36855,27303,199,199,30509,27303,124,0,1,True,ht_chantry-random-24.scen,300
300,ht_chantry.map,planner,1,37517,27303,199,199,31361,27303,62,0,10,False,ht_chantry-random-24.scen,300
300,ht_chantry.map,planner,1,35811,27303,209,199,30117,27303,518,0,10,True,ht_chantry-random-24.scen,300
300,ht_chantry.map,planner,1,37517,27303,199,199,31361,27303,65,0,100,False,ht_chantry-random-24.scen,300
300,ht_chantry.map,planner,1,36199,27303,199,199,30146,27303,4003,0,100,True,ht_chantry-random-24.scen,300
300,ht_chantry.map,planner,1,37517,27303,199,199,31361,27303,62,0,1000,False,ht_chantry-random-24.scen,300
300,ht_chantry.map,planner,1,36025,27303,199,199,30222,27303,31441,0,1000,True,ht_chantry-random-24.scen,300
340,ht_chantry.map,planner,1,44175,30856,199,199,36209,30856,69,0,0,False,ht_chantry-random-24.scen,340
340,ht_chantry.map,planner,1,44175,30856,199,199,36209,30856,74,0,0,True,ht_chantry-random-24.scen,340
340,ht_chantry.map,planner,1,44175,30856,199,199,36209,30856,71,0,1,False,ht_chantry-random-24.scen,340
340,ht_chantry.map,planner,1,42710,30856,201,199,35425,30856,157,0,1,True,ht_chantry-random-24.scen,340
340,ht_chantry.map,planner,1,44175,30856,199,199,36209,30856,72,0,10,False,ht_chantry-random-24.scen,340
340,ht_chantry.map,planner,1,42386,30856,205,199,34826,30856,616,0,10,True,ht_chantry-random-24.scen,340
340,ht_chantry.map,planner,1,44175,30856,199,199,36209,30856,72,0,100,False,ht_chantry-random-24.scen,340
340,ht_chantry.map,planner,1,41790,30856,203,199,34391,30856,4190,0,100,True,ht_chantry-random-24.scen,340
340,ht_chantry.map,planner,1,44175,30856,199,199,36209,30856,52,0,1000,False,ht_chantry-random-24.scen,340
340,ht_chantry.map,planner,1,41965,30856,207,199,34481,30856,37709,0,1000,True,ht_chantry-random-24.scen,340
380,ht_chantry.map,planner,1,50813,35168,199,199,41729,35168,60,0,0,False,ht_chantry-random-24.scen,380
380,ht_chantry.map,planner,1,50813,35168,199,199,41729,35168,63,0,0,True,ht_chantry-random-24.scen,380
380,ht_chantry.map,planner,1,50813,35168,199,199,41729,35168,58,0,1,False,ht_chantry-random-24.scen,380
380,ht_chantry.map,planner,1,49040,35168,208,199,40575,35168,141,0,1,True,ht_chantry-random-24.scen,380
380,ht_chantry.map,planner,1,50813,35168,199,199,41729,35168,60,0,10,False,ht_chantry-random-24.scen,380
380,ht_chantry.map,planner,1,48464,35168,208,199,40044,35168,668,0,10,True,ht_chantry-random-24.scen,380
380,ht_chantry.map,planner,1,50813,35168,199,199,41729,35168,61,0,100,False,ht_chantry-random-24.scen,380
380,ht_chantry.map,planner,1,48509,35168,204,199,40008,35168,5199,0,100,True,ht_chantry-random-24.scen,380
380,ht_chantry.map,planner,1,50813,35168,199,199,41729,35168,81,0,1000,False,ht_chantry-random-24.scen,380
380,ht_chantry.map,planner,1,47845,35168,201,199,39756,35168,44779,0,1000,True,ht_chantry-random-24.scen,380
420,ht_chantry.map,planner,1,57710,38863,199,199,47375,38863,100,0,0,False,ht_chantry-random-24.scen,420
420,ht_chantry.map,planner,1,57710,38863,199,199,47375,38863,72,0,0,True,ht_chantry-random-24.scen,420
420,ht_chantry.map,planner,1,57710,38863,199,199,47375,38863,92,0,1,False,ht_chantry-random-24.scen,420
420,ht_chantry.map,planner,1,57026,38863,206,199,46619,38863,194,0,1,True,ht_chantry-random-24.scen,420
420,ht_chantry.map,planner,1,57710,38863,199,199,47375,38863,89,0,10,False,ht_chantry-random-24.scen,420
420,ht_chantry.map,planner,1,54568,38863,204,199,45065,38863,814,0,10,True,ht_chantry-random-24.scen,420
420,ht_chantry.map,planner,1,57710,38863,199,199,47375,38863,91,0,100,False,ht_chantry-random-24.scen,420
420,ht_chantry.map,planner,1,54579,38863,208,199,44818,38863,6460,0,100,True,ht_chantry-random-24.scen,420
420,ht_chantry.map,planner,1,57710,38863,199,199,47375,38863,65,0,1000,False,ht_chantry-random-24.scen,420
460,ht_chantry.map,planner,1,66195,42910,214,199,53370,42910,74,0,0,False,ht_chantry-random-24.scen,460
460,ht_chantry.map,planner,1,66195,42910,214,199,53370,42910,107,0,0,True,ht_chantry-random-24.scen,460
460,ht_chantry.map,planner,1,66195,42910,214,199,53370,42910,76,0,1,False,ht_chantry-random-24.scen,460
460,ht_chantry.map,planner,1,62310,42910,212,199,51672,42910,180,0,1,True,ht_chantry-random-24.scen,460
460,ht_chantry.map,planner,1,66195,42910,214,199,53370,42910,93,0,10,False,ht_chantry-random-24.scen,460
460,ht_chantry.map,planner,1,61493,42910,211,199,50732,42910,869,0,10,True,ht_chantry-random-24.scen,460
460,ht_chantry.map,planner,1,66195,42910,214,199,53370,42910,81,0,100,False,ht_chantry-random-24.scen,460
460,ht_chantry.map,planner,1,61445,42910,217,199,50643,42910,6775,0,100,True,ht_chantry-random-24.scen,460
460,ht_chantry.map,planner,1,66195,42910,214,199,53370,42910,78,0,1000,False,ht_chantry-random-24.scen,460
500,ht_chantry.map,planner,1,73422,46805,216,199,59939,46805,113,0,0,False,ht_chantry-random-24.scen,500
500,ht_chantry.map,planner,1,73422,46805,216,199,59939,46805,122,0,0,True,ht_chantry-random-24.scen,500
500,ht_chantry.map,planner,1,73422,46805,216,199,59939,46805,112,0,1,False,ht_chantry-random-24.scen,500
500,ht_chantry.map,planner,1,70702,46805,215,199,58033,46805,238,0,1,True,ht_chantry-random-24.scen,500
500,ht_chantry.map,planner,1,73422,46805,216,199,59939,46805,111,0,10,False,ht_chantry-random-24.scen,500
500,ht_chantry.map,planner,1,69374,46805,213,199,57381,46805,1058,0,10,True,ht_chantry-random-24.scen,500
500,ht_chantry.map,planner,1,73422,46805,216,199,59939,46805,81,0,100,False,ht_chantry-random-24.scen,500
500,ht_chantry.map,planner,1,68599,46805,211,199,56616,46805,8722,0,100,True,ht_chantry-random-24.scen,500
500,ht_chantry.map,planner,1,73422,46805,216,199,59939,46805,80,0,1000,False,ht_chantry-random-24.scen,500
540,ht_chantry.map,planner,1,81780,50913,225,199,65861,50913,90,0,0,False,ht_chantry-random-24.scen,540
540,ht_chantry.map,planner,1,81780,50913,225,199,65861,50913,97,0,0,True,ht_chantry-random-24.scen,540
540,ht_chantry.map,planner,1,81780,50913,225,199,65861,50913,92,0,1,False,ht_chantry-random-24.scen,540
540,ht_chantry.map,planner,1,79995,50913,217,199,65622,50913,226,0,1,True,ht_chantry-random-24.scen,540
540,ht_chantry.map,planner,1,81780,50913,225,199,65861,50913,128,0,10,False,ht_chantry-random-24.scen,540
540,ht_chantry.map,planner,1,76857,50913,220,199,64088,50913,1282,0,10,True,ht_chantry-random-24.scen,540
540,ht_chantry.map,planner,1,81780,50913,225,199,65861,50913,125,0,100,False,ht_chantry-random-24.scen,540
540,ht_chantry.map,planner,1,78187,50913,215,199,63921,50913,10341,0,100,True,ht_chantry-random-24.scen,540
540,ht_chantry.map,planner,1,81780,50913,225,199,65861,50913,126,0,1000,False,ht_chantry-random-24.scen,540
20,ht_chantry.map,planner,1,2263,2248,161,161,2263,2248,4,0,0,False,ht_chantry-random-18.scen,20
20,ht_chantry.map,planner,1,2263,2248,161,161,2263,2248,5,0,0,True,ht_chantry-random-18.scen,20
20,ht_chantry.map,planner,1,2263,2248,161,161,2263,2248,4,0,1,False,ht_chantry-random-18.scen,20
20,ht_chantry.map,planner,1,2263,2248,161,161,2263,2248,4,0,1,True,ht_chantry-random-18.scen,20
20,ht_chantry.map,planner,1,2263,2248,161,161,2263,2248,4,0,10,False,ht_chantry-random-18.scen,20
20,ht_chantry.map,planner,1,2263,2248,161,161,2263,2248,4,0,10,True,ht_chantry-random-18.scen,20
20,ht_chantry.map,planner,1,2263,2248,161,161,2263,2248,4,0,100,False,ht_chantry-random-18.scen,20
20,ht_chantry.map,planner,1,2263,2248,161,161,2263,2248,4,0,100,True,ht_chantry-random-18.scen,20
20,ht_chantry.map,planner,1,2263,2248,161,161,2263,2248,4,0,1000,False,ht_chantry-random-18.scen,20
20,ht_chantry.map,planner,1,2263,2248,161,161,2263,2248,4,0,1000,True,ht_chantry-random-18.scen,20
60,ht_chantry.map,planner,1,6684,6127,188,188,6411,6127,12,0,0,False,ht_chantry-random-18.scen,60
60,ht_chantry.map,planner,1,6684,6127,188,188,6411,6127,12,0,0,True,ht_chantry-random-18.scen,60
60,ht_chantry.map,planner,1,6684,6127,188,188,6411,6127,11,0,1,False,ht_chantry-random-18.scen,60
60,ht_chantry.map,planner,1,6620,6127,188,188,6354,6127,12,0,1,True,ht_chantry-random-18.scen,60
60,ht_chantry.map,planner,1,6684,6127,188,188,6411,6127,12,0,10,False,ht_chantry-random-18.scen,60
60,ht_chantry.map,planner,1,6620,6127,188,188,6354,6127,12,0,10,True,ht_chantry-random-18.scen,60
60,ht_chantry.map,planner,1,6684,6127,188,188,6411,6127,13,0,100,False,ht_chantry-random-18.scen,60
60,ht_chantry.map,planner,1,6620,6127,188,188,6354,6127,12,0,100,True,ht_chantry-random-18.scen,60
60,ht_chantry.map,planner,1,6684,6127,188,188,6411,6127,12,0,1000,False,ht_chantry-random-18.scen,60
60,ht_chantry.map,planner,1,6620,6127,188,188,6354,6127,12,0,1000,True,ht_chantry-random-18.scen,60
100,ht_chantry.map,planner,1,10923,9632,188,188,10131,9632,20,0,0,False,ht_chantry-random-18.scen,100
100,ht_chantry.map,planner,1,10923,9632,188,188,10131,9632,21,0,0,True,ht_chantry-random-18.scen,100
100,ht_chantry.map,planner,1,10923,9632,188,188,10131,9632,20,0,1,False,ht_chantry-random-18.scen,100
100,ht_chantry.map,planner,1,10709,9632,188,188,10060,9632,21,0,1,True,ht_chantry-random-18.scen,100
100,ht_chantry.map,planner,1,10923,9632,188,188,10131,9632,20,0,10,False,ht_chantry-random-18.scen,100
100,ht_chantry.map,planner,1,10709,9632,188,188,10060,9632,20,0,10,True,ht_chantry-random-18.scen,100
100,ht_chantry.map,planner,1,10923,9632,188,188,10131,9632,18,0,100,False,ht_chantry-random-18.scen,100
100,ht_chantry.map,planner,1,10709,9632,188,188,10060,9632,19,0,100,True,ht_chantry-random-18.scen,100
100,ht_chantry.map,planner,1,10923,9632,188,188,10131,9632,20,0,1000,False,ht_chantry-random-18.scen,100
100,ht_chantry.map,planner,1,10709,9632,188,188,10060,9632,19,0,1000,True,ht_chantry-random-18.scen,100
140,ht_chantry.map,planner,1,16041,13756,188,188,14940,13756,25,0,0,False,ht_chantry-random-18.scen,140
140,ht_chantry.map,planner,1,16041,13756,188,188,14940,13756,25,0,0,True,ht_chantry-random-18.scen,140
140,ht_chantry.map,planner,1,16041,13756,188,188,14940,13756,28,0,1,False,ht_chantry-random-18.scen,140
140,ht_chantry.map,planner,1,15870,13756,191,188,14713,13756,34,0,1,True,ht_chantry-random-18.scen,140
140,ht_chantry.map,planner,1,16041,13756,188,188,14940,13756,25,0,10,False,ht_chantry-random-18.scen,140
140,ht_chantry.map,planner,1,15870,13756,191,188,14713,13756,37,0,10,True,ht_chantry-random-18.scen,140
140,ht_chantry.map,planner,1,16041,13756,188,188,14940,13756,27,0,100,False,ht_chantry-random-18.scen,140
140,ht_chantry.map,planner,1,15870,13756,191,188,14713,13756,38,0,100,True,ht_chantry-random-18.scen,140
140,ht_chantry.map,planner,1,16041,13756,188,188,14940,13756,30,0,1000,False,ht_chantry-random-18.scen,140
140,ht_chantry.map,planner,1,15870,13756,191,188,14713,13756,34,0,1000,True,ht_chantry-random-18.scen,140
180,ht_chantry.map,planner,1,20827,17512,188,188,19166,17512,36,0,0,False,ht_chantry-random-18.scen,180
180,ht_chantry.map,planner,1,20827,17512,188,188,19166,17512,38,0,0,True,ht_chantry-random-18.scen,180
180,ht_chantry.map,planner,1,20827,17512,188,188,19166,17512,34,0,1,False,ht_chantry-random-18.scen,180
180,ht_chantry.map,planner,1,20716,17512,189,188,18727,17512,58,0,1,True,ht_chantry-random-18.scen,180
180,ht_chantry.map,planner,1,20827,17512,188,188,19166,17512,33,0,10,False,ht_chantry-random-18.scen,180
180,ht_chantry.map,planner,1,20278,17512,191,188,18714,17512,87,0,10,True,ht_chantry-random-18.scen,180
180,ht_chantry.map,planner,1,20827,17512,188,188,19166,17512,37,0,100,False,ht_chantry-random-18.scen,180
180,ht_chantry.map,planner,1,20536,17512,191,188,18665,17512,306,0,100,True,ht_chantry-random-18.scen,180
180,ht_chantry.map,planner,1,20827,17512,188,188,19166,17512,36,0,1000,False,ht_chantry-random-18.scen,180
180,ht_chantry.map,planner,1,20678,17512,188,188,18663,17512,2044,0,1000,True,ht_chantry-random-18.scen,180
220,ht_chantry.map,planner,1,26399,21131,188,188,23613,21131,45,0,0,False,ht_chantry-random-18.scen,220
220,ht_chantry.map,planner,1,26399,21131,188,188,23613,21131,47,0,0,True,ht_chantry-random-18.scen,220
220,ht_chantry.map,planner,1,26399,21131,188,188,23613,21131,45,0,1,False,ht_chantry-random-18.scen,220
220,ht_chantry.map,planner,1,25416,21131,191,188,22752,21131,91,0,1,True,ht_chantry-random-18.scen,220
220,ht_chantry.map,planner,1,26399,21131,188,188,23613,21131,45,0,10,False,ht_chantry-random-18.scen,220
220,ht_chantry.map,planner,1,25240,21131,188,188,22609,21131,253,0,10,True,ht_chantry-random-18.scen,220
220,ht_chantry.map,planner,1,26399,21131,188,188,23613,21131,47,0,100,False,ht_chantry-random-18.scen,220
220,ht_chantry.map,planner,1,25379,21131,190,188,22666,21131,1211,0,100,True,ht_chantry-random-18.scen,220
220,ht_chantry.map,planner,1,26399,21131,188,188,23613,21131,48,0,1000,False,ht_chantry-random-18.scen,220
220,ht_chantry.map,planner,1,25138,21131,191,188,22722,21131,8279,0,1000,True,ht_chantry-random-18.scen,220
260,ht_chantry.map,planner,1,31739,24786,197,197,27858,24786,39,0,0,False,ht_chantry-random-18.scen,260
260,ht_chantry.map,planner,1,31739,24786,197,197,27858,24786,39,0,0,True,ht_chantry-random-18.scen,260
260,ht_chantry.map,planner,1,31739,24786,197,197,27858,24786,39,0,1,False,ht_chantry-random-18.scen,260
260,ht_chantry.map,planner,1,30716,24786,197,197,27092,24786,109,0,1,True,ht_chantry-random-18.scen,260
260,ht_chantry.map,planner,1,31739,24786,197,197,27858,24786,56,0,10,False,ht_chantry-random-18.scen,260
260,ht_chantry.map,planner,1,30519,24786,199,197,26918,24786,479,0,10,True,ht_chantry-random-18.scen,260
260,ht_chantry.map,planner,1,31739,24786,197,197,27858,24786,54,0,100,False,ht_chantry-random-18.scen,260
260,ht_chantry.map,planner,1,30225,24786,197,197,26852,24786,2765,0,100,True,ht_chantry-random-18.scen,260
260,ht_chantry.map,planner,1,31739,24786,197,197,27858,24786,37,0,1000,False,ht_chantry-random-18.scen,260
260,ht_chantry.map,planner,1,30221,24786,197,197,26786,24786,12095,0,1000,True,ht_chantry-random-18.scen,260
300,ht_chantry.map,planner,1,36688,28603,197,197,32225,28603,44,0,0,False,ht_chantry-random-18.scen,300
300,ht_chantry.map,planner,1,36688,28603,197,197,32225,28603,48,0,0,True,ht_chantry-random-18.scen,300
300,ht_chantry.map,planner,1,36688,28603,197,197,32225,28603,45,0,1,False,ht_chantry-random-18.scen,300
300,ht_chantry.map,planner,1,36025,28603,200,197,31659,28603,103,0,1,True,ht_chantry-random-18.scen,300
300,ht_chantry.map,planner,1,36688,28603,197,197,32225,28603,45,0,10,False,ht_chantry-random-18.scen,300
300,ht_chantry.map,planner,1,35452,28603,197,197,31354,28603,526,0,10,True,ht_chantry-random-18.scen,300
300,ht_chantry.map,planner,1,36688,28603,197,197,32225,28603,46,0,100,False,ht_chantry-random-18.scen,300
300,ht_chantry.map,planner,1,35704,28603,197,197,31382,28603,4099,0,100,True,ht_chantry-random-18.scen,300
300,ht_chantry.map,planner,1,36688,28603,197,197,32225,28603,47,0,1000,False,ht_chantry-random-18.scen,300
300,ht_chantry.map,planner,1,35418,28603,207,197,31252,28603,34995,0,1000,True,ht_chantry-random-18.scen,300
340,ht_chantry.map,planner,1,44032,32707,202,197,37890,32707,75,0,0,False,ht_chantry-random-18.scen,340
340,ht_chantry.map,planner,1,44032,32707,202,197,37890,32707,77,0,0,True,ht_chantry-random-18.scen,340
340,ht_chantry.map,planner,1,44032,32707,202,197,37890,32707,74,0,1,False,ht_chantry-random-18.scen,340
340,ht_chantry.map,planner,1,42700,32707,220,197,37193,32707,151,0,1,True,ht_chantry-random-18.scen,340
340,ht_chantry.map,planner,1,44032,32707,202,197,37890,32707,75,0,10,False,ht_chantry-random-18.scen,340
340,ht_chantry.map,planner,1,43081,32707,203,197,37108,32707,698,0,10,True,ht_chantry-random-18.scen,340
340,ht_chantry.map,planner,1,44032,32707,202,197,37890,32707,73,0,100,False,ht_chantry-random-18.scen,340
340,ht_chantry.map,planner,1,42394,32707,217,197,36432,32707,5874,0,100,True,ht_chantry-random-18.scen,340
340,ht_chantry.map,planner,1,44032,32707,202,197,37890,32707,74,0,1000,False,ht_chantry-random-18.scen,340
340,ht_chantry.map,planner,1,41928,32707,252,197,36174,32707,42280,0,1000,True,ht_chantry-random-18.scen,340
380,ht_chantry.map,planner,1,50981,36956,210,197,43627,36956,62,0,0,False,ht_chantry-random-18.scen,380
380,ht_chantry.map,planner,1,50981,36956,210,197,43627,36956,66,0,0,True,ht_chantry-random-18.scen,380
380,ht_chantry.map,planner,1,50981,36956,210,197,43627,36956,85,0,1,False,ht_chantry-random-18.scen,380
380,ht_chantry.map,planner,1,48836,36956,221,197,42052,36956,169,0,1,True,ht_chantry-random-18.scen,380
380,ht_chantry.map,planner,1,50981,36956,210,197,43627,36956,82,0,10,False,ht_chantry-random-18.scen,380
380,ht_chantry.map,planner,1,48676,36956,204,197,42145,36956,711,0,10,True,ht_chantry-random-18.scen,380
380,ht_chantry.map,planner,1,50981,36956,210,197,43627,36956,86,0,100,False,ht_chantry-random-18.scen,380
380,ht_chantry.map,planner,1,48077,36956,200,197,41568,36956,5864,0,100,True,ht_chantry-random-18.scen,380
380,ht_chantry.map,planner,1,50981,36956,210,197,43627,36956,61,0,1000,False,ht_chantry-random-18.scen,380
20,ht_chantry.map,planner,1,1886,1824,165,151,1864,1824,3,0,0,False,ht_chantry-random-11.scen,20
20,ht_chantry.map,planner,1,1886,1824,165,151,1864,1824,2,0,0,True,ht_chantry-random-11.scen,20
20,ht_chantry.map,planner,1,1886,1824,165,151,1864,1824,2,0,1,False,ht_chantry-random-11.scen,20
20,ht_chantry.map,planner,1,1886,1824,165,151,1864,1824,2,0,1,True,ht_chantry-random-11.scen,20
20,ht_chantry.map,planner,1,1886,1824,165,151,1864,1824,2,0,10,False,ht_chantry-random-11.scen,20
20,ht_chantry.map,planner,1,1886,1824,165,151,1864,1824,4,0,10,True,ht_chantry-random-11.scen,20
20,ht_chantry.map,planner,1,1886,1824,165,151,1864,1824,4,0,100,False,ht_chantry-random-11.scen,20
20,ht_chantry.map,planner,1,1886,1824,165,151,1864,1824,4,0,100,True,ht_chantry-random-11.scen,20
20,ht_chantry.map,planner,1,1886,1824,165,151,1864,1824,4,0,1000,False,ht_chantry-random-11.scen,20
20,ht_chantry.map,planner,1,1886,1824,165,151,1864,1824,4,0,1000,True,ht_chantry-random-11.scen,20
60,ht_chantry.map,planner,1,5887,5101,164,164,5382,5101,8,0,0,False,ht_chantry-random-11.scen,60
60,ht_chantry.map,planner,1,5887,5101,164,164,5382,5101,7,0,0,True,ht_chantry-random-11.scen,60
60,ht_chantry.map,planner,1,5887,5101,164,164,5382,5101,12,0,1,False,ht_chantry-random-11.scen,60
60,ht_chantry.map,planner,1,6096,5101,164,164,5343,5101,11,0,1,True,ht_chantry-random-11.scen,60
60,ht_chantry.map,planner,1,5887,5101,164,164,5382,5101,11,0,10,False,ht_chantry-random-11.scen,60
60,ht_chantry.map,planner,1,6096,5101,164,164,5343,5101,12,0,10,True,ht_chantry-random-11.scen,60
60,ht_chantry.map,planner,1,5887,5101,164,164,5382,5101,11,0,100,False,ht_chantry-random-11.scen,60
60,ht_chantry.map,planner,1,6096,5101,164,164,5343,5101,11,0,100,True,ht_chantry-random-11.scen,60
60,ht_chantry.map,planner,1,5887,5101,164,164,5382,5101,13,0,1000,False,ht_chantry-random-11.scen,60
60,ht_chantry.map,planner,1,6096,5101,164,164,5343,5101,11,0,1000,True,ht_chantry-random-11.scen,60
100,ht_chantry.map,planner,1,10174,8314,177,177,8916,8314,38,0,0,False,ht_chantry-random-11.scen,100
100,ht_chantry.map,planner,1,10174,8314,177,177,8916,8314,21,0,0,True,ht_chantry-random-11.scen,100
100,ht_chantry.map,planner,1,10174,8314,177,177,8916,8314,19,0,1,False,ht_chantry-random-11.scen,100
100,ht_chantry.map,planner,1,10176,8314,177,177,8803,8314,19,0,1,True,ht_chantry-random-11.scen,100
100,ht_chantry.map,planner,1,10174,8314,177,177,8916,8314,19,0,10,False,ht_chantry-random-11.scen,100
100,ht_chantry.map,planner,1,10176,8314,177,177,8803,8314,18,0,10,True,ht_chantry-random-11.scen,100
100,ht_chantry.map,planner,1,10174,8314,177,177,8916,8314,18,0,100,False,ht_chantry-random-11.scen,100
100,ht_chantry.map,planner,1,10176,8314,177,177,8803,8314,19,0,100,True,ht_chantry-random-11.scen,100
100,ht_chantry.map,planner,1,10174,8314,177,177,8916,8314,18,0,1000,False,ht_chantry-random-11.scen,100
100,ht_chantry.map,planner,1,10176,8314,177,177,8803,8314,19,0,1000,True,ht_chantry-random-11.scen,100
140,ht_chantry.map,planner,1,14618,11807,181,181,12945,11807,27,0,0,False,ht_chantry-random-11.scen,140
140,ht_chantry.map,planner,1,14618,11807,181,181,12945,11807,27,0,0,True,ht_chantry-random-11.scen,140
140,ht_chantry.map,planner,1,14618,11807,181,181,12945,11807,26,0,1,False,ht_chantry-random-11.scen,140
140,ht_chantry.map,planner,1,14501,11807,181,181,12723,11807,30,0,1,True,ht_chantry-random-11.scen,140
140,ht_chantry.map,planner,1,14618,11807,181,181,12945,11807,25,0,10,False,ht_chantry-random-11.scen,140
140,ht_chantry.map,planner,1,14510,11807,181,181,12658,11807,22,0,10,True,ht_chantry-random-11.scen,140
140,ht_chantry.map,planner,1,14618,11807,181,181,12945,11807,18,0,100,False,ht_chantry-random-11.scen,140
140,ht_chantry.map,planner,1,14510,11807,181,181,12658,11807,20,0,100,True,ht_chantry-random-11.scen,140
140,ht_chantry.map,planner,1,14618,11807,181,181,12945,11807,19,0,1000,False,ht_chantry-random-11.scen,140
140,ht_chantry.map,planner,1,14510,11807,181,181,12658,11807,21,0,1000,True,ht_chantry-random-11.scen,140
180,ht_chantry.map,planner,1,19870,15395,181,181,16989,15395,33,0,0,False,ht_chantry-random-11.scen,180
180,ht_chantry.map,planner,1,19870,15395,181,181,16989,15395,36,0,0,True,ht_chantry-random-11.scen,180
180,ht_chantry.map,planner,1,19870,15395,181,181,16989,15395,25,0,1,False,ht_chantry-random-11.scen,180
180,ht_chantry.map,planner,1,19225,15395,181,181,16632,15395,32,0,1,True,ht_chantry-random-11.scen,180
180,ht_chantry.map,planner,1,19870,15395,181,181,16989,15395,24,0,10,False,ht_chantry-random-11.scen,180
180,ht_chantry.map,planner,1,18975,15395,183,181,16575,15395,46,0,10,True,ht_chantry-random-11.scen,180
180,ht_chantry.map,planner,1,19870,15395,181,181,16989,15395,33,0,100,False,ht_chantry-random-11.scen,180
180,ht_chantry.map,planner,1,18975,15395,183,181,16575,15395,46,0,100,True,ht_chantry-random-11.scen,180
180,ht_chantry.map,planner,1,19870,15395,181,181,16989,15395,31,0,1000,False,ht_chantry-random-11.scen,180
180,ht_chantry.map,planner,1,18975,15395,183,181,16575,15395,45,0,1000,True,ht_chantry-random-11.scen,180
220,ht_chantry.map,planner,1,24714,19155,184,181,21142,19155,43,0,0,False,ht_chantry-random-11.scen,220
220,ht_chantry.map,planner,1,24714,19155,184,181,21142,19155,43,0,0,True,ht_chantry-random-11.scen,220
220,ht_chantry.map,planner,1,24714,19155,184,181,21142,19155,43,0,1,False,ht_chantry-random-11.scen,220
220,ht_chantry.map,planner,1,24413,19155,184,181,20854,19155,65,0,1,True,ht_chantry-random-11.scen,220
220,ht_chantry.map,planner,1,24714,19155,184,181,21142,19155,43,0,10,False,ht_chantry-random-11.scen,220
220,ht_chantry.map,planner,1,24230,19155,183,181,20829,19155,84,0,10,True,ht_chantry-random-11.scen,220
220,ht_chantry.map,planner,1,24714,19155,184,181,21142,19155,43,0,100,False,ht_chantry-random-11.scen,220
220,ht_chantry.map,planner,1,24577,19155,182,181,20942,19155,147,0,100,True,ht_chantry-random-11.scen,220
220,ht_chantry.map,planner,1,24714,19155,184,181,21142,19155,42,0,1000,False,ht_chantry-random-11.scen,220
220,ht_chantry.map,planner,1,24577,19155,182,181,20942,19155,84,0,1000,True,ht_chantry-random-11.scen,220
260,ht_chantry.map,planner,1,31514,23014,182,181,26068,23014,47,0,0,False,ht_chantry-random-11.scen,260
260,ht_chantry.map,planner,1,31514,23014,182,181,26068,23014,53,0,0,True,ht_chantry-random-11.scen,260
260,ht_chantry.map,planner,1,31514,23014,182,181,26068,23014,51,0,1,False,ht_chantry-random-11.scen,260
260,ht_chantry.map,planner,1,29943,23014,182,181,25164,23014,92,0,1,True,ht_chantry-random-11.scen,260
260,ht_chantry.map,planner,1,31514,23014,182,181,26068,23014,52,0,10,False,ht_chantry-random-11.scen,260
260,ht_chantry.map,planner,1,29867,23014,184,181,24980,23014,161,0,10,True,ht_chantry-random-11.scen,260
260,ht_chantry.map,planner,1,31514,23014,182,181,26068,23014,51,0,100,False,ht_chantry-random-11.scen,260
260,ht_chantry.map,planner,1,29964,23014,184,181,25042,23014,854,0,100,True,ht_chantry-random-11.scen,260
260,ht_chantry.map,planner,1,31514,23014,182,181,26068,23014,52,0,1000,False,ht_chantry-random-11.scen,260
260,ht_chantry.map,planner,1,29949,23014,186,181,25069,23014,465,0,1000,True,ht_chantry-random-11.scen,260
300,ht_chantry.map,planner,1,37221,26907,188,181,30971,26907,61,0,0,False,ht_chantry-random-11.scen,300
300,ht_chantry.map,planner,1,37221,26907,188,181,30971,26907,63,0,0,True,ht_chantry-random-11.scen,300
300,ht_chantry.map,planner,1,37221,26907,188,181,30971,26907,54,0,1,False,ht_chantry-random-11.scen,300
300,ht_chantry.map,planner,1,35831,26907,188,181,30160,26907,122,0,1,True,ht_chantry-random-11.scen,300
300,ht_chantry.map,planner,1,37221,26907,188,181,30971,26907,60,0,10,False,ht_chantry-random-11.scen,300
300,ht_chantry.map,planner,1,35345,26907,186,181,29698,26907,437,0,10,True,ht_chantry-random-11.scen,300
300,ht_chantry.map,planner,1,37221,26907,188,181,30971,26907,62,0,100,False,ht_chantry-random-11.scen,300
300,ht_chantry.map,planner,1,35130,26907,186,181,29728,26907,3071,0,100,True,ht_chantry-random-11.scen,300
300,ht_chantry.map,planner,1,37221,26907,188,181,30971,26907,61,0,1000,False,ht_chantry-random-11.scen,300
300,ht_chantry.map,planner,1,34698,26907,189,181,29635,26907,19100,0,1000,True,ht_chantry-random-11.scen,300
340,ht_chantry.map,planner,1,44060,31058,207,181,36344,31058,52,0,0,False,ht_chantry-random-11.scen,340
340,ht_chantry.map,planner,1,44060,31058,207,181,36344,31058,51,0,0,True,ht_chantry-random-11.scen,340
340,ht_chantry.map,planner,1,44060,31058,207,181,36344,31058,52,0,1,False,ht_chantry-random-11.scen,340
340,ht_chantry.map,planner,1,42234,31058,193,181,35355,31058,132,0,1,True,ht_chantry-random-11.scen,340
340,ht_chantry.map,planner,1,44060,31058,207,181,36344,31058,75,0,10,False,ht_chantry-random-11.scen,340
340,ht_chantry.map,planner,1,41868,31058,194,181,34838,31058,569,0,10,True,ht_chantry-random-11.scen,340
340,ht_chantry.map,planner,1,44060,31058,207,181,36344,31058,56,0,100,False,ht_chantry-random-11.scen,340
340,ht_chantry.map,planner,1,41175,31058,199,181,34619,31058,3964,0,100,True,ht_chantry-random-11.scen,340
340,ht_chantry.map,planner,1,44060,31058,207,181,36344,31058,54,0,1000,False,ht_chantry-random-11.scen,340
340,ht_chantry.map,planner,1,41281,31058,185,181,34604,31058,29814,0,1000,True,ht_chantry-random-11.scen,340
380,ht_chantry.map,planner,1,51528,35049,216,203,42200,35049,85,0,0,False,ht_chantry-random-11.scen,380
380,ht_chantry.map,planner,1,51528,35049,216,203,42200,35049,86,0,0,True,ht_chantry-random-11.scen,380
380,ht_chantry.map,planner,1,51528,35049,216,203,42200,35049,84,0,1,False,ht_chantry-random-11.scen,380
380,ht_chantry.map,planner,1,48292,35049,208,203,40281,35049,164,0,1,True,ht_chantry-random-11.scen,380
380,ht_chantry.map,planner,1,51528,35049,216,203,42200,35049,83,0,10,False,ht_chantry-random-11.scen,380
380,ht_chantry.map,planner,1,47285,35049,207,203,40033,35049,713,0,10,True,ht_chantry-random-11.scen,380
380,ht_chantry.map,planner,1,51528,35049,216,203,42200,35049,83,0,100,False,ht_chantry-random-11.scen,380
380,ht_chantry.map,planner,1,47530,35049,224,203,39434,35049,4901,0,100,True,ht_chantry-random-11.scen,380
380,ht_chantry.map,planner,1,51528,35049,216,203,42200,35049,83,0,1000,False,ht_chantry-random-11.scen,380
380,ht_chantry.map,planner,1,46609,35049,216,203,39794,35049,45959,0,1000,True,ht_chantry-random-11.scen,380
20,ht_chantry.map,planner,1,2042,1984,159,159,2012,1984,4,0,0,False,ht_chantry-random-23.scen,20
20,ht_chantry.map,planner,1,2042,1984,159,159,2012,1984,3,0,0,True,ht_chantry-random-23.scen,20
20,ht_chantry.map,planner,1,2042,1984,159,159,2012,1984,3,0,1,False,ht_chantry-random-23.scen,20
20,ht_chantry.map,planner,1,2042,1984,159,159,2012,1984,4,0,1,True,ht_chantry-random-23.scen,20
20,ht_chantry.map,planner,1,2042,1984,159,159,2012,1984,5,0,10,False,ht_chantry-random-23.scen,20
20,ht_chantry.map,planner,1,2042,1984,159,159,2012,1984,5,0,10,True,ht_chantry-random-23.scen,20
20,ht_chantry.map,planner,1,2042,1984,159,159,2012,1984,4,0,100,False,ht_chantry-random-23.scen,20
20,ht_chantry.map,planner,1,2042,1984,159,159,2012,1984,4,0,100,True,ht_chantry-random-23.scen,20
20,ht_chantry.map,planner,1,2042,1984,159,159,2012,1984,4,0,1000,False,ht_chantry-random-23.scen,20
20,ht_chantry.map,planner,1,2042,1984,159,159,2012,1984,4,0,1000,True,ht_chantry-random-23.scen,20
60,ht_chantry.map,planner,1,6567,6040,180,180,6282,6040,14,0,0,False,ht_chantry-random-23.scen,60
60,ht_chantry.map,planner,1,6567,6040,180,180,6282,6040,13,0,0,True,ht_chantry-random-23.scen,60
60,ht_chantry.map,planner,1,6567,6040,180,180,6282,6040,9,0,1,False,ht_chantry-random-23.scen,60
60,ht_chantry.map,planner,1,6555,6040,180,180,6291,6040,8,0,1,True,ht_chantry-random-23.scen,60
60,ht_chantry.map,planner,1,6567,6040,180,180,6282,6040,8,0,10,False,ht_chantry-random-23.scen,60
60,ht_chantry.map,planner,1,6555,6040,180,180,6291,6040,8,0,10,True,ht_chantry-random-23.scen,60
60,ht_chantry.map,planner,1,6567,6040,180,180,6282,6040,8,0,100,False,ht_chantry-random-23.scen,60
60,ht_chantry.map,planner,1,6555,6040,180,180,6291,6040,9,0,100,True,ht_chantry-random-23.scen,60
60,ht_chantry.map,planner,1,6567,6040,180,180,6282,6040,8,0,1000,False,ht_chantry-random-23.scen,60
60,ht_chantry.map,planner,1,6555,6040,180,180,6291,6040,8,0,1000,True,ht_chantry-random-23.scen,60
100,ht_chantry.map,planner,1,11065,9870,180,180,10405,9870,13,0,0,False,ht_chantry-random-23.scen,100
100,ht_chantry.map,planner,1,11065,9870,180,180,10405,9870,15,0,0,True,ht_chantry-random-23.scen,100
100,ht_chantry.map,planner,1,11065,9870,180,180,10405,9870,13,0,1,False,ht_chantry-random-23.scen,100
100,ht_chantry.map,planner,1,10902,9870,182,180,10337,9870,14,0,1,True,ht_chantry-random-23.scen,100
100,ht_chantry.map,planner,1,11065,9870,180,180,10405,9870,13,0,10,False,ht_chantry-random-23.scen,100
100,ht_chantry.map,planner,1,10902,9870,182,180,10337,9870,14,0,10,True,ht_chantry-random-23.scen,100
100,ht_chantry.map,planner,1,11065,9870,180,180,10405,9870,13,0,100,False,ht_chantry-random-23.scen,100
100,ht_chantry.map,planner,1,10902,9870,182,180,10337,9870,14,0,100,True,ht_chantry-random-23.scen,100
100,ht_chantry.map,planner,1,11065,9870,180,180,10405,9870,15,0,1000,False,ht_chantry-random-23.scen,100
100,ht_chantry.map,planner,1,10902,9870,182,180,10337,9870,14,0,1000,True,ht_chantry-random-23.scen,100
140,ht_chantry.map,planner,1,15585,13427,190,190,14385,13427,19,0,0,False,ht_chantry-random-23.scen,140
140,ht_chantry.map,planner,1,15585,13427,190,190,14385,13427,20,0,0,True,ht_chantry-random-23.scen,140
140,ht_chantry.map,planner,1,15585,13427,190,190,14385,13427,20,0,1,False,ht_chantry-random-23.scen,140
140,ht_chantry.map,planner,1,15560,13427,190,190,14257,13427,23,0,1,True,ht_chantry-random-23.scen,140
140,ht_chantry.map,planner,1,15585,13427,190,190,14385,13427,21,0,10,False,ht_chantry-random-23.scen,140
140,ht_chantry.map,planner,1,15560,13427,190,190,14257,13427,24,0,10,True,ht_chantry-random-23.scen,140
140,ht_chantry.map,planner,1,15585,13427,190,190,14385,13427,31,0,100,False,ht_chantry-random-23.scen,140
140,ht_chantry.map,planner,1,15560,13427,190,190,14257,13427,35,0,100,True,ht_chantry-random-23.scen,140
140,ht_chantry.map,planner,1,15585,13427,190,190,14385,13427,29,0,1000,False,ht_chantry-random-23.scen,140
140,ht_chantry.map,planner,1,15560,13427,190,190,14257,13427,35,0,1000,True,ht_chantry-random-23.scen,140
180,ht_chantry.map,planner,1,20786,17210,190,190,18735,17210,42,0,0,False,ht_chantry-random-23.scen,180
180,ht_chantry.map,planner,1,20786,17210,190,190,18735,17210,38,0,0,True,ht_chantry-random-23.scen,180
180,ht_chantry.map,planner,1,20786,17210,190,190,18735,17210,38,0,1,False,ht_chantry-random-23.scen,180
180,ht_chantry.map,planner,1,20761,17210,192,190,18489,17210,42,0,1,True,ht_chantry-random-23.scen,180
180,ht_chantry.map,planner,1,20786,17210,190,190,18735,17210,38,0,10,False,ht_chantry-random-23.scen,180
180,ht_chantry.map,planner,1,20663,17210,192,190,18431,17210,134,0,10,True,ht_chantry-random-23.scen,180
180,ht_chantry.map,planner,1,20786,17210,190,190,18735,17210,27,0,100,False,ht_chantry-random-23.scen,180
180,ht_chantry.map,planner,1,20704,17210,192,190,18509,17210,218,0,100,True,ht_chantry-random-23.scen,180
180,ht_chantry.map,planner,1,20786,17210,190,190,18735,17210,25,0,1000,False,ht_chantry-random-23.scen,180
180,ht_chantry.map,planner,1,20704,17210,192,190,18509,17210,218,0,1000,True,ht_chantry-random-23.scen,180
220,ht_chantry.map,planner,1,25248,20318,190,190,22512,20318,32,0,0,False,ht_chantry-random-23.scen,220
220,ht_chantry.map,planner,1,25248,20318,190,190,22512,20318,32,0,0,True,ht_chantry-random-23.scen,220
220,ht_chantry.map,planner,1,25248,20318,190,190,22512,20318,33,0,1,False,ht_chantry-random-23.scen,220
220,ht_chantry.map,planner,1,25101,20318,190,190,22221,20318,73,0,1,True,ht_chantry-random-23.scen,220
220,ht_chantry.map,planner,1,25248,20318,190,190,22512,20318,33,0,10,False,ht_chantry-random-23.scen,220
220,ht_chantry.map,planner,1,25206,20318,190,190,22106,20318,312,0,10,True,ht_chantry-random-23.scen,220
220,ht_chantry.map,planner,1,25248,20318,190,190,22512,20318,32,0,100,False,ht_chantry-random-23.scen,220
220,ht_chantry.map,planner,1,24747,20318,190,190,21907,20318,1320,0,100,True,ht_chantry-random-23.scen,220
220,ht_chantry.map,planner,1,25248,20318,190,190,22512,20318,34,0,1000,False,ht_chantry-random-23.scen,220
220,ht_chantry.map,planner,1,24469,20318,190,190,21852,20318,1090,0,1000,True,ht_chantry-random-23.scen,220
260,ht_chantry.map,planner,1,30448,23688,190,190,26536,23688,37,0,0,False,ht_chantry-random-23.scen,260
260,ht_chantry.map,planner,1,30448,23688,190,190,26536,23688,38,0,0,True,ht_chantry-random-23.scen,260
260,ht_chantry.map,planner,1,30448,23688,190,190,26536,23688,39,0,1,False,ht_chantry-random-23.scen,260
260,ht_chantry.map,planner,1,30080,23688,190,190,26115,23688,82,0,1,True,ht_chantry-random-23.scen,260
260,ht_chantry.map,planner,1,30448,23688,190,190,26536,23688,38,0,10,False,ht_chantry-random-23.scen,260
260,ht_chantry.map,planner,1,29591,23688,190,190,25965,23688,273,0,10,True,ht_chantry-random-23.scen,260
260,ht_chantry.map,planner,1,30448,23688,190,190,26536,23688,38,0,100,False,ht_chantry-random-23.scen,260
260,ht_chantry.map,planner,1,29176,23688,190,190,26052,23688,2609,0,100,True,ht_chantry-random-23.scen,260
260,ht_chantry.map,planner,1,30448,23688,190,190,26536,23688,37,0,1000,False,ht_chantry-random-23.scen,260
260,ht_chantry.map,planner,1,29784,23688,190,190,26002,23688,10069,0,1000,True,ht_chantry-random-23.scen,260
300,ht_chantry.map,planner,1,35086,27104,190,190,31106,27104,45,0,0,False,ht_chantry-random-23.scen,300
300,ht_chantry.map,planner,1,35086,27104,190,190,31106,27104,46,0,0,True,ht_chantry-random-23.scen,300
300,ht_chantry.map,planner,1,35086,27104,190,190,31106,27104,45,0,1,False,ht_chantry-random-23.scen,300
300,ht_chantry.map,planner,1,34407,27104,206,190,30442,27104,106,0,1,True,ht_chantry-random-23.scen,300
300,ht_chantry.map,planner,1,35086,27104,190,190,31106,27104,46,0,10,False,ht_chantry-random-23.scen,300
300,ht_chantry.map,planner,1,33445,27104,200,190,29768,27104,440,0,10,True,ht_chantry-random-23.scen,300
300,ht_chantry.map,planner,1,35086,27104,190,190,31106,27104,61,0,100,False,ht_chantry-random-23.scen,300
300,ht_chantry.map,planner,1,33859,27104,199,190,29935,27104,3033,0,100,True,ht_chantry-random-23.scen,300
300,ht_chantry.map,planner,1,35086,27104,190,190,31106,27104,61,0,1000,False,ht_chantry-random-23.scen,300
300,ht_chantry.map,planner,1,33802,27104,197,190,29664,27104,17616,0,1000,True,ht_chantry-random-23.scen,300
340,ht_chantry.map,planner,1,40938,30545,190,190,35750,30545,70,0,0,False,ht_chantry-random-23.scen,340
340,ht_chantry.map,planner,1,40938,30545,190,190,35750,30545,72,0,0,True,ht_chantry-random-23.scen,340
340,ht_chantry.map,planner,1,40938,30545,190,190,35750,30545,69,0,1,False,ht_chantry-random-23.scen,340
340,ht_chantry.map,planner,1,39639,30545,208,190,34649,30545,139,0,1,True,ht_chantry-random-23.scen,340
340,ht_chantry.map,planner,1,40938,30545,190,190,35750,30545,70,0,10,False,ht_chantry-random-23.scen,340
340,ht_chantry.map,planner,1,39764,30545,200,190,34246,30545,584,0,10,True,ht_chantry-random-23.scen,340
340,ht_chantry.map,planner,1,40938,30545,190,190,35750,30545,70,0,100,False,ht_chantry-random-23.scen,340
340,ht_chantry.map,planner,1,38241,30545,196,190,33697,30545,3848,0,100,True,ht_chantry-random-23.scen,340
340,ht_chantry.map,planner,1,40938,30545,190,190,35750,30545,69,0,1000,False,ht_chantry-random-23.scen,340
340,ht_chantry.map,planner,1,38912,30545,195,190,33796,30545,31987,0,1000,True,ht_chantry-random-23.scen,340
380,ht_chantry.map,planner,1,47296,34421,204,190,40999,34421,80,0,0,False,ht_chantry-random-23.scen,380
380,ht_chantry.map,planner,1,47296,34421,204,190,40999,34421,84,0,0,True,ht_chantry-random-23.scen,380
380,ht_chantry.map,planner,1,47296,34421,204,190,40999,34421,80,0,1,False,ht_chantry-random-23.scen,380
380,ht_chantry.map,planner,1,45890,34421,192,190,39624,34421,160,0,1,True,ht_chantry-random-23.scen,380
380,ht_chantry.map,planner,1,47296,34421,204,190,40999,34421,81,0,10,False,ht_chantry-random-23.scen,380
380,ht_chantry.map,planner,1,46134,34421,199,190,39268,34421,782,0,10,True,ht_chantry-random-23.scen,380
380,ht_chantry.map,planner,1,47296,34421,204,190,40999,34421,79,0,100,False,ht_chantry-random-23.scen,380
380,ht_chantry.map,planner,1,46104,34421,200,190,39212,34421,5795,0,100,True,ht_chantry-random-23.scen,380
380,ht_chantry.map,planner,1,47296,34421,204,190,40999,34421,81,0,1000,False,ht_chantry-random-23.scen,380
20,ht_chantry.map,planner,1,1455,1448,148,148,1455,1448,3,0,0,False,ht_chantry-random-8.scen,20
20,ht_chantry.map,planner,1,1455,1448,148,148,1455,1448,3,0,0,True,ht_chantry-random-8.scen,20
20,ht_chantry.map,planner,1,1455,1448,148,148,1455,1448,3,0,1,False,ht_chantry-random-8.scen,20
20,ht_chantry.map,planner,1,1455,1448,148,148,1455,1448,3,0,1,True,ht_chantry-random-8.scen,20
20,ht_chantry.map,planner,1,1455,1448,148,148,1455,1448,3,0,10,False,ht_chantry-random-8.scen,20
20,ht_chantry.map,planner,1,1455,1448,148,148,1455,1448,3,0,10,True,ht_chantry-random-8.scen,20
20,ht_chantry.map,planner,1,1455,1448,148,148,1455,1448,3,0,100,False,ht_chantry-random-8.scen,20
20,ht_chantry.map,planner,1,1455,1448,148,148,1455,1448,3,0,100,True,ht_chantry-random-8.scen,20
20,ht_chantry.map,planner,1,1455,1448,148,148,1455,1448,3,0,1000,False,ht_chantry-random-8.scen,20
20,ht_chantry.map,planner,1,1455,1448,148,148,1455,1448,3,0,1000,True,ht_chantry-random-8.scen,20
60,ht_chantry.map,planner,1,5355,4786,189,189,4978,4786,11,0,0,False,ht_chantry-random-8.scen,60
60,ht_chantry.map,planner,1,5355,4786,189,189,4978,4786,11,0,0,True,ht_chantry-random-8.scen,60
60,ht_chantry.map,planner,1,5355,4786,189,189,4978,4786,10,0,1,False,ht_chantry-random-8.scen,60
60,ht_chantry.map,planner,1,5430,4786,191,189,5015,4786,11,0,1,True,ht_chantry-random-8.scen,60
60,ht_chantry.map,planner,1,5355,4786,189,189,4978,4786,11,0,10,False,ht_chantry-random-8.scen,60
60,ht_chantry.map,planner,1,5430,4786,191,189,5015,4786,11,0,10,True,ht_chantry-random-8.scen,60
60,ht_chantry.map,planner,1,5355,4786,189,189,4978,4786,11,0,100,False,ht_chantry-random-8.scen,60
60,ht_chantry.map,planner,1,5430,4786,191,189,5015,4786,11,0,100,True,ht_chantry-random-8.scen,60
60,ht_chantry.map,planner,1,5355,4786,189,189,4978,4786,10,0,1000,False,ht_chantry-random-8.scen,60
60,ht_chantry.map,planner,1,5430,4786,191,189,5015,4786,11,0,1000,True,ht_chantry-random-8.scen,60
100,ht_chantry.map,planner,1,9533,8462,189,189,8936,8462,19,0,0,False,ht_chantry-random-8.scen,100
100,ht_chantry.map,planner,1,9533,8462,189,189,8936,8462,19,0,0,True,ht_chantry-random-8.scen,100
100,ht_chantry.map,planner,1,9533,8462,189,189,8936,8462,19,0,1,False,ht_chantry-random-8.scen,100
100,ht_chantry.map,planner,1,9680,8462,190,189,8970,8462,19,0,1,True,ht_chantry-random-8.scen,100
100,ht_chantry.map,planner,1,9533,8462,189,189,8936,8462,18,0,10,False,ht_chantry-random-8.scen,100
100,ht_chantry.map,planner,1,9680,8462,190,189,8970,8462,19,0,10,True,ht_chantry-random-8.scen,100
100,ht_chantry.map,planner,1,9533,8462,189,189,8936,8462,18,0,100,False,ht_chantry-random-8.scen,100
100,ht_chantry.map,planner,1,9680,8462,190,189,8970,8462,19,0,100,True,ht_chantry-random-8.scen,100
100,ht_chantry.map,planner,1,9533,8462,189,189,8936,8462,18,0,1000,False,ht_chantry-random-8.scen,100
100,ht_chantry.map,planner,1,9680,8462,190,189,8970,8462,19,0,1000,True,ht_chantry-random-8.scen,100
140,ht_chantry.map,planner,1,14684,12503,189,189,13413,12503,27,0,0,False,ht_chantry-random-8.scen,140
140,ht_chantry.map,planner,1,14684,12503,189,189,13413,12503,27,0,0,True,ht_chantry-random-8.scen,140
140,ht_chantry.map,planner,1,14684,12503,189,189,13413,12503,27,0,1,False,ht_chantry-random-8.scen,140
140,ht_chantry.map,planner,1,14320,12503,189,189,13248,12503,28,0,1,True,ht_chantry-random-8.scen,140
140,ht_chantry.map,planner,1,14684,12503,189,189,13413,12503,27,0,10,False,ht_chantry-random-8.scen,140
140,ht_chantry.map,planner,1,14320,12503,189,189,13248,12503,28,0,10,True,ht_chantry-random-8.scen,140
140,ht_chantry.map,planner,1,14684,12503,189,189,13413,12503,27,0,100,False,ht_chantry-random-8.scen,140
140,ht_chantry.map,planner,1,14320,12503,189,189,13248,12503,29,0,100,True,ht_chantry-random-8.scen,140
140,ht_chantry.map,planner,1,14684,12503,189,189,13413,12503,27,0,1000,False,ht_chantry-random-8.scen,140
140,ht_chantry.map,planner,1,14320,12503,189,189,13248,12503,29,0,1000,True,ht_chantry-random-8.scen,140
180,ht_chantry.map,planner,1,19737,15902,190,189,17488,15902,35,0,0,False,ht_chantry-random-8.scen,180
180,ht_chantry.map,planner,1,19737,15902,190,189,17488,15902,35,0,0,True,ht_chantry-random-8.scen,180
180,ht_chantry.map,planner,1,19737,15902,190,189,17488,15902,34,0,1,False,ht_chantry-random-8.scen,180
180,ht_chantry.map,planner,1,18929,15902,191,189,17031,15902,46,0,1,True,ht_chantry-random-8.scen,180
180,ht_chantry.map,planner,1,19737,15902,190,189,17488,15902,36,0,10,False,ht_chantry-random-8.scen,180
180,ht_chantry.map,planner,1,18929,15902,191,189,17031,15902,46,0,10,True,ht_chantry-random-8.scen,180
180,ht_chantry.map,planner,1,19737,15902,190,189,17488,15902,36,0,100,False,ht_chantry-random-8.scen,180
180,ht_chantry.map,planner,1,18929,15902,191,189,17031,15902,47,0,100,True,ht_chantry-random-8.scen,180
180,ht_chantry.map,planner,1,19737,15902,190,189,17488,15902,36,0,1000,False,ht_chantry-random-8.scen,180
180,ht_chantry.map,planner,1,18929,15902,191,189,17031,15902,46,0,1000,True,ht_chantry-random-8.scen,180
220,ht_chantry.map,planner,1,24625,20090,192,189,22157,20090,44,0,0,False,ht_chantry-random-8.scen,220
220,ht_chantry.map,planner,1,24625,20090,192,189,22157,20090,45,0,0,True,ht_chantry-random-8.scen,220
220,ht_chantry.map,planner,1,24625,20090,192,189,22157,20090,45,0,1,False,ht_chantry-random-8.scen,220
220,ht_chantry.map,planner,1,24418,20090,194,189,21813,20090,78,0,1,True,ht_chantry-random-8.scen,220
220,ht_chantry.map,planner,1,24625,20090,192,189,22157,20090,45,0,10,False,ht_chantry-random-8.scen,220
220,ht_chantry.map,planner,1,24106,20090,197,189,21683,20090,183,0,10,True,ht_chantry-random-8.scen,220
220,ht_chantry.map,planner,1,24625,20090,192,189,22157,20090,41,0,100,False,ht_chantry-random-8.scen,220
220,ht_chantry.map,planner,1,23989,20090,191,189,21727,20090,942,0,100,True,ht_chantry-random-8.scen,220
220,ht_chantry.map,planner,1,24625,20090,192,189,22157,20090,44,0,1000,False,ht_chantry-random-8.scen,220
220,ht_chantry.map,planner,1,23941,20090,193,189,21669,20090,3566,0,1000,True,ht_chantry-random-8.scen,220
260,ht_chantry.map,planner,1,30255,23584,189,189,26677,23584,53,0,0,False,ht_chantry-random-8.scen,260
260,ht_chantry.map,planner,1,30255,23584,189,189,26677,23584,53,0,0,True,ht_chantry-random-8.scen,260
260,ht_chantry.map,planner,1,30255,23584,189,189,26677,23584,59,0,1,False,ht_chantry-random-8.scen,260
260,ht_chantry.map,planner,1,28423,23584,195,189,25525,23584,93,0,1,True,ht_chantry-random-8.scen,260
260,ht_chantry.map,planner,1,30255,23584,189,189,26677,23584,56,0,10,False,ht_chantry-random-8.scen,260
260,ht_chantry.map,planner,1,29127,23584,197,189,25644,23584,305,0,10,True,ht_chantry-random-8.scen,260
260,ht_chantry.map,planner,1,30255,23584,189,189,26677,23584,52,0,100,False,ht_chantry-random-8.scen,260
260,ht_chantry.map,planner,1,28818,23584,192,189,25629,23584,1419,0,100,True,ht_chantry-random-8.scen,260
260,ht_chantry.map,planner,1,30255,23584,189,189,26677,23584,54,0,1000,False,ht_chantry-random-8.scen,260
260,ht_chantry.map,planner,1,28862,23584,191,189,25431,23584,1368,0,1000,True,ht_chantry-random-8.scen,260
300,ht_chantry.map,planner,1,37236,27923,205,189,32105,27923,64,0,0,False,ht_chantry-random-8.scen,300
300,ht_chantry.map,planner,1,37236,27923,205,189,32105,27923,65,0,0,True,ht_chantry-random-8.scen,300
300,ht_chantry.map,planner,1,37236,27923,205,189,32105,27923,64,0,1,False,ht_chantry-random-8.scen,300
300,ht_chantry.map,planner,1,36024,27923,201,189,31474,27923,130,0,1,True,ht_chantry-random-8.scen,300
300,ht_chantry.map,planner,1,37236,27923,205,189,32105,27923,58,0,10,False,ht_chantry-random-8.scen,300
300,ht_chantry.map,planner,1,34718,27923,191,189,30786,27923,500,0,10,True,ht_chantry-random-8.scen,300
300,ht_chantry.map,planner,1,37236,27923,205,189,32105,27923,65,0,100,False,ht_chantry-random-8.scen,300
300,ht_chantry.map,planner,1,34942,27923,207,189,30826,27923,3497,0,100,True,ht_chantry-random-8.scen,300
300,ht_chantry.map,planner,1,37236,27923,205,189,32105,27923,64,0,1000,False,ht_chantry-random-8.scen,300
300,ht_chantry.map,planner,1,34036,27923,194,189,30427,27923,15165,0,1000,True,ht_chantry-random-8.scen,300
340,ht_chantry.map,planner,1,43330,32070,193,189,37452,32070,72,0,0,False,ht_chantry-random-8.scen,340
340,ht_chantry.map,planner,1,43330,32070,193,189,37452,32070,73,0,0,True,ht_chantry-random-8.scen,340
340,ht_chantry.map,planner,1,43330,32070,193,189,37452,32070,73,0,1,False,ht_chantry-random-8.scen,340
340,ht_chantry.map,planner,1,41239,32070,195,189,36167,32070,142,0,1,True,ht_chantry-random-8.scen,340
340,ht_chantry.map,planner,1,43330,32070,193,189,37452,32070,73,0,10,False,ht_chantry-random-8.scen,340
340,ht_chantry.map,planner,1,41267,32070,192,189,35915,32070,611,0,10,True,ht_chantry-random-8.scen,340
340,ht_chantry.map,planner,1,43330,32070,193,189,37452,32070,72,0,100,False,ht_chantry-random-8.scen,340
340,ht_chantry.map,planner,1,41062,32070,192,189,35768,32070,4541,0,100,True,ht_chantry-random-8.scen,340
340,ht_chantry.map,planner,1,43330,32070,193,189,37452,32070,72,0,1000,False,ht_chantry-random-8.scen,340
340,ht_chantry.map,planner,1,40695,32070,192,189,35812,32070,40122,0,1000,True,ht_chantry-random-8.scen,340
380,ht_chantry.map,planner,1,48864,35435,200,195,41830,35435,82,0,0,False,ht_chantry-random-8.scen,380
380,ht_chantry.map,planner,1,48864,35435,200,195,41830,35435,85,0,0,True,ht_chantry-random-8.scen,380
380,ht_chantry.map,planner,1,48864,35435,200,195,41830,35435,82,0,1,False,ht_chantry-random-8.scen,380
380,ht_chantry.map,planner,1,46676,35435,205,195,40485,35435,167,0,1,True,ht_chantry-random-8.scen,380
380,ht_chantry.map,planner,1,48864,35435,200,195,41830,35435,82,0,10,False,ht_chantry-random-8.scen,380
380,ht_chantry.map,planner,1,46318,35435,205,195,40220,35435,700,0,10,True,ht_chantry-random-8.scen,380
380,ht_chantry.map,planner,1,48864,35435,200,195,41830,35435,82,0,100,False,ht_chantry-random-8.scen,380
380,ht_chantry.map,planner,1,46391,35435,202,195,39772,35435,5424,0,100,True,ht_chantry-random-8.scen,380
380,ht_chantry.map,planner,1,48864,35435,200,195,41830,35435,88,0,1000,False,ht_chantry-random-8.scen,380
380,ht_chantry.map,planner,1,45879,35435,199,195,39685,35435,44499,0,1000,True,ht_chantry-random-8.scen,380
20,ht_chantry.map,planner,1,2004,1972,163,163,2004,1972,4,0,0,False,ht_chantry-random-10.scen,20
20,ht_chantry.map,planner,1,2004,1972,163,163,2004,1972,3,0,0,True,ht_chantry-random-10.scen,20
20,ht_chantry.map,planner,1,2004,1972,163,163,2004,1972,4,0,1,False,ht_chantry-random-10.scen,20
20,ht_chantry.map,planner,1,2009,1972,163,163,2009,1972,4,0,1,True,ht_chantry-random-10.scen,20
20,ht_chantry.map,planner,1,2004,1972,163,163,2004,1972,2,0,10,False,ht_chantry-random-10.scen,20
20,ht_chantry.map,planner,1,2009,1972,163,163,2009,1972,4,0,10,True,ht_chantry-random-10.scen,20
20,ht_chantry.map,planner,1,2004,1972,163,163,2004,1972,4,0,100,False,ht_chantry-random-10.scen,20
20,ht_chantry.map,planner,1,2009,1972,163,163,2009,1972,2,0,100,True,ht_chantry-random-10.scen,20
20,ht_chantry.map,planner,1,2004,1972,163,163,2004,1972,4,0,1000,False,ht_chantry-random-10.scen,20
20,ht_chantry.map,planner,1,2009,1972,163,163,2009,1972,2,0,1000,True,ht_chantry-random-10.scen,20
60,ht_chantry.map,planner,1,5689,5330,163,163,5520,5330,7,0,0,False,ht_chantry-random-10.scen,60
60,ht_chantry.map,planner,1,5689,5330,163,163,5520,5330,8,0,0,True,ht_chantry-random-10.scen,60
60,ht_chantry.map,planner,1,5689,5330,163,163,5520,5330,7,0,1,False,ht_chantry-random-10.scen,60
60,ht_chantry.map,planner,1,5782,5330,163,163,5553,5330,7,0,1,True,ht_chantry-random-10.scen,60
60,ht_chantry.map,planner,1,5689,5330,163,163,5520,5330,7,0,10,False,ht_chantry-random-10.scen,60
60,ht_chantry.map,planner,1,5782,5330,163,163,5553,5330,7,0,10,True,ht_chantry-random-10.scen,60
60,ht_chantry.map,planner,1,5689,5330,163,163,5520,5330,8,0,100,False,ht_chantry-random-10.scen,60
60,ht_chantry.map,planner,1,5782,5330,163,163,5553,5330,7,0,100,True,ht_chantry-random-10.scen,60
60,ht_chantry.map,planner,1,5689,5330,163,163,5520,5330,7,0,1000,False,ht_chantry-random-10.scen,60
60,ht_chantry.map,planner,1,5782,5330,163,163,5553,5330,7,0,1000,True,ht_chantry-random-10.scen,60
100,ht_chantry.map,planner,1,10168,8806,199,199,9302,8806,13,0,0,False,ht_chantry-random-10.scen,100
100,ht_chantry.map,planner,1,10168,8806,199,199,9302,8806,13,0,0,True,ht_chantry-random-10.scen,100
100,ht_chantry.map,planner,1,10168,8806,199,199,9302,8806,12,0,1,False,ht_chantry-random-10.scen,100
100,ht_chantry.map,planner,1,10036,8806,200,199,9297,8806,13,0,1,True,ht_chantry-random-10.scen,100
100,ht_chantry.map,planner,1,10168,8806,199,199,9302,8806,12,0,10,False,ht_chantry-random-10.scen,100
100,ht_chantry.map,planner,1,10036,8806,200,199,9297,8806,13,0,10,True,ht_chantry-random-10.scen,100
100,ht_chantry.map,planner,1,10168,8806,199,199,9302,8806,12,0,100,False,ht_chantry-random-10.scen,100
100,ht_chantry.map,planner,1,10036,8806,200,199,9297,8806,13,0,100,True,ht_chantry-random-10.scen,100
100,ht_chantry.map,planner,1,10168,8806,199,199,9302,8806,12,0,1000,False,ht_chantry-random-10.scen,100
100,ht_chantry.map,planner,1,10036,8806,200,199,9297,8806,13,0,1000,True,ht_chantry-random-10.scen,100
140,ht_chantry.map,planner,1,15340,12708,199,199,13663,12708,18,0,0,False,ht_chantry-random-10.scen,140
140,ht_chantry.map,planner,1,15340,12708,199,199,13663,12708,19,0,0,True,ht_chantry-random-10.scen,140
140,ht_chantry.map,planner,1,15340,12708,199,199,13663,12708,19,0,1,False,ht_chantry-random-10.scen,140
140,ht_chantry.map,planner,1,14738,12708,199,199,13466,12708,23,0,1,True,ht_chantry-random-10.scen,140
140,ht_chantry.map,planner,1,15340,12708,199,199,13663,12708,18,0,10,False,ht_chantry-random-10.scen,140
140,ht_chantry.map,planner,1,14826,12708,199,199,13513,12708,24,0,10,True,ht_chantry-random-10.scen,140
140,ht_chantry.map,planner,1,15340,12708,199,199,13663,12708,28,0,100,False,ht_chantry-random-10.scen,140
140,ht_chantry.map,planner,1,14826,12708,199,199,13513,12708,24,0,100,True,ht_chantry-random-10.scen,140
140,ht_chantry.map,planner,1,15340,12708,199,199,13663,12708,21,0,1000,False,ht_chantry-random-10.scen,140
140,ht_chantry.map,planner,1,14826,12708,199,199,13513,12708,27,0,1000,True,ht_chantry-random-10.scen,140
180,ht_chantry.map,planner,1,19853,16508,199,199,18058,16508,27,0,0,False,ht_chantry-random-10.scen,180
180,ht_chantry.map,planner,1,19853,16508,199,199,18058,16508,27,0,0,True,ht_chantry-random-10.scen,180
180,ht_chantry.map,planner,1,19853,16508,199,199,18058,16508,27,0,1,False,ht_chantry-random-10.scen,180
180,ht_chantry.map,planner,1,19854,16508,203,199,17850,16508,47,0,1,True,ht_chantry-random-10.scen,180
180,ht_chantry.map,planner,1,19853,16508,199,199,18058,16508,24,0,10,False,ht_chantry-random-10.scen,180
180,ht_chantry.map,planner,1,19752,16508,202,199,17706,16508,118,0,10,True,ht_chantry-random-10.scen,180
180,ht_chantry.map,planner,1,19853,16508,199,199,18058,16508,27,0,100,False,ht_chantry-random-10.scen,180
180,ht_chantry.map,planner,1,19815,16508,205,199,17711,16508,224,0,100,True,ht_chantry-random-10.scen,180
180,ht_chantry.map,planner,1,19853,16508,199,199,18058,16508,26,0,1000,False,ht_chantry-random-10.scen,180
180,ht_chantry.map,planner,1,19815,16508,205,199,17711,16508,226,0,1000,True,ht_chantry-random-10.scen,180
220,ht_chantry.map,planner,1,25644,20245,199,199,22558,20245,32,0,0,False,ht_chantry-random-10.scen,220
220,ht_chantry.map,planner,1,25644,20245,199,199,22558,20245,34,0,0,True,ht_chantry-random-10.scen,220
220,ht_chantry.map,planner,1,25644,20245,199,199,22558,20245,34,0,1,False,ht_chantry-random-10.scen,220
220,ht_chantry.map,planner,1,25104,20245,201,199,22042,20245,55,0,1,True,ht_chantry-random-10.scen,220
220,ht_chantry.map,planner,1,25644,20245,199,199,22558,20245,32,0,10,False,ht_chantry-random-10.scen,220
220,ht_chantry.map,planner,1,24654,20245,200,199,21928,20245,231,0,10,True,ht_chantry-random-10.scen,220
220,ht_chantry.map,planner,1,25644,20245,199,199,22558,20245,33,0,100,False,ht_chantry-random-10.scen,220
220,ht_chantry.map,planner,1,24697,20245,199,199,21900,20245,868,0,100,True,ht_chantry-random-10.scen,220
220,ht_chantry.map,planner,1,25644,20245,199,199,22558,20245,32,0,1000,False,ht_chantry-random-10.scen,220
220,ht_chantry.map,planner,1,24750,20245,199,199,21880,20245,5061,0,1000,True,ht_chantry-random-10.scen,220
260,ht_chantry.map,planner,1,31270,24122,199,199,27235,24122,36,0,0,False,ht_chantry-random-10.scen,260
260,ht_chantry.map,planner,1,31270,24122,199,199,27235,24122,41,0,0,True,ht_chantry-random-10.scen,260
260,ht_chantry.map,planner,1,31270,24122,199,199,27235,24122,39,0,1,False,ht_chantry-random-10.scen,260
260,ht_chantry.map,planner,1,30766,24122,201,199,26528,24122,104,0,1,True,ht_chantry-random-10.scen,260
260,ht_chantry.map,planner,1,31270,24122,199,199,27235,24122,54,0,10,False,ht_chantry-random-10.scen,260
260,ht_chantry.map,planner,1,30294,24122,202,199,26272,24122,349,0,10,True,ht_chantry-random-10.scen,260
260,ht_chantry.map,planner,1,31270,24122,199,199,27235,24122,60,0,100,False,ht_chantry-random-10.scen,260
260,ht_chantry.map,planner,1,30332,24122,202,199,26544,24122,3051,0,100,True,ht_chantry-random-10.scen,260
260,ht_chantry.map,planner,1,31270,24122,199,199,27235,24122,54,0,1000,False,ht_chantry-random-10.scen,260
260,ht_chantry.map,planner,1,30177,24122,202,199,26423,24122,23337,0,1000,True,ht_chantry-random-10.scen,260
300,ht_chantry.map,planner,1,37657,28236,201,199,32691,28236,64,0,0,False,ht_chantry-random-10.scen,300
300,ht_chantry.map,planner,1,37657,28236,201,199,32691,28236,66,0,0,True,ht_chantry-random-10.scen,300
300,ht_chantry.map,planner,1,37657,28236,201,199,32691,28236,64,0,1,False,ht_chantry-random-10.scen,300
300,ht_chantry.map,planner,1,36916,28236,209,199,31619,28236,129,0,1,True,ht_chantry-random-10.scen,300
300,ht_chantry.map,planner,1,37657,28236,201,199,32691,28236,63,0,10,False,ht_chantry-random-10.scen,300
300,ht_chantry.map,planner,1,36711,28236,209,199,31561,28236,509,0,10,True,ht_chantry-random-10.scen,300
300,ht_chantry.map,planner,1,37657,28236,201,199,32691,28236,64,0,100,False,ht_chantry-random-10.scen,300
300,ht_chantry.map,planner,1,36460,28236,205,199,31263,28236,3475,0,100,True,ht_chantry-random-10.scen,300
300,ht_chantry.map,planner,1,37657,28236,201,199,32691,28236,46,0,1000,False,ht_chantry-random-10.scen,300
300,ht_chantry.map,planner,1,36749,28236,209,199,31162,28236,28518,0,1000,True,ht_chantry-random-10.scen,300
340,ht_chantry.map,planner,1,44237,32378,199,199,37970,32378,55,0,0,False,ht_chantry-random-10.scen,340
340,ht_chantry.map,planner,1,44237,32378,199,199,37970,32378,58,0,0,True,ht_chantry-random-10.scen,340
340,ht_chantry.map,planner,1,44237,32378,199,199,37970,32378,76,0,1,False,ht_chantry-random-10.scen,340
340,ht_chantry.map,planner,1,43499,32378,212,199,36944,32378,159,0,1,True,ht_chantry-random-10.scen,340
340,ht_chantry.map,planner,1,44237,32378,199,199,37970,32378,74,0,10,False,ht_chantry-random-10.scen,340
340,ht_chantry.map,planner,1,42519,32378,219,199,36350,32378,695,0,10,True,ht_chantry-random-10.scen,340
340,ht_chantry.map,planner,1,44237,32378,199,199,37970,32378,74,0,100,False,ht_chantry-random-10.scen,340
340,ht_chantry.map,planner,1,42073,32378,214,199,36183,32378,5778,0,100,True,ht_chantry-random-10.scen,340
340,ht_chantry.map,planner,1,44237,32378,199,199,37970,32378,74,0,1000,False,ht_chantry-random-10.scen,340
340,ht_chantry.map,planner,1,43289,32378,217,199,36757,32378,48069,0,1000,True,ht_chantry-random-10.scen,340
380,ht_chantry.map,planner,1,51051,35928,213,199,42650,35928,85,0,0,False,ht_chantry-random-10.scen,380
380,ht_chantry.map,planner,1,51051,35928,213,199,42650,35928,88,0,0,True,ht_chantry-random-10.scen,380
380,ht_chantry.map,planner,1,51051,35928,213,199,42650,35928,85,0,1,False,ht_chantry-random-10.scen,380
380,ht_chantry.map,planner,1,49328,35928,203,199,41559,35928,187,0,1,True,ht_chantry-random-10.scen,380
380,ht_chantry.map,planner,1,51051,35928,213,199,42650,35928,85,0,10,False,ht_chantry-random-10.scen,380
380,ht_chantry.map,planner,1,48746,35928,215,199,41253,35928,842,0,10,True,ht_chantry-random-10.scen,380
380,ht_chantry.map,planner,1,51051,35928,213,199,42650,35928,86,0,100,False,ht_chantry-random-10.scen,380
380,ht_chantry.map,planner,1,48207,35928,211,199,41004,35928,6410,0,100,True,ht_chantry-random-10.scen,380
380,ht_chantry.map,planner,1,51051,35928,213,199,42650,35928,85,0,1000,False,ht_chantry-random-10.scen,380
20,ht_chantry.map,planner,1,1964,1897,188,188,1939,1897,5,0,0,False,ht_chantry-random-25.scen,20
20,ht_chantry.map,planner,1,1964,1897,188,188,1939,1897,4,0,0,True,ht_chantry-random-25.scen,20
20,ht_chantry.map,planner,1,1964,1897,188,188,1939,1897,4,0,1,False,ht_chantry-random-25.scen,20
20,ht_chantry.map,planner,1,1964,1897,188,188,1939,1897,4,0,1,True,ht_chantry-random-25.scen,20
20,ht_chantry.map,planner,1,1964,1897,188,188,1939,1897,4,0,10,False,ht_chantry-random-25.scen,20
20,ht_chantry.map,planner,1,1964,1897,188,188,1939,1897,5,0,10,True,ht_chantry-random-25.scen,20
20,ht_chantry.map,planner,1,1964,1897,188,188,1939,1897,4,0,100,False,ht_chantry-random-25.scen,20
20,ht_chantry.map,planner,1,1964,1897,188,188,1939,1897,4,0,100,True,ht_chantry-random-25.scen,20
20,ht_chantry.map,planner,1,1964,1897,188,188,1939,1897,4,0,1000,False,ht_chantry-random-25.scen,20
20,ht_chantry.map,planner,1,1964,1897,188,188,1939,1897,4,0,1000,True,ht_chantry-random-25.scen,20
60,ht_chantry.map,planner,1,6532,5899,197,197,6217,5899,12,0,0,False,ht_chantry-random-25.scen,60
60,ht_chantry.map,planner,1,6532,5899,197,197,6217,5899,13,0,0,True,ht_chantry-random-25.scen,60
60,ht_chantry.map,planner,1,6532,5899,197,197,6217,5899,13,0,1,False,ht_chantry-random-25.scen,60
60,ht_chantry.map,planner,1,6481,5899,197,197,6164,5899,13,0,1,True,ht_chantry-random-25.scen,60
60,ht_chantry.map,planner,1,6532,5899,197,197,6217,5899,13,0,10,False,ht_chantry-random-25.scen,60
60,ht_chantry.map,planner,1,6481,5899,197,197,6164,5899,13,0,10,True,ht_chantry-random-25.scen,60
60,ht_chantry.map,planner,1,6532,5899,197,197,6217,5899,13,0,100,False,ht_chantry-random-25.scen,60
60,ht_chantry.map,planner,1,6481,5899,197,197,6164,5899,13,0,100,True,ht_chantry-random-25.scen,60
60,ht_chantry.map,planner,1,6532,5899,197,197,6217,5899,13,0,1000,False,ht_chantry-random-25.scen,60
60,ht_chantry.map,planner,1,6481,5899,197,197,6164,5899,13,0,1000,True,ht_chantry-random-25.scen,60
100,ht_chantry.map,planner,1,11455,9537,197,197,10287,9537,21,0,0,False,ht_chantry-random-25.scen,100
100,ht_chantry.map,planner,1,11455,9537,197,197,10287,9537,21,0,0,True,ht_chantry-random-25.scen,100
100,ht_chantry.map,planner,1,11455,9537,197,197,10287,9537,21,0,1,False,ht_chantry-random-25.scen,100
100,ht_chantry.map,planner,1,11267,9537,197,197,10261,9537,23,0,1,True,ht_chantry-random-25.scen,100
100,ht_chantry.map,planner,1,11455,9537,197,197,10287,9537,21,0,10,False,ht_chantry-random-25.scen,100
100,ht_chantry.map,planner,1,11267,9537,197,197,10261,9537,22,0,10,True,ht_chantry-random-25.scen,100
100,ht_chantry.map,planner,1,11455,9537,197,197,10287,9537,21,0,100,False,ht_chantry-random-25.scen,100
100,ht_chantry.map,planner,1,11267,9537,197,197,10261,9537,23,0,100,True,ht_chantry-random-25.scen,100
100,ht_chantry.map,planner,1,11455,9537,197,197,10287,9537,21,0,1000,False,ht_chantry-random-25.scen,100
100,ht_chantry.map,planner,1,11267,9537,197,197,10261,9537,23,0,1000,True,ht_chantry-random-25.scen,100
140,ht_chantry.map,planner,1,15501,12929,197,197,14057,12929,31,0,0,False,ht_chantry-random-25.scen,140
140,ht_chantry.map,planner,1,15501,12929,197,197,14057,12929,30,0,0,True,ht_chantry-random-25.scen,140
140,ht_chantry.map,planner,1,15501,12929,197,197,14057,12929,29,0,1,False,ht_chantry-random-25.scen,140
140,ht_chantry.map,planner,1,14949,12929,197,197,13837,12929,36,0,1,True,ht_chantry-random-25.scen,140
140,ht_chantry.map,planner,1,15501,12929,197,197,14057,12929,29,0,10,False,ht_chantry-random-25.scen,140
140,ht_chantry.map,planner,1,15381,12929,197,197,13906,12929,36,0,10,True,ht_chantry-random-25.scen,140
140,ht_chantry.map,planner,1,15501,12929,197,197,14057,12929,29,0,100,False,ht_chantry-random-25.scen,140
140,ht_chantry.map,planner,1,15381,12929,197,197,13906,12929,36,0,100,True,ht_chantry-random-25.scen,140
140,ht_chantry.map,planner,1,15501,12929,197,197,14057,12929,28,0,1000,False,ht_chantry-random-25.scen,140
140,ht_chantry.map,planner,1,15381,12929,197,197,13906,12929,37,0,1000,True,ht_chantry-random-25.scen,140
180,ht_chantry.map,planner,1,21137,16727,197,197,18678,16727,37,0,0,False,ht_chantry-random-25.scen,180
180,ht_chantry.map,planner,1,21137,16727,197,197,18678,16727,38,0,0,True,ht_chantry-random-25.scen,180
180,ht_chantry.map,planner,1,21137,16727,197,197,18678,16727,39,0,1,False,ht_chantry-random-25.scen,180
180,ht_chantry.map,planner,1,20619,16727,197,197,18261,16727,60,0,1,True,ht_chantry-random-25.scen,180
180,ht_chantry.map,planner,1,21137,16727,197,197,18678,16727,37,0,10,False,ht_chantry-random-25.scen,180
180,ht_chantry.map,planner,1,20449,16727,197,197,18190,16727,133,0,10,True,ht_chantry-random-25.scen,180
180,ht_chantry.map,planner,1,21137,16727,197,197,18678,16727,38,0,100,False,ht_chantry-random-25.scen,180
180,ht_chantry.map,planner,1,20298,16727,197,197,18146,16727,126,0,100,True,ht_chantry-random-25.scen,180
180,ht_chantry.map,planner,1,21137,16727,197,197,18678,16727,38,0,1000,False,ht_chantry-random-25.scen,180
180,ht_chantry.map,planner,1,20298,16727,197,197,18146,16727,125,0,1000,True,ht_chantry-random-25.scen,180
220,ht_chantry.map,planner,1,26393,20427,197,197,23083,20427,46,0,0,False,ht_chantry-random-25.scen,220
220,ht_chantry.map,planner,1,26393,20427,197,197,23083,20427,48,0,0,True,ht_chantry-random-25.scen,220
220,ht_chantry.map,planner,1,26393,20427,197,197,23083,20427,46,0,1,False,ht_chantry-random-25.scen,220
220,ht_chantry.map,planner,1,25579,20427,197,197,22386,20427,79,0,1,True,ht_chantry-random-25.scen,220
220,ht_chantry.map,planner,1,26393,20427,197,197,23083,20427,45,0,10,False,ht_chantry-random-25.scen,220
220,ht_chantry.map,planner,1,25662,20427,200,197,22331,20427,228,0,10,True,ht_chantry-random-25.scen,220
220,ht_chantry.map,planner,1,26393,20427,197,197,23083,20427,46,0,100,False,ht_chantry-random-25.scen,220
220,ht_chantry.map,planner,1,25443,20427,197,197,22344,20427,1020,0,100,True,ht_chantry-random-25.scen,220
220,ht_chantry.map,planner,1,26393,20427,197,197,23083,20427,46,0,1000,False,ht_chantry-random-25.scen,220
220,ht_chantry.map,planner,1,25188,20427,197,197,22293,20427,3121,0,1000,True,ht_chantry-random-25.scen,220
260,ht_chantry.map,planner,1,31428,24289,197,197,27787,24289,38,0,0,False,ht_chantry-random-25.scen,260
260,ht_chantry.map,planner,1,31428,24289,197,197,27787,24289,40,0,0,True,ht_chantry-random-25.scen,260
260,ht_chantry.map,planner,1,31428,24289,197,197,27787,24289,38,0,1,False,ht_chantry-random-25.scen,260
260,ht_chantry.map,planner,1,31198,24289,217,197,27024,24289,78,0,1,True,ht_chantry-random-25.scen,260
260,ht_chantry.map,planner,1,31428,24289,197,197,27787,24289,38,0,10,False,ht_chantry-random-25.scen,260
260,ht_chantry.map,planner,1,30582,24289,197,197,26809,24289,351,0,10,True,ht_chantry-random-25.scen,260
260,ht_chantry.map,planner,1,31428,24289,197,197,27787,24289,38,0,100,False,ht_chantry-random-25.scen,260
260,ht_chantry.map,planner,1,30144,24289,201,197,26657,24289,2615,0,100,True,ht_chantry-random-25.scen,260
260,ht_chantry.map,planner,1,31428,24289,197,197,27787,24289,39,0,1000,False,ht_chantry-random-25.scen,260
260,ht_chantry.map,planner,1,30386,24289,201,197,26609,24289,11595,0,1000,True,ht_chantry-random-25.scen,260
300,ht_chantry.map,planner,1,38285,28031,201,198,32574,28031,65,0,0,False,ht_chantry-random-25.scen,300
300,ht_chantry.map,planner,1,38285,28031,201,198,32574,28031,66,0,0,True,ht_chantry-random-25.scen,300
300,ht_chantry.map,planner,1,38285,28031,201,198,32574,28031,63,0,1,False,ht_chantry-random-25.scen,300
300,ht_chantry.map,planner,1,36731,28031,201,198,31709,28031,123,0,1,True,ht_chantry-random-25.scen,300
300,ht_chantry.map,planner,1,38285,28031,201,198,32574,28031,65,0,10,False,ht_chantry-random-25.scen,300
300,ht_chantry.map,planner,1,36262,28031,199,198,31413,28031,490,0,10,True,ht_chantry-random-25.scen,300
300,ht_chantry.map,planner,1,38285,28031,201,198,32574,28031,64,0,100,False,ht_chantry-random-25.scen,300
300,ht_chantry.map,planner,1,36373,28031,201,198,31261,28031,3239,0,100,True,ht_chantry-random-25.scen,300
300,ht_chantry.map,planner,1,38285,28031,201,198,32574,28031,48,0,1000,False,ht_chantry-random-25.scen,300
300,ht_chantry.map,planner,1,35892,28031,201,198,31099,28031,29473,0,1000,True,ht_chantry-random-25.scen,300
340,ht_chantry.map,planner,1,45449,31911,201,198,37669,31911,53,0,0,False,ht_chantry-random-25.scen,340
340,ht_chantry.map,planner,1,45449,31911,201,198,37669,31911,55,0,0,True,ht_chantry-random-25.scen,340
340,ht_chantry.map,planner,1,45449,31911,201,198,37669,31911,73,0,1,False,ht_chantry-random-25.scen,340
340,ht_chantry.map,planner,1,42203,31911,203,198,36017,31911,125,0,1,True,ht_chantry-random-25.scen,340
340,ht_chantry.map,planner,1,45449,31911,201,198,37669,31911,75,0,10,False,ht_chantry-random-25.scen,340
340,ht_chantry.map,planner,1,42937,31911,202,198,35934,31911,516,0,10,True,ht_chantry-random-25.scen,340
340,ht_chantry.map,planner,1,45449,31911,201,198,37669,31911,51,0,100,False,ht_chantry-random-25.scen,340
340,ht_chantry.map,planner,1,41616,31911,203,198,35806,31911,3703,0,100,True,ht_chantry-random-25.scen,340
340,ht_chantry.map,planner,1,45449,31911,201,198,37669,31911,52,0,1000,False,ht_chantry-random-25.scen,340
340,ht_chantry.map,planner,1,42525,31911,199,198,35772,31911,35125,0,1000,True,ht_chantry-random-25.scen,340
380,ht_chantry.map,planner,1,51034,35795,200,198,42932,35795,59,0,0,False,ht_chantry-random-25.scen,380
380,ht_chantry.map,planner,1,51034,35795,200,198,42932,35795,64,0,0,True,ht_chantry-random-25.scen,380
380,ht_chantry.map,planner,1,51034,35795,200,198,42932,35795,59,0,1,False,ht_chantry-random-25.scen,380
380,ht_chantry.map,planner,1,48067,35795,204,198,41277,35795,140,0,1,True,ht_chantry-random-25.scen,380
380,ht_chantry.map,planner,1,51034,35795,200,198,42932,35795,61,0,10,False,ht_chantry-random-25.scen,380
380,ht_chantry.map,planner,1,48825,35795,206,198,41178,35795,731,0,10,True,ht_chantry-random-25.scen,380
380,ht_chantry.map,planner,1,51034,35795,200,198,42932,35795,84,0,100,False,ht_chantry-random-25.scen,380
380,ht_chantry.map,planner,1,48098,35795,204,198,40723,35795,4768,0,100,True,ht_chantry-random-25.scen,380
380,ht_chantry.map,planner,1,51034,35795,200,198,42932,35795,83,0,1000,False,ht_chantry-random-25.scen,380
380,ht_chantry.map,planner,1,47740,35795,209,198,40560,35795,40938,0,1000,True,ht_chantry-random-25.scen,380
20,ht_chantry.map,planner,1,1784,1671,180,180,1731,1671,2,0,0,False,ht_chantry-random-6.scen,20
20,ht_chantry.map,planner,1,1784,1671,180,180,1731,1671,2,0,0,True,ht_chantry-random-6.scen,20
20,ht_chantry.map,planner,1,1784,1671,180,180,1731,1671,2,0,1,False,ht_chantry-random-6.scen,20
20,ht_chantry.map,planner,1,1784,1671,180,180,1731,1671,2,0,1,True,ht_chantry-random-6.scen,20
20,ht_chantry.map,planner,1,1784,1671,180,180,1731,1671,2,0,10,False,ht_chantry-random-6.scen,20
20,ht_chantry.map,planner,1,1784,1671,180,180,1731,1671,2,0,10,True,ht_chantry-random-6.scen,20
20,ht_chantry.map,planner,1,1784,1671,180,180,1731,1671,2,0,100,False,ht_chantry-random-6.scen,20
20,ht_chantry.map,planner,1,1784,1671,180,180,1731,1671,2,0,100,True,ht_chantry-random-6.scen,20
20,ht_chantry.map,planner,1,1784,1671,180,180,1731,1671,2,0,1000,False,ht_chantry-random-6.scen,20
20,ht_chantry.map,planner,1,1784,1671,180,180,1731,1671,2,0,1000,True,ht_chantry-random-6.scen,20
60,ht_chantry.map,planner,1,6178,5626,191,189,5913,5626,8,0,0,False,ht_chantry-random-6.scen,60
60,ht_chantry.map,planner,1,6178,5626,191,189,5913,5626,8,0,0,True,ht_chantry-random-6.scen,60
60,ht_chantry.map,planner,1,6178,5626,191,189,5913,5626,8,0,1,False,ht_chantry-random-6.scen,60
60,ht_chantry.map,planner,1,6348,5626,191,189,5968,5626,8,0,1,True,ht_chantry-random-6.scen,60
60,ht_chantry.map,planner,1,6178,5626,191,189,5913,5626,11,0,10,False,ht_chantry-random-6.scen,60
60,ht_chantry.map,planner,1,6348,5626,191,189,5968,5626,12,0,10,True,ht_chantry-random-6.scen,60
60,ht_chantry.map,planner,1,6178,5626,191,189,5913,5626,12,0,100,False,ht_chantry-random-6.scen,60
60,ht_chantry.map,planner,1,6348,5626,191,189,5968,5626,10,0,100,True,ht_chantry-random-6.scen,60
60,ht_chantry.map,planner,1,6178,5626,191,189,5913,5626,14,0,1000,False,ht_chantry-random-6.scen,60
60,ht_chantry.map,planner,1,6348,5626,191,189,5968,5626,13,0,1000,True,ht_chantry-random-6.scen,60
100,ht_chantry.map,planner,1,11075,9429,189,189,10236,9429,21,0,0,False,ht_chantry-random-6.scen,100
100,ht_chantry.map,planner,1,11075,9429,189,189,10236,9429,21,0,0,True,ht_chantry-random-6.scen,100
100,ht_chantry.map,planner,1,11075,9429,189,189,10236,9429,19,0,1,False,ht_chantry-random-6.scen,100
100,ht_chantry.map,planner,1,10759,9429,189,189,10064,9429,23,0,1,True,ht_chantry-random-6.scen,100
100,ht_chantry.map,planner,1,11075,9429,189,189,10236,9429,20,0,10,False,ht_chantry-random-6.scen,100
100,ht_chantry.map,planner,1,10759,9429,189,189,10064,9429,20,0,10,True,ht_chantry-random-6.scen,100
100,ht_chantry.map,planner,1,11075,9429,189,189,10236,9429,20,0,100,False,ht_chantry-random-6.scen,100
100,ht_chantry.map,planner,1,10759,9429,189,189,10064,9429,22,0,100,True,ht_chantry-random-6.scen,100
100,ht_chantry.map,planner,1,11075,9429,189,189,10236,9429,21,0,1000,False,ht_chantry-random-6.scen,100
100,ht_chantry.map,planner,1,10759,9429,189,189,10064,9429,16,0,1000,True,ht_chantry-random-6.scen,100
140,ht_chantry.map,planner,1,16490,13293,189,189,14505,13293,21,0,0,False,ht_chantry-random-6.scen,140
140,ht_chantry.map,planner,1,16490,13293,189,189,14505,13293,29,0,0,True,ht_chantry-random-6.scen,140
140,ht_chantry.map,planner,1,16490,13293,189,189,14505,13293,29,0,1,False,ht_chantry-random-6.scen,140
140,ht_chantry.map,planner,1,15890,13293,191,189,14284,13293,38,0,1,True,ht_chantry-random-6.scen,140
140,ht_chantry.map,planner,1,16490,13293,189,189,14505,13293,28,0,10,False,ht_chantry-random-6.scen,140
140,ht_chantry.map,planner,1,15837,13293,189,189,14234,13293,43,0,10,True,ht_chantry-random-6.scen,140
140,ht_chantry.map,planner,1,16490,13293,189,189,14505,13293,29,0,100,False,ht_chantry-random-6.scen,140
140,ht_chantry.map,planner,1,15945,13293,189,189,14197,13293,104,0,100,True,ht_chantry-random-6.scen,140
140,ht_chantry.map,planner,1,16490,13293,189,189,14505,13293,29,0,1000,False,ht_chantry-random-6.scen,140
140,ht_chantry.map,planner,1,15945,13293,189,189,14197,13293,107,0,1000,True,ht_chantry-random-6.scen,140
180,ht_chantry.map,planner,1,21229,17196,189,189,18956,17196,37,0,0,False,ht_chantry-random-6.scen,180
180,ht_chantry.map,planner,1,21229,17196,189,189,18956,17196,40,0,0,True,ht_chantry-random-6.scen,180
180,ht_chantry.map,planner,1,21229,17196,189,189,18956,17196,38,0,1,False,ht_chantry-random-6.scen,180
180,ht_chantry.map,planner,1,21033,17196,189,189,18494,17196,57,0,1,True,ht_chantry-random-6.scen,180
180,ht_chantry.map,planner,1,21229,17196,189,189,18956,17196,27,0,10,False,ht_chantry-random-6.scen,180
180,ht_chantry.map,planner,1,21116,17196,191,189,18459,17196,86,0,10,True,ht_chantry-random-6.scen,180
180,ht_chantry.map,planner,1,21229,17196,189,189,18956,17196,33,0,100,False,ht_chantry-random-6.scen,180
180,ht_chantry.map,planner,1,20956,17196,194,189,18451,17196,86,0,100,True,ht_chantry-random-6.scen,180
180,ht_chantry.map,planner,1,21229,17196,189,189,18956,17196,37,0,1000,False,ht_chantry-random-6.scen,180
180,ht_chantry.map,planner,1,20956,17196,194,189,18451,17196,85,0,1000,True,ht_chantry-random-6.scen,180
220,ht_chantry.map,planner,1,27601,21612,189,189,24269,21612,47,0,0,False,ht_chantry-random-6.scen,220
220,ht_chantry.map,planner,1,27601,21612,189,189,24269,21612,43,0,0,True,ht_chantry-random-6.scen,220
220,ht_chantry.map,planner,1,27601,21612,189,189,24269,21612,46,0,1,False,ht_chantry-random-6.scen,220
220,ht_chantry.map,planner,1,26203,21612,192,189,23378,21612,90,0,1,True,ht_chantry-random-6.scen,220
220,ht_chantry.map,planner,1,27601,21612,189,189,24269,21612,35,0,10,False,ht_chantry-random-6.scen,220
220,ht_chantry.map,planner,1,25878,21612,189,189,23312,21612,176,0,10,True,ht_chantry-random-6.scen,220
220,ht_chantry.map,planner,1,27601,21612,189,189,24269,21612,28,0,100,False,ht_chantry-random-6.scen,220
220,ht_chantry.map,planner,1,26036,21612,191,189,23305,21612,480,0,100,True,ht_chantry-random-6.scen,220
220,ht_chantry.map,planner,1,27601,21612,189,189,24269,21612,45,0,1000,False,ht_chantry-random-6.scen,220
220,ht_chantry.map,planner,1,26036,21612,191,189,23305,21612,843,0,1000,True,ht_chantry-random-6.scen,220
260,ht_chantry.map,planner,1,32802,25595,208,189,28662,25595,59,0,0,False,ht_chantry-random-6.scen,260
260,ht_chantry.map,planner,1,32802,25595,208,189,28662,25595,59,0,0,True,ht_chantry-random-6.scen,260
260,ht_chantry.map,planner,1,32802,25595,208,189,28662,25595,58,0,1,False,ht_chantry-random-6.scen,260
260,ht_chantry.map,planner,1,31747,25595,193,189,28010,25595,100,0,1,True,ht_chantry-random-6.scen,260
260,ht_chantry.map,planner,1,32802,25595,208,189,28662,25595,54,0,10,False,ht_chantry-random-6.scen,260
260,ht_chantry.map,planner,1,31498,25595,189,189,28013,25595,406,0,10,True,ht_chantry-random-6.scen,260
260,ht_chantry.map,planner,1,32802,25595,208,189,28662,25595,58,0,100,False,ht_chantry-random-6.scen,260
260,ht_chantry.map,planner,1,31465,25595,189,189,27989,25595,2363,0,100,True,ht_chantry-random-6.scen,260
260,ht_chantry.map,planner,1,32802,25595,208,189,28662,25595,58,0,1000,False,ht_chantry-random-6.scen,260
260,ht_chantry.map,planner,1,31198,25595,192,189,27877,25595,15161,0,1000,True,ht_chantry-random-6.scen,260
300,ht_chantry.map,planner,1,38313,29405,197,195,33651,29405,67,0,0,False,ht_chantry-random-6.scen,300
300,ht_chantry.map,planner,1,38313,29405,197,195,33651,29405,46,0,0,True,ht_chantry-random-6.scen,300
300,ht_chantry.map,planner,1,38313,29405,197,195,33651,29405,47,0,1,False,ht_chantry-random-6.scen,300
300,ht_chantry.map,planner,1,37650,29405,204,195,33084,29405,119,0,1,True,ht_chantry-random-6.scen,300
300,ht_chantry.map,planner,1,38313,29405,197,195,33651,29405,43,0,10,False,ht_chantry-random-6.scen,300
300,ht_chantry.map,planner,1,36791,29405,219,195,32535,29405,481,0,10,True,ht_chantry-random-6.scen,300
300,ht_chantry.map,planner,1,38313,29405,197,195,33651,29405,48,0,100,False,ht_chantry-random-6.scen,300
300,ht_chantry.map,planner,1,36530,29405,197,195,32444,29405,3686,0,100,True,ht_chantry-random-6.scen,300
300,ht_chantry.map,planner,1,38313,29405,197,195,33651,29405,46,0,1000,False,ht_chantry-random-6.scen,300
300,ht_chantry.map,planner,1,36339,29405,195,195,32342,29405,27641,0,1000,True,ht_chantry-random-6.scen,300
340,ht_chantry.map,planner,1,44285,33271,195,195,39017,33271,74,0,0,False,ht_chantry-random-6.scen,340
340,ht_chantry.map,planner,1,44285,33271,195,195,39017,33271,77,0,0,True,ht_chantry-random-6.scen,340
340,ht_chantry.map,planner,1,44285,33271,195,195,39017,33271,73,0,1,False,ht_chantry-random-6.scen,340
340,ht_chantry.map,planner,1,42906,33271,197,195,38062,33271,158,0,1,True,ht_chantry-random-6.scen,340
340,ht_chantry.map,planner,1,44285,33271,195,195,39017,33271,75,0,10,False,ht_chantry-random-6.scen,340
340,ht_chantry.map,planner,1,42291,33271,195,195,37490,33271,702,0,10,True,ht_chantry-random-6.scen,340
340,ht_chantry.map,planner,1,44285,33271,195,195,39017,33271,76,0,100,False,ht_chantry-random-6.scen,340
340,ht_chantry.map,planner,1,41937,33271,198,195,37197,33271,4866,0,100,True,ht_chantry-random-6.scen,340
340,ht_chantry.map,planner,1,44285,33271,195,195,39017,33271,75,0,1000,False,ht_chantry-random-6.scen,340
340,ht_chantry.map,planner,1,41531,33271,197,195,36956,33271,38442,0,1000,True,ht_chantry-random-6.scen,340
380,ht_chantry.map,planner,1,51042,37136,201,201,43768,37136,63,0,0,False,ht_chantry-random-6.scen,380
380,ht_chantry.map,planner,1,51042,37136,201,201,43768,37136,65,0,0,True,ht_chantry-random-6.scen,380
380,ht_chantry.map,planner,1,51042,37136,201,201,43768,37136,63,0,1,False,ht_chantry-random-6.scen,380
380,ht_chantry.map,planner,1,49478,37136,212,201,43236,37136,160,0,1,True,ht_chantry-random-6.scen,380
380,ht_chantry.map,planner,1,51042,37136,201,201,43768,37136,87,0,10,False,ht_chantry-random-6.scen,380
380,ht_chantry.map,planner,1,48651,37136,201,201,42889,37136,823,0,10,True,ht_chantry-random-6.scen,380
380,ht_chantry.map,planner,1,51042,37136,201,201,43768,37136,87,0,100,False,ht_chantry-random-6.scen,380
380,ht_chantry.map,planner,1,48073,37136,201,201,42125,37136,6293,0,100,True,ht_chantry-random-6.scen,380
380,ht_chantry.map,planner,1,51042,37136,201,201,43768,37136,63,0,1000,False,ht_chantry-random-6.scen,380
20,ht_chantry.map,planner,1,2533,2437,173,173,2515,2437,3,0,0,False,ht_chantry-random-14.scen,20
20,ht_chantry.map,planner,1,2533,2437,173,173,2515,2437,3,0,0,True,ht_chantry-random-14.scen,20
20,ht_chantry.map,planner,1,2533,2437,173,173,2515,2437,3,0,1,False,ht_chantry-random-14.scen,20
20,ht_chantry.map,planner,1,2510,2437,173,173,2490,2437,3,0,1,True,ht_chantry-random-14.scen,20
20,ht_chantry.map,planner,1,2533,2437,173,173,2515,2437,3,0,10,False,ht_chantry-random-14.scen,20
20,ht_chantry.map,planner,1,2510,2437,173,173,2490,2437,3,0,10,True,ht_chantry-random-14.scen,20
20,ht_chantry.map,planner,1,2533,2437,173,173,2515,2437,5,0,100,False,ht_chantry-random-14.scen,20
20,ht_chantry.map,planner,1,2510,2437,173,173,2490,2437,3,0,100,True,ht_chantry-random-14.scen,20
20,ht_chantry.map,planner,1,2533,2437,173,173,2515,2437,4,0,1000,False,ht_chantry-random-14.scen,20
20,ht_chantry.map,planner,1,2510,2437,173,173,2490,2437,3,0,1000,True,ht_chantry-random-14.scen,20
60,ht_chantry.map,planner,1,6817,6125,185,185,6401,6125,12,0,0,False,ht_chantry-random-14.scen,60
60,ht_chantry.map,planner,1,6817,6125,185,185,6401,6125,8,0,0,True,ht_chantry-random-14.scen,60
60,ht_chantry.map,planner,1,6817,6125,185,185,6401,6125,13,0,1,False,ht_chantry-random-14.scen,60
60,ht_chantry.map,planner,1,6800,6125,187,185,6372,6125,13,0,1,True,ht_chantry-random-14.scen,60
60,ht_chantry.map,planner,1,6817,6125,185,185,6401,6125,8,0,10,False,ht_chantry-random-14.scen,60
60,ht_chantry.map,planner,1,6800,6125,187,185,6372,6125,12,0,10,True,ht_chantry-random-14.scen,60
60,ht_chantry.map,planner,1,6817,6125,185,185,6401,6125,13,0,100,False,ht_chantry-random-14.scen,60
60,ht_chantry.map,planner,1,6800,6125,187,185,6372,6125,13,0,100,True,ht_chantry-random-14.scen,60
60,ht_chantry.map,planner,1,6817,6125,185,185,6401,6125,13,0,1000,False,ht_chantry-random-14.scen,60
60,ht_chantry.map,planner,1,6800,6125,187,185,6372,6125,13,0,1000,True,ht_chantry-random-14.scen,60
100,ht_chantry.map,planner,1,11447,9873,185,185,10630,9873,21,0,0,False,ht_chantry-random-14.scen,100
100,ht_chantry.map,planner,1,11447,9873,185,185,10630,9873,21,0,0,True,ht_chantry-random-14.scen,100
100,ht_chantry.map,planner,1,11447,9873,185,185,10630,9873,20,0,1,False,ht_chantry-random-14.scen,100
100,ht_chantry.map,planner,1,11259,9873,185,185,10357,9873,22,0,1,True,ht_chantry-random-14.scen,100
100,ht_chantry.map,planner,1,11447,9873,185,185,10630,9873,21,0,10,False,ht_chantry-random-14.scen,100
100,ht_chantry.map,planner,1,11259,9873,185,185,10357,9873,24,0,10,True,ht_chantry-random-14.scen,100
100,ht_chantry.map,planner,1,11447,9873,185,185,10630,9873,21,0,100,False,ht_chantry-random-14.scen,100
100,ht_chantry.map,planner,1,11259,9873,185,185,10357,9873,24,0,100,True,ht_chantry-random-14.scen,100
100,ht_chantry.map,planner,1,11447,9873,185,185,10630,9873,21,0,1000,False,ht_chantry-random-14.scen,100
100,ht_chantry.map,planner,1,11259,9873,185,185,10357,9873,25,0,1000,True,ht_chantry-random-14.scen,100
140,ht_chantry.map,planner,1,16406,13718,189,185,15001,13718,29,0,0,False,ht_chantry-random-14.scen,140
140,ht_chantry.map,planner,1,16406,13718,189,185,15001,13718,27,0,0,True,ht_chantry-random-14.scen,140
140,ht_chantry.map,planner,1,16406,13718,189,185,15001,13718,30,0,1,False,ht_chantry-random-14.scen,140
140,ht_chantry.map,planner,1,16107,13718,187,185,14577,13718,38,0,1,True,ht_chantry-random-14.scen,140
140,ht_chantry.map,planner,1,16406,13718,189,185,15001,13718,28,0,10,False,ht_chantry-random-14.scen,140
140,ht_chantry.map,planner,1,16107,13718,187,185,14577,13718,39,0,10,True,ht_chantry-random-14.scen,140
140,ht_chantry.map,planner,1,16406,13718,189,185,15001,13718,29,0,100,False,ht_chantry-random-14.scen,140
140,ht_chantry.map,planner,1,16107,13718,187,185,14577,13718,38,0,100,True,ht_chantry-random-14.scen,140
140,ht_chantry.map,planner,1,16406,13718,189,185,15001,13718,29,0,1000,False,ht_chantry-random-14.scen,140
140,ht_chantry.map,planner,1,16107,13718,187,185,14577,13718,38,0,1000,True,ht_chantry-random-14.scen,140
180,ht_chantry.map,planner,1,21755,17664,189,185,19558,17664,36,0,0,False,ht_chantry-random-14.scen,180
180,ht_chantry.map,planner,1,21755,17664,189,185,19558,17664,39,0,0,True,ht_chantry-random-14.scen,180
180,ht_chantry.map,planner,1,21755,17664,189,185,19558,17664,38,0,1,False,ht_chantry-random-14.scen,180
180,ht_chantry.map,planner,1,21082,17664,193,185,18952,17664,62,0,1,True,ht_chantry-random-14.scen,180
180,ht_chantry.map,planner,1,21755,17664,189,185,19558,17664,36,0,10,False,ht_chantry-random-14.scen,180
180,ht_chantry.map,planner,1,21316,17664,188,185,19004,17664,231,0,10,True,ht_chantry-random-14.scen,180
180,ht_chantry.map,planner,1,21755,17664,189,185,19558,17664,38,0,100,False,ht_chantry-random-14.scen,180
180,ht_chantry.map,planner,1,21116,17664,190,185,18919,17664,545,0,100,True,ht_chantry-random-14.scen,180
180,ht_chantry.map,planner,1,21755,17664,189,185,19558,17664,38,0,1000,False,ht_chantry-random-14.scen,180
180,ht_chantry.map,planner,1,21051,17664,190,185,18959,17664,2283,0,1000,True,ht_chantry-random-14.scen,180
220,ht_chantry.map,planner,1,26773,21414,189,185,23920,21414,47,0,0,False,ht_chantry-random-14.scen,220
220,ht_chantry.map,planner,1,26773,21414,189,185,23920,21414,47,0,0,True,ht_chantry-random-14.scen,220
220,ht_chantry.map,planner,1,26773,21414,189,185,23920,21414,46,0,1,False,ht_chantry-random-14.scen,220
220,ht_chantry.map,planner,1,26063,21414,193,185,23306,21414,85,0,1,True,ht_chantry-random-14.scen,220
220,ht_chantry.map,planner,1,26773,21414,189,185,23920,21414,42,0,10,False,ht_chantry-random-14.scen,220
220,ht_chantry.map,planner,1,26111,21414,189,185,23266,21414,332,0,10,True,ht_chantry-random-14.scen,220
220,ht_chantry.map,planner,1,26773,21414,189,185,23920,21414,41,0,100,False,ht_chantry-random-14.scen,220
220,ht_chantry.map,planner,1,26342,21414,190,185,23353,21414,2243,0,100,True,ht_chantry-random-14.scen,220
220,ht_chantry.map,planner,1,26773,21414,189,185,23920,21414,47,0,1000,False,ht_chantry-random-14.scen,220
220,ht_chantry.map,planner,1,26249,21414,195,185,23308,21414,12138,0,1000,True,ht_chantry-random-14.scen,220
260,ht_chantry.map,planner,1,32757,25360,189,185,28712,25360,50,0,0,False,ht_chantry-random-14.scen,260
260,ht_chantry.map,planner,1,32757,25360,189,185,28712,25360,52,0,0,True,ht_chantry-random-14.scen,260
260,ht_chantry.map,planner,1,32757,25360,189,185,28712,25360,56,0,1,False,ht_chantry-random-14.scen,260
260,ht_chantry.map,planner,1,31837,25360,190,185,27950,25360,102,0,1,True,ht_chantry-random-14.scen,260
260,ht_chantry.map,planner,1,32757,25360,189,185,28712,25360,54,0,10,False,ht_chantry-random-14.scen,260
260,ht_chantry.map,planner,1,32146,25360,195,185,28294,25360,482,0,10,True,ht_chantry-random-14.scen,260
260,ht_chantry.map,planner,1,32757,25360,189,185,28712,25360,54,0,100,False,ht_chantry-random-14.scen,260
260,ht_chantry.map,planner,1,32206,25360,206,185,28104,25360,3793,0,100,True,ht_chantry-random-14.scen,260
260,ht_chantry.map,planner,1,32757,25360,189,185,28712,25360,38,0,1000,False,ht_chantry-random-14.scen,260
260,ht_chantry.map,planner,1,31348,25360,192,185,27830,25360,31770,0,1000,True,ht_chantry-random-14.scen,260
300,ht_chantry.map,planner,1,38221,28594,219,194,32740,28594,67,0,0,False,ht_chantry-random-14.scen,300
300,ht_chantry.map,planner,1,38221,28594,219,194,32740,28594,69,0,0,True,ht_chantry-random-14.scen,300
300,ht_chantry.map,planner,1,38221,28594,219,194,32740,28594,68,0,1,False,ht_chantry-random-14.scen,300
300,ht_chantry.map,planner,1,36948,28594,194,194,31906,28594,129,0,1,True,ht_chantry-random-14.scen,300
300,ht_chantry.map,planner,1,38221,28594,219,194,32740,28594,67,0,10,False,ht_chantry-random-14.scen,300
300,ht_chantry.map,planner,1,36670,28594,194,194,31723,28594,523,0,10,True,ht_chantry-random-14.scen,300
300,ht_chantry.map,planner,1,38221,28594,219,194,32740,28594,67,0,100,False,ht_chantry-random-14.scen,300
300,ht_chantry.map,planner,1,36307,28594,196,194,31560,28594,3901,0,100,True,ht_chantry-random-14.scen,300
300,ht_chantry.map,planner,1,38221,28594,219,194,32740,28594,66,0,1000,False,ht_chantry-random-14.scen,300
300,ht_chantry.map,planner,1,36662,28594,197,194,31615,28594,28937,0,1000,True,ht_chantry-random-14.scen,300
340,ht_chantry.map,planner,1,45217,31912,203,194,37880,31912,54,0,0,False,ht_chantry-random-14.scen,340
340,ht_chantry.map,planner,1,45217,31912,203,194,37880,31912,53,0,0,True,ht_chantry-random-14.scen,340
340,ht_chantry.map,planner,1,45217,31912,203,194,37880,31912,53,0,1,False,ht_chantry-random-14.scen,340
340,ht_chantry.map,planner,1,42791,31912,205,194,36230,31912,124,0,1,True,ht_chantry-random-14.scen,340
340,ht_chantry.map,planner,1,45217,31912,203,194,37880,31912,54,0,10,False,ht_chantry-random-14.scen,340
340,ht_chantry.map,planner,1,42379,31912,200,194,35918,31912,527,0,10,True,ht_chantry-random-14.scen,340
340,ht_chantry.map,planner,1,45217,31912,203,194,37880,31912,54,0,100,False,ht_chantry-random-14.scen,340
340,ht_chantry.map,planner,1,42085,31912,198,194,35903,31912,4157,0,100,True,ht_chantry-random-14.scen,340
340,ht_chantry.map,planner,1,45217,31912,203,194,37880,31912,52,0,1000,False,ht_chantry-random-14.scen,340
340,ht_chantry.map,planner,1,41669,31912,200,194,35673,31912,37672,0,1000,True,ht_chantry-random-14.scen,340
380,ht_chantry.map,planner,1,50036,35383,205,194,41987,35383,61,0,0,False,ht_chantry-random-14.scen,380
380,ht_chantry.map,planner,1,50036,35383,205,194,41987,35383,63,0,0,True,ht_chantry-random-14.scen,380
380,ht_chantry.map,planner,1,50036,35383,205,194,41987,35383,62,0,1,False,ht_chantry-random-14.scen,380
380,ht_chantry.map,planner,1,47945,35383,201,194,40554,35383,137,0,1,True,ht_chantry-random-14.scen,380
380,ht_chantry.map,planner,1,50036,35383,205,194,41987,35383,60,0,10,False,ht_chantry-random-14.scen,380
380,ht_chantry.map,planner,1,48311,35383,219,194,40307,35383,645,0,10,True,ht_chantry-random-14.scen,380
380,ht_chantry.map,planner,1,50036,35383,205,194,41987,35383,60,0,100,False,ht_chantry-random-14.scen,380
380,ht_chantry.map,planner,1,47323,35383,202,194,40257,35383,5385,0,100,True,ht_chantry-random-14.scen,380
380,ht_chantry.map,planner,1,50036,35383,205,194,41987,35383,59,0,1000,False,ht_chantry-random-14.scen,380
20,ht_chantry.map,planner,1,2274,2247,181,181,2274,2247,3,0,0,False,ht_chantry-random-17.scen,20
20,ht_chantry.map,planner,1,2274,2247,181,181,2274,2247,3,0,0,True,ht_chantry-random-17.scen,20
20,ht_chantry.map,planner,1,2274,2247,181,181,2274,2247,3,0,1,False,ht_chantry-random-17.scen,20
20,ht_chantry.map,planner,1,2274,2247,181,181,2274,2247,3,0,1,True,ht_chantry-random-17.scen,20
20,ht_chantry.map,planner,1,2274,2247,181,181,2274,2247,3,0,10,False,ht_chantry-random-17.scen,20
20,ht_chantry.map,planner,1,2274,2247,181,181,2274,2247,3,0,10,True,ht_chantry-random-17.scen,20
20,ht_chantry.map,planner,1,2274,2247,181,181,2274,2247,3,0,100,False,ht_chantry-random-17.scen,20
20,ht_chantry.map,planner,1,2274,2247,181,181,2274,2247,3,0,100,True,ht_chantry-random-17.scen,20
20,ht_chantry.map,planner,1,2274,2247,181,181,2274,2247,5,0,1000,False,ht_chantry-random-17.scen,20
20,ht_chantry.map,planner,1,2274,2247,181,181,2274,2247,4,0,1000,True,ht_chantry-random-17.scen,20
60,ht_chantry.map,planner,1,6405,5857,181,181,6108,5857,12,0,0,False,ht_chantry-random-17.scen,60
60,ht_chantry.map,planner,1,6405,5857,181,181,6108,5857,12,0,0,True,ht_chantry-random-17.scen,60
60,ht_chantry.map,planner,1,6405,5857,181,181,6108,5857,12,0,1,False,ht_chantry-random-17.scen,60
60,ht_chantry.map,planner,1,6472,5857,181,181,6097,5857,12,0,1,True,ht_chantry-random-17.scen,60
60,ht_chantry.map,planner,1,6405,5857,181,181,6108,5857,12,0,10,False,ht_chantry-random-17.scen,60
60,ht_chantry.map,planner,1,6472,5857,181,181,6097,5857,12,0,10,True,ht_chantry-random-17.scen,60
60,ht_chantry.map,planner,1,6405,5857,181,181,6108,5857,12,0,100,False,ht_chantry-random-17.scen,60
60,ht_chantry.map,planner,1,6472,5857,181,181,6097,5857,12,0,100,True,ht_chantry-random-17.scen,60
60,ht_chantry.map,planner,1,6405,5857,181,181,6108,5857,12,0,1000,False,ht_chantry-random-17.scen,60
60,ht_chantry.map,planner,1,6472,5857,181,181,6097,5857,12,0,1000,True,ht_chantry-random-17.scen,60
100,ht_chantry.map,planner,1,11212,9639,181,181,10352,9639,20,0,0,False,ht_chantry-random-17.scen,100
100,ht_chantry.map,planner,1,11212,9639,181,181,10352,9639,21,0,0,True,ht_chantry-random-17.scen,100
100,ht_chantry.map,planner,1,11212,9639,181,181,10352,9639,20,0,1,False,ht_chantry-random-17.scen,100
100,ht_chantry.map,planner,1,10900,9639,181,181,10182,9639,20,0,1,True,ht_chantry-random-17.scen,100
100,ht_chantry.map,planner,1,11212,9639,181,181,10352,9639,20,0,10,False,ht_chantry-random-17.scen,100
100,ht_chantry.map,planner,1,10900,9639,181,181,10182,9639,21,0,10,True,ht_chantry-random-17.scen,100
100,ht_chantry.map,planner,1,11212,9639,181,181,10352,9639,21,0,100,False,ht_chantry-random-17.scen,100
100,ht_chantry.map,planner,1,10900,9639,181,181,10182,9639,20,0,100,True,ht_chantry-random-17.scen,100
100,ht_chantry.map,planner,1,11212,9639,181,181,10352,9639,21,0,1000,False,ht_chantry-random-17.scen,100
100,ht_chantry.map,planner,1,10900,9639,181,181,10182,9639,20,0,1000,True,ht_chantry-random-17.scen,100
140,ht_chantry.map,planner,1,15614,13401,181,181,14473,13401,30,0,0,False,ht_chantry-random-17.scen,140
140,ht_chantry.map,planner,1,15614,13401,181,181,14473,13401,29,0,0,True,ht_chantry-random-17.scen,140
140,ht_chantry.map,planner,1,15614,13401,181,181,14473,13401,29,0,1,False,ht_chantry-random-17.scen,140
140,ht_chantry.map,planner,1,15438,13401,184,181,14368,13401,31,0,1,True,ht_chantry-random-17.scen,140
140,ht_chantry.map,planner,1,15614,13401,181,181,14473,13401,29,0,10,False,ht_chantry-random-17.scen,140
140,ht_chantry.map,planner,1,15438,13401,184,181,14368,13401,31,0,10,True,ht_chantry-random-17.scen,140
140,ht_chantry.map,planner,1,15614,13401,181,181,14473,13401,28,0,100,False,ht_chantry-random-17.scen,140
140,ht_chantry.map,planner,1,15438,13401,184,181,14368,13401,31,0,100,True,ht_chantry-random-17.scen,140
140,ht_chantry.map,planner,1,15614,13401,181,181,14473,13401,29,0,1000,False,ht_chantry-random-17.scen,140
140,ht_chantry.map,planner,1,15438,13401,184,181,14368,13401,31,0,1000,True,ht_chantry-random-17.scen,140
180,ht_chantry.map,planner,1,21139,17372,186,181,19000,17372,38,0,0,False,ht_chantry-random-17.scen,180
180,ht_chantry.map,planner,1,21139,17372,186,181,19000,17372,37,0,0,True,ht_chantry-random-17.scen,180
180,ht_chantry.map,planner,1,21139,17372,186,181,19000,17372,40,0,1,False,ht_chantry-random-17.scen,180
180,ht_chantry.map,planner,1,20783,17372,185,181,18664,17372,47,0,1,True,ht_chantry-random-17.scen,180
180,ht_chantry.map,planner,1,21139,17372,186,181,19000,17372,38,0,10,False,ht_chantry-random-17.scen,180
180,ht_chantry.map,planner,1,20589,17372,186,181,18639,17372,59,0,10,True,ht_chantry-random-17.scen,180
180,ht_chantry.map,planner,1,21139,17372,186,181,19000,17372,38,0,100,False,ht_chantry-random-17.scen,180
180,ht_chantry.map,planner,1,20589,17372,186,181,18639,17372,59,0,100,True,ht_chantry-random-17.scen,180
180,ht_chantry.map,planner,1,21139,17372,186,181,19000,17372,38,0,1000,False,ht_chantry-random-17.scen,180
180,ht_chantry.map,planner,1,20589,17372,186,181,18639,17372,58,0,1000,True,ht_chantry-random-17.scen,180
220,ht_chantry.map,planner,1,27398,20998,192,192,23550,20998,46,0,0,False,ht_chantry-random-17.scen,220
220,ht_chantry.map,planner,1,27398,20998,192,192,23550,20998,48,0,0,True,ht_chantry-random-17.scen,220
220,ht_chantry.map,planner,1,27398,20998,192,192,23550,20998,46,0,1,False,ht_chantry-random-17.scen,220
220,ht_chantry.map,planner,1,25491,20998,207,192,22660,20998,68,0,1,True,ht_chantry-random-17.scen,220
220,ht_chantry.map,planner,1,27398,20998,192,192,23550,20998,47,0,10,False,ht_chantry-random-17.scen,220
220,ht_chantry.map,planner,1,25956,20998,209,192,22741,20998,129,0,10,True,ht_chantry-random-17.scen,220
220,ht_chantry.map,planner,1,27398,20998,192,192,23550,20998,45,0,100,False,ht_chantry-random-17.scen,220
220,ht_chantry.map,planner,1,25670,20998,211,192,22762,20998,491,0,100,True,ht_chantry-random-17.scen,220
220,ht_chantry.map,planner,1,27398,20998,192,192,23550,20998,43,0,1000,False,ht_chantry-random-17.scen,220
220,ht_chantry.map,planner,1,25759,20998,209,192,22703,20998,1152,0,1000,True,ht_chantry-random-17.scen,220
260,ht_chantry.map,planner,1,32537,24894,199,192,28001,24894,57,0,0,False,ht_chantry-random-17.scen,260
260,ht_chantry.map,planner,1,32537,24894,199,192,28001,24894,57,0,0,True,ht_chantry-random-17.scen,260
260,ht_chantry.map,planner,1,32537,24894,199,192,28001,24894,56,0,1,False,ht_chantry-random-17.scen,260
260,ht_chantry.map,planner,1,30840,24894,192,192,27046,24894,99,0,1,True,ht_chantry-random-17.scen,260
260,ht_chantry.map,planner,1,32537,24894,199,192,28001,24894,54,0,10,False,ht_chantry-random-17.scen,260
260,ht_chantry.map,planner,1,31570,24894,192,192,27109,24894,238,0,10,True,ht_chantry-random-17.scen,260
260,ht_chantry.map,planner,1,32537,24894,199,192,28001,24894,54,0,100,False,ht_chantry-random-17.scen,260
260,ht_chantry.map,planner,1,30874,24894,199,192,27179,24894,1512,0,100,True,ht_chantry-random-17.scen,260
260,ht_chantry.map,planner,1,32537,24894,199,192,28001,24894,57,0,1000,False,ht_chantry-random-17.scen,260
260,ht_chantry.map,planner,1,30741,24894,192,192,27044,24894,3994,0,1000,True,ht_chantry-random-17.scen,260
300,ht_chantry.map,planner,1,38746,29154,199,192,33511,29154,68,0,0,False,ht_chantry-random-17.scen,300
300,ht_chantry.map,planner,1,38746,29154,199,192,33511,29154,70,0,0,True,ht_chantry-random-17.scen,300
300,ht_chantry.map,planner,1,38746,29154,199,192,33511,29154,69,0,1,False,ht_chantry-random-17.scen,300
300,ht_chantry.map,planner,1,36799,29154,200,192,32331,29154,128,0,1,True,ht_chantry-random-17.scen,300
300,ht_chantry.map,planner,1,38746,29154,199,192,33511,29154,67,0,10,False,ht_chantry-random-17.scen,300
300,ht_chantry.map,planner,1,37013,29154,195,192,31898,29154,404,0,10,True,ht_chantry-random-17.scen,300
300,ht_chantry.map,planner,1,38746,29154,199,192,33511,29154,68,0,100,False,ht_chantry-random-17.scen,300
300,ht_chantry.map,planner,1,36017,29154,203,192,31867,29154,1663,0,100,True,ht_chantry-random-17.scen,300
300,ht_chantry.map,planner,1,38746,29154,199,192,33511,29154,69,0,1000,False,ht_chantry-random-17.scen,300
300,ht_chantry.map,planner,1,37137,29154,223,192,32053,29154,11402,0,1000,True,ht_chantry-random-17.scen,300
340,ht_chantry.map,planner,1,44354,33049,205,198,38215,33049,94,0,0,False,ht_chantry-random-17.scen,340
340,ht_chantry.map,planner,1,44354,33049,205,198,38215,33049,93,0,0,True,ht_chantry-random-17.scen,340
340,ht_chantry.map,planner,1,44354,33049,205,198,38215,33049,90,0,1,False,ht_chantry-random-17.scen,340
340,ht_chantry.map,planner,1,42271,33049,198,198,36561,33049,142,0,1,True,ht_chantry-random-17.scen,340
340,ht_chantry.map,planner,1,44354,33049,205,198,38215,33049,91,0,10,False,ht_chantry-random-17.scen,340
340,ht_chantry.map,planner,1,42213,33049,207,198,36682,33049,604,0,10,True,ht_chantry-random-17.scen,340
340,ht_chantry.map,planner,1,44354,33049,205,198,38215,33049,92,0,100,False,ht_chantry-random-17.scen,340
340,ht_chantry.map,planner,1,42163,33049,205,198,36489,33049,3598,0,100,True,ht_chantry-random-17.scen,340
340,ht_chantry.map,planner,1,44354,33049,205,198,38215,33049,90,0,1000,False,ht_chantry-random-17.scen,340
340,ht_chantry.map,planner,1,41989,33049,198,198,36364,33049,26155,0,1000,True,ht_chantry-random-17.scen,340
380,ht_chantry.map,planner,1,50992,37019,205,198,43122,37019,92,0,0,False,ht_chantry-random-17.scen,380
380,ht_chantry.map,planner,1,50992,37019,205,198,43122,37019,95,0,0,True,ht_chantry-random-17.scen,380
380,ht_chantry.map,planner,1,50992,37019,205,198,43122,37019,91,0,1,False,ht_chantry-random-17.scen,380
380,ht_chantry.map,planner,1,48291,37019,211,198,41560,37019,162,0,1,True,ht_chantry-random-17.scen,380
380,ht_chantry.map,planner,1,50992,37019,205,198,43122,37019,91,0,10,False,ht_chantry-random-17.scen,380
380,ht_chantry.map,planner,1,48192,37019,208,198,41545,37019,664,0,10,True,ht_chantry-random-17.scen,380
380,ht_chantry.map,planner,1,50992,37019,205,198,43122,37019,90,0,100,False,ht_chantry-random-17.scen,380
380,ht_chantry.map,planner,1,47819,37019,211,198,41373,37019,5125,0,100,True,ht_chantry-random-17.scen,380
380,ht_chantry.map,planner,1,50992,37019,205,198,43122,37019,92,0,1000,False,ht_chantry-random-17.scen,380
380,ht_chantry.map,planner,1,48477,37019,206,198,41234,37019,47106,0,1000,True,ht_chantry-random-17.scen,380
20,ht_chantry.map,planner,1,1857,1744,186,186,1775,1744,4,0,0,False,ht_chantry-random-20.scen,20
20,ht_chantry.map,planner,1,1857,1744,186,186,1775,1744,3,0,0,True,ht_chantry-random-20.scen,20
20,ht_chantry.map,planner,1,1857,1744,186,186,1775,1744,3,0,1,False,ht_chantry-random-20.scen,20
20,ht_chantry.map,planner,1,1857,1744,186,186,1775,1744,3,0,1,True,ht_chantry-random-20.scen,20
20,ht_chantry.map,planner,1,1857,1744,186,186,1775,1744,3,0,10,False,ht_chantry-random-20.scen,20
20,ht_chantry.map,planner,1,1857,1744,186,186,1775,1744,3,0,10,True,ht_chantry-random-20.scen,20
20,ht_chantry.map,planner,1,1857,1744,186,186,1775,1744,3,0,100,False,ht_chantry-random-20.scen,20
20,ht_chantry.map,planner,1,1857,1744,186,186,1775,1744,4,0,100,True,ht_chantry-random-20.scen,20
20,ht_chantry.map,planner,1,1857,1744,186,186,1775,1744,4,0,1000,False,ht_chantry-random-20.scen,20
20,ht_chantry.map,planner,1,1857,1744,186,186,1775,1744,4,0,1000,True,ht_chantry-random-20.scen,20
60,ht_chantry.map,planner,1,5491,4911,186,186,5109,4911,11,0,0,False,ht_chantry-random-20.scen,60
60,ht_chantry.map,planner,1,5491,4911,186,186,5109,4911,11,0,0,True,ht_chantry-random-20.scen,60
60,ht_chantry.map,planner,1,5491,4911,186,186,5109,4911,10,0,1,False,ht_chantry-random-20.scen,60
60,ht_chantry.map,planner,1,5377,4911,186,186,5055,4911,7,0,1,True,ht_chantry-random-20.scen,60
60,ht_chantry.map,planner,1,5491,4911,186,186,5109,4911,7,0,10,False,ht_chantry-random-20.scen,60
60,ht_chantry.map,planner,1,5377,4911,186,186,5055,4911,7,0,10,True,ht_chantry-random-20.scen,60
60,ht_chantry.map,planner,1,5491,4911,186,186,5109,4911,6,0,100,False,ht_chantry-random-20.scen,60
60,ht_chantry.map,planner,1,5377,4911,186,186,5055,4911,6,0,100,True,ht_chantry-random-20.scen,60
60,ht_chantry.map,planner,1,5491,4911,186,186,5109,4911,8,0,1000,False,ht_chantry-random-20.scen,60
60,ht_chantry.map,planner,1,5377,4911,186,186,5055,4911,7,0,1000,True,ht_chantry-random-20.scen,60
100,ht_chantry.map,planner,1,10793,9182,186,186,9747,9182,13,0,0,False,ht_chantry-random-20.scen,100
100,ht_chantry.map,planner,1,10793,9182,186,186,9747,9182,14,0,0,True,ht_chantry-random-20.scen,100
100,ht_chantry.map,planner,1,10793,9182,186,186,9747,9182,19,0,1,False,ht_chantry-random-20.scen,100
100,ht_chantry.map,planner,1,10616,9182,186,186,9644,9182,20,0,1,True,ht_chantry-random-20.scen,100
100,ht_chantry.map,planner,1,10793,9182,186,186,9747,9182,20,0,10,False,ht_chantry-random-20.scen,100
100,ht_chantry.map,planner,1,10616,9182,186,186,9644,9182,19,0,10,True,ht_chantry-random-20.scen,100
100,ht_chantry.map,planner,1,10793,9182,186,186,9747,9182,20,0,100,False,ht_chantry-random-20.scen,100
100,ht_chantry.map,planner,1,10616,9182,186,186,9644,9182,19,0,100,True,ht_chantry-random-20.scen,100
100,ht_chantry.map,planner,1,10793,9182,186,186,9747,9182,21,0,1000,False,ht_chantry-random-20.scen,100
100,ht_chantry.map,planner,1,10616,9182,186,186,9644,9182,21,0,1000,True,ht_chantry-random-20.scen,100
140,ht_chantry.map,planner,1,15714,12797,186,186,13937,12797,30,0,0,False,ht_chantry-random-20.scen,140
140,ht_chantry.map,planner,1,15714,12797,186,186,13937,12797,29,0,0,True,ht_chantry-random-20.scen,140
140,ht_chantry.map,planner,1,15714,12797,186,186,13937,12797,28,0,1,False,ht_chantry-random-20.scen,140
140,ht_chantry.map,planner,1,15460,12797,186,186,13748,12797,32,0,1,True,ht_chantry-random-20.scen,140
140,ht_chantry.map,planner,1,15714,12797,186,186,13937,12797,24,0,10,False,ht_chantry-random-20.scen,140
140,ht_chantry.map,planner,1,15599,12797,186,186,13730,12797,34,0,10,True,ht_chantry-random-20.scen,140
140,ht_chantry.map,planner,1,15714,12797,186,186,13937,12797,29,0,100,False,ht_chantry-random-20.scen,140
140,ht_chantry.map,planner,1,15599,12797,186,186,13730,12797,36,0,100,True,ht_chantry-random-20.scen,140
140,ht_chantry.map,planner,1,15714,12797,186,186,13937,12797,29,0,1000,False,ht_chantry-random-20.scen,140
140,ht_chantry.map,planner,1,15599,12797,186,186,13730,12797,35,0,1000,True,ht_chantry-random-20.scen,140
180,ht_chantry.map,planner,1,20387,16360,186,186,18073,16360,35,0,0,False,ht_chantry-random-20.scen,180
180,ht_chantry.map,planner,1,20387,16360,186,186,18073,16360,37,0,0,True,ht_chantry-random-20.scen,180
180,ht_chantry.map,planner,1,20387,16360,186,186,18073,16360,36,0,1,False,ht_chantry-random-20.scen,180
180,ht_chantry.map,planner,1,20174,16360,195,186,17810,16360,60,0,1,True,ht_chantry-random-20.scen,180
180,ht_chantry.map,planner,1,20387,16360,186,186,18073,16360,36,0,10,False,ht_chantry-random-20.scen,180
180,ht_chantry.map,planner,1,20040,16360,192,186,17732,16360,113,0,10,True,ht_chantry-random-20.scen,180
180,ht_chantry.map,planner,1,20387,16360,186,186,18073,16360,26,0,100,False,ht_chantry-random-20.scen,180
180,ht_chantry.map,planner,1,20217,16360,186,186,17705,16360,101,0,100,True,ht_chantry-random-20.scen,180
180,ht_chantry.map,planner,1,20387,16360,186,186,18073,16360,37,0,1000,False,ht_chantry-random-20.scen,180
180,ht_chantry.map,planner,1,20217,16360,186,186,17705,16360,172,0,1000,True,ht_chantry-random-20.scen,180
220,ht_chantry.map,planner,1,26876,20319,186,186,22952,20319,45,0,0,False,ht_chantry-random-20.scen,220
220,ht_chantry.map,planner,1,26876,20319,186,186,22952,20319,46,0,0,True,ht_chantry-random-20.scen,220
220,ht_chantry.map,planner,1,26876,20319,186,186,22952,20319,45,0,1,False,ht_chantry-random-20.scen,220
220,ht_chantry.map,planner,1,25791,20319,187,186,22378,20319,87,0,1,True,ht_chantry-random-20.scen,220
220,ht_chantry.map,planner,1,26876,20319,186,186,22952,20319,45,0,10,False,ht_chantry-random-20.scen,220
220,ht_chantry.map,planner,1,25324,20319,186,186,22232,20319,323,0,10,True,ht_chantry-random-20.scen,220
220,ht_chantry.map,planner,1,26876,20319,186,186,22952,20319,46,0,100,False,ht_chantry-random-20.scen,220
220,ht_chantry.map,planner,1,25322,20319,188,186,22202,20319,1704,0,100,True,ht_chantry-random-20.scen,220
220,ht_chantry.map,planner,1,26876,20319,186,186,22952,20319,45,0,1000,False,ht_chantry-random-20.scen,220
220,ht_chantry.map,planner,1,25404,20319,187,186,22039,20319,5800,0,1000,True,ht_chantry-random-20.scen,220
260,ht_chantry.map,planner,1,31577,23789,196,190,27140,23789,54,0,0,False,ht_chantry-random-20.scen,260
260,ht_chantry.map,planner,1,31577,23789,196,190,27140,23789,56,0,0,True,ht_chantry-random-20.scen,260
260,ht_chantry.map,planner,1,31577,23789,196,190,27140,23789,56,0,1,False,ht_chantry-random-20.scen,260
260,ht_chantry.map,planner,1,30982,23789,190,190,26510,23789,102,0,1,True,ht_chantry-random-20.scen,260
260,ht_chantry.map,planner,1,31577,23789,196,190,27140,23789,54,0,10,False,ht_chantry-random-20.scen,260
260,ht_chantry.map,planner,1,30050,23789,193,190,26092,23789,396,0,10,True,ht_chantry-random-20.scen,260
260,ht_chantry.map,planner,1,31577,23789,196,190,27140,23789,55,0,100,False,ht_chantry-random-20.scen,260
260,ht_chantry.map,planner,1,30547,23789,196,190,26096,23789,2354,0,100,True,ht_chantry-random-20.scen,260
260,ht_chantry.map,planner,1,31577,23789,196,190,27140,23789,55,0,1000,False,ht_chantry-random-20.scen,260
260,ht_chantry.map,planner,1,30223,23789,193,190,25987,23789,12922,0,1000,True,ht_chantry-random-20.scen,260
300,ht_chantry.map,planner,1,37322,27716,195,190,31877,27716,64,0,0,False,ht_chantry-random-20.scen,300
300,ht_chantry.map,planner,1,37322,27716,195,190,31877,27716,65,0,0,True,ht_chantry-random-20.scen,300
300,ht_chantry.map,planner,1,37322,27716,195,190,31877,27716,63,0,1,False,ht_chantry-random-20.scen,300
300,ht_chantry.map,planner,1,36642,27716,194,190,31267,27716,132,0,1,True,ht_chantry-random-20.scen,300
300,ht_chantry.map,planner,1,37322,27716,195,190,31877,27716,57,0,10,False,ht_chantry-random-20.scen,300
300,ht_chantry.map,planner,1,36070,27716,192,190,30823,27716,469,0,10,True,ht_chantry-random-20.scen,300
300,ht_chantry.map,planner,1,37322,27716,195,190,31877,27716,62,0,100,False,ht_chantry-random-20.scen,300
300,ht_chantry.map,planner,1,36470,27716,192,190,30898,27716,3688,0,100,True,ht_chantry-random-20.scen,300
300,ht_chantry.map,planner,1,37322,27716,195,190,31877,27716,64,0,1000,False,ht_chantry-random-20.scen,300
300,ht_chantry.map,planner,1,36091,27716,190,190,30760,27716,34099,0,1000,True,ht_chantry-random-20.scen,300
340,ht_chantry.map,planner,1,42516,31126,197,190,36442,31126,72,0,0,False,ht_chantry-random-20.scen,340
340,ht_chantry.map,planner,1,42516,31126,197,190,36442,31126,75,0,0,True,ht_chantry-random-20.scen,340
340,ht_chantry.map,planner,1,42516,31126,197,190,36442,31126,71,0,1,False,ht_chantry-random-20.scen,340
340,ht_chantry.map,planner,1,41872,31126,199,190,35221,31126,145,0,1,True,ht_chantry-random-20.scen,340
340,ht_chantry.map,planner,1,42516,31126,197,190,36442,31126,71,0,10,False,ht_chantry-random-20.scen,340
340,ht_chantry.map,planner,1,41540,31126,219,190,35344,31126,599,0,10,True,ht_chantry-random-20.scen,340
340,ht_chantry.map,planner,1,42516,31126,197,190,36442,31126,71,0,100,False,ht_chantry-random-20.scen,340
340,ht_chantry.map,planner,1,40645,31126,204,190,34979,31126,4090,0,100,True,ht_chantry-random-20.scen,340
340,ht_chantry.map,planner,1,42516,31126,197,190,36442,31126,76,0,1000,False,ht_chantry-random-20.scen,340
340,ht_chantry.map,planner,1,41199,31126,194,190,34901,31126,37231,0,1000,True,ht_chantry-random-20.scen,340
380,ht_chantry.map,planner,1,49248,34782,198,198,41273,34782,81,0,0,False,ht_chantry-random-20.scen,380
380,ht_chantry.map,planner,1,49248,34782,198,198,41273,34782,82,0,0,True,ht_chantry-random-20.scen,380
380,ht_chantry.map,planner,1,49248,34782,198,198,41273,34782,80,0,1,False,ht_chantry-random-20.scen,380
380,ht_chantry.map,planner,1,47409,34782,202,198,39677,34782,163,0,1,True,ht_chantry-random-20.scen,380
380,ht_chantry.map,planner,1,49248,34782,198,198,41273,34782,81,0,10,False,ht_chantry-random-20.scen,380
380,ht_chantry.map,planner,1,47484,34782,200,198,39664,34782,660,0,10,True,ht_chantry-random-20.scen,380
380,ht_chantry.map,planner,1,49248,34782,198,198,41273,34782,81,0,100,False,ht_chantry-random-20.scen,380
380,ht_chantry.map,planner,1,46647,34782,199,198,39451,34782,5244,0,100,True,ht_chantry-random-20.scen,380
380,ht_chantry.map,planner,1,49248,34782,198,198,41273,34782,80,0,1000,False,ht_chantry-random-20.scen,380
380,ht_chantry.map,planner,1,46925,34782,201,198,39482,34782,44371,0,1000,True,ht_chantry-random-20.scen,380
20,ht_chantry.map,planner,1,1792,1745,177,177,1752,1745,2,0,0,False,ht_chantry-random-15.scen,20
20,ht_chantry.map,planner,1,1792,1745,177,177,1752,1745,3,0,0,True,ht_chantry-random-15.scen,20
20,ht_chantry.map,planner,1,1792,1745,177,177,1752,1745,4,0,1,False,ht_chantry-random-15.scen,20
20,ht_chantry.map,planner,1,1792,1745,177,177,1752,1745,4,0,1,True,ht_chantry-random-15.scen,20
20,ht_chantry.map,planner,1,1792,1745,177,177,1752,1745,4,0,10,False,ht_chantry-random-15.scen,20
20,ht_chantry.map,planner,1,1792,1745,177,177,1752,1745,4,0,10,True,ht_chantry-random-15.scen,20
20,ht_chantry.map,planner,1,1792,1745,177,177,1752,1745,5,0,100,False,ht_chantry-random-15.scen,20
20,ht_chantry.map,planner,1,1792,1745,177,177,1752,1745,4,0,100,True,ht_chantry-random-15.scen,20
20,ht_chantry.map,planner,1,1792,1745,177,177,1752,1745,5,0,1000,False,ht_chantry-random-15.scen,20
20,ht_chantry.map,planner,1,1792,1745,177,177,1752,1745,4,0,1000,True,ht_chantry-random-15.scen,20
60,ht_chantry.map,planner,1,6233,5416,184,177,5561,5416,9,0,0,False,ht_chantry-random-15.scen,60
60,ht_chantry.map,planner,1,6233,5416,184,177,5561,5416,8,0,0,True,ht_chantry-random-15.scen,60
60,ht_chantry.map,planner,1,6233,5416,184,177,5561,5416,8,0,1,False,ht_chantry-random-15.scen,60
60,ht_chantry.map,planner,1,6239,5416,186,177,5588,5416,7,0,1,True,ht_chantry-random-15.scen,60
60,ht_chantry.map,planner,1,6233,5416,184,177,5561,5416,7,0,10,False,ht_chantry-random-15.scen,60
60,ht_chantry.map,planner,1,6239,5416,186,177,5588,5416,7,0,10,True,ht_chantry-random-15.scen,60
60,ht_chantry.map,planner,1,6233,5416,184,177,5561,5416,8,0,100,False,ht_chantry-random-15.scen,60
60,ht_chantry.map,planner,1,6239,5416,186,177,5588,5416,7,0,100,True,ht_chantry-random-15.scen,60
60,ht_chantry.map,planner,1,6233,5416,184,177,5561,5416,7,0,1000,False,ht_chantry-random-15.scen,60
60,ht_chantry.map,planner,1,6239,5416,186,177,5588,5416,7,0,1000,True,ht_chantry-random-15.scen,60
100,ht_chantry.map,planner,1,10901,8999,189,182,9502,8999,13,0,0,False,ht_chantry-random-15.scen,100
100,ht_chantry.map,planner,1,10901,8999,189,182,9502,8999,13,0,0,True,ht_chantry-random-15.scen,100
100,ht_chantry.map,planner,1,10901,8999,189,182,9502,8999,14,0,1,False,ht_chantry-random-15.scen,100
100,ht_chantry.map,planner,1,10405,8999,182,182,9447,8999,13,0,1,True,ht_chantry-random-15.scen,100
100,ht_chantry.map,planner,1,10901,8999,189,182,9502,8999,13,0,10,False,ht_chantry-random-15.scen,100
100,ht_chantry.map,planner,1,10405,8999,182,182,9447,8999,13,0,10,True,ht_chantry-random-15.scen,100
100,ht_chantry.map,planner,1,10901,8999,189,182,9502,8999,14,0,100,False,ht_chantry-random-15.scen,100
100,ht_chantry.map,planner,1,10405,8999,182,182,9447,8999,13,0,100,True,ht_chantry-random-15.scen,100
100,ht_chantry.map,planner,1,10901,8999,189,182,9502,8999,13,0,1000,False,ht_chantry-random-15.scen,100
100,ht_chantry.map,planner,1,10405,8999,182,182,9447,8999,13,0,1000,True,ht_chantry-random-15.scen,100
140,ht_chantry.map,planner,1,16061,13247,185,185,14187,13247,21,0,0,False,ht_chantry-random-15.scen,140
140,ht_chantry.map,planner,1,16061,13247,185,185,14187,13247,21,0,0,True,ht_chantry-random-15.scen,140
140,ht_chantry.map,planner,1,16061,13247,185,185,14187,13247,21,0,1,False,ht_chantry-random-15.scen,140
140,ht_chantry.map,planner,1,15703,13247,195,185,14068,13247,30,0,1,True,ht_chantry-random-15.scen,140
140,ht_chantry.map,planner,1,16061,13247,185,185,14187,13247,20,0,10,False,ht_chantry-random-15.scen,140
140,ht_chantry.map,planner,1,15703,13247,195,185,14068,13247,32,0,10,True,ht_chantry-random-15.scen,140
140,ht_chantry.map,planner,1,16061,13247,185,185,14187,13247,28,0,100,False,ht_chantry-random-15.scen,140
140,ht_chantry.map,planner,1,15703,13247,195,185,14068,13247,31,0,100,True,ht_chantry-random-15.scen,140
140,ht_chantry.map,planner,1,16061,13247,185,185,14187,13247,30,0,1000,False,ht_chantry-random-15.scen,140
140,ht_chantry.map,planner,1,15703,13247,195,185,14068,13247,32,0,1000,True,ht_chantry-random-15.scen,140
180,ht_chantry.map,planner,1,21610,17241,189,189,18943,17241,39,0,0,False,ht_chantry-random-15.scen,180
180,ht_chantry.map,planner,1,21610,17241,189,189,18943,17241,39,0,0,True,ht_chantry-random-15.scen,180
180,ht_chantry.map,planner,1,21610,17241,189,189,18943,17241,39,0,1,False,ht_chantry-random-15.scen,180
180,ht_chantry.map,planner,1,21475,17241,225,189,18586,17241,51,0,1,True,ht_chantry-random-15.scen,180
180,ht_chantry.map,planner,1,21610,17241,189,189,18943,17241,39,0,10,False,ht_chantry-random-15.scen,180
180,ht_chantry.map,planner,1,20719,17241,192,189,18461,17241,67,0,10,True,ht_chantry-random-15.scen,180
180,ht_chantry.map,planner,1,21610,17241,189,189,18943,17241,39,0,100,False,ht_chantry-random-15.scen,180
180,ht_chantry.map,planner,1,20990,17241,194,189,18525,17241,83,0,100,True,ht_chantry-random-15.scen,180
180,ht_chantry.map,planner,1,21610,17241,189,189,18943,17241,38,0,1000,False,ht_chantry-random-15.scen,180
180,ht_chantry.map,planner,1,20990,17241,194,189,18525,17241,83,0,1000,True,ht_chantry-random-15.scen,180
220,ht_chantry.map,planner,1,27217,21110,189,189,23365,21110,46,0,0,False,ht_chantry-random-15.scen,220
220,ht_chantry.map,planner,1,27217,21110,189,189,23365,21110,47,0,0,True,ht_chantry-random-15.scen,220
220,ht_chantry.map,planner,1,27217,21110,189,189,23365,21110,47,0,1,False,ht_chantry-random-15.scen,220
220,ht_chantry.map,planner,1,26683,21110,194,189,22772,21110,81,0,1,True,ht_chantry-random-15.scen,220
220,ht_chantry.map,planner,1,27217,21110,189,189,23365,21110,47,0,10,False,ht_chantry-random-15.scen,220
220,ht_chantry.map,planner,1,26413,21110,200,189,22735,21110,178,0,10,True,ht_chantry-random-15.scen,220
220,ht_chantry.map,planner,1,27217,21110,189,189,23365,21110,46,0,100,False,ht_chantry-random-15.scen,220
220,ht_chantry.map,planner,1,26419,21110,196,189,22822,21110,912,0,100,True,ht_chantry-random-15.scen,220
220,ht_chantry.map,planner,1,27217,21110,189,189,23365,21110,46,0,1000,False,ht_chantry-random-15.scen,220
220,ht_chantry.map,planner,1,26285,21110,197,189,22714,21110,3686,0,1000,True,ht_chantry-random-15.scen,220
260,ht_chantry.map,planner,1,32502,24599,201,189,27856,24599,57,0,0,False,ht_chantry-random-15.scen,260
260,ht_chantry.map,planner,1,32502,24599,201,189,27856,24599,57,0,0,True,ht_chantry-random-15.scen,260
260,ht_chantry.map,planner,1,32502,24599,201,189,27856,24599,54,0,1,False,ht_chantry-random-15.scen,260
260,ht_chantry.map,planner,1,31540,24599,198,189,26843,24599,110,0,1,True,ht_chantry-random-15.scen,260
260,ht_chantry.map,planner,1,32502,24599,201,189,27856,24599,56,0,10,False,ht_chantry-random-15.scen,260
260,ht_chantry.map,planner,1,31117,24599,201,189,26642,24599,337,0,10,True,ht_chantry-random-15.scen,260
260,ht_chantry.map,planner,1,32502,24599,201,189,27856,24599,56,0,100,False,ht_chantry-random-15.scen,260
260,ht_chantry.map,planner,1,31168,24599,195,189,26822,24599,2003,0,100,True,ht_chantry-random-15.scen,260
260,ht_chantry.map,planner,1,32502,24599,201,189,27856,24599,56,0,1000,False,ht_chantry-random-15.scen,260
260,ht_chantry.map,planner,1,31101,24599,193,189,26692,24599,10037,0,1000,True,ht_chantry-random-15.scen,260
300,ht_chantry.map,planner,1,37938,28254,196,189,32168,28254,53,0,0,False,ht_chantry-random-15.scen,300
300,ht_chantry.map,planner,1,37938,28254,196,189,32168,28254,49,0,0,True,ht_chantry-random-15.scen,300
300,ht_chantry.map,planner,1,37938,28254,196,189,32168,28254,47,0,1,False,ht_chantry-random-15.scen,300
300,ht_chantry.map,planner,1,36580,28254,209,189,31190,28254,106,0,1,True,ht_chantry-random-15.scen,300
300,ht_chantry.map,planner,1,37938,28254,196,189,32168,28254,46,0,10,False,ht_chantry-random-15.scen,300
300,ht_chantry.map,planner,1,36431,28254,212,189,31003,28254,499,0,10,True,ht_chantry-random-15.scen,300
300,ht_chantry.map,planner,1,37938,28254,196,189,32168,28254,48,0,100,False,ht_chantry-random-15.scen,300
300,ht_chantry.map,planner,1,36417,28254,214,189,30880,28254,2860,0,100,True,ht_chantry-random-15.scen,300
300,ht_chantry.map,planner,1,37938,28254,196,189,32168,28254,47,0,1000,False,ht_chantry-random-15.scen,300
300,ht_chantry.map,planner,1,36530,28254,209,189,30896,28254,26368,0,1000,True,ht_chantry-random-15.scen,300
340,ht_chantry.map,planner,1,44628,32325,204,189,37609,32325,76,0,0,False,ht_chantry-random-15.scen,340
340,ht_chantry.map,planner,1,44628,32325,204,189,37609,32325,76,0,0,True,ht_chantry-random-15.scen,340
340,ht_chantry.map,planner,1,44628,32325,204,189,37609,32325,76,0,1,False,ht_chantry-random-15.scen,340
340,ht_chantry.map,planner,1,42635,32325,198,189,36247,32325,144,0,1,True,ht_chantry-random-15.scen,340
340,ht_chantry.map,planner,1,44628,32325,204,189,37609,32325,74,0,10,False,ht_chantry-random-15.scen,340
340,ht_chantry.map,planner,1,42895,32325,192,189,36179,32325,604,0,10,True,ht_chantry-random-15.scen,340
340,ht_chantry.map,planner,1,44628,32325,204,189,37609,32325,68,0,100,False,ht_chantry-random-15.scen,340
340,ht_chantry.map,planner,1,42191,32325,210,189,35938,32325,4605,0,100,True,ht_chantry-random-15.scen,340
340,ht_chantry.map,planner,1,44628,32325,204,189,37609,32325,83,0,1000,False,ht_chantry-random-15.scen,340
340,ht_chantry.map,planner,1,42198,32325,197,189,36037,32325,39842,0,1000,True,ht_chantry-random-15.scen,340
380,ht_chantry.map,planner,1,51332,36491,201,189,43413,36491,88,0,0,False,ht_chantry-random-15.scen,380
380,ht_chantry.map,planner,1,51332,36491,201,189,43413,36491,87,0,0,True,ht_chantry-random-15.scen,380
380,ht_chantry.map,planner,1,51332,36491,201,189,43413,36491,85,0,1,False,ht_chantry-random-15.scen,380
380,ht_chantry.map,planner,1,49322,36491,207,189,41837,36491,175,0,1,True,ht_chantry-random-15.scen,380
380,ht_chantry.map,planner,1,51332,36491,201,189,43413,36491,83,0,10,False,ht_chantry-random-15.scen,380
380,ht_chantry.map,planner,1,48439,36491,202,189,41457,36491,787,0,10,True,ht_chantry-random-15.scen,380
380,ht_chantry.map,planner,1,51332,36491,201,189,43413,36491,85,0,100,False,ht_chantry-random-15.scen,380
380,ht_chantry.map,planner,1,48290,36491,201,189,41123,36491,5414,0,100,True,ht_chantry-random-15.scen,380
380,ht_chantry.map,planner,1,51332,36491,201,189,43413,36491,86,0,1000,False,ht_chantry-random-15.scen,380
20,ht_chantry.map,planner,1,2175,2055,197,197,2096,2055,5,0,0,False,ht_chantry-random-22.scen,20
20,ht_chantry.map,planner,1,2175,2055,197,197,2096,2055,5,0,0,True,ht_chantry-random-22.scen,20
20,ht_chantry.map,planner,1,2175,2055,197,197,2096,2055,4,0,1,False,ht_chantry-random-22.scen,20
20,ht_chantry.map,planner,1,2175,2055,197,197,2096,2055,4,0,1,True,ht_chantry-random-22.scen,20
20,ht_chantry.map,planner,1,2175,2055,197,197,2096,2055,4,0,10,False,ht_chantry-random-22.scen,20
20,ht_chantry.map,planner,1,2175,2055,197,197,2096,2055,4,0,10,True,ht_chantry-random-22.scen,20
20,ht_chantry.map,planner,1,2175,2055,197,197,2096,2055,4,0,100,False,ht_chantry-random-22.scen,20
20,ht_chantry.map,planner,1,2175,2055,197,197,2096,2055,5,0,100,True,ht_chantry-random-22.scen,20
20,ht_chantry.map,planner,1,2175,2055,197,197,2096,2055,4,0,1000,False,ht_chantry-random-22.scen,20
20,ht_chantry.map,planner,1,2175,2055,197,197,2096,2055,4,0,1000,True,ht_chantry-random-22.scen,20
60,ht_chantry.map,planner,1,6781,6091,197,197,6327,6091,13,0,0,False,ht_chantry-random-22.scen,60
60,ht_chantry.map,planner,1,6781,6091,197,197,6327,6091,13,0,0,True,ht_chantry-random-22.scen,60
60,ht_chantry.map,planner,1,6781,6091,197,197,6327,6091,13,0,1,False,ht_chantry-random-22.scen,60
60,ht_chantry.map,planner,1,6680,6091,197,197,6305,6091,13,0,1,True,ht_chantry-random-22.scen,60
60,ht_chantry.map,planner,1,6781,6091,197,197,6327,6091,12,0,10,False,ht_chantry-random-22.scen,60
60,ht_chantry.map,planner,1,6680,6091,197,197,6305,6091,13,0,10,True,ht_chantry-random-22.scen,60
60,ht_chantry.map,planner,1,6781,6091,197,197,6327,6091,13,0,100,False,ht_chantry-random-22.scen,60
60,ht_chantry.map,planner,1,6680,6091,197,197,6305,6091,13,0,100,True,ht_chantry-random-22.scen,60
60,ht_chantry.map,planner,1,6781,6091,197,197,6327,6091,12,0,1000,False,ht_chantry-random-22.scen,60
60,ht_chantry.map,planner,1,6680,6091,197,197,6305,6091,14,0,1000,True,ht_chantry-random-22.scen,60
100,ht_chantry.map,planner,1,11626,9727,198,198,10381,9727,21,0,0,False,ht_chantry-random-22.scen,100
100,ht_chantry.map,planner,1,11626,9727,198,198,10381,9727,22,0,0,True,ht_chantry-random-22.scen,100
100,ht_chantry.map,planner,1,11626,9727,198,198,10381,9727,21,0,1,False,ht_chantry-random-22.scen,100
100,ht_chantry.map,planner,1,11660,9727,203,198,10332,9727,23,0,1,True,ht_chantry-random-22.scen,100
100,ht_chantry.map,planner,1,11626,9727,198,198,10381,9727,22,0,10,False,ht_chantry-random-22.scen,100
100,ht_chantry.map,planner,1,11660,9727,203,198,10332,9727,23,0,10,True,ht_chantry-random-22.scen,100
100,ht_chantry.map,planner,1,11626,9727,198,198,10381,9727,21,0,100,False,ht_chantry-random-22.scen,100
100,ht_chantry.map,planner,1,11660,9727,203,198,10332,9727,22,0,100,True,ht_chantry-random-22.scen,100
100,ht_chantry.map,planner,1,11626,9727,198,198,10381,9727,20,0,1000,False,ht_chantry-random-22.scen,100
100,ht_chantry.map,planner,1,11660,9727,203,198,10332,9727,22,0,1000,True,ht_chantry-random-22.scen,100
140,ht_chantry.map,planner,1,16836,13649,198,198,14879,13649,30,0,0,False,ht_chantry-random-22.scen,140
140,ht_chantry.map,planner,1,16836,13649,198,198,14879,13649,31,0,0,True,ht_chantry-random-22.scen,140
140,ht_chantry.map,planner,1,16836,13649,198,198,14879,13649,31,0,1,False,ht_chantry-random-22.scen,140
140,ht_chantry.map,planner,1,16229,13649,205,198,14596,13649,38,0,1,True,ht_chantry-random-22.scen,140
140,ht_chantry.map,planner,1,16836,13649,198,198,14879,13649,30,0,10,False,ht_chantry-random-22.scen,140
140,ht_chantry.map,planner,1,16669,13649,202,198,14705,13649,41,0,10,True,ht_chantry-random-22.scen,140
140,ht_chantry.map,planner,1,16836,13649,198,198,14879,13649,30,0,100,False,ht_chantry-random-22.scen,140
140,ht_chantry.map,planner,1,16669,13649,202,198,14705,13649,42,0,100,True,ht_chantry-random-22.scen,140
140,ht_chantry.map,planner,1,16836,13649,198,198,14879,13649,31,0,1000,False,ht_chantry-random-22.scen,140
140,ht_chantry.map,planner,1,16669,13649,202,198,14705,13649,43,0,1000,True,ht_chantry-random-22.scen,140
180,ht_chantry.map,planner,1,21790,17534,198,198,19461,17534,40,0,0,False,ht_chantry-random-22.scen,180
180,ht_chantry.map,planner,1,21790,17534,198,198,19461,17534,40,0,0,True,ht_chantry-random-22.scen,180
180,ht_chantry.map,planner,1,21790,17534,198,198,19461,17534,39,0,1,False,ht_chantry-random-22.scen,180
180,ht_chantry.map,planner,1,21072,17534,202,198,19027,17534,66,0,1,True,ht_chantry-random-22.scen,180
180,ht_chantry.map,planner,1,21790,17534,198,198,19461,17534,39,0,10,False,ht_chantry-random-22.scen,180
180,ht_chantry.map,planner,1,21491,17534,202,198,19104,17534,142,0,10,True,ht_chantry-random-22.scen,180
180,ht_chantry.map,planner,1,21790,17534,198,198,19461,17534,39,0,100,False,ht_chantry-random-22.scen,180
180,ht_chantry.map,planner,1,21301,17534,202,198,19056,17534,192,0,100,True,ht_chantry-random-22.scen,180
180,ht_chantry.map,planner,1,21790,17534,198,198,19461,17534,39,0,1000,False,ht_chantry-random-22.scen,180
180,ht_chantry.map,planner,1,21233,17534,202,198,18996,17534,343,0,1000,True,ht_chantry-random-22.scen,180
220,ht_chantry.map,planner,1,27197,21291,208,198,23687,21291,48,0,0,False,ht_chantry-random-22.scen,220
220,ht_chantry.map,planner,1,27197,21291,208,198,23687,21291,50,0,0,True,ht_chantry-random-22.scen,220
220,ht_chantry.map,planner,1,27197,21291,208,198,23687,21291,48,0,1,False,ht_chantry-random-22.scen,220
220,ht_chantry.map,planner,1,25853,21291,200,198,23042,21291,73,0,1,True,ht_chantry-random-22.scen,220
220,ht_chantry.map,planner,1,27197,21291,208,198,23687,21291,47,0,10,False,ht_chantry-random-22.scen,220
220,ht_chantry.map,planner,1,26145,21291,205,198,22996,21291,199,0,10,True,ht_chantry-random-22.scen,220
220,ht_chantry.map,planner,1,27197,21291,208,198,23687,21291,48,0,100,False,ht_chantry-random-22.scen,220
220,ht_chantry.map,planner,1,26037,21291,201,198,23091,21291,785,0,100,True,ht_chantry-random-22.scen,220
220,ht_chantry.map,planner,1,27197,21291,208,198,23687,21291,47,0,1000,False,ht_chantry-random-22.scen,220
220,ht_chantry.map,planner,1,26062,21291,203,198,22958,21291,3625,0,1000,True,ht_chantry-random-22.scen,220
260,ht_chantry.map,planner,1,32429,24670,214,200,27910,24670,57,0,0,False,ht_chantry-random-22.scen,260
260,ht_chantry.map,planner,1,32429,24670,214,200,27910,24670,58,0,0,True,ht_chantry-random-22.scen,260
260,ht_chantry.map,planner,1,32429,24670,214,200,27910,24670,57,0,1,False,ht_chantry-random-22.scen,260
260,ht_chantry.map,planner,1,31375,24670,202,200,27107,24670,105,0,1,True,ht_chantry-random-22.scen,260
260,ht_chantry.map,planner,1,32429,24670,214,200,27910,24670,56,0,10,False,ht_chantry-random-22.scen,260
260,ht_chantry.map,planner,1,31076,24670,209,200,27090,24670,371,0,10,True,ht_chantry-random-22.scen,260
260,ht_chantry.map,planner,1,32429,24670,214,200,27910,24670,57,0,100,False,ht_chantry-random-22.scen,260
260,ht_chantry.map,planner,1,31296,24670,207,200,27064,24670,2149,0,100,True,ht_chantry-random-22.scen,260
260,ht_chantry.map,planner,1,32429,24670,214,200,27910,24670,57,0,1000,False,ht_chantry-random-22.scen,260
260,ht_chantry.map,planner,1,30947,24670,205,200,27014,24670,14987,0,1000,True,ht_chantry-random-22.scen,260
300,ht_chantry.map,planner,1,37832,28205,211,210,32666,28205,74,0,0,False,ht_chantry-random-22.scen,300
300,ht_chantry.map,planner,1,37832,28205,211,210,32666,28205,69,0,0,True,ht_chantry-random-22.scen,300
300,ht_chantry.map,planner,1,37832,28205,211,210,32666,28205,67,0,1,False,ht_chantry-random-22.scen,300
300,ht_chantry.map,planner,1,37410,28205,232,210,31922,28205,140,0,1,True,ht_chantry-random-22.scen,300
300,ht_chantry.map,planner,1,37832,28205,211,210,32666,28205,65,0,10,False,ht_chantry-random-22.scen,300
300,ht_chantry.map,planner,1,36034,28205,219,210,31428,28205,515,0,10,True,ht_chantry-random-22.scen,300
300,ht_chantry.map,planner,1,37832,28205,211,210,32666,28205,66,0,100,False,ht_chantry-random-22.scen,300
300,ht_chantry.map,planner,1,35915,28205,230,210,31157,28205,3158,0,100,True,ht_chantry-random-22.scen,300
300,ht_chantry.map,planner,1,37832,28205,211,210,32666,28205,67,0,1000,False,ht_chantry-random-22.scen,300
300,ht_chantry.map,planner,1,36551,28205,213,210,31279,28205,25411,0,1000,True,ht_chantry-random-22.scen,300
340,ht_chantry.map,planner,1,44466,32015,210,210,37465,32015,75,0,0,False,ht_chantry-random-22.scen,340
340,ht_chantry.map,planner,1,44466,32015,210,210,37465,32015,77,0,0,True,ht_chantry-random-22.scen,340
340,ht_chantry.map,planner,1,44466,32015,210,210,37465,32015,76,0,1,False,ht_chantry-random-22.scen,340
340,ht_chantry.map,planner,1,43100,32015,212,210,36479,32015,156,0,1,True,ht_chantry-random-22.scen,340
340,ht_chantry.map,planner,1,44466,32015,210,210,37465,32015,76,0,10,False,ht_chantry-random-22.scen,340
340,ht_chantry.map,planner,1,42448,32015,212,210,35944,32015,656,0,10,True,ht_chantry-random-22.scen,340
340,ht_chantry.map,planner,1,44466,32015,210,210,37465,32015,75,0,100,False,ht_chantry-random-22.scen,340
340,ht_chantry.map,planner,1,42202,32015,216,210,35885,32015,4341,0,100,True,ht_chantry-random-22.scen,340
340,ht_chantry.map,planner,1,44466,32015,210,210,37465,32015,76,0,1000,False,ht_chantry-random-22.scen,340
340,ht_chantry.map,planner,1,41765,32015,231,210,35598,32015,32338,0,1000,True,ht_chantry-random-22.scen,340
380,ht_chantry.map,planner,1,50635,35643,210,210,42198,35643,82,0,0,False,ht_chantry-random-22.scen,380
380,ht_chantry.map,planner,1,50635,35643,210,210,42198,35643,87,0,0,True,ht_chantry-random-22.scen,380
380,ht_chantry.map,planner,1,50635,35643,210,210,42198,35643,84,0,1,False,ht_chantry-random-22.scen,380
380,ht_chantry.map,planner,1,48198,35643,210,210,40854,35643,176,0,1,True,ht_chantry-random-22.scen,380
380,ht_chantry.map,planner,1,50635,35643,210,210,42198,35643,83,0,10,False,ht_chantry-random-22.scen,380
380,ht_chantry.map,planner,1,48301,35643,220,210,40624,35643,787,0,10,True,ht_chantry-random-22.scen,380
380,ht_chantry.map,planner,1,50635,35643,210,210,42198,35643,84,0,100,False,ht_chantry-random-22.scen,380
380,ht_chantry.map,planner,1,47632,35643,227,210,40708,35643,5826,0,100,True,ht_chantry-random-22.scen,380
380,ht_chantry.map,planner,1,50635,35643,210,210,42198,35643,84,0,1000,False,ht_chantry-random-22.scen,380
380,ht_chantry.map,planner,1,47349,35643,218,210,40121,35643,46958,0,1000,True,ht_chantry-random-22.scen,380
