agents,map_file,solver,solved,soc,soc_lb,makespan,makespan_lb,sum_of_loss,sum_of_loss_lb,comp_time,seed,Opti_Deadline,Bool_Opti,Scenario_File,N
20,warehouse-10-20-10-2-1.map,planner,1,1705,1542,175,175,1652,1542,3,0,0,False,warehouse-10-20-10-2-1-random-16.scen,20
20,warehouse-10-20-10-2-1.map,planner,1,1705,1542,175,175,1652,1542,3,0,0,True,warehouse-10-20-10-2-1-random-16.scen,20
20,warehouse-10-20-10-2-1.map,planner,1,1705,1542,175,175,1652,1542,3,0,1,False,warehouse-10-20-10-2-1-random-16.scen,20
20,warehouse-10-20-10-2-1.map,planner,1,1705,1542,175,175,1652,1542,3,0,1,True,warehouse-10-20-10-2-1-random-16.scen,20
20,warehouse-10-20-10-2-1.map,planner,1,1705,1542,175,175,1652,1542,4,0,10,False,warehouse-10-20-10-2-1-random-16.scen,20
20,warehouse-10-20-10-2-1.map,planner,1,1705,1542,175,175,1652,1542,3,0,10,True,warehouse-10-20-10-2-1-random-16.scen,20
20,warehouse-10-20-10-2-1.map,planner,1,1705,1542,175,175,1652,1542,3,0,100,False,warehouse-10-20-10-2-1-random-16.scen,20
20,warehouse-10-20-10-2-1.map,planner,1,1705,1542,175,175,1652,1542,3,0,100,True,warehouse-10-20-10-2-1-random-16.scen,20
20,warehouse-10-20-10-2-1.map,planner,1,1705,1542,175,175,1652,1542,3,0,1000,False,warehouse-10-20-10-2-1-random-16.scen,20
20,warehouse-10-20-10-2-1.map,planner,1,1705,1542,175,175,1652,1542,3,0,1000,True,warehouse-10-20-10-2-1-random-16.scen,20
60,warehouse-10-20-10-2-1.map,planner,1,6617,5554,194,194,6138,5554,9,0,0,False,warehouse-10-20-10-2-1-random-16.scen,60
60,warehouse-10-20-10-2-1.map,planner,1,6617,5554,194,194,6138,5554,9,0,0,True,warehouse-10-20-10-2-1-random-16.scen,60
60,warehouse-10-20-10-2-1.map,planner,1,6617,5554,194,194,6138,5554,10,0,1,False,warehouse-10-20-10-2-1-random-16.scen,60
60,warehouse-10-20-10-2-1.map,planner,1,7031,5554,194,194,6288,5554,10,0,1,True,warehouse-10-20-10-2-1-random-16.scen,60
60,warehouse-10-20-10-2-1.map,planner,1,6617,5554,194,194,6138,5554,10,0,10,False,warehouse-10-20-10-2-1-random-16.scen,60
60,warehouse-10-20-10-2-1.map,planner,1,7031,5554,194,194,6288,5554,10,0,10,True,warehouse-10-20-10-2-1-random-16.scen,60
60,warehouse-10-20-10-2-1.map,planner,1,6617,5554,194,194,6138,5554,9,0,100,False,warehouse-10-20-10-2-1-random-16.scen,60
60,warehouse-10-20-10-2-1.map,planner,1,7031,5554,194,194,6288,5554,10,0,100,True,warehouse-10-20-10-2-1-random-16.scen,60
60,warehouse-10-20-10-2-1.map,planner,1,6617,5554,194,194,6138,5554,10,0,1000,False,warehouse-10-20-10-2-1-random-16.scen,60
60,warehouse-10-20-10-2-1.map,planner,1,7031,5554,194,194,6288,5554,9,0,1000,True,warehouse-10-20-10-2-1-random-16.scen,60
100,warehouse-10-20-10-2-1.map,planner,1,11936,8918,239,194,10688,8918,1079,0,0,False,warehouse-10-20-10-2-1-random-16.scen,100
100,warehouse-10-20-10-2-1.map,planner,1,11936,8918,239,194,10688,8918,1098,0,0,True,warehouse-10-20-10-2-1-random-16.scen,100
100,warehouse-10-20-10-2-1.map,planner,1,11936,8918,239,194,10688,8918,1144,0,1,False,warehouse-10-20-10-2-1-random-16.scen,100
100,warehouse-10-20-10-2-1.map,planner,1,13191,8918,264,194,11257,8918,22,0,1,True,warehouse-10-20-10-2-1-random-16.scen,100
100,warehouse-10-20-10-2-1.map,planner,1,11936,8918,239,194,10688,8918,1133,0,10,False,warehouse-10-20-10-2-1-random-16.scen,100
100,warehouse-10-20-10-2-1.map,planner,1,13191,8918,264,194,11257,8918,19,0,10,True,warehouse-10-20-10-2-1-random-16.scen,100
100,warehouse-10-20-10-2-1.map,planner,1,11936,8918,239,194,10688,8918,1080,0,100,False,warehouse-10-20-10-2-1-random-16.scen,100
100,warehouse-10-20-10-2-1.map,planner,1,13191,8918,264,194,11257,8918,21,0,100,True,warehouse-10-20-10-2-1-random-16.scen,100
100,warehouse-10-20-10-2-1.map,planner,1,11936,8918,239,194,10688,8918,908,0,1000,False,warehouse-10-20-10-2-1-random-16.scen,100
100,warehouse-10-20-10-2-1.map,planner,1,13191,8918,264,194,11257,8918,14,0,1000,True,warehouse-10-20-10-2-1-random-16.scen,100
140,warehouse-10-20-10-2-1.map,planner,1,18098,11786,334,194,15585,11786,1756,0,0,False,warehouse-10-20-10-2-1-random-16.scen,140
140,warehouse-10-20-10-2-1.map,planner,1,18098,11786,334,194,15585,11786,1722,0,0,True,warehouse-10-20-10-2-1-random-16.scen,140
140,warehouse-10-20-10-2-1.map,planner,1,18098,11786,334,194,15585,11786,2016,0,1,False,warehouse-10-20-10-2-1-random-16.scen,140
140,warehouse-10-20-10-2-1.map,planner,1,31240,11786,925,194,23246,11786,1609,0,1,True,warehouse-10-20-10-2-1-random-16.scen,140
140,warehouse-10-20-10-2-1.map,planner,1,18098,11786,334,194,15585,11786,3120,0,10,False,warehouse-10-20-10-2-1-random-16.scen,140
140,warehouse-10-20-10-2-1.map,planner,1,31240,11786,925,194,23246,11786,2649,0,10,True,warehouse-10-20-10-2-1-random-16.scen,140
140,warehouse-10-20-10-2-1.map,planner,1,18098,11786,334,194,15585,11786,2283,0,100,False,warehouse-10-20-10-2-1-random-16.scen,140
140,warehouse-10-20-10-2-1.map,planner,1,31240,11786,925,194,23246,11786,1620,0,100,True,warehouse-10-20-10-2-1-random-16.scen,140
140,warehouse-10-20-10-2-1.map,planner,1,18098,11786,334,194,15585,11786,2986,0,1000,False,warehouse-10-20-10-2-1-random-16.scen,140
140,warehouse-10-20-10-2-1.map,planner,1,31240,11786,925,194,23246,11786,2624,0,1000,True,warehouse-10-20-10-2-1-random-16.scen,140
180,warehouse-10-20-10-2-1.map,planner,1,22584,14584,346,194,19471,14584,3909,0,0,False,warehouse-10-20-10-2-1-random-16.scen,180
180,warehouse-10-20-10-2-1.map,planner,1,22584,14584,346,194,19471,14584,3378,0,0,True,warehouse-10-20-10-2-1-random-16.scen,180
180,warehouse-10-20-10-2-1.map,planner,1,22584,14584,346,194,19471,14584,2305,0,1,False,warehouse-10-20-10-2-1-random-16.scen,180
180,warehouse-10-20-10-2-1.map,planner,1,44414,14584,1087,194,32974,14584,1242,0,1,True,warehouse-10-20-10-2-1-random-16.scen,180
180,warehouse-10-20-10-2-1.map,planner,1,22584,14584,346,194,19471,14584,3892,0,10,False,warehouse-10-20-10-2-1-random-16.scen,180
180,warehouse-10-20-10-2-1.map,planner,1,44414,14584,1087,194,32974,14584,2122,0,10,True,warehouse-10-20-10-2-1-random-16.scen,180
180,warehouse-10-20-10-2-1.map,planner,1,22584,14584,346,194,19471,14584,3580,0,100,False,warehouse-10-20-10-2-1-random-16.scen,180
180,warehouse-10-20-10-2-1.map,planner,1,44414,14584,1087,194,32974,14584,1148,0,100,True,warehouse-10-20-10-2-1-random-16.scen,180
180,warehouse-10-20-10-2-1.map,planner,1,22584,14584,346,194,19471,14584,2367,0,1000,False,warehouse-10-20-10-2-1-random-16.scen,180
180,warehouse-10-20-10-2-1.map,planner,1,44414,14584,1087,194,32974,14584,2107,0,1000,True,warehouse-10-20-10-2-1-random-16.scen,180
220,warehouse-10-20-10-2-1.map,planner,1,29321,17636,457,194,25511,17636,4914,0,0,False,warehouse-10-20-10-2-1-random-16.scen,220
220,warehouse-10-20-10-2-1.map,planner,1,29321,17636,457,194,25511,17636,3875,0,0,True,warehouse-10-20-10-2-1-random-16.scen,220
220,warehouse-10-20-10-2-1.map,planner,1,29321,17636,457,194,25511,17636,3825,0,1,False,warehouse-10-20-10-2-1-random-16.scen,220
220,warehouse-10-20-10-2-1.map,planner,1,82874,17636,1800,194,55543,17636,5778,0,1,True,warehouse-10-20-10-2-1-random-16.scen,220
220,warehouse-10-20-10-2-1.map,planner,1,29321,17636,457,194,25511,17636,3912,0,10,False,warehouse-10-20-10-2-1-random-16.scen,220
220,warehouse-10-20-10-2-1.map,planner,1,94689,17636,1999,194,59862,17636,6608,0,10,True,warehouse-10-20-10-2-1-random-16.scen,220
220,warehouse-10-20-10-2-1.map,planner,1,29321,17636,457,194,25511,17636,3742,0,100,False,warehouse-10-20-10-2-1-random-16.scen,220
220,warehouse-10-20-10-2-1.map,planner,1,96966,17636,2166,194,61989,17636,13181,0,100,True,warehouse-10-20-10-2-1-random-16.scen,220
220,warehouse-10-20-10-2-1.map,planner,1,29321,17636,457,194,25511,17636,4128,0,1000,False,warehouse-10-20-10-2-1-random-16.scen,220
220,warehouse-10-20-10-2-1.map,planner,1,96966,17636,2166,194,61989,17636,13705,0,1000,True,warehouse-10-20-10-2-1-random-16.scen,220
260,warehouse-10-20-10-2-1.map,planner,1,36666,20646,468,194,30572,20646,2909,0,0,False,warehouse-10-20-10-2-1-random-16.scen,260
260,warehouse-10-20-10-2-1.map,planner,1,36666,20646,468,194,30572,20646,2806,0,0,True,warehouse-10-20-10-2-1-random-16.scen,260
260,warehouse-10-20-10-2-1.map,planner,1,36666,20646,468,194,30572,20646,4669,0,1,False,warehouse-10-20-10-2-1-random-16.scen,260
260,warehouse-10-20-10-2-1.map,planner,1,36666,20646,468,194,30572,20646,2783,0,10,False,warehouse-10-20-10-2-1-random-16.scen,260
260,warehouse-10-20-10-2-1.map,planner,1,36666,20646,468,194,30572,20646,4511,0,100,False,warehouse-10-20-10-2-1-random-16.scen,260
260,warehouse-10-20-10-2-1.map,planner,1,218560,20646,3595,194,129206,20646,38985,0,100,True,warehouse-10-20-10-2-1-random-16.scen,260
260,warehouse-10-20-10-2-1.map,planner,1,36666,20646,468,194,30572,20646,2667,0,1000,False,warehouse-10-20-10-2-1-random-16.scen,260
260,warehouse-10-20-10-2-1.map,planner,1,218560,20646,3595,194,129206,20646,27175,0,1000,True,warehouse-10-20-10-2-1-random-16.scen,260
20,warehouse-10-20-10-2-1.map,planner,1,1750,1552,185,185,1653,1552,2,0,0,False,warehouse-10-20-10-2-1-random-17.scen,20
20,warehouse-10-20-10-2-1.map,planner,1,1750,1552,185,185,1653,1552,2,0,0,True,warehouse-10-20-10-2-1-random-17.scen,20
20,warehouse-10-20-10-2-1.map,planner,1,1750,1552,185,185,1653,1552,2,0,1,False,warehouse-10-20-10-2-1-random-17.scen,20
20,warehouse-10-20-10-2-1.map,planner,1,1750,1552,185,185,1653,1552,2,0,1,True,warehouse-10-20-10-2-1-random-17.scen,20
20,warehouse-10-20-10-2-1.map,planner,1,1750,1552,185,185,1653,1552,2,0,10,False,warehouse-10-20-10-2-1-random-17.scen,20
20,warehouse-10-20-10-2-1.map,planner,1,1750,1552,185,185,1653,1552,2,0,10,True,warehouse-10-20-10-2-1-random-17.scen,20
20,warehouse-10-20-10-2-1.map,planner,1,1750,1552,185,185,1653,1552,3,0,100,False,warehouse-10-20-10-2-1-random-17.scen,20
20,warehouse-10-20-10-2-1.map,planner,1,1750,1552,185,185,1653,1552,3,0,100,True,warehouse-10-20-10-2-1-random-17.scen,20
20,warehouse-10-20-10-2-1.map,planner,1,1750,1552,185,185,1653,1552,3,0,1000,False,warehouse-10-20-10-2-1-random-17.scen,20
20,warehouse-10-20-10-2-1.map,planner,1,1750,1552,185,185,1653,1552,3,0,1000,True,warehouse-10-20-10-2-1-random-17.scen,20
60,warehouse-10-20-10-2-1.map,planner,1,6151,5221,185,185,5675,5221,10,0,0,False,warehouse-10-20-10-2-1-random-17.scen,60
60,warehouse-10-20-10-2-1.map,planner,1,6151,5221,185,185,5675,5221,9,0,0,True,warehouse-10-20-10-2-1-random-17.scen,60
60,warehouse-10-20-10-2-1.map,planner,1,6151,5221,185,185,5675,5221,9,0,1,False,warehouse-10-20-10-2-1-random-17.scen,60
60,warehouse-10-20-10-2-1.map,planner,1,6129,5221,208,185,5713,5221,9,0,1,True,warehouse-10-20-10-2-1-random-17.scen,60
60,warehouse-10-20-10-2-1.map,planner,1,6151,5221,185,185,5675,5221,9,0,10,False,warehouse-10-20-10-2-1-random-17.scen,60
60,warehouse-10-20-10-2-1.map,planner,1,6129,5221,208,185,5713,5221,11,0,10,True,warehouse-10-20-10-2-1-random-17.scen,60
60,warehouse-10-20-10-2-1.map,planner,1,6151,5221,185,185,5675,5221,10,0,100,False,warehouse-10-20-10-2-1-random-17.scen,60
60,warehouse-10-20-10-2-1.map,planner,1,6129,5221,208,185,5713,5221,10,0,100,True,warehouse-10-20-10-2-1-random-17.scen,60
60,warehouse-10-20-10-2-1.map,planner,1,6151,5221,185,185,5675,5221,9,0,1000,False,warehouse-10-20-10-2-1-random-17.scen,60
60,warehouse-10-20-10-2-1.map,planner,1,6129,5221,208,185,5713,5221,10,0,1000,True,warehouse-10-20-10-2-1-random-17.scen,60
100,warehouse-10-20-10-2-1.map,planner,1,11938,8671,289,185,10814,8671,1324,0,0,False,warehouse-10-20-10-2-1-random-17.scen,100
100,warehouse-10-20-10-2-1.map,planner,1,11938,8671,289,185,10814,8671,1234,0,0,True,warehouse-10-20-10-2-1-random-17.scen,100
100,warehouse-10-20-10-2-1.map,planner,1,11938,8671,289,185,10814,8671,962,0,1,False,warehouse-10-20-10-2-1-random-17.scen,100
100,warehouse-10-20-10-2-1.map,planner,1,12870,8671,354,185,11172,8671,215,0,1,True,warehouse-10-20-10-2-1-random-17.scen,100
100,warehouse-10-20-10-2-1.map,planner,1,11938,8671,289,185,10814,8671,851,0,10,False,warehouse-10-20-10-2-1-random-17.scen,100
100,warehouse-10-20-10-2-1.map,planner,1,12870,8671,354,185,11172,8671,215,0,10,True,warehouse-10-20-10-2-1-random-17.scen,100
100,warehouse-10-20-10-2-1.map,planner,1,11938,8671,289,185,10814,8671,1320,0,100,False,warehouse-10-20-10-2-1-random-17.scen,100
100,warehouse-10-20-10-2-1.map,planner,1,12870,8671,354,185,11172,8671,364,0,100,True,warehouse-10-20-10-2-1-random-17.scen,100
100,warehouse-10-20-10-2-1.map,planner,1,11938,8671,289,185,10814,8671,1317,0,1000,False,warehouse-10-20-10-2-1-random-17.scen,100
100,warehouse-10-20-10-2-1.map,planner,1,12870,8671,354,185,11172,8671,354,0,1000,True,warehouse-10-20-10-2-1-random-17.scen,100
140,warehouse-10-20-10-2-1.map,planner,1,16640,11456,282,185,15208,11456,2533,0,0,False,warehouse-10-20-10-2-1-random-17.scen,140
140,warehouse-10-20-10-2-1.map,planner,1,16640,11456,282,185,15208,11456,2526,0,0,True,warehouse-10-20-10-2-1-random-17.scen,140
140,warehouse-10-20-10-2-1.map,planner,1,16640,11456,282,185,15208,11456,2503,0,1,False,warehouse-10-20-10-2-1-random-17.scen,140
140,warehouse-10-20-10-2-1.map,planner,1,27725,11456,958,185,22624,11456,12007,0,1,True,warehouse-10-20-10-2-1-random-17.scen,140
140,warehouse-10-20-10-2-1.map,planner,1,16640,11456,282,185,15208,11456,1555,0,10,False,warehouse-10-20-10-2-1-random-17.scen,140
140,warehouse-10-20-10-2-1.map,planner,1,27340,11456,925,185,22359,11456,20959,0,10,True,warehouse-10-20-10-2-1-random-17.scen,140
140,warehouse-10-20-10-2-1.map,planner,1,16640,11456,282,185,15208,11456,1555,0,100,False,warehouse-10-20-10-2-1-random-17.scen,140
140,warehouse-10-20-10-2-1.map,planner,1,27340,11456,925,185,22359,11456,19237,0,100,True,warehouse-10-20-10-2-1-random-17.scen,140
140,warehouse-10-20-10-2-1.map,planner,1,16640,11456,282,185,15208,11456,1566,0,1000,False,warehouse-10-20-10-2-1-random-17.scen,140
140,warehouse-10-20-10-2-1.map,planner,1,27340,11456,925,185,22359,11456,18966,0,1000,True,warehouse-10-20-10-2-1-random-17.scen,140
180,warehouse-10-20-10-2-1.map,planner,1,29841,14387,712,185,25013,14387,24763,0,0,False,warehouse-10-20-10-2-1-random-17.scen,180
180,warehouse-10-20-10-2-1.map,planner,1,29841,14387,712,185,25013,14387,24555,0,0,True,warehouse-10-20-10-2-1-random-17.scen,180
180,warehouse-10-20-10-2-1.map,planner,1,29841,14387,712,185,25013,14387,36507,0,1,False,warehouse-10-20-10-2-1-random-17.scen,180
180,warehouse-10-20-10-2-1.map,planner,1,29841,14387,712,185,25013,14387,23553,0,10,False,warehouse-10-20-10-2-1-random-17.scen,180
180,warehouse-10-20-10-2-1.map,planner,1,29841,14387,712,185,25013,14387,30554,0,100,False,warehouse-10-20-10-2-1-random-17.scen,180
180,warehouse-10-20-10-2-1.map,planner,1,29841,14387,712,185,25013,14387,23250,0,1000,False,warehouse-10-20-10-2-1-random-17.scen,180
20,warehouse-10-20-10-2-1.map,planner,1,1445,1369,167,167,1396,1369,2,0,0,False,warehouse-10-20-10-2-1-random-9.scen,20
20,warehouse-10-20-10-2-1.map,planner,1,1445,1369,167,167,1396,1369,2,0,0,True,warehouse-10-20-10-2-1-random-9.scen,20
20,warehouse-10-20-10-2-1.map,planner,1,1445,1369,167,167,1396,1369,1,0,1,False,warehouse-10-20-10-2-1-random-9.scen,20
20,warehouse-10-20-10-2-1.map,planner,1,1445,1369,167,167,1396,1369,2,0,1,True,warehouse-10-20-10-2-1-random-9.scen,20
20,warehouse-10-20-10-2-1.map,planner,1,1445,1369,167,167,1396,1369,1,0,10,False,warehouse-10-20-10-2-1-random-9.scen,20
20,warehouse-10-20-10-2-1.map,planner,1,1445,1369,167,167,1396,1369,2,0,10,True,warehouse-10-20-10-2-1-random-9.scen,20
20,warehouse-10-20-10-2-1.map,planner,1,1445,1369,167,167,1396,1369,2,0,100,False,warehouse-10-20-10-2-1-random-9.scen,20
20,warehouse-10-20-10-2-1.map,planner,1,1445,1369,167,167,1396,1369,2,0,100,True,warehouse-10-20-10-2-1-random-9.scen,20
20,warehouse-10-20-10-2-1.map,planner,1,1445,1369,167,167,1396,1369,2,0,1000,False,warehouse-10-20-10-2-1-random-9.scen,20
20,warehouse-10-20-10-2-1.map,planner,1,1445,1369,167,167,1396,1369,1,0,1000,True,warehouse-10-20-10-2-1-random-9.scen,20
60,warehouse-10-20-10-2-1.map,planner,1,5896,5184,167,167,5593,5184,6,0,0,False,warehouse-10-20-10-2-1-random-9.scen,60
60,warehouse-10-20-10-2-1.map,planner,1,5896,5184,167,167,5593,5184,6,0,0,True,warehouse-10-20-10-2-1-random-9.scen,60
60,warehouse-10-20-10-2-1.map,planner,1,5896,5184,167,167,5593,5184,6,0,1,False,warehouse-10-20-10-2-1-random-9.scen,60
60,warehouse-10-20-10-2-1.map,planner,1,6293,5184,168,167,5582,5184,6,0,1,True,warehouse-10-20-10-2-1-random-9.scen,60
60,warehouse-10-20-10-2-1.map,planner,1,5896,5184,167,167,5593,5184,6,0,10,False,warehouse-10-20-10-2-1-random-9.scen,60
60,warehouse-10-20-10-2-1.map,planner,1,6293,5184,168,167,5582,5184,6,0,10,True,warehouse-10-20-10-2-1-random-9.scen,60
60,warehouse-10-20-10-2-1.map,planner,1,5896,5184,167,167,5593,5184,6,0,100,False,warehouse-10-20-10-2-1-random-9.scen,60
60,warehouse-10-20-10-2-1.map,planner,1,6293,5184,168,167,5582,5184,6,0,100,True,warehouse-10-20-10-2-1-random-9.scen,60
60,warehouse-10-20-10-2-1.map,planner,1,5896,5184,167,167,5593,5184,9,0,1000,False,warehouse-10-20-10-2-1-random-9.scen,60
60,warehouse-10-20-10-2-1.map,planner,1,6293,5184,168,167,5582,5184,6,0,1000,True,warehouse-10-20-10-2-1-random-9.scen,60
100,warehouse-10-20-10-2-1.map,planner,1,11226,8856,218,190,10411,8856,304,0,0,False,warehouse-10-20-10-2-1-random-9.scen,100
100,warehouse-10-20-10-2-1.map,planner,1,11226,8856,218,190,10411,8856,303,0,0,True,warehouse-10-20-10-2-1-random-9.scen,100
100,warehouse-10-20-10-2-1.map,planner,1,11226,8856,218,190,10411,8856,305,0,1,False,warehouse-10-20-10-2-1-random-9.scen,100
100,warehouse-10-20-10-2-1.map,planner,1,11414,8856,244,190,10453,8856,508,0,1,True,warehouse-10-20-10-2-1-random-9.scen,100
100,warehouse-10-20-10-2-1.map,planner,1,11226,8856,218,190,10411,8856,297,0,10,False,warehouse-10-20-10-2-1-random-9.scen,100
100,warehouse-10-20-10-2-1.map,planner,1,11414,8856,244,190,10453,8856,323,0,10,True,warehouse-10-20-10-2-1-random-9.scen,100
100,warehouse-10-20-10-2-1.map,planner,1,11226,8856,218,190,10411,8856,299,0,100,False,warehouse-10-20-10-2-1-random-9.scen,100
100,warehouse-10-20-10-2-1.map,planner,1,11414,8856,244,190,10453,8856,332,0,100,True,warehouse-10-20-10-2-1-random-9.scen,100
100,warehouse-10-20-10-2-1.map,planner,1,11226,8856,218,190,10411,8856,307,0,1000,False,warehouse-10-20-10-2-1-random-9.scen,100
100,warehouse-10-20-10-2-1.map,planner,1,11414,8856,244,190,10453,8856,325,0,1000,True,warehouse-10-20-10-2-1-random-9.scen,100
140,warehouse-10-20-10-2-1.map,planner,1,17161,12080,288,190,15468,12080,1277,0,0,False,warehouse-10-20-10-2-1-random-9.scen,140
140,warehouse-10-20-10-2-1.map,planner,1,17161,12080,288,190,15468,12080,1391,0,0,True,warehouse-10-20-10-2-1-random-9.scen,140
140,warehouse-10-20-10-2-1.map,planner,1,17161,12080,288,190,15468,12080,1050,0,1,False,warehouse-10-20-10-2-1-random-9.scen,140
140,warehouse-10-20-10-2-1.map,planner,1,20959,12080,534,190,16879,12080,650,0,1,True,warehouse-10-20-10-2-1-random-9.scen,140
140,warehouse-10-20-10-2-1.map,planner,1,17161,12080,288,190,15468,12080,1720,0,10,False,warehouse-10-20-10-2-1-random-9.scen,140
140,warehouse-10-20-10-2-1.map,planner,1,20959,12080,534,190,16879,12080,630,0,10,True,warehouse-10-20-10-2-1-random-9.scen,140
140,warehouse-10-20-10-2-1.map,planner,1,17161,12080,288,190,15468,12080,1545,0,100,False,warehouse-10-20-10-2-1-random-9.scen,140
140,warehouse-10-20-10-2-1.map,planner,1,20959,12080,534,190,16879,12080,626,0,100,True,warehouse-10-20-10-2-1-random-9.scen,140
140,warehouse-10-20-10-2-1.map,planner,1,17161,12080,288,190,15468,12080,1391,0,1000,False,warehouse-10-20-10-2-1-random-9.scen,140
140,warehouse-10-20-10-2-1.map,planner,1,20959,12080,534,190,16879,12080,630,0,1000,True,warehouse-10-20-10-2-1-random-9.scen,140
180,warehouse-10-20-10-2-1.map,planner,1,21271,15038,255,190,19259,15038,2469,0,0,False,warehouse-10-20-10-2-1-random-9.scen,180
180,warehouse-10-20-10-2-1.map,planner,1,21271,15038,255,190,19259,15038,2652,0,0,True,warehouse-10-20-10-2-1-random-9.scen,180
180,warehouse-10-20-10-2-1.map,planner,1,21271,15038,255,190,19259,15038,3392,0,1,False,warehouse-10-20-10-2-1-random-9.scen,180
180,warehouse-10-20-10-2-1.map,planner,1,40002,15038,1014,190,30589,15038,2296,0,1,True,warehouse-10-20-10-2-1-random-9.scen,180
180,warehouse-10-20-10-2-1.map,planner,1,21271,15038,255,190,19259,15038,4021,0,10,False,warehouse-10-20-10-2-1-random-9.scen,180
180,warehouse-10-20-10-2-1.map,planner,1,40002,15038,1014,190,30589,15038,3784,0,10,True,warehouse-10-20-10-2-1-random-9.scen,180
180,warehouse-10-20-10-2-1.map,planner,1,21271,15038,255,190,19259,15038,2834,0,100,False,warehouse-10-20-10-2-1-random-9.scen,180
180,warehouse-10-20-10-2-1.map,planner,1,40002,15038,1014,190,30589,15038,3794,0,100,True,warehouse-10-20-10-2-1-random-9.scen,180
180,warehouse-10-20-10-2-1.map,planner,1,21271,15038,255,190,19259,15038,3980,0,1000,False,warehouse-10-20-10-2-1-random-9.scen,180
180,warehouse-10-20-10-2-1.map,planner,1,40002,15038,1014,190,30589,15038,3980,0,1000,True,warehouse-10-20-10-2-1-random-9.scen,180
260,warehouse-10-20-10-2-1.map,planner,1,38679,21021,610,190,32956,21021,48602,0,0,False,warehouse-10-20-10-2-1-random-9.scen,260
260,warehouse-10-20-10-2-1.map,planner,1,38679,21021,610,190,32956,21021,34433,0,0,True,warehouse-10-20-10-2-1-random-9.scen,260
260,warehouse-10-20-10-2-1.map,planner,1,38679,21021,610,190,32956,21021,33734,0,1,False,warehouse-10-20-10-2-1-random-9.scen,260
260,warehouse-10-20-10-2-1.map,planner,1,38679,21021,610,190,32956,21021,40470,0,10,False,warehouse-10-20-10-2-1-random-9.scen,260
260,warehouse-10-20-10-2-1.map,planner,1,38679,21021,610,190,32956,21021,37080,0,100,False,warehouse-10-20-10-2-1-random-9.scen,260
260,warehouse-10-20-10-2-1.map,planner,1,38679,21021,610,190,32956,21021,33784,0,1000,False,warehouse-10-20-10-2-1-random-9.scen,260
20,warehouse-10-20-10-2-1.map,planner,1,2079,1816,188,176,1944,1816,2,0,0,False,warehouse-10-20-10-2-1-random-15.scen,20
20,warehouse-10-20-10-2-1.map,planner,1,2079,1816,188,176,1944,1816,2,0,0,True,warehouse-10-20-10-2-1-random-15.scen,20
20,warehouse-10-20-10-2-1.map,planner,1,2079,1816,188,176,1944,1816,3,0,1,False,warehouse-10-20-10-2-1-random-15.scen,20
20,warehouse-10-20-10-2-1.map,planner,1,2079,1816,188,176,1944,1816,2,0,1,True,warehouse-10-20-10-2-1-random-15.scen,20
20,warehouse-10-20-10-2-1.map,planner,1,2079,1816,188,176,1944,1816,3,0,10,False,warehouse-10-20-10-2-1-random-15.scen,20
20,warehouse-10-20-10-2-1.map,planner,1,2079,1816,188,176,1944,1816,3,0,10,True,warehouse-10-20-10-2-1-random-15.scen,20
20,warehouse-10-20-10-2-1.map,planner,1,2079,1816,188,176,1944,1816,3,0,100,False,warehouse-10-20-10-2-1-random-15.scen,20
20,warehouse-10-20-10-2-1.map,planner,1,2079,1816,188,176,1944,1816,3,0,100,True,warehouse-10-20-10-2-1-random-15.scen,20
20,warehouse-10-20-10-2-1.map,planner,1,2079,1816,188,176,1944,1816,3,0,1000,False,warehouse-10-20-10-2-1-random-15.scen,20
20,warehouse-10-20-10-2-1.map,planner,1,2079,1816,188,176,1944,1816,4,0,1000,True,warehouse-10-20-10-2-1-random-15.scen,20
60,warehouse-10-20-10-2-1.map,planner,1,6467,5196,193,179,5896,5196,9,0,0,False,warehouse-10-20-10-2-1-random-15.scen,60
60,warehouse-10-20-10-2-1.map,planner,1,6467,5196,193,179,5896,5196,10,0,0,True,warehouse-10-20-10-2-1-random-15.scen,60
60,warehouse-10-20-10-2-1.map,planner,1,6467,5196,193,179,5896,5196,9,0,1,False,warehouse-10-20-10-2-1-random-15.scen,60
60,warehouse-10-20-10-2-1.map,planner,1,6551,5196,205,179,5866,5196,859,0,1,True,warehouse-10-20-10-2-1-random-15.scen,60
60,warehouse-10-20-10-2-1.map,planner,1,6467,5196,193,179,5896,5196,10,0,10,False,warehouse-10-20-10-2-1-random-15.scen,60
60,warehouse-10-20-10-2-1.map,planner,1,6551,5196,205,179,5866,5196,853,0,10,True,warehouse-10-20-10-2-1-random-15.scen,60
60,warehouse-10-20-10-2-1.map,planner,1,6467,5196,193,179,5896,5196,10,0,100,False,warehouse-10-20-10-2-1-random-15.scen,60
60,warehouse-10-20-10-2-1.map,planner,1,6551,5196,205,179,5866,5196,873,0,100,True,warehouse-10-20-10-2-1-random-15.scen,60
60,warehouse-10-20-10-2-1.map,planner,1,6467,5196,193,179,5896,5196,10,0,1000,False,warehouse-10-20-10-2-1-random-15.scen,60
60,warehouse-10-20-10-2-1.map,planner,1,6551,5196,205,179,5866,5196,857,0,1000,True,warehouse-10-20-10-2-1-random-15.scen,60
100,warehouse-10-20-10-2-1.map,planner,1,11613,8619,233,193,10427,8619,17,0,0,False,warehouse-10-20-10-2-1-random-15.scen,100
100,warehouse-10-20-10-2-1.map,planner,1,11613,8619,233,193,10427,8619,18,0,0,True,warehouse-10-20-10-2-1-random-15.scen,100
100,warehouse-10-20-10-2-1.map,planner,1,11613,8619,233,193,10427,8619,16,0,1,False,warehouse-10-20-10-2-1-random-15.scen,100
100,warehouse-10-20-10-2-1.map,planner,1,14766,8619,337,193,11960,8619,24,0,1,True,warehouse-10-20-10-2-1-random-15.scen,100
100,warehouse-10-20-10-2-1.map,planner,1,11613,8619,233,193,10427,8619,17,0,10,False,warehouse-10-20-10-2-1-random-15.scen,100
100,warehouse-10-20-10-2-1.map,planner,1,14766,8619,337,193,11960,8619,25,0,10,True,warehouse-10-20-10-2-1-random-15.scen,100
100,warehouse-10-20-10-2-1.map,planner,1,11613,8619,233,193,10427,8619,18,0,100,False,warehouse-10-20-10-2-1-random-15.scen,100
100,warehouse-10-20-10-2-1.map,planner,1,14766,8619,337,193,11960,8619,24,0,100,True,warehouse-10-20-10-2-1-random-15.scen,100
100,warehouse-10-20-10-2-1.map,planner,1,11613,8619,233,193,10427,8619,16,0,1000,False,warehouse-10-20-10-2-1-random-15.scen,100
100,warehouse-10-20-10-2-1.map,planner,1,14766,8619,337,193,11960,8619,25,0,1000,True,warehouse-10-20-10-2-1-random-15.scen,100
140,warehouse-10-20-10-2-1.map,planner,1,16100,11308,196,193,14111,11308,23,0,0,False,warehouse-10-20-10-2-1-random-15.scen,140
140,warehouse-10-20-10-2-1.map,planner,1,16100,11308,196,193,14111,11308,22,0,0,True,warehouse-10-20-10-2-1-random-15.scen,140
140,warehouse-10-20-10-2-1.map,planner,1,16100,11308,196,193,14111,11308,23,0,1,False,warehouse-10-20-10-2-1-random-15.scen,140
140,warehouse-10-20-10-2-1.map,planner,1,23716,11308,540,193,17780,11308,1378,0,1,True,warehouse-10-20-10-2-1-random-15.scen,140
140,warehouse-10-20-10-2-1.map,planner,1,16100,11308,196,193,14111,11308,23,0,10,False,warehouse-10-20-10-2-1-random-15.scen,140
140,warehouse-10-20-10-2-1.map,planner,1,23716,11308,540,193,17780,11308,1441,0,10,True,warehouse-10-20-10-2-1-random-15.scen,140
140,warehouse-10-20-10-2-1.map,planner,1,16100,11308,196,193,14111,11308,23,0,100,False,warehouse-10-20-10-2-1-random-15.scen,140
140,warehouse-10-20-10-2-1.map,planner,1,23716,11308,540,193,17780,11308,1369,0,100,True,warehouse-10-20-10-2-1-random-15.scen,140
140,warehouse-10-20-10-2-1.map,planner,1,16100,11308,196,193,14111,11308,23,0,1000,False,warehouse-10-20-10-2-1-random-15.scen,140
140,warehouse-10-20-10-2-1.map,planner,1,23716,11308,540,193,17780,11308,1377,0,1000,True,warehouse-10-20-10-2-1-random-15.scen,140
180,warehouse-10-20-10-2-1.map,planner,1,24350,14572,355,193,20518,14572,4786,0,0,False,warehouse-10-20-10-2-1-random-15.scen,180
180,warehouse-10-20-10-2-1.map,planner,1,24350,14572,355,193,20518,14572,4851,0,0,True,warehouse-10-20-10-2-1-random-15.scen,180
180,warehouse-10-20-10-2-1.map,planner,1,24350,14572,355,193,20518,14572,2920,0,1,False,warehouse-10-20-10-2-1-random-15.scen,180
180,warehouse-10-20-10-2-1.map,planner,1,51297,14572,1152,193,33446,14572,1346,0,1,True,warehouse-10-20-10-2-1-random-15.scen,180
180,warehouse-10-20-10-2-1.map,planner,1,24350,14572,355,193,20518,14572,4717,0,10,False,warehouse-10-20-10-2-1-random-15.scen,180
180,warehouse-10-20-10-2-1.map,planner,1,55021,14572,1217,193,36265,14572,4893,0,10,True,warehouse-10-20-10-2-1-random-15.scen,180
180,warehouse-10-20-10-2-1.map,planner,1,24350,14572,355,193,20518,14572,4737,0,100,False,warehouse-10-20-10-2-1-random-15.scen,180
180,warehouse-10-20-10-2-1.map,planner,1,55021,14572,1217,193,36265,14572,4846,0,100,True,warehouse-10-20-10-2-1-random-15.scen,180
180,warehouse-10-20-10-2-1.map,planner,1,24350,14572,355,193,20518,14572,4772,0,1000,False,warehouse-10-20-10-2-1-random-15.scen,180
180,warehouse-10-20-10-2-1.map,planner,1,55021,14572,1217,193,36265,14572,3266,0,1000,True,warehouse-10-20-10-2-1-random-15.scen,180
220,warehouse-10-20-10-2-1.map,planner,1,32562,17605,557,193,27472,17605,47678,0,0,False,warehouse-10-20-10-2-1-random-15.scen,220
220,warehouse-10-20-10-2-1.map,planner,1,32562,17605,557,193,27472,17605,31869,0,0,True,warehouse-10-20-10-2-1-random-15.scen,220
220,warehouse-10-20-10-2-1.map,planner,1,32562,17605,557,193,27472,17605,31374,0,1,False,warehouse-10-20-10-2-1-random-15.scen,220
220,warehouse-10-20-10-2-1.map,planner,1,32562,17605,557,193,27472,17605,31413,0,10,False,warehouse-10-20-10-2-1-random-15.scen,220
220,warehouse-10-20-10-2-1.map,planner,1,110702,17605,2176,193,72636,17605,28261,0,10,True,warehouse-10-20-10-2-1-random-15.scen,220
220,warehouse-10-20-10-2-1.map,planner,1,32562,17605,557,193,27472,17605,31058,0,100,False,warehouse-10-20-10-2-1-random-15.scen,220
220,warehouse-10-20-10-2-1.map,planner,1,111338,17605,2250,193,73686,17605,22608,0,100,True,warehouse-10-20-10-2-1-random-15.scen,220
220,warehouse-10-20-10-2-1.map,planner,1,32562,17605,557,193,27472,17605,32611,0,1000,False,warehouse-10-20-10-2-1-random-15.scen,220
220,warehouse-10-20-10-2-1.map,planner,1,111338,17605,2250,193,73686,17605,27490,0,1000,True,warehouse-10-20-10-2-1-random-15.scen,220
20,warehouse-10-20-10-2-1.map,planner,1,1800,1618,172,172,1715,1618,2,0,0,False,warehouse-10-20-10-2-1-random-12.scen,20
20,warehouse-10-20-10-2-1.map,planner,1,1800,1618,172,172,1715,1618,2,0,0,True,warehouse-10-20-10-2-1-random-12.scen,20
20,warehouse-10-20-10-2-1.map,planner,1,1800,1618,172,172,1715,1618,2,0,1,False,warehouse-10-20-10-2-1-random-12.scen,20
20,warehouse-10-20-10-2-1.map,planner,1,1800,1618,172,172,1715,1618,2,0,1,True,warehouse-10-20-10-2-1-random-12.scen,20
20,warehouse-10-20-10-2-1.map,planner,1,1800,1618,172,172,1715,1618,2,0,10,False,warehouse-10-20-10-2-1-random-12.scen,20
20,warehouse-10-20-10-2-1.map,planner,1,1800,1618,172,172,1715,1618,2,0,10,True,warehouse-10-20-10-2-1-random-12.scen,20
20,warehouse-10-20-10-2-1.map,planner,1,1800,1618,172,172,1715,1618,3,0,100,False,warehouse-10-20-10-2-1-random-12.scen,20
20,warehouse-10-20-10-2-1.map,planner,1,1800,1618,172,172,1715,1618,2,0,100,True,warehouse-10-20-10-2-1-random-12.scen,20
20,warehouse-10-20-10-2-1.map,planner,1,1800,1618,172,172,1715,1618,2,0,1000,False,warehouse-10-20-10-2-1-random-12.scen,20
20,warehouse-10-20-10-2-1.map,planner,1,1800,1618,172,172,1715,1618,2,0,1000,True,warehouse-10-20-10-2-1-random-12.scen,20
60,warehouse-10-20-10-2-1.map,planner,1,6208,4772,206,172,5500,4772,6,0,0,False,warehouse-10-20-10-2-1-random-12.scen,60
60,warehouse-10-20-10-2-1.map,planner,1,6208,4772,206,172,5500,4772,6,0,0,True,warehouse-10-20-10-2-1-random-12.scen,60
60,warehouse-10-20-10-2-1.map,planner,1,6208,4772,206,172,5500,4772,6,0,1,False,warehouse-10-20-10-2-1-random-12.scen,60
60,warehouse-10-20-10-2-1.map,planner,1,6358,4772,244,172,5759,4772,7,0,1,True,warehouse-10-20-10-2-1-random-12.scen,60
60,warehouse-10-20-10-2-1.map,planner,1,6208,4772,206,172,5500,4772,9,0,10,False,warehouse-10-20-10-2-1-random-12.scen,60
60,warehouse-10-20-10-2-1.map,planner,1,6358,4772,244,172,5759,4772,8,0,10,True,warehouse-10-20-10-2-1-random-12.scen,60
60,warehouse-10-20-10-2-1.map,planner,1,6208,4772,206,172,5500,4772,7,0,100,False,warehouse-10-20-10-2-1-random-12.scen,60
60,warehouse-10-20-10-2-1.map,planner,1,6358,4772,244,172,5759,4772,7,0,100,True,warehouse-10-20-10-2-1-random-12.scen,60
60,warehouse-10-20-10-2-1.map,planner,1,6208,4772,206,172,5500,4772,9,0,1000,False,warehouse-10-20-10-2-1-random-12.scen,60
60,warehouse-10-20-10-2-1.map,planner,1,6358,4772,244,172,5759,4772,7,0,1000,True,warehouse-10-20-10-2-1-random-12.scen,60
100,warehouse-10-20-10-2-1.map,planner,1,11114,8269,220,182,10005,8269,11,0,0,False,warehouse-10-20-10-2-1-random-12.scen,100
100,warehouse-10-20-10-2-1.map,planner,1,11114,8269,220,182,10005,8269,11,0,0,True,warehouse-10-20-10-2-1-random-12.scen,100
100,warehouse-10-20-10-2-1.map,planner,1,11114,8269,220,182,10005,8269,11,0,1,False,warehouse-10-20-10-2-1-random-12.scen,100
100,warehouse-10-20-10-2-1.map,planner,1,11114,8269,220,182,10005,8269,11,0,1,True,warehouse-10-20-10-2-1-random-12.scen,100
100,warehouse-10-20-10-2-1.map,planner,1,11114,8269,220,182,10005,8269,17,0,10,False,warehouse-10-20-10-2-1-random-12.scen,100
100,warehouse-10-20-10-2-1.map,planner,1,11114,8269,220,182,10005,8269,17,0,10,True,warehouse-10-20-10-2-1-random-12.scen,100
100,warehouse-10-20-10-2-1.map,planner,1,11114,8269,220,182,10005,8269,18,0,100,False,warehouse-10-20-10-2-1-random-12.scen,100
100,warehouse-10-20-10-2-1.map,planner,1,11114,8269,220,182,10005,8269,18,0,100,True,warehouse-10-20-10-2-1-random-12.scen,100
100,warehouse-10-20-10-2-1.map,planner,1,11114,8269,220,182,10005,8269,15,0,1000,False,warehouse-10-20-10-2-1-random-12.scen,100
100,warehouse-10-20-10-2-1.map,planner,1,11114,8269,220,182,10005,8269,15,0,1000,True,warehouse-10-20-10-2-1-random-12.scen,100
140,warehouse-10-20-10-2-1.map,planner,1,15447,10910,250,182,13952,10910,1558,0,0,False,warehouse-10-20-10-2-1-random-12.scen,140
140,warehouse-10-20-10-2-1.map,planner,1,15447,10910,250,182,13952,10910,1532,0,0,True,warehouse-10-20-10-2-1-random-12.scen,140
140,warehouse-10-20-10-2-1.map,planner,1,15447,10910,250,182,13952,10910,1491,0,1,False,warehouse-10-20-10-2-1-random-12.scen,140
140,warehouse-10-20-10-2-1.map,planner,1,21421,10910,558,182,17783,10910,3073,0,1,True,warehouse-10-20-10-2-1-random-12.scen,140
140,warehouse-10-20-10-2-1.map,planner,1,15447,10910,250,182,13952,10910,1522,0,10,False,warehouse-10-20-10-2-1-random-12.scen,140
140,warehouse-10-20-10-2-1.map,planner,1,21421,10910,558,182,17783,10910,3122,0,10,True,warehouse-10-20-10-2-1-random-12.scen,140
140,warehouse-10-20-10-2-1.map,planner,1,15447,10910,250,182,13952,10910,1511,0,100,False,warehouse-10-20-10-2-1-random-12.scen,140
140,warehouse-10-20-10-2-1.map,planner,1,21421,10910,558,182,17783,10910,3104,0,100,True,warehouse-10-20-10-2-1-random-12.scen,140
140,warehouse-10-20-10-2-1.map,planner,1,15447,10910,250,182,13952,10910,1511,0,1000,False,warehouse-10-20-10-2-1-random-12.scen,140
140,warehouse-10-20-10-2-1.map,planner,1,21421,10910,558,182,17783,10910,3105,0,1000,True,warehouse-10-20-10-2-1-random-12.scen,140
180,warehouse-10-20-10-2-1.map,planner,1,22696,14169,367,182,19357,14169,3098,0,0,False,warehouse-10-20-10-2-1-random-12.scen,180
180,warehouse-10-20-10-2-1.map,planner,1,22696,14169,367,182,19357,14169,3100,0,0,True,warehouse-10-20-10-2-1-random-12.scen,180
180,warehouse-10-20-10-2-1.map,planner,1,22696,14169,367,182,19357,14169,3021,0,1,False,warehouse-10-20-10-2-1-random-12.scen,180
180,warehouse-10-20-10-2-1.map,planner,1,28639,14169,671,182,22442,14169,3024,0,1,True,warehouse-10-20-10-2-1-random-12.scen,180
180,warehouse-10-20-10-2-1.map,planner,1,22696,14169,367,182,19357,14169,3134,0,10,False,warehouse-10-20-10-2-1-random-12.scen,180
180,warehouse-10-20-10-2-1.map,planner,1,28639,14169,671,182,22442,14169,3012,0,10,True,warehouse-10-20-10-2-1-random-12.scen,180
180,warehouse-10-20-10-2-1.map,planner,1,22696,14169,367,182,19357,14169,3200,0,100,False,warehouse-10-20-10-2-1-random-12.scen,180
180,warehouse-10-20-10-2-1.map,planner,1,28639,14169,671,182,22442,14169,2999,0,100,True,warehouse-10-20-10-2-1-random-12.scen,180
180,warehouse-10-20-10-2-1.map,planner,1,22696,14169,367,182,19357,14169,3116,0,1000,False,warehouse-10-20-10-2-1-random-12.scen,180
180,warehouse-10-20-10-2-1.map,planner,1,28639,14169,671,182,22442,14169,2969,0,1000,True,warehouse-10-20-10-2-1-random-12.scen,180
220,warehouse-10-20-10-2-1.map,planner,1,36356,17368,774,215,29411,17368,21999,0,0,False,warehouse-10-20-10-2-1-random-12.scen,220
220,warehouse-10-20-10-2-1.map,planner,1,36356,17368,774,215,29411,17368,15215,0,0,True,warehouse-10-20-10-2-1-random-12.scen,220
220,warehouse-10-20-10-2-1.map,planner,1,36356,17368,774,215,29411,17368,15119,0,1,False,warehouse-10-20-10-2-1-random-12.scen,220
220,warehouse-10-20-10-2-1.map,planner,1,36356,17368,774,215,29411,17368,15119,0,1,True,warehouse-10-20-10-2-1-random-12.scen,220
220,warehouse-10-20-10-2-1.map,planner,1,36356,17368,774,215,29411,17368,25042,0,10,False,warehouse-10-20-10-2-1-random-12.scen,220
220,warehouse-10-20-10-2-1.map,planner,1,63164,17368,1315,215,40343,17368,2288,0,10,True,warehouse-10-20-10-2-1-random-12.scen,220
220,warehouse-10-20-10-2-1.map,planner,1,36356,17368,774,215,29411,17368,25174,0,100,False,warehouse-10-20-10-2-1-random-12.scen,220
220,warehouse-10-20-10-2-1.map,planner,1,63164,17368,1315,215,40343,17368,3936,0,100,True,warehouse-10-20-10-2-1-random-12.scen,220
220,warehouse-10-20-10-2-1.map,planner,1,36356,17368,774,215,29411,17368,17866,0,1000,False,warehouse-10-20-10-2-1-random-12.scen,220
220,warehouse-10-20-10-2-1.map,planner,1,63164,17368,1315,215,40343,17368,2630,0,1000,True,warehouse-10-20-10-2-1-random-12.scen,220
20,warehouse-10-20-10-2-1.map,planner,1,1664,1650,178,178,1664,1650,2,0,0,False,warehouse-10-20-10-2-1-random-13.scen,20
20,warehouse-10-20-10-2-1.map,planner,1,1664,1650,178,178,1664,1650,2,0,0,True,warehouse-10-20-10-2-1-random-13.scen,20
20,warehouse-10-20-10-2-1.map,planner,1,1664,1650,178,178,1664,1650,3,0,1,False,warehouse-10-20-10-2-1-random-13.scen,20
20,warehouse-10-20-10-2-1.map,planner,1,1664,1650,178,178,1664,1650,2,0,1,True,warehouse-10-20-10-2-1-random-13.scen,20
20,warehouse-10-20-10-2-1.map,planner,1,1664,1650,178,178,1664,1650,2,0,10,False,warehouse-10-20-10-2-1-random-13.scen,20
20,warehouse-10-20-10-2-1.map,planner,1,1664,1650,178,178,1664,1650,2,0,10,True,warehouse-10-20-10-2-1-random-13.scen,20
20,warehouse-10-20-10-2-1.map,planner,1,1664,1650,178,178,1664,1650,2,0,100,False,warehouse-10-20-10-2-1-random-13.scen,20
20,warehouse-10-20-10-2-1.map,planner,1,1664,1650,178,178,1664,1650,2,0,100,True,warehouse-10-20-10-2-1-random-13.scen,20
20,warehouse-10-20-10-2-1.map,planner,1,1664,1650,178,178,1664,1650,2,0,1000,False,warehouse-10-20-10-2-1-random-13.scen,20
20,warehouse-10-20-10-2-1.map,planner,1,1664,1650,178,178,1664,1650,2,0,1000,True,warehouse-10-20-10-2-1-random-13.scen,20
60,warehouse-10-20-10-2-1.map,planner,1,6226,5067,206,178,5751,5067,424,0,0,False,warehouse-10-20-10-2-1-random-13.scen,60
60,warehouse-10-20-10-2-1.map,planner,1,6226,5067,206,178,5751,5067,532,0,0,True,warehouse-10-20-10-2-1-random-13.scen,60
60,warehouse-10-20-10-2-1.map,planner,1,6226,5067,206,178,5751,5067,530,0,1,False,warehouse-10-20-10-2-1-random-13.scen,60
60,warehouse-10-20-10-2-1.map,planner,1,6704,5067,257,178,6098,5067,309,0,1,True,warehouse-10-20-10-2-1-random-13.scen,60
60,warehouse-10-20-10-2-1.map,planner,1,6226,5067,206,178,5751,5067,541,0,10,False,warehouse-10-20-10-2-1-random-13.scen,60
60,warehouse-10-20-10-2-1.map,planner,1,6704,5067,257,178,6098,5067,309,0,10,True,warehouse-10-20-10-2-1-random-13.scen,60
60,warehouse-10-20-10-2-1.map,planner,1,6226,5067,206,178,5751,5067,515,0,100,False,warehouse-10-20-10-2-1-random-13.scen,60
60,warehouse-10-20-10-2-1.map,planner,1,6704,5067,257,178,6098,5067,311,0,100,True,warehouse-10-20-10-2-1-random-13.scen,60
60,warehouse-10-20-10-2-1.map,planner,1,6226,5067,206,178,5751,5067,518,0,1000,False,warehouse-10-20-10-2-1-random-13.scen,60
60,warehouse-10-20-10-2-1.map,planner,1,6704,5067,257,178,6098,5067,318,0,1000,True,warehouse-10-20-10-2-1-random-13.scen,60
100,warehouse-10-20-10-2-1.map,planner,1,11057,8316,264,196,10071,8316,499,0,0,False,warehouse-10-20-10-2-1-random-13.scen,100
100,warehouse-10-20-10-2-1.map,planner,1,11057,8316,264,196,10071,8316,518,0,0,True,warehouse-10-20-10-2-1-random-13.scen,100
100,warehouse-10-20-10-2-1.map,planner,1,11057,8316,264,196,10071,8316,498,0,1,False,warehouse-10-20-10-2-1-random-13.scen,100
100,warehouse-10-20-10-2-1.map,planner,1,11057,8316,264,196,10071,8316,498,0,1,True,warehouse-10-20-10-2-1-random-13.scen,100
100,warehouse-10-20-10-2-1.map,planner,1,11057,8316,264,196,10071,8316,515,0,10,False,warehouse-10-20-10-2-1-random-13.scen,100
100,warehouse-10-20-10-2-1.map,planner,1,11057,8316,264,196,10071,8316,515,0,10,True,warehouse-10-20-10-2-1-random-13.scen,100
100,warehouse-10-20-10-2-1.map,planner,1,11057,8316,264,196,10071,8316,499,0,100,False,warehouse-10-20-10-2-1-random-13.scen,100
100,warehouse-10-20-10-2-1.map,planner,1,11057,8316,264,196,10071,8316,499,0,100,True,warehouse-10-20-10-2-1-random-13.scen,100
100,warehouse-10-20-10-2-1.map,planner,1,11057,8316,264,196,10071,8316,501,0,1000,False,warehouse-10-20-10-2-1-random-13.scen,100
100,warehouse-10-20-10-2-1.map,planner,1,11057,8316,264,196,10071,8316,501,0,1000,True,warehouse-10-20-10-2-1-random-13.scen,100
140,warehouse-10-20-10-2-1.map,planner,1,17186,11393,354,196,15337,11393,2126,0,0,False,warehouse-10-20-10-2-1-random-13.scen,140
140,warehouse-10-20-10-2-1.map,planner,1,17186,11393,354,196,15337,11393,2230,0,0,True,warehouse-10-20-10-2-1-random-13.scen,140
140,warehouse-10-20-10-2-1.map,planner,1,17186,11393,354,196,15337,11393,2217,0,1,False,warehouse-10-20-10-2-1-random-13.scen,140
140,warehouse-10-20-10-2-1.map,planner,1,17186,11393,354,196,15337,11393,2217,0,1,True,warehouse-10-20-10-2-1-random-13.scen,140
140,warehouse-10-20-10-2-1.map,planner,1,17186,11393,354,196,15337,11393,2139,0,10,False,warehouse-10-20-10-2-1-random-13.scen,140
140,warehouse-10-20-10-2-1.map,planner,1,17186,11393,354,196,15337,11393,2139,0,10,True,warehouse-10-20-10-2-1-random-13.scen,140
140,warehouse-10-20-10-2-1.map,planner,1,17186,11393,354,196,15337,11393,2190,0,100,False,warehouse-10-20-10-2-1-random-13.scen,140
140,warehouse-10-20-10-2-1.map,planner,1,17186,11393,354,196,15337,11393,2190,0,100,True,warehouse-10-20-10-2-1-random-13.scen,140
140,warehouse-10-20-10-2-1.map,planner,1,17186,11393,354,196,15337,11393,2201,0,1000,False,warehouse-10-20-10-2-1-random-13.scen,140
140,warehouse-10-20-10-2-1.map,planner,1,17186,11393,354,196,15337,11393,2201,0,1000,True,warehouse-10-20-10-2-1-random-13.scen,140
180,warehouse-10-20-10-2-1.map,planner,1,22431,14647,315,196,19234,14647,14637,0,0,False,warehouse-10-20-10-2-1-random-13.scen,180
180,warehouse-10-20-10-2-1.map,planner,1,22431,14647,315,196,19234,14647,14584,0,0,True,warehouse-10-20-10-2-1-random-13.scen,180
180,warehouse-10-20-10-2-1.map,planner,1,22431,14647,315,196,19234,14647,14723,0,1,False,warehouse-10-20-10-2-1-random-13.scen,180
180,warehouse-10-20-10-2-1.map,planner,1,42652,14647,1118,196,33021,14647,20299,0,1,True,warehouse-10-20-10-2-1-random-13.scen,180
180,warehouse-10-20-10-2-1.map,planner,1,22431,14647,315,196,19234,14647,9847,0,10,False,warehouse-10-20-10-2-1-random-13.scen,180
180,warehouse-10-20-10-2-1.map,planner,1,42652,14647,1118,196,33021,14647,13119,0,10,True,warehouse-10-20-10-2-1-random-13.scen,180
180,warehouse-10-20-10-2-1.map,planner,1,22431,14647,315,196,19234,14647,9192,0,100,False,warehouse-10-20-10-2-1-random-13.scen,180
180,warehouse-10-20-10-2-1.map,planner,1,42652,14647,1118,196,33021,14647,13638,0,100,True,warehouse-10-20-10-2-1-random-13.scen,180
180,warehouse-10-20-10-2-1.map,planner,1,22431,14647,315,196,19234,14647,14083,0,1000,False,warehouse-10-20-10-2-1-random-13.scen,180
180,warehouse-10-20-10-2-1.map,planner,1,42652,14647,1118,196,33021,14647,21641,0,1000,True,warehouse-10-20-10-2-1-random-13.scen,180
220,warehouse-10-20-10-2-1.map,planner,1,36173,17433,709,196,29127,17433,48306,0,0,False,warehouse-10-20-10-2-1-random-13.scen,220
220,warehouse-10-20-10-2-1.map,planner,1,36173,17433,709,196,29127,17433,33285,0,0,True,warehouse-10-20-10-2-1-random-13.scen,220
220,warehouse-10-20-10-2-1.map,planner,1,36173,17433,709,196,29127,17433,29649,0,1,False,warehouse-10-20-10-2-1-random-13.scen,220
220,warehouse-10-20-10-2-1.map,planner,1,36173,17433,709,196,29127,17433,29649,0,1,True,warehouse-10-20-10-2-1-random-13.scen,220
220,warehouse-10-20-10-2-1.map,planner,1,36173,17433,709,196,29127,17433,30841,0,10,False,warehouse-10-20-10-2-1-random-13.scen,220
220,warehouse-10-20-10-2-1.map,planner,1,36173,17433,709,196,29127,17433,30841,0,10,True,warehouse-10-20-10-2-1-random-13.scen,220
220,warehouse-10-20-10-2-1.map,planner,1,36173,17433,709,196,29127,17433,28530,0,100,False,warehouse-10-20-10-2-1-random-13.scen,220
220,warehouse-10-20-10-2-1.map,planner,1,36173,17433,709,196,29127,17433,28530,0,100,True,warehouse-10-20-10-2-1-random-13.scen,220
220,warehouse-10-20-10-2-1.map,planner,1,36173,17433,709,196,29127,17433,46809,0,1000,False,warehouse-10-20-10-2-1-random-13.scen,220
220,warehouse-10-20-10-2-1.map,planner,1,36173,17433,709,196,29127,17433,46809,0,1000,True,warehouse-10-20-10-2-1-random-13.scen,220
20,warehouse-10-20-10-2-1.map,planner,1,1999,1654,204,179,1983,1654,18,0,0,False,warehouse-10-20-10-2-1-random-24.scen,20
20,warehouse-10-20-10-2-1.map,planner,1,1999,1654,204,179,1983,1654,23,0,0,True,warehouse-10-20-10-2-1-random-24.scen,20
20,warehouse-10-20-10-2-1.map,planner,1,1999,1654,204,179,1983,1654,22,0,1,False,warehouse-10-20-10-2-1-random-24.scen,20
20,warehouse-10-20-10-2-1.map,planner,1,1999,1654,204,179,1983,1654,20,0,1,True,warehouse-10-20-10-2-1-random-24.scen,20
20,warehouse-10-20-10-2-1.map,planner,1,1999,1654,204,179,1983,1654,21,0,10,False,warehouse-10-20-10-2-1-random-24.scen,20
20,warehouse-10-20-10-2-1.map,planner,1,1999,1654,204,179,1983,1654,20,0,10,True,warehouse-10-20-10-2-1-random-24.scen,20
20,warehouse-10-20-10-2-1.map,planner,1,1999,1654,204,179,1983,1654,20,0,100,False,warehouse-10-20-10-2-1-random-24.scen,20
20,warehouse-10-20-10-2-1.map,planner,1,1999,1654,204,179,1983,1654,20,0,100,True,warehouse-10-20-10-2-1-random-24.scen,20
20,warehouse-10-20-10-2-1.map,planner,1,1999,1654,204,179,1983,1654,21,0,1000,False,warehouse-10-20-10-2-1-random-24.scen,20
20,warehouse-10-20-10-2-1.map,planner,1,1999,1654,204,179,1983,1654,28,0,1000,True,warehouse-10-20-10-2-1-random-24.scen,20
60,warehouse-10-20-10-2-1.map,planner,1,6314,5501,212,212,6106,5501,6,0,0,False,warehouse-10-20-10-2-1-random-24.scen,60
60,warehouse-10-20-10-2-1.map,planner,1,6314,5501,212,212,6106,5501,7,0,0,True,warehouse-10-20-10-2-1-random-24.scen,60
60,warehouse-10-20-10-2-1.map,planner,1,6314,5501,212,212,6106,5501,5,0,1,False,warehouse-10-20-10-2-1-random-24.scen,60
60,warehouse-10-20-10-2-1.map,planner,1,6795,5501,243,212,6248,5501,6,0,1,True,warehouse-10-20-10-2-1-random-24.scen,60
60,warehouse-10-20-10-2-1.map,planner,1,6314,5501,212,212,6106,5501,5,0,10,False,warehouse-10-20-10-2-1-random-24.scen,60
60,warehouse-10-20-10-2-1.map,planner,1,6795,5501,243,212,6248,5501,5,0,10,True,warehouse-10-20-10-2-1-random-24.scen,60
60,warehouse-10-20-10-2-1.map,planner,1,6314,5501,212,212,6106,5501,5,0,100,False,warehouse-10-20-10-2-1-random-24.scen,60
60,warehouse-10-20-10-2-1.map,planner,1,6795,5501,243,212,6248,5501,6,0,100,True,warehouse-10-20-10-2-1-random-24.scen,60
60,warehouse-10-20-10-2-1.map,planner,1,6314,5501,212,212,6106,5501,5,0,1000,False,warehouse-10-20-10-2-1-random-24.scen,60
60,warehouse-10-20-10-2-1.map,planner,1,6795,5501,243,212,6248,5501,6,0,1000,True,warehouse-10-20-10-2-1-random-24.scen,60
100,warehouse-10-20-10-2-1.map,planner,1,12546,9213,234,212,11389,9213,20,0,0,False,warehouse-10-20-10-2-1-random-24.scen,100
100,warehouse-10-20-10-2-1.map,planner,1,12546,9213,234,212,11389,9213,21,0,0,True,warehouse-10-20-10-2-1-random-24.scen,100
100,warehouse-10-20-10-2-1.map,planner,1,12546,9213,234,212,11389,9213,21,0,1,False,warehouse-10-20-10-2-1-random-24.scen,100
100,warehouse-10-20-10-2-1.map,planner,1,12546,9213,234,212,11389,9213,21,0,1,True,warehouse-10-20-10-2-1-random-24.scen,100
100,warehouse-10-20-10-2-1.map,planner,1,12546,9213,234,212,11389,9213,24,0,10,False,warehouse-10-20-10-2-1-random-24.scen,100
100,warehouse-10-20-10-2-1.map,planner,1,12546,9213,234,212,11389,9213,24,0,10,True,warehouse-10-20-10-2-1-random-24.scen,100
100,warehouse-10-20-10-2-1.map,planner,1,12546,9213,234,212,11389,9213,20,0,100,False,warehouse-10-20-10-2-1-random-24.scen,100
100,warehouse-10-20-10-2-1.map,planner,1,12546,9213,234,212,11389,9213,20,0,100,True,warehouse-10-20-10-2-1-random-24.scen,100
100,warehouse-10-20-10-2-1.map,planner,1,12546,9213,234,212,11389,9213,20,0,1000,False,warehouse-10-20-10-2-1-random-24.scen,100
100,warehouse-10-20-10-2-1.map,planner,1,12546,9213,234,212,11389,9213,20,0,1000,True,warehouse-10-20-10-2-1-random-24.scen,100
140,warehouse-10-20-10-2-1.map,planner,1,18689,12267,388,212,17115,12267,2832,0,0,False,warehouse-10-20-10-2-1-random-24.scen,140
140,warehouse-10-20-10-2-1.map,planner,1,18689,12267,388,212,17115,12267,2861,0,0,True,warehouse-10-20-10-2-1-random-24.scen,140
140,warehouse-10-20-10-2-1.map,planner,1,18689,12267,388,212,17115,12267,2833,0,1,False,warehouse-10-20-10-2-1-random-24.scen,140
140,warehouse-10-20-10-2-1.map,planner,1,20495,12267,522,212,16941,12267,1365,0,1,True,warehouse-10-20-10-2-1-random-24.scen,140
140,warehouse-10-20-10-2-1.map,planner,1,18689,12267,388,212,17115,12267,2915,0,10,False,warehouse-10-20-10-2-1-random-24.scen,140
140,warehouse-10-20-10-2-1.map,planner,1,20495,12267,522,212,16941,12267,1189,0,10,True,warehouse-10-20-10-2-1-random-24.scen,140
140,warehouse-10-20-10-2-1.map,planner,1,18689,12267,388,212,17115,12267,2928,0,100,False,warehouse-10-20-10-2-1-random-24.scen,140
140,warehouse-10-20-10-2-1.map,planner,1,20495,12267,522,212,16941,12267,1298,0,100,True,warehouse-10-20-10-2-1-random-24.scen,140
140,warehouse-10-20-10-2-1.map,planner,1,18689,12267,388,212,17115,12267,2870,0,1000,False,warehouse-10-20-10-2-1-random-24.scen,140
140,warehouse-10-20-10-2-1.map,planner,1,20495,12267,522,212,16941,12267,1383,0,1000,True,warehouse-10-20-10-2-1-random-24.scen,140
180,warehouse-10-20-10-2-1.map,planner,1,28750,15474,706,212,24688,15474,7590,0,0,False,warehouse-10-20-10-2-1-random-24.scen,180
180,warehouse-10-20-10-2-1.map,planner,1,28750,15474,706,212,24688,15474,7931,0,0,True,warehouse-10-20-10-2-1-random-24.scen,180
180,warehouse-10-20-10-2-1.map,planner,1,28750,15474,706,212,24688,15474,7843,0,1,False,warehouse-10-20-10-2-1-random-24.scen,180
180,warehouse-10-20-10-2-1.map,planner,1,43179,15474,1093,212,31266,15474,3956,0,1,True,warehouse-10-20-10-2-1-random-24.scen,180
180,warehouse-10-20-10-2-1.map,planner,1,28750,15474,706,212,24688,15474,7688,0,10,False,warehouse-10-20-10-2-1-random-24.scen,180
180,warehouse-10-20-10-2-1.map,planner,1,43179,15474,1093,212,31266,15474,4244,0,10,True,warehouse-10-20-10-2-1-random-24.scen,180
180,warehouse-10-20-10-2-1.map,planner,1,28750,15474,706,212,24688,15474,7835,0,100,False,warehouse-10-20-10-2-1-random-24.scen,180
180,warehouse-10-20-10-2-1.map,planner,1,43179,15474,1093,212,31266,15474,3980,0,100,True,warehouse-10-20-10-2-1-random-24.scen,180
180,warehouse-10-20-10-2-1.map,planner,1,28750,15474,706,212,24688,15474,7927,0,1000,False,warehouse-10-20-10-2-1-random-24.scen,180
180,warehouse-10-20-10-2-1.map,planner,1,43179,15474,1093,212,31266,15474,3772,0,1000,True,warehouse-10-20-10-2-1-random-24.scen,180
220,warehouse-10-20-10-2-1.map,planner,1,37708,18715,688,212,30730,18715,16062,0,0,False,warehouse-10-20-10-2-1-random-24.scen,220
220,warehouse-10-20-10-2-1.map,planner,1,37708,18715,688,212,30730,18715,17154,0,0,True,warehouse-10-20-10-2-1-random-24.scen,220
220,warehouse-10-20-10-2-1.map,planner,1,37708,18715,688,212,30730,18715,17663,0,1,False,warehouse-10-20-10-2-1-random-24.scen,220
220,warehouse-10-20-10-2-1.map,planner,1,37708,18715,688,212,30730,18715,18399,0,10,False,warehouse-10-20-10-2-1-random-24.scen,220
220,warehouse-10-20-10-2-1.map,planner,1,37708,18715,688,212,30730,18715,19949,0,100,False,warehouse-10-20-10-2-1-random-24.scen,220
220,warehouse-10-20-10-2-1.map,planner,1,37708,18715,688,212,30730,18715,23780,0,1000,False,warehouse-10-20-10-2-1-random-24.scen,220
20,warehouse-10-20-10-2-1.map,planner,1,1864,1640,162,162,1750,1640,2,0,0,False,warehouse-10-20-10-2-1-random-22.scen,20
20,warehouse-10-20-10-2-1.map,planner,1,1864,1640,162,162,1750,1640,2,0,0,True,warehouse-10-20-10-2-1-random-22.scen,20
20,warehouse-10-20-10-2-1.map,planner,1,1864,1640,162,162,1750,1640,2,0,1,False,warehouse-10-20-10-2-1-random-22.scen,20
20,warehouse-10-20-10-2-1.map,planner,1,1864,1640,162,162,1750,1640,2,0,1,True,warehouse-10-20-10-2-1-random-22.scen,20
20,warehouse-10-20-10-2-1.map,planner,1,1864,1640,162,162,1750,1640,2,0,10,False,warehouse-10-20-10-2-1-random-22.scen,20
20,warehouse-10-20-10-2-1.map,planner,1,1864,1640,162,162,1750,1640,2,0,10,True,warehouse-10-20-10-2-1-random-22.scen,20
20,warehouse-10-20-10-2-1.map,planner,1,1864,1640,162,162,1750,1640,2,0,100,False,warehouse-10-20-10-2-1-random-22.scen,20
20,warehouse-10-20-10-2-1.map,planner,1,1864,1640,162,162,1750,1640,2,0,100,True,warehouse-10-20-10-2-1-random-22.scen,20
20,warehouse-10-20-10-2-1.map,planner,1,1864,1640,162,162,1750,1640,2,0,1000,False,warehouse-10-20-10-2-1-random-22.scen,20
20,warehouse-10-20-10-2-1.map,planner,1,1864,1640,162,162,1750,1640,2,0,1000,True,warehouse-10-20-10-2-1-random-22.scen,20
60,warehouse-10-20-10-2-1.map,planner,1,6767,5229,184,181,6136,5229,7,0,0,False,warehouse-10-20-10-2-1-random-22.scen,60
60,warehouse-10-20-10-2-1.map,planner,1,6767,5229,184,181,6136,5229,7,0,0,True,warehouse-10-20-10-2-1-random-22.scen,60
60,warehouse-10-20-10-2-1.map,planner,1,6767,5229,184,181,6136,5229,7,0,1,False,warehouse-10-20-10-2-1-random-22.scen,60
60,warehouse-10-20-10-2-1.map,planner,1,6505,5229,181,181,6010,5229,7,0,1,True,warehouse-10-20-10-2-1-random-22.scen,60
60,warehouse-10-20-10-2-1.map,planner,1,6767,5229,184,181,6136,5229,6,0,10,False,warehouse-10-20-10-2-1-random-22.scen,60
60,warehouse-10-20-10-2-1.map,planner,1,6505,5229,181,181,6010,5229,7,0,10,True,warehouse-10-20-10-2-1-random-22.scen,60
60,warehouse-10-20-10-2-1.map,planner,1,6767,5229,184,181,6136,5229,6,0,100,False,warehouse-10-20-10-2-1-random-22.scen,60
60,warehouse-10-20-10-2-1.map,planner,1,6505,5229,181,181,6010,5229,7,0,100,True,warehouse-10-20-10-2-1-random-22.scen,60
60,warehouse-10-20-10-2-1.map,planner,1,6767,5229,184,181,6136,5229,6,0,1000,False,warehouse-10-20-10-2-1-random-22.scen,60
60,warehouse-10-20-10-2-1.map,planner,1,6505,5229,181,181,6010,5229,7,0,1000,True,warehouse-10-20-10-2-1-random-22.scen,60
100,warehouse-10-20-10-2-1.map,planner,1,11901,8583,237,181,10509,8583,364,0,0,False,warehouse-10-20-10-2-1-random-22.scen,100
100,warehouse-10-20-10-2-1.map,planner,1,11901,8583,237,181,10509,8583,362,0,0,True,warehouse-10-20-10-2-1-random-22.scen,100
100,warehouse-10-20-10-2-1.map,planner,1,11901,8583,237,181,10509,8583,365,0,1,False,warehouse-10-20-10-2-1-random-22.scen,100
100,warehouse-10-20-10-2-1.map,planner,1,12536,8583,300,181,10769,8583,355,0,1,True,warehouse-10-20-10-2-1-random-22.scen,100
100,warehouse-10-20-10-2-1.map,planner,1,11901,8583,237,181,10509,8583,385,0,10,False,warehouse-10-20-10-2-1-random-22.scen,100
100,warehouse-10-20-10-2-1.map,planner,1,12536,8583,300,181,10769,8583,350,0,10,True,warehouse-10-20-10-2-1-random-22.scen,100
100,warehouse-10-20-10-2-1.map,planner,1,11901,8583,237,181,10509,8583,361,0,100,False,warehouse-10-20-10-2-1-random-22.scen,100
100,warehouse-10-20-10-2-1.map,planner,1,12536,8583,300,181,10769,8583,352,0,100,True,warehouse-10-20-10-2-1-random-22.scen,100
100,warehouse-10-20-10-2-1.map,planner,1,11901,8583,237,181,10509,8583,364,0,1000,False,warehouse-10-20-10-2-1-random-22.scen,100
100,warehouse-10-20-10-2-1.map,planner,1,12536,8583,300,181,10769,8583,557,0,1000,True,warehouse-10-20-10-2-1-random-22.scen,100
140,warehouse-10-20-10-2-1.map,planner,1,17789,11338,373,181,15749,11338,4281,0,0,False,warehouse-10-20-10-2-1-random-22.scen,140
140,warehouse-10-20-10-2-1.map,planner,1,17789,11338,373,181,15749,11338,3366,0,0,True,warehouse-10-20-10-2-1-random-22.scen,140
140,warehouse-10-20-10-2-1.map,planner,1,17789,11338,373,181,15749,11338,2733,0,1,False,warehouse-10-20-10-2-1-random-22.scen,140
140,warehouse-10-20-10-2-1.map,planner,1,17789,11338,373,181,15749,11338,2733,0,1,True,warehouse-10-20-10-2-1-random-22.scen,140
140,warehouse-10-20-10-2-1.map,planner,1,17789,11338,373,181,15749,11338,4257,0,10,False,warehouse-10-20-10-2-1-random-22.scen,140
140,warehouse-10-20-10-2-1.map,planner,1,17789,11338,373,181,15749,11338,4257,0,10,True,warehouse-10-20-10-2-1-random-22.scen,140
140,warehouse-10-20-10-2-1.map,planner,1,17789,11338,373,181,15749,11338,4142,0,100,False,warehouse-10-20-10-2-1-random-22.scen,140
140,warehouse-10-20-10-2-1.map,planner,1,17789,11338,373,181,15749,11338,4142,0,100,True,warehouse-10-20-10-2-1-random-22.scen,140
140,warehouse-10-20-10-2-1.map,planner,1,17789,11338,373,181,15749,11338,2955,0,1000,False,warehouse-10-20-10-2-1-random-22.scen,140
140,warehouse-10-20-10-2-1.map,planner,1,17789,11338,373,181,15749,11338,2955,0,1000,True,warehouse-10-20-10-2-1-random-22.scen,140
180,warehouse-10-20-10-2-1.map,planner,1,24365,14498,370,181,20924,14498,1191,0,0,False,warehouse-10-20-10-2-1-random-22.scen,180
180,warehouse-10-20-10-2-1.map,planner,1,24365,14498,370,181,20924,14498,1919,0,0,True,warehouse-10-20-10-2-1-random-22.scen,180
180,warehouse-10-20-10-2-1.map,planner,1,24365,14498,370,181,20924,14498,1168,0,1,False,warehouse-10-20-10-2-1-random-22.scen,180
180,warehouse-10-20-10-2-1.map,planner,1,24365,14498,370,181,20924,14498,1168,0,1,True,warehouse-10-20-10-2-1-random-22.scen,180
180,warehouse-10-20-10-2-1.map,planner,1,24365,14498,370,181,20924,14498,1260,0,10,False,warehouse-10-20-10-2-1-random-22.scen,180
180,warehouse-10-20-10-2-1.map,planner,1,24365,14498,370,181,20924,14498,1260,0,10,True,warehouse-10-20-10-2-1-random-22.scen,180
180,warehouse-10-20-10-2-1.map,planner,1,24365,14498,370,181,20924,14498,1259,0,100,False,warehouse-10-20-10-2-1-random-22.scen,180
180,warehouse-10-20-10-2-1.map,planner,1,24365,14498,370,181,20924,14498,1259,0,100,True,warehouse-10-20-10-2-1-random-22.scen,180
180,warehouse-10-20-10-2-1.map,planner,1,24365,14498,370,181,20924,14498,1143,0,1000,False,warehouse-10-20-10-2-1-random-22.scen,180
180,warehouse-10-20-10-2-1.map,planner,1,24365,14498,370,181,20924,14498,1143,0,1000,True,warehouse-10-20-10-2-1-random-22.scen,180
220,warehouse-10-20-10-2-1.map,planner,1,33050,17789,524,181,27202,17789,3905,0,0,False,warehouse-10-20-10-2-1-random-22.scen,220
220,warehouse-10-20-10-2-1.map,planner,1,33050,17789,524,181,27202,17789,4078,0,0,True,warehouse-10-20-10-2-1-random-22.scen,220
220,warehouse-10-20-10-2-1.map,planner,1,33050,17789,524,181,27202,17789,4043,0,1,False,warehouse-10-20-10-2-1-random-22.scen,220
220,warehouse-10-20-10-2-1.map,planner,1,33050,17789,524,181,27202,17789,4043,0,1,True,warehouse-10-20-10-2-1-random-22.scen,220
220,warehouse-10-20-10-2-1.map,planner,1,33050,17789,524,181,27202,17789,4202,0,10,False,warehouse-10-20-10-2-1-random-22.scen,220
220,warehouse-10-20-10-2-1.map,planner,1,33050,17789,524,181,27202,17789,4202,0,10,True,warehouse-10-20-10-2-1-random-22.scen,220
220,warehouse-10-20-10-2-1.map,planner,1,33050,17789,524,181,27202,17789,4623,0,100,False,warehouse-10-20-10-2-1-random-22.scen,220
220,warehouse-10-20-10-2-1.map,planner,1,33050,17789,524,181,27202,17789,4623,0,100,True,warehouse-10-20-10-2-1-random-22.scen,220
220,warehouse-10-20-10-2-1.map,planner,1,33050,17789,524,181,27202,17789,4461,0,1000,False,warehouse-10-20-10-2-1-random-22.scen,220
220,warehouse-10-20-10-2-1.map,planner,1,33050,17789,524,181,27202,17789,4461,0,1000,True,warehouse-10-20-10-2-1-random-22.scen,220
20,warehouse-10-20-10-2-1.map,planner,1,1552,1491,167,167,1515,1491,3,0,0,False,warehouse-10-20-10-2-1-random-21.scen,20
20,warehouse-10-20-10-2-1.map,planner,1,1552,1491,167,167,1515,1491,2,0,0,True,warehouse-10-20-10-2-1-random-21.scen,20
20,warehouse-10-20-10-2-1.map,planner,1,1552,1491,167,167,1515,1491,3,0,1,False,warehouse-10-20-10-2-1-random-21.scen,20
20,warehouse-10-20-10-2-1.map,planner,1,1552,1491,167,167,1515,1491,2,0,1,True,warehouse-10-20-10-2-1-random-21.scen,20
20,warehouse-10-20-10-2-1.map,planner,1,1552,1491,167,167,1515,1491,3,0,10,False,warehouse-10-20-10-2-1-random-21.scen,20
20,warehouse-10-20-10-2-1.map,planner,1,1552,1491,167,167,1515,1491,2,0,10,True,warehouse-10-20-10-2-1-random-21.scen,20
20,warehouse-10-20-10-2-1.map,planner,1,1552,1491,167,167,1515,1491,3,0,100,False,warehouse-10-20-10-2-1-random-21.scen,20
20,warehouse-10-20-10-2-1.map,planner,1,1552,1491,167,167,1515,1491,2,0,100,True,warehouse-10-20-10-2-1-random-21.scen,20
20,warehouse-10-20-10-2-1.map,planner,1,1552,1491,167,167,1515,1491,3,0,1000,False,warehouse-10-20-10-2-1-random-21.scen,20
20,warehouse-10-20-10-2-1.map,planner,1,1552,1491,167,167,1515,1491,2,0,1000,True,warehouse-10-20-10-2-1-random-21.scen,20
60,warehouse-10-20-10-2-1.map,planner,1,6382,5369,183,183,5924,5369,9,0,0,False,warehouse-10-20-10-2-1-random-21.scen,60
60,warehouse-10-20-10-2-1.map,planner,1,6382,5369,183,183,5924,5369,8,0,0,True,warehouse-10-20-10-2-1-random-21.scen,60
60,warehouse-10-20-10-2-1.map,planner,1,6382,5369,183,183,5924,5369,9,0,1,False,warehouse-10-20-10-2-1-random-21.scen,60
60,warehouse-10-20-10-2-1.map,planner,1,6364,5369,183,183,5973,5369,10,0,1,True,warehouse-10-20-10-2-1-random-21.scen,60
60,warehouse-10-20-10-2-1.map,planner,1,6382,5369,183,183,5924,5369,9,0,10,False,warehouse-10-20-10-2-1-random-21.scen,60
60,warehouse-10-20-10-2-1.map,planner,1,6364,5369,183,183,5973,5369,9,0,10,True,warehouse-10-20-10-2-1-random-21.scen,60
60,warehouse-10-20-10-2-1.map,planner,1,6382,5369,183,183,5924,5369,10,0,100,False,warehouse-10-20-10-2-1-random-21.scen,60
60,warehouse-10-20-10-2-1.map,planner,1,6364,5369,183,183,5973,5369,9,0,100,True,warehouse-10-20-10-2-1-random-21.scen,60
60,warehouse-10-20-10-2-1.map,planner,1,6382,5369,183,183,5924,5369,9,0,1000,False,warehouse-10-20-10-2-1-random-21.scen,60
60,warehouse-10-20-10-2-1.map,planner,1,6364,5369,183,183,5973,5369,7,0,1000,True,warehouse-10-20-10-2-1-random-21.scen,60
100,warehouse-10-20-10-2-1.map,planner,1,11479,8812,204,183,10670,8812,149,0,0,False,warehouse-10-20-10-2-1-random-21.scen,100
100,warehouse-10-20-10-2-1.map,planner,1,11479,8812,204,183,10670,8812,152,0,0,True,warehouse-10-20-10-2-1-random-21.scen,100
100,warehouse-10-20-10-2-1.map,planner,1,11479,8812,204,183,10670,8812,151,0,1,False,warehouse-10-20-10-2-1-random-21.scen,100
100,warehouse-10-20-10-2-1.map,planner,1,19098,8812,688,183,14194,8812,376,0,1,True,warehouse-10-20-10-2-1-random-21.scen,100
100,warehouse-10-20-10-2-1.map,planner,1,11479,8812,204,183,10670,8812,149,0,10,False,warehouse-10-20-10-2-1-random-21.scen,100
100,warehouse-10-20-10-2-1.map,planner,1,19098,8812,688,183,14194,8812,402,0,10,True,warehouse-10-20-10-2-1-random-21.scen,100
100,warehouse-10-20-10-2-1.map,planner,1,11479,8812,204,183,10670,8812,153,0,100,False,warehouse-10-20-10-2-1-random-21.scen,100
100,warehouse-10-20-10-2-1.map,planner,1,19098,8812,688,183,14194,8812,386,0,100,True,warehouse-10-20-10-2-1-random-21.scen,100
100,warehouse-10-20-10-2-1.map,planner,1,11479,8812,204,183,10670,8812,155,0,1000,False,warehouse-10-20-10-2-1-random-21.scen,100
100,warehouse-10-20-10-2-1.map,planner,1,19098,8812,688,183,14194,8812,350,0,1000,True,warehouse-10-20-10-2-1-random-21.scen,100
140,warehouse-10-20-10-2-1.map,planner,1,19266,11766,404,183,16707,11766,2561,0,0,False,warehouse-10-20-10-2-1-random-21.scen,140
140,warehouse-10-20-10-2-1.map,planner,1,19266,11766,404,183,16707,11766,3153,0,0,True,warehouse-10-20-10-2-1-random-21.scen,140
140,warehouse-10-20-10-2-1.map,planner,1,19266,11766,404,183,16707,11766,4053,0,1,False,warehouse-10-20-10-2-1-random-21.scen,140
140,warehouse-10-20-10-2-1.map,planner,1,19266,11766,404,183,16707,11766,4053,0,1,True,warehouse-10-20-10-2-1-random-21.scen,140
140,warehouse-10-20-10-2-1.map,planner,1,19266,11766,404,183,16707,11766,3976,0,10,False,warehouse-10-20-10-2-1-random-21.scen,140
140,warehouse-10-20-10-2-1.map,planner,1,19266,11766,404,183,16707,11766,3976,0,10,True,warehouse-10-20-10-2-1-random-21.scen,140
140,warehouse-10-20-10-2-1.map,planner,1,19266,11766,404,183,16707,11766,2782,0,100,False,warehouse-10-20-10-2-1-random-21.scen,140
140,warehouse-10-20-10-2-1.map,planner,1,19266,11766,404,183,16707,11766,2782,0,100,True,warehouse-10-20-10-2-1-random-21.scen,140
140,warehouse-10-20-10-2-1.map,planner,1,19266,11766,404,183,16707,11766,4114,0,1000,False,warehouse-10-20-10-2-1-random-21.scen,140
140,warehouse-10-20-10-2-1.map,planner,1,19266,11766,404,183,16707,11766,4114,0,1000,True,warehouse-10-20-10-2-1-random-21.scen,140
180,warehouse-10-20-10-2-1.map,planner,1,28390,14534,686,183,24911,14534,16552,0,0,False,warehouse-10-20-10-2-1-random-21.scen,180
180,warehouse-10-20-10-2-1.map,planner,1,28390,14534,686,183,24911,14534,19157,0,0,True,warehouse-10-20-10-2-1-random-21.scen,180
180,warehouse-10-20-10-2-1.map,planner,1,28390,14534,686,183,24911,14534,17660,0,1,False,warehouse-10-20-10-2-1-random-21.scen,180
180,warehouse-10-20-10-2-1.map,planner,1,59115,14534,1655,183,43456,14534,41829,0,1,True,warehouse-10-20-10-2-1-random-21.scen,180
180,warehouse-10-20-10-2-1.map,planner,1,28390,14534,686,183,24911,14534,19503,0,10,False,warehouse-10-20-10-2-1-random-21.scen,180
180,warehouse-10-20-10-2-1.map,planner,1,58530,14534,1542,183,41503,14534,13573,0,10,True,warehouse-10-20-10-2-1-random-21.scen,180
180,warehouse-10-20-10-2-1.map,planner,1,28390,14534,686,183,24911,14534,19724,0,100,False,warehouse-10-20-10-2-1-random-21.scen,180
180,warehouse-10-20-10-2-1.map,planner,1,58530,14534,1542,183,41503,14534,11950,0,100,True,warehouse-10-20-10-2-1-random-21.scen,180
180,warehouse-10-20-10-2-1.map,planner,1,28390,14534,686,183,24911,14534,16387,0,1000,False,warehouse-10-20-10-2-1-random-21.scen,180
180,warehouse-10-20-10-2-1.map,planner,1,58530,14534,1542,183,41503,14534,19636,0,1000,True,warehouse-10-20-10-2-1-random-21.scen,180
220,warehouse-10-20-10-2-1.map,planner,1,36299,17511,747,183,31338,17511,48700,0,0,False,warehouse-10-20-10-2-1-random-21.scen,220
220,warehouse-10-20-10-2-1.map,planner,1,36299,17511,747,183,31338,17511,48369,0,0,True,warehouse-10-20-10-2-1-random-21.scen,220
220,warehouse-10-20-10-2-1.map,planner,1,36299,17511,747,183,31338,17511,47729,0,1,False,warehouse-10-20-10-2-1-random-21.scen,220
220,warehouse-10-20-10-2-1.map,planner,1,36299,17511,747,183,31338,17511,47729,0,1,True,warehouse-10-20-10-2-1-random-21.scen,220
220,warehouse-10-20-10-2-1.map,planner,1,36299,17511,747,183,31338,17511,38493,0,10,False,warehouse-10-20-10-2-1-random-21.scen,220
220,warehouse-10-20-10-2-1.map,planner,1,36299,17511,747,183,31338,17511,37426,0,100,False,warehouse-10-20-10-2-1-random-21.scen,220
220,warehouse-10-20-10-2-1.map,planner,1,60519,17511,1329,183,45355,17511,10736,0,100,True,warehouse-10-20-10-2-1-random-21.scen,220
220,warehouse-10-20-10-2-1.map,planner,1,36299,17511,747,183,31338,17511,40376,0,1000,False,warehouse-10-20-10-2-1-random-21.scen,220
220,warehouse-10-20-10-2-1.map,planner,1,60519,17511,1329,183,45355,17511,11022,0,1000,True,warehouse-10-20-10-2-1-random-21.scen,220
20,warehouse-10-20-10-2-1.map,planner,1,1807,1508,168,168,1573,1508,3,0,0,False,warehouse-10-20-10-2-1-random-14.scen,20
20,warehouse-10-20-10-2-1.map,planner,1,1807,1508,168,168,1573,1508,3,0,0,True,warehouse-10-20-10-2-1-random-14.scen,20
20,warehouse-10-20-10-2-1.map,planner,1,1807,1508,168,168,1573,1508,3,0,1,False,warehouse-10-20-10-2-1-random-14.scen,20
20,warehouse-10-20-10-2-1.map,planner,1,1807,1508,168,168,1573,1508,3,0,1,True,warehouse-10-20-10-2-1-random-14.scen,20
20,warehouse-10-20-10-2-1.map,planner,1,1807,1508,168,168,1573,1508,3,0,10,False,warehouse-10-20-10-2-1-random-14.scen,20
20,warehouse-10-20-10-2-1.map,planner,1,1807,1508,168,168,1573,1508,3,0,10,True,warehouse-10-20-10-2-1-random-14.scen,20
20,warehouse-10-20-10-2-1.map,planner,1,1807,1508,168,168,1573,1508,3,0,100,False,warehouse-10-20-10-2-1-random-14.scen,20
20,warehouse-10-20-10-2-1.map,planner,1,1807,1508,168,168,1573,1508,3,0,100,True,warehouse-10-20-10-2-1-random-14.scen,20
20,warehouse-10-20-10-2-1.map,planner,1,1807,1508,168,168,1573,1508,3,0,1000,False,warehouse-10-20-10-2-1-random-14.scen,20
20,warehouse-10-20-10-2-1.map,planner,1,1807,1508,168,168,1573,1508,3,0,1000,True,warehouse-10-20-10-2-1-random-14.scen,20
60,warehouse-10-20-10-2-1.map,planner,1,7041,5253,219,173,5975,5253,37,0,0,False,warehouse-10-20-10-2-1-random-14.scen,60
60,warehouse-10-20-10-2-1.map,planner,1,7041,5253,219,173,5975,5253,37,0,0,True,warehouse-10-20-10-2-1-random-14.scen,60
60,warehouse-10-20-10-2-1.map,planner,1,7041,5253,219,173,5975,5253,37,0,1,False,warehouse-10-20-10-2-1-random-14.scen,60
60,warehouse-10-20-10-2-1.map,planner,1,7374,5253,261,173,6214,5253,31,0,1,True,warehouse-10-20-10-2-1-random-14.scen,60
60,warehouse-10-20-10-2-1.map,planner,1,7041,5253,219,173,5975,5253,37,0,10,False,warehouse-10-20-10-2-1-random-14.scen,60
60,warehouse-10-20-10-2-1.map,planner,1,7374,5253,261,173,6214,5253,31,0,10,True,warehouse-10-20-10-2-1-random-14.scen,60
60,warehouse-10-20-10-2-1.map,planner,1,7041,5253,219,173,5975,5253,38,0,100,False,warehouse-10-20-10-2-1-random-14.scen,60
60,warehouse-10-20-10-2-1.map,planner,1,7374,5253,261,173,6214,5253,30,0,100,True,warehouse-10-20-10-2-1-random-14.scen,60
60,warehouse-10-20-10-2-1.map,planner,1,7041,5253,219,173,5975,5253,35,0,1000,False,warehouse-10-20-10-2-1-random-14.scen,60
60,warehouse-10-20-10-2-1.map,planner,1,7374,5253,261,173,6214,5253,31,0,1000,True,warehouse-10-20-10-2-1-random-14.scen,60
100,warehouse-10-20-10-2-1.map,planner,1,12620,8842,246,182,11037,8842,55,0,0,False,warehouse-10-20-10-2-1-random-14.scen,100
100,warehouse-10-20-10-2-1.map,planner,1,12620,8842,246,182,11037,8842,60,0,0,True,warehouse-10-20-10-2-1-random-14.scen,100
100,warehouse-10-20-10-2-1.map,planner,1,12620,8842,246,182,11037,8842,54,0,1,False,warehouse-10-20-10-2-1-random-14.scen,100
100,warehouse-10-20-10-2-1.map,planner,1,18122,8842,617,182,14151,8842,643,0,1,True,warehouse-10-20-10-2-1-random-14.scen,100
100,warehouse-10-20-10-2-1.map,planner,1,12620,8842,246,182,11037,8842,55,0,10,False,warehouse-10-20-10-2-1-random-14.scen,100
100,warehouse-10-20-10-2-1.map,planner,1,18122,8842,617,182,14151,8842,647,0,10,True,warehouse-10-20-10-2-1-random-14.scen,100
100,warehouse-10-20-10-2-1.map,planner,1,12620,8842,246,182,11037,8842,54,0,100,False,warehouse-10-20-10-2-1-random-14.scen,100
100,warehouse-10-20-10-2-1.map,planner,1,18122,8842,617,182,14151,8842,636,0,100,True,warehouse-10-20-10-2-1-random-14.scen,100
100,warehouse-10-20-10-2-1.map,planner,1,12620,8842,246,182,11037,8842,55,0,1000,False,warehouse-10-20-10-2-1-random-14.scen,100
100,warehouse-10-20-10-2-1.map,planner,1,18122,8842,617,182,14151,8842,643,0,1000,True,warehouse-10-20-10-2-1-random-14.scen,100
140,warehouse-10-20-10-2-1.map,planner,1,19338,11607,384,182,16457,11607,1811,0,0,False,warehouse-10-20-10-2-1-random-14.scen,140
140,warehouse-10-20-10-2-1.map,planner,1,19338,11607,384,182,16457,11607,1818,0,0,True,warehouse-10-20-10-2-1-random-14.scen,140
140,warehouse-10-20-10-2-1.map,planner,1,19338,11607,384,182,16457,11607,1809,0,1,False,warehouse-10-20-10-2-1-random-14.scen,140
140,warehouse-10-20-10-2-1.map,planner,1,19338,11607,384,182,16457,11607,1809,0,1,True,warehouse-10-20-10-2-1-random-14.scen,140
140,warehouse-10-20-10-2-1.map,planner,1,19338,11607,384,182,16457,11607,1313,0,10,False,warehouse-10-20-10-2-1-random-14.scen,140
140,warehouse-10-20-10-2-1.map,planner,1,19338,11607,384,182,16457,11607,1313,0,10,True,warehouse-10-20-10-2-1-random-14.scen,140
140,warehouse-10-20-10-2-1.map,planner,1,19338,11607,384,182,16457,11607,1124,0,100,False,warehouse-10-20-10-2-1-random-14.scen,140
140,warehouse-10-20-10-2-1.map,planner,1,19338,11607,384,182,16457,11607,1124,0,100,True,warehouse-10-20-10-2-1-random-14.scen,140
140,warehouse-10-20-10-2-1.map,planner,1,19338,11607,384,182,16457,11607,1120,0,1000,False,warehouse-10-20-10-2-1-random-14.scen,140
140,warehouse-10-20-10-2-1.map,planner,1,19338,11607,384,182,16457,11607,1120,0,1000,True,warehouse-10-20-10-2-1-random-14.scen,140
180,warehouse-10-20-10-2-1.map,planner,1,28458,14519,693,193,23226,14519,5820,0,0,False,warehouse-10-20-10-2-1-random-14.scen,180
180,warehouse-10-20-10-2-1.map,planner,1,28458,14519,693,193,23226,14519,3644,0,0,True,warehouse-10-20-10-2-1-random-14.scen,180
180,warehouse-10-20-10-2-1.map,planner,1,28458,14519,693,193,23226,14519,3382,0,1,False,warehouse-10-20-10-2-1-random-14.scen,180
180,warehouse-10-20-10-2-1.map,planner,1,28458,14519,693,193,23226,14519,3382,0,1,True,warehouse-10-20-10-2-1-random-14.scen,180
180,warehouse-10-20-10-2-1.map,planner,1,28458,14519,693,193,23226,14519,5643,0,10,False,warehouse-10-20-10-2-1-random-14.scen,180
180,warehouse-10-20-10-2-1.map,planner,1,28458,14519,693,193,23226,14519,5643,0,10,True,warehouse-10-20-10-2-1-random-14.scen,180
180,warehouse-10-20-10-2-1.map,planner,1,28458,14519,693,193,23226,14519,5663,0,100,False,warehouse-10-20-10-2-1-random-14.scen,180
180,warehouse-10-20-10-2-1.map,planner,1,28458,14519,693,193,23226,14519,5663,0,100,True,warehouse-10-20-10-2-1-random-14.scen,180
180,warehouse-10-20-10-2-1.map,planner,1,28458,14519,693,193,23226,14519,4435,0,1000,False,warehouse-10-20-10-2-1-random-14.scen,180
180,warehouse-10-20-10-2-1.map,planner,1,28458,14519,693,193,23226,14519,4435,0,1000,True,warehouse-10-20-10-2-1-random-14.scen,180
220,warehouse-10-20-10-2-1.map,planner,1,42010,17591,972,193,33010,17591,30943,0,0,False,warehouse-10-20-10-2-1-random-14.scen,220
220,warehouse-10-20-10-2-1.map,planner,1,42010,17591,972,193,33010,17591,30631,0,0,True,warehouse-10-20-10-2-1-random-14.scen,220
220,warehouse-10-20-10-2-1.map,planner,1,42010,17591,972,193,33010,17591,28028,0,1,False,warehouse-10-20-10-2-1-random-14.scen,220
220,warehouse-10-20-10-2-1.map,planner,1,42010,17591,972,193,33010,17591,35844,0,10,False,warehouse-10-20-10-2-1-random-14.scen,220
220,warehouse-10-20-10-2-1.map,planner,1,42010,17591,972,193,33010,17591,35844,0,10,True,warehouse-10-20-10-2-1-random-14.scen,220
220,warehouse-10-20-10-2-1.map,planner,1,42010,17591,972,193,33010,17591,27938,0,100,False,warehouse-10-20-10-2-1-random-14.scen,220
220,warehouse-10-20-10-2-1.map,planner,1,42010,17591,972,193,33010,17591,27938,0,100,True,warehouse-10-20-10-2-1-random-14.scen,220
220,warehouse-10-20-10-2-1.map,planner,1,42010,17591,972,193,33010,17591,20089,0,1000,False,warehouse-10-20-10-2-1-random-14.scen,220
220,warehouse-10-20-10-2-1.map,planner,1,42010,17591,972,193,33010,17591,20089,0,1000,True,warehouse-10-20-10-2-1-random-14.scen,220
20,warehouse-10-20-10-2-1.map,planner,1,1693,1594,175,175,1634,1594,3,0,0,False,warehouse-10-20-10-2-1-random-20.scen,20
20,warehouse-10-20-10-2-1.map,planner,1,1693,1594,175,175,1634,1594,3,0,0,True,warehouse-10-20-10-2-1-random-20.scen,20
20,warehouse-10-20-10-2-1.map,planner,1,1693,1594,175,175,1634,1594,3,0,1,False,warehouse-10-20-10-2-1-random-20.scen,20
20,warehouse-10-20-10-2-1.map,planner,1,1693,1594,175,175,1634,1594,3,0,1,True,warehouse-10-20-10-2-1-random-20.scen,20
20,warehouse-10-20-10-2-1.map,planner,1,1693,1594,175,175,1634,1594,3,0,10,False,warehouse-10-20-10-2-1-random-20.scen,20
20,warehouse-10-20-10-2-1.map,planner,1,1693,1594,175,175,1634,1594,3,0,10,True,warehouse-10-20-10-2-1-random-20.scen,20
20,warehouse-10-20-10-2-1.map,planner,1,1693,1594,175,175,1634,1594,3,0,100,False,warehouse-10-20-10-2-1-random-20.scen,20
20,warehouse-10-20-10-2-1.map,planner,1,1693,1594,175,175,1634,1594,2,0,100,True,warehouse-10-20-10-2-1-random-20.scen,20
20,warehouse-10-20-10-2-1.map,planner,1,1693,1594,175,175,1634,1594,3,0,1000,False,warehouse-10-20-10-2-1-random-20.scen,20
20,warehouse-10-20-10-2-1.map,planner,1,1693,1594,175,175,1634,1594,3,0,1000,True,warehouse-10-20-10-2-1-random-20.scen,20
60,warehouse-10-20-10-2-1.map,planner,1,6248,5328,175,175,5825,5328,9,0,0,False,warehouse-10-20-10-2-1-random-20.scen,60
60,warehouse-10-20-10-2-1.map,planner,1,6248,5328,175,175,5825,5328,9,0,0,True,warehouse-10-20-10-2-1-random-20.scen,60
60,warehouse-10-20-10-2-1.map,planner,1,6248,5328,175,175,5825,5328,10,0,1,False,warehouse-10-20-10-2-1-random-20.scen,60
60,warehouse-10-20-10-2-1.map,planner,1,6202,5328,192,175,5841,5328,6,0,1,True,warehouse-10-20-10-2-1-random-20.scen,60
60,warehouse-10-20-10-2-1.map,planner,1,6248,5328,175,175,5825,5328,6,0,10,False,warehouse-10-20-10-2-1-random-20.scen,60
60,warehouse-10-20-10-2-1.map,planner,1,6202,5328,192,175,5841,5328,7,0,10,True,warehouse-10-20-10-2-1-random-20.scen,60
60,warehouse-10-20-10-2-1.map,planner,1,6248,5328,175,175,5825,5328,5,0,100,False,warehouse-10-20-10-2-1-random-20.scen,60
60,warehouse-10-20-10-2-1.map,planner,1,6202,5328,192,175,5841,5328,7,0,100,True,warehouse-10-20-10-2-1-random-20.scen,60
60,warehouse-10-20-10-2-1.map,planner,1,6248,5328,175,175,5825,5328,6,0,1000,False,warehouse-10-20-10-2-1-random-20.scen,60
60,warehouse-10-20-10-2-1.map,planner,1,6202,5328,192,175,5841,5328,6,0,1000,True,warehouse-10-20-10-2-1-random-20.scen,60
100,warehouse-10-20-10-2-1.map,planner,1,11815,8805,242,175,10582,8805,41,0,0,False,warehouse-10-20-10-2-1-random-20.scen,100
100,warehouse-10-20-10-2-1.map,planner,1,11815,8805,242,175,10582,8805,41,0,0,True,warehouse-10-20-10-2-1-random-20.scen,100
100,warehouse-10-20-10-2-1.map,planner,1,11815,8805,242,175,10582,8805,42,0,1,False,warehouse-10-20-10-2-1-random-20.scen,100
100,warehouse-10-20-10-2-1.map,planner,1,11815,8805,242,175,10582,8805,42,0,1,True,warehouse-10-20-10-2-1-random-20.scen,100
100,warehouse-10-20-10-2-1.map,planner,1,11815,8805,242,175,10582,8805,42,0,10,False,warehouse-10-20-10-2-1-random-20.scen,100
100,warehouse-10-20-10-2-1.map,planner,1,11815,8805,242,175,10582,8805,42,0,10,True,warehouse-10-20-10-2-1-random-20.scen,100
100,warehouse-10-20-10-2-1.map,planner,1,11815,8805,242,175,10582,8805,43,0,100,False,warehouse-10-20-10-2-1-random-20.scen,100
100,warehouse-10-20-10-2-1.map,planner,1,11815,8805,242,175,10582,8805,43,0,100,True,warehouse-10-20-10-2-1-random-20.scen,100
100,warehouse-10-20-10-2-1.map,planner,1,11815,8805,242,175,10582,8805,42,0,1000,False,warehouse-10-20-10-2-1-random-20.scen,100
100,warehouse-10-20-10-2-1.map,planner,1,11815,8805,242,175,10582,8805,42,0,1000,True,warehouse-10-20-10-2-1-random-20.scen,100
140,warehouse-10-20-10-2-1.map,planner,1,17343,11446,252,175,15022,11446,215,0,0,False,warehouse-10-20-10-2-1-random-20.scen,140
140,warehouse-10-20-10-2-1.map,planner,1,17343,11446,252,175,15022,11446,137,0,0,True,warehouse-10-20-10-2-1-random-20.scen,140
140,warehouse-10-20-10-2-1.map,planner,1,17343,11446,252,175,15022,11446,139,0,1,False,warehouse-10-20-10-2-1-random-20.scen,140
140,warehouse-10-20-10-2-1.map,planner,1,26903,11446,889,175,22008,11446,8892,0,1,True,warehouse-10-20-10-2-1-random-20.scen,140
140,warehouse-10-20-10-2-1.map,planner,1,17343,11446,252,175,15022,11446,137,0,10,False,warehouse-10-20-10-2-1-random-20.scen,140
140,warehouse-10-20-10-2-1.map,planner,1,26903,11446,889,175,22008,11446,10205,0,10,True,warehouse-10-20-10-2-1-random-20.scen,140
140,warehouse-10-20-10-2-1.map,planner,1,17343,11446,252,175,15022,11446,134,0,100,False,warehouse-10-20-10-2-1-random-20.scen,140
140,warehouse-10-20-10-2-1.map,planner,1,26903,11446,889,175,22008,11446,8904,0,100,True,warehouse-10-20-10-2-1-random-20.scen,140
140,warehouse-10-20-10-2-1.map,planner,1,17343,11446,252,175,15022,11446,149,0,1000,False,warehouse-10-20-10-2-1-random-20.scen,140
140,warehouse-10-20-10-2-1.map,planner,1,26903,11446,889,175,22008,11446,9251,0,1000,True,warehouse-10-20-10-2-1-random-20.scen,140
260,warehouse-10-20-10-2-1.map,planner,1,43832,20624,964,199,36868,20624,35858,0,0,False,warehouse-10-20-10-2-1-random-20.scen,260
260,warehouse-10-20-10-2-1.map,planner,1,43832,20624,964,199,36868,20624,37415,0,0,True,warehouse-10-20-10-2-1-random-20.scen,260
260,warehouse-10-20-10-2-1.map,planner,1,43832,20624,964,199,36868,20624,36631,0,1,False,warehouse-10-20-10-2-1-random-20.scen,260
260,warehouse-10-20-10-2-1.map,planner,1,138356,20624,2668,199,91289,20624,34265,0,1,True,warehouse-10-20-10-2-1-random-20.scen,260
260,warehouse-10-20-10-2-1.map,planner,1,43832,20624,964,199,36868,20624,37789,0,10,False,warehouse-10-20-10-2-1-random-20.scen,260
260,warehouse-10-20-10-2-1.map,planner,1,43832,20624,964,199,36868,20624,36832,0,100,False,warehouse-10-20-10-2-1-random-20.scen,260
260,warehouse-10-20-10-2-1.map,planner,1,43832,20624,964,199,36868,20624,36510,0,1000,False,warehouse-10-20-10-2-1-random-20.scen,260
20,warehouse-10-20-10-2-1.map,planner,1,1856,1752,198,177,1836,1752,4,0,0,False,warehouse-10-20-10-2-1-random-2.scen,20
20,warehouse-10-20-10-2-1.map,planner,1,1856,1752,198,177,1836,1752,3,0,0,True,warehouse-10-20-10-2-1-random-2.scen,20
20,warehouse-10-20-10-2-1.map,planner,1,1856,1752,198,177,1836,1752,3,0,1,False,warehouse-10-20-10-2-1-random-2.scen,20
20,warehouse-10-20-10-2-1.map,planner,1,1856,1752,198,177,1836,1752,4,0,1,True,warehouse-10-20-10-2-1-random-2.scen,20
20,warehouse-10-20-10-2-1.map,planner,1,1856,1752,198,177,1836,1752,3,0,10,False,warehouse-10-20-10-2-1-random-2.scen,20
20,warehouse-10-20-10-2-1.map,planner,1,1856,1752,198,177,1836,1752,3,0,10,True,warehouse-10-20-10-2-1-random-2.scen,20
20,warehouse-10-20-10-2-1.map,planner,1,1856,1752,198,177,1836,1752,3,0,100,False,warehouse-10-20-10-2-1-random-2.scen,20
20,warehouse-10-20-10-2-1.map,planner,1,1856,1752,198,177,1836,1752,3,0,100,True,warehouse-10-20-10-2-1-random-2.scen,20
20,warehouse-10-20-10-2-1.map,planner,1,1856,1752,198,177,1836,1752,3,0,1000,False,warehouse-10-20-10-2-1-random-2.scen,20
20,warehouse-10-20-10-2-1.map,planner,1,1856,1752,198,177,1836,1752,4,0,1000,True,warehouse-10-20-10-2-1-random-2.scen,20
60,warehouse-10-20-10-2-1.map,planner,1,6388,5359,178,178,5867,5359,10,0,0,False,warehouse-10-20-10-2-1-random-2.scen,60
60,warehouse-10-20-10-2-1.map,planner,1,6388,5359,178,178,5867,5359,10,0,0,True,warehouse-10-20-10-2-1-random-2.scen,60
60,warehouse-10-20-10-2-1.map,planner,1,6388,5359,178,178,5867,5359,9,0,1,False,warehouse-10-20-10-2-1-random-2.scen,60
60,warehouse-10-20-10-2-1.map,planner,1,6332,5359,196,178,5857,5359,10,0,1,True,warehouse-10-20-10-2-1-random-2.scen,60
60,warehouse-10-20-10-2-1.map,planner,1,6388,5359,178,178,5867,5359,9,0,10,False,warehouse-10-20-10-2-1-random-2.scen,60
60,warehouse-10-20-10-2-1.map,planner,1,6332,5359,196,178,5857,5359,10,0,10,True,warehouse-10-20-10-2-1-random-2.scen,60
60,warehouse-10-20-10-2-1.map,planner,1,6388,5359,178,178,5867,5359,9,0,100,False,warehouse-10-20-10-2-1-random-2.scen,60
60,warehouse-10-20-10-2-1.map,planner,1,6332,5359,196,178,5857,5359,10,0,100,True,warehouse-10-20-10-2-1-random-2.scen,60
60,warehouse-10-20-10-2-1.map,planner,1,6388,5359,178,178,5867,5359,10,0,1000,False,warehouse-10-20-10-2-1-random-2.scen,60
60,warehouse-10-20-10-2-1.map,planner,1,6332,5359,196,178,5857,5359,10,0,1000,True,warehouse-10-20-10-2-1-random-2.scen,60
100,warehouse-10-20-10-2-1.map,planner,1,11527,8963,217,194,10519,8963,90,0,0,False,warehouse-10-20-10-2-1-random-2.scen,100
100,warehouse-10-20-10-2-1.map,planner,1,11527,8963,217,194,10519,8963,92,0,0,True,warehouse-10-20-10-2-1-random-2.scen,100
100,warehouse-10-20-10-2-1.map,planner,1,11527,8963,217,194,10519,8963,91,0,1,False,warehouse-10-20-10-2-1-random-2.scen,100
100,warehouse-10-20-10-2-1.map,planner,1,11401,8963,219,194,10440,8963,121,0,1,True,warehouse-10-20-10-2-1-random-2.scen,100
100,warehouse-10-20-10-2-1.map,planner,1,11527,8963,217,194,10519,8963,92,0,10,False,warehouse-10-20-10-2-1-random-2.scen,100
100,warehouse-10-20-10-2-1.map,planner,1,11401,8963,219,194,10440,8963,128,0,10,True,warehouse-10-20-10-2-1-random-2.scen,100
100,warehouse-10-20-10-2-1.map,planner,1,11527,8963,217,194,10519,8963,92,0,100,False,warehouse-10-20-10-2-1-random-2.scen,100
100,warehouse-10-20-10-2-1.map,planner,1,11401,8963,219,194,10440,8963,124,0,100,True,warehouse-10-20-10-2-1-random-2.scen,100
100,warehouse-10-20-10-2-1.map,planner,1,11527,8963,217,194,10519,8963,93,0,1000,False,warehouse-10-20-10-2-1-random-2.scen,100
100,warehouse-10-20-10-2-1.map,planner,1,11401,8963,219,194,10440,8963,120,0,1000,True,warehouse-10-20-10-2-1-random-2.scen,100
140,warehouse-10-20-10-2-1.map,planner,1,16314,11668,244,194,15001,11668,582,0,0,False,warehouse-10-20-10-2-1-random-2.scen,140
140,warehouse-10-20-10-2-1.map,planner,1,16314,11668,244,194,15001,11668,583,0,0,True,warehouse-10-20-10-2-1-random-2.scen,140
140,warehouse-10-20-10-2-1.map,planner,1,16314,11668,244,194,15001,11668,585,0,1,False,warehouse-10-20-10-2-1-random-2.scen,140
140,warehouse-10-20-10-2-1.map,planner,1,38309,11668,1084,194,26030,11668,2105,0,1,True,warehouse-10-20-10-2-1-random-2.scen,140
140,warehouse-10-20-10-2-1.map,planner,1,16314,11668,244,194,15001,11668,588,0,10,False,warehouse-10-20-10-2-1-random-2.scen,140
140,warehouse-10-20-10-2-1.map,planner,1,38309,11668,1084,194,26030,11668,1952,0,10,True,warehouse-10-20-10-2-1-random-2.scen,140
140,warehouse-10-20-10-2-1.map,planner,1,16314,11668,244,194,15001,11668,591,0,100,False,warehouse-10-20-10-2-1-random-2.scen,140
140,warehouse-10-20-10-2-1.map,planner,1,38309,11668,1084,194,26030,11668,2176,0,100,True,warehouse-10-20-10-2-1-random-2.scen,140
140,warehouse-10-20-10-2-1.map,planner,1,16314,11668,244,194,15001,11668,589,0,1000,False,warehouse-10-20-10-2-1-random-2.scen,140
140,warehouse-10-20-10-2-1.map,planner,1,38309,11668,1084,194,26030,11668,2184,0,1000,True,warehouse-10-20-10-2-1-random-2.scen,140
180,warehouse-10-20-10-2-1.map,planner,1,27910,14675,643,194,23243,14675,13713,0,0,False,warehouse-10-20-10-2-1-random-2.scen,180
180,warehouse-10-20-10-2-1.map,planner,1,27910,14675,643,194,23243,14675,12540,0,0,True,warehouse-10-20-10-2-1-random-2.scen,180
180,warehouse-10-20-10-2-1.map,planner,1,27910,14675,643,194,23243,14675,11709,0,1,False,warehouse-10-20-10-2-1-random-2.scen,180
180,warehouse-10-20-10-2-1.map,planner,1,67945,14675,1517,194,39174,14675,2532,0,1,True,warehouse-10-20-10-2-1-random-2.scen,180
180,warehouse-10-20-10-2-1.map,planner,1,27910,14675,643,194,23243,14675,11597,0,10,False,warehouse-10-20-10-2-1-random-2.scen,180
180,warehouse-10-20-10-2-1.map,planner,1,67945,14675,1517,194,39174,14675,3537,0,10,True,warehouse-10-20-10-2-1-random-2.scen,180
180,warehouse-10-20-10-2-1.map,planner,1,27910,14675,643,194,23243,14675,13275,0,100,False,warehouse-10-20-10-2-1-random-2.scen,180
180,warehouse-10-20-10-2-1.map,planner,1,67945,14675,1517,194,39174,14675,4339,0,100,True,warehouse-10-20-10-2-1-random-2.scen,180
180,warehouse-10-20-10-2-1.map,planner,1,27910,14675,643,194,23243,14675,14199,0,1000,False,warehouse-10-20-10-2-1-random-2.scen,180
180,warehouse-10-20-10-2-1.map,planner,1,67945,14675,1517,194,39174,14675,2606,0,1000,True,warehouse-10-20-10-2-1-random-2.scen,180
220,warehouse-10-20-10-2-1.map,planner,1,29509,17778,274,194,24850,17778,1396,0,0,False,warehouse-10-20-10-2-1-random-2.scen,220
220,warehouse-10-20-10-2-1.map,planner,1,29509,17778,274,194,24850,17778,2430,0,0,True,warehouse-10-20-10-2-1-random-2.scen,220
220,warehouse-10-20-10-2-1.map,planner,1,29509,17778,274,194,24850,17778,1413,0,1,False,warehouse-10-20-10-2-1-random-2.scen,220
220,warehouse-10-20-10-2-1.map,planner,1,62210,17778,1308,194,44117,17778,4156,0,1,True,warehouse-10-20-10-2-1-random-2.scen,220
220,warehouse-10-20-10-2-1.map,planner,1,29509,17778,274,194,24850,17778,1407,0,10,False,warehouse-10-20-10-2-1-random-2.scen,220
220,warehouse-10-20-10-2-1.map,planner,1,62210,17778,1308,194,44117,17778,3570,0,10,True,warehouse-10-20-10-2-1-random-2.scen,220
220,warehouse-10-20-10-2-1.map,planner,1,29509,17778,274,194,24850,17778,1373,0,100,False,warehouse-10-20-10-2-1-random-2.scen,220
220,warehouse-10-20-10-2-1.map,planner,1,62210,17778,1308,194,44117,17778,2973,0,100,True,warehouse-10-20-10-2-1-random-2.scen,220
220,warehouse-10-20-10-2-1.map,planner,1,29509,17778,274,194,24850,17778,1462,0,1000,False,warehouse-10-20-10-2-1-random-2.scen,220
220,warehouse-10-20-10-2-1.map,planner,1,62210,17778,1308,194,44117,17778,2990,0,1000,True,warehouse-10-20-10-2-1-random-2.scen,220
260,warehouse-10-20-10-2-1.map,planner,1,37972,21235,461,194,31392,21235,1155,0,0,False,warehouse-10-20-10-2-1-random-2.scen,260
260,warehouse-10-20-10-2-1.map,planner,1,37972,21235,461,194,31392,21235,899,0,0,True,warehouse-10-20-10-2-1-random-2.scen,260
260,warehouse-10-20-10-2-1.map,planner,1,37972,21235,461,194,31392,21235,980,0,1,False,warehouse-10-20-10-2-1-random-2.scen,260
260,warehouse-10-20-10-2-1.map,planner,1,163978,21235,2829,194,99332,21235,29065,0,1,True,warehouse-10-20-10-2-1-random-2.scen,260
260,warehouse-10-20-10-2-1.map,planner,1,37972,21235,461,194,31392,21235,934,0,10,False,warehouse-10-20-10-2-1-random-2.scen,260
260,warehouse-10-20-10-2-1.map,planner,1,135764,21235,2249,194,78765,21235,15283,0,10,True,warehouse-10-20-10-2-1-random-2.scen,260
260,warehouse-10-20-10-2-1.map,planner,1,37972,21235,461,194,31392,21235,1086,0,100,False,warehouse-10-20-10-2-1-random-2.scen,260
260,warehouse-10-20-10-2-1.map,planner,1,134780,21235,2209,194,77412,21235,14817,0,100,True,warehouse-10-20-10-2-1-random-2.scen,260
260,warehouse-10-20-10-2-1.map,planner,1,37972,21235,461,194,31392,21235,1142,0,1000,False,warehouse-10-20-10-2-1-random-2.scen,260
260,warehouse-10-20-10-2-1.map,planner,1,134780,21235,2209,194,77412,21235,16025,0,1000,True,warehouse-10-20-10-2-1-random-2.scen,260
20,warehouse-10-20-10-2-1.map,planner,1,1623,1491,168,168,1546,1491,3,0,0,False,warehouse-10-20-10-2-1-random-7.scen,20
20,warehouse-10-20-10-2-1.map,planner,1,1623,1491,168,168,1546,1491,3,0,0,True,warehouse-10-20-10-2-1-random-7.scen,20
20,warehouse-10-20-10-2-1.map,planner,1,1623,1491,168,168,1546,1491,3,0,1,False,warehouse-10-20-10-2-1-random-7.scen,20
20,warehouse-10-20-10-2-1.map,planner,1,1623,1491,168,168,1546,1491,3,0,1,True,warehouse-10-20-10-2-1-random-7.scen,20
20,warehouse-10-20-10-2-1.map,planner,1,1623,1491,168,168,1546,1491,2,0,10,False,warehouse-10-20-10-2-1-random-7.scen,20
20,warehouse-10-20-10-2-1.map,planner,1,1623,1491,168,168,1546,1491,2,0,10,True,warehouse-10-20-10-2-1-random-7.scen,20
20,warehouse-10-20-10-2-1.map,planner,1,1623,1491,168,168,1546,1491,2,0,100,False,warehouse-10-20-10-2-1-random-7.scen,20
20,warehouse-10-20-10-2-1.map,planner,1,1623,1491,168,168,1546,1491,2,0,100,True,warehouse-10-20-10-2-1-random-7.scen,20
20,warehouse-10-20-10-2-1.map,planner,1,1623,1491,168,168,1546,1491,2,0,1000,False,warehouse-10-20-10-2-1-random-7.scen,20
20,warehouse-10-20-10-2-1.map,planner,1,1623,1491,168,168,1546,1491,2,0,1000,True,warehouse-10-20-10-2-1-random-7.scen,20
60,warehouse-10-20-10-2-1.map,planner,1,5296,4341,195,173,4849,4341,82,0,0,False,warehouse-10-20-10-2-1-random-7.scen,60
60,warehouse-10-20-10-2-1.map,planner,1,5296,4341,195,173,4849,4341,83,0,0,True,warehouse-10-20-10-2-1-random-7.scen,60
60,warehouse-10-20-10-2-1.map,planner,1,5296,4341,195,173,4849,4341,81,0,1,False,warehouse-10-20-10-2-1-random-7.scen,60
60,warehouse-10-20-10-2-1.map,planner,1,5296,4341,195,173,4849,4341,81,0,1,True,warehouse-10-20-10-2-1-random-7.scen,60
60,warehouse-10-20-10-2-1.map,planner,1,5296,4341,195,173,4849,4341,83,0,10,False,warehouse-10-20-10-2-1-random-7.scen,60
60,warehouse-10-20-10-2-1.map,planner,1,5296,4341,195,173,4849,4341,83,0,10,True,warehouse-10-20-10-2-1-random-7.scen,60
60,warehouse-10-20-10-2-1.map,planner,1,5296,4341,195,173,4849,4341,85,0,100,False,warehouse-10-20-10-2-1-random-7.scen,60
60,warehouse-10-20-10-2-1.map,planner,1,5296,4341,195,173,4849,4341,81,0,100,True,warehouse-10-20-10-2-1-random-7.scen,60
60,warehouse-10-20-10-2-1.map,planner,1,5296,4341,195,173,4849,4341,84,0,1000,False,warehouse-10-20-10-2-1-random-7.scen,60
60,warehouse-10-20-10-2-1.map,planner,1,5296,4341,195,173,4849,4341,82,0,1000,True,warehouse-10-20-10-2-1-random-7.scen,60
100,warehouse-10-20-10-2-1.map,planner,1,10548,8165,183,183,9501,8165,14,0,0,False,warehouse-10-20-10-2-1-random-7.scen,100
100,warehouse-10-20-10-2-1.map,planner,1,10548,8165,183,183,9501,8165,15,0,0,True,warehouse-10-20-10-2-1-random-7.scen,100
100,warehouse-10-20-10-2-1.map,planner,1,10548,8165,183,183,9501,8165,16,0,1,False,warehouse-10-20-10-2-1-random-7.scen,100
100,warehouse-10-20-10-2-1.map,planner,1,11626,8165,335,183,10076,8165,178,0,1,True,warehouse-10-20-10-2-1-random-7.scen,100
100,warehouse-10-20-10-2-1.map,planner,1,10548,8165,183,183,9501,8165,15,0,10,False,warehouse-10-20-10-2-1-random-7.scen,100
100,warehouse-10-20-10-2-1.map,planner,1,11626,8165,335,183,10076,8165,165,0,10,True,warehouse-10-20-10-2-1-random-7.scen,100
100,warehouse-10-20-10-2-1.map,planner,1,10548,8165,183,183,9501,8165,15,0,100,False,warehouse-10-20-10-2-1-random-7.scen,100
100,warehouse-10-20-10-2-1.map,planner,1,11626,8165,335,183,10076,8165,146,0,100,True,warehouse-10-20-10-2-1-random-7.scen,100
100,warehouse-10-20-10-2-1.map,planner,1,10548,8165,183,183,9501,8165,15,0,1000,False,warehouse-10-20-10-2-1-random-7.scen,100
100,warehouse-10-20-10-2-1.map,planner,1,11626,8165,335,183,10076,8165,166,0,1000,True,warehouse-10-20-10-2-1-random-7.scen,100
140,warehouse-10-20-10-2-1.map,planner,1,15701,11175,203,203,13465,11175,23,0,0,False,warehouse-10-20-10-2-1-random-7.scen,140
140,warehouse-10-20-10-2-1.map,planner,1,15701,11175,203,203,13465,11175,23,0,0,True,warehouse-10-20-10-2-1-random-7.scen,140
140,warehouse-10-20-10-2-1.map,planner,1,15701,11175,203,203,13465,11175,22,0,1,False,warehouse-10-20-10-2-1-random-7.scen,140
140,warehouse-10-20-10-2-1.map,planner,1,16609,11175,353,203,14367,11175,243,0,1,True,warehouse-10-20-10-2-1-random-7.scen,140
140,warehouse-10-20-10-2-1.map,planner,1,15701,11175,203,203,13465,11175,23,0,10,False,warehouse-10-20-10-2-1-random-7.scen,140
140,warehouse-10-20-10-2-1.map,planner,1,16609,11175,353,203,14367,11175,234,0,10,True,warehouse-10-20-10-2-1-random-7.scen,140
140,warehouse-10-20-10-2-1.map,planner,1,15701,11175,203,203,13465,11175,23,0,100,False,warehouse-10-20-10-2-1-random-7.scen,140
140,warehouse-10-20-10-2-1.map,planner,1,16609,11175,353,203,14367,11175,241,0,100,True,warehouse-10-20-10-2-1-random-7.scen,140
140,warehouse-10-20-10-2-1.map,planner,1,15701,11175,203,203,13465,11175,22,0,1000,False,warehouse-10-20-10-2-1-random-7.scen,140
140,warehouse-10-20-10-2-1.map,planner,1,16609,11175,353,203,14367,11175,233,0,1000,True,warehouse-10-20-10-2-1-random-7.scen,140
180,warehouse-10-20-10-2-1.map,planner,1,22125,14428,294,203,18739,14428,186,0,0,False,warehouse-10-20-10-2-1-random-7.scen,180
180,warehouse-10-20-10-2-1.map,planner,1,22125,14428,294,203,18739,14428,196,0,0,True,warehouse-10-20-10-2-1-random-7.scen,180
180,warehouse-10-20-10-2-1.map,planner,1,22125,14428,294,203,18739,14428,186,0,1,False,warehouse-10-20-10-2-1-random-7.scen,180
180,warehouse-10-20-10-2-1.map,planner,1,22125,14428,294,203,18739,14428,186,0,1,True,warehouse-10-20-10-2-1-random-7.scen,180
180,warehouse-10-20-10-2-1.map,planner,1,22125,14428,294,203,18739,14428,88,0,10,False,warehouse-10-20-10-2-1-random-7.scen,180
180,warehouse-10-20-10-2-1.map,planner,1,22125,14428,294,203,18739,14428,88,0,10,True,warehouse-10-20-10-2-1-random-7.scen,180
180,warehouse-10-20-10-2-1.map,planner,1,22125,14428,294,203,18739,14428,117,0,100,False,warehouse-10-20-10-2-1-random-7.scen,180
180,warehouse-10-20-10-2-1.map,planner,1,22125,14428,294,203,18739,14428,117,0,100,True,warehouse-10-20-10-2-1-random-7.scen,180
180,warehouse-10-20-10-2-1.map,planner,1,22125,14428,294,203,18739,14428,114,0,1000,False,warehouse-10-20-10-2-1-random-7.scen,180
180,warehouse-10-20-10-2-1.map,planner,1,22125,14428,294,203,18739,14428,114,0,1000,True,warehouse-10-20-10-2-1-random-7.scen,180
220,warehouse-10-20-10-2-1.map,planner,1,28879,17693,316,214,24886,17693,701,0,0,False,warehouse-10-20-10-2-1-random-7.scen,220
220,warehouse-10-20-10-2-1.map,planner,1,28879,17693,316,214,24886,17693,951,0,0,True,warehouse-10-20-10-2-1-random-7.scen,220
220,warehouse-10-20-10-2-1.map,planner,1,28879,17693,316,214,24886,17693,836,0,1,False,warehouse-10-20-10-2-1-random-7.scen,220
220,warehouse-10-20-10-2-1.map,planner,1,28879,17693,316,214,24886,17693,963,0,10,False,warehouse-10-20-10-2-1-random-7.scen,220
220,warehouse-10-20-10-2-1.map,planner,1,28879,17693,316,214,24886,17693,592,0,100,False,warehouse-10-20-10-2-1-random-7.scen,220
220,warehouse-10-20-10-2-1.map,planner,1,28879,17693,316,214,24886,17693,580,0,1000,False,warehouse-10-20-10-2-1-random-7.scen,220
20,warehouse-10-20-10-2-1.map,planner,1,1513,1391,182,182,1452,1391,3,0,0,False,warehouse-10-20-10-2-1-random-6.scen,20
20,warehouse-10-20-10-2-1.map,planner,1,1513,1391,182,182,1452,1391,2,0,0,True,warehouse-10-20-10-2-1-random-6.scen,20
20,warehouse-10-20-10-2-1.map,planner,1,1513,1391,182,182,1452,1391,3,0,1,False,warehouse-10-20-10-2-1-random-6.scen,20
20,warehouse-10-20-10-2-1.map,planner,1,1513,1391,182,182,1452,1391,2,0,1,True,warehouse-10-20-10-2-1-random-6.scen,20
20,warehouse-10-20-10-2-1.map,planner,1,1513,1391,182,182,1452,1391,2,0,10,False,warehouse-10-20-10-2-1-random-6.scen,20
20,warehouse-10-20-10-2-1.map,planner,1,1513,1391,182,182,1452,1391,3,0,10,True,warehouse-10-20-10-2-1-random-6.scen,20
20,warehouse-10-20-10-2-1.map,planner,1,1513,1391,182,182,1452,1391,2,0,100,False,warehouse-10-20-10-2-1-random-6.scen,20
20,warehouse-10-20-10-2-1.map,planner,1,1513,1391,182,182,1452,1391,3,0,100,True,warehouse-10-20-10-2-1-random-6.scen,20
20,warehouse-10-20-10-2-1.map,planner,1,1513,1391,182,182,1452,1391,2,0,1000,False,warehouse-10-20-10-2-1-random-6.scen,20
20,warehouse-10-20-10-2-1.map,planner,1,1513,1391,182,182,1452,1391,3,0,1000,True,warehouse-10-20-10-2-1-random-6.scen,20
60,warehouse-10-20-10-2-1.map,planner,1,6870,5311,216,189,6049,5311,362,0,0,False,warehouse-10-20-10-2-1-random-6.scen,60
60,warehouse-10-20-10-2-1.map,planner,1,6870,5311,216,189,6049,5311,534,0,0,True,warehouse-10-20-10-2-1-random-6.scen,60
60,warehouse-10-20-10-2-1.map,planner,1,6870,5311,216,189,6049,5311,555,0,1,False,warehouse-10-20-10-2-1-random-6.scen,60
60,warehouse-10-20-10-2-1.map,planner,1,7094,5311,243,189,6213,5311,367,0,1,True,warehouse-10-20-10-2-1-random-6.scen,60
60,warehouse-10-20-10-2-1.map,planner,1,6870,5311,216,189,6049,5311,545,0,10,False,warehouse-10-20-10-2-1-random-6.scen,60
60,warehouse-10-20-10-2-1.map,planner,1,7094,5311,243,189,6213,5311,374,0,10,True,warehouse-10-20-10-2-1-random-6.scen,60
60,warehouse-10-20-10-2-1.map,planner,1,6870,5311,216,189,6049,5311,556,0,100,False,warehouse-10-20-10-2-1-random-6.scen,60
60,warehouse-10-20-10-2-1.map,planner,1,7094,5311,243,189,6213,5311,365,0,100,True,warehouse-10-20-10-2-1-random-6.scen,60
60,warehouse-10-20-10-2-1.map,planner,1,6870,5311,216,189,6049,5311,550,0,1000,False,warehouse-10-20-10-2-1-random-6.scen,60
60,warehouse-10-20-10-2-1.map,planner,1,7094,5311,243,189,6213,5311,368,0,1000,True,warehouse-10-20-10-2-1-random-6.scen,60
100,warehouse-10-20-10-2-1.map,planner,1,11840,8750,212,189,10491,8750,16,0,0,False,warehouse-10-20-10-2-1-random-6.scen,100
100,warehouse-10-20-10-2-1.map,planner,1,11840,8750,212,189,10491,8750,17,0,0,True,warehouse-10-20-10-2-1-random-6.scen,100
100,warehouse-10-20-10-2-1.map,planner,1,11840,8750,212,189,10491,8750,16,0,1,False,warehouse-10-20-10-2-1-random-6.scen,100
100,warehouse-10-20-10-2-1.map,planner,1,12342,8750,252,189,10348,8750,964,0,1,True,warehouse-10-20-10-2-1-random-6.scen,100
100,warehouse-10-20-10-2-1.map,planner,1,11840,8750,212,189,10491,8750,16,0,10,False,warehouse-10-20-10-2-1-random-6.scen,100
100,warehouse-10-20-10-2-1.map,planner,1,12342,8750,252,189,10348,8750,937,0,10,True,warehouse-10-20-10-2-1-random-6.scen,100
100,warehouse-10-20-10-2-1.map,planner,1,11840,8750,212,189,10491,8750,17,0,100,False,warehouse-10-20-10-2-1-random-6.scen,100
100,warehouse-10-20-10-2-1.map,planner,1,12342,8750,252,189,10348,8750,938,0,100,True,warehouse-10-20-10-2-1-random-6.scen,100
100,warehouse-10-20-10-2-1.map,planner,1,11840,8750,212,189,10491,8750,17,0,1000,False,warehouse-10-20-10-2-1-random-6.scen,100
100,warehouse-10-20-10-2-1.map,planner,1,12342,8750,252,189,10348,8750,941,0,1000,True,warehouse-10-20-10-2-1-random-6.scen,100
140,warehouse-10-20-10-2-1.map,planner,1,17104,11804,250,189,14801,11804,699,0,0,False,warehouse-10-20-10-2-1-random-6.scen,140
140,warehouse-10-20-10-2-1.map,planner,1,17104,11804,250,189,14801,11804,713,0,0,True,warehouse-10-20-10-2-1-random-6.scen,140
140,warehouse-10-20-10-2-1.map,planner,1,17104,11804,250,189,14801,11804,712,0,1,False,warehouse-10-20-10-2-1-random-6.scen,140
140,warehouse-10-20-10-2-1.map,planner,1,27624,11804,725,189,19747,11804,77,0,1,True,warehouse-10-20-10-2-1-random-6.scen,140
140,warehouse-10-20-10-2-1.map,planner,1,17104,11804,250,189,14801,11804,741,0,10,False,warehouse-10-20-10-2-1-random-6.scen,140
140,warehouse-10-20-10-2-1.map,planner,1,22859,11804,495,189,17479,11804,67,0,10,True,warehouse-10-20-10-2-1-random-6.scen,140
140,warehouse-10-20-10-2-1.map,planner,1,17104,11804,250,189,14801,11804,711,0,100,False,warehouse-10-20-10-2-1-random-6.scen,140
140,warehouse-10-20-10-2-1.map,planner,1,22859,11804,495,189,17479,11804,67,0,100,True,warehouse-10-20-10-2-1-random-6.scen,140
140,warehouse-10-20-10-2-1.map,planner,1,17104,11804,250,189,14801,11804,725,0,1000,False,warehouse-10-20-10-2-1-random-6.scen,140
140,warehouse-10-20-10-2-1.map,planner,1,22859,11804,495,189,17479,11804,67,0,1000,True,warehouse-10-20-10-2-1-random-6.scen,140
180,warehouse-10-20-10-2-1.map,planner,1,23828,14864,319,189,20183,14864,11588,0,0,False,warehouse-10-20-10-2-1-random-6.scen,180
180,warehouse-10-20-10-2-1.map,planner,1,23828,14864,319,189,20183,14864,11340,0,0,True,warehouse-10-20-10-2-1-random-6.scen,180
180,warehouse-10-20-10-2-1.map,planner,1,23828,14864,319,189,20183,14864,11852,0,1,False,warehouse-10-20-10-2-1-random-6.scen,180
180,warehouse-10-20-10-2-1.map,planner,1,23828,14864,319,189,20183,14864,11852,0,1,True,warehouse-10-20-10-2-1-random-6.scen,180
180,warehouse-10-20-10-2-1.map,planner,1,23828,14864,319,189,20183,14864,11194,0,10,False,warehouse-10-20-10-2-1-random-6.scen,180
180,warehouse-10-20-10-2-1.map,planner,1,23828,14864,319,189,20183,14864,11194,0,10,True,warehouse-10-20-10-2-1-random-6.scen,180
180,warehouse-10-20-10-2-1.map,planner,1,23828,14864,319,189,20183,14864,11688,0,100,False,warehouse-10-20-10-2-1-random-6.scen,180
180,warehouse-10-20-10-2-1.map,planner,1,23828,14864,319,189,20183,14864,11688,0,100,True,warehouse-10-20-10-2-1-random-6.scen,180
180,warehouse-10-20-10-2-1.map,planner,1,23828,14864,319,189,20183,14864,11245,0,1000,False,warehouse-10-20-10-2-1-random-6.scen,180
180,warehouse-10-20-10-2-1.map,planner,1,23828,14864,319,189,20183,14864,11245,0,1000,True,warehouse-10-20-10-2-1-random-6.scen,180
220,warehouse-10-20-10-2-1.map,planner,1,31793,18387,430,189,26926,18387,14986,0,0,False,warehouse-10-20-10-2-1-random-6.scen,220
220,warehouse-10-20-10-2-1.map,planner,1,31793,18387,430,189,26926,18387,14897,0,0,True,warehouse-10-20-10-2-1-random-6.scen,220
220,warehouse-10-20-10-2-1.map,planner,1,31793,18387,430,189,26926,18387,7474,0,1,False,warehouse-10-20-10-2-1-random-6.scen,220
220,warehouse-10-20-10-2-1.map,planner,1,31793,18387,430,189,26926,18387,7474,0,1,True,warehouse-10-20-10-2-1-random-6.scen,220
220,warehouse-10-20-10-2-1.map,planner,1,31793,18387,430,189,26926,18387,6691,0,10,False,warehouse-10-20-10-2-1-random-6.scen,220
220,warehouse-10-20-10-2-1.map,planner,1,31793,18387,430,189,26926,18387,6691,0,10,True,warehouse-10-20-10-2-1-random-6.scen,220
220,warehouse-10-20-10-2-1.map,planner,1,31793,18387,430,189,26926,18387,6817,0,100,False,warehouse-10-20-10-2-1-random-6.scen,220
220,warehouse-10-20-10-2-1.map,planner,1,31793,18387,430,189,26926,18387,6817,0,100,True,warehouse-10-20-10-2-1-random-6.scen,220
220,warehouse-10-20-10-2-1.map,planner,1,31793,18387,430,189,26926,18387,6954,0,1000,False,warehouse-10-20-10-2-1-random-6.scen,220
220,warehouse-10-20-10-2-1.map,planner,1,31793,18387,430,189,26926,18387,6954,0,1000,True,warehouse-10-20-10-2-1-random-6.scen,220
20,warehouse-10-20-10-2-1.map,planner,1,1640,1470,162,162,1532,1470,2,0,0,False,warehouse-10-20-10-2-1-random-4.scen,20
20,warehouse-10-20-10-2-1.map,planner,1,1640,1470,162,162,1532,1470,2,0,0,True,warehouse-10-20-10-2-1-random-4.scen,20
20,warehouse-10-20-10-2-1.map,planner,1,1640,1470,162,162,1532,1470,2,0,1,False,warehouse-10-20-10-2-1-random-4.scen,20
20,warehouse-10-20-10-2-1.map,planner,1,1640,1470,162,162,1532,1470,1,0,1,True,warehouse-10-20-10-2-1-random-4.scen,20
20,warehouse-10-20-10-2-1.map,planner,1,1640,1470,162,162,1532,1470,1,0,10,False,warehouse-10-20-10-2-1-random-4.scen,20
20,warehouse-10-20-10-2-1.map,planner,1,1640,1470,162,162,1532,1470,2,0,10,True,warehouse-10-20-10-2-1-random-4.scen,20
20,warehouse-10-20-10-2-1.map,planner,1,1640,1470,162,162,1532,1470,1,0,100,False,warehouse-10-20-10-2-1-random-4.scen,20
20,warehouse-10-20-10-2-1.map,planner,1,1640,1470,162,162,1532,1470,2,0,100,True,warehouse-10-20-10-2-1-random-4.scen,20
20,warehouse-10-20-10-2-1.map,planner,1,1640,1470,162,162,1532,1470,2,0,1000,False,warehouse-10-20-10-2-1-random-4.scen,20
20,warehouse-10-20-10-2-1.map,planner,1,1640,1470,162,162,1532,1470,2,0,1000,True,warehouse-10-20-10-2-1-random-4.scen,20
60,warehouse-10-20-10-2-1.map,planner,1,5810,4766,190,190,5241,4766,6,0,0,False,warehouse-10-20-10-2-1-random-4.scen,60
60,warehouse-10-20-10-2-1.map,planner,1,5810,4766,190,190,5241,4766,7,0,0,True,warehouse-10-20-10-2-1-random-4.scen,60
60,warehouse-10-20-10-2-1.map,planner,1,5810,4766,190,190,5241,4766,6,0,1,False,warehouse-10-20-10-2-1-random-4.scen,60
60,warehouse-10-20-10-2-1.map,planner,1,5969,4766,204,190,5340,4766,6,0,1,True,warehouse-10-20-10-2-1-random-4.scen,60
60,warehouse-10-20-10-2-1.map,planner,1,5810,4766,190,190,5241,4766,6,0,10,False,warehouse-10-20-10-2-1-random-4.scen,60
60,warehouse-10-20-10-2-1.map,planner,1,5969,4766,204,190,5340,4766,6,0,10,True,warehouse-10-20-10-2-1-random-4.scen,60
60,warehouse-10-20-10-2-1.map,planner,1,5810,4766,190,190,5241,4766,6,0,100,False,warehouse-10-20-10-2-1-random-4.scen,60
60,warehouse-10-20-10-2-1.map,planner,1,5969,4766,204,190,5340,4766,6,0,100,True,warehouse-10-20-10-2-1-random-4.scen,60
60,warehouse-10-20-10-2-1.map,planner,1,5810,4766,190,190,5241,4766,6,0,1000,False,warehouse-10-20-10-2-1-random-4.scen,60
60,warehouse-10-20-10-2-1.map,planner,1,5969,4766,204,190,5340,4766,6,0,1000,True,warehouse-10-20-10-2-1-random-4.scen,60
100,warehouse-10-20-10-2-1.map,planner,1,10396,7810,228,202,9309,7810,281,0,0,False,warehouse-10-20-10-2-1-random-4.scen,100
100,warehouse-10-20-10-2-1.map,planner,1,10396,7810,228,202,9309,7810,299,0,0,True,warehouse-10-20-10-2-1-random-4.scen,100
100,warehouse-10-20-10-2-1.map,planner,1,10396,7810,228,202,9309,7810,282,0,1,False,warehouse-10-20-10-2-1-random-4.scen,100
100,warehouse-10-20-10-2-1.map,planner,1,18437,7810,703,202,13682,7810,566,0,1,True,warehouse-10-20-10-2-1-random-4.scen,100
100,warehouse-10-20-10-2-1.map,planner,1,10396,7810,228,202,9309,7810,284,0,10,False,warehouse-10-20-10-2-1-random-4.scen,100
100,warehouse-10-20-10-2-1.map,planner,1,18437,7810,703,202,13682,7810,559,0,10,True,warehouse-10-20-10-2-1-random-4.scen,100
100,warehouse-10-20-10-2-1.map,planner,1,10396,7810,228,202,9309,7810,294,0,100,False,warehouse-10-20-10-2-1-random-4.scen,100
100,warehouse-10-20-10-2-1.map,planner,1,18437,7810,703,202,13682,7810,587,0,100,True,warehouse-10-20-10-2-1-random-4.scen,100
100,warehouse-10-20-10-2-1.map,planner,1,10396,7810,228,202,9309,7810,293,0,1000,False,warehouse-10-20-10-2-1-random-4.scen,100
100,warehouse-10-20-10-2-1.map,planner,1,18437,7810,703,202,13682,7810,559,0,1000,True,warehouse-10-20-10-2-1-random-4.scen,100
140,warehouse-10-20-10-2-1.map,planner,1,14928,10430,239,202,12888,10430,49,0,0,False,warehouse-10-20-10-2-1-random-4.scen,140
140,warehouse-10-20-10-2-1.map,planner,1,14928,10430,239,202,12888,10430,49,0,0,True,warehouse-10-20-10-2-1-random-4.scen,140
140,warehouse-10-20-10-2-1.map,planner,1,14928,10430,239,202,12888,10430,49,0,1,False,warehouse-10-20-10-2-1-random-4.scen,140
140,warehouse-10-20-10-2-1.map,planner,1,14928,10430,239,202,12888,10430,49,0,1,True,warehouse-10-20-10-2-1-random-4.scen,140
140,warehouse-10-20-10-2-1.map,planner,1,14928,10430,239,202,12888,10430,50,0,10,False,warehouse-10-20-10-2-1-random-4.scen,140
140,warehouse-10-20-10-2-1.map,planner,1,14928,10430,239,202,12888,10430,50,0,10,True,warehouse-10-20-10-2-1-random-4.scen,140
140,warehouse-10-20-10-2-1.map,planner,1,14928,10430,239,202,12888,10430,50,0,100,False,warehouse-10-20-10-2-1-random-4.scen,140
140,warehouse-10-20-10-2-1.map,planner,1,14928,10430,239,202,12888,10430,50,0,100,True,warehouse-10-20-10-2-1-random-4.scen,140
140,warehouse-10-20-10-2-1.map,planner,1,14928,10430,239,202,12888,10430,79,0,1000,False,warehouse-10-20-10-2-1-random-4.scen,140
140,warehouse-10-20-10-2-1.map,planner,1,14928,10430,239,202,12888,10430,79,0,1000,True,warehouse-10-20-10-2-1-random-4.scen,140
180,warehouse-10-20-10-2-1.map,planner,1,20168,13159,243,202,17292,13159,145,0,0,False,warehouse-10-20-10-2-1-random-4.scen,180
180,warehouse-10-20-10-2-1.map,planner,1,20168,13159,243,202,17292,13159,155,0,0,True,warehouse-10-20-10-2-1-random-4.scen,180
180,warehouse-10-20-10-2-1.map,planner,1,20168,13159,243,202,17292,13159,151,0,1,False,warehouse-10-20-10-2-1-random-4.scen,180
180,warehouse-10-20-10-2-1.map,planner,1,20168,13159,243,202,17292,13159,151,0,1,True,warehouse-10-20-10-2-1-random-4.scen,180
180,warehouse-10-20-10-2-1.map,planner,1,20168,13159,243,202,17292,13159,148,0,10,False,warehouse-10-20-10-2-1-random-4.scen,180
180,warehouse-10-20-10-2-1.map,planner,1,20168,13159,243,202,17292,13159,148,0,10,True,warehouse-10-20-10-2-1-random-4.scen,180
180,warehouse-10-20-10-2-1.map,planner,1,20168,13159,243,202,17292,13159,150,0,100,False,warehouse-10-20-10-2-1-random-4.scen,180
180,warehouse-10-20-10-2-1.map,planner,1,20168,13159,243,202,17292,13159,150,0,100,True,warehouse-10-20-10-2-1-random-4.scen,180
180,warehouse-10-20-10-2-1.map,planner,1,20168,13159,243,202,17292,13159,147,0,1000,False,warehouse-10-20-10-2-1-random-4.scen,180
180,warehouse-10-20-10-2-1.map,planner,1,20168,13159,243,202,17292,13159,147,0,1000,True,warehouse-10-20-10-2-1-random-4.scen,180
220,warehouse-10-20-10-2-1.map,planner,1,28951,16690,433,202,24345,16690,12137,0,0,False,warehouse-10-20-10-2-1-random-4.scen,220
220,warehouse-10-20-10-2-1.map,planner,1,28951,16690,433,202,24345,16690,15822,0,0,True,warehouse-10-20-10-2-1-random-4.scen,220
220,warehouse-10-20-10-2-1.map,planner,1,28951,16690,433,202,24345,16690,15736,0,1,False,warehouse-10-20-10-2-1-random-4.scen,220
220,warehouse-10-20-10-2-1.map,planner,1,64027,16690,1440,202,45198,16690,23500,0,1,True,warehouse-10-20-10-2-1-random-4.scen,220
220,warehouse-10-20-10-2-1.map,planner,1,28951,16690,433,202,24345,16690,15789,0,10,False,warehouse-10-20-10-2-1-random-4.scen,220
220,warehouse-10-20-10-2-1.map,planner,1,64027,16690,1440,202,45198,16690,14165,0,10,True,warehouse-10-20-10-2-1-random-4.scen,220
220,warehouse-10-20-10-2-1.map,planner,1,28951,16690,433,202,24345,16690,15974,0,100,False,warehouse-10-20-10-2-1-random-4.scen,220
220,warehouse-10-20-10-2-1.map,planner,1,64027,16690,1440,202,45198,16690,23503,0,100,True,warehouse-10-20-10-2-1-random-4.scen,220
220,warehouse-10-20-10-2-1.map,planner,1,28951,16690,433,202,24345,16690,15897,0,1000,False,warehouse-10-20-10-2-1-random-4.scen,220
220,warehouse-10-20-10-2-1.map,planner,1,64027,16690,1440,202,45198,16690,16349,0,1000,True,warehouse-10-20-10-2-1-random-4.scen,220
260,warehouse-10-20-10-2-1.map,planner,1,35517,19993,415,202,30670,19993,29055,0,0,False,warehouse-10-20-10-2-1-random-4.scen,260
260,warehouse-10-20-10-2-1.map,planner,1,35517,19993,415,202,30670,19993,45573,0,0,True,warehouse-10-20-10-2-1-random-4.scen,260
260,warehouse-10-20-10-2-1.map,planner,1,35517,19993,415,202,30670,19993,46634,0,1,False,warehouse-10-20-10-2-1-random-4.scen,260
260,warehouse-10-20-10-2-1.map,planner,1,35517,19993,415,202,30670,19993,30916,0,10,False,warehouse-10-20-10-2-1-random-4.scen,260
260,warehouse-10-20-10-2-1.map,planner,1,35517,19993,415,202,30670,19993,27443,0,100,False,warehouse-10-20-10-2-1-random-4.scen,260
260,warehouse-10-20-10-2-1.map,planner,1,35517,19993,415,202,30670,19993,34516,0,1000,False,warehouse-10-20-10-2-1-random-4.scen,260
20,warehouse-10-20-10-2-1.map,planner,1,1569,1460,174,174,1521,1460,2,0,0,False,warehouse-10-20-10-2-1-random-8.scen,20
20,warehouse-10-20-10-2-1.map,planner,1,1569,1460,174,174,1521,1460,3,0,0,True,warehouse-10-20-10-2-1-random-8.scen,20
20,warehouse-10-20-10-2-1.map,planner,1,1569,1460,174,174,1521,1460,3,0,1,False,warehouse-10-20-10-2-1-random-8.scen,20
20,warehouse-10-20-10-2-1.map,planner,1,1569,1460,174,174,1521,1460,3,0,1,True,warehouse-10-20-10-2-1-random-8.scen,20
20,warehouse-10-20-10-2-1.map,planner,1,1569,1460,174,174,1521,1460,3,0,10,False,warehouse-10-20-10-2-1-random-8.scen,20
20,warehouse-10-20-10-2-1.map,planner,1,1569,1460,174,174,1521,1460,2,0,10,True,warehouse-10-20-10-2-1-random-8.scen,20
20,warehouse-10-20-10-2-1.map,planner,1,1569,1460,174,174,1521,1460,3,0,100,False,warehouse-10-20-10-2-1-random-8.scen,20
20,warehouse-10-20-10-2-1.map,planner,1,1569,1460,174,174,1521,1460,3,0,100,True,warehouse-10-20-10-2-1-random-8.scen,20
20,warehouse-10-20-10-2-1.map,planner,1,1569,1460,174,174,1521,1460,3,0,1000,False,warehouse-10-20-10-2-1-random-8.scen,20
20,warehouse-10-20-10-2-1.map,planner,1,1569,1460,174,174,1521,1460,3,0,1000,True,warehouse-10-20-10-2-1-random-8.scen,20
60,warehouse-10-20-10-2-1.map,planner,1,5897,4904,181,174,5449,4904,8,0,0,False,warehouse-10-20-10-2-1-random-8.scen,60
60,warehouse-10-20-10-2-1.map,planner,1,5897,4904,181,174,5449,4904,9,0,0,True,warehouse-10-20-10-2-1-random-8.scen,60
60,warehouse-10-20-10-2-1.map,planner,1,5897,4904,181,174,5449,4904,9,0,1,False,warehouse-10-20-10-2-1-random-8.scen,60
60,warehouse-10-20-10-2-1.map,planner,1,5832,4904,181,174,5344,4904,9,0,1,True,warehouse-10-20-10-2-1-random-8.scen,60
60,warehouse-10-20-10-2-1.map,planner,1,5897,4904,181,174,5449,4904,9,0,10,False,warehouse-10-20-10-2-1-random-8.scen,60
60,warehouse-10-20-10-2-1.map,planner,1,5832,4904,181,174,5344,4904,8,0,10,True,warehouse-10-20-10-2-1-random-8.scen,60
60,warehouse-10-20-10-2-1.map,planner,1,5897,4904,181,174,5449,4904,9,0,100,False,warehouse-10-20-10-2-1-random-8.scen,60
60,warehouse-10-20-10-2-1.map,planner,1,5832,4904,181,174,5344,4904,10,0,100,True,warehouse-10-20-10-2-1-random-8.scen,60
60,warehouse-10-20-10-2-1.map,planner,1,5897,4904,181,174,5449,4904,9,0,1000,False,warehouse-10-20-10-2-1-random-8.scen,60
60,warehouse-10-20-10-2-1.map,planner,1,5832,4904,181,174,5344,4904,9,0,1000,True,warehouse-10-20-10-2-1-random-8.scen,60
100,warehouse-10-20-10-2-1.map,planner,1,10511,7916,232,174,9585,7916,242,0,0,False,warehouse-10-20-10-2-1-random-8.scen,100
100,warehouse-10-20-10-2-1.map,planner,1,10511,7916,232,174,9585,7916,244,0,0,True,warehouse-10-20-10-2-1-random-8.scen,100
100,warehouse-10-20-10-2-1.map,planner,1,10511,7916,232,174,9585,7916,235,0,1,False,warehouse-10-20-10-2-1-random-8.scen,100
100,warehouse-10-20-10-2-1.map,planner,1,10735,7916,291,174,9554,7916,19,0,1,True,warehouse-10-20-10-2-1-random-8.scen,100
100,warehouse-10-20-10-2-1.map,planner,1,10511,7916,232,174,9585,7916,251,0,10,False,warehouse-10-20-10-2-1-random-8.scen,100
100,warehouse-10-20-10-2-1.map,planner,1,10735,7916,291,174,9554,7916,20,0,10,True,warehouse-10-20-10-2-1-random-8.scen,100
100,warehouse-10-20-10-2-1.map,planner,1,10511,7916,232,174,9585,7916,242,0,100,False,warehouse-10-20-10-2-1-random-8.scen,100
100,warehouse-10-20-10-2-1.map,planner,1,10735,7916,291,174,9554,7916,12,0,100,True,warehouse-10-20-10-2-1-random-8.scen,100
100,warehouse-10-20-10-2-1.map,planner,1,10511,7916,232,174,9585,7916,145,0,1000,False,warehouse-10-20-10-2-1-random-8.scen,100
100,warehouse-10-20-10-2-1.map,planner,1,10735,7916,291,174,9554,7916,12,0,1000,True,warehouse-10-20-10-2-1-random-8.scen,100
140,warehouse-10-20-10-2-1.map,planner,1,14452,10622,198,174,12893,10622,382,0,0,False,warehouse-10-20-10-2-1-random-8.scen,140
140,warehouse-10-20-10-2-1.map,planner,1,14452,10622,198,174,12893,10622,355,0,0,True,warehouse-10-20-10-2-1-random-8.scen,140
140,warehouse-10-20-10-2-1.map,planner,1,14452,10622,198,174,12893,10622,577,0,1,False,warehouse-10-20-10-2-1-random-8.scen,140
140,warehouse-10-20-10-2-1.map,planner,1,18537,10622,526,174,15259,10622,1096,0,1,True,warehouse-10-20-10-2-1-random-8.scen,140
140,warehouse-10-20-10-2-1.map,planner,1,14452,10622,198,174,12893,10622,597,0,10,False,warehouse-10-20-10-2-1-random-8.scen,140
140,warehouse-10-20-10-2-1.map,planner,1,18537,10622,526,174,15259,10622,1060,0,10,True,warehouse-10-20-10-2-1-random-8.scen,140
140,warehouse-10-20-10-2-1.map,planner,1,14452,10622,198,174,12893,10622,562,0,100,False,warehouse-10-20-10-2-1-random-8.scen,140
140,warehouse-10-20-10-2-1.map,planner,1,18537,10622,526,174,15259,10622,1100,0,100,True,warehouse-10-20-10-2-1-random-8.scen,140
140,warehouse-10-20-10-2-1.map,planner,1,14452,10622,198,174,12893,10622,565,0,1000,False,warehouse-10-20-10-2-1-random-8.scen,140
140,warehouse-10-20-10-2-1.map,planner,1,18537,10622,526,174,15259,10622,1124,0,1000,True,warehouse-10-20-10-2-1-random-8.scen,140
180,warehouse-10-20-10-2-1.map,planner,1,20753,13211,301,186,17883,13211,2247,0,0,False,warehouse-10-20-10-2-1-random-8.scen,180
180,warehouse-10-20-10-2-1.map,planner,1,20753,13211,301,186,17883,13211,2245,0,0,True,warehouse-10-20-10-2-1-random-8.scen,180
180,warehouse-10-20-10-2-1.map,planner,1,20753,13211,301,186,17883,13211,1739,0,1,False,warehouse-10-20-10-2-1-random-8.scen,180
180,warehouse-10-20-10-2-1.map,planner,1,30431,13211,649,186,22632,13211,2157,0,1,True,warehouse-10-20-10-2-1-random-8.scen,180
180,warehouse-10-20-10-2-1.map,planner,1,20753,13211,301,186,17883,13211,1334,0,10,False,warehouse-10-20-10-2-1-random-8.scen,180
180,warehouse-10-20-10-2-1.map,planner,1,30431,13211,649,186,22632,13211,2052,0,10,True,warehouse-10-20-10-2-1-random-8.scen,180
180,warehouse-10-20-10-2-1.map,planner,1,20753,13211,301,186,17883,13211,1328,0,100,False,warehouse-10-20-10-2-1-random-8.scen,180
180,warehouse-10-20-10-2-1.map,planner,1,30431,13211,649,186,22632,13211,2029,0,100,True,warehouse-10-20-10-2-1-random-8.scen,180
180,warehouse-10-20-10-2-1.map,planner,1,20753,13211,301,186,17883,13211,1366,0,1000,False,warehouse-10-20-10-2-1-random-8.scen,180
180,warehouse-10-20-10-2-1.map,planner,1,30431,13211,649,186,22632,13211,2049,0,1000,True,warehouse-10-20-10-2-1-random-8.scen,180
220,warehouse-10-20-10-2-1.map,planner,1,27838,16348,403,186,24093,16348,47266,0,0,False,warehouse-10-20-10-2-1-random-8.scen,220
220,warehouse-10-20-10-2-1.map,planner,1,27838,16348,403,186,24093,16348,43830,0,0,True,warehouse-10-20-10-2-1-random-8.scen,220
220,warehouse-10-20-10-2-1.map,planner,1,27838,16348,403,186,24093,16348,48121,0,1,False,warehouse-10-20-10-2-1-random-8.scen,220
220,warehouse-10-20-10-2-1.map,planner,1,71260,16348,1799,186,50554,16348,16952,0,1,True,warehouse-10-20-10-2-1-random-8.scen,220
220,warehouse-10-20-10-2-1.map,planner,1,27838,16348,403,186,24093,16348,47141,0,10,False,warehouse-10-20-10-2-1-random-8.scen,220
220,warehouse-10-20-10-2-1.map,planner,1,27838,16348,403,186,24093,16348,47141,0,10,True,warehouse-10-20-10-2-1-random-8.scen,220
220,warehouse-10-20-10-2-1.map,planner,1,27838,16348,403,186,24093,16348,47584,0,100,False,warehouse-10-20-10-2-1-random-8.scen,220
220,warehouse-10-20-10-2-1.map,planner,1,27838,16348,403,186,24093,16348,47584,0,100,True,warehouse-10-20-10-2-1-random-8.scen,220
220,warehouse-10-20-10-2-1.map,planner,1,27838,16348,403,186,24093,16348,43801,0,1000,False,warehouse-10-20-10-2-1-random-8.scen,220
220,warehouse-10-20-10-2-1.map,planner,1,27838,16348,403,186,24093,16348,43801,0,1000,True,warehouse-10-20-10-2-1-random-8.scen,220
20,warehouse-10-20-10-2-1.map,planner,1,1689,1490,167,167,1553,1490,3,0,0,False,warehouse-10-20-10-2-1-random-3.scen,20
20,warehouse-10-20-10-2-1.map,planner,1,1689,1490,167,167,1553,1490,2,0,0,True,warehouse-10-20-10-2-1-random-3.scen,20
20,warehouse-10-20-10-2-1.map,planner,1,1689,1490,167,167,1553,1490,3,0,1,False,warehouse-10-20-10-2-1-random-3.scen,20
20,warehouse-10-20-10-2-1.map,planner,1,1689,1490,167,167,1553,1490,2,0,1,True,warehouse-10-20-10-2-1-random-3.scen,20
20,warehouse-10-20-10-2-1.map,planner,1,1689,1490,167,167,1553,1490,3,0,10,False,warehouse-10-20-10-2-1-random-3.scen,20
20,warehouse-10-20-10-2-1.map,planner,1,1689,1490,167,167,1553,1490,3,0,10,True,warehouse-10-20-10-2-1-random-3.scen,20
20,warehouse-10-20-10-2-1.map,planner,1,1689,1490,167,167,1553,1490,2,0,100,False,warehouse-10-20-10-2-1-random-3.scen,20
20,warehouse-10-20-10-2-1.map,planner,1,1689,1490,167,167,1553,1490,3,0,100,True,warehouse-10-20-10-2-1-random-3.scen,20
20,warehouse-10-20-10-2-1.map,planner,1,1689,1490,167,167,1553,1490,2,0,1000,False,warehouse-10-20-10-2-1-random-3.scen,20
20,warehouse-10-20-10-2-1.map,planner,1,1689,1490,167,167,1553,1490,3,0,1000,True,warehouse-10-20-10-2-1-random-3.scen,20
60,warehouse-10-20-10-2-1.map,planner,1,6787,5227,223,167,6090,5227,168,0,0,False,warehouse-10-20-10-2-1-random-3.scen,60
60,warehouse-10-20-10-2-1.map,planner,1,6787,5227,223,167,6090,5227,165,0,0,True,warehouse-10-20-10-2-1-random-3.scen,60
60,warehouse-10-20-10-2-1.map,planner,1,6787,5227,223,167,6090,5227,175,0,1,False,warehouse-10-20-10-2-1-random-3.scen,60
60,warehouse-10-20-10-2-1.map,planner,1,6503,5227,215,167,5987,5227,141,0,1,True,warehouse-10-20-10-2-1-random-3.scen,60
60,warehouse-10-20-10-2-1.map,planner,1,6787,5227,223,167,6090,5227,171,0,10,False,warehouse-10-20-10-2-1-random-3.scen,60
60,warehouse-10-20-10-2-1.map,planner,1,6503,5227,215,167,5987,5227,92,0,10,True,warehouse-10-20-10-2-1-random-3.scen,60
60,warehouse-10-20-10-2-1.map,planner,1,6787,5227,223,167,6090,5227,265,0,100,False,warehouse-10-20-10-2-1-random-3.scen,60
60,warehouse-10-20-10-2-1.map,planner,1,6503,5227,215,167,5987,5227,142,0,100,True,warehouse-10-20-10-2-1-random-3.scen,60
60,warehouse-10-20-10-2-1.map,planner,1,6787,5227,223,167,6090,5227,261,0,1000,False,warehouse-10-20-10-2-1-random-3.scen,60
60,warehouse-10-20-10-2-1.map,planner,1,6503,5227,215,167,5987,5227,146,0,1000,True,warehouse-10-20-10-2-1-random-3.scen,60
100,warehouse-10-20-10-2-1.map,planner,1,12413,8969,295,173,11171,8969,885,0,0,False,warehouse-10-20-10-2-1-random-3.scen,100
100,warehouse-10-20-10-2-1.map,planner,1,12413,8969,295,173,11171,8969,879,0,0,True,warehouse-10-20-10-2-1-random-3.scen,100
100,warehouse-10-20-10-2-1.map,planner,1,12413,8969,295,173,11171,8969,899,0,1,False,warehouse-10-20-10-2-1-random-3.scen,100
100,warehouse-10-20-10-2-1.map,planner,1,12413,8969,295,173,11171,8969,899,0,1,True,warehouse-10-20-10-2-1-random-3.scen,100
100,warehouse-10-20-10-2-1.map,planner,1,12413,8969,295,173,11171,8969,898,0,10,False,warehouse-10-20-10-2-1-random-3.scen,100
100,warehouse-10-20-10-2-1.map,planner,1,12413,8969,295,173,11171,8969,898,0,10,True,warehouse-10-20-10-2-1-random-3.scen,100
100,warehouse-10-20-10-2-1.map,planner,1,12413,8969,295,173,11171,8969,867,0,100,False,warehouse-10-20-10-2-1-random-3.scen,100
100,warehouse-10-20-10-2-1.map,planner,1,12413,8969,295,173,11171,8969,867,0,100,True,warehouse-10-20-10-2-1-random-3.scen,100
100,warehouse-10-20-10-2-1.map,planner,1,12413,8969,295,173,11171,8969,868,0,1000,False,warehouse-10-20-10-2-1-random-3.scen,100
100,warehouse-10-20-10-2-1.map,planner,1,12413,8969,295,173,11171,8969,868,0,1000,True,warehouse-10-20-10-2-1-random-3.scen,100
140,warehouse-10-20-10-2-1.map,planner,1,22287,11847,572,173,18864,11847,3595,0,0,False,warehouse-10-20-10-2-1-random-3.scen,140
140,warehouse-10-20-10-2-1.map,planner,1,22287,11847,572,173,18864,11847,3709,0,0,True,warehouse-10-20-10-2-1-random-3.scen,140
140,warehouse-10-20-10-2-1.map,planner,1,22287,11847,572,173,18864,11847,3899,0,1,False,warehouse-10-20-10-2-1-random-3.scen,140
140,warehouse-10-20-10-2-1.map,planner,1,22287,11847,572,173,18864,11847,3899,0,1,True,warehouse-10-20-10-2-1-random-3.scen,140
140,warehouse-10-20-10-2-1.map,planner,1,22287,11847,572,173,18864,11847,2932,0,10,False,warehouse-10-20-10-2-1-random-3.scen,140
140,warehouse-10-20-10-2-1.map,planner,1,22287,11847,572,173,18864,11847,2932,0,10,True,warehouse-10-20-10-2-1-random-3.scen,140
140,warehouse-10-20-10-2-1.map,planner,1,22287,11847,572,173,18864,11847,2956,0,100,False,warehouse-10-20-10-2-1-random-3.scen,140
140,warehouse-10-20-10-2-1.map,planner,1,22287,11847,572,173,18864,11847,2956,0,100,True,warehouse-10-20-10-2-1-random-3.scen,140
140,warehouse-10-20-10-2-1.map,planner,1,22287,11847,572,173,18864,11847,3427,0,1000,False,warehouse-10-20-10-2-1-random-3.scen,140
140,warehouse-10-20-10-2-1.map,planner,1,22287,11847,572,173,18864,11847,3427,0,1000,True,warehouse-10-20-10-2-1-random-3.scen,140
180,warehouse-10-20-10-2-1.map,planner,1,34621,14833,885,173,27275,14833,9423,0,0,False,warehouse-10-20-10-2-1-random-3.scen,180
180,warehouse-10-20-10-2-1.map,planner,1,34621,14833,885,173,27275,14833,9213,0,0,True,warehouse-10-20-10-2-1-random-3.scen,180
180,warehouse-10-20-10-2-1.map,planner,1,34621,14833,885,173,27275,14833,8832,0,1,False,warehouse-10-20-10-2-1-random-3.scen,180
180,warehouse-10-20-10-2-1.map,planner,1,74875,14833,1959,173,48239,14833,24757,0,1,True,warehouse-10-20-10-2-1-random-3.scen,180
180,warehouse-10-20-10-2-1.map,planner,1,34621,14833,885,173,27275,14833,8792,0,10,False,warehouse-10-20-10-2-1-random-3.scen,180
180,warehouse-10-20-10-2-1.map,planner,1,71480,14833,1877,173,47328,14833,25877,0,10,True,warehouse-10-20-10-2-1-random-3.scen,180
180,warehouse-10-20-10-2-1.map,planner,1,34621,14833,885,173,27275,14833,8895,0,100,False,warehouse-10-20-10-2-1-random-3.scen,180
180,warehouse-10-20-10-2-1.map,planner,1,71480,14833,1877,173,47328,14833,25208,0,100,True,warehouse-10-20-10-2-1-random-3.scen,180
180,warehouse-10-20-10-2-1.map,planner,1,34621,14833,885,173,27275,14833,8778,0,1000,False,warehouse-10-20-10-2-1-random-3.scen,180
180,warehouse-10-20-10-2-1.map,planner,1,71480,14833,1877,173,47328,14833,25136,0,1000,True,warehouse-10-20-10-2-1-random-3.scen,180
220,warehouse-10-20-10-2-1.map,planner,1,49130,17826,1333,186,39465,17826,37506,0,0,False,warehouse-10-20-10-2-1-random-3.scen,220
220,warehouse-10-20-10-2-1.map,planner,1,49130,17826,1333,186,39465,17826,47566,0,0,True,warehouse-10-20-10-2-1-random-3.scen,220
220,warehouse-10-20-10-2-1.map,planner,1,49130,17826,1333,186,39465,17826,47268,0,1,False,warehouse-10-20-10-2-1-random-3.scen,220
220,warehouse-10-20-10-2-1.map,planner,1,49130,17826,1333,186,39465,17826,46194,0,10,False,warehouse-10-20-10-2-1-random-3.scen,220
220,warehouse-10-20-10-2-1.map,planner,1,49130,17826,1333,186,39465,17826,43762,0,100,False,warehouse-10-20-10-2-1-random-3.scen,220
220,warehouse-10-20-10-2-1.map,planner,1,49130,17826,1333,186,39465,17826,39005,0,1000,False,warehouse-10-20-10-2-1-random-3.scen,220
20,warehouse-10-20-10-2-1.map,planner,1,1564,1392,152,152,1416,1392,1,0,0,False,warehouse-10-20-10-2-1-random-5.scen,20
20,warehouse-10-20-10-2-1.map,planner,1,1564,1392,152,152,1416,1392,1,0,0,True,warehouse-10-20-10-2-1-random-5.scen,20
20,warehouse-10-20-10-2-1.map,planner,1,1564,1392,152,152,1416,1392,1,0,1,False,warehouse-10-20-10-2-1-random-5.scen,20
20,warehouse-10-20-10-2-1.map,planner,1,1564,1392,152,152,1416,1392,1,0,1,True,warehouse-10-20-10-2-1-random-5.scen,20
20,warehouse-10-20-10-2-1.map,planner,1,1564,1392,152,152,1416,1392,1,0,10,False,warehouse-10-20-10-2-1-random-5.scen,20
20,warehouse-10-20-10-2-1.map,planner,1,1564,1392,152,152,1416,1392,1,0,10,True,warehouse-10-20-10-2-1-random-5.scen,20
20,warehouse-10-20-10-2-1.map,planner,1,1564,1392,152,152,1416,1392,1,0,100,False,warehouse-10-20-10-2-1-random-5.scen,20
20,warehouse-10-20-10-2-1.map,planner,1,1564,1392,152,152,1416,1392,1,0,100,True,warehouse-10-20-10-2-1-random-5.scen,20
20,warehouse-10-20-10-2-1.map,planner,1,1564,1392,152,152,1416,1392,1,0,1000,False,warehouse-10-20-10-2-1-random-5.scen,20
20,warehouse-10-20-10-2-1.map,planner,1,1564,1392,152,152,1416,1392,1,0,1000,True,warehouse-10-20-10-2-1-random-5.scen,20
60,warehouse-10-20-10-2-1.map,planner,1,6284,5099,175,175,5683,5099,5,0,0,False,warehouse-10-20-10-2-1-random-5.scen,60
60,warehouse-10-20-10-2-1.map,planner,1,6284,5099,175,175,5683,5099,5,0,0,True,warehouse-10-20-10-2-1-random-5.scen,60
60,warehouse-10-20-10-2-1.map,planner,1,6284,5099,175,175,5683,5099,4,0,1,False,warehouse-10-20-10-2-1-random-5.scen,60
60,warehouse-10-20-10-2-1.map,planner,1,6264,5099,193,175,5639,5099,4,0,1,True,warehouse-10-20-10-2-1-random-5.scen,60
60,warehouse-10-20-10-2-1.map,planner,1,6284,5099,175,175,5683,5099,4,0,10,False,warehouse-10-20-10-2-1-random-5.scen,60
60,warehouse-10-20-10-2-1.map,planner,1,6264,5099,193,175,5639,5099,4,0,10,True,warehouse-10-20-10-2-1-random-5.scen,60
60,warehouse-10-20-10-2-1.map,planner,1,6284,5099,175,175,5683,5099,4,0,100,False,warehouse-10-20-10-2-1-random-5.scen,60
60,warehouse-10-20-10-2-1.map,planner,1,6264,5099,193,175,5639,5099,5,0,100,True,warehouse-10-20-10-2-1-random-5.scen,60
60,warehouse-10-20-10-2-1.map,planner,1,6284,5099,175,175,5683,5099,4,0,1000,False,warehouse-10-20-10-2-1-random-5.scen,60
60,warehouse-10-20-10-2-1.map,planner,1,6264,5099,193,175,5639,5099,5,0,1000,True,warehouse-10-20-10-2-1-random-5.scen,60
100,warehouse-10-20-10-2-1.map,planner,1,11116,8536,221,175,9780,8536,63,0,0,False,warehouse-10-20-10-2-1-random-5.scen,100
100,warehouse-10-20-10-2-1.map,planner,1,11116,8536,221,175,9780,8536,63,0,0,True,warehouse-10-20-10-2-1-random-5.scen,100
100,warehouse-10-20-10-2-1.map,planner,1,11116,8536,221,175,9780,8536,63,0,1,False,warehouse-10-20-10-2-1-random-5.scen,100
100,warehouse-10-20-10-2-1.map,planner,1,10991,8536,206,175,9918,8536,30,0,1,True,warehouse-10-20-10-2-1-random-5.scen,100
100,warehouse-10-20-10-2-1.map,planner,1,11116,8536,221,175,9780,8536,63,0,10,False,warehouse-10-20-10-2-1-random-5.scen,100
100,warehouse-10-20-10-2-1.map,planner,1,10991,8536,206,175,9918,8536,31,0,10,True,warehouse-10-20-10-2-1-random-5.scen,100
100,warehouse-10-20-10-2-1.map,planner,1,11116,8536,221,175,9780,8536,63,0,100,False,warehouse-10-20-10-2-1-random-5.scen,100
100,warehouse-10-20-10-2-1.map,planner,1,10991,8536,206,175,9918,8536,30,0,100,True,warehouse-10-20-10-2-1-random-5.scen,100
100,warehouse-10-20-10-2-1.map,planner,1,11116,8536,221,175,9780,8536,62,0,1000,False,warehouse-10-20-10-2-1-random-5.scen,100
100,warehouse-10-20-10-2-1.map,planner,1,10991,8536,206,175,9918,8536,30,0,1000,True,warehouse-10-20-10-2-1-random-5.scen,100
140,warehouse-10-20-10-2-1.map,planner,1,17144,11299,358,198,15385,11299,3915,0,0,False,warehouse-10-20-10-2-1-random-5.scen,140
140,warehouse-10-20-10-2-1.map,planner,1,17144,11299,358,198,15385,11299,3915,0,0,True,warehouse-10-20-10-2-1-random-5.scen,140
140,warehouse-10-20-10-2-1.map,planner,1,17144,11299,358,198,15385,11299,3896,0,1,False,warehouse-10-20-10-2-1-random-5.scen,140
140,warehouse-10-20-10-2-1.map,planner,1,28337,11299,950,198,22526,11299,3638,0,1,True,warehouse-10-20-10-2-1-random-5.scen,140
140,warehouse-10-20-10-2-1.map,planner,1,17144,11299,358,198,15385,11299,3922,0,10,False,warehouse-10-20-10-2-1-random-5.scen,140
140,warehouse-10-20-10-2-1.map,planner,1,28337,11299,950,198,22526,11299,3624,0,10,True,warehouse-10-20-10-2-1-random-5.scen,140
140,warehouse-10-20-10-2-1.map,planner,1,17144,11299,358,198,15385,11299,3954,0,100,False,warehouse-10-20-10-2-1-random-5.scen,140
140,warehouse-10-20-10-2-1.map,planner,1,28337,11299,950,198,22526,11299,3613,0,100,True,warehouse-10-20-10-2-1-random-5.scen,140
140,warehouse-10-20-10-2-1.map,planner,1,17144,11299,358,198,15385,11299,3896,0,1000,False,warehouse-10-20-10-2-1-random-5.scen,140
140,warehouse-10-20-10-2-1.map,planner,1,28337,11299,950,198,22526,11299,3602,0,1000,True,warehouse-10-20-10-2-1-random-5.scen,140
180,warehouse-10-20-10-2-1.map,planner,1,21870,14502,327,198,18700,14502,2964,0,0,False,warehouse-10-20-10-2-1-random-5.scen,180
180,warehouse-10-20-10-2-1.map,planner,1,21870,14502,327,198,18700,14502,2871,0,0,True,warehouse-10-20-10-2-1-random-5.scen,180
180,warehouse-10-20-10-2-1.map,planner,1,21870,14502,327,198,18700,14502,2898,0,1,False,warehouse-10-20-10-2-1-random-5.scen,180
180,warehouse-10-20-10-2-1.map,planner,1,47475,14502,1305,198,34140,14502,4950,0,1,True,warehouse-10-20-10-2-1-random-5.scen,180
180,warehouse-10-20-10-2-1.map,planner,1,21870,14502,327,198,18700,14502,2823,0,10,False,warehouse-10-20-10-2-1-random-5.scen,180
180,warehouse-10-20-10-2-1.map,planner,1,47475,14502,1305,198,34140,14502,4873,0,10,True,warehouse-10-20-10-2-1-random-5.scen,180
180,warehouse-10-20-10-2-1.map,planner,1,21870,14502,327,198,18700,14502,2886,0,100,False,warehouse-10-20-10-2-1-random-5.scen,180
180,warehouse-10-20-10-2-1.map,planner,1,47475,14502,1305,198,34140,14502,5001,0,100,True,warehouse-10-20-10-2-1-random-5.scen,180
180,warehouse-10-20-10-2-1.map,planner,1,21870,14502,327,198,18700,14502,2875,0,1000,False,warehouse-10-20-10-2-1-random-5.scen,180
180,warehouse-10-20-10-2-1.map,planner,1,47475,14502,1305,198,34140,14502,4963,0,1000,True,warehouse-10-20-10-2-1-random-5.scen,180
220,warehouse-10-20-10-2-1.map,planner,1,28708,17383,379,198,24312,17383,2250,0,0,False,warehouse-10-20-10-2-1-random-5.scen,220
220,warehouse-10-20-10-2-1.map,planner,1,28708,17383,379,198,24312,17383,2187,0,0,True,warehouse-10-20-10-2-1-random-5.scen,220
220,warehouse-10-20-10-2-1.map,planner,1,28708,17383,379,198,24312,17383,2133,0,1,False,warehouse-10-20-10-2-1-random-5.scen,220
220,warehouse-10-20-10-2-1.map,planner,1,58565,17383,1387,198,41985,17383,9107,0,1,True,warehouse-10-20-10-2-1-random-5.scen,220
220,warehouse-10-20-10-2-1.map,planner,1,28708,17383,379,198,24312,17383,2259,0,10,False,warehouse-10-20-10-2-1-random-5.scen,220
220,warehouse-10-20-10-2-1.map,planner,1,58565,17383,1387,198,41985,17383,9102,0,10,True,warehouse-10-20-10-2-1-random-5.scen,220
220,warehouse-10-20-10-2-1.map,planner,1,28708,17383,379,198,24312,17383,2227,0,100,False,warehouse-10-20-10-2-1-random-5.scen,220
220,warehouse-10-20-10-2-1.map,planner,1,58565,17383,1387,198,41985,17383,9026,0,100,True,warehouse-10-20-10-2-1-random-5.scen,220
220,warehouse-10-20-10-2-1.map,planner,1,28708,17383,379,198,24312,17383,2239,0,1000,False,warehouse-10-20-10-2-1-random-5.scen,220
220,warehouse-10-20-10-2-1.map,planner,1,58565,17383,1387,198,41985,17383,9173,0,1000,True,warehouse-10-20-10-2-1-random-5.scen,220
20,warehouse-10-20-10-2-1.map,planner,1,1565,1476,166,166,1506,1476,1,0,0,False,warehouse-10-20-10-2-1-random-23.scen,20
20,warehouse-10-20-10-2-1.map,planner,1,1565,1476,166,166,1506,1476,1,0,0,True,warehouse-10-20-10-2-1-random-23.scen,20
20,warehouse-10-20-10-2-1.map,planner,1,1565,1476,166,166,1506,1476,1,0,1,False,warehouse-10-20-10-2-1-random-23.scen,20
20,warehouse-10-20-10-2-1.map,planner,1,1565,1476,166,166,1506,1476,1,0,1,True,warehouse-10-20-10-2-1-random-23.scen,20
20,warehouse-10-20-10-2-1.map,planner,1,1565,1476,166,166,1506,1476,1,0,10,False,warehouse-10-20-10-2-1-random-23.scen,20
20,warehouse-10-20-10-2-1.map,planner,1,1565,1476,166,166,1506,1476,1,0,10,True,warehouse-10-20-10-2-1-random-23.scen,20
20,warehouse-10-20-10-2-1.map,planner,1,1565,1476,166,166,1506,1476,1,0,100,False,warehouse-10-20-10-2-1-random-23.scen,20
20,warehouse-10-20-10-2-1.map,planner,1,1565,1476,166,166,1506,1476,1,0,100,True,warehouse-10-20-10-2-1-random-23.scen,20
20,warehouse-10-20-10-2-1.map,planner,1,1565,1476,166,166,1506,1476,1,0,1000,False,warehouse-10-20-10-2-1-random-23.scen,20
20,warehouse-10-20-10-2-1.map,planner,1,1565,1476,166,166,1506,1476,1,0,1000,True,warehouse-10-20-10-2-1-random-23.scen,20
60,warehouse-10-20-10-2-1.map,planner,1,6391,5242,197,175,5896,5242,11,0,0,False,warehouse-10-20-10-2-1-random-23.scen,60
60,warehouse-10-20-10-2-1.map,planner,1,6391,5242,197,175,5896,5242,11,0,0,True,warehouse-10-20-10-2-1-random-23.scen,60
60,warehouse-10-20-10-2-1.map,planner,1,6391,5242,197,175,5896,5242,11,0,1,False,warehouse-10-20-10-2-1-random-23.scen,60
60,warehouse-10-20-10-2-1.map,planner,1,6414,5242,175,175,5887,5242,4,0,1,True,warehouse-10-20-10-2-1-random-23.scen,60
60,warehouse-10-20-10-2-1.map,planner,1,6391,5242,197,175,5896,5242,11,0,10,False,warehouse-10-20-10-2-1-random-23.scen,60
60,warehouse-10-20-10-2-1.map,planner,1,6414,5242,175,175,5887,5242,4,0,10,True,warehouse-10-20-10-2-1-random-23.scen,60
60,warehouse-10-20-10-2-1.map,planner,1,6391,5242,197,175,5896,5242,11,0,100,False,warehouse-10-20-10-2-1-random-23.scen,60
60,warehouse-10-20-10-2-1.map,planner,1,6414,5242,175,175,5887,5242,4,0,100,True,warehouse-10-20-10-2-1-random-23.scen,60
60,warehouse-10-20-10-2-1.map,planner,1,6391,5242,197,175,5896,5242,11,0,1000,False,warehouse-10-20-10-2-1-random-23.scen,60
60,warehouse-10-20-10-2-1.map,planner,1,6414,5242,175,175,5887,5242,5,0,1000,True,warehouse-10-20-10-2-1-random-23.scen,60
100,warehouse-10-20-10-2-1.map,planner,1,12609,8951,260,189,11077,8951,28,0,0,False,warehouse-10-20-10-2-1-random-23.scen,100
100,warehouse-10-20-10-2-1.map,planner,1,12609,8951,260,189,11077,8951,26,0,0,True,warehouse-10-20-10-2-1-random-23.scen,100
100,warehouse-10-20-10-2-1.map,planner,1,12609,8951,260,189,11077,8951,28,0,1,False,warehouse-10-20-10-2-1-random-23.scen,100
100,warehouse-10-20-10-2-1.map,planner,1,11474,8951,209,189,10629,8951,8,0,1,True,warehouse-10-20-10-2-1-random-23.scen,100
100,warehouse-10-20-10-2-1.map,planner,1,12609,8951,260,189,11077,8951,28,0,10,False,warehouse-10-20-10-2-1-random-23.scen,100
100,warehouse-10-20-10-2-1.map,planner,1,11474,8951,209,189,10629,8951,9,0,10,True,warehouse-10-20-10-2-1-random-23.scen,100
100,warehouse-10-20-10-2-1.map,planner,1,12609,8951,260,189,11077,8951,25,0,100,False,warehouse-10-20-10-2-1-random-23.scen,100
100,warehouse-10-20-10-2-1.map,planner,1,11474,8951,209,189,10629,8951,10,0,100,True,warehouse-10-20-10-2-1-random-23.scen,100
100,warehouse-10-20-10-2-1.map,planner,1,12609,8951,260,189,11077,8951,25,0,1000,False,warehouse-10-20-10-2-1-random-23.scen,100
100,warehouse-10-20-10-2-1.map,planner,1,11474,8951,209,189,10629,8951,9,0,1000,True,warehouse-10-20-10-2-1-random-23.scen,100
140,warehouse-10-20-10-2-1.map,planner,1,17369,11990,229,189,15207,11990,386,0,0,False,warehouse-10-20-10-2-1-random-23.scen,140
140,warehouse-10-20-10-2-1.map,planner,1,17369,11990,229,189,15207,11990,392,0,0,True,warehouse-10-20-10-2-1-random-23.scen,140
140,warehouse-10-20-10-2-1.map,planner,1,17369,11990,229,189,15207,11990,382,0,1,False,warehouse-10-20-10-2-1-random-23.scen,140
140,warehouse-10-20-10-2-1.map,planner,1,27146,11990,826,189,21251,11990,1464,0,1,True,warehouse-10-20-10-2-1-random-23.scen,140
140,warehouse-10-20-10-2-1.map,planner,1,17369,11990,229,189,15207,11990,388,0,10,False,warehouse-10-20-10-2-1-random-23.scen,140
140,warehouse-10-20-10-2-1.map,planner,1,27146,11990,826,189,21251,11990,1446,0,10,True,warehouse-10-20-10-2-1-random-23.scen,140
140,warehouse-10-20-10-2-1.map,planner,1,17369,11990,229,189,15207,11990,408,0,100,False,warehouse-10-20-10-2-1-random-23.scen,140
140,warehouse-10-20-10-2-1.map,planner,1,27146,11990,826,189,21251,11990,1441,0,100,True,warehouse-10-20-10-2-1-random-23.scen,140
140,warehouse-10-20-10-2-1.map,planner,1,17369,11990,229,189,15207,11990,400,0,1000,False,warehouse-10-20-10-2-1-random-23.scen,140
140,warehouse-10-20-10-2-1.map,planner,1,27146,11990,826,189,21251,11990,1490,0,1000,True,warehouse-10-20-10-2-1-random-23.scen,140
180,warehouse-10-20-10-2-1.map,planner,1,24348,14865,512,189,21205,14865,3752,0,0,False,warehouse-10-20-10-2-1-random-23.scen,180
180,warehouse-10-20-10-2-1.map,planner,1,24348,14865,512,189,21205,14865,3719,0,0,True,warehouse-10-20-10-2-1-random-23.scen,180
180,warehouse-10-20-10-2-1.map,planner,1,24348,14865,512,189,21205,14865,3749,0,1,False,warehouse-10-20-10-2-1-random-23.scen,180
180,warehouse-10-20-10-2-1.map,planner,1,24348,14865,512,189,21205,14865,3749,0,1,True,warehouse-10-20-10-2-1-random-23.scen,180
180,warehouse-10-20-10-2-1.map,planner,1,24348,14865,512,189,21205,14865,3775,0,10,False,warehouse-10-20-10-2-1-random-23.scen,180
180,warehouse-10-20-10-2-1.map,planner,1,24348,14865,512,189,21205,14865,3775,0,10,True,warehouse-10-20-10-2-1-random-23.scen,180
180,warehouse-10-20-10-2-1.map,planner,1,24348,14865,512,189,21205,14865,3730,0,100,False,warehouse-10-20-10-2-1-random-23.scen,180
180,warehouse-10-20-10-2-1.map,planner,1,24348,14865,512,189,21205,14865,3730,0,100,True,warehouse-10-20-10-2-1-random-23.scen,180
180,warehouse-10-20-10-2-1.map,planner,1,24348,14865,512,189,21205,14865,3746,0,1000,False,warehouse-10-20-10-2-1-random-23.scen,180
180,warehouse-10-20-10-2-1.map,planner,1,24348,14865,512,189,21205,14865,3746,0,1000,True,warehouse-10-20-10-2-1-random-23.scen,180
220,warehouse-10-20-10-2-1.map,planner,1,31185,17996,457,189,26400,17996,3251,0,0,False,warehouse-10-20-10-2-1-random-23.scen,220
220,warehouse-10-20-10-2-1.map,planner,1,31185,17996,457,189,26400,17996,3369,0,0,True,warehouse-10-20-10-2-1-random-23.scen,220
220,warehouse-10-20-10-2-1.map,planner,1,31185,17996,457,189,26400,17996,3324,0,1,False,warehouse-10-20-10-2-1-random-23.scen,220
220,warehouse-10-20-10-2-1.map,planner,1,31185,17996,457,189,26400,17996,3324,0,1,True,warehouse-10-20-10-2-1-random-23.scen,220
220,warehouse-10-20-10-2-1.map,planner,1,31185,17996,457,189,26400,17996,3315,0,10,False,warehouse-10-20-10-2-1-random-23.scen,220
220,warehouse-10-20-10-2-1.map,planner,1,31185,17996,457,189,26400,17996,3315,0,10,True,warehouse-10-20-10-2-1-random-23.scen,220
220,warehouse-10-20-10-2-1.map,planner,1,31185,17996,457,189,26400,17996,3300,0,100,False,warehouse-10-20-10-2-1-random-23.scen,220
220,warehouse-10-20-10-2-1.map,planner,1,31185,17996,457,189,26400,17996,3300,0,100,True,warehouse-10-20-10-2-1-random-23.scen,220
220,warehouse-10-20-10-2-1.map,planner,1,31185,17996,457,189,26400,17996,3334,0,1000,False,warehouse-10-20-10-2-1-random-23.scen,220
220,warehouse-10-20-10-2-1.map,planner,1,31185,17996,457,189,26400,17996,3334,0,1000,True,warehouse-10-20-10-2-1-random-23.scen,220
260,warehouse-10-20-10-2-1.map,planner,1,44829,21510,704,212,36580,21510,26910,0,0,False,warehouse-10-20-10-2-1-random-23.scen,260
260,warehouse-10-20-10-2-1.map,planner,1,44829,21510,704,212,36580,21510,27543,0,0,True,warehouse-10-20-10-2-1-random-23.scen,260
260,warehouse-10-20-10-2-1.map,planner,1,44829,21510,704,212,36580,21510,27422,0,1,False,warehouse-10-20-10-2-1-random-23.scen,260
260,warehouse-10-20-10-2-1.map,planner,1,111408,21510,2030,212,68529,21510,29366,0,1,True,warehouse-10-20-10-2-1-random-23.scen,260
260,warehouse-10-20-10-2-1.map,planner,1,44829,21510,704,212,36580,21510,27242,0,10,False,warehouse-10-20-10-2-1-random-23.scen,260
260,warehouse-10-20-10-2-1.map,planner,1,102664,21510,1661,212,63685,21510,2733,0,10,True,warehouse-10-20-10-2-1-random-23.scen,260
260,warehouse-10-20-10-2-1.map,planner,1,44829,21510,704,212,36580,21510,26902,0,100,False,warehouse-10-20-10-2-1-random-23.scen,260
260,warehouse-10-20-10-2-1.map,planner,1,111097,21510,1873,212,67349,21510,7190,0,100,True,warehouse-10-20-10-2-1-random-23.scen,260
260,warehouse-10-20-10-2-1.map,planner,1,44829,21510,704,212,36580,21510,26833,0,1000,False,warehouse-10-20-10-2-1-random-23.scen,260
260,warehouse-10-20-10-2-1.map,planner,1,111097,21510,1873,212,67349,21510,7145,0,1000,True,warehouse-10-20-10-2-1-random-23.scen,260
20,warehouse-10-20-10-2-1.map,planner,1,1529,1356,165,165,1413,1356,1,0,0,False,warehouse-10-20-10-2-1-random-11.scen,20
20,warehouse-10-20-10-2-1.map,planner,1,1529,1356,165,165,1413,1356,1,0,0,True,warehouse-10-20-10-2-1-random-11.scen,20
20,warehouse-10-20-10-2-1.map,planner,1,1529,1356,165,165,1413,1356,1,0,1,False,warehouse-10-20-10-2-1-random-11.scen,20
20,warehouse-10-20-10-2-1.map,planner,1,1529,1356,165,165,1413,1356,1,0,1,True,warehouse-10-20-10-2-1-random-11.scen,20
20,warehouse-10-20-10-2-1.map,planner,1,1529,1356,165,165,1413,1356,1,0,10,False,warehouse-10-20-10-2-1-random-11.scen,20
20,warehouse-10-20-10-2-1.map,planner,1,1529,1356,165,165,1413,1356,1,0,10,True,warehouse-10-20-10-2-1-random-11.scen,20
20,warehouse-10-20-10-2-1.map,planner,1,1529,1356,165,165,1413,1356,1,0,100,False,warehouse-10-20-10-2-1-random-11.scen,20
20,warehouse-10-20-10-2-1.map,planner,1,1529,1356,165,165,1413,1356,1,0,100,True,warehouse-10-20-10-2-1-random-11.scen,20
20,warehouse-10-20-10-2-1.map,planner,1,1529,1356,165,165,1413,1356,1,0,1000,False,warehouse-10-20-10-2-1-random-11.scen,20
20,warehouse-10-20-10-2-1.map,planner,1,1529,1356,165,165,1413,1356,1,0,1000,True,warehouse-10-20-10-2-1-random-11.scen,20
60,warehouse-10-20-10-2-1.map,planner,1,8382,5211,391,181,7506,5211,793,0,0,False,warehouse-10-20-10-2-1-random-11.scen,60
60,warehouse-10-20-10-2-1.map,planner,1,8382,5211,391,181,7506,5211,844,0,0,True,warehouse-10-20-10-2-1-random-11.scen,60
60,warehouse-10-20-10-2-1.map,planner,1,8382,5211,391,181,7506,5211,796,0,1,False,warehouse-10-20-10-2-1-random-11.scen,60
60,warehouse-10-20-10-2-1.map,planner,1,10174,5211,458,181,8494,5211,709,0,1,True,warehouse-10-20-10-2-1-random-11.scen,60
60,warehouse-10-20-10-2-1.map,planner,1,8382,5211,391,181,7506,5211,837,0,10,False,warehouse-10-20-10-2-1-random-11.scen,60
60,warehouse-10-20-10-2-1.map,planner,1,10174,5211,458,181,8494,5211,700,0,10,True,warehouse-10-20-10-2-1-random-11.scen,60
60,warehouse-10-20-10-2-1.map,planner,1,8382,5211,391,181,7506,5211,801,0,100,False,warehouse-10-20-10-2-1-random-11.scen,60
60,warehouse-10-20-10-2-1.map,planner,1,10174,5211,458,181,8494,5211,746,0,100,True,warehouse-10-20-10-2-1-random-11.scen,60
60,warehouse-10-20-10-2-1.map,planner,1,8382,5211,391,181,7506,5211,810,0,1000,False,warehouse-10-20-10-2-1-random-11.scen,60
60,warehouse-10-20-10-2-1.map,planner,1,10174,5211,458,181,8494,5211,713,0,1000,True,warehouse-10-20-10-2-1-random-11.scen,60
100,warehouse-10-20-10-2-1.map,planner,1,12581,8761,336,185,11531,8761,552,0,0,False,warehouse-10-20-10-2-1-random-11.scen,100
100,warehouse-10-20-10-2-1.map,planner,1,12581,8761,336,185,11531,8761,534,0,0,True,warehouse-10-20-10-2-1-random-11.scen,100
100,warehouse-10-20-10-2-1.map,planner,1,12581,8761,336,185,11531,8761,529,0,1,False,warehouse-10-20-10-2-1-random-11.scen,100
100,warehouse-10-20-10-2-1.map,planner,1,25877,8761,1066,185,20697,8761,3626,0,1,True,warehouse-10-20-10-2-1-random-11.scen,100
100,warehouse-10-20-10-2-1.map,planner,1,12581,8761,336,185,11531,8761,526,0,10,False,warehouse-10-20-10-2-1-random-11.scen,100
100,warehouse-10-20-10-2-1.map,planner,1,25877,8761,1066,185,20697,8761,3615,0,10,True,warehouse-10-20-10-2-1-random-11.scen,100
100,warehouse-10-20-10-2-1.map,planner,1,12581,8761,336,185,11531,8761,524,0,100,False,warehouse-10-20-10-2-1-random-11.scen,100
100,warehouse-10-20-10-2-1.map,planner,1,25877,8761,1066,185,20697,8761,3623,0,100,True,warehouse-10-20-10-2-1-random-11.scen,100
100,warehouse-10-20-10-2-1.map,planner,1,12581,8761,336,185,11531,8761,534,0,1000,False,warehouse-10-20-10-2-1-random-11.scen,100
100,warehouse-10-20-10-2-1.map,planner,1,25877,8761,1066,185,20697,8761,3593,0,1000,True,warehouse-10-20-10-2-1-random-11.scen,100
140,warehouse-10-20-10-2-1.map,planner,1,22066,11644,819,185,19861,11644,2310,0,0,False,warehouse-10-20-10-2-1-random-11.scen,140
140,warehouse-10-20-10-2-1.map,planner,1,22066,11644,819,185,19861,11644,2344,0,0,True,warehouse-10-20-10-2-1-random-11.scen,140
140,warehouse-10-20-10-2-1.map,planner,1,22066,11644,819,185,19861,11644,2335,0,1,False,warehouse-10-20-10-2-1-random-11.scen,140
140,warehouse-10-20-10-2-1.map,planner,1,22066,11644,819,185,19861,11644,2335,0,1,True,warehouse-10-20-10-2-1-random-11.scen,140
140,warehouse-10-20-10-2-1.map,planner,1,22066,11644,819,185,19861,11644,2302,0,10,False,warehouse-10-20-10-2-1-random-11.scen,140
140,warehouse-10-20-10-2-1.map,planner,1,22066,11644,819,185,19861,11644,2302,0,10,True,warehouse-10-20-10-2-1-random-11.scen,140
140,warehouse-10-20-10-2-1.map,planner,1,22066,11644,819,185,19861,11644,2357,0,100,False,warehouse-10-20-10-2-1-random-11.scen,140
140,warehouse-10-20-10-2-1.map,planner,1,22066,11644,819,185,19861,11644,2357,0,100,True,warehouse-10-20-10-2-1-random-11.scen,140
140,warehouse-10-20-10-2-1.map,planner,1,22066,11644,819,185,19861,11644,2335,0,1000,False,warehouse-10-20-10-2-1-random-11.scen,140
140,warehouse-10-20-10-2-1.map,planner,1,22066,11644,819,185,19861,11644,2335,0,1000,True,warehouse-10-20-10-2-1-random-11.scen,140
180,warehouse-10-20-10-2-1.map,planner,1,26364,14772,518,185,22182,14772,4669,0,0,False,warehouse-10-20-10-2-1-random-11.scen,180
180,warehouse-10-20-10-2-1.map,planner,1,26364,14772,518,185,22182,14772,4688,0,0,True,warehouse-10-20-10-2-1-random-11.scen,180
180,warehouse-10-20-10-2-1.map,planner,1,26364,14772,518,185,22182,14772,4648,0,1,False,warehouse-10-20-10-2-1-random-11.scen,180
180,warehouse-10-20-10-2-1.map,planner,1,26364,14772,518,185,22182,14772,4659,0,10,False,warehouse-10-20-10-2-1-random-11.scen,180
180,warehouse-10-20-10-2-1.map,planner,1,26364,14772,518,185,22182,14772,4588,0,100,False,warehouse-10-20-10-2-1-random-11.scen,180
180,warehouse-10-20-10-2-1.map,planner,1,26364,14772,518,185,22182,14772,4659,0,1000,False,warehouse-10-20-10-2-1-random-11.scen,180
220,warehouse-10-20-10-2-1.map,planner,1,33540,17802,698,185,29546,17802,24942,0,0,False,warehouse-10-20-10-2-1-random-11.scen,220
220,warehouse-10-20-10-2-1.map,planner,1,33540,17802,698,185,29546,17802,25387,0,0,True,warehouse-10-20-10-2-1-random-11.scen,220
220,warehouse-10-20-10-2-1.map,planner,1,33540,17802,698,185,29546,17802,24875,0,1,False,warehouse-10-20-10-2-1-random-11.scen,220
220,warehouse-10-20-10-2-1.map,planner,1,33540,17802,698,185,29546,17802,24828,0,10,False,warehouse-10-20-10-2-1-random-11.scen,220
220,warehouse-10-20-10-2-1.map,planner,1,33540,17802,698,185,29546,17802,25268,0,100,False,warehouse-10-20-10-2-1-random-11.scen,220
220,warehouse-10-20-10-2-1.map,planner,1,33540,17802,698,185,29546,17802,24724,0,1000,False,warehouse-10-20-10-2-1-random-11.scen,220
20,warehouse-10-20-10-2-1.map,planner,1,1680,1470,168,168,1546,1470,1,0,0,False,warehouse-10-20-10-2-1-random-18.scen,20
20,warehouse-10-20-10-2-1.map,planner,1,1680,1470,168,168,1546,1470,1,0,0,True,warehouse-10-20-10-2-1-random-18.scen,20
20,warehouse-10-20-10-2-1.map,planner,1,1680,1470,168,168,1546,1470,1,0,1,False,warehouse-10-20-10-2-1-random-18.scen,20
20,warehouse-10-20-10-2-1.map,planner,1,1680,1470,168,168,1546,1470,1,0,1,True,warehouse-10-20-10-2-1-random-18.scen,20
20,warehouse-10-20-10-2-1.map,planner,1,1680,1470,168,168,1546,1470,1,0,10,False,warehouse-10-20-10-2-1-random-18.scen,20
20,warehouse-10-20-10-2-1.map,planner,1,1680,1470,168,168,1546,1470,1,0,10,True,warehouse-10-20-10-2-1-random-18.scen,20
20,warehouse-10-20-10-2-1.map,planner,1,1680,1470,168,168,1546,1470,2,0,100,False,warehouse-10-20-10-2-1-random-18.scen,20
20,warehouse-10-20-10-2-1.map,planner,1,1680,1470,168,168,1546,1470,1,0,100,True,warehouse-10-20-10-2-1-random-18.scen,20
20,warehouse-10-20-10-2-1.map,planner,1,1680,1470,168,168,1546,1470,1,0,1000,False,warehouse-10-20-10-2-1-random-18.scen,20
20,warehouse-10-20-10-2-1.map,planner,1,1680,1470,168,168,1546,1470,1,0,1000,True,warehouse-10-20-10-2-1-random-18.scen,20
60,warehouse-10-20-10-2-1.map,planner,1,5769,4815,177,177,5354,4815,4,0,0,False,warehouse-10-20-10-2-1-random-18.scen,60
60,warehouse-10-20-10-2-1.map,planner,1,5769,4815,177,177,5354,4815,4,0,0,True,warehouse-10-20-10-2-1-random-18.scen,60
60,warehouse-10-20-10-2-1.map,planner,1,5769,4815,177,177,5354,4815,5,0,1,False,warehouse-10-20-10-2-1-random-18.scen,60
60,warehouse-10-20-10-2-1.map,planner,1,5668,4815,177,177,5346,4815,4,0,1,True,warehouse-10-20-10-2-1-random-18.scen,60
60,warehouse-10-20-10-2-1.map,planner,1,5769,4815,177,177,5354,4815,4,0,10,False,warehouse-10-20-10-2-1-random-18.scen,60
60,warehouse-10-20-10-2-1.map,planner,1,5668,4815,177,177,5346,4815,4,0,10,True,warehouse-10-20-10-2-1-random-18.scen,60
60,warehouse-10-20-10-2-1.map,planner,1,5769,4815,177,177,5354,4815,5,0,100,False,warehouse-10-20-10-2-1-random-18.scen,60
60,warehouse-10-20-10-2-1.map,planner,1,5668,4815,177,177,5346,4815,5,0,100,True,warehouse-10-20-10-2-1-random-18.scen,60
60,warehouse-10-20-10-2-1.map,planner,1,5769,4815,177,177,5354,4815,4,0,1000,False,warehouse-10-20-10-2-1-random-18.scen,60
60,warehouse-10-20-10-2-1.map,planner,1,5668,4815,177,177,5346,4815,4,0,1000,True,warehouse-10-20-10-2-1-random-18.scen,60
100,warehouse-10-20-10-2-1.map,planner,1,11087,8173,252,186,9969,8173,472,0,0,False,warehouse-10-20-10-2-1-random-18.scen,100
100,warehouse-10-20-10-2-1.map,planner,1,11087,8173,252,186,9969,8173,454,0,0,True,warehouse-10-20-10-2-1-random-18.scen,100
100,warehouse-10-20-10-2-1.map,planner,1,11087,8173,252,186,9969,8173,446,0,1,False,warehouse-10-20-10-2-1-random-18.scen,100
100,warehouse-10-20-10-2-1.map,planner,1,10998,8173,201,186,9804,8173,8,0,1,True,warehouse-10-20-10-2-1-random-18.scen,100
100,warehouse-10-20-10-2-1.map,planner,1,11087,8173,252,186,9969,8173,448,0,10,False,warehouse-10-20-10-2-1-random-18.scen,100
100,warehouse-10-20-10-2-1.map,planner,1,10998,8173,201,186,9804,8173,8,0,10,True,warehouse-10-20-10-2-1-random-18.scen,100
100,warehouse-10-20-10-2-1.map,planner,1,11087,8173,252,186,9969,8173,447,0,100,False,warehouse-10-20-10-2-1-random-18.scen,100
100,warehouse-10-20-10-2-1.map,planner,1,10998,8173,201,186,9804,8173,8,0,100,True,warehouse-10-20-10-2-1-random-18.scen,100
100,warehouse-10-20-10-2-1.map,planner,1,11087,8173,252,186,9969,8173,473,0,1000,False,warehouse-10-20-10-2-1-random-18.scen,100
100,warehouse-10-20-10-2-1.map,planner,1,10998,8173,201,186,9804,8173,7,0,1000,True,warehouse-10-20-10-2-1-random-18.scen,100
140,warehouse-10-20-10-2-1.map,planner,1,15564,10617,252,186,13595,10617,660,0,0,False,warehouse-10-20-10-2-1-random-18.scen,140
140,warehouse-10-20-10-2-1.map,planner,1,15564,10617,252,186,13595,10617,667,0,0,True,warehouse-10-20-10-2-1-random-18.scen,140
140,warehouse-10-20-10-2-1.map,planner,1,15564,10617,252,186,13595,10617,686,0,1,False,warehouse-10-20-10-2-1-random-18.scen,140
140,warehouse-10-20-10-2-1.map,planner,1,22446,10617,674,186,17423,10617,690,0,1,True,warehouse-10-20-10-2-1-random-18.scen,140
140,warehouse-10-20-10-2-1.map,planner,1,15564,10617,252,186,13595,10617,674,0,10,False,warehouse-10-20-10-2-1-random-18.scen,140
140,warehouse-10-20-10-2-1.map,planner,1,22446,10617,674,186,17423,10617,712,0,10,True,warehouse-10-20-10-2-1-random-18.scen,140
140,warehouse-10-20-10-2-1.map,planner,1,15564,10617,252,186,13595,10617,666,0,100,False,warehouse-10-20-10-2-1-random-18.scen,140
140,warehouse-10-20-10-2-1.map,planner,1,22446,10617,674,186,17423,10617,687,0,100,True,warehouse-10-20-10-2-1-random-18.scen,140
140,warehouse-10-20-10-2-1.map,planner,1,15564,10617,252,186,13595,10617,680,0,1000,False,warehouse-10-20-10-2-1-random-18.scen,140
140,warehouse-10-20-10-2-1.map,planner,1,22446,10617,674,186,17423,10617,698,0,1000,True,warehouse-10-20-10-2-1-random-18.scen,140
180,warehouse-10-20-10-2-1.map,planner,1,22984,14043,343,186,19455,14043,2315,0,0,False,warehouse-10-20-10-2-1-random-18.scen,180
180,warehouse-10-20-10-2-1.map,planner,1,22984,14043,343,186,19455,14043,2317,0,0,True,warehouse-10-20-10-2-1-random-18.scen,180
180,warehouse-10-20-10-2-1.map,planner,1,22984,14043,343,186,19455,14043,2312,0,1,False,warehouse-10-20-10-2-1-random-18.scen,180
180,warehouse-10-20-10-2-1.map,planner,1,36512,14043,867,186,27093,14043,1953,0,1,True,warehouse-10-20-10-2-1-random-18.scen,180
180,warehouse-10-20-10-2-1.map,planner,1,22984,14043,343,186,19455,14043,2286,0,10,False,warehouse-10-20-10-2-1-random-18.scen,180
180,warehouse-10-20-10-2-1.map,planner,1,36512,14043,867,186,27093,14043,1965,0,10,True,warehouse-10-20-10-2-1-random-18.scen,180
180,warehouse-10-20-10-2-1.map,planner,1,22984,14043,343,186,19455,14043,2327,0,100,False,warehouse-10-20-10-2-1-random-18.scen,180
180,warehouse-10-20-10-2-1.map,planner,1,36512,14043,867,186,27093,14043,1934,0,100,True,warehouse-10-20-10-2-1-random-18.scen,180
180,warehouse-10-20-10-2-1.map,planner,1,22984,14043,343,186,19455,14043,2275,0,1000,False,warehouse-10-20-10-2-1-random-18.scen,180
180,warehouse-10-20-10-2-1.map,planner,1,36512,14043,867,186,27093,14043,1963,0,1000,True,warehouse-10-20-10-2-1-random-18.scen,180
220,warehouse-10-20-10-2-1.map,planner,1,29416,17098,394,186,24767,17098,1114,0,0,False,warehouse-10-20-10-2-1-random-18.scen,220
220,warehouse-10-20-10-2-1.map,planner,1,29416,17098,394,186,24767,17098,1135,0,0,True,warehouse-10-20-10-2-1-random-18.scen,220
220,warehouse-10-20-10-2-1.map,planner,1,29416,17098,394,186,24767,17098,1124,0,1,False,warehouse-10-20-10-2-1-random-18.scen,220
220,warehouse-10-20-10-2-1.map,planner,1,29416,17098,394,186,24767,17098,1124,0,1,True,warehouse-10-20-10-2-1-random-18.scen,220
220,warehouse-10-20-10-2-1.map,planner,1,29416,17098,394,186,24767,17098,1161,0,10,False,warehouse-10-20-10-2-1-random-18.scen,220
220,warehouse-10-20-10-2-1.map,planner,1,29416,17098,394,186,24767,17098,1161,0,10,True,warehouse-10-20-10-2-1-random-18.scen,220
220,warehouse-10-20-10-2-1.map,planner,1,29416,17098,394,186,24767,17098,1138,0,100,False,warehouse-10-20-10-2-1-random-18.scen,220
220,warehouse-10-20-10-2-1.map,planner,1,29416,17098,394,186,24767,17098,1138,0,100,True,warehouse-10-20-10-2-1-random-18.scen,220
220,warehouse-10-20-10-2-1.map,planner,1,29416,17098,394,186,24767,17098,1132,0,1000,False,warehouse-10-20-10-2-1-random-18.scen,220
220,warehouse-10-20-10-2-1.map,planner,1,29416,17098,394,186,24767,17098,1132,0,1000,True,warehouse-10-20-10-2-1-random-18.scen,220
