agents,map_file,solver,solved,soc,soc_lb,makespan,makespan_lb,sum_of_loss,sum_of_loss_lb,comp_time,seed,Opti_Deadline,Bool_Opti,Scenario_File,N
20,ht_chantry.map,planner,1,2153,2005,171,171,2046,2005,2,0,0,False,ht_chantry-random-5.scen,20
20,ht_chantry.map,planner,1,2153,2005,171,171,2046,2005,2,0,0,True,ht_chantry-random-5.scen,20
20,ht_chantry.map,planner,1,2153,2005,171,171,2046,2005,2,0,1,False,ht_chantry-random-5.scen,20
20,ht_chantry.map,planner,1,2153,2005,171,171,2046,2005,2,0,1,True,ht_chantry-random-5.scen,20
20,ht_chantry.map,planner,1,2153,2005,171,171,2046,2005,2,0,10,False,ht_chantry-random-5.scen,20
20,ht_chantry.map,planner,1,2153,2005,171,171,2046,2005,2,0,10,True,ht_chantry-random-5.scen,20
20,ht_chantry.map,planner,1,2153,2005,171,171,2046,2005,2,0,100,False,ht_chantry-random-5.scen,20
20,ht_chantry.map,planner,1,2153,2005,171,171,2046,2005,2,0,100,True,ht_chantry-random-5.scen,20
20,ht_chantry.map,planner,1,2153,2005,171,171,2046,2005,2,0,1000,False,ht_chantry-random-5.scen,20
20,ht_chantry.map,planner,1,2153,2005,171,171,2046,2005,2,0,1000,True,ht_chantry-random-5.scen,20
60,ht_chantry.map,planner,1,6525,6141,203,203,6398,6141,7,0,0,False,ht_chantry-random-5.scen,60
60,ht_chantry.map,planner,1,6525,6141,203,203,6398,6141,6,0,0,True,ht_chantry-random-5.scen,60
60,ht_chantry.map,planner,1,6525,6141,203,203,6398,6141,6,0,1,False,ht_chantry-random-5.scen,60
60,ht_chantry.map,planner,1,7080,6141,203,203,6408,6141,6,0,1,True,ht_chantry-random-5.scen,60
60,ht_chantry.map,planner,1,6525,6141,203,203,6398,6141,6,0,10,False,ht_chantry-random-5.scen,60
60,ht_chantry.map,planner,1,7080,6141,203,203,6408,6141,6,0,10,True,ht_chantry-random-5.scen,60
60,ht_chantry.map,planner,1,6525,6141,203,203,6398,6141,6,0,100,False,ht_chantry-random-5.scen,60
60,ht_chantry.map,planner,1,7080,6141,203,203,6408,6141,6,0,100,True,ht_chantry-random-5.scen,60
60,ht_chantry.map,planner,1,6525,6141,203,203,6398,6141,6,0,1000,False,ht_chantry-random-5.scen,60
60,ht_chantry.map,planner,1,7080,6141,203,203,6408,6141,6,0,1000,True,ht_chantry-random-5.scen,60
100,ht_chantry.map,planner,1,11832,9892,203,203,10486,9892,10,0,0,False,ht_chantry-random-5.scen,100
100,ht_chantry.map,planner,1,11832,9892,203,203,10486,9892,12,0,0,True,ht_chantry-random-5.scen,100
100,ht_chantry.map,planner,1,11832,9892,203,203,10486,9892,12,0,1,False,ht_chantry-random-5.scen,100
100,ht_chantry.map,planner,1,11589,9892,209,203,10466,9892,11,0,1,True,ht_chantry-random-5.scen,100
100,ht_chantry.map,planner,1,11832,9892,203,203,10486,9892,10,0,10,False,ht_chantry-random-5.scen,100
100,ht_chantry.map,planner,1,11589,9892,209,203,10466,9892,12,0,10,True,ht_chantry-random-5.scen,100
100,ht_chantry.map,planner,1,11832,9892,203,203,10486,9892,10,0,100,False,ht_chantry-random-5.scen,100
100,ht_chantry.map,planner,1,11589,9892,209,203,10466,9892,12,0,100,True,ht_chantry-random-5.scen,100
100,ht_chantry.map,planner,1,11832,9892,203,203,10486,9892,10,0,1000,False,ht_chantry-random-5.scen,100
100,ht_chantry.map,planner,1,11589,9892,209,203,10466,9892,10,0,1000,True,ht_chantry-random-5.scen,100
140,ht_chantry.map,planner,1,17460,14076,203,203,15323,14076,15,0,0,False,ht_chantry-random-5.scen,140
140,ht_chantry.map,planner,1,17460,14076,203,203,15323,14076,15,0,0,True,ht_chantry-random-5.scen,140
140,ht_chantry.map,planner,1,17460,14076,203,203,15323,14076,16,0,1,False,ht_chantry-random-5.scen,140
140,ht_chantry.map,planner,1,17238,14076,203,203,14974,14076,16,0,1,True,ht_chantry-random-5.scen,140
140,ht_chantry.map,planner,1,17460,14076,203,203,15323,14076,17,0,10,False,ht_chantry-random-5.scen,140
140,ht_chantry.map,planner,1,17238,14076,203,203,14974,14076,18,0,10,True,ht_chantry-random-5.scen,140
140,ht_chantry.map,planner,1,17460,14076,203,203,15323,14076,17,0,100,False,ht_chantry-random-5.scen,140
140,ht_chantry.map,planner,1,17238,14076,203,203,14974,14076,18,0,100,True,ht_chantry-random-5.scen,140
140,ht_chantry.map,planner,1,17460,14076,203,203,15323,14076,15,0,1000,False,ht_chantry-random-5.scen,140
140,ht_chantry.map,planner,1,17238,14076,203,203,14974,14076,15,0,1000,True,ht_chantry-random-5.scen,140
180,ht_chantry.map,planner,1,22426,17785,203,203,19609,17785,21,0,0,False,ht_chantry-random-5.scen,180
180,ht_chantry.map,planner,1,22426,17785,203,203,19609,17785,21,0,0,True,ht_chantry-random-5.scen,180
180,ht_chantry.map,planner,1,22426,17785,203,203,19609,17785,20,0,1,False,ht_chantry-random-5.scen,180
180,ht_chantry.map,planner,1,21770,17785,203,203,19042,17785,24,0,1,True,ht_chantry-random-5.scen,180
180,ht_chantry.map,planner,1,22426,17785,203,203,19609,17785,21,0,10,False,ht_chantry-random-5.scen,180
180,ht_chantry.map,planner,1,21711,17785,203,203,19009,17785,27,0,10,True,ht_chantry-random-5.scen,180
180,ht_chantry.map,planner,1,22426,17785,203,203,19609,17785,19,0,100,False,ht_chantry-random-5.scen,180
180,ht_chantry.map,planner,1,21711,17785,203,203,19009,17785,27,0,100,True,ht_chantry-random-5.scen,180
180,ht_chantry.map,planner,1,22426,17785,203,203,19609,17785,20,0,1000,False,ht_chantry-random-5.scen,180
180,ht_chantry.map,planner,1,21711,17785,203,203,19009,17785,27,0,1000,True,ht_chantry-random-5.scen,180
220,ht_chantry.map,planner,1,27865,21429,203,203,23723,21429,26,0,0,False,ht_chantry-random-5.scen,220
220,ht_chantry.map,planner,1,27865,21429,203,203,23723,21429,25,0,0,True,ht_chantry-random-5.scen,220
220,ht_chantry.map,planner,1,27865,21429,203,203,23723,21429,24,0,1,False,ht_chantry-random-5.scen,220
220,ht_chantry.map,planner,1,27387,21429,210,203,23181,21429,50,0,1,True,ht_chantry-random-5.scen,220
220,ht_chantry.map,planner,1,27865,21429,203,203,23723,21429,24,0,10,False,ht_chantry-random-5.scen,220
220,ht_chantry.map,planner,1,26720,21429,210,203,23046,21429,176,0,10,True,ht_chantry-random-5.scen,220
220,ht_chantry.map,planner,1,27865,21429,203,203,23723,21429,25,0,100,False,ht_chantry-random-5.scen,220
220,ht_chantry.map,planner,1,27139,21429,213,203,23094,21429,592,0,100,True,ht_chantry-random-5.scen,220
220,ht_chantry.map,planner,1,27865,21429,203,203,23723,21429,24,0,1000,False,ht_chantry-random-5.scen,220
220,ht_chantry.map,planner,1,27302,21429,212,203,23066,21429,1433,0,1000,True,ht_chantry-random-5.scen,220
260,ht_chantry.map,planner,1,33987,25650,203,203,29117,25650,30,0,0,False,ht_chantry-random-5.scen,260
260,ht_chantry.map,planner,1,33987,25650,203,203,29117,25650,28,0,0,True,ht_chantry-random-5.scen,260
260,ht_chantry.map,planner,1,33987,25650,203,203,29117,25650,30,0,1,False,ht_chantry-random-5.scen,260
260,ht_chantry.map,planner,1,32520,25650,208,203,27790,25650,66,0,1,True,ht_chantry-random-5.scen,260
260,ht_chantry.map,planner,1,33987,25650,203,203,29117,25650,30,0,10,False,ht_chantry-random-5.scen,260
260,ht_chantry.map,planner,1,32532,25650,203,203,27985,25650,396,0,10,True,ht_chantry-random-5.scen,260
260,ht_chantry.map,planner,1,33987,25650,203,203,29117,25650,30,0,100,False,ht_chantry-random-5.scen,260
260,ht_chantry.map,planner,1,32278,25650,205,203,27788,25650,2071,0,100,True,ht_chantry-random-5.scen,260
260,ht_chantry.map,planner,1,33987,25650,203,203,29117,25650,30,0,1000,False,ht_chantry-random-5.scen,260
260,ht_chantry.map,planner,1,32387,25650,204,203,27789,25650,8578,0,1000,True,ht_chantry-random-5.scen,260
300,ht_chantry.map,planner,1,39314,29432,203,203,33620,29432,32,0,0,False,ht_chantry-random-5.scen,300
300,ht_chantry.map,planner,1,39314,29432,203,203,33620,29432,35,0,0,True,ht_chantry-random-5.scen,300
300,ht_chantry.map,planner,1,39314,29432,203,203,33620,29432,33,0,1,False,ht_chantry-random-5.scen,300
300,ht_chantry.map,planner,1,37410,29432,207,203,32521,29432,83,0,1,True,ht_chantry-random-5.scen,300
300,ht_chantry.map,planner,1,39314,29432,203,203,33620,29432,35,0,10,False,ht_chantry-random-5.scen,300
300,ht_chantry.map,planner,1,37646,29432,206,203,32355,29432,423,0,10,True,ht_chantry-random-5.scen,300
300,ht_chantry.map,planner,1,39314,29432,203,203,33620,29432,37,0,100,False,ht_chantry-random-5.scen,300
300,ht_chantry.map,planner,1,38058,29432,203,203,32400,29432,3317,0,100,True,ht_chantry-random-5.scen,300
300,ht_chantry.map,planner,1,39314,29432,203,203,33620,29432,37,0,1000,False,ht_chantry-random-5.scen,300
300,ht_chantry.map,planner,1,37618,29432,206,203,32240,29432,22980,0,1000,True,ht_chantry-random-5.scen,300
340,ht_chantry.map,planner,1,45512,32783,204,203,38464,32783,36,0,0,False,ht_chantry-random-5.scen,340
340,ht_chantry.map,planner,1,45512,32783,204,203,38464,32783,41,0,0,True,ht_chantry-random-5.scen,340
340,ht_chantry.map,planner,1,45512,32783,204,203,38464,32783,41,0,1,False,ht_chantry-random-5.scen,340
340,ht_chantry.map,planner,1,43208,32783,211,203,36959,32783,102,0,1,True,ht_chantry-random-5.scen,340
340,ht_chantry.map,planner,1,45512,32783,204,203,38464,32783,41,0,10,False,ht_chantry-random-5.scen,340
340,ht_chantry.map,planner,1,43399,32783,208,203,36796,32783,493,0,10,True,ht_chantry-random-5.scen,340
340,ht_chantry.map,planner,1,45512,32783,204,203,38464,32783,40,0,100,False,ht_chantry-random-5.scen,340
340,ht_chantry.map,planner,1,42768,32783,213,203,36634,32783,4426,0,100,True,ht_chantry-random-5.scen,340
340,ht_chantry.map,planner,1,45512,32783,204,203,38464,32783,42,0,1000,False,ht_chantry-random-5.scen,340
340,ht_chantry.map,planner,1,42505,32783,208,203,36435,32783,40361,0,1000,True,ht_chantry-random-5.scen,340
380,ht_chantry.map,planner,1,51711,36536,204,203,43494,36536,41,0,0,False,ht_chantry-random-5.scen,380
380,ht_chantry.map,planner,1,51711,36536,204,203,43494,36536,48,0,0,True,ht_chantry-random-5.scen,380
380,ht_chantry.map,planner,1,51711,36536,204,203,43494,36536,44,0,1,False,ht_chantry-random-5.scen,380
380,ht_chantry.map,planner,1,48860,36536,206,203,41532,36536,111,0,1,True,ht_chantry-random-5.scen,380
380,ht_chantry.map,planner,1,51711,36536,204,203,43494,36536,42,0,10,False,ht_chantry-random-5.scen,380
380,ht_chantry.map,planner,1,48215,36536,204,203,41334,36536,596,0,10,True,ht_chantry-random-5.scen,380
380,ht_chantry.map,planner,1,51711,36536,204,203,43494,36536,43,0,100,False,ht_chantry-random-5.scen,380
380,ht_chantry.map,planner,1,48842,36536,206,203,41497,36536,5031,0,100,True,ht_chantry-random-5.scen,380
380,ht_chantry.map,planner,1,51711,36536,204,203,43494,36536,41,0,1000,False,ht_chantry-random-5.scen,380
380,ht_chantry.map,planner,1,48682,36536,206,203,41284,36536,43652,0,1000,True,ht_chantry-random-5.scen,380
420,ht_chantry.map,planner,1,58109,40412,203,203,48669,40412,50,0,0,False,ht_chantry-random-5.scen,420
420,ht_chantry.map,planner,1,58109,40412,203,203,48669,40412,46,0,0,True,ht_chantry-random-5.scen,420
420,ht_chantry.map,planner,1,58109,40412,203,203,48669,40412,49,0,1,False,ht_chantry-random-5.scen,420
420,ht_chantry.map,planner,1,54761,40412,208,203,47097,40412,138,0,1,True,ht_chantry-random-5.scen,420
420,ht_chantry.map,planner,1,58109,40412,203,203,48669,40412,50,0,10,False,ht_chantry-random-5.scen,420
420,ht_chantry.map,planner,1,54808,40412,217,203,46830,40412,697,0,10,True,ht_chantry-random-5.scen,420
420,ht_chantry.map,planner,1,58109,40412,203,203,48669,40412,48,0,100,False,ht_chantry-random-5.scen,420
420,ht_chantry.map,planner,1,53939,40412,211,203,46337,40412,6137,0,100,True,ht_chantry-random-5.scen,420
420,ht_chantry.map,planner,1,58109,40412,203,203,48669,40412,49,0,1000,False,ht_chantry-random-5.scen,420
460,ht_chantry.map,planner,1,64965,44121,228,203,54034,44121,55,0,0,False,ht_chantry-random-5.scen,460
460,ht_chantry.map,planner,1,64965,44121,228,203,54034,44121,60,0,0,True,ht_chantry-random-5.scen,460
460,ht_chantry.map,planner,1,64965,44121,228,203,54034,44121,57,0,1,False,ht_chantry-random-5.scen,460
460,ht_chantry.map,planner,1,63576,44121,216,203,53213,44121,158,0,1,True,ht_chantry-random-5.scen,460
460,ht_chantry.map,planner,1,64965,44121,228,203,54034,44121,57,0,10,False,ht_chantry-random-5.scen,460
460,ht_chantry.map,planner,1,61017,44121,209,203,51685,44121,809,0,10,True,ht_chantry-random-5.scen,460
460,ht_chantry.map,planner,1,64965,44121,228,203,54034,44121,60,0,100,False,ht_chantry-random-5.scen,460
460,ht_chantry.map,planner,1,61241,44121,218,203,51886,44121,6865,0,100,True,ht_chantry-random-5.scen,460
460,ht_chantry.map,planner,1,64965,44121,228,203,54034,44121,56,0,1000,False,ht_chantry-random-5.scen,460
500,ht_chantry.map,planner,1,73985,48016,223,203,61106,48016,61,0,0,False,ht_chantry-random-5.scen,500
500,ht_chantry.map,planner,1,73985,48016,223,203,61106,48016,65,0,0,True,ht_chantry-random-5.scen,500
500,ht_chantry.map,planner,1,73985,48016,223,203,61106,48016,64,0,1,False,ht_chantry-random-5.scen,500
500,ht_chantry.map,planner,1,70603,48016,223,203,58905,48016,181,0,1,True,ht_chantry-random-5.scen,500
500,ht_chantry.map,planner,1,73985,48016,223,203,61106,48016,66,0,10,False,ht_chantry-random-5.scen,500
500,ht_chantry.map,planner,1,70069,48016,217,203,58260,48016,1107,0,10,True,ht_chantry-random-5.scen,500
500,ht_chantry.map,planner,1,73985,48016,223,203,61106,48016,62,0,100,False,ht_chantry-random-5.scen,500
500,ht_chantry.map,planner,1,68624,48016,214,203,57338,48016,8755,0,100,True,ht_chantry-random-5.scen,500
500,ht_chantry.map,planner,1,73985,48016,223,203,61106,48016,64,0,1000,False,ht_chantry-random-5.scen,500
540,ht_chantry.map,planner,1,82955,52207,233,203,67618,52207,65,0,0,False,ht_chantry-random-5.scen,540
540,ht_chantry.map,planner,1,82955,52207,233,203,67618,52207,73,0,0,True,ht_chantry-random-5.scen,540
540,ht_chantry.map,planner,1,82955,52207,233,203,67618,52207,66,0,1,False,ht_chantry-random-5.scen,540
540,ht_chantry.map,planner,1,79010,52207,217,203,65215,52207,194,0,1,True,ht_chantry-random-5.scen,540
540,ht_chantry.map,planner,1,82955,52207,233,203,67618,52207,70,0,10,False,ht_chantry-random-5.scen,540
540,ht_chantry.map,planner,1,77775,52207,258,203,64249,52207,1194,0,10,True,ht_chantry-random-5.scen,540
540,ht_chantry.map,planner,1,82955,52207,233,203,67618,52207,69,0,100,False,ht_chantry-random-5.scen,540
540,ht_chantry.map,planner,1,75889,52207,214,203,63075,52207,9399,0,100,True,ht_chantry-random-5.scen,540
540,ht_chantry.map,planner,1,82955,52207,233,203,67618,52207,67,0,1000,False,ht_chantry-random-5.scen,540
580,ht_chantry.map,planner,1,90210,55780,230,203,72936,55780,79,0,0,False,ht_chantry-random-5.scen,580
580,ht_chantry.map,planner,1,90210,55780,230,203,72936,55780,75,0,0,True,ht_chantry-random-5.scen,580
580,ht_chantry.map,planner,1,90210,55780,230,203,72936,55780,71,0,1,False,ht_chantry-random-5.scen,580
580,ht_chantry.map,planner,1,85796,55780,230,203,70882,55780,215,0,1,True,ht_chantry-random-5.scen,580
580,ht_chantry.map,planner,1,90210,55780,230,203,72936,55780,71,0,10,False,ht_chantry-random-5.scen,580
580,ht_chantry.map,planner,1,84361,55780,215,203,69297,55780,1285,0,10,True,ht_chantry-random-5.scen,580
580,ht_chantry.map,planner,1,90210,55780,230,203,72936,55780,75,0,100,False,ht_chantry-random-5.scen,580
580,ht_chantry.map,planner,1,85078,55780,225,203,70506,55780,11981,0,100,True,ht_chantry-random-5.scen,580
580,ht_chantry.map,planner,1,90210,55780,230,203,72936,55780,75,0,1000,False,ht_chantry-random-5.scen,580
20,ht_chantry.map,planner,1,1708,1693,190,190,1708,1693,2,0,0,False,ht_chantry-random-12.scen,20
20,ht_chantry.map,planner,1,1708,1693,190,190,1708,1693,2,0,0,True,ht_chantry-random-12.scen,20
20,ht_chantry.map,planner,1,1708,1693,190,190,1708,1693,2,0,1,False,ht_chantry-random-12.scen,20
20,ht_chantry.map,planner,1,1708,1693,190,190,1708,1693,2,0,1,True,ht_chantry-random-12.scen,20
20,ht_chantry.map,planner,1,1708,1693,190,190,1708,1693,2,0,10,False,ht_chantry-random-12.scen,20
20,ht_chantry.map,planner,1,1708,1693,190,190,1708,1693,2,0,10,True,ht_chantry-random-12.scen,20
20,ht_chantry.map,planner,1,1708,1693,190,190,1708,1693,2,0,100,False,ht_chantry-random-12.scen,20
20,ht_chantry.map,planner,1,1708,1693,190,190,1708,1693,2,0,100,True,ht_chantry-random-12.scen,20
20,ht_chantry.map,planner,1,1708,1693,190,190,1708,1693,2,0,1000,False,ht_chantry-random-12.scen,20
20,ht_chantry.map,planner,1,1708,1693,190,190,1708,1693,2,0,1000,True,ht_chantry-random-12.scen,20
60,ht_chantry.map,planner,1,5796,5191,190,190,5416,5191,5,0,0,False,ht_chantry-random-12.scen,60
60,ht_chantry.map,planner,1,5796,5191,190,190,5416,5191,5,0,0,True,ht_chantry-random-12.scen,60
60,ht_chantry.map,planner,1,5796,5191,190,190,5416,5191,5,0,1,False,ht_chantry-random-12.scen,60
60,ht_chantry.map,planner,1,5842,5191,190,190,5419,5191,5,0,1,True,ht_chantry-random-12.scen,60
60,ht_chantry.map,planner,1,5796,5191,190,190,5416,5191,5,0,10,False,ht_chantry-random-12.scen,60
60,ht_chantry.map,planner,1,5842,5191,190,190,5419,5191,5,0,10,True,ht_chantry-random-12.scen,60
60,ht_chantry.map,planner,1,5796,5191,190,190,5416,5191,5,0,100,False,ht_chantry-random-12.scen,60
60,ht_chantry.map,planner,1,5842,5191,190,190,5419,5191,6,0,100,True,ht_chantry-random-12.scen,60
60,ht_chantry.map,planner,1,5796,5191,190,190,5416,5191,5,0,1000,False,ht_chantry-random-12.scen,60
60,ht_chantry.map,planner,1,5842,5191,190,190,5419,5191,5,0,1000,True,ht_chantry-random-12.scen,60
100,ht_chantry.map,planner,1,10184,8786,190,190,9260,8786,9,0,0,False,ht_chantry-random-12.scen,100
100,ht_chantry.map,planner,1,10184,8786,190,190,9260,8786,10,0,0,True,ht_chantry-random-12.scen,100
100,ht_chantry.map,planner,1,10184,8786,190,190,9260,8786,9,0,1,False,ht_chantry-random-12.scen,100
100,ht_chantry.map,planner,1,10088,8786,190,190,9250,8786,11,0,1,True,ht_chantry-random-12.scen,100
100,ht_chantry.map,planner,1,10184,8786,190,190,9260,8786,10,0,10,False,ht_chantry-random-12.scen,100
100,ht_chantry.map,planner,1,10088,8786,190,190,9250,8786,10,0,10,True,ht_chantry-random-12.scen,100
100,ht_chantry.map,planner,1,10184,8786,190,190,9260,8786,11,0,100,False,ht_chantry-random-12.scen,100
100,ht_chantry.map,planner,1,10088,8786,190,190,9250,8786,9,0,100,True,ht_chantry-random-12.scen,100
100,ht_chantry.map,planner,1,10184,8786,190,190,9260,8786,10,0,1000,False,ht_chantry-random-12.scen,100
100,ht_chantry.map,planner,1,10088,8786,190,190,9250,8786,10,0,1000,True,ht_chantry-random-12.scen,100
140,ht_chantry.map,planner,1,15724,12705,195,195,13869,12705,16,0,0,False,ht_chantry-random-12.scen,140
140,ht_chantry.map,planner,1,15724,12705,195,195,13869,12705,15,0,0,True,ht_chantry-random-12.scen,140
140,ht_chantry.map,planner,1,15724,12705,195,195,13869,12705,15,0,1,False,ht_chantry-random-12.scen,140
140,ht_chantry.map,planner,1,15461,12705,195,195,13637,12705,16,0,1,True,ht_chantry-random-12.scen,140
140,ht_chantry.map,planner,1,15724,12705,195,195,13869,12705,15,0,10,False,ht_chantry-random-12.scen,140
140,ht_chantry.map,planner,1,15307,12705,195,195,13592,12705,18,0,10,True,ht_chantry-random-12.scen,140
140,ht_chantry.map,planner,1,15724,12705,195,195,13869,12705,13,0,100,False,ht_chantry-random-12.scen,140
140,ht_chantry.map,planner,1,15307,12705,195,195,13592,12705,17,0,100,True,ht_chantry-random-12.scen,140
140,ht_chantry.map,planner,1,15724,12705,195,195,13869,12705,15,0,1000,False,ht_chantry-random-12.scen,140
140,ht_chantry.map,planner,1,15307,12705,195,195,13592,12705,17,0,1000,True,ht_chantry-random-12.scen,140
180,ht_chantry.map,planner,1,20776,16810,195,195,18478,16810,19,0,0,False,ht_chantry-random-12.scen,180
180,ht_chantry.map,planner,1,20776,16810,195,195,18478,16810,20,0,0,True,ht_chantry-random-12.scen,180
180,ht_chantry.map,planner,1,20776,16810,195,195,18478,16810,17,0,1,False,ht_chantry-random-12.scen,180
180,ht_chantry.map,planner,1,20708,16810,195,195,18232,16810,41,0,1,True,ht_chantry-random-12.scen,180
180,ht_chantry.map,planner,1,20776,16810,195,195,18478,16810,18,0,10,False,ht_chantry-random-12.scen,180
180,ht_chantry.map,planner,1,20086,16810,196,195,18140,16810,119,0,10,True,ht_chantry-random-12.scen,180
180,ht_chantry.map,planner,1,20776,16810,195,195,18478,16810,19,0,100,False,ht_chantry-random-12.scen,180
180,ht_chantry.map,planner,1,20323,16810,195,195,18181,16810,200,0,100,True,ht_chantry-random-12.scen,180
180,ht_chantry.map,planner,1,20776,16810,195,195,18478,16810,17,0,1000,False,ht_chantry-random-12.scen,180
180,ht_chantry.map,planner,1,20323,16810,195,195,18181,16810,197,0,1000,True,ht_chantry-random-12.scen,180
220,ht_chantry.map,planner,1,26143,20710,195,195,23178,20710,22,0,0,False,ht_chantry-random-12.scen,220
220,ht_chantry.map,planner,1,26143,20710,195,195,23178,20710,25,0,0,True,ht_chantry-random-12.scen,220
220,ht_chantry.map,planner,1,26143,20710,195,195,23178,20710,23,0,1,False,ht_chantry-random-12.scen,220
220,ht_chantry.map,planner,1,25570,20710,196,195,22492,20710,45,0,1,True,ht_chantry-random-12.scen,220
220,ht_chantry.map,planner,1,26143,20710,195,195,23178,20710,25,0,10,False,ht_chantry-random-12.scen,220
220,ht_chantry.map,planner,1,25534,20710,199,195,22513,20710,140,0,10,True,ht_chantry-random-12.scen,220
220,ht_chantry.map,planner,1,26143,20710,195,195,23178,20710,25,0,100,False,ht_chantry-random-12.scen,220
220,ht_chantry.map,planner,1,25354,20710,197,195,22427,20710,418,0,100,True,ht_chantry-random-12.scen,220
380,random-32-32-20.map,planner,1,29555,8386,185,51,22973,8386,18,0,1000,False,ht_chantry-random-12.scen,220
220,ht_chantry.map,planner,1,25628,20710,201,195,22466,20710,1132,0,1000,True,ht_chantry-random-12.scen,220
260,ht_chantry.map,planner,1,32374,24686,195,195,27889,24686,29,0,0,False,ht_chantry-random-12.scen,260
260,ht_chantry.map,planner,1,32374,24686,195,195,27889,24686,31,0,0,True,ht_chantry-random-12.scen,260
260,ht_chantry.map,planner,1,32374,24686,195,195,27889,24686,30,0,1,False,ht_chantry-random-12.scen,260
260,ht_chantry.map,planner,1,31342,24686,204,195,27228,24686,76,0,1,True,ht_chantry-random-12.scen,260
260,ht_chantry.map,planner,1,32374,24686,195,195,27889,24686,29,0,10,False,ht_chantry-random-12.scen,260
260,ht_chantry.map,planner,1,30920,24686,198,195,26960,24686,408,0,10,True,ht_chantry-random-12.scen,260
260,ht_chantry.map,planner,1,32374,24686,195,195,27889,24686,29,0,100,False,ht_chantry-random-12.scen,260
260,ht_chantry.map,planner,1,30728,24686,202,195,27022,24686,2775,0,100,True,ht_chantry-random-12.scen,260
260,ht_chantry.map,planner,1,32374,24686,195,195,27889,24686,30,0,1000,False,ht_chantry-random-12.scen,260
260,ht_chantry.map,planner,1,31121,24686,198,195,26949,24686,17384,0,1000,True,ht_chantry-random-12.scen,260
300,ht_chantry.map,planner,1,37905,28221,199,196,32526,28221,35,0,0,False,ht_chantry-random-12.scen,300
300,ht_chantry.map,planner,1,37905,28221,199,196,32526,28221,33,0,0,True,ht_chantry-random-12.scen,300
300,ht_chantry.map,planner,1,37905,28221,199,196,32526,28221,33,0,1,False,ht_chantry-random-12.scen,300
300,ht_chantry.map,planner,1,36973,28221,199,196,31518,28221,90,0,1,True,ht_chantry-random-12.scen,300
300,ht_chantry.map,planner,1,37905,28221,199,196,32526,28221,35,0,10,False,ht_chantry-random-12.scen,300
300,ht_chantry.map,planner,1,36141,28221,200,196,31167,28221,399,0,10,True,ht_chantry-random-12.scen,300
300,ht_chantry.map,planner,1,37905,28221,199,196,32526,28221,30,0,100,False,ht_chantry-random-12.scen,300
300,ht_chantry.map,planner,1,36073,28221,202,196,31197,28221,3062,0,100,True,ht_chantry-random-12.scen,300
300,ht_chantry.map,planner,1,37905,28221,199,196,32526,28221,34,0,1000,False,ht_chantry-random-12.scen,300
300,ht_chantry.map,planner,1,36039,28221,208,196,31022,28221,25829,0,1000,True,ht_chantry-random-12.scen,300
340,ht_chantry.map,planner,1,44548,32145,205,196,37968,32145,41,0,0,False,ht_chantry-random-12.scen,340
340,ht_chantry.map,planner,1,44548,32145,205,196,37968,32145,41,0,0,True,ht_chantry-random-12.scen,340
340,ht_chantry.map,planner,1,44548,32145,205,196,37968,32145,41,0,1,False,ht_chantry-random-12.scen,340
340,ht_chantry.map,planner,1,41968,32145,206,196,36522,32145,103,0,1,True,ht_chantry-random-12.scen,340
340,ht_chantry.map,planner,1,44548,32145,205,196,37968,32145,38,0,10,False,ht_chantry-random-12.scen,340
340,ht_chantry.map,planner,1,42154,32145,200,196,36807,32145,608,0,10,True,ht_chantry-random-12.scen,340
340,ht_chantry.map,planner,1,44548,32145,205,196,37968,32145,37,0,100,False,ht_chantry-random-12.scen,340
340,ht_chantry.map,planner,1,42443,32145,210,196,36480,32145,5331,0,100,True,ht_chantry-random-12.scen,340
340,ht_chantry.map,planner,1,44548,32145,205,196,37968,32145,37,0,1000,False,ht_chantry-random-12.scen,340
340,ht_chantry.map,planner,1,41760,32145,212,196,36218,32145,45991,0,1000,True,ht_chantry-random-12.scen,340
380,ht_chantry.map,planner,1,50055,35809,197,196,42842,35809,45,0,0,False,ht_chantry-random-12.scen,380
380,ht_chantry.map,planner,1,50055,35809,197,196,42842,35809,46,0,0,True,ht_chantry-random-12.scen,380
380,ht_chantry.map,planner,1,50055,35809,197,196,42842,35809,42,0,1,False,ht_chantry-random-12.scen,380
380,ht_chantry.map,planner,1,47444,35809,205,196,41212,35809,120,0,1,True,ht_chantry-random-12.scen,380
380,ht_chantry.map,planner,1,47407,35809,199,196,40974,35809,658,0,10,True,ht_chantry-random-12.scen,380
380,ht_chantry.map,planner,1,50055,35809,197,196,42842,35809,43,0,100,False,ht_chantry-random-12.scen,380
380,ht_chantry.map,planner,1,47284,35809,210,196,40909,35809,5916,0,100,True,ht_chantry-random-12.scen,380
380,ht_chantry.map,planner,1,50055,35809,197,196,42842,35809,45,0,1000,False,ht_chantry-random-12.scen,380
420,ht_chantry.map,planner,1,58304,39659,216,196,48914,39659,53,0,0,False,ht_chantry-random-12.scen,420
420,ht_chantry.map,planner,1,58304,39659,216,196,48914,39659,52,0,0,True,ht_chantry-random-12.scen,420
420,ht_chantry.map,planner,1,58304,39659,216,196,48914,39659,51,0,1,False,ht_chantry-random-12.scen,420
420,ht_chantry.map,planner,1,55142,39659,211,196,46585,39659,136,0,1,True,ht_chantry-random-12.scen,420
420,ht_chantry.map,planner,1,58304,39659,216,196,48914,39659,52,0,10,False,ht_chantry-random-12.scen,420
420,ht_chantry.map,planner,1,55368,39659,212,196,47266,39659,885,0,10,True,ht_chantry-random-12.scen,420
420,ht_chantry.map,planner,1,58304,39659,216,196,48914,39659,51,0,100,False,ht_chantry-random-12.scen,420
420,ht_chantry.map,planner,1,54611,39659,211,196,46754,39659,7758,0,100,True,ht_chantry-random-12.scen,420
420,ht_chantry.map,planner,1,58304,39659,216,196,48914,39659,48,0,1000,False,ht_chantry-random-12.scen,420
460,ht_chantry.map,planner,1,64982,43949,209,196,54113,43949,55,0,0,False,ht_chantry-random-12.scen,460
460,ht_chantry.map,planner,1,64982,43949,209,196,54113,43949,59,0,0,True,ht_chantry-random-12.scen,460
460,ht_chantry.map,planner,1,64982,43949,209,196,54113,43949,59,0,1,False,ht_chantry-random-12.scen,460
460,ht_chantry.map,planner,1,62187,43949,203,196,52875,43949,162,0,1,True,ht_chantry-random-12.scen,460
460,ht_chantry.map,planner,1,64982,43949,209,196,54113,43949,53,0,10,False,ht_chantry-random-12.scen,460
460,ht_chantry.map,planner,1,62595,43949,219,196,52908,43949,913,0,10,True,ht_chantry-random-12.scen,460
460,ht_chantry.map,planner,1,64982,43949,209,196,54113,43949,57,0,100,False,ht_chantry-random-12.scen,460
460,ht_chantry.map,planner,1,63138,43949,216,196,53202,43949,8475,0,100,True,ht_chantry-random-12.scen,460
460,ht_chantry.map,planner,1,64982,43949,209,196,54113,43949,59,0,1000,False,ht_chantry-random-12.scen,460
500,ht_chantry.map,planner,1,74469,47870,221,196,61435,47870,66,0,0,False,ht_chantry-random-12.scen,500
500,ht_chantry.map,planner,1,74469,47870,221,196,61435,47870,68,0,0,True,ht_chantry-random-12.scen,500
500,ht_chantry.map,planner,1,74469,47870,221,196,61435,47870,65,0,1,False,ht_chantry-random-12.scen,500
500,ht_chantry.map,planner,1,70566,47870,218,196,59174,47870,186,0,1,True,ht_chantry-random-12.scen,500
500,ht_chantry.map,planner,1,74469,47870,221,196,61435,47870,61,0,10,False,ht_chantry-random-12.scen,500
500,ht_chantry.map,planner,1,69641,47870,219,196,58508,47870,1022,0,10,True,ht_chantry-random-12.scen,500
500,ht_chantry.map,planner,1,74469,47870,221,196,61435,47870,64,0,100,False,ht_chantry-random-12.scen,500
500,ht_chantry.map,planner,1,70000,47870,212,196,58102,47870,9074,0,100,True,ht_chantry-random-12.scen,500
500,ht_chantry.map,planner,1,74469,47870,221,196,61435,47870,63,0,1000,False,ht_chantry-random-12.scen,500
540,ht_chantry.map,planner,1,80707,51487,220,196,66435,51487,66,0,0,False,ht_chantry-random-12.scen,540
540,ht_chantry.map,planner,1,80707,51487,220,196,66435,51487,72,0,0,True,ht_chantry-random-12.scen,540
540,ht_chantry.map,planner,1,80707,51487,220,196,66435,51487,66,0,1,False,ht_chantry-random-12.scen,540
540,ht_chantry.map,planner,1,78679,51487,224,196,65687,51487,207,0,1,True,ht_chantry-random-12.scen,540
540,ht_chantry.map,planner,1,80707,51487,220,196,66435,51487,67,0,10,False,ht_chantry-random-12.scen,540
540,ht_chantry.map,planner,1,76937,51487,217,196,64581,51487,1177,0,10,True,ht_chantry-random-12.scen,540
540,ht_chantry.map,planner,1,80707,51487,220,196,66435,51487,69,0,100,False,ht_chantry-random-12.scen,540
540,ht_chantry.map,planner,1,76738,51487,219,196,63941,51487,9978,0,100,True,ht_chantry-random-12.scen,540
540,ht_chantry.map,planner,1,80707,51487,220,196,66435,51487,68,0,1000,False,ht_chantry-random-12.scen,540
580,ht_chantry.map,planner,1,90494,55583,228,196,74271,55583,73,0,0,False,ht_chantry-random-12.scen,580
580,ht_chantry.map,planner,1,90494,55583,228,196,74271,55583,81,0,0,True,ht_chantry-random-12.scen,580
580,ht_chantry.map,planner,1,90494,55583,228,196,74271,55583,74,0,1,False,ht_chantry-random-12.scen,580
580,ht_chantry.map,planner,1,87117,55583,245,196,72351,55583,213,0,1,True,ht_chantry-random-12.scen,580
580,ht_chantry.map,planner,1,90494,55583,228,196,74271,55583,71,0,10,False,ht_chantry-random-12.scen,580
580,ht_chantry.map,planner,1,85206,55583,231,196,70838,55583,1335,0,10,True,ht_chantry-random-12.scen,580
580,ht_chantry.map,planner,1,90494,55583,228,196,74271,55583,74,0,100,False,ht_chantry-random-12.scen,580
580,ht_chantry.map,planner,1,84325,55583,221,196,70214,55583,11156,0,100,True,ht_chantry-random-12.scen,580
580,ht_chantry.map,planner,1,90494,55583,228,196,74271,55583,72,0,1000,False,ht_chantry-random-12.scen,580
20,ht_chantry.map,planner,1,1633,1513,144,144,1530,1513,1,0,0,False,ht_chantry-random-1.scen,20
20,ht_chantry.map,planner,1,1633,1513,144,144,1530,1513,1,0,0,True,ht_chantry-random-1.scen,20
20,ht_chantry.map,planner,1,1633,1513,144,144,1530,1513,1,0,1,False,ht_chantry-random-1.scen,20
20,ht_chantry.map,planner,1,1633,1513,144,144,1530,1513,1,0,1,True,ht_chantry-random-1.scen,20
20,ht_chantry.map,planner,1,1633,1513,144,144,1530,1513,1,0,10,False,ht_chantry-random-1.scen,20
20,ht_chantry.map,planner,1,1633,1513,144,144,1530,1513,1,0,10,True,ht_chantry-random-1.scen,20
20,ht_chantry.map,planner,1,1633,1513,144,144,1530,1513,1,0,100,False,ht_chantry-random-1.scen,20
20,ht_chantry.map,planner,1,1633,1513,144,144,1530,1513,1,0,100,True,ht_chantry-random-1.scen,20
20,ht_chantry.map,planner,1,1633,1513,144,144,1530,1513,1,0,1000,False,ht_chantry-random-1.scen,20
20,ht_chantry.map,planner,1,1633,1513,144,144,1530,1513,1,0,1000,True,ht_chantry-random-1.scen,20
60,ht_chantry.map,planner,1,5775,5176,189,189,5362,5176,5,0,0,False,ht_chantry-random-1.scen,60
60,ht_chantry.map,planner,1,5775,5176,189,189,5362,5176,6,0,0,True,ht_chantry-random-1.scen,60
60,ht_chantry.map,planner,1,5775,5176,189,189,5362,5176,5,0,1,False,ht_chantry-random-1.scen,60
60,ht_chantry.map,planner,1,5838,5176,189,189,5375,5176,5,0,1,True,ht_chantry-random-1.scen,60
60,ht_chantry.map,planner,1,5775,5176,189,189,5362,5176,5,0,10,False,ht_chantry-random-1.scen,60
60,ht_chantry.map,planner,1,5838,5176,189,189,5375,5176,5,0,10,True,ht_chantry-random-1.scen,60
60,ht_chantry.map,planner,1,5775,5176,189,189,5362,5176,5,0,100,False,ht_chantry-random-1.scen,60
60,ht_chantry.map,planner,1,5838,5176,189,189,5375,5176,5,0,100,True,ht_chantry-random-1.scen,60
60,ht_chantry.map,planner,1,5775,5176,189,189,5362,5176,6,0,1000,False,ht_chantry-random-1.scen,60
60,ht_chantry.map,planner,1,5838,5176,189,189,5375,5176,5,0,1000,True,ht_chantry-random-1.scen,60
100,ht_chantry.map,planner,1,10213,8644,189,189,9304,8644,9,0,0,False,ht_chantry-random-1.scen,100
100,ht_chantry.map,planner,1,10213,8644,189,189,9304,8644,9,0,0,True,ht_chantry-random-1.scen,100
100,ht_chantry.map,planner,1,10213,8644,189,189,9304,8644,9,0,1,False,ht_chantry-random-1.scen,100
100,ht_chantry.map,planner,1,10354,8644,189,189,9264,8644,9,0,1,True,ht_chantry-random-1.scen,100
100,ht_chantry.map,planner,1,10213,8644,189,189,9304,8644,11,0,10,False,ht_chantry-random-1.scen,100
100,ht_chantry.map,planner,1,10354,8644,189,189,9264,8644,9,0,10,True,ht_chantry-random-1.scen,100
100,ht_chantry.map,planner,1,10213,8644,189,189,9304,8644,9,0,100,False,ht_chantry-random-1.scen,100
100,ht_chantry.map,planner,1,10354,8644,189,189,9264,8644,10,0,100,True,ht_chantry-random-1.scen,100
100,ht_chantry.map,planner,1,10213,8644,189,189,9304,8644,10,0,1000,False,ht_chantry-random-1.scen,100
100,ht_chantry.map,planner,1,10354,8644,189,189,9264,8644,9,0,1000,True,ht_chantry-random-1.scen,100
140,ht_chantry.map,planner,1,15452,12425,189,189,13504,12425,13,0,0,False,ht_chantry-random-1.scen,140
140,ht_chantry.map,planner,1,15452,12425,189,189,13504,12425,15,0,0,True,ht_chantry-random-1.scen,140
140,ht_chantry.map,planner,1,15452,12425,189,189,13504,12425,14,0,1,False,ht_chantry-random-1.scen,140
140,ht_chantry.map,planner,1,14776,12425,189,189,13241,12425,19,0,1,True,ht_chantry-random-1.scen,140
140,ht_chantry.map,planner,1,15452,12425,189,189,13504,12425,13,0,10,False,ht_chantry-random-1.scen,140
140,ht_chantry.map,planner,1,14776,12425,189,189,13241,12425,17,0,10,True,ht_chantry-random-1.scen,140
140,ht_chantry.map,planner,1,15452,12425,189,189,13504,12425,14,0,100,False,ht_chantry-random-1.scen,140
140,ht_chantry.map,planner,1,14776,12425,189,189,13241,12425,18,0,100,True,ht_chantry-random-1.scen,140
140,ht_chantry.map,planner,1,15452,12425,189,189,13504,12425,15,0,1000,False,ht_chantry-random-1.scen,140
140,ht_chantry.map,planner,1,14776,12425,189,189,13241,12425,19,0,1000,True,ht_chantry-random-1.scen,140
180,ht_chantry.map,planner,1,20277,16155,192,192,17747,16155,17,0,0,False,ht_chantry-random-1.scen,180
180,ht_chantry.map,planner,1,20277,16155,192,192,17747,16155,18,0,0,True,ht_chantry-random-1.scen,180
180,ht_chantry.map,planner,1,20277,16155,192,192,17747,16155,20,0,1,False,ht_chantry-random-1.scen,180
180,ht_chantry.map,planner,1,19724,16155,192,192,17323,16155,30,0,1,True,ht_chantry-random-1.scen,180
180,ht_chantry.map,planner,1,20277,16155,192,192,17747,16155,17,0,10,False,ht_chantry-random-1.scen,180
180,ht_chantry.map,planner,1,19781,16155,192,192,17383,16155,69,0,10,True,ht_chantry-random-1.scen,180
180,ht_chantry.map,planner,1,20277,16155,192,192,17747,16155,17,0,100,False,ht_chantry-random-1.scen,180
180,ht_chantry.map,planner,1,19781,16155,192,192,17383,16155,65,0,100,True,ht_chantry-random-1.scen,180
180,ht_chantry.map,planner,1,20277,16155,192,192,17747,16155,19,0,1000,False,ht_chantry-random-1.scen,180
180,ht_chantry.map,planner,1,19781,16155,192,192,17383,16155,67,0,1000,True,ht_chantry-random-1.scen,180
220,ht_chantry.map,planner,1,25215,19531,194,192,21838,19531,21,0,0,False,ht_chantry-random-1.scen,220
220,ht_chantry.map,planner,1,25215,19531,194,192,21838,19531,23,0,0,True,ht_chantry-random-1.scen,220
220,ht_chantry.map,planner,1,25215,19531,194,192,21838,19531,22,0,1,False,ht_chantry-random-1.scen,220
220,ht_chantry.map,planner,1,23832,19531,206,192,21262,19531,50,0,1,True,ht_chantry-random-1.scen,220
220,ht_chantry.map,planner,1,25215,19531,194,192,21838,19531,24,0,10,False,ht_chantry-random-1.scen,220
220,ht_chantry.map,planner,1,23989,19531,198,192,21250,19531,168,0,10,True,ht_chantry-random-1.scen,220
220,ht_chantry.map,planner,1,25215,19531,194,192,21838,19531,24,0,100,False,ht_chantry-random-1.scen,220
220,ht_chantry.map,planner,1,24228,19531,204,192,21142,19531,722,0,100,True,ht_chantry-random-1.scen,220
220,ht_chantry.map,planner,1,25215,19531,194,192,21838,19531,24,0,1000,False,ht_chantry-random-1.scen,220
220,ht_chantry.map,planner,1,24067,19531,194,192,21179,19531,1617,0,1000,True,ht_chantry-random-1.scen,220
260,ht_chantry.map,planner,1,30216,22893,193,192,25848,22893,28,0,0,False,ht_chantry-random-1.scen,260
260,ht_chantry.map,planner,1,30216,22893,193,192,25848,22893,27,0,0,True,ht_chantry-random-1.scen,260
260,ht_chantry.map,planner,1,30216,22893,193,192,25848,22893,27,0,1,False,ht_chantry-random-1.scen,260
260,ht_chantry.map,planner,1,28846,22893,210,192,24919,22893,55,0,1,True,ht_chantry-random-1.scen,260
260,ht_chantry.map,planner,1,30216,22893,193,192,25848,22893,28,0,10,False,ht_chantry-random-1.scen,260
260,ht_chantry.map,planner,1,28774,22893,192,192,24823,22893,189,0,10,True,ht_chantry-random-1.scen,260
260,ht_chantry.map,planner,1,30216,22893,193,192,25848,22893,28,0,100,False,ht_chantry-random-1.scen,260
260,ht_chantry.map,planner,1,29314,22893,192,192,24873,22893,580,0,100,True,ht_chantry-random-1.scen,260
260,ht_chantry.map,planner,1,30216,22893,193,192,25848,22893,26,0,1000,False,ht_chantry-random-1.scen,260
260,ht_chantry.map,planner,1,29288,22893,192,192,24833,22893,920,0,1000,True,ht_chantry-random-1.scen,260
300,ht_chantry.map,planner,1,36340,26898,192,192,30940,26898,33,0,0,False,ht_chantry-random-1.scen,300
300,ht_chantry.map,planner,1,36340,26898,192,192,30940,26898,32,0,0,True,ht_chantry-random-1.scen,300
300,ht_chantry.map,planner,1,36340,26898,192,192,30940,26898,33,0,1,False,ht_chantry-random-1.scen,300
300,ht_chantry.map,planner,1,34817,26898,219,192,29903,26898,85,0,1,True,ht_chantry-random-1.scen,300
300,ht_chantry.map,planner,1,36340,26898,192,192,30940,26898,31,0,10,False,ht_chantry-random-1.scen,300
300,ht_chantry.map,planner,1,34863,26898,192,192,29735,26898,371,0,10,True,ht_chantry-random-1.scen,300
300,ht_chantry.map,planner,1,36340,26898,192,192,30940,26898,32,0,100,False,ht_chantry-random-1.scen,300
300,ht_chantry.map,planner,1,34818,26898,206,192,29811,26898,2674,0,100,True,ht_chantry-random-1.scen,300
300,ht_chantry.map,planner,1,36340,26898,192,192,30940,26898,33,0,1000,False,ht_chantry-random-1.scen,300
300,ht_chantry.map,planner,1,34305,26898,200,192,29541,26898,7392,0,1000,True,ht_chantry-random-1.scen,300
340,ht_chantry.map,planner,1,43697,30935,208,201,36556,30935,37,0,0,False,ht_chantry-random-1.scen,340
340,ht_chantry.map,planner,1,43697,30935,208,201,36556,30935,40,0,0,True,ht_chantry-random-1.scen,340
340,ht_chantry.map,planner,1,43697,30935,208,201,36556,30935,39,0,1,False,ht_chantry-random-1.scen,340
340,ht_chantry.map,planner,1,41870,30935,206,201,35439,30935,105,0,1,True,ht_chantry-random-1.scen,340
340,ht_chantry.map,planner,1,43697,30935,208,201,36556,30935,40,0,10,False,ht_chantry-random-1.scen,340
340,ht_chantry.map,planner,1,40904,30935,201,201,34575,30935,528,0,10,True,ht_chantry-random-1.scen,340
340,ht_chantry.map,planner,1,43697,30935,208,201,36556,30935,38,0,100,False,ht_chantry-random-1.scen,340
340,ht_chantry.map,planner,1,40745,30935,201,201,34519,30935,4556,0,100,True,ht_chantry-random-1.scen,340
340,ht_chantry.map,planner,1,43697,30935,208,201,36556,30935,40,0,1000,False,ht_chantry-random-1.scen,340
340,ht_chantry.map,planner,1,41287,30935,201,201,34820,30935,42122,0,1000,True,ht_chantry-random-1.scen,340
380,ht_chantry.map,planner,1,48907,34333,207,201,40633,34333,44,0,0,False,ht_chantry-random-1.scen,380
380,ht_chantry.map,planner,1,48907,34333,207,201,40633,34333,47,0,0,True,ht_chantry-random-1.scen,380
380,ht_chantry.map,planner,1,48907,34333,207,201,40633,34333,45,0,1,False,ht_chantry-random-1.scen,380
380,ht_chantry.map,planner,1,46859,34333,201,201,38905,34333,112,0,1,True,ht_chantry-random-1.scen,380
380,ht_chantry.map,planner,1,48907,34333,207,201,40633,34333,45,0,10,False,ht_chantry-random-1.scen,380
380,ht_chantry.map,planner,1,47021,34333,201,201,39007,34333,633,0,10,True,ht_chantry-random-1.scen,380
380,ht_chantry.map,planner,1,48907,34333,207,201,40633,34333,44,0,100,False,ht_chantry-random-1.scen,380
380,ht_chantry.map,planner,1,46184,34333,213,201,38276,34333,4293,0,100,True,ht_chantry-random-1.scen,380
380,ht_chantry.map,planner,1,48907,34333,207,201,40633,34333,44,0,1000,False,ht_chantry-random-1.scen,380
380,ht_chantry.map,planner,1,45442,34333,213,201,38174,34333,37923,0,1000,True,ht_chantry-random-1.scen,380
420,ht_chantry.map,planner,1,56711,38383,214,201,46292,38383,48,0,0,False,ht_chantry-random-1.scen,420
420,ht_chantry.map,planner,1,56711,38383,214,201,46292,38383,51,0,0,True,ht_chantry-random-1.scen,420
420,ht_chantry.map,planner,1,56711,38383,214,201,46292,38383,47,0,1,False,ht_chantry-random-1.scen,420
420,ht_chantry.map,planner,1,53714,38383,211,201,44619,38383,138,0,1,True,ht_chantry-random-1.scen,420
420,ht_chantry.map,planner,1,56711,38383,214,201,46292,38383,49,0,10,False,ht_chantry-random-1.scen,420
420,ht_chantry.map,planner,1,53701,38383,206,201,44511,38383,771,0,10,True,ht_chantry-random-1.scen,420
420,ht_chantry.map,planner,1,56711,38383,214,201,46292,38383,49,0,100,False,ht_chantry-random-1.scen,420
420,ht_chantry.map,planner,1,53437,38383,212,201,44018,38383,6042,0,100,True,ht_chantry-random-1.scen,420
420,ht_chantry.map,planner,1,56711,38383,214,201,46292,38383,48,0,1000,False,ht_chantry-random-1.scen,420
460,ht_chantry.map,planner,1,65017,42422,219,201,52403,42422,55,0,0,False,ht_chantry-random-1.scen,460
460,ht_chantry.map,planner,1,65017,42422,219,201,52403,42422,55,0,0,True,ht_chantry-random-1.scen,460
460,ht_chantry.map,planner,1,65017,42422,219,201,52403,42422,55,0,1,False,ht_chantry-random-1.scen,460
460,ht_chantry.map,planner,1,61047,42422,207,201,50465,42422,163,0,1,True,ht_chantry-random-1.scen,460
460,ht_chantry.map,planner,1,65017,42422,219,201,52403,42422,55,0,10,False,ht_chantry-random-1.scen,460
460,ht_chantry.map,planner,1,59952,42422,204,201,49593,42422,851,0,10,True,ht_chantry-random-1.scen,460
460,ht_chantry.map,planner,1,65017,42422,219,201,52403,42422,55,0,100,False,ht_chantry-random-1.scen,460
460,ht_chantry.map,planner,1,59122,42422,216,201,49084,42422,6756,0,100,True,ht_chantry-random-1.scen,460
460,ht_chantry.map,planner,1,65017,42422,219,201,52403,42422,55,0,1000,False,ht_chantry-random-1.scen,460
500,ht_chantry.map,planner,1,70784,46448,209,201,58416,46448,62,0,0,False,ht_chantry-random-1.scen,500
500,ht_chantry.map,planner,1,70784,46448,209,201,58416,46448,60,0,0,True,ht_chantry-random-1.scen,500
500,ht_chantry.map,planner,1,70784,46448,209,201,58416,46448,59,0,1,False,ht_chantry-random-1.scen,500
500,ht_chantry.map,planner,1,66782,46448,208,201,55439,46448,168,0,1,True,ht_chantry-random-1.scen,500
500,ht_chantry.map,planner,1,70784,46448,209,201,58416,46448,55,0,10,False,ht_chantry-random-1.scen,500
500,ht_chantry.map,planner,1,67705,46448,214,201,55404,46448,1043,0,10,True,ht_chantry-random-1.scen,500
500,ht_chantry.map,planner,1,70784,46448,209,201,58416,46448,60,0,100,False,ht_chantry-random-1.scen,500
500,ht_chantry.map,planner,1,64946,46448,216,201,54607,46448,8102,0,100,True,ht_chantry-random-1.scen,500
500,ht_chantry.map,planner,1,70784,46448,209,201,58416,46448,61,0,1000,False,ht_chantry-random-1.scen,500
540,ht_chantry.map,planner,1,80380,50565,236,201,65020,50565,71,0,0,False,ht_chantry-random-1.scen,540
540,ht_chantry.map,planner,1,80380,50565,236,201,65020,50565,73,0,0,True,ht_chantry-random-1.scen,540
540,ht_chantry.map,planner,1,80380,50565,236,201,65020,50565,66,0,1,False,ht_chantry-random-1.scen,540
540,ht_chantry.map,planner,1,75628,50565,221,201,62083,50565,188,0,1,True,ht_chantry-random-1.scen,540
540,ht_chantry.map,planner,1,80380,50565,236,201,65020,50565,61,0,10,False,ht_chantry-random-1.scen,540
540,ht_chantry.map,planner,1,73452,50565,212,201,61452,50565,1126,0,10,True,ht_chantry-random-1.scen,540
540,ht_chantry.map,planner,1,80380,50565,236,201,65020,50565,69,0,100,False,ht_chantry-random-1.scen,540
540,ht_chantry.map,planner,1,72899,50565,214,201,60856,50565,9508,0,100,True,ht_chantry-random-1.scen,540
540,ht_chantry.map,planner,1,80380,50565,236,201,65020,50565,70,0,1000,False,ht_chantry-random-1.scen,540
580,ht_chantry.map,planner,1,86329,54311,233,201,70115,54311,72,0,0,False,ht_chantry-random-1.scen,580
580,ht_chantry.map,planner,1,86329,54311,233,201,70115,54311,77,0,0,True,ht_chantry-random-1.scen,580
580,ht_chantry.map,planner,1,86329,54311,233,201,70115,54311,74,0,1,False,ht_chantry-random-1.scen,580
580,ht_chantry.map,planner,1,82395,54311,219,201,67557,54311,192,0,1,True,ht_chantry-random-1.scen,580
580,ht_chantry.map,planner,1,86329,54311,233,201,70115,54311,71,0,10,False,ht_chantry-random-1.scen,580
580,ht_chantry.map,planner,1,83831,54311,224,201,68756,54311,1233,0,10,True,ht_chantry-random-1.scen,580
580,ht_chantry.map,planner,1,86329,54311,233,201,70115,54311,70,0,100,False,ht_chantry-random-1.scen,580
580,ht_chantry.map,planner,1,80779,54311,232,201,67060,54311,10206,0,100,True,ht_chantry-random-1.scen,580
580,ht_chantry.map,planner,1,86329,54311,233,201,70115,54311,73,0,1000,False,ht_chantry-random-1.scen,580
20,ht_chantry.map,planner,1,1938,1923,175,175,1938,1923,2,0,0,False,ht_chantry-random-3.scen,20
20,ht_chantry.map,planner,1,1938,1923,175,175,1938,1923,2,0,0,True,ht_chantry-random-3.scen,20
20,ht_chantry.map,planner,1,1938,1923,175,175,1938,1923,2,0,1,False,ht_chantry-random-3.scen,20
20,ht_chantry.map,planner,1,1938,1923,175,175,1938,1923,2,0,1,True,ht_chantry-random-3.scen,20
20,ht_chantry.map,planner,1,1938,1923,175,175,1938,1923,2,0,10,False,ht_chantry-random-3.scen,20
20,ht_chantry.map,planner,1,1938,1923,175,175,1938,1923,2,0,10,True,ht_chantry-random-3.scen,20
20,ht_chantry.map,planner,1,1938,1923,175,175,1938,1923,2,0,100,False,ht_chantry-random-3.scen,20
20,ht_chantry.map,planner,1,1938,1923,175,175,1938,1923,2,0,100,True,ht_chantry-random-3.scen,20
20,ht_chantry.map,planner,1,1938,1923,175,175,1938,1923,2,0,1000,False,ht_chantry-random-3.scen,20
20,ht_chantry.map,planner,1,1938,1923,175,175,1938,1923,2,0,1000,True,ht_chantry-random-3.scen,20
60,ht_chantry.map,planner,1,6004,5615,179,179,5864,5615,5,0,0,False,ht_chantry-random-3.scen,60
60,ht_chantry.map,planner,1,6004,5615,179,179,5864,5615,6,0,0,True,ht_chantry-random-3.scen,60
60,ht_chantry.map,planner,1,6004,5615,179,179,5864,5615,6,0,1,False,ht_chantry-random-3.scen,60
60,ht_chantry.map,planner,1,6110,5615,179,179,5857,5615,6,0,1,True,ht_chantry-random-3.scen,60
60,ht_chantry.map,planner,1,6004,5615,179,179,5864,5615,5,0,10,False,ht_chantry-random-3.scen,60
60,ht_chantry.map,planner,1,6110,5615,179,179,5857,5615,5,0,10,True,ht_chantry-random-3.scen,60
60,ht_chantry.map,planner,1,6004,5615,179,179,5864,5615,5,0,100,False,ht_chantry-random-3.scen,60
60,ht_chantry.map,planner,1,6110,5615,179,179,5857,5615,5,0,100,True,ht_chantry-random-3.scen,60
60,ht_chantry.map,planner,1,6004,5615,179,179,5864,5615,5,0,1000,False,ht_chantry-random-3.scen,60
60,ht_chantry.map,planner,1,6110,5615,179,179,5857,5615,6,0,1000,True,ht_chantry-random-3.scen,60
100,ht_chantry.map,planner,1,10599,9227,203,203,9785,9227,9,0,0,False,ht_chantry-random-3.scen,100
100,ht_chantry.map,planner,1,10599,9227,203,203,9785,9227,9,0,0,True,ht_chantry-random-3.scen,100
100,ht_chantry.map,planner,1,10599,9227,203,203,9785,9227,10,0,1,False,ht_chantry-random-3.scen,100
100,ht_chantry.map,planner,1,10660,9227,204,203,9757,9227,11,0,1,True,ht_chantry-random-3.scen,100
100,ht_chantry.map,planner,1,10599,9227,203,203,9785,9227,9,0,10,False,ht_chantry-random-3.scen,100
100,ht_chantry.map,planner,1,10660,9227,204,203,9757,9227,11,0,10,True,ht_chantry-random-3.scen,100
100,ht_chantry.map,planner,1,10599,9227,203,203,9785,9227,9,0,100,False,ht_chantry-random-3.scen,100
100,ht_chantry.map,planner,1,10660,9227,204,203,9757,9227,11,0,100,True,ht_chantry-random-3.scen,100
100,ht_chantry.map,planner,1,10599,9227,203,203,9785,9227,11,0,1000,False,ht_chantry-random-3.scen,100
100,ht_chantry.map,planner,1,10660,9227,204,203,9757,9227,11,0,1000,True,ht_chantry-random-3.scen,100
140,ht_chantry.map,planner,1,15500,12900,204,203,14004,12900,13,0,0,False,ht_chantry-random-3.scen,140
140,ht_chantry.map,planner,1,15500,12900,204,203,14004,12900,15,0,0,True,ht_chantry-random-3.scen,140
140,ht_chantry.map,planner,1,15500,12900,204,203,14004,12900,15,0,1,False,ht_chantry-random-3.scen,140
140,ht_chantry.map,planner,1,15452,12900,209,203,13744,12900,17,0,1,True,ht_chantry-random-3.scen,140
140,ht_chantry.map,planner,1,15500,12900,204,203,14004,12900,13,0,10,False,ht_chantry-random-3.scen,140
140,ht_chantry.map,planner,1,15452,12900,209,203,13744,12900,18,0,10,True,ht_chantry-random-3.scen,140
140,ht_chantry.map,planner,1,15500,12900,204,203,14004,12900,15,0,100,False,ht_chantry-random-3.scen,140
140,ht_chantry.map,planner,1,15452,12900,209,203,13744,12900,17,0,100,True,ht_chantry-random-3.scen,140
140,ht_chantry.map,planner,1,15500,12900,204,203,14004,12900,14,0,1000,False,ht_chantry-random-3.scen,140
140,ht_chantry.map,planner,1,15452,12900,209,203,13744,12900,16,0,1000,True,ht_chantry-random-3.scen,140
180,ht_chantry.map,planner,1,20865,16407,203,203,18240,16407,20,0,0,False,ht_chantry-random-3.scen,180
180,ht_chantry.map,planner,1,20865,16407,203,203,18240,16407,17,0,0,True,ht_chantry-random-3.scen,180
180,ht_chantry.map,planner,1,20865,16407,203,203,18240,16407,20,0,1,False,ht_chantry-random-3.scen,180
180,ht_chantry.map,planner,1,20292,16407,203,203,17626,16407,32,0,1,True,ht_chantry-random-3.scen,180
180,ht_chantry.map,planner,1,20865,16407,203,203,18240,16407,19,0,10,False,ht_chantry-random-3.scen,180
180,ht_chantry.map,planner,1,20100,16407,206,203,17605,16407,86,0,10,True,ht_chantry-random-3.scen,180
180,ht_chantry.map,planner,1,20865,16407,203,203,18240,16407,17,0,100,False,ht_chantry-random-3.scen,180
180,ht_chantry.map,planner,1,20467,16407,214,203,17680,16407,175,0,100,True,ht_chantry-random-3.scen,180
180,ht_chantry.map,planner,1,20865,16407,203,203,18240,16407,19,0,1000,False,ht_chantry-random-3.scen,180
180,ht_chantry.map,planner,1,20467,16407,214,203,17680,16407,177,0,1000,True,ht_chantry-random-3.scen,180
220,ht_chantry.map,planner,1,26066,20348,203,203,22644,20348,23,0,0,False,ht_chantry-random-3.scen,220
220,ht_chantry.map,planner,1,26066,20348,203,203,22644,20348,23,0,0,True,ht_chantry-random-3.scen,220
220,ht_chantry.map,planner,1,26066,20348,203,203,22644,20348,25,0,1,False,ht_chantry-random-3.scen,220
220,ht_chantry.map,planner,1,24922,20348,205,203,22069,20348,49,0,1,True,ht_chantry-random-3.scen,220
220,ht_chantry.map,planner,1,26066,20348,203,203,22644,20348,25,0,10,False,ht_chantry-random-3.scen,220
220,ht_chantry.map,planner,1,24725,20348,203,203,21945,20348,196,0,10,True,ht_chantry-random-3.scen,220
220,ht_chantry.map,planner,1,26066,20348,203,203,22644,20348,25,0,100,False,ht_chantry-random-3.scen,220
220,ht_chantry.map,planner,1,24859,20348,203,203,21989,20348,458,0,100,True,ht_chantry-random-3.scen,220
220,ht_chantry.map,planner,1,26066,20348,203,203,22644,20348,22,0,1000,False,ht_chantry-random-3.scen,220
220,ht_chantry.map,planner,1,24785,20348,203,203,21993,20348,3636,0,1000,True,ht_chantry-random-3.scen,220
260,ht_chantry.map,planner,1,31388,23798,204,203,26928,23798,27,0,0,False,ht_chantry-random-3.scen,260
260,ht_chantry.map,planner,1,31388,23798,204,203,26928,23798,28,0,0,True,ht_chantry-random-3.scen,260
260,ht_chantry.map,planner,1,31388,23798,204,203,26928,23798,28,0,1,False,ht_chantry-random-3.scen,260
260,ht_chantry.map,planner,1,30011,23798,210,203,26032,23798,65,0,1,True,ht_chantry-random-3.scen,260
460,warehouse-10-20-10-2-1.map,planner,0,0,37530,0,194,0,37530,61954,0,10,False,ht_chantry-random-3.scen,260
260,ht_chantry.map,planner,1,29579,23798,211,203,25943,23798,303,0,10,True,ht_chantry-random-3.scen,260
260,ht_chantry.map,planner,1,31388,23798,204,203,26928,23798,29,0,100,False,ht_chantry-random-3.scen,260
260,ht_chantry.map,planner,1,29479,23798,206,203,25942,23798,2737,0,100,True,ht_chantry-random-3.scen,260
260,ht_chantry.map,planner,1,31388,23798,204,203,26928,23798,29,0,1000,False,ht_chantry-random-3.scen,260
260,ht_chantry.map,planner,1,29680,23798,208,203,25790,23798,11779,0,1000,True,ht_chantry-random-3.scen,260
300,ht_chantry.map,planner,1,37799,27540,210,203,31739,27540,35,0,0,False,ht_chantry-random-3.scen,300
300,ht_chantry.map,planner,1,37799,27540,210,203,31739,27540,34,0,0,True,ht_chantry-random-3.scen,300
300,ht_chantry.map,planner,1,37799,27540,210,203,31739,27540,34,0,1,False,ht_chantry-random-3.scen,300
300,ht_chantry.map,planner,1,35928,27540,204,203,30438,27540,78,0,1,True,ht_chantry-random-3.scen,300
300,ht_chantry.map,planner,1,37799,27540,210,203,31739,27540,35,0,10,False,ht_chantry-random-3.scen,300
300,ht_chantry.map,planner,1,35978,27540,208,203,30744,27540,498,0,10,True,ht_chantry-random-3.scen,300
300,ht_chantry.map,planner,1,37799,27540,210,203,31739,27540,32,0,100,False,ht_chantry-random-3.scen,300
300,ht_chantry.map,planner,1,35934,27540,204,203,30574,27540,3603,0,100,True,ht_chantry-random-3.scen,300
300,ht_chantry.map,planner,1,37799,27540,210,203,31739,27540,33,0,1000,False,ht_chantry-random-3.scen,300
300,ht_chantry.map,planner,1,35831,27540,204,203,30482,27540,31426,0,1000,True,ht_chantry-random-3.scen,300
340,ht_chantry.map,planner,1,44237,31286,217,203,36866,31286,39,0,0,False,ht_chantry-random-3.scen,340
340,ht_chantry.map,planner,1,44237,31286,217,203,36866,31286,39,0,0,True,ht_chantry-random-3.scen,340
340,ht_chantry.map,planner,1,44237,31286,217,203,36866,31286,39,0,1,False,ht_chantry-random-3.scen,340
340,ht_chantry.map,planner,1,42837,31286,203,203,35898,31286,112,0,1,True,ht_chantry-random-3.scen,340
340,ht_chantry.map,planner,1,44237,31286,217,203,36866,31286,37,0,10,False,ht_chantry-random-3.scen,340
340,ht_chantry.map,planner,1,42224,31286,207,203,35442,31286,579,0,10,True,ht_chantry-random-3.scen,340
340,ht_chantry.map,planner,1,44237,31286,217,203,36866,31286,44,0,100,False,ht_chantry-random-3.scen,340
340,ht_chantry.map,planner,1,42025,31286,212,203,35560,31286,5159,0,100,True,ht_chantry-random-3.scen,340
340,ht_chantry.map,planner,1,44237,31286,217,203,36866,31286,38,0,1000,False,ht_chantry-random-3.scen,340
340,ht_chantry.map,planner,1,41563,31286,203,203,35172,31286,41513,0,1000,True,ht_chantry-random-3.scen,340
380,ht_chantry.map,planner,1,51654,35197,216,203,42740,35197,42,0,0,False,ht_chantry-random-3.scen,380
380,ht_chantry.map,planner,1,51654,35197,216,203,42740,35197,45,0,0,True,ht_chantry-random-3.scen,380
380,ht_chantry.map,planner,1,51654,35197,216,203,42740,35197,44,0,1,False,ht_chantry-random-3.scen,380
380,ht_chantry.map,planner,1,47900,35197,208,203,41049,35197,126,0,1,True,ht_chantry-random-3.scen,380
380,ht_chantry.map,planner,1,51654,35197,216,203,42740,35197,46,0,10,False,ht_chantry-random-3.scen,380
380,ht_chantry.map,planner,1,48100,35197,206,203,40442,35197,730,0,10,True,ht_chantry-random-3.scen,380
380,ht_chantry.map,planner,1,51654,35197,216,203,42740,35197,44,0,100,False,ht_chantry-random-3.scen,380
380,ht_chantry.map,planner,1,47529,35197,213,203,40644,35197,6586,0,100,True,ht_chantry-random-3.scen,380
380,ht_chantry.map,planner,1,51654,35197,216,203,42740,35197,45,0,1000,False,ht_chantry-random-3.scen,380
380,ht_chantry.map,planner,1,46827,35197,243,203,39954,35197,46844,0,1000,True,ht_chantry-random-3.scen,380
420,ht_chantry.map,planner,1,56920,38785,203,203,47169,38785,49,0,0,False,ht_chantry-random-3.scen,420
420,ht_chantry.map,planner,1,56920,38785,203,203,47169,38785,52,0,0,True,ht_chantry-random-3.scen,420
420,ht_chantry.map,planner,1,56920,38785,203,203,47169,38785,46,0,1,False,ht_chantry-random-3.scen,420
420,ht_chantry.map,planner,1,54291,38785,208,203,45767,38785,149,0,1,True,ht_chantry-random-3.scen,420
420,ht_chantry.map,planner,1,56920,38785,203,203,47169,38785,48,0,10,False,ht_chantry-random-3.scen,420
420,ht_chantry.map,planner,1,53557,38785,247,203,45162,38785,877,0,10,True,ht_chantry-random-3.scen,420
420,ht_chantry.map,planner,1,56920,38785,203,203,47169,38785,49,0,100,False,ht_chantry-random-3.scen,420
420,ht_chantry.map,planner,1,53515,38785,206,203,44893,38785,7218,0,100,True,ht_chantry-random-3.scen,420
420,ht_chantry.map,planner,1,56920,38785,203,203,47169,38785,50,0,1000,False,ht_chantry-random-3.scen,420
460,ht_chantry.map,planner,1,65604,43152,221,203,53614,43152,56,0,0,False,ht_chantry-random-3.scen,460
460,ht_chantry.map,planner,1,65604,43152,221,203,53614,43152,58,0,0,True,ht_chantry-random-3.scen,460
460,ht_chantry.map,planner,1,65604,43152,221,203,53614,43152,54,0,1,False,ht_chantry-random-3.scen,460
460,ht_chantry.map,planner,1,61293,43152,220,203,51658,43152,159,0,1,True,ht_chantry-random-3.scen,460
460,ht_chantry.map,planner,1,65604,43152,221,203,53614,43152,54,0,10,False,ht_chantry-random-3.scen,460
460,ht_chantry.map,planner,1,60605,43152,206,203,51125,43152,990,0,10,True,ht_chantry-random-3.scen,460
460,ht_chantry.map,planner,1,65604,43152,221,203,53614,43152,58,0,100,False,ht_chantry-random-3.scen,460
460,ht_chantry.map,planner,1,61526,43152,213,203,51480,43152,7933,0,100,True,ht_chantry-random-3.scen,460
460,ht_chantry.map,planner,1,65604,43152,221,203,53614,43152,48,0,1000,False,ht_chantry-random-3.scen,460
500,ht_chantry.map,planner,1,73510,46539,251,203,59916,46539,65,0,0,False,ht_chantry-random-3.scen,500
500,ht_chantry.map,planner,1,73510,46539,251,203,59916,46539,69,0,0,True,ht_chantry-random-3.scen,500
500,ht_chantry.map,planner,1,73510,46539,251,203,59916,46539,65,0,1,False,ht_chantry-random-3.scen,500
500,ht_chantry.map,planner,1,67643,46539,223,203,56681,46539,181,0,1,True,ht_chantry-random-3.scen,500
500,ht_chantry.map,planner,1,73510,46539,251,203,59916,46539,63,0,10,False,ht_chantry-random-3.scen,500
500,ht_chantry.map,planner,1,67260,46539,213,203,56232,46539,1073,0,10,True,ht_chantry-random-3.scen,500
500,ht_chantry.map,planner,1,73510,46539,251,203,59916,46539,63,0,100,False,ht_chantry-random-3.scen,500
500,ht_chantry.map,planner,1,67292,46539,229,203,56324,46539,9980,0,100,True,ht_chantry-random-3.scen,500
500,ht_chantry.map,planner,1,73510,46539,251,203,59916,46539,63,0,1000,False,ht_chantry-random-3.scen,500
540,ht_chantry.map,planner,1,79214,50206,231,203,64135,50206,68,0,0,False,ht_chantry-random-3.scen,540
540,ht_chantry.map,planner,1,79214,50206,231,203,64135,50206,70,0,0,True,ht_chantry-random-3.scen,540
540,ht_chantry.map,planner,1,79214,50206,231,203,64135,50206,67,0,1,False,ht_chantry-random-3.scen,540
540,ht_chantry.map,planner,1,75528,50206,222,203,62670,50206,193,0,1,True,ht_chantry-random-3.scen,540
540,ht_chantry.map,planner,1,79214,50206,231,203,64135,50206,63,0,10,False,ht_chantry-random-3.scen,540
540,ht_chantry.map,planner,1,76502,50206,242,203,63034,50206,1244,0,10,True,ht_chantry-random-3.scen,540
540,ht_chantry.map,planner,1,79214,50206,231,203,64135,50206,70,0,100,False,ht_chantry-random-3.scen,540
540,ht_chantry.map,planner,1,75109,50206,216,203,62214,50206,10298,0,100,True,ht_chantry-random-3.scen,540
540,ht_chantry.map,planner,1,79214,50206,231,203,64135,50206,66,0,1000,False,ht_chantry-random-3.scen,540
580,ht_chantry.map,planner,1,87958,54156,235,203,71070,54156,74,0,0,False,ht_chantry-random-3.scen,580
580,ht_chantry.map,planner,1,87958,54156,235,203,71070,54156,79,0,0,True,ht_chantry-random-3.scen,580
580,ht_chantry.map,planner,1,87958,54156,235,203,71070,54156,71,0,1,False,ht_chantry-random-3.scen,580
580,ht_chantry.map,planner,1,83748,54156,229,203,69007,54156,213,0,1,True,ht_chantry-random-3.scen,580
580,ht_chantry.map,planner,1,87958,54156,235,203,71070,54156,74,0,10,False,ht_chantry-random-3.scen,580
580,ht_chantry.map,planner,1,82672,54156,224,203,68378,54156,1245,0,10,True,ht_chantry-random-3.scen,580
580,ht_chantry.map,planner,1,87958,54156,235,203,71070,54156,75,0,100,False,ht_chantry-random-3.scen,580
580,ht_chantry.map,planner,1,82534,54156,227,203,67918,54156,11648,0,100,True,ht_chantry-random-3.scen,580
580,ht_chantry.map,planner,1,87958,54156,235,203,71070,54156,76,0,1000,False,ht_chantry-random-3.scen,580
20,ht_chantry.map,planner,1,1649,1640,160,160,1648,1640,1,0,0,False,ht_chantry-random-7.scen,20
20,ht_chantry.map,planner,1,1649,1640,160,160,1648,1640,1,0,0,True,ht_chantry-random-7.scen,20
20,ht_chantry.map,planner,1,1649,1640,160,160,1648,1640,2,0,1,False,ht_chantry-random-7.scen,20
20,ht_chantry.map,planner,1,1649,1640,160,160,1648,1640,1,0,1,True,ht_chantry-random-7.scen,20
20,ht_chantry.map,planner,1,1649,1640,160,160,1648,1640,2,0,10,False,ht_chantry-random-7.scen,20
20,ht_chantry.map,planner,1,1649,1640,160,160,1648,1640,1,0,10,True,ht_chantry-random-7.scen,20
20,ht_chantry.map,planner,1,1649,1640,160,160,1648,1640,1,0,100,False,ht_chantry-random-7.scen,20
20,ht_chantry.map,planner,1,1649,1640,160,160,1648,1640,1,0,100,True,ht_chantry-random-7.scen,20
20,ht_chantry.map,planner,1,1649,1640,160,160,1648,1640,1,0,1000,False,ht_chantry-random-7.scen,20
20,ht_chantry.map,planner,1,1649,1640,160,160,1648,1640,1,0,1000,True,ht_chantry-random-7.scen,20
60,ht_chantry.map,planner,1,6160,5607,172,172,5915,5607,5,0,0,False,ht_chantry-random-7.scen,60
60,ht_chantry.map,planner,1,6160,5607,172,172,5915,5607,5,0,0,True,ht_chantry-random-7.scen,60
60,ht_chantry.map,planner,1,6160,5607,172,172,5915,5607,5,0,1,False,ht_chantry-random-7.scen,60
60,ht_chantry.map,planner,1,6300,5607,172,172,5888,5607,5,0,1,True,ht_chantry-random-7.scen,60
60,ht_chantry.map,planner,1,6160,5607,172,172,5915,5607,6,0,10,False,ht_chantry-random-7.scen,60
60,ht_chantry.map,planner,1,6300,5607,172,172,5888,5607,6,0,10,True,ht_chantry-random-7.scen,60
60,ht_chantry.map,planner,1,6160,5607,172,172,5915,5607,5,0,100,False,ht_chantry-random-7.scen,60
60,ht_chantry.map,planner,1,6300,5607,172,172,5888,5607,5,0,100,True,ht_chantry-random-7.scen,60
60,ht_chantry.map,planner,1,6160,5607,172,172,5915,5607,5,0,1000,False,ht_chantry-random-7.scen,60
60,ht_chantry.map,planner,1,6300,5607,172,172,5888,5607,6,0,1000,True,ht_chantry-random-7.scen,60
100,ht_chantry.map,planner,1,10457,8974,175,172,9683,8974,9,0,0,False,ht_chantry-random-7.scen,100
100,ht_chantry.map,planner,1,10457,8974,175,172,9683,8974,10,0,0,True,ht_chantry-random-7.scen,100
100,ht_chantry.map,planner,1,10457,8974,175,172,9683,8974,9,0,1,False,ht_chantry-random-7.scen,100
100,ht_chantry.map,planner,1,10358,8974,174,172,9491,8974,9,0,1,True,ht_chantry-random-7.scen,100
100,ht_chantry.map,planner,1,10457,8974,175,172,9683,8974,10,0,10,False,ht_chantry-random-7.scen,100
100,ht_chantry.map,planner,1,10358,8974,174,172,9491,8974,10,0,10,True,ht_chantry-random-7.scen,100
100,ht_chantry.map,planner,1,10457,8974,175,172,9683,8974,9,0,100,False,ht_chantry-random-7.scen,100
100,ht_chantry.map,planner,1,10358,8974,174,172,9491,8974,10,0,100,True,ht_chantry-random-7.scen,100
100,ht_chantry.map,planner,1,10457,8974,175,172,9683,8974,9,0,1000,False,ht_chantry-random-7.scen,100
100,ht_chantry.map,planner,1,10358,8974,174,172,9491,8974,10,0,1000,True,ht_chantry-random-7.scen,100
140,ht_chantry.map,planner,1,15615,13148,180,180,14362,13148,13,0,0,False,ht_chantry-random-7.scen,140
140,ht_chantry.map,planner,1,15615,13148,180,180,14362,13148,15,0,0,True,ht_chantry-random-7.scen,140
140,ht_chantry.map,planner,1,15615,13148,180,180,14362,13148,14,0,1,False,ht_chantry-random-7.scen,140
140,ht_chantry.map,planner,1,15286,13148,180,180,14091,13148,18,0,1,True,ht_chantry-random-7.scen,140
140,ht_chantry.map,planner,1,15615,13148,180,180,14362,13148,15,0,10,False,ht_chantry-random-7.scen,140
140,ht_chantry.map,planner,1,15286,13148,180,180,14091,13148,17,0,10,True,ht_chantry-random-7.scen,140
140,ht_chantry.map,planner,1,15615,13148,180,180,14362,13148,15,0,100,False,ht_chantry-random-7.scen,140
140,ht_chantry.map,planner,1,15286,13148,180,180,14091,13148,16,0,100,True,ht_chantry-random-7.scen,140
140,ht_chantry.map,planner,1,15615,13148,180,180,14362,13148,13,0,1000,False,ht_chantry-random-7.scen,140
140,ht_chantry.map,planner,1,15286,13148,180,180,14091,13148,17,0,1000,True,ht_chantry-random-7.scen,140
180,ht_chantry.map,planner,1,20607,17192,180,180,18944,17192,19,0,0,False,ht_chantry-random-7.scen,180
180,ht_chantry.map,planner,1,20607,17192,180,180,18944,17192,22,0,0,True,ht_chantry-random-7.scen,180
180,ht_chantry.map,planner,1,20607,17192,180,180,18944,17192,17,0,1,False,ht_chantry-random-7.scen,180
180,ht_chantry.map,planner,1,20111,17192,183,180,18540,17192,35,0,1,True,ht_chantry-random-7.scen,180
180,ht_chantry.map,planner,1,20607,17192,180,180,18944,17192,20,0,10,False,ht_chantry-random-7.scen,180
180,ht_chantry.map,planner,1,20140,17192,184,180,18515,17192,57,0,10,True,ht_chantry-random-7.scen,180
180,ht_chantry.map,planner,1,20607,17192,180,180,18944,17192,19,0,100,False,ht_chantry-random-7.scen,180
180,ht_chantry.map,planner,1,20121,17192,182,180,18529,17192,53,0,100,True,ht_chantry-random-7.scen,180
180,ht_chantry.map,planner,1,20607,17192,180,180,18944,17192,19,0,1000,False,ht_chantry-random-7.scen,180
180,ht_chantry.map,planner,1,20121,17192,182,180,18529,17192,53,0,1000,True,ht_chantry-random-7.scen,180
220,ht_chantry.map,planner,1,26325,20705,180,180,23351,20705,22,0,0,False,ht_chantry-random-7.scen,220
220,ht_chantry.map,planner,1,26325,20705,180,180,23351,20705,25,0,0,True,ht_chantry-random-7.scen,220
220,ht_chantry.map,planner,1,26325,20705,180,180,23351,20705,24,0,1,False,ht_chantry-random-7.scen,220
220,ht_chantry.map,planner,1,24982,20705,185,180,22442,20705,49,0,1,True,ht_chantry-random-7.scen,220
220,ht_chantry.map,planner,1,26325,20705,180,180,23351,20705,24,0,10,False,ht_chantry-random-7.scen,220
220,ht_chantry.map,planner,1,24936,20705,260,180,22463,20705,208,0,10,True,ht_chantry-random-7.scen,220
220,ht_chantry.map,planner,1,26325,20705,180,180,23351,20705,23,0,100,False,ht_chantry-random-7.scen,220
220,ht_chantry.map,planner,1,25168,20705,192,180,22439,20705,643,0,100,True,ht_chantry-random-7.scen,220
220,ht_chantry.map,planner,1,26325,20705,180,180,23351,20705,22,0,1000,False,ht_chantry-random-7.scen,220
220,ht_chantry.map,planner,1,24888,20705,187,180,22383,20705,1927,0,1000,True,ht_chantry-random-7.scen,220
260,ht_chantry.map,planner,1,30835,24302,181,180,27495,24302,25,0,0,False,ht_chantry-random-7.scen,260
260,ht_chantry.map,planner,1,30835,24302,181,180,27495,24302,29,0,0,True,ht_chantry-random-7.scen,260
260,ht_chantry.map,planner,1,30835,24302,181,180,27495,24302,26,0,1,False,ht_chantry-random-7.scen,260
260,ht_chantry.map,planner,1,30382,24302,214,180,26363,24302,72,0,1,True,ht_chantry-random-7.scen,260
260,ht_chantry.map,planner,1,30835,24302,181,180,27495,24302,27,0,10,False,ht_chantry-random-7.scen,260
260,ht_chantry.map,planner,1,30664,24302,191,180,26448,24302,288,0,10,True,ht_chantry-random-7.scen,260
260,ht_chantry.map,planner,1,30835,24302,181,180,27495,24302,28,0,100,False,ht_chantry-random-7.scen,260
260,ht_chantry.map,planner,1,29619,24302,187,180,26332,24302,1729,0,100,True,ht_chantry-random-7.scen,260
260,ht_chantry.map,planner,1,30835,24302,181,180,27495,24302,29,0,1000,False,ht_chantry-random-7.scen,260
260,ht_chantry.map,planner,1,29913,24302,184,180,26447,24302,9666,0,1000,True,ht_chantry-random-7.scen,260
300,ht_chantry.map,planner,1,36409,27824,180,180,31905,27824,32,0,0,False,ht_chantry-random-7.scen,300
300,ht_chantry.map,planner,1,36409,27824,180,180,31905,27824,32,0,0,True,ht_chantry-random-7.scen,300
300,ht_chantry.map,planner,1,36409,27824,180,180,31905,27824,34,0,1,False,ht_chantry-random-7.scen,300
300,ht_chantry.map,planner,1,34786,27824,188,180,30825,27824,78,0,1,True,ht_chantry-random-7.scen,300
300,ht_chantry.map,planner,1,36409,27824,180,180,31905,27824,33,0,10,False,ht_chantry-random-7.scen,300
300,ht_chantry.map,planner,1,34583,27824,191,180,30598,27824,394,0,10,True,ht_chantry-random-7.scen,300
300,ht_chantry.map,planner,1,36409,27824,180,180,31905,27824,32,0,100,False,ht_chantry-random-7.scen,300
300,ht_chantry.map,planner,1,34977,27824,202,180,30591,27824,2604,0,100,True,ht_chantry-random-7.scen,300
300,ht_chantry.map,planner,1,36409,27824,180,180,31905,27824,31,0,1000,False,ht_chantry-random-7.scen,300
300,ht_chantry.map,planner,1,35270,27824,198,180,30533,27824,17997,0,1000,True,ht_chantry-random-7.scen,300
340,ht_chantry.map,planner,1,42560,31405,186,180,36606,31405,36,0,0,False,ht_chantry-random-7.scen,340
340,ht_chantry.map,planner,1,42560,31405,186,180,36606,31405,39,0,0,True,ht_chantry-random-7.scen,340
340,ht_chantry.map,planner,1,42560,31405,186,180,36606,31405,38,0,1,False,ht_chantry-random-7.scen,340
340,ht_chantry.map,planner,1,40625,31405,200,180,34942,31405,89,0,1,True,ht_chantry-random-7.scen,340
340,ht_chantry.map,planner,1,42560,31405,186,180,36606,31405,39,0,10,False,ht_chantry-random-7.scen,340
340,ht_chantry.map,planner,1,39859,31405,263,180,35051,31405,533,0,10,True,ht_chantry-random-7.scen,340
340,ht_chantry.map,planner,1,42560,31405,186,180,36606,31405,39,0,100,False,ht_chantry-random-7.scen,340
340,ht_chantry.map,planner,1,40358,31405,248,180,34905,31405,3662,0,100,True,ht_chantry-random-7.scen,340
340,ht_chantry.map,planner,1,42560,31405,186,180,36606,31405,39,0,1000,False,ht_chantry-random-7.scen,340
340,ht_chantry.map,planner,1,39771,31405,192,180,34815,31405,25362,0,1000,True,ht_chantry-random-7.scen,340
380,ht_chantry.map,planner,1,48141,35193,205,184,41644,35193,46,0,0,False,ht_chantry-random-7.scen,380
380,ht_chantry.map,planner,1,48141,35193,205,184,41644,35193,43,0,0,True,ht_chantry-random-7.scen,380
380,ht_chantry.map,planner,1,48141,35193,205,184,41644,35193,45,0,1,False,ht_chantry-random-7.scen,380
380,ht_chantry.map,planner,1,46648,35193,199,184,40475,35193,122,0,1,True,ht_chantry-random-7.scen,380
380,ht_chantry.map,planner,1,48141,35193,205,184,41644,35193,44,0,10,False,ht_chantry-random-7.scen,380
380,ht_chantry.map,planner,1,45600,35193,195,184,39645,35193,611,0,10,True,ht_chantry-random-7.scen,380
380,ht_chantry.map,planner,1,48141,35193,205,184,41644,35193,41,0,100,False,ht_chantry-random-7.scen,380
380,ht_chantry.map,planner,1,44890,35193,205,184,39444,35193,4824,0,100,True,ht_chantry-random-7.scen,380
380,ht_chantry.map,planner,1,48141,35193,205,184,41644,35193,43,0,1000,False,ht_chantry-random-7.scen,380
380,ht_chantry.map,planner,1,45511,35193,190,184,39458,35193,41767,0,1000,True,ht_chantry-random-7.scen,380
420,ht_chantry.map,planner,1,55243,38963,195,189,46764,38963,47,0,0,False,ht_chantry-random-7.scen,420
420,ht_chantry.map,planner,1,55243,38963,195,189,46764,38963,52,0,0,True,ht_chantry-random-7.scen,420
420,ht_chantry.map,planner,1,55243,38963,195,189,46764,38963,50,0,1,False,ht_chantry-random-7.scen,420
420,ht_chantry.map,planner,1,52113,38963,207,189,45026,38963,131,0,1,True,ht_chantry-random-7.scen,420
420,ht_chantry.map,planner,1,55243,38963,195,189,46764,38963,48,0,10,False,ht_chantry-random-7.scen,420
420,ht_chantry.map,planner,1,52285,38963,200,189,44547,38963,672,0,10,True,ht_chantry-random-7.scen,420
420,ht_chantry.map,planner,1,55243,38963,195,189,46764,38963,49,0,100,False,ht_chantry-random-7.scen,420
420,ht_chantry.map,planner,1,52068,38963,206,189,44338,38963,5675,0,100,True,ht_chantry-random-7.scen,420
420,ht_chantry.map,planner,1,55243,38963,195,189,46764,38963,50,0,1000,False,ht_chantry-random-7.scen,420
460,ht_chantry.map,planner,1,61654,42527,214,189,52107,42527,52,0,0,False,ht_chantry-random-7.scen,460
460,ht_chantry.map,planner,1,61654,42527,214,189,52107,42527,58,0,0,True,ht_chantry-random-7.scen,460
460,ht_chantry.map,planner,1,61654,42527,214,189,52107,42527,56,0,1,False,ht_chantry-random-7.scen,460
460,ht_chantry.map,planner,1,58913,42527,231,189,50313,42527,153,0,1,True,ht_chantry-random-7.scen,460
460,ht_chantry.map,planner,1,61654,42527,214,189,52107,42527,54,0,10,False,ht_chantry-random-7.scen,460
460,ht_chantry.map,planner,1,58249,42527,257,189,49596,42527,809,0,10,True,ht_chantry-random-7.scen,460
460,ht_chantry.map,planner,1,61654,42527,214,189,52107,42527,52,0,100,False,ht_chantry-random-7.scen,460
460,ht_chantry.map,planner,1,57297,42527,221,189,48991,42527,6475,0,100,True,ht_chantry-random-7.scen,460
460,ht_chantry.map,planner,1,61654,42527,214,189,52107,42527,56,0,1000,False,ht_chantry-random-7.scen,460
500,ht_chantry.map,planner,1,68898,46166,216,189,56984,46166,64,0,0,False,ht_chantry-random-7.scen,500
500,ht_chantry.map,planner,1,68898,46166,216,189,56984,46166,63,0,0,True,ht_chantry-random-7.scen,500
500,ht_chantry.map,planner,1,68898,46166,216,189,56984,46166,62,0,1,False,ht_chantry-random-7.scen,500
500,ht_chantry.map,planner,1,65082,46166,206,189,55120,46166,158,0,1,True,ht_chantry-random-7.scen,500
500,ht_chantry.map,planner,1,68898,46166,216,189,56984,46166,58,0,10,False,ht_chantry-random-7.scen,500
500,ht_chantry.map,planner,1,63940,46166,199,189,54236,46166,870,0,10,True,ht_chantry-random-7.scen,500
500,ht_chantry.map,planner,1,68898,46166,216,189,56984,46166,61,0,100,False,ht_chantry-random-7.scen,500
500,ht_chantry.map,planner,1,64287,46166,258,189,54742,46166,7656,0,100,True,ht_chantry-random-7.scen,500
500,ht_chantry.map,planner,1,68898,46166,216,189,56984,46166,59,0,1000,False,ht_chantry-random-7.scen,500
540,ht_chantry.map,planner,1,76432,50026,208,189,63069,50026,66,0,0,False,ht_chantry-random-7.scen,540
540,ht_chantry.map,planner,1,76432,50026,208,189,63069,50026,68,0,0,True,ht_chantry-random-7.scen,540
540,ht_chantry.map,planner,1,76432,50026,208,189,63069,50026,61,0,1,False,ht_chantry-random-7.scen,540
540,ht_chantry.map,planner,1,72650,50026,217,189,61129,50026,178,0,1,True,ht_chantry-random-7.scen,540
540,ht_chantry.map,planner,1,76432,50026,208,189,63069,50026,63,0,10,False,ht_chantry-random-7.scen,540
540,ht_chantry.map,planner,1,71940,50026,222,189,60220,50026,1000,0,10,True,ht_chantry-random-7.scen,540
540,ht_chantry.map,planner,1,76432,50026,208,189,63069,50026,67,0,100,False,ht_chantry-random-7.scen,540
540,ht_chantry.map,planner,1,72016,50026,204,189,59973,50026,8449,0,100,True,ht_chantry-random-7.scen,540
540,ht_chantry.map,planner,1,76432,50026,208,189,63069,50026,63,0,1000,False,ht_chantry-random-7.scen,540
580,ht_chantry.map,planner,1,84343,53672,228,189,69282,53672,72,0,0,False,ht_chantry-random-7.scen,580
580,ht_chantry.map,planner,1,84343,53672,228,189,69282,53672,75,0,0,True,ht_chantry-random-7.scen,580
580,ht_chantry.map,planner,1,84343,53672,228,189,69282,53672,76,0,1,False,ht_chantry-random-7.scen,580
580,ht_chantry.map,planner,1,81312,53672,219,189,68071,53672,199,0,1,True,ht_chantry-random-7.scen,580
580,ht_chantry.map,planner,1,84343,53672,228,189,69282,53672,70,0,10,False,ht_chantry-random-7.scen,580
580,ht_chantry.map,planner,1,79495,53672,212,189,66519,53672,1157,0,10,True,ht_chantry-random-7.scen,580
580,ht_chantry.map,planner,1,84343,53672,228,189,69282,53672,74,0,100,False,ht_chantry-random-7.scen,580
580,ht_chantry.map,planner,1,79267,53672,216,189,66049,53672,10157,0,100,True,ht_chantry-random-7.scen,580
580,ht_chantry.map,planner,1,84343,53672,228,189,69282,53672,65,0,1000,False,ht_chantry-random-7.scen,580
20,ht_chantry.map,planner,1,2135,1918,191,191,1949,1918,1,0,0,False,ht_chantry-random-9.scen,20
20,ht_chantry.map,planner,1,2135,1918,191,191,1949,1918,2,0,0,True,ht_chantry-random-9.scen,20
20,ht_chantry.map,planner,1,2135,1918,191,191,1949,1918,2,0,1,False,ht_chantry-random-9.scen,20
20,ht_chantry.map,planner,1,2135,1918,191,191,1949,1918,2,0,1,True,ht_chantry-random-9.scen,20
20,ht_chantry.map,planner,1,2135,1918,191,191,1949,1918,2,0,10,False,ht_chantry-random-9.scen,20
20,ht_chantry.map,planner,1,2135,1918,191,191,1949,1918,2,0,10,True,ht_chantry-random-9.scen,20
20,ht_chantry.map,planner,1,2135,1918,191,191,1949,1918,2,0,100,False,ht_chantry-random-9.scen,20
20,ht_chantry.map,planner,1,2135,1918,191,191,1949,1918,2,0,100,True,ht_chantry-random-9.scen,20
20,ht_chantry.map,planner,1,2135,1918,191,191,1949,1918,2,0,1000,False,ht_chantry-random-9.scen,20
20,ht_chantry.map,planner,1,2135,1918,191,191,1949,1918,2,0,1000,True,ht_chantry-random-9.scen,20
60,ht_chantry.map,planner,1,6417,5720,191,191,5885,5720,6,0,0,False,ht_chantry-random-9.scen,60
60,ht_chantry.map,planner,1,6417,5720,191,191,5885,5720,6,0,0,True,ht_chantry-random-9.scen,60
60,ht_chantry.map,planner,1,6417,5720,191,191,5885,5720,5,0,1,False,ht_chantry-random-9.scen,60
60,ht_chantry.map,planner,1,6464,5720,191,191,5910,5720,6,0,1,True,ht_chantry-random-9.scen,60
60,ht_chantry.map,planner,1,6417,5720,191,191,5885,5720,5,0,10,False,ht_chantry-random-9.scen,60
60,ht_chantry.map,planner,1,6464,5720,191,191,5910,5720,5,0,10,True,ht_chantry-random-9.scen,60
60,ht_chantry.map,planner,1,6417,5720,191,191,5885,5720,6,0,100,False,ht_chantry-random-9.scen,60
60,ht_chantry.map,planner,1,6464,5720,191,191,5910,5720,6,0,100,True,ht_chantry-random-9.scen,60
60,ht_chantry.map,planner,1,6417,5720,191,191,5885,5720,5,0,1000,False,ht_chantry-random-9.scen,60
60,ht_chantry.map,planner,1,6464,5720,191,191,5910,5720,6,0,1000,True,ht_chantry-random-9.scen,60
100,ht_chantry.map,planner,1,10870,9618,202,202,10145,9618,10,0,0,False,ht_chantry-random-9.scen,100
100,ht_chantry.map,planner,1,10870,9618,202,202,10145,9618,9,0,0,True,ht_chantry-random-9.scen,100
100,ht_chantry.map,planner,1,10870,9618,202,202,10145,9618,9,0,1,False,ht_chantry-random-9.scen,100
100,ht_chantry.map,planner,1,10822,9618,202,202,10102,9618,10,0,1,True,ht_chantry-random-9.scen,100
100,ht_chantry.map,planner,1,10870,9618,202,202,10145,9618,10,0,10,False,ht_chantry-random-9.scen,100
100,ht_chantry.map,planner,1,10822,9618,202,202,10102,9618,11,0,10,True,ht_chantry-random-9.scen,100
100,ht_chantry.map,planner,1,10870,9618,202,202,10145,9618,9,0,100,False,ht_chantry-random-9.scen,100
100,ht_chantry.map,planner,1,10822,9618,202,202,10102,9618,10,0,100,True,ht_chantry-random-9.scen,100
100,ht_chantry.map,planner,1,10870,9618,202,202,10145,9618,10,0,1000,False,ht_chantry-random-9.scen,100
100,ht_chantry.map,planner,1,10822,9618,202,202,10102,9618,10,0,1000,True,ht_chantry-random-9.scen,100
140,ht_chantry.map,planner,1,15730,13349,202,202,14449,13349,13,0,0,False,ht_chantry-random-9.scen,140
140,ht_chantry.map,planner,1,15730,13349,202,202,14449,13349,14,0,0,True,ht_chantry-random-9.scen,140
140,ht_chantry.map,planner,1,15730,13349,202,202,14449,13349,13,0,1,False,ht_chantry-random-9.scen,140
140,ht_chantry.map,planner,1,15377,13349,202,202,14201,13349,15,0,1,True,ht_chantry-random-9.scen,140
140,ht_chantry.map,planner,1,15730,13349,202,202,14449,13349,15,0,10,False,ht_chantry-random-9.scen,140
140,ht_chantry.map,planner,1,15377,13349,202,202,14201,13349,16,0,10,True,ht_chantry-random-9.scen,140
140,ht_chantry.map,planner,1,15730,13349,202,202,14449,13349,14,0,100,False,ht_chantry-random-9.scen,140
140,ht_chantry.map,planner,1,15377,13349,202,202,14201,13349,15,0,100,True,ht_chantry-random-9.scen,140
140,ht_chantry.map,planner,1,15730,13349,202,202,14449,13349,15,0,1000,False,ht_chantry-random-9.scen,140
140,ht_chantry.map,planner,1,15377,13349,202,202,14201,13349,14,0,1000,True,ht_chantry-random-9.scen,140
180,ht_chantry.map,planner,1,21602,17502,202,202,19205,17502,20,0,0,False,ht_chantry-random-9.scen,180
180,ht_chantry.map,planner,1,21602,17502,202,202,19205,17502,19,0,0,True,ht_chantry-random-9.scen,180
180,ht_chantry.map,planner,1,21602,17502,202,202,19205,17502,20,0,1,False,ht_chantry-random-9.scen,180
180,ht_chantry.map,planner,1,20828,17502,202,202,18823,17502,24,0,1,True,ht_chantry-random-9.scen,180
180,ht_chantry.map,planner,1,21602,17502,202,202,19205,17502,20,0,10,False,ht_chantry-random-9.scen,180
180,ht_chantry.map,planner,1,20828,17502,202,202,18823,17502,24,0,10,True,ht_chantry-random-9.scen,180
180,ht_chantry.map,planner,1,21602,17502,202,202,19205,17502,18,0,100,False,ht_chantry-random-9.scen,180
180,ht_chantry.map,planner,1,20828,17502,202,202,18823,17502,22,0,100,True,ht_chantry-random-9.scen,180
180,ht_chantry.map,planner,1,21602,17502,202,202,19205,17502,18,0,1000,False,ht_chantry-random-9.scen,180
180,ht_chantry.map,planner,1,20828,17502,202,202,18823,17502,24,0,1000,True,ht_chantry-random-9.scen,180
220,ht_chantry.map,planner,1,26290,21063,202,202,23214,21063,24,0,0,False,ht_chantry-random-9.scen,220
220,ht_chantry.map,planner,1,26290,21063,202,202,23214,21063,24,0,0,True,ht_chantry-random-9.scen,220
220,ht_chantry.map,planner,1,26290,21063,202,202,23214,21063,24,0,1,False,ht_chantry-random-9.scen,220
220,ht_chantry.map,planner,1,25440,21063,202,202,22740,21063,44,0,1,True,ht_chantry-random-9.scen,220
220,ht_chantry.map,planner,1,26290,21063,202,202,23214,21063,22,0,10,False,ht_chantry-random-9.scen,220
220,ht_chantry.map,planner,1,25737,21063,204,202,22659,21063,74,0,10,True,ht_chantry-random-9.scen,220
220,ht_chantry.map,planner,1,26290,21063,202,202,23214,21063,24,0,100,False,ht_chantry-random-9.scen,220
220,ht_chantry.map,planner,1,26004,21063,202,202,22719,21063,400,0,100,True,ht_chantry-random-9.scen,220
220,ht_chantry.map,planner,1,26290,21063,202,202,23214,21063,24,0,1000,False,ht_chantry-random-9.scen,220
220,ht_chantry.map,planner,1,25786,21063,202,202,22782,21063,3191,0,1000,True,ht_chantry-random-9.scen,220
260,ht_chantry.map,planner,1,31417,24946,202,202,27609,24946,31,0,0,False,ht_chantry-random-9.scen,260
260,ht_chantry.map,planner,1,31417,24946,202,202,27609,24946,28,0,0,True,ht_chantry-random-9.scen,260
260,ht_chantry.map,planner,1,31417,24946,202,202,27609,24946,28,0,1,False,ht_chantry-random-9.scen,260
260,ht_chantry.map,planner,1,30669,24946,202,202,26936,24946,48,0,1,True,ht_chantry-random-9.scen,260
260,ht_chantry.map,planner,1,31417,24946,202,202,27609,24946,29,0,10,False,ht_chantry-random-9.scen,260
260,ht_chantry.map,planner,1,30444,24946,202,202,26945,24946,82,0,10,True,ht_chantry-random-9.scen,260
260,ht_chantry.map,planner,1,31417,24946,202,202,27609,24946,28,0,100,False,ht_chantry-random-9.scen,260
260,ht_chantry.map,planner,1,30212,24946,202,202,26904,24946,437,0,100,True,ht_chantry-random-9.scen,260
260,ht_chantry.map,planner,1,31417,24946,202,202,27609,24946,30,0,1000,False,ht_chantry-random-9.scen,260
260,ht_chantry.map,planner,1,30722,24946,204,202,26981,24946,952,0,1000,True,ht_chantry-random-9.scen,260
300,ht_chantry.map,planner,1,37749,28996,202,202,32711,28996,33,0,0,False,ht_chantry-random-9.scen,300
300,ht_chantry.map,planner,1,37749,28996,202,202,32711,28996,35,0,0,True,ht_chantry-random-9.scen,300
300,ht_chantry.map,planner,1,37749,28996,202,202,32711,28996,33,0,1,False,ht_chantry-random-9.scen,300
300,ht_chantry.map,planner,1,36635,28996,203,202,31665,28996,75,0,1,True,ht_chantry-random-9.scen,300
300,ht_chantry.map,planner,1,37749,28996,202,202,32711,28996,34,0,10,False,ht_chantry-random-9.scen,300
300,ht_chantry.map,planner,1,36385,28996,202,202,31510,28996,198,0,10,True,ht_chantry-random-9.scen,300
300,ht_chantry.map,planner,1,37749,28996,202,202,32711,28996,32,0,100,False,ht_chantry-random-9.scen,300
300,ht_chantry.map,planner,1,36784,28996,202,202,31618,28996,1748,0,100,True,ht_chantry-random-9.scen,300
300,ht_chantry.map,planner,1,37749,28996,202,202,32711,28996,34,0,1000,False,ht_chantry-random-9.scen,300
300,ht_chantry.map,planner,1,36746,28996,202,202,31583,28996,7734,0,1000,True,ht_chantry-random-9.scen,300
340,ht_chantry.map,planner,1,43604,32390,202,202,37279,32390,37,0,0,False,ht_chantry-random-9.scen,340
340,ht_chantry.map,planner,1,43604,32390,202,202,37279,32390,38,0,0,True,ht_chantry-random-9.scen,340
340,ht_chantry.map,planner,1,43604,32390,202,202,37279,32390,38,0,1,False,ht_chantry-random-9.scen,340
340,ht_chantry.map,planner,1,41999,32390,202,202,36055,32390,99,0,1,True,ht_chantry-random-9.scen,340
340,ht_chantry.map,planner,1,43604,32390,202,202,37279,32390,38,0,10,False,ht_chantry-random-9.scen,340
340,ht_chantry.map,planner,1,42156,32390,202,202,36199,32390,506,0,10,True,ht_chantry-random-9.scen,340
340,ht_chantry.map,planner,1,43604,32390,202,202,37279,32390,37,0,100,False,ht_chantry-random-9.scen,340
340,ht_chantry.map,planner,1,41874,32390,202,202,35815,32390,3358,0,100,True,ht_chantry-random-9.scen,340
340,ht_chantry.map,planner,1,43604,32390,202,202,37279,32390,33,0,1000,False,ht_chantry-random-9.scen,340
340,ht_chantry.map,planner,1,41669,32390,203,202,35764,32390,26246,0,1000,True,ht_chantry-random-9.scen,340
380,ht_chantry.map,planner,1,49543,36103,209,202,41971,36103,44,0,0,False,ht_chantry-random-9.scen,380
380,ht_chantry.map,planner,1,49543,36103,209,202,41971,36103,44,0,0,True,ht_chantry-random-9.scen,380
380,ht_chantry.map,planner,1,49543,36103,209,202,41971,36103,45,0,1,False,ht_chantry-random-9.scen,380
380,ht_chantry.map,planner,1,47919,36103,202,202,40683,36103,109,0,1,True,ht_chantry-random-9.scen,380
380,ht_chantry.map,planner,1,49543,36103,209,202,41971,36103,41,0,10,False,ht_chantry-random-9.scen,380
380,ht_chantry.map,planner,1,47328,36103,212,202,40441,36103,524,0,10,True,ht_chantry-random-9.scen,380
380,ht_chantry.map,planner,1,49543,36103,209,202,41971,36103,44,0,100,False,ht_chantry-random-9.scen,380
380,ht_chantry.map,planner,1,47770,36103,202,202,40485,36103,5202,0,100,True,ht_chantry-random-9.scen,380
380,ht_chantry.map,planner,1,49543,36103,209,202,41971,36103,44,0,1000,False,ht_chantry-random-9.scen,380
380,ht_chantry.map,planner,1,46875,36103,202,202,40265,36103,47882,0,1000,True,ht_chantry-random-9.scen,380
420,ht_chantry.map,planner,1,56318,39975,205,202,47337,39975,49,0,0,False,ht_chantry-random-9.scen,420
420,ht_chantry.map,planner,1,56318,39975,205,202,47337,39975,49,0,0,True,ht_chantry-random-9.scen,420
420,ht_chantry.map,planner,1,56318,39975,205,202,47337,39975,51,0,1,False,ht_chantry-random-9.scen,420
420,ht_chantry.map,planner,1,53660,39975,203,202,45760,39975,129,0,1,True,ht_chantry-random-9.scen,420
420,ht_chantry.map,planner,1,56318,39975,205,202,47337,39975,51,0,10,False,ht_chantry-random-9.scen,420
420,ht_chantry.map,planner,1,53799,39975,202,202,46074,39975,806,0,10,True,ht_chantry-random-9.scen,420
420,ht_chantry.map,planner,1,56318,39975,205,202,47337,39975,49,0,100,False,ht_chantry-random-9.scen,420
420,ht_chantry.map,planner,1,53471,39975,206,202,45268,39975,6411,0,100,True,ht_chantry-random-9.scen,420
420,ht_chantry.map,planner,1,56318,39975,205,202,47337,39975,47,0,1000,False,ht_chantry-random-9.scen,420
460,ht_chantry.map,planner,1,63751,44219,204,202,53833,44219,53,0,0,False,ht_chantry-random-9.scen,460
460,ht_chantry.map,planner,1,63751,44219,204,202,53833,44219,54,0,0,True,ht_chantry-random-9.scen,460
460,ht_chantry.map,planner,1,63751,44219,204,202,53833,44219,55,0,1,False,ht_chantry-random-9.scen,460
460,ht_chantry.map,planner,1,60148,44219,205,202,52197,44219,151,0,1,True,ht_chantry-random-9.scen,460
460,ht_chantry.map,planner,1,63751,44219,204,202,53833,44219,50,0,10,False,ht_chantry-random-9.scen,460
460,ht_chantry.map,planner,1,60038,44219,202,202,51129,44219,844,0,10,True,ht_chantry-random-9.scen,460
460,ht_chantry.map,planner,1,63751,44219,204,202,53833,44219,55,0,100,False,ht_chantry-random-9.scen,460
460,ht_chantry.map,planner,1,60783,44219,209,202,51915,44219,7938,0,100,True,ht_chantry-random-9.scen,460
460,ht_chantry.map,planner,1,63751,44219,204,202,53833,44219,54,0,1000,False,ht_chantry-random-9.scen,460
500,ht_chantry.map,planner,1,69783,48273,210,202,59013,48273,60,0,0,False,ht_chantry-random-9.scen,500
500,ht_chantry.map,planner,1,69783,48273,210,202,59013,48273,60,0,0,True,ht_chantry-random-9.scen,500
500,ht_chantry.map,planner,1,69783,48273,210,202,59013,48273,62,0,1,False,ht_chantry-random-9.scen,500
500,ht_chantry.map,planner,1,66769,48273,225,202,57331,48273,170,0,1,True,ht_chantry-random-9.scen,500
500,ht_chantry.map,planner,1,69783,48273,210,202,59013,48273,58,0,10,False,ht_chantry-random-9.scen,500
500,ht_chantry.map,planner,1,67193,48273,219,202,57235,48273,997,0,10,True,ht_chantry-random-9.scen,500
500,ht_chantry.map,planner,1,69783,48273,210,202,59013,48273,61,0,100,False,ht_chantry-random-9.scen,500
500,ht_chantry.map,planner,1,65134,48273,226,202,56131,48273,8317,0,100,True,ht_chantry-random-9.scen,500
500,ht_chantry.map,planner,1,69783,48273,210,202,59013,48273,60,0,1000,False,ht_chantry-random-9.scen,500
540,ht_chantry.map,planner,1,78013,51516,214,202,64671,51516,69,0,0,False,ht_chantry-random-9.scen,540
540,ht_chantry.map,planner,1,78013,51516,214,202,64671,51516,70,0,0,True,ht_chantry-random-9.scen,540
540,ht_chantry.map,planner,1,78013,51516,214,202,64671,51516,64,0,1,False,ht_chantry-random-9.scen,540
540,ht_chantry.map,planner,1,72518,51516,209,202,62006,51516,168,0,1,True,ht_chantry-random-9.scen,540
540,ht_chantry.map,planner,1,78013,51516,214,202,64671,51516,67,0,10,False,ht_chantry-random-9.scen,540
540,ht_chantry.map,planner,1,74861,51516,239,202,63463,51516,1105,0,10,True,ht_chantry-random-9.scen,540
540,ht_chantry.map,planner,1,78013,51516,214,202,64671,51516,65,0,100,False,ht_chantry-random-9.scen,540
540,ht_chantry.map,planner,1,73402,51516,219,202,61702,51516,9224,0,100,True,ht_chantry-random-9.scen,540
540,ht_chantry.map,planner,1,78013,51516,214,202,64671,51516,66,0,1000,False,ht_chantry-random-9.scen,540
580,ht_chantry.map,planner,1,86459,55384,230,202,71007,55384,77,0,0,False,ht_chantry-random-9.scen,580
580,ht_chantry.map,planner,1,86459,55384,230,202,71007,55384,82,0,0,True,ht_chantry-random-9.scen,580
580,ht_chantry.map,planner,1,86459,55384,230,202,71007,55384,76,0,1,False,ht_chantry-random-9.scen,580
580,ht_chantry.map,planner,1,81774,55384,220,202,69502,55384,205,0,1,True,ht_chantry-random-9.scen,580
580,ht_chantry.map,planner,1,86459,55384,230,202,71007,55384,76,0,10,False,ht_chantry-random-9.scen,580
580,ht_chantry.map,planner,1,80345,55384,225,202,67922,55384,1149,0,10,True,ht_chantry-random-9.scen,580
580,ht_chantry.map,planner,1,86459,55384,230,202,71007,55384,78,0,100,False,ht_chantry-random-9.scen,580
580,ht_chantry.map,planner,1,79666,55384,219,202,67994,55384,9773,0,100,True,ht_chantry-random-9.scen,580
580,ht_chantry.map,planner,1,86459,55384,230,202,71007,55384,76,0,1000,False,ht_chantry-random-9.scen,580
20,ht_chantry.map,planner,1,2180,2138,183,183,2155,2138,2,0,0,False,ht_chantry-random-13.scen,20
20,ht_chantry.map,planner,1,2180,2138,183,183,2155,2138,2,0,0,True,ht_chantry-random-13.scen,20
20,ht_chantry.map,planner,1,2180,2138,183,183,2155,2138,2,0,1,False,ht_chantry-random-13.scen,20
20,ht_chantry.map,planner,1,2180,2138,183,183,2155,2138,2,0,1,True,ht_chantry-random-13.scen,20
20,ht_chantry.map,planner,1,2180,2138,183,183,2155,2138,2,0,10,False,ht_chantry-random-13.scen,20
20,ht_chantry.map,planner,1,2180,2138,183,183,2155,2138,2,0,10,True,ht_chantry-random-13.scen,20
20,ht_chantry.map,planner,1,2180,2138,183,183,2155,2138,2,0,100,False,ht_chantry-random-13.scen,20
20,ht_chantry.map,planner,1,2180,2138,183,183,2155,2138,2,0,100,True,ht_chantry-random-13.scen,20
20,ht_chantry.map,planner,1,2180,2138,183,183,2155,2138,2,0,1000,False,ht_chantry-random-13.scen,20
20,ht_chantry.map,planner,1,2180,2138,183,183,2155,2138,2,0,1000,True,ht_chantry-random-13.scen,20
60,ht_chantry.map,planner,1,6876,6253,199,199,6598,6253,6,0,0,False,ht_chantry-random-13.scen,60
60,ht_chantry.map,planner,1,6876,6253,199,199,6598,6253,6,0,0,True,ht_chantry-random-13.scen,60
60,ht_chantry.map,planner,1,6876,6253,199,199,6598,6253,6,0,1,False,ht_chantry-random-13.scen,60
60,ht_chantry.map,planner,1,6841,6253,199,199,6616,6253,6,0,1,True,ht_chantry-random-13.scen,60
60,ht_chantry.map,planner,1,6876,6253,199,199,6598,6253,6,0,10,False,ht_chantry-random-13.scen,60
60,ht_chantry.map,planner,1,6841,6253,199,199,6616,6253,6,0,10,True,ht_chantry-random-13.scen,60
60,ht_chantry.map,planner,1,6876,6253,199,199,6598,6253,6,0,100,False,ht_chantry-random-13.scen,60
60,ht_chantry.map,planner,1,6841,6253,199,199,6616,6253,6,0,100,True,ht_chantry-random-13.scen,60
60,ht_chantry.map,planner,1,6876,6253,199,199,6598,6253,6,0,1000,False,ht_chantry-random-13.scen,60
60,ht_chantry.map,planner,1,6841,6253,199,199,6616,6253,6,0,1000,True,ht_chantry-random-13.scen,60
100,ht_chantry.map,planner,1,11732,10314,201,199,11120,10314,10,0,0,False,ht_chantry-random-13.scen,100
100,ht_chantry.map,planner,1,11732,10314,201,199,11120,10314,10,0,0,True,ht_chantry-random-13.scen,100
100,ht_chantry.map,planner,1,11732,10314,201,199,11120,10314,10,0,1,False,ht_chantry-random-13.scen,100
100,ht_chantry.map,planner,1,11838,10314,203,199,11114,10314,12,0,1,True,ht_chantry-random-13.scen,100
100,ht_chantry.map,planner,1,11732,10314,201,199,11120,10314,11,0,10,False,ht_chantry-random-13.scen,100
100,ht_chantry.map,planner,1,11838,10314,203,199,11114,10314,10,0,10,True,ht_chantry-random-13.scen,100
100,ht_chantry.map,planner,1,11732,10314,201,199,11120,10314,10,0,100,False,ht_chantry-random-13.scen,100
100,ht_chantry.map,planner,1,11838,10314,203,199,11114,10314,10,0,100,True,ht_chantry-random-13.scen,100
100,ht_chantry.map,planner,1,11732,10314,201,199,11120,10314,10,0,1000,False,ht_chantry-random-13.scen,100
100,ht_chantry.map,planner,1,11838,10314,203,199,11114,10314,11,0,1000,True,ht_chantry-random-13.scen,100
140,ht_chantry.map,planner,1,16930,13995,205,199,15604,13995,15,0,0,False,ht_chantry-random-13.scen,140
140,ht_chantry.map,planner,1,16930,13995,205,199,15604,13995,15,0,0,True,ht_chantry-random-13.scen,140
140,ht_chantry.map,planner,1,16930,13995,205,199,15604,13995,14,0,1,False,ht_chantry-random-13.scen,140
140,ht_chantry.map,planner,1,16402,13995,207,199,15100,13995,18,0,1,True,ht_chantry-random-13.scen,140
140,ht_chantry.map,planner,1,16930,13995,205,199,15604,13995,14,0,10,False,ht_chantry-random-13.scen,140
140,ht_chantry.map,planner,1,16402,13995,207,199,15100,13995,19,0,10,True,ht_chantry-random-13.scen,140
140,ht_chantry.map,planner,1,16930,13995,205,199,15604,13995,14,0,100,False,ht_chantry-random-13.scen,140
140,ht_chantry.map,planner,1,16402,13995,207,199,15100,13995,19,0,100,True,ht_chantry-random-13.scen,140
140,ht_chantry.map,planner,1,16930,13995,205,199,15604,13995,14,0,1000,False,ht_chantry-random-13.scen,140
140,ht_chantry.map,planner,1,16402,13995,207,199,15100,13995,19,0,1000,True,ht_chantry-random-13.scen,140
180,ht_chantry.map,planner,1,23456,18760,203,202,21291,18760,22,0,0,False,ht_chantry-random-13.scen,180
180,ht_chantry.map,planner,1,23456,18760,203,202,21291,18760,22,0,0,True,ht_chantry-random-13.scen,180
180,ht_chantry.map,planner,1,23456,18760,203,202,21291,18760,20,0,1,False,ht_chantry-random-13.scen,180
180,ht_chantry.map,planner,1,22343,18760,205,202,20608,18760,45,0,1,True,ht_chantry-random-13.scen,180
180,ht_chantry.map,planner,1,23456,18760,203,202,21291,18760,21,0,10,False,ht_chantry-random-13.scen,180
180,ht_chantry.map,planner,1,22385,18760,210,202,20581,18760,86,0,10,True,ht_chantry-random-13.scen,180
180,ht_chantry.map,planner,1,23456,18760,203,202,21291,18760,20,0,100,False,ht_chantry-random-13.scen,180
180,ht_chantry.map,planner,1,22198,18760,209,202,20507,18760,163,0,100,True,ht_chantry-random-13.scen,180
180,ht_chantry.map,planner,1,23456,18760,203,202,21291,18760,20,0,1000,False,ht_chantry-random-13.scen,180
180,ht_chantry.map,planner,1,22198,18760,209,202,20507,18760,163,0,1000,True,ht_chantry-random-13.scen,180
220,ht_chantry.map,planner,1,28404,22569,204,202,25733,22569,24,0,0,False,ht_chantry-random-13.scen,220
220,ht_chantry.map,planner,1,28404,22569,204,202,25733,22569,26,0,0,True,ht_chantry-random-13.scen,220
220,ht_chantry.map,planner,1,28404,22569,204,202,25733,22569,26,0,1,False,ht_chantry-random-13.scen,220
220,ht_chantry.map,planner,1,26845,22569,209,202,24767,22569,58,0,1,True,ht_chantry-random-13.scen,220
220,ht_chantry.map,planner,1,28404,22569,204,202,25733,22569,24,0,10,False,ht_chantry-random-13.scen,220
220,ht_chantry.map,planner,1,27060,22569,211,202,24735,22569,190,0,10,True,ht_chantry-random-13.scen,220
220,ht_chantry.map,planner,1,28404,22569,204,202,25733,22569,26,0,100,False,ht_chantry-random-13.scen,220
220,ht_chantry.map,planner,1,26497,22569,207,202,24660,22569,564,0,100,True,ht_chantry-random-13.scen,220
220,ht_chantry.map,planner,1,28404,22569,204,202,25733,22569,27,0,1000,False,ht_chantry-random-13.scen,220
220,ht_chantry.map,planner,1,27310,22569,206,202,24717,22569,1749,0,1000,True,ht_chantry-random-13.scen,220
260,ht_chantry.map,planner,1,34459,26571,204,202,30762,26571,31,0,0,False,ht_chantry-random-13.scen,260
260,ht_chantry.map,planner,1,34459,26571,204,202,30762,26571,33,0,0,True,ht_chantry-random-13.scen,260
260,ht_chantry.map,planner,1,34459,26571,204,202,30762,26571,31,0,1,False,ht_chantry-random-13.scen,260
260,ht_chantry.map,planner,1,32798,26571,206,202,29672,26571,77,0,1,True,ht_chantry-random-13.scen,260
260,ht_chantry.map,planner,1,34459,26571,204,202,30762,26571,32,0,10,False,ht_chantry-random-13.scen,260
260,ht_chantry.map,planner,1,33139,26571,206,202,29487,26571,306,0,10,True,ht_chantry-random-13.scen,260
260,ht_chantry.map,planner,1,34459,26571,204,202,30762,26571,29,0,100,False,ht_chantry-random-13.scen,260
260,ht_chantry.map,planner,1,32823,26571,208,202,29446,26571,2278,0,100,True,ht_chantry-random-13.scen,260
260,ht_chantry.map,planner,1,34459,26571,204,202,30762,26571,32,0,1000,False,ht_chantry-random-13.scen,260
260,ht_chantry.map,planner,1,32694,26571,215,202,29283,26571,14195,0,1000,True,ht_chantry-random-13.scen,260
300,ht_chantry.map,planner,1,40807,30652,218,202,36066,30652,35,0,0,False,ht_chantry-random-13.scen,300
300,ht_chantry.map,planner,1,40807,30652,218,202,36066,30652,36,0,0,True,ht_chantry-random-13.scen,300
300,ht_chantry.map,planner,1,40807,30652,218,202,36066,30652,38,0,1,False,ht_chantry-random-13.scen,300
300,ht_chantry.map,planner,1,39080,30652,203,202,35028,30652,102,0,1,True,ht_chantry-random-13.scen,300
300,ht_chantry.map,planner,1,40807,30652,218,202,36066,30652,38,0,10,False,ht_chantry-random-13.scen,300
300,ht_chantry.map,planner,1,38929,30652,204,202,34562,30652,507,0,10,True,ht_chantry-random-13.scen,300
300,ht_chantry.map,planner,1,40807,30652,218,202,36066,30652,38,0,100,False,ht_chantry-random-13.scen,300
300,ht_chantry.map,planner,1,38385,30652,205,202,34389,30652,4061,0,100,True,ht_chantry-random-13.scen,300
300,ht_chantry.map,planner,1,40807,30652,218,202,36066,30652,36,0,1000,False,ht_chantry-random-13.scen,300
300,ht_chantry.map,planner,1,38866,30652,202,202,34295,30652,33393,0,1000,True,ht_chantry-random-13.scen,300
340,ht_chantry.map,planner,1,46198,33761,202,202,39894,33761,40,0,0,False,ht_chantry-random-13.scen,340
340,ht_chantry.map,planner,1,46198,33761,202,202,39894,33761,42,0,0,True,ht_chantry-random-13.scen,340
340,ht_chantry.map,planner,1,46198,33761,202,202,39894,33761,40,0,1,False,ht_chantry-random-13.scen,340
340,ht_chantry.map,planner,1,43711,33761,210,202,38591,33761,117,0,1,True,ht_chantry-random-13.scen,340
340,ht_chantry.map,planner,1,46198,33761,202,202,39894,33761,39,0,10,False,ht_chantry-random-13.scen,340
340,ht_chantry.map,planner,1,43490,33761,207,202,38241,33761,538,0,10,True,ht_chantry-random-13.scen,340
340,ht_chantry.map,planner,1,46198,33761,202,202,39894,33761,40,0,100,False,ht_chantry-random-13.scen,340
340,ht_chantry.map,planner,1,42382,33761,212,202,37684,33761,4154,0,100,True,ht_chantry-random-13.scen,340
340,ht_chantry.map,planner,1,46198,33761,202,202,39894,33761,41,0,1000,False,ht_chantry-random-13.scen,340
340,ht_chantry.map,planner,1,43089,33761,214,202,37561,33761,26834,0,1000,True,ht_chantry-random-13.scen,340
380,ht_chantry.map,planner,1,52236,37999,218,202,45504,37999,44,0,0,False,ht_chantry-random-13.scen,380
380,ht_chantry.map,planner,1,52236,37999,218,202,45504,37999,48,0,0,True,ht_chantry-random-13.scen,380
380,ht_chantry.map,planner,1,52236,37999,218,202,45504,37999,49,0,1,False,ht_chantry-random-13.scen,380
380,ht_chantry.map,planner,1,50082,37999,211,202,43774,37999,125,0,1,True,ht_chantry-random-13.scen,380
380,ht_chantry.map,planner,1,52236,37999,218,202,45504,37999,48,0,10,False,ht_chantry-random-13.scen,380
380,ht_chantry.map,planner,1,48915,37999,207,202,43144,37999,669,0,10,True,ht_chantry-random-13.scen,380
380,ht_chantry.map,planner,1,52236,37999,218,202,45504,37999,46,0,100,False,ht_chantry-random-13.scen,380
380,ht_chantry.map,planner,1,48755,37999,211,202,43116,37999,5190,0,100,True,ht_chantry-random-13.scen,380
380,ht_chantry.map,planner,1,52236,37999,218,202,45504,37999,46,0,1000,False,ht_chantry-random-13.scen,380
380,ht_chantry.map,planner,1,49386,37999,217,202,42996,37999,46991,0,1000,True,ht_chantry-random-13.scen,380
420,ht_chantry.map,planner,1,59906,41828,204,202,51144,41828,53,0,0,False,ht_chantry-random-13.scen,420
420,ht_chantry.map,planner,1,59906,41828,204,202,51144,41828,53,0,0,True,ht_chantry-random-13.scen,420
420,ht_chantry.map,planner,1,59906,41828,204,202,51144,41828,50,0,1,False,ht_chantry-random-13.scen,420
420,ht_chantry.map,planner,1,55821,41828,212,202,48907,41828,148,0,1,True,ht_chantry-random-13.scen,420
420,ht_chantry.map,planner,1,59906,41828,204,202,51144,41828,52,0,10,False,ht_chantry-random-13.scen,420
420,ht_chantry.map,planner,1,55731,41828,216,202,48776,41828,873,0,10,True,ht_chantry-random-13.scen,420
420,ht_chantry.map,planner,1,59906,41828,204,202,51144,41828,46,0,100,False,ht_chantry-random-13.scen,420
420,ht_chantry.map,planner,1,55487,41828,212,202,47815,41828,6648,0,100,True,ht_chantry-random-13.scen,420
420,ht_chantry.map,planner,1,59906,41828,204,202,51144,41828,48,0,1000,False,ht_chantry-random-13.scen,420
460,ht_chantry.map,planner,1,65126,45615,207,202,55861,45615,52,0,0,False,ht_chantry-random-13.scen,460
460,ht_chantry.map,planner,1,65126,45615,207,202,55861,45615,60,0,0,True,ht_chantry-random-13.scen,460
460,ht_chantry.map,planner,1,65126,45615,207,202,55861,45615,54,0,1,False,ht_chantry-random-13.scen,460
460,ht_chantry.map,planner,1,62456,45615,220,202,54354,45615,159,0,1,True,ht_chantry-random-13.scen,460
460,ht_chantry.map,planner,1,65126,45615,207,202,55861,45615,54,0,10,False,ht_chantry-random-13.scen,460
460,ht_chantry.map,planner,1,61894,45615,209,202,54213,45615,942,0,10,True,ht_chantry-random-13.scen,460
460,ht_chantry.map,planner,1,65126,45615,207,202,55861,45615,58,0,100,False,ht_chantry-random-13.scen,460
460,ht_chantry.map,planner,1,61358,45615,209,202,53182,45615,8042,0,100,True,ht_chantry-random-13.scen,460
460,ht_chantry.map,planner,1,65126,45615,207,202,55861,45615,53,0,1000,False,ht_chantry-random-13.scen,460
500,ht_chantry.map,planner,1,72270,49911,206,202,61821,49911,59,0,0,False,ht_chantry-random-13.scen,500
500,ht_chantry.map,planner,1,72270,49911,206,202,61821,49911,65,0,0,True,ht_chantry-random-13.scen,500
500,ht_chantry.map,planner,1,72270,49911,206,202,61821,49911,61,0,1,False,ht_chantry-random-13.scen,500
500,ht_chantry.map,planner,1,70472,49911,214,202,60953,49911,180,0,1,True,ht_chantry-random-13.scen,500
500,ht_chantry.map,planner,1,72270,49911,206,202,61821,49911,61,0,10,False,ht_chantry-random-13.scen,500
500,ht_chantry.map,planner,1,68500,49911,216,202,60169,49911,1094,0,10,True,ht_chantry-random-13.scen,500
500,ht_chantry.map,planner,1,72270,49911,206,202,61821,49911,63,0,100,False,ht_chantry-random-13.scen,500
500,ht_chantry.map,planner,1,68471,49911,212,202,59380,49911,9315,0,100,True,ht_chantry-random-13.scen,500
500,ht_chantry.map,planner,1,72270,49911,206,202,61821,49911,61,0,1000,False,ht_chantry-random-13.scen,500
540,ht_chantry.map,planner,1,81562,53285,230,202,69061,53285,60,0,0,False,ht_chantry-random-13.scen,540
540,ht_chantry.map,planner,1,81562,53285,230,202,69061,53285,74,0,0,True,ht_chantry-random-13.scen,540
540,ht_chantry.map,planner,1,81562,53285,230,202,69061,53285,65,0,1,False,ht_chantry-random-13.scen,540
540,ht_chantry.map,planner,1,77786,53285,230,202,66081,53285,188,0,1,True,ht_chantry-random-13.scen,540
540,ht_chantry.map,planner,1,81562,53285,230,202,69061,53285,69,0,10,False,ht_chantry-random-13.scen,540
540,ht_chantry.map,planner,1,76958,53285,223,202,65522,53285,1212,0,10,True,ht_chantry-random-13.scen,540
540,ht_chantry.map,planner,1,81562,53285,230,202,69061,53285,67,0,100,False,ht_chantry-random-13.scen,540
540,ht_chantry.map,planner,1,76133,53285,223,202,64983,53285,10292,0,100,True,ht_chantry-random-13.scen,540
540,ht_chantry.map,planner,1,81562,53285,230,202,69061,53285,71,0,1000,False,ht_chantry-random-13.scen,540
580,ht_chantry.map,planner,1,89072,57134,218,202,74251,57134,74,0,0,False,ht_chantry-random-13.scen,580
580,ht_chantry.map,planner,1,89072,57134,218,202,74251,57134,82,0,0,True,ht_chantry-random-13.scen,580
580,ht_chantry.map,planner,1,89072,57134,218,202,74251,57134,73,0,1,False,ht_chantry-random-13.scen,580
580,ht_chantry.map,planner,1,86660,57134,232,202,73233,57134,207,0,1,True,ht_chantry-random-13.scen,580
580,ht_chantry.map,planner,1,89072,57134,218,202,74251,57134,77,0,10,False,ht_chantry-random-13.scen,580
580,ht_chantry.map,planner,1,83762,57134,216,202,71214,57134,1235,0,10,True,ht_chantry-random-13.scen,580
580,ht_chantry.map,planner,1,89072,57134,218,202,74251,57134,70,0,100,False,ht_chantry-random-13.scen,580
580,ht_chantry.map,planner,1,84509,57134,213,202,71567,57134,11285,0,100,True,ht_chantry-random-13.scen,580
580,ht_chantry.map,planner,1,89072,57134,218,202,74251,57134,75,0,1000,False,ht_chantry-random-13.scen,580
20,ht_chantry.map,planner,1,1923,1883,163,163,1923,1883,2,0,0,False,ht_chantry-random-21.scen,20
20,ht_chantry.map,planner,1,1923,1883,163,163,1923,1883,2,0,0,True,ht_chantry-random-21.scen,20
20,ht_chantry.map,planner,1,1923,1883,163,163,1923,1883,2,0,1,False,ht_chantry-random-21.scen,20
20,ht_chantry.map,planner,1,1923,1883,163,163,1923,1883,2,0,1,True,ht_chantry-random-21.scen,20
20,ht_chantry.map,planner,1,1923,1883,163,163,1923,1883,2,0,10,False,ht_chantry-random-21.scen,20
20,ht_chantry.map,planner,1,1923,1883,163,163,1923,1883,2,0,10,True,ht_chantry-random-21.scen,20
20,ht_chantry.map,planner,1,1923,1883,163,163,1923,1883,2,0,100,False,ht_chantry-random-21.scen,20
20,ht_chantry.map,planner,1,1923,1883,163,163,1923,1883,2,0,100,True,ht_chantry-random-21.scen,20
20,ht_chantry.map,planner,1,1923,1883,163,163,1923,1883,2,0,1000,False,ht_chantry-random-21.scen,20
20,ht_chantry.map,planner,1,1923,1883,163,163,1923,1883,2,0,1000,True,ht_chantry-random-21.scen,20
60,ht_chantry.map,planner,1,5834,5361,179,179,5497,5361,5,0,0,False,ht_chantry-random-21.scen,60
60,ht_chantry.map,planner,1,5834,5361,179,179,5497,5361,5,0,0,True,ht_chantry-random-21.scen,60
60,ht_chantry.map,planner,1,5834,5361,179,179,5497,5361,5,0,1,False,ht_chantry-random-21.scen,60
60,ht_chantry.map,planner,1,5784,5361,179,179,5513,5361,5,0,1,True,ht_chantry-random-21.scen,60
60,ht_chantry.map,planner,1,5834,5361,179,179,5497,5361,5,0,10,False,ht_chantry-random-21.scen,60
60,ht_chantry.map,planner,1,5784,5361,179,179,5513,5361,5,0,10,True,ht_chantry-random-21.scen,60
60,ht_chantry.map,planner,1,5834,5361,179,179,5497,5361,5,0,100,False,ht_chantry-random-21.scen,60
60,ht_chantry.map,planner,1,5784,5361,179,179,5513,5361,5,0,100,True,ht_chantry-random-21.scen,60
60,ht_chantry.map,planner,1,5834,5361,179,179,5497,5361,5,0,1000,False,ht_chantry-random-21.scen,60
60,ht_chantry.map,planner,1,5784,5361,179,179,5513,5361,5,0,1000,True,ht_chantry-random-21.scen,60
100,ht_chantry.map,planner,1,10480,9090,179,179,9670,9090,10,0,0,False,ht_chantry-random-21.scen,100
100,ht_chantry.map,planner,1,10480,9090,179,179,9670,9090,10,0,0,True,ht_chantry-random-21.scen,100
100,ht_chantry.map,planner,1,10480,9090,179,179,9670,9090,9,0,1,False,ht_chantry-random-21.scen,100
100,ht_chantry.map,planner,1,10403,9090,180,179,9474,9090,9,0,1,True,ht_chantry-random-21.scen,100
100,ht_chantry.map,planner,1,10480,9090,179,179,9670,9090,9,0,10,False,ht_chantry-random-21.scen,100
100,ht_chantry.map,planner,1,10403,9090,180,179,9474,9090,9,0,10,True,ht_chantry-random-21.scen,100
100,ht_chantry.map,planner,1,10480,9090,179,179,9670,9090,9,0,100,False,ht_chantry-random-21.scen,100
100,ht_chantry.map,planner,1,10403,9090,180,179,9474,9090,9,0,100,True,ht_chantry-random-21.scen,100
100,ht_chantry.map,planner,1,10480,9090,179,179,9670,9090,10,0,1000,False,ht_chantry-random-21.scen,100
100,ht_chantry.map,planner,1,10403,9090,180,179,9474,9090,10,0,1000,True,ht_chantry-random-21.scen,100
140,ht_chantry.map,planner,1,15091,12788,187,187,13619,12788,14,0,0,False,ht_chantry-random-21.scen,140
140,ht_chantry.map,planner,1,15091,12788,187,187,13619,12788,13,0,0,True,ht_chantry-random-21.scen,140
140,ht_chantry.map,planner,1,15091,12788,187,187,13619,12788,14,0,1,False,ht_chantry-random-21.scen,140
140,ht_chantry.map,planner,1,14453,12788,187,187,13415,12788,14,0,1,True,ht_chantry-random-21.scen,140
180,ht_chantry.map,planner,1,19815,16163,189,187,17796,16163,15,0,0,False,ht_chantry-random-21.scen,180
180,ht_chantry.map,planner,1,19815,16163,189,187,17796,16163,17,0,0,True,ht_chantry-random-21.scen,180
180,ht_chantry.map,planner,1,19815,16163,189,187,17796,16163,17,0,1,False,ht_chantry-random-21.scen,180
180,ht_chantry.map,planner,1,19325,16163,196,187,17449,16163,31,0,1,True,ht_chantry-random-21.scen,180
180,ht_chantry.map,planner,1,19815,16163,189,187,17796,16163,18,0,10,False,ht_chantry-random-21.scen,180
180,ht_chantry.map,planner,1,19276,16163,193,187,17450,16163,63,0,10,True,ht_chantry-random-21.scen,180
180,ht_chantry.map,planner,1,19815,16163,189,187,17796,16163,15,0,100,False,ht_chantry-random-21.scen,180
180,ht_chantry.map,planner,1,19801,16163,194,187,17547,16163,199,0,100,True,ht_chantry-random-21.scen,180
180,ht_chantry.map,planner,1,19815,16163,189,187,17796,16163,16,0,1000,False,ht_chantry-random-21.scen,180
180,ht_chantry.map,planner,1,19562,16163,213,187,17462,16163,1021,0,1000,True,ht_chantry-random-21.scen,180
220,ht_chantry.map,planner,1,25432,19995,195,187,22695,19995,21,0,0,False,ht_chantry-random-21.scen,220
220,ht_chantry.map,planner,1,25432,19995,195,187,22695,19995,18,0,0,True,ht_chantry-random-21.scen,220
220,ht_chantry.map,planner,1,25432,19995,195,187,22695,19995,23,0,1,False,ht_chantry-random-21.scen,220
220,ht_chantry.map,planner,1,24387,19995,193,187,21690,19995,47,0,1,True,ht_chantry-random-21.scen,220
220,ht_chantry.map,planner,1,25432,19995,195,187,22695,19995,21,0,10,False,ht_chantry-random-21.scen,220
220,ht_chantry.map,planner,1,24209,19995,193,187,21597,19995,186,0,10,True,ht_chantry-random-21.scen,220
220,ht_chantry.map,planner,1,25432,19995,195,187,22695,19995,20,0,100,False,ht_chantry-random-21.scen,220
220,ht_chantry.map,planner,1,24369,19995,189,187,21659,19995,771,0,100,True,ht_chantry-random-21.scen,220
220,ht_chantry.map,planner,1,25432,19995,195,187,22695,19995,20,0,1000,False,ht_chantry-random-21.scen,220
220,ht_chantry.map,planner,1,24273,19995,195,187,21642,19995,2759,0,1000,True,ht_chantry-random-21.scen,220
260,ht_chantry.map,planner,1,30591,23513,192,187,26460,23513,25,0,0,False,ht_chantry-random-21.scen,260
260,ht_chantry.map,planner,1,30591,23513,192,187,26460,23513,24,0,0,True,ht_chantry-random-21.scen,260
260,ht_chantry.map,planner,1,30591,23513,192,187,26460,23513,23,0,1,False,ht_chantry-random-21.scen,260
260,ht_chantry.map,planner,1,30001,23513,189,187,25886,23513,58,0,1,True,ht_chantry-random-21.scen,260
260,ht_chantry.map,planner,1,30591,23513,192,187,26460,23513,25,0,10,False,ht_chantry-random-21.scen,260
260,ht_chantry.map,planner,1,29390,23513,190,187,25814,23513,312,0,10,True,ht_chantry-random-21.scen,260
260,ht_chantry.map,planner,1,30591,23513,192,187,26460,23513,25,0,100,False,ht_chantry-random-21.scen,260
260,ht_chantry.map,planner,1,30014,23513,200,187,25876,23513,2468,0,100,True,ht_chantry-random-21.scen,260
260,ht_chantry.map,planner,1,30591,23513,192,187,26460,23513,24,0,1000,False,ht_chantry-random-21.scen,260
260,ht_chantry.map,planner,1,29948,23513,193,187,25663,23513,17922,0,1000,True,ht_chantry-random-21.scen,260
300,ht_chantry.map,planner,1,37312,27351,196,192,31812,27351,29,0,0,False,ht_chantry-random-21.scen,300
300,ht_chantry.map,planner,1,37312,27351,196,192,31812,27351,31,0,0,True,ht_chantry-random-21.scen,300
300,ht_chantry.map,planner,1,37312,27351,196,192,31812,27351,27,0,1,False,ht_chantry-random-21.scen,300
300,ht_chantry.map,planner,1,35976,27351,200,192,30584,27351,82,0,1,True,ht_chantry-random-21.scen,300
300,ht_chantry.map,planner,1,37312,27351,196,192,31812,27351,30,0,10,False,ht_chantry-random-21.scen,300
300,ht_chantry.map,planner,1,36042,27351,198,192,30453,27351,483,0,10,True,ht_chantry-random-21.scen,300
300,ht_chantry.map,planner,1,37312,27351,196,192,31812,27351,30,0,100,False,ht_chantry-random-21.scen,300
300,ht_chantry.map,planner,1,35265,27351,194,192,30300,27351,3700,0,100,True,ht_chantry-random-21.scen,300
300,ht_chantry.map,planner,1,37312,27351,196,192,31812,27351,28,0,1000,False,ht_chantry-random-21.scen,300
300,ht_chantry.map,planner,1,34940,27351,195,192,30245,27351,29555,0,1000,True,ht_chantry-random-21.scen,300
340,ht_chantry.map,planner,1,43117,30912,211,192,36487,30912,36,0,0,False,ht_chantry-random-21.scen,340
340,ht_chantry.map,planner,1,43117,30912,211,192,36487,30912,36,0,0,True,ht_chantry-random-21.scen,340
340,ht_chantry.map,planner,1,43117,30912,211,192,36487,30912,34,0,1,False,ht_chantry-random-21.scen,340
340,ht_chantry.map,planner,1,41141,30912,210,192,35250,30912,99,0,1,True,ht_chantry-random-21.scen,340
340,ht_chantry.map,planner,1,43117,30912,211,192,36487,30912,35,0,10,False,ht_chantry-random-21.scen,340
340,ht_chantry.map,planner,1,40144,30912,201,192,34787,30912,548,0,10,True,ht_chantry-random-21.scen,340
340,ht_chantry.map,planner,1,43117,30912,211,192,36487,30912,33,0,100,False,ht_chantry-random-21.scen,340
340,ht_chantry.map,planner,1,40243,30912,198,192,34604,30912,4279,0,100,True,ht_chantry-random-21.scen,340
340,ht_chantry.map,planner,1,43117,30912,211,192,36487,30912,33,0,1000,False,ht_chantry-random-21.scen,340
340,ht_chantry.map,planner,1,40412,30912,219,192,34575,30912,39476,0,1000,True,ht_chantry-random-21.scen,340
380,ht_chantry.map,planner,1,49647,34526,197,193,41897,34526,38,0,0,False,ht_chantry-random-21.scen,380
380,ht_chantry.map,planner,1,49647,34526,197,193,41897,34526,39,0,0,True,ht_chantry-random-21.scen,380
380,ht_chantry.map,planner,1,49647,34526,197,193,41897,34526,38,0,1,False,ht_chantry-random-21.scen,380
380,ht_chantry.map,planner,1,46879,34526,197,193,39877,34526,118,0,1,True,ht_chantry-random-21.scen,380
380,ht_chantry.map,planner,1,49647,34526,197,193,41897,34526,37,0,10,False,ht_chantry-random-21.scen,380
380,ht_chantry.map,planner,1,46820,34526,200,193,39625,34526,705,0,10,True,ht_chantry-random-21.scen,380
380,ht_chantry.map,planner,1,49647,34526,197,193,41897,34526,37,0,100,False,ht_chantry-random-21.scen,380
380,ht_chantry.map,planner,1,45967,34526,198,193,39161,34526,5439,0,100,True,ht_chantry-random-21.scen,380
380,ht_chantry.map,planner,1,49647,34526,197,193,41897,34526,37,0,1000,False,ht_chantry-random-21.scen,380
380,ht_chantry.map,planner,1,45174,34526,209,193,39071,34526,47978,0,1000,True,ht_chantry-random-21.scen,380
420,ht_chantry.map,planner,1,55293,37705,210,193,45824,37705,42,0,0,False,ht_chantry-random-21.scen,420
420,ht_chantry.map,planner,1,55293,37705,210,193,45824,37705,49,0,0,True,ht_chantry-random-21.scen,420
420,ht_chantry.map,planner,1,55293,37705,210,193,45824,37705,43,0,1,False,ht_chantry-random-21.scen,420
420,ht_chantry.map,planner,1,54120,37705,211,193,45289,37705,146,0,1,True,ht_chantry-random-21.scen,420
420,ht_chantry.map,planner,1,55293,37705,210,193,45824,37705,40,0,10,False,ht_chantry-random-21.scen,420
420,ht_chantry.map,planner,1,52336,37705,219,193,44160,37705,798,0,10,True,ht_chantry-random-21.scen,420
420,ht_chantry.map,planner,1,55293,37705,210,193,45824,37705,44,0,100,False,ht_chantry-random-21.scen,420
420,ht_chantry.map,planner,1,52964,37705,208,193,44129,37705,6830,0,100,True,ht_chantry-random-21.scen,420
420,ht_chantry.map,planner,1,55293,37705,210,193,45824,37705,42,0,1000,False,ht_chantry-random-21.scen,420
460,ht_chantry.map,planner,1,62063,41252,215,193,50911,41252,48,0,0,False,ht_chantry-random-21.scen,460
460,ht_chantry.map,planner,1,62063,41252,215,193,50911,41252,48,0,0,True,ht_chantry-random-21.scen,460
460,ht_chantry.map,planner,1,62063,41252,215,193,50911,41252,49,0,1,False,ht_chantry-random-21.scen,460
460,ht_chantry.map,planner,1,59413,41252,204,193,49546,41252,157,0,1,True,ht_chantry-random-21.scen,460
460,ht_chantry.map,planner,1,62063,41252,215,193,50911,41252,50,0,10,False,ht_chantry-random-21.scen,460
460,ht_chantry.map,planner,1,58616,41252,234,193,49111,41252,954,0,10,True,ht_chantry-random-21.scen,460
460,ht_chantry.map,planner,1,62063,41252,215,193,50911,41252,51,0,100,False,ht_chantry-random-21.scen,460
460,ht_chantry.map,planner,1,58441,41252,207,193,48656,41252,7937,0,100,True,ht_chantry-random-21.scen,460
460,ht_chantry.map,planner,1,62063,41252,215,193,50911,41252,49,0,1000,False,ht_chantry-random-21.scen,460
500,ht_chantry.map,planner,1,69611,45095,218,193,56881,45095,55,0,0,False,ht_chantry-random-21.scen,500
500,ht_chantry.map,planner,1,69611,45095,218,193,56881,45095,59,0,0,True,ht_chantry-random-21.scen,500
500,ht_chantry.map,planner,1,69611,45095,218,193,56881,45095,51,0,1,False,ht_chantry-random-21.scen,500
500,ht_chantry.map,planner,1,67736,45095,208,193,55907,45095,177,0,1,True,ht_chantry-random-21.scen,500
500,ht_chantry.map,planner,1,69611,45095,218,193,56881,45095,56,0,10,False,ht_chantry-random-21.scen,500
500,ht_chantry.map,planner,1,66823,45095,210,193,54788,45095,1072,0,10,True,ht_chantry-random-21.scen,500
500,ht_chantry.map,planner,1,69611,45095,218,193,56881,45095,52,0,100,False,ht_chantry-random-21.scen,500
500,ht_chantry.map,planner,1,65378,45095,223,193,53673,45095,8100,0,100,True,ht_chantry-random-21.scen,500
500,ht_chantry.map,planner,1,69611,45095,218,193,56881,45095,51,0,1000,False,ht_chantry-random-21.scen,500
540,ht_chantry.map,planner,1,78810,49207,224,193,64280,49207,59,0,0,False,ht_chantry-random-21.scen,540
540,ht_chantry.map,planner,1,78810,49207,224,193,64280,49207,62,0,0,True,ht_chantry-random-21.scen,540
540,ht_chantry.map,planner,1,78810,49207,224,193,64280,49207,56,0,1,False,ht_chantry-random-21.scen,540
540,ht_chantry.map,planner,1,75312,49207,218,193,61609,49207,184,0,1,True,ht_chantry-random-21.scen,540
540,ht_chantry.map,planner,1,78810,49207,224,193,64280,49207,60,0,10,False,ht_chantry-random-21.scen,540
540,ht_chantry.map,planner,1,74230,49207,223,193,61140,49207,1129,0,10,True,ht_chantry-random-21.scen,540
540,ht_chantry.map,planner,1,78810,49207,224,193,64280,49207,61,0,100,False,ht_chantry-random-21.scen,540
540,ht_chantry.map,planner,1,73094,49207,220,193,60393,49207,9357,0,100,True,ht_chantry-random-21.scen,540
540,ht_chantry.map,planner,1,78810,49207,224,193,64280,49207,62,0,1000,False,ht_chantry-random-21.scen,540
580,ht_chantry.map,planner,1,84752,52780,222,193,68370,52780,60,0,0,False,ht_chantry-random-21.scen,580
580,ht_chantry.map,planner,1,84752,52780,222,193,68370,52780,67,0,0,True,ht_chantry-random-21.scen,580
580,ht_chantry.map,planner,1,84752,52780,222,193,68370,52780,60,0,1,False,ht_chantry-random-21.scen,580
580,ht_chantry.map,planner,1,81385,52780,215,193,66922,52780,207,0,1,True,ht_chantry-random-21.scen,580
580,ht_chantry.map,planner,1,84752,52780,222,193,68370,52780,62,0,10,False,ht_chantry-random-21.scen,580
580,ht_chantry.map,planner,1,80686,52780,218,193,66513,52780,1196,0,10,True,ht_chantry-random-21.scen,580
580,ht_chantry.map,planner,1,84752,52780,222,193,68370,52780,65,0,100,False,ht_chantry-random-21.scen,580
580,ht_chantry.map,planner,1,80138,52780,223,193,65481,52780,10584,0,100,True,ht_chantry-random-21.scen,580
580,ht_chantry.map,planner,1,84752,52780,222,193,68370,52780,67,0,1000,False,ht_chantry-random-21.scen,580
40,ht_chantry.map,planner,1,4009,3828,183,183,3949,3828,3,0,0,False,ht_chantry-random-16.scen,40
40,ht_chantry.map,planner,1,4009,3828,183,183,3949,3828,3,0,0,True,ht_chantry-random-16.scen,40
40,ht_chantry.map,planner,1,4009,3828,183,183,3949,3828,3,0,1,False,ht_chantry-random-16.scen,40
40,ht_chantry.map,planner,1,4003,3828,183,183,3951,3828,3,0,1,True,ht_chantry-random-16.scen,40
40,ht_chantry.map,planner,1,4009,3828,183,183,3949,3828,4,0,10,False,ht_chantry-random-16.scen,40
40,ht_chantry.map,planner,1,4003,3828,183,183,3951,3828,4,0,10,True,ht_chantry-random-16.scen,40
40,ht_chantry.map,planner,1,4009,3828,183,183,3949,3828,4,0,100,False,ht_chantry-random-16.scen,40
40,ht_chantry.map,planner,1,4003,3828,183,183,3951,3828,4,0,100,True,ht_chantry-random-16.scen,40
40,ht_chantry.map,planner,1,4009,3828,183,183,3949,3828,4,0,1000,False,ht_chantry-random-16.scen,40
40,ht_chantry.map,planner,1,4003,3828,183,183,3951,3828,4,0,1000,True,ht_chantry-random-16.scen,40
80,ht_chantry.map,planner,1,8799,7723,183,183,8124,7723,7,0,0,False,ht_chantry-random-16.scen,80
80,ht_chantry.map,planner,1,8799,7723,183,183,8124,7723,7,0,0,True,ht_chantry-random-16.scen,80
80,ht_chantry.map,planner,1,8799,7723,183,183,8124,7723,7,0,1,False,ht_chantry-random-16.scen,80
80,ht_chantry.map,planner,1,8652,7723,185,183,8041,7723,7,0,1,True,ht_chantry-random-16.scen,80
80,ht_chantry.map,planner,1,8799,7723,183,183,8124,7723,7,0,10,False,ht_chantry-random-16.scen,80
80,ht_chantry.map,planner,1,8652,7723,185,183,8041,7723,7,0,10,True,ht_chantry-random-16.scen,80
80,ht_chantry.map,planner,1,8799,7723,183,183,8124,7723,7,0,100,False,ht_chantry-random-16.scen,80
80,ht_chantry.map,planner,1,8652,7723,185,183,8041,7723,7,0,100,True,ht_chantry-random-16.scen,80
80,ht_chantry.map,planner,1,8799,7723,183,183,8124,7723,7,0,1000,False,ht_chantry-random-16.scen,80
80,ht_chantry.map,planner,1,8652,7723,185,183,8041,7723,7,0,1000,True,ht_chantry-random-16.scen,80
120,ht_chantry.map,planner,1,13168,11428,183,183,12237,11428,12,0,0,False,ht_chantry-random-16.scen,120
120,ht_chantry.map,planner,1,13168,11428,183,183,12237,11428,11,0,0,True,ht_chantry-random-16.scen,120
120,ht_chantry.map,planner,1,13168,11428,183,183,12237,11428,10,0,1,False,ht_chantry-random-16.scen,120
120,ht_chantry.map,planner,1,13401,11428,185,183,12152,11428,11,0,1,True,ht_chantry-random-16.scen,120
120,ht_chantry.map,planner,1,13168,11428,183,183,12237,11428,11,0,10,False,ht_chantry-random-16.scen,120
120,ht_chantry.map,planner,1,13401,11428,185,183,12152,11428,12,0,10,True,ht_chantry-random-16.scen,120
120,ht_chantry.map,planner,1,13168,11428,183,183,12237,11428,10,0,100,False,ht_chantry-random-16.scen,120
120,ht_chantry.map,planner,1,13401,11428,185,183,12152,11428,12,0,100,True,ht_chantry-random-16.scen,120
120,ht_chantry.map,planner,1,13168,11428,183,183,12237,11428,11,0,1000,False,ht_chantry-random-16.scen,120
120,ht_chantry.map,planner,1,13401,11428,185,183,12152,11428,11,0,1000,True,ht_chantry-random-16.scen,120
160,ht_chantry.map,planner,1,17709,14550,183,183,15847,14550,13,0,0,False,ht_chantry-random-16.scen,160
160,ht_chantry.map,planner,1,17709,14550,183,183,15847,14550,13,0,0,True,ht_chantry-random-16.scen,160
160,ht_chantry.map,planner,1,17709,14550,183,183,15847,14550,13,0,1,False,ht_chantry-random-16.scen,160
160,ht_chantry.map,planner,1,17621,14550,183,183,15587,14550,15,0,1,True,ht_chantry-random-16.scen,160
160,ht_chantry.map,planner,1,17709,14550,183,183,15847,14550,13,0,10,False,ht_chantry-random-16.scen,160
160,ht_chantry.map,planner,1,17621,14550,183,183,15587,14550,16,0,10,True,ht_chantry-random-16.scen,160
160,ht_chantry.map,planner,1,17709,14550,183,183,15847,14550,14,0,100,False,ht_chantry-random-16.scen,160
160,ht_chantry.map,planner,1,17621,14550,183,183,15587,14550,18,0,100,True,ht_chantry-random-16.scen,160
160,ht_chantry.map,planner,1,17709,14550,183,183,15847,14550,15,0,1000,False,ht_chantry-random-16.scen,160
160,ht_chantry.map,planner,1,17621,14550,183,183,15587,14550,19,0,1000,True,ht_chantry-random-16.scen,160
200,ht_chantry.map,planner,1,22712,17910,187,187,19780,17910,21,0,0,False,ht_chantry-random-16.scen,200
200,ht_chantry.map,planner,1,22712,17910,187,187,19780,17910,19,0,0,True,ht_chantry-random-16.scen,200
200,ht_chantry.map,planner,1,22712,17910,187,187,19780,17910,20,0,1,False,ht_chantry-random-16.scen,200
200,ht_chantry.map,planner,1,22380,17910,195,187,19412,17910,35,0,1,True,ht_chantry-random-16.scen,200
200,ht_chantry.map,planner,1,22712,17910,187,187,19780,17910,18,0,10,False,ht_chantry-random-16.scen,200
200,ht_chantry.map,planner,1,22336,17910,187,187,19339,17910,56,0,10,True,ht_chantry-random-16.scen,200
200,ht_chantry.map,planner,1,22712,17910,187,187,19780,17910,18,0,100,False,ht_chantry-random-16.scen,200
200,ht_chantry.map,planner,1,22724,17910,190,187,19431,17910,62,0,100,True,ht_chantry-random-16.scen,200
200,ht_chantry.map,planner,1,22712,17910,187,187,19780,17910,17,0,1000,False,ht_chantry-random-16.scen,200
200,ht_chantry.map,planner,1,22724,17910,190,187,19431,17910,64,0,1000,True,ht_chantry-random-16.scen,200
240,ht_chantry.map,planner,1,28352,21536,187,187,24217,21536,21,0,0,False,ht_chantry-random-16.scen,240
240,ht_chantry.map,planner,1,28352,21536,187,187,24217,21536,23,0,0,True,ht_chantry-random-16.scen,240
240,ht_chantry.map,planner,1,28352,21536,187,187,24217,21536,22,0,1,False,ht_chantry-random-16.scen,240
240,ht_chantry.map,planner,1,27318,21536,188,187,23649,21536,51,0,1,True,ht_chantry-random-16.scen,240
240,ht_chantry.map,planner,1,28352,21536,187,187,24217,21536,22,0,10,False,ht_chantry-random-16.scen,240
240,ht_chantry.map,planner,1,27701,21536,194,187,23465,21536,170,0,10,True,ht_chantry-random-16.scen,240
240,ht_chantry.map,planner,1,28352,21536,187,187,24217,21536,20,0,100,False,ht_chantry-random-16.scen,240
240,ht_chantry.map,planner,1,27447,21536,203,187,23427,21536,261,0,100,True,ht_chantry-random-16.scen,240
240,ht_chantry.map,planner,1,28352,21536,187,187,24217,21536,20,0,1000,False,ht_chantry-random-16.scen,240
240,ht_chantry.map,planner,1,27447,21536,203,187,23427,21536,261,0,1000,True,ht_chantry-random-16.scen,240
280,ht_chantry.map,planner,1,33696,25097,187,187,28809,25097,24,0,0,False,ht_chantry-random-16.scen,280
280,ht_chantry.map,planner,1,33696,25097,187,187,28809,25097,27,0,0,True,ht_chantry-random-16.scen,280
280,ht_chantry.map,planner,1,33696,25097,187,187,28809,25097,24,0,1,False,ht_chantry-random-16.scen,280
280,ht_chantry.map,planner,1,33145,25097,187,187,27761,25097,69,0,1,True,ht_chantry-random-16.scen,280
280,ht_chantry.map,planner,1,33696,25097,187,187,28809,25097,29,0,10,False,ht_chantry-random-16.scen,280
280,ht_chantry.map,planner,1,32535,25097,190,187,27712,25097,287,0,10,True,ht_chantry-random-16.scen,280
280,ht_chantry.map,planner,1,33696,25097,187,187,28809,25097,24,0,100,False,ht_chantry-random-16.scen,280
280,ht_chantry.map,planner,1,32607,25097,187,187,27633,25097,1682,0,100,True,ht_chantry-random-16.scen,280
280,ht_chantry.map,planner,1,33696,25097,187,187,28809,25097,26,0,1000,False,ht_chantry-random-16.scen,280
280,ht_chantry.map,planner,1,32220,25097,194,187,27565,25097,7177,0,1000,True,ht_chantry-random-16.scen,280
320,ht_chantry.map,planner,1,39208,28504,191,187,33182,28504,31,0,0,False,ht_chantry-random-16.scen,320
320,ht_chantry.map,planner,1,39208,28504,191,187,33182,28504,31,0,0,True,ht_chantry-random-16.scen,320
320,ht_chantry.map,planner,1,39208,28504,191,187,33182,28504,30,0,1,False,ht_chantry-random-16.scen,320
320,ht_chantry.map,planner,1,37389,28504,190,187,31649,28504,74,0,1,True,ht_chantry-random-16.scen,320
320,ht_chantry.map,planner,1,39208,28504,191,187,33182,28504,29,0,10,False,ht_chantry-random-16.scen,320
320,ht_chantry.map,planner,1,37452,28504,190,187,31893,28504,406,0,10,True,ht_chantry-random-16.scen,320
320,ht_chantry.map,planner,1,39208,28504,191,187,33182,28504,30,0,100,False,ht_chantry-random-16.scen,320
320,ht_chantry.map,planner,1,36211,28504,192,187,31577,28504,3051,0,100,True,ht_chantry-random-16.scen,320
320,ht_chantry.map,planner,1,39208,28504,191,187,33182,28504,36,0,1000,False,ht_chantry-random-16.scen,320
320,ht_chantry.map,planner,1,37228,28504,187,187,31566,28504,30418,0,1000,True,ht_chantry-random-16.scen,320
360,ht_chantry.map,planner,1,45562,32046,191,189,38258,32046,38,0,0,False,ht_chantry-random-16.scen,360
360,ht_chantry.map,planner,1,45562,32046,191,189,38258,32046,37,0,0,True,ht_chantry-random-16.scen,360
360,ht_chantry.map,planner,1,45562,32046,191,189,38258,32046,35,0,1,False,ht_chantry-random-16.scen,360
360,ht_chantry.map,planner,1,43017,32046,197,189,36135,32046,87,0,1,True,ht_chantry-random-16.scen,360
360,ht_chantry.map,planner,1,45562,32046,191,189,38258,32046,34,0,10,False,ht_chantry-random-16.scen,360
360,ht_chantry.map,planner,1,42841,32046,227,189,36286,32046,481,0,10,True,ht_chantry-random-16.scen,360
360,ht_chantry.map,planner,1,45562,32046,191,189,38258,32046,41,0,100,False,ht_chantry-random-16.scen,360
360,ht_chantry.map,planner,1,43034,32046,201,189,36009,32046,3967,0,100,True,ht_chantry-random-16.scen,360
360,ht_chantry.map,planner,1,45562,32046,191,189,38258,32046,36,0,1000,False,ht_chantry-random-16.scen,360
360,ht_chantry.map,planner,1,41916,32046,201,189,35816,32046,36553,0,1000,True,ht_chantry-random-16.scen,360
400,ht_chantry.map,planner,1,51819,36113,191,189,43243,36113,41,0,0,False,ht_chantry-random-16.scen,400
400,ht_chantry.map,planner,1,51819,36113,191,189,43243,36113,40,0,0,True,ht_chantry-random-16.scen,400
400,ht_chantry.map,planner,1,51819,36113,191,189,43243,36113,39,0,1,False,ht_chantry-random-16.scen,400
400,ht_chantry.map,planner,1,49052,36113,190,189,41488,36113,110,0,1,True,ht_chantry-random-16.scen,400
400,ht_chantry.map,planner,1,51819,36113,191,189,43243,36113,38,0,10,False,ht_chantry-random-16.scen,400
400,ht_chantry.map,planner,1,48859,36113,203,189,41426,36113,625,0,10,True,ht_chantry-random-16.scen,400
400,ht_chantry.map,planner,1,51819,36113,191,189,43243,36113,38,0,100,False,ht_chantry-random-16.scen,400
400,ht_chantry.map,planner,1,49092,36113,209,189,41328,36113,5044,0,100,True,ht_chantry-random-16.scen,400
400,ht_chantry.map,planner,1,51819,36113,191,189,43243,36113,41,0,1000,False,ht_chantry-random-16.scen,400
400,ht_chantry.map,planner,1,48964,36113,204,189,41145,36113,47790,0,1000,True,ht_chantry-random-16.scen,400
440,ht_chantry.map,planner,1,59813,40489,217,189,49401,40489,49,0,0,False,ht_chantry-random-16.scen,440
440,ht_chantry.map,planner,1,59813,40489,217,189,49401,40489,49,0,0,True,ht_chantry-random-16.scen,440
440,ht_chantry.map,planner,1,59813,40489,217,189,49401,40489,45,0,1,False,ht_chantry-random-16.scen,440
440,ht_chantry.map,planner,1,56010,40489,225,189,47399,40489,136,0,1,True,ht_chantry-random-16.scen,440
440,ht_chantry.map,planner,1,59813,40489,217,189,49401,40489,43,0,10,False,ht_chantry-random-16.scen,440
440,ht_chantry.map,planner,1,55716,40489,204,189,46995,40489,745,0,10,True,ht_chantry-random-16.scen,440
440,ht_chantry.map,planner,1,59813,40489,217,189,49401,40489,48,0,100,False,ht_chantry-random-16.scen,440
440,ht_chantry.map,planner,1,56157,40489,202,189,47298,40489,6074,0,100,True,ht_chantry-random-16.scen,440
440,ht_chantry.map,planner,1,59813,40489,217,189,49401,40489,48,0,1000,False,ht_chantry-random-16.scen,440
480,ht_chantry.map,planner,1,65383,44447,201,201,54625,44447,50,0,0,False,ht_chantry-random-16.scen,480
480,ht_chantry.map,planner,1,65383,44447,201,201,54625,44447,52,0,0,True,ht_chantry-random-16.scen,480
480,ht_chantry.map,planner,1,65383,44447,201,201,54625,44447,48,0,1,False,ht_chantry-random-16.scen,480
480,ht_chantry.map,planner,1,62955,44447,208,201,52778,44447,145,0,1,True,ht_chantry-random-16.scen,480
480,ht_chantry.map,planner,1,65383,44447,201,201,54625,44447,56,0,10,False,ht_chantry-random-16.scen,480
480,ht_chantry.map,planner,1,63715,44447,224,201,53106,44447,827,0,10,True,ht_chantry-random-16.scen,480
480,ht_chantry.map,planner,1,65383,44447,201,201,54625,44447,46,0,100,False,ht_chantry-random-16.scen,480
480,ht_chantry.map,planner,1,62838,44447,213,201,52543,44447,6249,0,100,True,ht_chantry-random-16.scen,480
480,ht_chantry.map,planner,1,65383,44447,201,201,54625,44447,50,0,1000,False,ht_chantry-random-16.scen,480
520,ht_chantry.map,planner,1,74072,47869,218,201,60072,47869,64,0,0,False,ht_chantry-random-16.scen,520
520,ht_chantry.map,planner,1,74072,47869,218,201,60072,47869,63,0,0,True,ht_chantry-random-16.scen,520
520,ht_chantry.map,planner,1,74072,47869,218,201,60072,47869,59,0,1,False,ht_chantry-random-16.scen,520
520,ht_chantry.map,planner,1,67970,47869,219,201,57314,47869,170,0,1,True,ht_chantry-random-16.scen,520
520,ht_chantry.map,planner,1,74072,47869,218,201,60072,47869,56,0,10,False,ht_chantry-random-16.scen,520
520,ht_chantry.map,planner,1,69730,47869,210,201,57616,47869,966,0,10,True,ht_chantry-random-16.scen,520
520,ht_chantry.map,planner,1,74072,47869,218,201,60072,47869,55,0,100,False,ht_chantry-random-16.scen,520
520,ht_chantry.map,planner,1,69210,47869,216,201,57331,47869,7764,0,100,True,ht_chantry-random-16.scen,520
520,ht_chantry.map,planner,1,74072,47869,218,201,60072,47869,57,0,1000,False,ht_chantry-random-16.scen,520
560,ht_chantry.map,planner,1,81292,52172,221,201,66180,52172,64,0,0,False,ht_chantry-random-16.scen,560
560,ht_chantry.map,planner,1,81292,52172,221,201,66180,52172,65,0,0,True,ht_chantry-random-16.scen,560
560,ht_chantry.map,planner,1,81292,52172,221,201,66180,52172,63,0,1,False,ht_chantry-random-16.scen,560
560,ht_chantry.map,planner,1,76730,52172,210,201,63883,52172,179,0,1,True,ht_chantry-random-16.scen,560
560,ht_chantry.map,planner,1,81292,52172,221,201,66180,52172,68,0,10,False,ht_chantry-random-16.scen,560
560,ht_chantry.map,planner,1,74952,52172,224,201,62638,52172,1014,0,10,True,ht_chantry-random-16.scen,560
560,ht_chantry.map,planner,1,81292,52172,221,201,66180,52172,68,0,100,False,ht_chantry-random-16.scen,560
560,ht_chantry.map,planner,1,75847,52172,214,201,62904,52172,9256,0,100,True,ht_chantry-random-16.scen,560
560,ht_chantry.map,planner,1,81292,52172,221,201,66180,52172,62,0,1000,False,ht_chantry-random-16.scen,560
40,ht_chantry.map,planner,1,4034,3897,181,181,3968,3897,3,0,0,False,ht_chantry-random-2.scen,40
40,ht_chantry.map,planner,1,4034,3897,181,181,3968,3897,3,0,0,True,ht_chantry-random-2.scen,40
40,ht_chantry.map,planner,1,4034,3897,181,181,3968,3897,3,0,1,False,ht_chantry-random-2.scen,40
40,ht_chantry.map,planner,1,4034,3897,181,181,3968,3897,3,0,1,True,ht_chantry-random-2.scen,40
40,ht_chantry.map,planner,1,4034,3897,181,181,3968,3897,3,0,10,False,ht_chantry-random-2.scen,40
40,ht_chantry.map,planner,1,4034,3897,181,181,3968,3897,4,0,10,True,ht_chantry-random-2.scen,40
40,ht_chantry.map,planner,1,4034,3897,181,181,3968,3897,4,0,100,False,ht_chantry-random-2.scen,40
40,ht_chantry.map,planner,1,4034,3897,181,181,3968,3897,3,0,100,True,ht_chantry-random-2.scen,40
40,ht_chantry.map,planner,1,4034,3897,181,181,3968,3897,4,0,1000,False,ht_chantry-random-2.scen,40
40,ht_chantry.map,planner,1,4034,3897,181,181,3968,3897,4,0,1000,True,ht_chantry-random-2.scen,40
80,ht_chantry.map,planner,1,8374,7216,181,181,7523,7216,7,0,0,False,ht_chantry-random-2.scen,80
80,ht_chantry.map,planner,1,8374,7216,181,181,7523,7216,7,0,0,True,ht_chantry-random-2.scen,80
80,ht_chantry.map,planner,1,8374,7216,181,181,7523,7216,7,0,1,False,ht_chantry-random-2.scen,80
80,ht_chantry.map,planner,1,8282,7216,181,181,7518,7216,7,0,1,True,ht_chantry-random-2.scen,80
80,ht_chantry.map,planner,1,8374,7216,181,181,7523,7216,7,0,10,False,ht_chantry-random-2.scen,80
80,ht_chantry.map,planner,1,8282,7216,181,181,7518,7216,7,0,10,True,ht_chantry-random-2.scen,80
80,ht_chantry.map,planner,1,8374,7216,181,181,7523,7216,7,0,100,False,ht_chantry-random-2.scen,80
80,ht_chantry.map,planner,1,8282,7216,181,181,7518,7216,7,0,100,True,ht_chantry-random-2.scen,80
80,ht_chantry.map,planner,1,8374,7216,181,181,7523,7216,7,0,1000,False,ht_chantry-random-2.scen,80
80,ht_chantry.map,planner,1,8282,7216,181,181,7518,7216,7,0,1000,True,ht_chantry-random-2.scen,80
120,ht_chantry.map,planner,1,12679,10768,181,181,11390,10768,11,0,0,False,ht_chantry-random-2.scen,120
120,ht_chantry.map,planner,1,12679,10768,181,181,11390,10768,11,0,0,True,ht_chantry-random-2.scen,120
120,ht_chantry.map,planner,1,12679,10768,181,181,11390,10768,11,0,1,False,ht_chantry-random-2.scen,120
120,ht_chantry.map,planner,1,12838,10768,181,181,11371,10768,11,0,1,True,ht_chantry-random-2.scen,120
120,ht_chantry.map,planner,1,12679,10768,181,181,11390,10768,11,0,10,False,ht_chantry-random-2.scen,120
120,ht_chantry.map,planner,1,12838,10768,181,181,11371,10768,11,0,10,True,ht_chantry-random-2.scen,120
120,ht_chantry.map,planner,1,12679,10768,181,181,11390,10768,10,0,100,False,ht_chantry-random-2.scen,120
120,ht_chantry.map,planner,1,12838,10768,181,181,11371,10768,12,0,100,True,ht_chantry-random-2.scen,120
120,ht_chantry.map,planner,1,12679,10768,181,181,11390,10768,10,0,1000,False,ht_chantry-random-2.scen,120
120,ht_chantry.map,planner,1,12838,10768,181,181,11371,10768,10,0,1000,True,ht_chantry-random-2.scen,120
160,ht_chantry.map,planner,1,17443,14285,182,181,15371,14285,15,0,0,False,ht_chantry-random-2.scen,160
160,ht_chantry.map,planner,1,17443,14285,182,181,15371,14285,14,0,0,True,ht_chantry-random-2.scen,160
160,ht_chantry.map,planner,1,17443,14285,182,181,15371,14285,14,0,1,False,ht_chantry-random-2.scen,160
160,ht_chantry.map,planner,1,17305,14285,181,181,15165,14285,16,0,1,True,ht_chantry-random-2.scen,160
160,ht_chantry.map,planner,1,17443,14285,182,181,15371,14285,14,0,10,False,ht_chantry-random-2.scen,160
160,ht_chantry.map,planner,1,17305,14285,181,181,15165,14285,14,0,10,True,ht_chantry-random-2.scen,160
160,ht_chantry.map,planner,1,17443,14285,182,181,15371,14285,15,0,100,False,ht_chantry-random-2.scen,160
160,ht_chantry.map,planner,1,17305,14285,181,181,15165,14285,15,0,100,True,ht_chantry-random-2.scen,160
160,ht_chantry.map,planner,1,17443,14285,182,181,15371,14285,14,0,1000,False,ht_chantry-random-2.scen,160
160,ht_chantry.map,planner,1,17305,14285,181,181,15165,14285,15,0,1000,True,ht_chantry-random-2.scen,160
200,ht_chantry.map,planner,1,22585,18144,196,196,19940,18144,18,0,0,False,ht_chantry-random-2.scen,200
200,ht_chantry.map,planner,1,22585,18144,196,196,19940,18144,18,0,0,True,ht_chantry-random-2.scen,200
200,ht_chantry.map,planner,1,22585,18144,196,196,19940,18144,17,0,1,False,ht_chantry-random-2.scen,200
200,ht_chantry.map,planner,1,22136,18144,196,196,19481,18144,21,0,1,True,ht_chantry-random-2.scen,200
200,ht_chantry.map,planner,1,22585,18144,196,196,19940,18144,17,0,10,False,ht_chantry-random-2.scen,200
200,ht_chantry.map,planner,1,22136,18144,196,196,19481,18144,21,0,10,True,ht_chantry-random-2.scen,200
200,ht_chantry.map,planner,1,22585,18144,196,196,19940,18144,17,0,100,False,ht_chantry-random-2.scen,200
200,ht_chantry.map,planner,1,22136,18144,196,196,19481,18144,22,0,100,True,ht_chantry-random-2.scen,200
200,ht_chantry.map,planner,1,22585,18144,196,196,19940,18144,21,0,1000,False,ht_chantry-random-2.scen,200
200,ht_chantry.map,planner,1,22136,18144,196,196,19481,18144,23,0,1000,True,ht_chantry-random-2.scen,200
240,ht_chantry.map,planner,1,28013,21756,196,196,24161,21756,21,0,0,False,ht_chantry-random-2.scen,240
240,ht_chantry.map,planner,1,28013,21756,196,196,24161,21756,25,0,0,True,ht_chantry-random-2.scen,240
240,ht_chantry.map,planner,1,28013,21756,196,196,24161,21756,22,0,1,False,ht_chantry-random-2.scen,240
240,ht_chantry.map,planner,1,27100,21756,199,196,23525,21756,34,0,1,True,ht_chantry-random-2.scen,240
240,ht_chantry.map,planner,1,28013,21756,196,196,24161,21756,23,0,10,False,ht_chantry-random-2.scen,240
240,ht_chantry.map,planner,1,26346,21756,207,196,23471,21756,80,0,10,True,ht_chantry-random-2.scen,240
240,ht_chantry.map,planner,1,28013,21756,196,196,24161,21756,25,0,100,False,ht_chantry-random-2.scen,240
240,ht_chantry.map,planner,1,26983,21756,208,196,23445,21756,76,0,100,True,ht_chantry-random-2.scen,240
240,ht_chantry.map,planner,1,28013,21756,196,196,24161,21756,23,0,1000,False,ht_chantry-random-2.scen,240
240,ht_chantry.map,planner,1,26983,21756,208,196,23445,21756,67,0,1000,True,ht_chantry-random-2.scen,240
280,ht_chantry.map,planner,1,33032,25927,205,205,28947,25927,25,0,0,False,ht_chantry-random-2.scen,280
280,ht_chantry.map,planner,1,33032,25927,205,205,28947,25927,29,0,0,True,ht_chantry-random-2.scen,280
280,ht_chantry.map,planner,1,33032,25927,205,205,28947,25927,27,0,1,False,ht_chantry-random-2.scen,280
280,ht_chantry.map,planner,1,32499,25927,208,205,28161,25927,60,0,1,True,ht_chantry-random-2.scen,280
280,ht_chantry.map,planner,1,33032,25927,205,205,28947,25927,29,0,10,False,ht_chantry-random-2.scen,280
280,ht_chantry.map,planner,1,32155,25927,211,205,28142,25927,101,0,10,True,ht_chantry-random-2.scen,280
280,ht_chantry.map,planner,1,33032,25927,205,205,28947,25927,26,0,100,False,ht_chantry-random-2.scen,280
280,ht_chantry.map,planner,1,32210,25927,222,205,28169,25927,162,0,100,True,ht_chantry-random-2.scen,280
280,ht_chantry.map,planner,1,33032,25927,205,205,28947,25927,27,0,1000,False,ht_chantry-random-2.scen,280
280,ht_chantry.map,planner,1,32210,25927,222,205,28169,25927,160,0,1000,True,ht_chantry-random-2.scen,280
320,ht_chantry.map,planner,1,39462,29739,205,205,33753,29739,30,0,0,False,ht_chantry-random-2.scen,320
320,ht_chantry.map,planner,1,39462,29739,205,205,33753,29739,30,0,0,True,ht_chantry-random-2.scen,320
320,ht_chantry.map,planner,1,39462,29739,205,205,33753,29739,31,0,1,False,ht_chantry-random-2.scen,320
320,ht_chantry.map,planner,1,37646,29739,207,205,32683,29739,77,0,1,True,ht_chantry-random-2.scen,320
320,ht_chantry.map,planner,1,39462,29739,205,205,33753,29739,32,0,10,False,ht_chantry-random-2.scen,320
320,ht_chantry.map,planner,1,37549,29739,210,205,32618,29739,374,0,10,True,ht_chantry-random-2.scen,320
320,ht_chantry.map,planner,1,39462,29739,205,205,33753,29739,30,0,100,False,ht_chantry-random-2.scen,320
320,ht_chantry.map,planner,1,37604,29739,209,205,32566,29739,2938,0,100,True,ht_chantry-random-2.scen,320
320,ht_chantry.map,planner,1,39462,29739,205,205,33753,29739,32,0,1000,False,ht_chantry-random-2.scen,320
320,ht_chantry.map,planner,1,37789,29739,213,205,32512,29739,15906,0,1000,True,ht_chantry-random-2.scen,320
360,ht_chantry.map,planner,1,46310,33663,205,205,39262,33663,36,0,0,False,ht_chantry-random-2.scen,360
360,ht_chantry.map,planner,1,46310,33663,205,205,39262,33663,36,0,0,True,ht_chantry-random-2.scen,360
360,ht_chantry.map,planner,1,46310,33663,205,205,39262,33663,38,0,1,False,ht_chantry-random-2.scen,360
360,ht_chantry.map,planner,1,43331,33663,208,205,37453,33663,95,0,1,True,ht_chantry-random-2.scen,360
360,ht_chantry.map,planner,1,46310,33663,205,205,39262,33663,37,0,10,False,ht_chantry-random-2.scen,360
360,ht_chantry.map,planner,1,43426,33663,212,205,37604,33663,493,0,10,True,ht_chantry-random-2.scen,360
360,ht_chantry.map,planner,1,46310,33663,205,205,39262,33663,38,0,100,False,ht_chantry-random-2.scen,360
360,ht_chantry.map,planner,1,43135,33663,217,205,37390,33663,4693,0,100,True,ht_chantry-random-2.scen,360
360,ht_chantry.map,planner,1,46310,33663,205,205,39262,33663,35,0,1000,False,ht_chantry-random-2.scen,360
360,ht_chantry.map,planner,1,43735,33663,207,205,37369,33663,37654,0,1000,True,ht_chantry-random-2.scen,360
400,ht_chantry.map,planner,1,52335,37696,205,205,44593,37696,40,0,0,False,ht_chantry-random-2.scen,400
400,ht_chantry.map,planner,1,52335,37696,205,205,44593,37696,40,0,0,True,ht_chantry-random-2.scen,400
400,ht_chantry.map,planner,1,52335,37696,205,205,44593,37696,42,0,1,False,ht_chantry-random-2.scen,400
400,ht_chantry.map,planner,1,49946,37696,205,205,42936,37696,116,0,1,True,ht_chantry-random-2.scen,400
400,ht_chantry.map,planner,1,52335,37696,205,205,44593,37696,41,0,10,False,ht_chantry-random-2.scen,400
400,ht_chantry.map,planner,1,48892,37696,209,205,42341,37696,591,0,10,True,ht_chantry-random-2.scen,400
400,ht_chantry.map,planner,1,52335,37696,205,205,44593,37696,40,0,100,False,ht_chantry-random-2.scen,400
400,ht_chantry.map,planner,1,49597,37696,217,205,42284,37696,5295,0,100,True,ht_chantry-random-2.scen,400
400,ht_chantry.map,planner,1,52335,37696,205,205,44593,37696,39,0,1000,False,ht_chantry-random-2.scen,400
400,ht_chantry.map,planner,1,49137,37696,208,205,42206,37696,44093,0,1000,True,ht_chantry-random-2.scen,400
440,ht_chantry.map,planner,1,57988,41234,206,205,49370,41234,46,0,0,False,ht_chantry-random-2.scen,440
440,ht_chantry.map,planner,1,57988,41234,206,205,49370,41234,47,0,0,True,ht_chantry-random-2.scen,440
440,ht_chantry.map,planner,1,57988,41234,206,205,49370,41234,50,0,1,False,ht_chantry-random-2.scen,440
440,ht_chantry.map,planner,1,56230,41234,223,205,48120,41234,134,0,1,True,ht_chantry-random-2.scen,440
440,ht_chantry.map,planner,1,57988,41234,206,205,49370,41234,45,0,10,False,ht_chantry-random-2.scen,440
440,ht_chantry.map,planner,1,55181,41234,210,205,47399,41234,703,0,10,True,ht_chantry-random-2.scen,440
440,ht_chantry.map,planner,1,57988,41234,206,205,49370,41234,51,0,100,False,ht_chantry-random-2.scen,440
440,ht_chantry.map,planner,1,55026,41234,212,205,46908,41234,6061,0,100,True,ht_chantry-random-2.scen,440
440,ht_chantry.map,planner,1,57988,41234,206,205,49370,41234,42,0,1000,False,ht_chantry-random-2.scen,440
480,ht_chantry.map,planner,1,64473,45204,205,205,54677,45204,50,0,0,False,ht_chantry-random-2.scen,480
480,ht_chantry.map,planner,1,64473,45204,205,205,54677,45204,48,0,0,True,ht_chantry-random-2.scen,480
480,ht_chantry.map,planner,1,64473,45204,205,205,54677,45204,48,0,1,False,ht_chantry-random-2.scen,480
480,ht_chantry.map,planner,1,61308,45204,229,205,52253,45204,143,0,1,True,ht_chantry-random-2.scen,480
480,ht_chantry.map,planner,1,64473,45204,205,205,54677,45204,50,0,10,False,ht_chantry-random-2.scen,480
480,ht_chantry.map,planner,1,61131,45204,207,205,52229,45204,799,0,10,True,ht_chantry-random-2.scen,480
480,ht_chantry.map,planner,1,64473,45204,205,205,54677,45204,49,0,100,False,ht_chantry-random-2.scen,480
480,ht_chantry.map,planner,1,59751,45204,207,205,51323,45204,6642,0,100,True,ht_chantry-random-2.scen,480
480,ht_chantry.map,planner,1,64473,45204,205,205,54677,45204,52,0,1000,False,ht_chantry-random-2.scen,480
520,ht_chantry.map,planner,1,71470,48781,205,205,59590,48781,55,0,0,False,ht_chantry-random-2.scen,520
520,ht_chantry.map,planner,1,71470,48781,205,205,59590,48781,57,0,0,True,ht_chantry-random-2.scen,520
520,ht_chantry.map,planner,1,71470,48781,205,205,59590,48781,57,0,1,False,ht_chantry-random-2.scen,520
520,ht_chantry.map,planner,1,68885,48781,236,205,58411,48781,161,0,1,True,ht_chantry-random-2.scen,520
520,ht_chantry.map,planner,1,71470,48781,205,205,59590,48781,54,0,10,False,ht_chantry-random-2.scen,520
520,ht_chantry.map,planner,1,68330,48781,211,205,57796,48781,954,0,10,True,ht_chantry-random-2.scen,520
520,ht_chantry.map,planner,1,71470,48781,205,205,59590,48781,56,0,100,False,ht_chantry-random-2.scen,520
520,ht_chantry.map,planner,1,66946,48781,265,205,56983,48781,7368,0,100,True,ht_chantry-random-2.scen,520
520,ht_chantry.map,planner,1,71470,48781,205,205,59590,48781,55,0,1000,False,ht_chantry-random-2.scen,520
560,ht_chantry.map,planner,1,80354,52337,229,205,65290,52337,65,0,0,False,ht_chantry-random-2.scen,560
560,ht_chantry.map,planner,1,80354,52337,229,205,65290,52337,62,0,0,True,ht_chantry-random-2.scen,560
560,ht_chantry.map,planner,1,80354,52337,229,205,65290,52337,61,0,1,False,ht_chantry-random-2.scen,560
560,ht_chantry.map,planner,1,75926,52337,230,205,63436,52337,173,0,1,True,ht_chantry-random-2.scen,560
560,ht_chantry.map,planner,1,80354,52337,229,205,65290,52337,75,0,10,False,ht_chantry-random-2.scen,560
560,ht_chantry.map,planner,1,74706,52337,217,205,62744,52337,913,0,10,True,ht_chantry-random-2.scen,560
560,ht_chantry.map,planner,1,80354,52337,229,205,65290,52337,63,0,100,False,ht_chantry-random-2.scen,560
560,ht_chantry.map,planner,1,74006,52337,230,205,62647,52337,8549,0,100,True,ht_chantry-random-2.scen,560
560,ht_chantry.map,planner,1,80354,52337,229,205,65290,52337,65,0,1000,False,ht_chantry-random-2.scen,560
40,ht_chantry.map,planner,1,3870,3607,186,186,3736,3607,3,0,0,False,ht_chantry-random-19.scen,40
40,ht_chantry.map,planner,1,3870,3607,186,186,3736,3607,3,0,0,True,ht_chantry-random-19.scen,40
40,ht_chantry.map,planner,1,3870,3607,186,186,3736,3607,3,0,1,False,ht_chantry-random-19.scen,40
40,ht_chantry.map,planner,1,3980,3607,187,186,3745,3607,3,0,1,True,ht_chantry-random-19.scen,40
40,ht_chantry.map,planner,1,3870,3607,186,186,3736,3607,4,0,10,False,ht_chantry-random-19.scen,40
40,ht_chantry.map,planner,1,3980,3607,187,186,3745,3607,4,0,10,True,ht_chantry-random-19.scen,40
40,ht_chantry.map,planner,1,3870,3607,186,186,3736,3607,3,0,100,False,ht_chantry-random-19.scen,40
40,ht_chantry.map,planner,1,3980,3607,187,186,3745,3607,3,0,100,True,ht_chantry-random-19.scen,40
40,ht_chantry.map,planner,1,3870,3607,186,186,3736,3607,4,0,1000,False,ht_chantry-random-19.scen,40
40,ht_chantry.map,planner,1,3980,3607,187,186,3745,3607,4,0,1000,True,ht_chantry-random-19.scen,40
80,ht_chantry.map,planner,1,8544,7302,197,197,7676,7302,7,0,0,False,ht_chantry-random-19.scen,80
80,ht_chantry.map,planner,1,8544,7302,197,197,7676,7302,8,0,0,True,ht_chantry-random-19.scen,80
80,ht_chantry.map,planner,1,8544,7302,197,197,7676,7302,8,0,1,False,ht_chantry-random-19.scen,80
80,ht_chantry.map,planner,1,8379,7302,202,197,7627,7302,8,0,1,True,ht_chantry-random-19.scen,80
80,ht_chantry.map,planner,1,8544,7302,197,197,7676,7302,8,0,10,False,ht_chantry-random-19.scen,80
80,ht_chantry.map,planner,1,8379,7302,202,197,7627,7302,7,0,10,True,ht_chantry-random-19.scen,80
80,ht_chantry.map,planner,1,8544,7302,197,197,7676,7302,8,0,100,False,ht_chantry-random-19.scen,80
80,ht_chantry.map,planner,1,8379,7302,202,197,7627,7302,7,0,100,True,ht_chantry-random-19.scen,80
80,ht_chantry.map,planner,1,8544,7302,197,197,7676,7302,8,0,1000,False,ht_chantry-random-19.scen,80
80,ht_chantry.map,planner,1,8379,7302,202,197,7627,7302,8,0,1000,True,ht_chantry-random-19.scen,80
120,ht_chantry.map,planner,1,12925,10648,197,197,11512,10648,10,0,0,False,ht_chantry-random-19.scen,120
120,ht_chantry.map,planner,1,12925,10648,197,197,11512,10648,10,0,0,True,ht_chantry-random-19.scen,120
120,ht_chantry.map,planner,1,12925,10648,197,197,11512,10648,11,0,1,False,ht_chantry-random-19.scen,120
120,ht_chantry.map,planner,1,12716,10648,198,197,11358,10648,12,0,1,True,ht_chantry-random-19.scen,120
120,ht_chantry.map,planner,1,12925,10648,197,197,11512,10648,11,0,10,False,ht_chantry-random-19.scen,120
120,ht_chantry.map,planner,1,12716,10648,198,197,11358,10648,11,0,10,True,ht_chantry-random-19.scen,120
120,ht_chantry.map,planner,1,12925,10648,197,197,11512,10648,11,0,100,False,ht_chantry-random-19.scen,120
120,ht_chantry.map,planner,1,12716,10648,198,197,11358,10648,12,0,100,True,ht_chantry-random-19.scen,120
120,ht_chantry.map,planner,1,12925,10648,197,197,11512,10648,11,0,1000,False,ht_chantry-random-19.scen,120
120,ht_chantry.map,planner,1,12716,10648,198,197,11358,10648,13,0,1000,True,ht_chantry-random-19.scen,120
160,ht_chantry.map,planner,1,18932,15270,197,197,16673,15270,15,0,0,False,ht_chantry-random-19.scen,160
160,ht_chantry.map,planner,1,18932,15270,197,197,16673,15270,16,0,0,True,ht_chantry-random-19.scen,160
160,ht_chantry.map,planner,1,18932,15270,197,197,16673,15270,14,0,1,False,ht_chantry-random-19.scen,160
160,ht_chantry.map,planner,1,18408,15270,205,197,16491,15270,24,0,1,True,ht_chantry-random-19.scen,160
160,ht_chantry.map,planner,1,18932,15270,197,197,16673,15270,16,0,10,False,ht_chantry-random-19.scen,160
160,ht_chantry.map,planner,1,18832,15270,206,197,16501,15270,22,0,10,True,ht_chantry-random-19.scen,160
160,ht_chantry.map,planner,1,18932,15270,197,197,16673,15270,16,0,100,False,ht_chantry-random-19.scen,160
160,ht_chantry.map,planner,1,18832,15270,206,197,16501,15270,21,0,100,True,ht_chantry-random-19.scen,160
160,ht_chantry.map,planner,1,18932,15270,197,197,16673,15270,18,0,1000,False,ht_chantry-random-19.scen,160
160,ht_chantry.map,planner,1,18832,15270,206,197,16501,15270,22,0,1000,True,ht_chantry-random-19.scen,160
200,ht_chantry.map,planner,1,23684,18912,207,197,20981,18912,18,0,0,False,ht_chantry-random-19.scen,200
200,ht_chantry.map,planner,1,23684,18912,207,197,20981,18912,19,0,0,True,ht_chantry-random-19.scen,200
200,ht_chantry.map,planner,1,23684,18912,207,197,20981,18912,19,0,1,False,ht_chantry-random-19.scen,200
200,ht_chantry.map,planner,1,23036,18912,202,197,20421,18912,33,0,1,True,ht_chantry-random-19.scen,200
200,ht_chantry.map,planner,1,23684,18912,207,197,20981,18912,19,0,10,False,ht_chantry-random-19.scen,200
200,ht_chantry.map,planner,1,23035,18912,207,197,20482,18912,66,0,10,True,ht_chantry-random-19.scen,200
200,ht_chantry.map,planner,1,23684,18912,207,197,20981,18912,20,0,100,False,ht_chantry-random-19.scen,200
200,ht_chantry.map,planner,1,22836,18912,204,197,20405,18912,46,0,100,True,ht_chantry-random-19.scen,200
200,ht_chantry.map,planner,1,23684,18912,207,197,20981,18912,19,0,1000,False,ht_chantry-random-19.scen,200
200,ht_chantry.map,planner,1,22836,18912,204,197,20405,18912,45,0,1000,True,ht_chantry-random-19.scen,200
240,ht_chantry.map,planner,1,29276,22904,197,197,25692,22904,23,0,0,False,ht_chantry-random-19.scen,240
240,ht_chantry.map,planner,1,29276,22904,197,197,25692,22904,23,0,0,True,ht_chantry-random-19.scen,240
240,ht_chantry.map,planner,1,29276,22904,197,197,25692,22904,22,0,1,False,ht_chantry-random-19.scen,240
240,ht_chantry.map,planner,1,28319,22904,207,197,25023,22904,65,0,1,True,ht_chantry-random-19.scen,240
240,ht_chantry.map,planner,1,29276,22904,197,197,25692,22904,25,0,10,False,ht_chantry-random-19.scen,240
240,ht_chantry.map,planner,1,28201,22904,201,197,25028,22904,159,0,10,True,ht_chantry-random-19.scen,240
240,ht_chantry.map,planner,1,29276,22904,197,197,25692,22904,25,0,100,False,ht_chantry-random-19.scen,240
240,ht_chantry.map,planner,1,28311,22904,201,197,24922,22904,515,0,100,True,ht_chantry-random-19.scen,240
240,ht_chantry.map,planner,1,29276,22904,197,197,25692,22904,24,0,1000,False,ht_chantry-random-19.scen,240
240,ht_chantry.map,planner,1,28155,22904,199,197,24916,22904,965,0,1000,True,ht_chantry-random-19.scen,240
280,ht_chantry.map,planner,1,34676,26300,197,197,30247,26300,26,0,0,False,ht_chantry-random-19.scen,280
280,ht_chantry.map,planner,1,34676,26300,197,197,30247,26300,28,0,0,True,ht_chantry-random-19.scen,280
280,ht_chantry.map,planner,1,34676,26300,197,197,30247,26300,28,0,1,False,ht_chantry-random-19.scen,280
280,ht_chantry.map,planner,1,33245,26300,204,197,28896,26300,73,0,1,True,ht_chantry-random-19.scen,280
280,ht_chantry.map,planner,1,34676,26300,197,197,30247,26300,27,0,10,False,ht_chantry-random-19.scen,280
280,ht_chantry.map,planner,1,32673,26300,205,197,28978,26300,453,0,10,True,ht_chantry-random-19.scen,280
280,ht_chantry.map,planner,1,34676,26300,197,197,30247,26300,24,0,100,False,ht_chantry-random-19.scen,280
280,ht_chantry.map,planner,1,32766,26300,208,197,28713,26300,2064,0,100,True,ht_chantry-random-19.scen,280
280,ht_chantry.map,planner,1,34676,26300,197,197,30247,26300,26,0,1000,False,ht_chantry-random-19.scen,280
280,ht_chantry.map,planner,1,32406,26300,210,197,28800,26300,12958,0,1000,True,ht_chantry-random-19.scen,280
320,ht_chantry.map,planner,1,41511,30634,197,197,35498,30634,33,0,0,False,ht_chantry-random-19.scen,320
320,ht_chantry.map,planner,1,41511,30634,197,197,35498,30634,29,0,0,True,ht_chantry-random-19.scen,320
320,ht_chantry.map,planner,1,41511,30634,197,197,35498,30634,31,0,1,False,ht_chantry-random-19.scen,320
320,ht_chantry.map,planner,1,39302,30634,248,197,34424,30634,92,0,1,True,ht_chantry-random-19.scen,320
320,ht_chantry.map,planner,1,41511,30634,197,197,35498,30634,31,0,10,False,ht_chantry-random-19.scen,320
320,ht_chantry.map,planner,1,38606,30634,207,197,34257,30634,472,0,10,True,ht_chantry-random-19.scen,320
320,ht_chantry.map,planner,1,41511,30634,197,197,35498,30634,32,0,100,False,ht_chantry-random-19.scen,320
320,ht_chantry.map,planner,1,38701,30634,208,197,34035,30634,3624,0,100,True,ht_chantry-random-19.scen,320
320,ht_chantry.map,planner,1,41511,30634,197,197,35498,30634,31,0,1000,False,ht_chantry-random-19.scen,320
320,ht_chantry.map,planner,1,38953,30634,206,197,34153,30634,35512,0,1000,True,ht_chantry-random-19.scen,320
360,ht_chantry.map,planner,1,47085,34604,206,197,40684,34604,37,0,0,False,ht_chantry-random-19.scen,360
360,ht_chantry.map,planner,1,47085,34604,206,197,40684,34604,41,0,0,True,ht_chantry-random-19.scen,360
360,ht_chantry.map,planner,1,47085,34604,206,197,40684,34604,35,0,1,False,ht_chantry-random-19.scen,360
360,ht_chantry.map,planner,1,45520,34604,203,197,39205,34604,102,0,1,True,ht_chantry-random-19.scen,360
360,ht_chantry.map,planner,1,47085,34604,206,197,40684,34604,34,0,10,False,ht_chantry-random-19.scen,360
360,ht_chantry.map,planner,1,45286,34604,220,197,39192,34604,603,0,10,True,ht_chantry-random-19.scen,360
360,ht_chantry.map,planner,1,47085,34604,206,197,40684,34604,33,0,100,False,ht_chantry-random-19.scen,360
360,ht_chantry.map,planner,1,44880,34604,210,197,39069,34604,4689,0,100,True,ht_chantry-random-19.scen,360
360,ht_chantry.map,planner,1,47085,34604,206,197,40684,34604,42,0,1000,False,ht_chantry-random-19.scen,360
360,ht_chantry.map,planner,1,44262,34604,210,197,39231,34604,49624,0,1000,True,ht_chantry-random-19.scen,360
400,ht_chantry.map,planner,1,53580,38492,204,197,46272,38492,43,0,0,False,ht_chantry-random-19.scen,400
400,ht_chantry.map,planner,1,53580,38492,204,197,46272,38492,42,0,0,True,ht_chantry-random-19.scen,400
400,ht_chantry.map,planner,1,53580,38492,204,197,46272,38492,43,0,1,False,ht_chantry-random-19.scen,400
400,ht_chantry.map,planner,1,52040,38492,207,197,44837,38492,127,0,1,True,ht_chantry-random-19.scen,400
400,ht_chantry.map,planner,1,53580,38492,204,197,46272,38492,41,0,10,False,ht_chantry-random-19.scen,400
400,ht_chantry.map,planner,1,51736,38492,204,197,44398,38492,734,0,10,True,ht_chantry-random-19.scen,400
400,ht_chantry.map,planner,1,53580,38492,204,197,46272,38492,40,0,100,False,ht_chantry-random-19.scen,400
400,ht_chantry.map,planner,1,50941,38492,203,197,43925,38492,5791,0,100,True,ht_chantry-random-19.scen,400
400,ht_chantry.map,planner,1,53580,38492,204,197,46272,38492,42,0,1000,False,ht_chantry-random-19.scen,400
440,ht_chantry.map,planner,1,61833,42574,218,197,52143,42574,49,0,0,False,ht_chantry-random-19.scen,440
440,ht_chantry.map,planner,1,61833,42574,218,197,52143,42574,49,0,0,True,ht_chantry-random-19.scen,440
440,ht_chantry.map,planner,1,61833,42574,218,197,52143,42574,47,0,1,False,ht_chantry-random-19.scen,440
440,ht_chantry.map,planner,1,57847,42574,215,197,50264,42574,138,0,1,True,ht_chantry-random-19.scen,440
440,ht_chantry.map,planner,1,61833,42574,218,197,52143,42574,54,0,10,False,ht_chantry-random-19.scen,440
440,ht_chantry.map,planner,1,58234,42574,211,197,49759,42574,783,0,10,True,ht_chantry-random-19.scen,440
440,ht_chantry.map,planner,1,61833,42574,218,197,52143,42574,46,0,100,False,ht_chantry-random-19.scen,440
440,ht_chantry.map,planner,1,57850,42574,213,197,49626,42574,6848,0,100,True,ht_chantry-random-19.scen,440
440,ht_chantry.map,planner,1,61833,42574,218,197,52143,42574,49,0,1000,False,ht_chantry-random-19.scen,440
480,ht_chantry.map,planner,1,69462,46531,210,197,57887,46531,50,0,0,False,ht_chantry-random-19.scen,480
480,ht_chantry.map,planner,1,69462,46531,210,197,57887,46531,50,0,0,True,ht_chantry-random-19.scen,480
480,ht_chantry.map,planner,1,69462,46531,210,197,57887,46531,49,0,1,False,ht_chantry-random-19.scen,480
480,ht_chantry.map,planner,1,66025,46531,211,197,56297,46531,157,0,1,True,ht_chantry-random-19.scen,480
480,ht_chantry.map,planner,1,69462,46531,210,197,57887,46531,57,0,10,False,ht_chantry-random-19.scen,480
480,ht_chantry.map,planner,1,65243,46531,217,197,55661,46531,883,0,10,True,ht_chantry-random-19.scen,480
480,ht_chantry.map,planner,1,69462,46531,210,197,57887,46531,55,0,100,False,ht_chantry-random-19.scen,480
480,ht_chantry.map,planner,1,63522,46531,220,197,54805,46531,7005,0,100,True,ht_chantry-random-19.scen,480
480,ht_chantry.map,planner,1,69462,46531,210,197,57887,46531,50,0,1000,False,ht_chantry-random-19.scen,480
520,ht_chantry.map,planner,1,76065,50265,241,197,63938,50265,60,0,0,False,ht_chantry-random-19.scen,520
520,ht_chantry.map,planner,1,76065,50265,241,197,63938,50265,64,0,0,True,ht_chantry-random-19.scen,520
520,ht_chantry.map,planner,1,76065,50265,241,197,63938,50265,58,0,1,False,ht_chantry-random-19.scen,520
520,ht_chantry.map,planner,1,72305,50265,219,197,60911,50265,175,0,1,True,ht_chantry-random-19.scen,520
520,ht_chantry.map,planner,1,76065,50265,241,197,63938,50265,58,0,10,False,ht_chantry-random-19.scen,520
520,ht_chantry.map,planner,1,73594,50265,207,197,61915,50265,1121,0,10,True,ht_chantry-random-19.scen,520
520,ht_chantry.map,planner,1,76065,50265,241,197,63938,50265,60,0,100,False,ht_chantry-random-19.scen,520
520,ht_chantry.map,planner,1,72049,50265,205,197,61246,50265,9214,0,100,True,ht_chantry-random-19.scen,520
520,ht_chantry.map,planner,1,76065,50265,241,197,63938,50265,63,0,1000,False,ht_chantry-random-19.scen,520
560,ht_chantry.map,planner,1,85297,54278,227,197,70168,54278,67,0,0,False,ht_chantry-random-19.scen,560
560,ht_chantry.map,planner,1,85297,54278,227,197,70168,54278,69,0,0,True,ht_chantry-random-19.scen,560
560,ht_chantry.map,planner,1,85297,54278,227,197,70168,54278,64,0,1,False,ht_chantry-random-19.scen,560
560,ht_chantry.map,planner,1,80434,54278,217,197,67380,54278,183,0,1,True,ht_chantry-random-19.scen,560
560,ht_chantry.map,planner,1,85297,54278,227,197,70168,54278,64,0,10,False,ht_chantry-random-19.scen,560
560,ht_chantry.map,planner,1,79858,54278,216,197,67497,54278,1177,0,10,True,ht_chantry-random-19.scen,560
560,ht_chantry.map,planner,1,85297,54278,227,197,70168,54278,64,0,100,False,ht_chantry-random-19.scen,560
560,ht_chantry.map,planner,1,79075,54278,241,197,66739,54278,10538,0,100,True,ht_chantry-random-19.scen,560
560,ht_chantry.map,planner,1,85297,54278,227,197,70168,54278,65,0,1000,False,ht_chantry-random-19.scen,560
40,ht_chantry.map,planner,1,4220,4004,178,178,4202,4004,3,0,0,False,ht_chantry-random-4.scen,40
40,ht_chantry.map,planner,1,4220,4004,178,178,4202,4004,3,0,0,True,ht_chantry-random-4.scen,40
40,ht_chantry.map,planner,1,4220,4004,178,178,4202,4004,4,0,1,False,ht_chantry-random-4.scen,40
40,ht_chantry.map,planner,1,4211,4004,178,178,4193,4004,4,0,1,True,ht_chantry-random-4.scen,40
40,ht_chantry.map,planner,1,4220,4004,178,178,4202,4004,4,0,10,False,ht_chantry-random-4.scen,40
40,ht_chantry.map,planner,1,4211,4004,178,178,4193,4004,4,0,10,True,ht_chantry-random-4.scen,40
40,ht_chantry.map,planner,1,4220,4004,178,178,4202,4004,4,0,100,False,ht_chantry-random-4.scen,40
40,ht_chantry.map,planner,1,4211,4004,178,178,4193,4004,4,0,100,True,ht_chantry-random-4.scen,40
40,ht_chantry.map,planner,1,4220,4004,178,178,4202,4004,4,0,1000,False,ht_chantry-random-4.scen,40
40,ht_chantry.map,planner,1,4211,4004,178,178,4193,4004,4,0,1000,True,ht_chantry-random-4.scen,40
80,ht_chantry.map,planner,1,8247,7349,195,195,7776,7349,7,0,0,False,ht_chantry-random-4.scen,80
80,ht_chantry.map,planner,1,8247,7349,195,195,7776,7349,7,0,0,True,ht_chantry-random-4.scen,80
80,ht_chantry.map,planner,1,8247,7349,195,195,7776,7349,7,0,1,False,ht_chantry-random-4.scen,80
80,ht_chantry.map,planner,1,8075,7349,195,195,7779,7349,7,0,1,True,ht_chantry-random-4.scen,80
80,ht_chantry.map,planner,1,8247,7349,195,195,7776,7349,7,0,10,False,ht_chantry-random-4.scen,80
80,ht_chantry.map,planner,1,8075,7349,195,195,7779,7349,7,0,10,True,ht_chantry-random-4.scen,80
80,ht_chantry.map,planner,1,8247,7349,195,195,7776,7349,7,0,100,False,ht_chantry-random-4.scen,80
80,ht_chantry.map,planner,1,8075,7349,195,195,7779,7349,8,0,100,True,ht_chantry-random-4.scen,80
80,ht_chantry.map,planner,1,8247,7349,195,195,7776,7349,7,0,1000,False,ht_chantry-random-4.scen,80
80,ht_chantry.map,planner,1,8075,7349,195,195,7779,7349,8,0,1000,True,ht_chantry-random-4.scen,80
120,ht_chantry.map,planner,1,13344,11079,199,195,12016,11079,11,0,0,False,ht_chantry-random-4.scen,120
120,ht_chantry.map,planner,1,13344,11079,199,195,12016,11079,11,0,0,True,ht_chantry-random-4.scen,120
120,ht_chantry.map,planner,1,13344,11079,199,195,12016,11079,11,0,1,False,ht_chantry-random-4.scen,120
120,ht_chantry.map,planner,1,12999,11079,198,195,11834,11079,11,0,1,True,ht_chantry-random-4.scen,120
120,ht_chantry.map,planner,1,13344,11079,199,195,12016,11079,11,0,10,False,ht_chantry-random-4.scen,120
120,ht_chantry.map,planner,1,12999,11079,198,195,11834,11079,12,0,10,True,ht_chantry-random-4.scen,120
120,ht_chantry.map,planner,1,13344,11079,199,195,12016,11079,11,0,100,False,ht_chantry-random-4.scen,120
120,ht_chantry.map,planner,1,12999,11079,198,195,11834,11079,12,0,100,True,ht_chantry-random-4.scen,120
120,ht_chantry.map,planner,1,13344,11079,199,195,12016,11079,12,0,1000,False,ht_chantry-random-4.scen,120
120,ht_chantry.map,planner,1,12999,11079,198,195,11834,11079,11,0,1000,True,ht_chantry-random-4.scen,120
160,ht_chantry.map,planner,1,18133,14868,195,195,16296,14868,14,0,0,False,ht_chantry-random-4.scen,160
160,ht_chantry.map,planner,1,18133,14868,195,195,16296,14868,14,0,0,True,ht_chantry-random-4.scen,160
160,ht_chantry.map,planner,1,18133,14868,195,195,16296,14868,15,0,1,False,ht_chantry-random-4.scen,160
160,ht_chantry.map,planner,1,17896,14868,195,195,15962,14868,16,0,1,True,ht_chantry-random-4.scen,160
160,ht_chantry.map,planner,1,18133,14868,195,195,16296,14868,16,0,10,False,ht_chantry-random-4.scen,160
160,ht_chantry.map,planner,1,17896,14868,195,195,15962,14868,17,0,10,True,ht_chantry-random-4.scen,160
160,ht_chantry.map,planner,1,18133,14868,195,195,16296,14868,17,0,100,False,ht_chantry-random-4.scen,160
160,ht_chantry.map,planner,1,17896,14868,195,195,15962,14868,21,0,100,True,ht_chantry-random-4.scen,160
160,ht_chantry.map,planner,1,18133,14868,195,195,16296,14868,15,0,1000,False,ht_chantry-random-4.scen,160
160,ht_chantry.map,planner,1,17896,14868,195,195,15962,14868,19,0,1000,True,ht_chantry-random-4.scen,160
200,ht_chantry.map,planner,1,23784,18610,195,195,20759,18610,19,0,0,False,ht_chantry-random-4.scen,200
200,ht_chantry.map,planner,1,23784,18610,195,195,20759,18610,19,0,0,True,ht_chantry-random-4.scen,200
200,ht_chantry.map,planner,1,23784,18610,195,195,20759,18610,18,0,1,False,ht_chantry-random-4.scen,200
200,ht_chantry.map,planner,1,22923,18610,195,195,20245,18610,36,0,1,True,ht_chantry-random-4.scen,200
200,ht_chantry.map,planner,1,23784,18610,195,195,20759,18610,20,0,10,False,ht_chantry-random-4.scen,200
200,ht_chantry.map,planner,1,23101,18610,200,195,20282,18610,69,0,10,True,ht_chantry-random-4.scen,200
200,ht_chantry.map,planner,1,23784,18610,195,195,20759,18610,19,0,100,False,ht_chantry-random-4.scen,200
200,ht_chantry.map,planner,1,23034,18610,195,195,20231,18610,234,0,100,True,ht_chantry-random-4.scen,200
200,ht_chantry.map,planner,1,23784,18610,195,195,20759,18610,18,0,1000,False,ht_chantry-random-4.scen,200
200,ht_chantry.map,planner,1,22890,18610,203,195,20327,18610,205,0,1000,True,ht_chantry-random-4.scen,200
240,ht_chantry.map,planner,1,29421,22794,198,195,26212,22794,26,0,0,False,ht_chantry-random-4.scen,240
240,ht_chantry.map,planner,1,29421,22794,198,195,26212,22794,22,0,0,True,ht_chantry-random-4.scen,240
240,ht_chantry.map,planner,1,29421,22794,198,195,26212,22794,22,0,1,False,ht_chantry-random-4.scen,240
240,ht_chantry.map,planner,1,28527,22794,208,195,25300,22794,61,0,1,True,ht_chantry-random-4.scen,240
240,ht_chantry.map,planner,1,29421,22794,198,195,26212,22794,23,0,10,False,ht_chantry-random-4.scen,240
240,ht_chantry.map,planner,1,28980,22794,195,195,25377,22794,332,0,10,True,ht_chantry-random-4.scen,240
240,ht_chantry.map,planner,1,29421,22794,198,195,26212,22794,22,0,100,False,ht_chantry-random-4.scen,240
240,ht_chantry.map,planner,1,28275,22794,196,195,25140,22794,1461,0,100,True,ht_chantry-random-4.scen,240
240,ht_chantry.map,planner,1,29421,22794,198,195,26212,22794,24,0,1000,False,ht_chantry-random-4.scen,240
240,ht_chantry.map,planner,1,28274,22794,195,195,25084,22794,6365,0,1000,True,ht_chantry-random-4.scen,240
280,ht_chantry.map,planner,1,35908,26942,195,195,31284,26942,26,0,0,False,ht_chantry-random-4.scen,280
280,ht_chantry.map,planner,1,35908,26942,195,195,31284,26942,30,0,0,True,ht_chantry-random-4.scen,280
280,ht_chantry.map,planner,1,35908,26942,195,195,31284,26942,29,0,1,False,ht_chantry-random-4.scen,280
280,ht_chantry.map,planner,1,34436,26942,214,195,30110,26942,78,0,1,True,ht_chantry-random-4.scen,280
280,ht_chantry.map,planner,1,35908,26942,195,195,31284,26942,28,0,10,False,ht_chantry-random-4.scen,280
280,ht_chantry.map,planner,1,33969,26942,198,195,29769,26942,340,0,10,True,ht_chantry-random-4.scen,280
280,ht_chantry.map,planner,1,35908,26942,195,195,31284,26942,26,0,100,False,ht_chantry-random-4.scen,280
280,ht_chantry.map,planner,1,34284,26942,201,195,29925,26942,2860,0,100,True,ht_chantry-random-4.scen,280
280,ht_chantry.map,planner,1,35908,26942,195,195,31284,26942,27,0,1000,False,ht_chantry-random-4.scen,280
280,ht_chantry.map,planner,1,33912,26942,198,195,29812,26942,16619,0,1000,True,ht_chantry-random-4.scen,280
320,ht_chantry.map,planner,1,41574,30464,200,195,35553,30464,32,0,0,False,ht_chantry-random-4.scen,320
320,ht_chantry.map,planner,1,41574,30464,200,195,35553,30464,32,0,0,True,ht_chantry-random-4.scen,320
320,ht_chantry.map,planner,1,41574,30464,200,195,35553,30464,32,0,1,False,ht_chantry-random-4.scen,320
320,ht_chantry.map,planner,1,38863,30464,217,195,34233,30464,92,0,1,True,ht_chantry-random-4.scen,320
320,ht_chantry.map,planner,1,41574,30464,200,195,35553,30464,32,0,10,False,ht_chantry-random-4.scen,320
320,ht_chantry.map,planner,1,38992,30464,237,195,34074,30464,457,0,10,True,ht_chantry-random-4.scen,320
320,ht_chantry.map,planner,1,41574,30464,200,195,35553,30464,34,0,100,False,ht_chantry-random-4.scen,320
320,ht_chantry.map,planner,1,38721,30464,211,195,34086,30464,3990,0,100,True,ht_chantry-random-4.scen,320
320,ht_chantry.map,planner,1,41574,30464,200,195,35553,30464,30,0,1000,False,ht_chantry-random-4.scen,320
320,ht_chantry.map,planner,1,38903,30464,195,195,34004,30464,32039,0,1000,True,ht_chantry-random-4.scen,320
360,ht_chantry.map,planner,1,46648,34229,202,195,40558,34229,38,0,0,False,ht_chantry-random-4.scen,360
360,ht_chantry.map,planner,1,46648,34229,202,195,40558,34229,37,0,0,True,ht_chantry-random-4.scen,360
360,ht_chantry.map,planner,1,46648,34229,202,195,40558,34229,35,0,1,False,ht_chantry-random-4.scen,360
360,ht_chantry.map,planner,1,44308,34229,215,195,38692,34229,105,0,1,True,ht_chantry-random-4.scen,360
360,ht_chantry.map,planner,1,46648,34229,202,195,40558,34229,36,0,10,False,ht_chantry-random-4.scen,360
360,ht_chantry.map,planner,1,44182,34229,201,195,38454,34229,570,0,10,True,ht_chantry-random-4.scen,360
360,ht_chantry.map,planner,1,46648,34229,202,195,40558,34229,36,0,100,False,ht_chantry-random-4.scen,360
360,ht_chantry.map,planner,1,44392,34229,199,195,38545,34229,3865,0,100,True,ht_chantry-random-4.scen,360
360,ht_chantry.map,planner,1,46648,34229,202,195,40558,34229,37,0,1000,False,ht_chantry-random-4.scen,360
360,ht_chantry.map,planner,1,43943,34229,219,195,38272,34229,25527,0,1000,True,ht_chantry-random-4.scen,360
400,ht_chantry.map,planner,1,52973,37353,217,195,45137,37353,40,0,0,False,ht_chantry-random-4.scen,400
400,ht_chantry.map,planner,1,52973,37353,217,195,45137,37353,43,0,0,True,ht_chantry-random-4.scen,400
400,ht_chantry.map,planner,1,52973,37353,217,195,45137,37353,45,0,1,False,ht_chantry-random-4.scen,400
400,ht_chantry.map,planner,1,49593,37353,198,195,42758,37353,117,0,1,True,ht_chantry-random-4.scen,400
400,ht_chantry.map,planner,1,52973,37353,217,195,45137,37353,46,0,10,False,ht_chantry-random-4.scen,400
400,ht_chantry.map,planner,1,49936,37353,218,195,42938,37353,647,0,10,True,ht_chantry-random-4.scen,400
400,ht_chantry.map,planner,1,52973,37353,217,195,45137,37353,41,0,100,False,ht_chantry-random-4.scen,400
400,ht_chantry.map,planner,1,49833,37353,199,195,42762,37353,5092,0,100,True,ht_chantry-random-4.scen,400
400,ht_chantry.map,planner,1,52973,37353,217,195,45137,37353,41,0,1000,False,ht_chantry-random-4.scen,400
400,ht_chantry.map,planner,1,49946,37353,200,195,42667,37353,46022,0,1000,True,ht_chantry-random-4.scen,400
440,ht_chantry.map,planner,1,59614,40905,217,195,50141,40905,44,0,0,False,ht_chantry-random-4.scen,440
440,ht_chantry.map,planner,1,59614,40905,217,195,50141,40905,51,0,0,True,ht_chantry-random-4.scen,440
440,ht_chantry.map,planner,1,59614,40905,217,195,50141,40905,48,0,1,False,ht_chantry-random-4.scen,440
440,ht_chantry.map,planner,1,56138,40905,213,195,47854,40905,134,0,1,True,ht_chantry-random-4.scen,440
440,ht_chantry.map,planner,1,59614,40905,217,195,50141,40905,49,0,10,False,ht_chantry-random-4.scen,440
440,ht_chantry.map,planner,1,55662,40905,202,195,47413,40905,823,0,10,True,ht_chantry-random-4.scen,440
440,ht_chantry.map,planner,1,59614,40905,217,195,50141,40905,52,0,100,False,ht_chantry-random-4.scen,440
440,ht_chantry.map,planner,1,55775,40905,207,195,47062,40905,6085,0,100,True,ht_chantry-random-4.scen,440
440,ht_chantry.map,planner,1,59614,40905,217,195,50141,40905,49,0,1000,False,ht_chantry-random-4.scen,440
480,ht_chantry.map,planner,1,67190,44509,214,195,55566,44509,52,0,0,False,ht_chantry-random-4.scen,480
480,ht_chantry.map,planner,1,67190,44509,214,195,55566,44509,53,0,0,True,ht_chantry-random-4.scen,480
480,ht_chantry.map,planner,1,67190,44509,214,195,55566,44509,51,0,1,False,ht_chantry-random-4.scen,480
480,ht_chantry.map,planner,1,63001,44509,203,195,53786,44509,163,0,1,True,ht_chantry-random-4.scen,480
480,ht_chantry.map,planner,1,67190,44509,214,195,55566,44509,51,0,10,False,ht_chantry-random-4.scen,480
480,ht_chantry.map,planner,1,63002,44509,209,195,53314,44509,905,0,10,True,ht_chantry-random-4.scen,480
480,ht_chantry.map,planner,1,67190,44509,214,195,55566,44509,52,0,100,False,ht_chantry-random-4.scen,480
480,ht_chantry.map,planner,1,62741,44509,204,195,53068,44509,8103,0,100,True,ht_chantry-random-4.scen,480
480,ht_chantry.map,planner,1,67190,44509,214,195,55566,44509,52,0,1000,False,ht_chantry-random-4.scen,480
520,ht_chantry.map,planner,1,72532,48129,200,195,60600,48129,58,0,0,False,ht_chantry-random-4.scen,520
520,ht_chantry.map,planner,1,72532,48129,200,195,60600,48129,66,0,0,True,ht_chantry-random-4.scen,520
520,ht_chantry.map,planner,1,72532,48129,200,195,60600,48129,56,0,1,False,ht_chantry-random-4.scen,520
520,ht_chantry.map,planner,1,70278,48129,228,195,59447,48129,174,0,1,True,ht_chantry-random-4.scen,520
520,ht_chantry.map,planner,1,72532,48129,200,195,60600,48129,54,0,10,False,ht_chantry-random-4.scen,520
520,ht_chantry.map,planner,1,69445,48129,213,195,58838,48129,1082,0,10,True,ht_chantry-random-4.scen,520
520,ht_chantry.map,planner,1,72532,48129,200,195,60600,48129,57,0,100,False,ht_chantry-random-4.scen,520
520,ht_chantry.map,planner,1,68562,48129,210,195,58344,48129,9507,0,100,True,ht_chantry-random-4.scen,520
520,ht_chantry.map,planner,1,72532,48129,200,195,60600,48129,55,0,1000,False,ht_chantry-random-4.scen,520
560,ht_chantry.map,planner,1,79496,51719,218,195,66230,51719,67,0,0,False,ht_chantry-random-4.scen,560
560,ht_chantry.map,planner,1,79496,51719,218,195,66230,51719,66,0,0,True,ht_chantry-random-4.scen,560
560,ht_chantry.map,planner,1,79496,51719,218,195,66230,51719,63,0,1,False,ht_chantry-random-4.scen,560
560,ht_chantry.map,planner,1,75560,51719,210,195,63787,51719,181,0,1,True,ht_chantry-random-4.scen,560
560,ht_chantry.map,planner,1,79496,51719,218,195,66230,51719,66,0,10,False,ht_chantry-random-4.scen,560
560,ht_chantry.map,planner,1,75894,51719,243,195,64069,51719,1156,0,10,True,ht_chantry-random-4.scen,560
560,ht_chantry.map,planner,1,79496,51719,218,195,66230,51719,64,0,100,False,ht_chantry-random-4.scen,560
560,ht_chantry.map,planner,1,76516,51719,256,195,64348,51719,10376,0,100,True,ht_chantry-random-4.scen,560
560,ht_chantry.map,planner,1,79496,51719,218,195,66230,51719,66,0,1000,False,ht_chantry-random-4.scen,560
40,ht_chantry.map,planner,1,3534,3408,165,165,3488,3408,3,0,0,False,ht_chantry-random-24.scen,40
40,ht_chantry.map,planner,1,3534,3408,165,165,3488,3408,3,0,0,True,ht_chantry-random-24.scen,40
40,ht_chantry.map,planner,1,3534,3408,165,165,3488,3408,3,0,1,False,ht_chantry-random-24.scen,40
40,ht_chantry.map,planner,1,3487,3408,165,165,3477,3408,3,0,1,True,ht_chantry-random-24.scen,40
40,ht_chantry.map,planner,1,3534,3408,165,165,3488,3408,3,0,10,False,ht_chantry-random-24.scen,40
40,ht_chantry.map,planner,1,3487,3408,165,165,3477,3408,4,0,10,True,ht_chantry-random-24.scen,40
40,ht_chantry.map,planner,1,3534,3408,165,165,3488,3408,3,0,100,False,ht_chantry-random-24.scen,40
40,ht_chantry.map,planner,1,3487,3408,165,165,3477,3408,3,0,100,True,ht_chantry-random-24.scen,40
40,ht_chantry.map,planner,1,3534,3408,165,165,3488,3408,3,0,1000,False,ht_chantry-random-24.scen,40
40,ht_chantry.map,planner,1,3487,3408,165,165,3477,3408,3,0,1000,True,ht_chantry-random-24.scen,40
80,ht_chantry.map,planner,1,7990,6840,175,175,7246,6840,7,0,0,False,ht_chantry-random-24.scen,80
80,ht_chantry.map,planner,1,7990,6840,175,175,7246,6840,7,0,0,True,ht_chantry-random-24.scen,80
80,ht_chantry.map,planner,1,7990,6840,175,175,7246,6840,8,0,1,False,ht_chantry-random-24.scen,80
80,ht_chantry.map,planner,1,8091,6840,175,175,7253,6840,7,0,1,True,ht_chantry-random-24.scen,80
80,ht_chantry.map,planner,1,7990,6840,175,175,7246,6840,7,0,10,False,ht_chantry-random-24.scen,80
80,ht_chantry.map,planner,1,8091,6840,175,175,7253,6840,7,0,10,True,ht_chantry-random-24.scen,80
80,ht_chantry.map,planner,1,7990,6840,175,175,7246,6840,7,0,100,False,ht_chantry-random-24.scen,80
80,ht_chantry.map,planner,1,8091,6840,175,175,7253,6840,7,0,100,True,ht_chantry-random-24.scen,80
80,ht_chantry.map,planner,1,7990,6840,175,175,7246,6840,7,0,1000,False,ht_chantry-random-24.scen,80
80,ht_chantry.map,planner,1,8091,6840,175,175,7253,6840,7,0,1000,True,ht_chantry-random-24.scen,80
120,ht_chantry.map,planner,1,12537,10375,188,187,11272,10375,12,0,0,False,ht_chantry-random-24.scen,120
120,ht_chantry.map,planner,1,12537,10375,188,187,11272,10375,11,0,0,True,ht_chantry-random-24.scen,120
120,ht_chantry.map,planner,1,12537,10375,188,187,11272,10375,10,0,1,False,ht_chantry-random-24.scen,120
120,ht_chantry.map,planner,1,12753,10375,191,187,11136,10375,12,0,1,True,ht_chantry-random-24.scen,120
120,ht_chantry.map,planner,1,12537,10375,188,187,11272,10375,12,0,10,False,ht_chantry-random-24.scen,120
120,ht_chantry.map,planner,1,12753,10375,191,187,11136,10375,13,0,10,True,ht_chantry-random-24.scen,120
120,ht_chantry.map,planner,1,12537,10375,188,187,11272,10375,11,0,100,False,ht_chantry-random-24.scen,120
120,ht_chantry.map,planner,1,12753,10375,191,187,11136,10375,12,0,100,True,ht_chantry-random-24.scen,120
120,ht_chantry.map,planner,1,12537,10375,188,187,11272,10375,10,0,1000,False,ht_chantry-random-24.scen,120
120,ht_chantry.map,planner,1,12753,10375,191,187,11136,10375,12,0,1000,True,ht_chantry-random-24.scen,120
160,ht_chantry.map,planner,1,16932,13940,199,199,15046,13940,16,0,0,False,ht_chantry-random-24.scen,160
160,ht_chantry.map,planner,1,16932,13940,199,199,15046,13940,15,0,0,True,ht_chantry-random-24.scen,160
160,ht_chantry.map,planner,1,16932,13940,199,199,15046,13940,15,0,1,False,ht_chantry-random-24.scen,160
160,ht_chantry.map,planner,1,16905,13940,199,199,14911,13940,16,0,1,True,ht_chantry-random-24.scen,160
160,ht_chantry.map,planner,1,16932,13940,199,199,15046,13940,15,0,10,False,ht_chantry-random-24.scen,160
160,ht_chantry.map,planner,1,16905,13940,199,199,14911,13940,16,0,10,True,ht_chantry-random-24.scen,160
160,ht_chantry.map,planner,1,16932,13940,199,199,15046,13940,14,0,100,False,ht_chantry-random-24.scen,160
160,ht_chantry.map,planner,1,16905,13940,199,199,14911,13940,16,0,100,True,ht_chantry-random-24.scen,160
160,ht_chantry.map,planner,1,16932,13940,199,199,15046,13940,15,0,1000,False,ht_chantry-random-24.scen,160
160,ht_chantry.map,planner,1,16905,13940,199,199,14911,13940,17,0,1000,True,ht_chantry-random-24.scen,160
200,ht_chantry.map,planner,1,21623,17290,199,199,19127,17290,19,0,0,False,ht_chantry-random-24.scen,200
200,ht_chantry.map,planner,1,21623,17290,199,199,19127,17290,19,0,0,True,ht_chantry-random-24.scen,200
200,ht_chantry.map,planner,1,21623,17290,199,199,19127,17290,21,0,1,False,ht_chantry-random-24.scen,200
200,ht_chantry.map,planner,1,21417,17290,199,199,18552,17290,25,0,1,True,ht_chantry-random-24.scen,200
200,ht_chantry.map,planner,1,21623,17290,199,199,19127,17290,18,0,10,False,ht_chantry-random-24.scen,200
200,ht_chantry.map,planner,1,21763,17290,199,199,18611,17290,28,0,10,True,ht_chantry-random-24.scen,200
200,ht_chantry.map,planner,1,21623,17290,199,199,19127,17290,19,0,100,False,ht_chantry-random-24.scen,200
200,ht_chantry.map,planner,1,21763,17290,199,199,18611,17290,27,0,100,True,ht_chantry-random-24.scen,200
200,ht_chantry.map,planner,1,21623,17290,199,199,19127,17290,18,0,1000,False,ht_chantry-random-24.scen,200
200,ht_chantry.map,planner,1,21763,17290,199,199,18611,17290,29,0,1000,True,ht_chantry-random-24.scen,200
240,ht_chantry.map,planner,1,28031,21401,199,199,23963,21401,23,0,0,False,ht_chantry-random-24.scen,240
240,ht_chantry.map,planner,1,28031,21401,199,199,23963,21401,24,0,0,True,ht_chantry-random-24.scen,240
240,ht_chantry.map,planner,1,28031,21401,199,199,23963,21401,23,0,1,False,ht_chantry-random-24.scen,240
240,ht_chantry.map,planner,1,27480,21401,199,199,23384,21401,49,0,1,True,ht_chantry-random-24.scen,240
240,ht_chantry.map,planner,1,28031,21401,199,199,23963,21401,23,0,10,False,ht_chantry-random-24.scen,240
240,ht_chantry.map,planner,1,27382,21401,199,199,23289,21401,111,0,10,True,ht_chantry-random-24.scen,240
240,ht_chantry.map,planner,1,28031,21401,199,199,23963,21401,26,0,100,False,ht_chantry-random-24.scen,240
240,ht_chantry.map,planner,1,27422,21401,199,199,23358,21401,465,0,100,True,ht_chantry-random-24.scen,240
240,ht_chantry.map,planner,1,28031,21401,199,199,23963,21401,23,0,1000,False,ht_chantry-random-24.scen,240
240,ht_chantry.map,planner,1,27266,21401,199,199,23377,21401,1788,0,1000,True,ht_chantry-random-24.scen,240
280,ht_chantry.map,planner,1,34513,25310,199,199,28799,25310,30,0,0,False,ht_chantry-random-24.scen,280
280,ht_chantry.map,planner,1,34513,25310,199,199,28799,25310,30,0,0,True,ht_chantry-random-24.scen,280
280,ht_chantry.map,planner,1,34513,25310,199,199,28799,25310,30,0,1,False,ht_chantry-random-24.scen,280
280,ht_chantry.map,planner,1,33409,25310,199,199,28001,25310,79,0,1,True,ht_chantry-random-24.scen,280
280,ht_chantry.map,planner,1,34513,25310,199,199,28799,25310,29,0,10,False,ht_chantry-random-24.scen,280
280,ht_chantry.map,planner,1,32910,25310,199,199,27797,25310,389,0,10,True,ht_chantry-random-24.scen,280
280,ht_chantry.map,planner,1,34513,25310,199,199,28799,25310,30,0,100,False,ht_chantry-random-24.scen,280
280,ht_chantry.map,planner,1,33135,25310,199,199,27894,25310,2310,0,100,True,ht_chantry-random-24.scen,280
280,ht_chantry.map,planner,1,34513,25310,199,199,28799,25310,32,0,1000,False,ht_chantry-random-24.scen,280
280,ht_chantry.map,planner,1,33016,25310,199,199,27695,25310,9447,0,1000,True,ht_chantry-random-24.scen,280
320,ht_chantry.map,planner,1,40676,28899,199,199,33530,28899,36,0,0,False,ht_chantry-random-24.scen,320
320,ht_chantry.map,planner,1,40676,28899,199,199,33530,28899,33,0,0,True,ht_chantry-random-24.scen,320
320,ht_chantry.map,planner,1,40676,28899,199,199,33530,28899,32,0,1,False,ht_chantry-random-24.scen,320
320,ht_chantry.map,planner,1,38986,28899,205,199,32521,28899,92,0,1,True,ht_chantry-random-24.scen,320
320,ht_chantry.map,planner,1,40676,28899,199,199,33530,28899,36,0,10,False,ht_chantry-random-24.scen,320
320,ht_chantry.map,planner,1,38677,28899,205,199,32361,28899,477,0,10,True,ht_chantry-random-24.scen,320
320,ht_chantry.map,planner,1,40676,28899,199,199,33530,28899,32,0,100,False,ht_chantry-random-24.scen,320
320,ht_chantry.map,planner,1,38723,28899,199,199,32209,28899,4071,0,100,True,ht_chantry-random-24.scen,320
320,ht_chantry.map,planner,1,40676,28899,199,199,33530,28899,33,0,1000,False,ht_chantry-random-24.scen,320
320,ht_chantry.map,planner,1,38111,28899,204,199,32261,28899,34216,0,1000,True,ht_chantry-random-24.scen,320
360,ht_chantry.map,planner,1,46842,33047,199,199,38703,33047,36,0,0,False,ht_chantry-random-24.scen,360
360,ht_chantry.map,planner,1,46842,33047,199,199,38703,33047,41,0,0,True,ht_chantry-random-24.scen,360
360,ht_chantry.map,planner,1,46842,33047,199,199,38703,33047,36,0,1,False,ht_chantry-random-24.scen,360
360,ht_chantry.map,planner,1,45306,33047,203,199,37541,33047,105,0,1,True,ht_chantry-random-24.scen,360
360,ht_chantry.map,planner,1,46842,33047,199,199,38703,33047,35,0,10,False,ht_chantry-random-24.scen,360
360,ht_chantry.map,planner,1,45606,33047,202,199,37617,33047,635,0,10,True,ht_chantry-random-24.scen,360
360,ht_chantry.map,planner,1,46842,33047,199,199,38703,33047,39,0,100,False,ht_chantry-random-24.scen,360
360,ht_chantry.map,planner,1,45184,33047,203,199,37271,33047,4719,0,100,True,ht_chantry-random-24.scen,360
360,ht_chantry.map,planner,1,46842,33047,199,199,38703,33047,38,0,1000,False,ht_chantry-random-24.scen,360
360,ht_chantry.map,planner,1,45149,33047,201,199,37331,33047,43253,0,1000,True,ht_chantry-random-24.scen,360
400,ht_chantry.map,planner,1,54454,37051,207,199,44451,37051,45,0,0,False,ht_chantry-random-24.scen,400
400,ht_chantry.map,planner,1,54454,37051,207,199,44451,37051,44,0,0,True,ht_chantry-random-24.scen,400
400,ht_chantry.map,planner,1,54454,37051,207,199,44451,37051,45,0,1,False,ht_chantry-random-24.scen,400
400,ht_chantry.map,planner,1,51538,37051,207,199,42814,37051,123,0,1,True,ht_chantry-random-24.scen,400
400,ht_chantry.map,planner,1,54454,37051,207,199,44451,37051,46,0,10,False,ht_chantry-random-24.scen,400
400,ht_chantry.map,planner,1,52510,37051,202,199,42779,37051,759,0,10,True,ht_chantry-random-24.scen,400
400,ht_chantry.map,planner,1,54454,37051,207,199,44451,37051,42,0,100,False,ht_chantry-random-24.scen,400
400,ht_chantry.map,planner,1,50395,37051,202,199,42271,37051,5987,0,100,True,ht_chantry-random-24.scen,400
400,ht_chantry.map,planner,1,54454,37051,207,199,44451,37051,47,0,1000,False,ht_chantry-random-24.scen,400
440,ht_chantry.map,planner,1,60779,40893,199,199,49431,40893,48,0,0,False,ht_chantry-random-24.scen,440
440,ht_chantry.map,planner,1,60779,40893,199,199,49431,40893,51,0,0,True,ht_chantry-random-24.scen,440
440,ht_chantry.map,planner,1,60779,40893,199,199,49431,40893,46,0,1,False,ht_chantry-random-24.scen,440
440,ht_chantry.map,planner,1,57665,40893,204,199,47702,40893,132,0,1,True,ht_chantry-random-24.scen,440
440,ht_chantry.map,planner,1,60779,40893,199,199,49431,40893,48,0,10,False,ht_chantry-random-24.scen,440
440,ht_chantry.map,planner,1,56775,40893,199,199,47127,40893,746,0,10,True,ht_chantry-random-24.scen,440
440,ht_chantry.map,planner,1,60779,40893,199,199,49431,40893,47,0,100,False,ht_chantry-random-24.scen,440
440,ht_chantry.map,planner,1,57194,40893,201,199,47260,40893,6736,0,100,True,ht_chantry-random-24.scen,440
440,ht_chantry.map,planner,1,60779,40893,199,199,49431,40893,50,0,1000,False,ht_chantry-random-24.scen,440
480,ht_chantry.map,planner,1,70840,45104,223,199,57854,45104,54,0,0,False,ht_chantry-random-24.scen,480
480,ht_chantry.map,planner,1,70840,45104,223,199,57854,45104,56,0,0,True,ht_chantry-random-24.scen,480
480,ht_chantry.map,planner,1,70840,45104,223,199,57854,45104,53,0,1,False,ht_chantry-random-24.scen,480
480,ht_chantry.map,planner,1,66783,45104,208,199,55035,45104,156,0,1,True,ht_chantry-random-24.scen,480
480,ht_chantry.map,planner,1,70840,45104,223,199,57854,45104,57,0,10,False,ht_chantry-random-24.scen,480
480,ht_chantry.map,planner,1,66321,45104,207,199,54722,45104,982,0,10,True,ht_chantry-random-24.scen,480
480,ht_chantry.map,planner,1,70840,45104,223,199,57854,45104,54,0,100,False,ht_chantry-random-24.scen,480
480,ht_chantry.map,planner,1,65672,45104,206,199,53792,45104,8227,0,100,True,ht_chantry-random-24.scen,480
480,ht_chantry.map,planner,1,70840,45104,223,199,57854,45104,57,0,1000,False,ht_chantry-random-24.scen,480
520,ht_chantry.map,planner,1,78938,48908,215,199,64145,48908,57,0,0,False,ht_chantry-random-24.scen,520
520,ht_chantry.map,planner,1,78938,48908,215,199,64145,48908,64,0,0,True,ht_chantry-random-24.scen,520
520,ht_chantry.map,planner,1,78938,48908,215,199,64145,48908,57,0,1,False,ht_chantry-random-24.scen,520
520,ht_chantry.map,planner,1,75771,48908,222,199,62412,48908,180,0,1,True,ht_chantry-random-24.scen,520
520,ht_chantry.map,planner,1,78938,48908,215,199,64145,48908,55,0,10,False,ht_chantry-random-24.scen,520
520,ht_chantry.map,planner,1,72186,48908,212,199,60561,48908,1074,0,10,True,ht_chantry-random-24.scen,520
520,ht_chantry.map,planner,1,78938,48908,215,199,64145,48908,63,0,100,False,ht_chantry-random-24.scen,520
520,ht_chantry.map,planner,1,71601,48908,212,199,59654,48908,9084,0,100,True,ht_chantry-random-24.scen,520
520,ht_chantry.map,planner,1,78938,48908,215,199,64145,48908,61,0,1000,False,ht_chantry-random-24.scen,520
560,ht_chantry.map,planner,1,85976,52719,221,199,69473,52719,71,0,0,False,ht_chantry-random-24.scen,560
560,ht_chantry.map,planner,1,85976,52719,221,199,69473,52719,68,0,0,True,ht_chantry-random-24.scen,560
560,ht_chantry.map,planner,1,85976,52719,221,199,69473,52719,63,0,1,False,ht_chantry-random-24.scen,560
560,ht_chantry.map,planner,1,81053,52719,211,199,67093,52719,187,0,1,True,ht_chantry-random-24.scen,560
560,ht_chantry.map,planner,1,85976,52719,221,199,69473,52719,63,0,10,False,ht_chantry-random-24.scen,560
560,ht_chantry.map,planner,1,82906,52719,236,199,67656,52719,1239,0,10,True,ht_chantry-random-24.scen,560
560,ht_chantry.map,planner,1,85976,52719,221,199,69473,52719,71,0,100,False,ht_chantry-random-24.scen,560
560,ht_chantry.map,planner,1,81002,52719,209,199,66543,52719,10551,0,100,True,ht_chantry-random-24.scen,560
560,ht_chantry.map,planner,1,85976,52719,221,199,69473,52719,63,0,1000,False,ht_chantry-random-24.scen,560
40,ht_chantry.map,planner,1,4768,4609,177,177,4753,4609,4,0,0,False,ht_chantry-random-18.scen,40
40,ht_chantry.map,planner,1,4768,4609,177,177,4753,4609,4,0,0,True,ht_chantry-random-18.scen,40
40,ht_chantry.map,planner,1,4768,4609,177,177,4753,4609,4,0,1,False,ht_chantry-random-18.scen,40
40,ht_chantry.map,planner,1,4814,4609,177,177,4764,4609,4,0,1,True,ht_chantry-random-18.scen,40
40,ht_chantry.map,planner,1,4768,4609,177,177,4753,4609,4,0,10,False,ht_chantry-random-18.scen,40
40,ht_chantry.map,planner,1,4814,4609,177,177,4764,4609,4,0,10,True,ht_chantry-random-18.scen,40
40,ht_chantry.map,planner,1,4768,4609,177,177,4753,4609,4,0,100,False,ht_chantry-random-18.scen,40
40,ht_chantry.map,planner,1,4814,4609,177,177,4764,4609,4,0,100,True,ht_chantry-random-18.scen,40
40,ht_chantry.map,planner,1,4768,4609,177,177,4753,4609,4,0,1000,False,ht_chantry-random-18.scen,40
40,ht_chantry.map,planner,1,4814,4609,177,177,4764,4609,4,0,1000,True,ht_chantry-random-18.scen,40
80,ht_chantry.map,planner,1,8780,7817,188,188,8237,7817,7,0,0,False,ht_chantry-random-18.scen,80
80,ht_chantry.map,planner,1,8780,7817,188,188,8237,7817,8,0,0,True,ht_chantry-random-18.scen,80
80,ht_chantry.map,planner,1,8780,7817,188,188,8237,7817,8,0,1,False,ht_chantry-random-18.scen,80
80,ht_chantry.map,planner,1,8582,7817,190,188,8151,7817,8,0,1,True,ht_chantry-random-18.scen,80
80,ht_chantry.map,planner,1,8780,7817,188,188,8237,7817,8,0,10,False,ht_chantry-random-18.scen,80
80,ht_chantry.map,planner,1,8582,7817,190,188,8151,7817,9,0,10,True,ht_chantry-random-18.scen,80
80,ht_chantry.map,planner,1,8780,7817,188,188,8237,7817,7,0,100,False,ht_chantry-random-18.scen,80
80,ht_chantry.map,planner,1,8582,7817,190,188,8151,7817,8,0,100,True,ht_chantry-random-18.scen,80
80,ht_chantry.map,planner,1,8780,7817,188,188,8237,7817,7,0,1000,False,ht_chantry-random-18.scen,80
80,ht_chantry.map,planner,1,8582,7817,190,188,8151,7817,8,0,1000,True,ht_chantry-random-18.scen,80
120,ht_chantry.map,planner,1,13495,11499,188,188,12325,11499,11,0,0,False,ht_chantry-random-18.scen,120
120,ht_chantry.map,planner,1,13495,11499,188,188,12325,11499,12,0,0,True,ht_chantry-random-18.scen,120
120,ht_chantry.map,planner,1,13495,11499,188,188,12325,11499,11,0,1,False,ht_chantry-random-18.scen,120
120,ht_chantry.map,planner,1,13457,11499,188,188,12193,11499,13,0,1,True,ht_chantry-random-18.scen,120
120,ht_chantry.map,planner,1,13495,11499,188,188,12325,11499,10,0,10,False,ht_chantry-random-18.scen,120
120,ht_chantry.map,planner,1,13457,11499,188,188,12193,11499,12,0,10,True,ht_chantry-random-18.scen,120
120,ht_chantry.map,planner,1,13495,11499,188,188,12325,11499,11,0,100,False,ht_chantry-random-18.scen,120
120,ht_chantry.map,planner,1,13457,11499,188,188,12193,11499,13,0,100,True,ht_chantry-random-18.scen,120
120,ht_chantry.map,planner,1,13495,11499,188,188,12325,11499,10,0,1000,False,ht_chantry-random-18.scen,120
120,ht_chantry.map,planner,1,13457,11499,188,188,12193,11499,14,0,1000,True,ht_chantry-random-18.scen,120
160,ht_chantry.map,planner,1,18970,15833,188,188,17275,15833,16,0,0,False,ht_chantry-random-18.scen,160
160,ht_chantry.map,planner,1,18970,15833,188,188,17275,15833,15,0,0,True,ht_chantry-random-18.scen,160
160,ht_chantry.map,planner,1,18970,15833,188,188,17275,15833,16,0,1,False,ht_chantry-random-18.scen,160
160,ht_chantry.map,planner,1,18569,15833,189,188,16827,15833,20,0,1,True,ht_chantry-random-18.scen,160
160,ht_chantry.map,planner,1,18970,15833,188,188,17275,15833,15,0,10,False,ht_chantry-random-18.scen,160
160,ht_chantry.map,planner,1,18569,15833,189,188,16827,15833,20,0,10,True,ht_chantry-random-18.scen,160
160,ht_chantry.map,planner,1,18970,15833,188,188,17275,15833,16,0,100,False,ht_chantry-random-18.scen,160
160,ht_chantry.map,planner,1,18569,15833,189,188,16827,15833,21,0,100,True,ht_chantry-random-18.scen,160
160,ht_chantry.map,planner,1,18970,15833,188,188,17275,15833,16,0,1000,False,ht_chantry-random-18.scen,160
160,ht_chantry.map,planner,1,18569,15833,189,188,16827,15833,22,0,1000,True,ht_chantry-random-18.scen,160
200,ht_chantry.map,planner,1,23805,19472,195,188,21429,19472,18,0,0,False,ht_chantry-random-18.scen,200
200,ht_chantry.map,planner,1,23805,19472,195,188,21429,19472,19,0,0,True,ht_chantry-random-18.scen,200
200,ht_chantry.map,planner,1,23805,19472,195,188,21429,19472,18,0,1,False,ht_chantry-random-18.scen,200
200,ht_chantry.map,planner,1,22982,19472,188,188,20748,19472,45,0,1,True,ht_chantry-random-18.scen,200
200,ht_chantry.map,planner,1,23805,19472,195,188,21429,19472,17,0,10,False,ht_chantry-random-18.scen,200
200,ht_chantry.map,planner,1,23306,19472,196,188,20836,19472,191,0,10,True,ht_chantry-random-18.scen,200
200,ht_chantry.map,planner,1,23805,19472,195,188,21429,19472,18,0,100,False,ht_chantry-random-18.scen,200
200,ht_chantry.map,planner,1,23289,19472,196,188,20845,19472,332,0,100,True,ht_chantry-random-18.scen,200
200,ht_chantry.map,planner,1,23805,19472,195,188,21429,19472,19,0,1000,False,ht_chantry-random-18.scen,200
200,ht_chantry.map,planner,1,23279,19472,196,188,20737,19472,1414,0,1000,True,ht_chantry-random-18.scen,200
240,ht_chantry.map,planner,1,28948,22959,188,188,25878,22959,22,0,0,False,ht_chantry-random-18.scen,240
240,ht_chantry.map,planner,1,28948,22959,188,188,25878,22959,24,0,0,True,ht_chantry-random-18.scen,240
240,ht_chantry.map,planner,1,28948,22959,188,188,25878,22959,23,0,1,False,ht_chantry-random-18.scen,240
240,ht_chantry.map,planner,1,28024,22959,192,188,24944,22959,63,0,1,True,ht_chantry-random-18.scen,240
240,ht_chantry.map,planner,1,28948,22959,188,188,25878,22959,20,0,10,False,ht_chantry-random-18.scen,240
240,ht_chantry.map,planner,1,27788,22959,200,188,24735,22959,216,0,10,True,ht_chantry-random-18.scen,240
240,ht_chantry.map,planner,1,28948,22959,188,188,25878,22959,22,0,100,False,ht_chantry-random-18.scen,240
240,ht_chantry.map,planner,1,27664,22959,195,188,24879,22959,1058,0,100,True,ht_chantry-random-18.scen,240
240,ht_chantry.map,planner,1,28948,22959,188,188,25878,22959,21,0,1000,False,ht_chantry-random-18.scen,240
240,ht_chantry.map,planner,1,27754,22959,188,188,24795,22959,3764,0,1000,True,ht_chantry-random-18.scen,240
280,ht_chantry.map,planner,1,35110,26617,200,197,30228,26617,30,0,0,False,ht_chantry-random-18.scen,280
280,ht_chantry.map,planner,1,35110,26617,200,197,30228,26617,32,0,0,True,ht_chantry-random-18.scen,280
280,ht_chantry.map,planner,1,35110,26617,200,197,30228,26617,28,0,1,False,ht_chantry-random-18.scen,280
280,ht_chantry.map,planner,1,33873,26617,201,197,29595,26617,86,0,1,True,ht_chantry-random-18.scen,280
280,ht_chantry.map,planner,1,35110,26617,200,197,30228,26617,29,0,10,False,ht_chantry-random-18.scen,280
280,ht_chantry.map,planner,1,33577,26617,197,197,29116,26617,449,0,10,True,ht_chantry-random-18.scen,280
280,ht_chantry.map,planner,1,35110,26617,200,197,30228,26617,26,0,100,False,ht_chantry-random-18.scen,280
280,ht_chantry.map,planner,1,33348,26617,198,197,29181,26617,3122,0,100,True,ht_chantry-random-18.scen,280
280,ht_chantry.map,planner,1,35110,26617,200,197,30228,26617,27,0,1000,False,ht_chantry-random-18.scen,280
280,ht_chantry.map,planner,1,33075,26617,200,197,29042,26617,24862,0,1000,True,ht_chantry-random-18.scen,280
320,ht_chantry.map,planner,1,41107,30809,207,197,35934,30809,33,0,0,False,ht_chantry-random-18.scen,320
320,ht_chantry.map,planner,1,41107,30809,207,197,35934,30809,31,0,0,True,ht_chantry-random-18.scen,320
320,ht_chantry.map,planner,1,41107,30809,207,197,35934,30809,36,0,1,False,ht_chantry-random-18.scen,320
320,ht_chantry.map,planner,1,39556,30809,216,197,34338,30809,93,0,1,True,ht_chantry-random-18.scen,320
320,ht_chantry.map,planner,1,41107,30809,207,197,35934,30809,31,0,10,False,ht_chantry-random-18.scen,320
320,ht_chantry.map,planner,1,39169,30809,214,197,33885,30809,493,0,10,True,ht_chantry-random-18.scen,320
320,ht_chantry.map,planner,1,41107,30809,207,197,35934,30809,37,0,100,False,ht_chantry-random-18.scen,320
320,ht_chantry.map,planner,1,39840,30809,220,197,34134,30809,4695,0,100,True,ht_chantry-random-18.scen,320
320,ht_chantry.map,planner,1,41107,30809,207,197,35934,30809,34,0,1000,False,ht_chantry-random-18.scen,320
320,ht_chantry.map,planner,1,39713,30809,220,197,33947,30809,36030,0,1000,True,ht_chantry-random-18.scen,320
360,ht_chantry.map,planner,1,46984,34584,197,197,40218,34584,37,0,0,False,ht_chantry-random-18.scen,360
360,ht_chantry.map,planner,1,46984,34584,197,197,40218,34584,39,0,0,True,ht_chantry-random-18.scen,360
360,ht_chantry.map,planner,1,46984,34584,197,197,40218,34584,37,0,1,False,ht_chantry-random-18.scen,360
360,ht_chantry.map,planner,1,44857,34584,199,197,38737,34584,100,0,1,True,ht_chantry-random-18.scen,360
360,ht_chantry.map,planner,1,46984,34584,197,197,40218,34584,35,0,10,False,ht_chantry-random-18.scen,360
360,ht_chantry.map,planner,1,44685,34584,200,197,38926,34584,617,0,10,True,ht_chantry-random-18.scen,360
360,ht_chantry.map,planner,1,46984,34584,197,197,40218,34584,35,0,100,False,ht_chantry-random-18.scen,360
360,ht_chantry.map,planner,1,45001,34584,204,197,38596,34584,5334,0,100,True,ht_chantry-random-18.scen,360
360,ht_chantry.map,planner,1,46984,34584,197,197,40218,34584,39,0,1000,False,ht_chantry-random-18.scen,360
360,ht_chantry.map,planner,1,44880,34584,203,197,38618,34584,44164,0,1000,True,ht_chantry-random-18.scen,360
400,ht_chantry.map,planner,1,54981,38817,211,197,46493,38817,42,0,0,False,ht_chantry-random-18.scen,400
400,ht_chantry.map,planner,1,54981,38817,211,197,46493,38817,41,0,0,True,ht_chantry-random-18.scen,400
400,ht_chantry.map,planner,1,54981,38817,211,197,46493,38817,43,0,1,False,ht_chantry-random-18.scen,400
400,ht_chantry.map,planner,1,52666,38817,208,197,44864,38817,122,0,1,True,ht_chantry-random-18.scen,400
400,ht_chantry.map,planner,1,54981,38817,211,197,46493,38817,43,0,10,False,ht_chantry-random-18.scen,400
400,ht_chantry.map,planner,1,52225,38817,223,197,44492,38817,688,0,10,True,ht_chantry-random-18.scen,400
400,ht_chantry.map,planner,1,54981,38817,211,197,46493,38817,43,0,100,False,ht_chantry-random-18.scen,400
400,ht_chantry.map,planner,1,51746,38817,226,197,43977,38817,6205,0,100,True,ht_chantry-random-18.scen,400
400,ht_chantry.map,planner,1,54981,38817,211,197,46493,38817,40,0,1000,False,ht_chantry-random-18.scen,400
440,ht_chantry.map,planner,1,63280,43331,207,197,52589,43331,53,0,0,False,ht_chantry-random-18.scen,440
440,ht_chantry.map,planner,1,63280,43331,207,197,52589,43331,55,0,0,True,ht_chantry-random-18.scen,440
440,ht_chantry.map,planner,1,63280,43331,207,197,52589,43331,48,0,1,False,ht_chantry-random-18.scen,440
440,ht_chantry.map,planner,1,59709,43331,204,197,50894,43331,132,0,1,True,ht_chantry-random-18.scen,440
440,ht_chantry.map,planner,1,63280,43331,207,197,52589,43331,50,0,10,False,ht_chantry-random-18.scen,440
440,ht_chantry.map,planner,1,59997,43331,217,197,50596,43331,810,0,10,True,ht_chantry-random-18.scen,440
440,ht_chantry.map,planner,1,63280,43331,207,197,52589,43331,48,0,100,False,ht_chantry-random-18.scen,440
440,ht_chantry.map,planner,1,59734,43331,211,197,50305,43331,7372,0,100,True,ht_chantry-random-18.scen,440
440,ht_chantry.map,planner,1,63280,43331,207,197,52589,43331,47,0,1000,False,ht_chantry-random-18.scen,440
480,ht_chantry.map,planner,1,69840,46994,223,197,58446,46994,53,0,0,False,ht_chantry-random-18.scen,480
480,ht_chantry.map,planner,1,69840,46994,223,197,58446,46994,51,0,0,True,ht_chantry-random-18.scen,480
480,ht_chantry.map,planner,1,69840,46994,223,197,58446,46994,48,0,1,False,ht_chantry-random-18.scen,480
480,ht_chantry.map,planner,1,64553,46994,205,197,55989,46994,159,0,1,True,ht_chantry-random-18.scen,480
480,ht_chantry.map,planner,1,69840,46994,223,197,58446,46994,51,0,10,False,ht_chantry-random-18.scen,480
480,ht_chantry.map,planner,1,63669,46994,208,197,55255,46994,904,0,10,True,ht_chantry-random-18.scen,480
480,ht_chantry.map,planner,1,69840,46994,223,197,58446,46994,58,0,100,False,ht_chantry-random-18.scen,480
480,ht_chantry.map,planner,1,63115,46994,206,197,54744,46994,7222,0,100,True,ht_chantry-random-18.scen,480
480,ht_chantry.map,planner,1,69840,46994,223,197,58446,46994,52,0,1000,False,ht_chantry-random-18.scen,480
520,ht_chantry.map,planner,1,77775,50596,233,197,63629,50596,58,0,0,False,ht_chantry-random-18.scen,520
520,ht_chantry.map,planner,1,77775,50596,233,197,63629,50596,62,0,0,True,ht_chantry-random-18.scen,520
520,ht_chantry.map,planner,1,77775,50596,233,197,63629,50596,60,0,1,False,ht_chantry-random-18.scen,520
520,ht_chantry.map,planner,1,72166,50596,209,197,60941,50596,174,0,1,True,ht_chantry-random-18.scen,520
520,ht_chantry.map,planner,1,77775,50596,233,197,63629,50596,58,0,10,False,ht_chantry-random-18.scen,520
520,ht_chantry.map,planner,1,71658,50596,208,197,61056,50596,1035,0,10,True,ht_chantry-random-18.scen,520
520,ht_chantry.map,planner,1,77775,50596,233,197,63629,50596,60,0,100,False,ht_chantry-random-18.scen,520
520,ht_chantry.map,planner,1,73475,50596,215,197,61310,50596,8964,0,100,True,ht_chantry-random-18.scen,520
520,ht_chantry.map,planner,1,77775,50596,233,197,63629,50596,62,0,1000,False,ht_chantry-random-18.scen,520
560,ht_chantry.map,planner,1,87831,54291,234,197,71670,54291,65,0,0,False,ht_chantry-random-18.scen,560
560,ht_chantry.map,planner,1,87831,54291,234,197,71670,54291,68,0,0,True,ht_chantry-random-18.scen,560
560,ht_chantry.map,planner,1,87831,54291,234,197,71670,54291,63,0,1,False,ht_chantry-random-18.scen,560
560,ht_chantry.map,planner,1,80965,54291,219,197,68108,54291,191,0,1,True,ht_chantry-random-18.scen,560
560,ht_chantry.map,planner,1,87831,54291,234,197,71670,54291,62,0,10,False,ht_chantry-random-18.scen,560
560,ht_chantry.map,planner,1,80055,54291,214,197,66940,54291,1171,0,10,True,ht_chantry-random-18.scen,560
560,ht_chantry.map,planner,1,87831,54291,234,197,71670,54291,61,0,100,False,ht_chantry-random-18.scen,560
560,ht_chantry.map,planner,1,82095,54291,218,197,67576,54291,10581,0,100,True,ht_chantry-random-18.scen,560
560,ht_chantry.map,planner,1,87831,54291,234,197,71670,54291,72,0,1000,False,ht_chantry-random-18.scen,560
40,ht_chantry.map,planner,1,4304,4020,164,164,4138,4020,4,0,0,False,ht_chantry-random-11.scen,40
40,ht_chantry.map,planner,1,4304,4020,164,164,4138,4020,4,0,0,True,ht_chantry-random-11.scen,40
40,ht_chantry.map,planner,1,4304,4020,164,164,4138,4020,4,0,1,False,ht_chantry-random-11.scen,40
40,ht_chantry.map,planner,1,4320,4020,164,164,4146,4020,4,0,1,True,ht_chantry-random-11.scen,40
40,ht_chantry.map,planner,1,4304,4020,164,164,4138,4020,4,0,10,False,ht_chantry-random-11.scen,40
40,ht_chantry.map,planner,1,4320,4020,164,164,4146,4020,4,0,10,True,ht_chantry-random-11.scen,40
40,ht_chantry.map,planner,1,4304,4020,164,164,4138,4020,4,0,100,False,ht_chantry-random-11.scen,40
40,ht_chantry.map,planner,1,4320,4020,164,164,4146,4020,4,0,100,True,ht_chantry-random-11.scen,40
40,ht_chantry.map,planner,1,4304,4020,164,164,4138,4020,4,0,1000,False,ht_chantry-random-11.scen,40
40,ht_chantry.map,planner,1,4320,4020,164,164,4146,4020,4,0,1000,True,ht_chantry-random-11.scen,40
80,ht_chantry.map,planner,1,8178,6879,164,164,7287,6879,7,0,0,False,ht_chantry-random-11.scen,80
80,ht_chantry.map,planner,1,8178,6879,164,164,7287,6879,7,0,0,True,ht_chantry-random-11.scen,80
80,ht_chantry.map,planner,1,8178,6879,164,164,7287,6879,7,0,1,False,ht_chantry-random-11.scen,80
80,ht_chantry.map,planner,1,8292,6879,164,164,7301,6879,8,0,1,True,ht_chantry-random-11.scen,80
80,ht_chantry.map,planner,1,8178,6879,164,164,7287,6879,7,0,10,False,ht_chantry-random-11.scen,80
80,ht_chantry.map,planner,1,8292,6879,164,164,7301,6879,7,0,10,True,ht_chantry-random-11.scen,80
80,ht_chantry.map,planner,1,8178,6879,164,164,7287,6879,7,0,100,False,ht_chantry-random-11.scen,80
80,ht_chantry.map,planner,1,8292,6879,164,164,7301,6879,7,0,100,True,ht_chantry-random-11.scen,80
80,ht_chantry.map,planner,1,8178,6879,164,164,7287,6879,7,0,1000,False,ht_chantry-random-11.scen,80
80,ht_chantry.map,planner,1,8292,6879,164,164,7301,6879,7,0,1000,True,ht_chantry-random-11.scen,80
120,ht_chantry.map,planner,1,12512,10045,177,177,10910,10045,10,0,0,False,ht_chantry-random-11.scen,120
120,ht_chantry.map,planner,1,12512,10045,177,177,10910,10045,11,0,0,True,ht_chantry-random-11.scen,120
120,ht_chantry.map,planner,1,12512,10045,177,177,10910,10045,10,0,1,False,ht_chantry-random-11.scen,120
120,ht_chantry.map,planner,1,12175,10045,177,177,10753,10045,10,0,1,True,ht_chantry-random-11.scen,120
120,ht_chantry.map,planner,1,12512,10045,177,177,10910,10045,10,0,10,False,ht_chantry-random-11.scen,120
120,ht_chantry.map,planner,1,12175,10045,177,177,10753,10045,10,0,10,True,ht_chantry-random-11.scen,120
120,ht_chantry.map,planner,1,12512,10045,177,177,10910,10045,9,0,100,False,ht_chantry-random-11.scen,120
120,ht_chantry.map,planner,1,12175,10045,177,177,10753,10045,11,0,100,True,ht_chantry-random-11.scen,120
120,ht_chantry.map,planner,1,12512,10045,177,177,10910,10045,10,0,1000,False,ht_chantry-random-11.scen,120
120,ht_chantry.map,planner,1,12175,10045,177,177,10753,10045,11,0,1000,True,ht_chantry-random-11.scen,120
160,ht_chantry.map,planner,1,16559,13248,181,181,14450,13248,13,0,0,False,ht_chantry-random-11.scen,160
160,ht_chantry.map,planner,1,16559,13248,181,181,14450,13248,13,0,0,True,ht_chantry-random-11.scen,160
160,ht_chantry.map,planner,1,16559,13248,181,181,14450,13248,13,0,1,False,ht_chantry-random-11.scen,160
160,ht_chantry.map,planner,1,16048,13248,181,181,14181,13248,14,0,1,True,ht_chantry-random-11.scen,160
160,ht_chantry.map,planner,1,16559,13248,181,181,14450,13248,12,0,10,False,ht_chantry-random-11.scen,160
160,ht_chantry.map,planner,1,16048,13248,181,181,14181,13248,15,0,10,True,ht_chantry-random-11.scen,160
160,ht_chantry.map,planner,1,16559,13248,181,181,14450,13248,12,0,100,False,ht_chantry-random-11.scen,160
160,ht_chantry.map,planner,1,16048,13248,181,181,14181,13248,15,0,100,True,ht_chantry-random-11.scen,160
160,ht_chantry.map,planner,1,16559,13248,181,181,14450,13248,12,0,1000,False,ht_chantry-random-11.scen,160
160,ht_chantry.map,planner,1,16048,13248,181,181,14181,13248,14,0,1000,True,ht_chantry-random-11.scen,160
200,ht_chantry.map,planner,1,22126,17194,181,181,18914,17194,17,0,0,False,ht_chantry-random-11.scen,200
200,ht_chantry.map,planner,1,22126,17194,181,181,18914,17194,18,0,0,True,ht_chantry-random-11.scen,200
200,ht_chantry.map,planner,1,22126,17194,181,181,18914,17194,17,0,1,False,ht_chantry-random-11.scen,200
200,ht_chantry.map,planner,1,22223,17194,185,181,18730,17194,28,0,1,True,ht_chantry-random-11.scen,200
200,ht_chantry.map,planner,1,22126,17194,181,181,18914,17194,17,0,10,False,ht_chantry-random-11.scen,200
200,ht_chantry.map,planner,1,22064,17194,184,181,18711,17194,42,0,10,True,ht_chantry-random-11.scen,200
200,ht_chantry.map,planner,1,22126,17194,181,181,18914,17194,18,0,100,False,ht_chantry-random-11.scen,200
200,ht_chantry.map,planner,1,22092,17194,194,181,18741,17194,149,0,100,True,ht_chantry-random-11.scen,200
200,ht_chantry.map,planner,1,22126,17194,181,181,18914,17194,20,0,1000,False,ht_chantry-random-11.scen,200
200,ht_chantry.map,planner,1,21682,17194,182,181,18663,17194,197,0,1000,True,ht_chantry-random-11.scen,200
240,ht_chantry.map,planner,1,27465,21010,184,181,23529,21010,21,0,0,False,ht_chantry-random-11.scen,240
240,ht_chantry.map,planner,1,27465,21010,184,181,23529,21010,20,0,0,True,ht_chantry-random-11.scen,240
240,ht_chantry.map,planner,1,27465,21010,184,181,23529,21010,22,0,1,False,ht_chantry-random-11.scen,240
240,ht_chantry.map,planner,1,27170,21010,183,181,22909,21010,46,0,1,True,ht_chantry-random-11.scen,240
240,ht_chantry.map,planner,1,27465,21010,184,181,23529,21010,22,0,10,False,ht_chantry-random-11.scen,240
240,ht_chantry.map,planner,1,26627,21010,184,181,22876,21010,107,0,10,True,ht_chantry-random-11.scen,240
240,ht_chantry.map,planner,1,27465,21010,184,181,23529,21010,22,0,100,False,ht_chantry-random-11.scen,240
240,ht_chantry.map,planner,1,26973,21010,186,181,22904,21010,305,0,100,True,ht_chantry-random-11.scen,240
240,ht_chantry.map,planner,1,27465,21010,184,181,23529,21010,21,0,1000,False,ht_chantry-random-11.scen,240
240,ht_chantry.map,planner,1,27377,21010,186,181,22893,21010,929,0,1000,True,ht_chantry-random-11.scen,240
280,ht_chantry.map,planner,1,33562,24811,193,181,28284,24811,25,0,0,False,ht_chantry-random-11.scen,280
280,ht_chantry.map,planner,1,33562,24811,193,181,28284,24811,25,0,0,True,ht_chantry-random-11.scen,280
280,ht_chantry.map,planner,1,33562,24811,193,181,28284,24811,25,0,1,False,ht_chantry-random-11.scen,280
280,ht_chantry.map,planner,1,32055,24811,192,181,27217,24811,59,0,1,True,ht_chantry-random-11.scen,280
280,ht_chantry.map,planner,1,33562,24811,193,181,28284,24811,24,0,10,False,ht_chantry-random-11.scen,280
280,ht_chantry.map,planner,1,32815,24811,185,181,27313,24811,252,0,10,True,ht_chantry-random-11.scen,280
280,ht_chantry.map,planner,1,33562,24811,193,181,28284,24811,28,0,100,False,ht_chantry-random-11.scen,280
280,ht_chantry.map,planner,1,32254,24811,194,181,27264,24811,1651,0,100,True,ht_chantry-random-11.scen,280
280,ht_chantry.map,planner,1,33562,24811,193,181,28284,24811,26,0,1000,False,ht_chantry-random-11.scen,280
280,ht_chantry.map,planner,1,33105,24811,186,181,27243,24811,5065,0,1000,True,ht_chantry-random-11.scen,280
320,ht_chantry.map,planner,1,39970,28818,184,181,33125,28818,32,0,0,False,ht_chantry-random-11.scen,320
320,ht_chantry.map,planner,1,39970,28818,184,181,33125,28818,30,0,0,True,ht_chantry-random-11.scen,320
320,ht_chantry.map,planner,1,39970,28818,184,181,33125,28818,29,0,1,False,ht_chantry-random-11.scen,320
320,ht_chantry.map,planner,1,38482,28818,191,181,32543,28818,86,0,1,True,ht_chantry-random-11.scen,320
320,ht_chantry.map,planner,1,39970,28818,184,181,33125,28818,33,0,10,False,ht_chantry-random-11.scen,320
320,ht_chantry.map,planner,1,38858,28818,188,181,32230,28818,411,0,10,True,ht_chantry-random-11.scen,320
320,ht_chantry.map,planner,1,39970,28818,184,181,33125,28818,31,0,100,False,ht_chantry-random-11.scen,320
320,ht_chantry.map,planner,1,38582,28818,190,181,32316,28818,3674,0,100,True,ht_chantry-random-11.scen,320
320,ht_chantry.map,planner,1,39970,28818,184,181,33125,28818,33,0,1000,False,ht_chantry-random-11.scen,320
320,ht_chantry.map,planner,1,38369,28818,187,181,32084,28818,27438,0,1000,True,ht_chantry-random-11.scen,320
360,ht_chantry.map,planner,1,47749,33301,203,203,39132,33301,38,0,0,False,ht_chantry-random-11.scen,360
360,ht_chantry.map,planner,1,47749,33301,203,203,39132,33301,39,0,0,True,ht_chantry-random-11.scen,360
360,ht_chantry.map,planner,1,47749,33301,203,203,39132,33301,38,0,1,False,ht_chantry-random-11.scen,360
360,ht_chantry.map,planner,1,44680,33301,212,203,37503,33301,94,0,1,True,ht_chantry-random-11.scen,360
360,ht_chantry.map,planner,1,47749,33301,203,203,39132,33301,35,0,10,False,ht_chantry-random-11.scen,360
360,ht_chantry.map,planner,1,44346,33301,208,203,37452,33301,518,0,10,True,ht_chantry-random-11.scen,360
360,ht_chantry.map,planner,1,47749,33301,203,203,39132,33301,37,0,100,False,ht_chantry-random-11.scen,360
360,ht_chantry.map,planner,1,45324,33301,214,203,37489,33301,4488,0,100,True,ht_chantry-random-11.scen,360
360,ht_chantry.map,planner,1,47749,33301,203,203,39132,33301,38,0,1000,False,ht_chantry-random-11.scen,360
360,ht_chantry.map,planner,1,44472,33301,208,203,37323,33301,33564,0,1000,True,ht_chantry-random-11.scen,360
400,ht_chantry.map,planner,1,53520,36795,203,203,44254,36795,41,0,0,False,ht_chantry-random-11.scen,400
400,ht_chantry.map,planner,1,53520,36795,203,203,44254,36795,46,0,0,True,ht_chantry-random-11.scen,400
400,ht_chantry.map,planner,1,53520,36795,203,203,44254,36795,43,0,1,False,ht_chantry-random-11.scen,400
400,ht_chantry.map,planner,1,50853,36795,205,203,42574,36795,124,0,1,True,ht_chantry-random-11.scen,400
400,ht_chantry.map,planner,1,53520,36795,203,203,44254,36795,41,0,10,False,ht_chantry-random-11.scen,400
400,ht_chantry.map,planner,1,51146,36795,211,203,42296,36795,797,0,10,True,ht_chantry-random-11.scen,400
400,ht_chantry.map,planner,1,53520,36795,203,203,44254,36795,39,0,100,False,ht_chantry-random-11.scen,400
400,ht_chantry.map,planner,1,50455,36795,206,203,42278,36795,5885,0,100,True,ht_chantry-random-11.scen,400
400,ht_chantry.map,planner,1,53520,36795,203,203,44254,36795,40,0,1000,False,ht_chantry-random-11.scen,400
400,ht_chantry.map,planner,1,50315,36795,214,203,42221,36795,47811,0,1000,True,ht_chantry-random-11.scen,400
440,ht_chantry.map,planner,1,61374,40491,226,203,49592,40491,48,0,0,False,ht_chantry-random-11.scen,440
440,ht_chantry.map,planner,1,61374,40491,226,203,49592,40491,50,0,0,True,ht_chantry-random-11.scen,440
440,ht_chantry.map,planner,1,61374,40491,226,203,49592,40491,47,0,1,False,ht_chantry-random-11.scen,440
440,ht_chantry.map,planner,1,56332,40491,209,203,47234,40491,139,0,1,True,ht_chantry-random-11.scen,440
440,ht_chantry.map,planner,1,61374,40491,226,203,49592,40491,47,0,10,False,ht_chantry-random-11.scen,440
440,ht_chantry.map,planner,1,57114,40491,207,203,47675,40491,905,0,10,True,ht_chantry-random-11.scen,440
440,ht_chantry.map,planner,1,61374,40491,226,203,49592,40491,47,0,100,False,ht_chantry-random-11.scen,440
440,ht_chantry.map,planner,1,56544,40491,222,203,47284,40491,6630,0,100,True,ht_chantry-random-11.scen,440
440,ht_chantry.map,planner,1,61374,40491,226,203,49592,40491,49,0,1000,False,ht_chantry-random-11.scen,440
480,ht_chantry.map,planner,1,67930,44624,217,203,55116,44624,51,0,0,False,ht_chantry-random-11.scen,480
480,ht_chantry.map,planner,1,67930,44624,217,203,55116,44624,52,0,0,True,ht_chantry-random-11.scen,480
480,ht_chantry.map,planner,1,67930,44624,217,203,55116,44624,50,0,1,False,ht_chantry-random-11.scen,480
480,ht_chantry.map,planner,1,64035,44624,208,203,53311,44624,152,0,1,True,ht_chantry-random-11.scen,480
480,ht_chantry.map,planner,1,67930,44624,217,203,55116,44624,49,0,10,False,ht_chantry-random-11.scen,480
480,ht_chantry.map,planner,1,63987,44624,219,203,53457,44624,964,0,10,True,ht_chantry-random-11.scen,480
480,ht_chantry.map,planner,1,67930,44624,217,203,55116,44624,50,0,100,False,ht_chantry-random-11.scen,480
480,ht_chantry.map,planner,1,63529,44624,219,203,52857,44624,7604,0,100,True,ht_chantry-random-11.scen,480
480,ht_chantry.map,planner,1,67930,44624,217,203,55116,44624,53,0,1000,False,ht_chantry-random-11.scen,480
520,ht_chantry.map,planner,1,74526,48249,213,203,60644,48249,52,0,0,False,ht_chantry-random-11.scen,520
520,ht_chantry.map,planner,1,74526,48249,213,203,60644,48249,59,0,0,True,ht_chantry-random-11.scen,520
520,ht_chantry.map,planner,1,74526,48249,213,203,60644,48249,56,0,1,False,ht_chantry-random-11.scen,520
520,ht_chantry.map,planner,1,70107,48249,210,203,59012,48249,181,0,1,True,ht_chantry-random-11.scen,520
520,ht_chantry.map,planner,1,74526,48249,213,203,60644,48249,53,0,10,False,ht_chantry-random-11.scen,520
520,ht_chantry.map,planner,1,70665,48249,208,203,58125,48249,1041,0,10,True,ht_chantry-random-11.scen,520
520,ht_chantry.map,planner,1,74526,48249,213,203,60644,48249,54,0,100,False,ht_chantry-random-11.scen,520
520,ht_chantry.map,planner,1,69153,48249,217,203,57384,48249,8172,0,100,True,ht_chantry-random-11.scen,520
520,ht_chantry.map,planner,1,74526,48249,213,203,60644,48249,55,0,1000,False,ht_chantry-random-11.scen,520
560,ht_chantry.map,planner,1,84208,52546,235,203,67247,52546,67,0,0,False,ht_chantry-random-11.scen,560
560,ht_chantry.map,planner,1,84208,52546,235,203,67247,52546,69,0,0,True,ht_chantry-random-11.scen,560
560,ht_chantry.map,planner,1,84208,52546,235,203,67247,52546,63,0,1,False,ht_chantry-random-11.scen,560
560,ht_chantry.map,planner,1,77601,52546,211,203,64504,52546,181,0,1,True,ht_chantry-random-11.scen,560
560,ht_chantry.map,planner,1,84208,52546,235,203,67247,52546,64,0,10,False,ht_chantry-random-11.scen,560
560,ht_chantry.map,planner,1,77013,52546,227,203,63829,52546,1127,0,10,True,ht_chantry-random-11.scen,560
560,ht_chantry.map,planner,1,84208,52546,235,203,67247,52546,64,0,100,False,ht_chantry-random-11.scen,560
560,ht_chantry.map,planner,1,77100,52546,236,203,63781,52546,10166,0,100,True,ht_chantry-random-11.scen,560
560,ht_chantry.map,planner,1,84208,52546,235,203,67247,52546,66,0,1000,False,ht_chantry-random-11.scen,560
40,ht_chantry.map,planner,1,4353,4064,180,180,4196,4064,3,0,0,False,ht_chantry-random-23.scen,40
40,ht_chantry.map,planner,1,4353,4064,180,180,4196,4064,3,0,0,True,ht_chantry-random-23.scen,40
40,ht_chantry.map,planner,1,4353,4064,180,180,4196,4064,3,0,1,False,ht_chantry-random-23.scen,40
40,ht_chantry.map,planner,1,4446,4064,180,180,4192,4064,3,0,1,True,ht_chantry-random-23.scen,40
40,ht_chantry.map,planner,1,4353,4064,180,180,4196,4064,3,0,10,False,ht_chantry-random-23.scen,40
40,ht_chantry.map,planner,1,4446,4064,180,180,4192,4064,3,0,10,True,ht_chantry-random-23.scen,40
40,ht_chantry.map,planner,1,4353,4064,180,180,4196,4064,3,0,100,False,ht_chantry-random-23.scen,40
40,ht_chantry.map,planner,1,4446,4064,180,180,4192,4064,4,0,100,True,ht_chantry-random-23.scen,40
40,ht_chantry.map,planner,1,4353,4064,180,180,4196,4064,4,0,1000,False,ht_chantry-random-23.scen,40
40,ht_chantry.map,planner,1,4446,4064,180,180,4192,4064,4,0,1000,True,ht_chantry-random-23.scen,40
80,ht_chantry.map,planner,1,9068,8010,180,180,8403,8010,7,0,0,False,ht_chantry-random-23.scen,80
80,ht_chantry.map,planner,1,9068,8010,180,180,8403,8010,8,0,0,True,ht_chantry-random-23.scen,80
80,ht_chantry.map,planner,1,9068,8010,180,180,8403,8010,8,0,1,False,ht_chantry-random-23.scen,80
80,ht_chantry.map,planner,1,8906,8010,180,180,8344,8010,8,0,1,True,ht_chantry-random-23.scen,80
80,ht_chantry.map,planner,1,9068,8010,180,180,8403,8010,7,0,10,False,ht_chantry-random-23.scen,80
80,ht_chantry.map,planner,1,8906,8010,180,180,8344,8010,8,0,10,True,ht_chantry-random-23.scen,80
80,ht_chantry.map,planner,1,9068,8010,180,180,8403,8010,7,0,100,False,ht_chantry-random-23.scen,80
80,ht_chantry.map,planner,1,8906,8010,180,180,8344,8010,8,0,100,True,ht_chantry-random-23.scen,80
80,ht_chantry.map,planner,1,9068,8010,180,180,8403,8010,9,0,1000,False,ht_chantry-random-23.scen,80
80,ht_chantry.map,planner,1,8906,8010,180,180,8344,8010,7,0,1000,True,ht_chantry-random-23.scen,80
120,ht_chantry.map,planner,1,13249,11587,180,180,12304,11587,12,0,0,False,ht_chantry-random-23.scen,120
120,ht_chantry.map,planner,1,13249,11587,180,180,12304,11587,11,0,0,True,ht_chantry-random-23.scen,120
120,ht_chantry.map,planner,1,13249,11587,180,180,12304,11587,10,0,1,False,ht_chantry-random-23.scen,120
120,ht_chantry.map,planner,1,13273,11587,190,180,12235,11587,11,0,1,True,ht_chantry-random-23.scen,120
120,ht_chantry.map,planner,1,13249,11587,180,180,12304,11587,12,0,10,False,ht_chantry-random-23.scen,120
120,ht_chantry.map,planner,1,13273,11587,190,180,12235,11587,12,0,10,True,ht_chantry-random-23.scen,120
120,ht_chantry.map,planner,1,13249,11587,180,180,12304,11587,11,0,100,False,ht_chantry-random-23.scen,120
120,ht_chantry.map,planner,1,13273,11587,190,180,12235,11587,12,0,100,True,ht_chantry-random-23.scen,120
120,ht_chantry.map,planner,1,13249,11587,180,180,12304,11587,10,0,1000,False,ht_chantry-random-23.scen,120
120,ht_chantry.map,planner,1,13249,11587,180,180,12304,11587,16,0,0,False,ht_chantry-random-23.scen,120
120,ht_chantry.map,planner,1,13249,11587,180,180,12304,11587,18,0,0,True,ht_chantry-random-23.scen,120
120,ht_chantry.map,planner,1,13249,11587,180,180,12304,11587,16,0,1,False,ht_chantry-random-23.scen,120
120,ht_chantry.map,planner,1,13273,11587,190,180,12235,11587,18,0,1,True,ht_chantry-random-23.scen,120
120,ht_chantry.map,planner,1,13249,11587,180,180,12304,11587,15,0,10,False,ht_chantry-random-23.scen,120
120,ht_chantry.map,planner,1,13273,11587,190,180,12235,11587,17,0,10,True,ht_chantry-random-23.scen,120
120,ht_chantry.map,planner,1,13249,11587,180,180,12304,11587,14,0,100,False,ht_chantry-random-23.scen,120
120,ht_chantry.map,planner,1,13273,11587,190,180,12235,11587,16,0,100,True,ht_chantry-random-23.scen,120
120,ht_chantry.map,planner,1,13249,11587,180,180,12304,11587,15,0,1000,False,ht_chantry-random-23.scen,120
120,ht_chantry.map,planner,1,13273,11587,190,180,12235,11587,15,0,1000,True,ht_chantry-random-23.scen,120
160,ht_chantry.map,planner,1,18873,15387,190,190,16704,15387,23,0,0,False,ht_chantry-random-23.scen,160
160,ht_chantry.map,planner,1,18873,15387,190,190,16704,15387,24,0,0,True,ht_chantry-random-23.scen,160
160,ht_chantry.map,planner,1,18873,15387,190,190,16704,15387,22,0,1,False,ht_chantry-random-23.scen,160
160,ht_chantry.map,planner,1,18119,15387,190,190,16383,15387,30,0,1,True,ht_chantry-random-23.scen,160
160,ht_chantry.map,planner,1,18873,15387,190,190,16704,15387,23,0,10,False,ht_chantry-random-23.scen,160
160,ht_chantry.map,planner,1,18303,15387,195,190,16436,15387,36,0,10,True,ht_chantry-random-23.scen,160
160,ht_chantry.map,planner,1,18873,15387,190,190,16704,15387,21,0,100,False,ht_chantry-random-23.scen,160
160,ht_chantry.map,planner,1,18303,15387,195,190,16436,15387,36,0,100,True,ht_chantry-random-23.scen,160
160,ht_chantry.map,planner,1,18873,15387,190,190,16704,15387,22,0,1000,False,ht_chantry-random-23.scen,160
160,ht_chantry.map,planner,1,18303,15387,195,190,16436,15387,34,0,1000,True,ht_chantry-random-23.scen,160
200,ht_chantry.map,planner,1,23120,18479,190,190,20494,18479,23,0,0,False,ht_chantry-random-23.scen,200
200,ht_chantry.map,planner,1,23120,18479,190,190,20494,18479,26,0,0,True,ht_chantry-random-23.scen,200
200,ht_chantry.map,planner,1,23120,18479,190,190,20494,18479,27,0,1,False,ht_chantry-random-23.scen,200
200,ht_chantry.map,planner,1,22704,18479,190,190,19950,18479,44,0,1,True,ht_chantry-random-23.scen,200
200,ht_chantry.map,planner,1,23120,18479,190,190,20494,18479,23,0,10,False,ht_chantry-random-23.scen,200
200,ht_chantry.map,planner,1,22231,18479,192,190,19887,18479,47,0,10,True,ht_chantry-random-23.scen,200
200,ht_chantry.map,planner,1,23120,18479,190,190,20494,18479,24,0,100,False,ht_chantry-random-23.scen,200
200,ht_chantry.map,planner,1,22231,18479,192,190,19887,18479,46,0,100,True,ht_chantry-random-23.scen,200
200,ht_chantry.map,planner,1,23120,18479,190,190,20494,18479,24,0,1000,False,ht_chantry-random-23.scen,200
200,ht_chantry.map,planner,1,22231,18479,192,190,19887,18479,44,0,1000,True,ht_chantry-random-23.scen,200
240,ht_chantry.map,planner,1,28838,22166,190,190,25155,22166,29,0,0,False,ht_chantry-random-23.scen,240
240,ht_chantry.map,planner,1,28838,22166,190,190,25155,22166,32,0,0,True,ht_chantry-random-23.scen,240
240,ht_chantry.map,planner,1,28838,22166,190,190,25155,22166,29,0,1,False,ht_chantry-random-23.scen,240
240,ht_chantry.map,planner,1,27603,22166,190,190,24335,22166,70,0,1,True,ht_chantry-random-23.scen,240
240,ht_chantry.map,planner,1,28838,22166,190,190,25155,22166,33,0,10,False,ht_chantry-random-23.scen,240
240,ht_chantry.map,planner,1,27121,22166,190,190,24312,22166,332,0,10,True,ht_chantry-random-23.scen,240
240,ht_chantry.map,planner,1,28838,22166,190,190,25155,22166,30,0,100,False,ht_chantry-random-23.scen,240
240,ht_chantry.map,planner,1,27572,22166,190,190,24225,22166,1205,0,100,True,ht_chantry-random-23.scen,240
240,ht_chantry.map,planner,1,28838,22166,190,190,25155,22166,30,0,1000,False,ht_chantry-random-23.scen,240
240,ht_chantry.map,planner,1,27653,22166,190,190,24201,22166,6441,0,1000,True,ht_chantry-random-23.scen,240
280,ht_chantry.map,planner,1,33145,25228,190,190,28835,25228,39,0,0,False,ht_chantry-random-23.scen,280
280,ht_chantry.map,planner,1,33145,25228,190,190,28835,25228,40,0,0,True,ht_chantry-random-23.scen,280
280,ht_chantry.map,planner,1,33145,25228,190,190,28835,25228,37,0,1,False,ht_chantry-random-23.scen,280
280,ht_chantry.map,planner,1,32313,25228,190,190,27906,25228,85,0,1,True,ht_chantry-random-23.scen,280
280,ht_chantry.map,planner,1,33145,25228,190,190,28835,25228,39,0,10,False,ht_chantry-random-23.scen,280
280,ht_chantry.map,planner,1,31118,25228,190,190,27777,25228,387,0,10,True,ht_chantry-random-23.scen,280
280,ht_chantry.map,planner,1,33145,25228,190,190,28835,25228,39,0,100,False,ht_chantry-random-23.scen,280
280,ht_chantry.map,planner,1,31429,25228,190,190,27682,25228,2919,0,100,True,ht_chantry-random-23.scen,280
280,ht_chantry.map,planner,1,33145,25228,190,190,28835,25228,40,0,1000,False,ht_chantry-random-23.scen,280
280,ht_chantry.map,planner,1,31567,25228,190,190,27484,25228,11314,0,1000,True,ht_chantry-random-23.scen,280
320,ht_chantry.map,planner,1,38728,28953,190,190,33293,28953,44,0,0,False,ht_chantry-random-23.scen,320
320,ht_chantry.map,planner,1,38728,28953,190,190,33293,28953,45,0,0,True,ht_chantry-random-23.scen,320
320,ht_chantry.map,planner,1,38728,28953,190,190,33293,28953,43,0,1,False,ht_chantry-random-23.scen,320
320,ht_chantry.map,planner,1,37081,28953,194,190,32577,28953,101,0,1,True,ht_chantry-random-23.scen,320
320,ht_chantry.map,planner,1,38728,28953,190,190,33293,28953,43,0,10,False,ht_chantry-random-23.scen,320
320,ht_chantry.map,planner,1,36922,28953,194,190,32276,28953,492,0,10,True,ht_chantry-random-23.scen,320
320,ht_chantry.map,planner,1,38728,28953,190,190,33293,28953,43,0,100,False,ht_chantry-random-23.scen,320
320,ht_chantry.map,planner,1,37427,28953,193,190,32357,28953,4243,0,100,True,ht_chantry-random-23.scen,320
320,ht_chantry.map,planner,1,38728,28953,190,190,33293,28953,42,0,1000,False,ht_chantry-random-23.scen,320
320,ht_chantry.map,planner,1,37327,28953,191,190,32224,28953,27906,0,1000,True,ht_chantry-random-23.scen,320
360,ht_chantry.map,planner,1,44082,32534,190,190,38113,32534,48,0,0,False,ht_chantry-random-23.scen,360
360,ht_chantry.map,planner,1,44082,32534,190,190,38113,32534,52,0,0,True,ht_chantry-random-23.scen,360
360,ht_chantry.map,planner,1,44082,32534,190,190,38113,32534,47,0,1,False,ht_chantry-random-23.scen,360
360,ht_chantry.map,planner,1,42599,32534,193,190,37092,32534,121,0,1,True,ht_chantry-random-23.scen,360
360,ht_chantry.map,planner,1,44082,32534,190,190,38113,32534,46,0,10,False,ht_chantry-random-23.scen,360
360,ht_chantry.map,planner,1,42653,32534,198,190,36924,32534,656,0,10,True,ht_chantry-random-23.scen,360
360,ht_chantry.map,planner,1,44082,32534,190,190,38113,32534,51,0,100,False,ht_chantry-random-23.scen,360
360,ht_chantry.map,planner,1,41864,32534,198,190,36477,32534,4624,0,100,True,ht_chantry-random-23.scen,360
360,ht_chantry.map,planner,1,44082,32534,190,190,38113,32534,48,0,1000,False,ht_chantry-random-23.scen,360
360,ht_chantry.map,planner,1,42109,32534,194,190,36513,32534,39304,0,1000,True,ht_chantry-random-23.scen,360
400,ht_chantry.map,planner,1,51503,36088,202,190,43488,36088,55,0,0,False,ht_chantry-random-23.scen,400
400,ht_chantry.map,planner,1,51503,36088,202,190,43488,36088,58,0,0,True,ht_chantry-random-23.scen,400
400,ht_chantry.map,planner,1,51503,36088,202,190,43488,36088,56,0,1,False,ht_chantry-random-23.scen,400
400,ht_chantry.map,planner,1,49121,36088,191,190,41866,36088,131,0,1,True,ht_chantry-random-23.scen,400
400,ht_chantry.map,planner,1,51503,36088,202,190,43488,36088,56,0,10,False,ht_chantry-random-23.scen,400
400,ht_chantry.map,planner,1,48824,36088,194,190,41803,36088,672,0,10,True,ht_chantry-random-23.scen,400
400,ht_chantry.map,planner,1,51503,36088,202,190,43488,36088,55,0,100,False,ht_chantry-random-23.scen,400
400,ht_chantry.map,planner,1,47555,36088,200,190,41293,36088,5635,0,100,True,ht_chantry-random-23.scen,400
400,ht_chantry.map,planner,1,51503,36088,202,190,43488,36088,57,0,1000,False,ht_chantry-random-23.scen,400
440,ht_chantry.map,planner,1,58450,40041,198,190,48809,40041,66,0,0,False,ht_chantry-random-23.scen,440
440,ht_chantry.map,planner,1,58450,40041,198,190,48809,40041,64,0,0,True,ht_chantry-random-23.scen,440
440,ht_chantry.map,planner,1,58450,40041,198,190,48809,40041,62,0,1,False,ht_chantry-random-23.scen,440
440,ht_chantry.map,planner,1,54741,40041,203,190,46354,40041,140,0,1,True,ht_chantry-random-23.scen,440
440,ht_chantry.map,planner,1,58450,40041,198,190,48809,40041,66,0,10,False,ht_chantry-random-23.scen,440
440,ht_chantry.map,planner,1,55213,40041,196,190,46751,40041,856,0,10,True,ht_chantry-random-23.scen,440
440,ht_chantry.map,planner,1,58450,40041,198,190,48809,40041,63,0,100,False,ht_chantry-random-23.scen,440
440,ht_chantry.map,planner,1,54492,40041,197,190,46285,40041,6171,0,100,True,ht_chantry-random-23.scen,440
440,ht_chantry.map,planner,1,58450,40041,198,190,48809,40041,63,0,1000,False,ht_chantry-random-23.scen,440
480,ht_chantry.map,planner,1,63849,43677,204,190,53459,43677,71,0,0,False,ht_chantry-random-23.scen,480
480,ht_chantry.map,planner,1,63849,43677,204,190,53459,43677,73,0,0,True,ht_chantry-random-23.scen,480
480,ht_chantry.map,planner,1,63849,43677,204,190,53459,43677,72,0,1,False,ht_chantry-random-23.scen,480
480,ht_chantry.map,planner,1,61930,43677,210,190,52221,43677,175,0,1,True,ht_chantry-random-23.scen,480
480,ht_chantry.map,planner,1,63849,43677,204,190,53459,43677,71,0,10,False,ht_chantry-random-23.scen,480
480,ht_chantry.map,planner,1,61200,43677,204,190,52062,43677,947,0,10,True,ht_chantry-random-23.scen,480
480,ht_chantry.map,planner,1,63849,43677,204,190,53459,43677,70,0,100,False,ht_chantry-random-23.scen,480
480,ht_chantry.map,planner,1,58525,43677,221,190,50680,43677,8056,0,100,True,ht_chantry-random-23.scen,480
480,ht_chantry.map,planner,1,63849,43677,204,190,53459,43677,73,0,1000,False,ht_chantry-random-23.scen,480
520,ht_chantry.map,planner,1,72790,47895,219,190,60675,47895,78,0,0,False,ht_chantry-random-23.scen,520
520,ht_chantry.map,planner,1,72790,47895,219,190,60675,47895,84,0,0,True,ht_chantry-random-23.scen,520
520,ht_chantry.map,planner,1,72790,47895,219,190,60675,47895,80,0,1,False,ht_chantry-random-23.scen,520
520,ht_chantry.map,planner,1,67961,47895,192,190,57522,47895,188,0,1,True,ht_chantry-random-23.scen,520
520,ht_chantry.map,planner,1,72790,47895,219,190,60675,47895,77,0,10,False,ht_chantry-random-23.scen,520
520,ht_chantry.map,planner,1,68751,47895,205,190,57953,47895,1071,0,10,True,ht_chantry-random-23.scen,520
520,ht_chantry.map,planner,1,72790,47895,219,190,60675,47895,78,0,100,False,ht_chantry-random-23.scen,520
520,ht_chantry.map,planner,1,69080,47895,206,190,58032,47895,10147,0,100,True,ht_chantry-random-23.scen,520
520,ht_chantry.map,planner,1,72790,47895,219,190,60675,47895,81,0,1000,False,ht_chantry-random-23.scen,520
560,ht_chantry.map,planner,1,80004,51873,224,190,65898,51873,84,0,0,False,ht_chantry-random-23.scen,560
560,ht_chantry.map,planner,1,80004,51873,224,190,65898,51873,90,0,0,True,ht_chantry-random-23.scen,560
560,ht_chantry.map,planner,1,80004,51873,224,190,65898,51873,83,0,1,False,ht_chantry-random-23.scen,560
560,ht_chantry.map,planner,1,76008,51873,202,190,63885,51873,211,0,1,True,ht_chantry-random-23.scen,560
560,ht_chantry.map,planner,1,80004,51873,224,190,65898,51873,82,0,10,False,ht_chantry-random-23.scen,560
560,ht_chantry.map,planner,1,75302,51873,222,190,63580,51873,1147,0,10,True,ht_chantry-random-23.scen,560
560,ht_chantry.map,planner,1,80004,51873,224,190,65898,51873,85,0,100,False,ht_chantry-random-23.scen,560
560,ht_chantry.map,planner,1,80004,51873,224,190,65898,51873,85,0,100,True,ht_chantry-random-23.scen,560
560,ht_chantry.map,planner,1,80004,51873,224,190,65898,51873,87,0,1000,False,ht_chantry-random-23.scen,560
0,ht_chantry.map,planner,1,0,0,0,0,0,0,0,0,0,False,ht_chantry-random-8.scen,0
0,ht_chantry.map,planner,1,0,0,0,0,0,0,0,0,0,True,ht_chantry-random-8.scen,0
0,ht_chantry.map,planner,1,0,0,0,0,0,0,0,0,1,False,ht_chantry-random-8.scen,0
0,ht_chantry.map,planner,1,0,0,0,0,0,0,0,0,1,True,ht_chantry-random-8.scen,0
0,ht_chantry.map,planner,1,0,0,0,0,0,0,0,0,10,False,ht_chantry-random-8.scen,0
0,ht_chantry.map,planner,1,0,0,0,0,0,0,0,0,10,True,ht_chantry-random-8.scen,0
0,ht_chantry.map,planner,1,0,0,0,0,0,0,0,0,100,False,ht_chantry-random-8.scen,0
0,ht_chantry.map,planner,1,0,0,0,0,0,0,0,0,100,True,ht_chantry-random-8.scen,0
0,ht_chantry.map,planner,1,0,0,0,0,0,0,0,0,1000,False,ht_chantry-random-8.scen,0
0,ht_chantry.map,planner,1,0,0,0,0,0,0,0,0,1000,True,ht_chantry-random-8.scen,0
40,ht_chantry.map,planner,1,3504,3322,189,189,3378,3322,4,0,0,False,ht_chantry-random-8.scen,40
40,ht_chantry.map,planner,1,3504,3322,189,189,3378,3322,4,0,0,True,ht_chantry-random-8.scen,40
40,ht_chantry.map,planner,1,3504,3322,189,189,3378,3322,5,0,1,False,ht_chantry-random-8.scen,40
40,ht_chantry.map,planner,1,3506,3322,189,189,3380,3322,7,0,1,True,ht_chantry-random-8.scen,40
40,ht_chantry.map,planner,1,3504,3322,189,189,3378,3322,6,0,10,False,ht_chantry-random-8.scen,40
40,ht_chantry.map,planner,1,3506,3322,189,189,3380,3322,5,0,10,True,ht_chantry-random-8.scen,40
40,ht_chantry.map,planner,1,3504,3322,189,189,3378,3322,5,0,100,False,ht_chantry-random-8.scen,40
40,ht_chantry.map,planner,1,3506,3322,189,189,3380,3322,6,0,100,True,ht_chantry-random-8.scen,40
40,ht_chantry.map,planner,1,3504,3322,189,189,3378,3322,5,0,1000,False,ht_chantry-random-8.scen,40
40,ht_chantry.map,planner,1,3506,3322,189,189,3380,3322,5,0,1000,True,ht_chantry-random-8.scen,40
80,ht_chantry.map,planner,1,7835,6718,192,189,7074,6718,9,0,0,False,ht_chantry-random-8.scen,80
80,ht_chantry.map,planner,1,7835,6718,192,189,7074,6718,9,0,0,True,ht_chantry-random-8.scen,80
80,ht_chantry.map,planner,1,7835,6718,192,189,7074,6718,9,0,1,False,ht_chantry-random-8.scen,80
80,ht_chantry.map,planner,1,7568,6718,189,189,7045,6718,9,0,1,True,ht_chantry-random-8.scen,80
80,ht_chantry.map,planner,1,7835,6718,192,189,7074,6718,8,0,10,False,ht_chantry-random-8.scen,80
80,ht_chantry.map,planner,1,7568,6718,189,189,7045,6718,8,0,10,True,ht_chantry-random-8.scen,80
80,ht_chantry.map,planner,1,7835,6718,192,189,7074,6718,9,0,100,False,ht_chantry-random-8.scen,80
80,ht_chantry.map,planner,1,7568,6718,189,189,7045,6718,9,0,100,True,ht_chantry-random-8.scen,80
80,ht_chantry.map,planner,1,7835,6718,192,189,7074,6718,9,0,1000,False,ht_chantry-random-8.scen,80
80,ht_chantry.map,planner,1,7568,6718,189,189,7045,6718,9,0,1000,True,ht_chantry-random-8.scen,80
120,ht_chantry.map,planner,1,12020,10584,189,189,11218,10584,13,0,0,False,ht_chantry-random-8.scen,120
120,ht_chantry.map,planner,1,12020,10584,189,189,11218,10584,14,0,0,True,ht_chantry-random-8.scen,120
120,ht_chantry.map,planner,1,12020,10584,189,189,11218,10584,13,0,1,False,ht_chantry-random-8.scen,120
120,ht_chantry.map,planner,1,12059,10584,189,189,11166,10584,14,0,1,True,ht_chantry-random-8.scen,120
120,ht_chantry.map,planner,1,12020,10584,189,189,11218,10584,13,0,10,False,ht_chantry-random-8.scen,120
120,ht_chantry.map,planner,1,12059,10584,189,189,11166,10584,13,0,10,True,ht_chantry-random-8.scen,120
120,ht_chantry.map,planner,1,12020,10584,189,189,11218,10584,14,0,100,False,ht_chantry-random-8.scen,120
120,ht_chantry.map,planner,1,12059,10584,189,189,11166,10584,13,0,100,True,ht_chantry-random-8.scen,120
120,ht_chantry.map,planner,1,12020,10584,189,189,11218,10584,16,0,1000,False,ht_chantry-random-8.scen,120
120,ht_chantry.map,planner,1,12059,10584,189,189,11166,10584,17,0,1000,True,ht_chantry-random-8.scen,120
160,ht_chantry.map,planner,1,17145,14302,189,189,15523,14302,20,0,0,False,ht_chantry-random-8.scen,160
160,ht_chantry.map,planner,1,17145,14302,189,189,15523,14302,18,0,0,True,ht_chantry-random-8.scen,160
160,ht_chantry.map,planner,1,17145,14302,189,189,15523,14302,18,0,1,False,ht_chantry-random-8.scen,160
160,ht_chantry.map,planner,1,16792,14302,189,189,15315,14302,24,0,1,True,ht_chantry-random-8.scen,160
160,ht_chantry.map,planner,1,17145,14302,189,189,15523,14302,20,0,10,False,ht_chantry-random-8.scen,160
160,ht_chantry.map,planner,1,16792,14302,189,189,15315,14302,23,0,10,True,ht_chantry-random-8.scen,160
160,ht_chantry.map,planner,1,17145,14302,189,189,15523,14302,20,0,100,False,ht_chantry-random-8.scen,160
160,ht_chantry.map,planner,1,16792,14302,189,189,15315,14302,22,0,100,True,ht_chantry-random-8.scen,160
160,ht_chantry.map,planner,1,17145,14302,189,189,15523,14302,19,0,1000,False,ht_chantry-random-8.scen,160
160,ht_chantry.map,planner,1,16792,14302,189,189,15315,14302,24,0,1000,True,ht_chantry-random-8.scen,160
200,ht_chantry.map,planner,1,22356,18212,189,189,19936,18212,27,0,0,False,ht_chantry-random-8.scen,200
200,ht_chantry.map,planner,1,22356,18212,189,189,19936,18212,25,0,0,True,ht_chantry-random-8.scen,200
200,ht_chantry.map,planner,1,22356,18212,189,189,19936,18212,25,0,1,False,ht_chantry-random-8.scen,200
200,ht_chantry.map,planner,1,21768,18212,192,189,19756,18212,46,0,1,True,ht_chantry-random-8.scen,200
200,ht_chantry.map,planner,1,22356,18212,189,189,19936,18212,27,0,10,False,ht_chantry-random-8.scen,200
200,ht_chantry.map,planner,1,21712,18212,189,189,19634,18212,167,0,10,True,ht_chantry-random-8.scen,200
200,ht_chantry.map,planner,1,22356,18212,189,189,19936,18212,24,0,100,False,ht_chantry-random-8.scen,200
200,ht_chantry.map,planner,1,21370,18212,189,189,19538,18212,521,0,100,True,ht_chantry-random-8.scen,200
200,ht_chantry.map,planner,1,22356,18212,189,189,19936,18212,26,0,1000,False,ht_chantry-random-8.scen,200
200,ht_chantry.map,planner,1,21779,18212,191,189,19557,18212,633,0,1000,True,ht_chantry-random-8.scen,200
240,ht_chantry.map,planner,1,27234,21698,189,189,24141,21698,31,0,0,False,ht_chantry-random-8.scen,240
240,ht_chantry.map,planner,1,27234,21698,189,189,24141,21698,32,0,0,True,ht_chantry-random-8.scen,240
240,ht_chantry.map,planner,1,27234,21698,189,189,24141,21698,32,0,1,False,ht_chantry-random-8.scen,240
240,ht_chantry.map,planner,1,26353,21698,192,189,23499,21698,58,0,1,True,ht_chantry-random-8.scen,240
240,ht_chantry.map,planner,1,27234,21698,189,189,24141,21698,32,0,10,False,ht_chantry-random-8.scen,240
240,ht_chantry.map,planner,1,26339,21698,193,189,23429,21698,108,0,10,True,ht_chantry-random-8.scen,240
240,ht_chantry.map,planner,1,27234,21698,189,189,24141,21698,30,0,100,False,ht_chantry-random-8.scen,240
240,ht_chantry.map,planner,1,26369,21698,194,189,23366,21698,138,0,100,True,ht_chantry-random-8.scen,240
240,ht_chantry.map,planner,1,27234,21698,189,189,24141,21698,33,0,1000,False,ht_chantry-random-8.scen,240
240,ht_chantry.map,planner,1,26369,21698,194,189,23366,21698,142,0,1000,True,ht_chantry-random-8.scen,240
280,ht_chantry.map,planner,1,33318,25731,189,189,29098,25731,35,0,0,False,ht_chantry-random-8.scen,280
280,ht_chantry.map,planner,1,33318,25731,189,189,29098,25731,37,0,0,True,ht_chantry-random-8.scen,280
280,ht_chantry.map,planner,1,33318,25731,189,189,29098,25731,36,0,1,False,ht_chantry-random-8.scen,280
280,ht_chantry.map,planner,1,32552,25731,192,189,28482,25731,79,0,1,True,ht_chantry-random-8.scen,280
280,ht_chantry.map,planner,1,33318,25731,189,189,29098,25731,38,0,10,False,ht_chantry-random-8.scen,280
280,ht_chantry.map,planner,1,32293,25731,190,189,28414,25731,415,0,10,True,ht_chantry-random-8.scen,280
280,ht_chantry.map,planner,1,33318,25731,189,189,29098,25731,39,0,100,False,ht_chantry-random-8.scen,280
280,ht_chantry.map,planner,1,31804,25731,198,189,28337,25731,2284,0,100,True,ht_chantry-random-8.scen,280
280,ht_chantry.map,planner,1,33318,25731,189,189,29098,25731,35,0,1000,False,ht_chantry-random-8.scen,280
280,ht_chantry.map,planner,1,31920,25731,195,189,28244,25731,15902,0,1000,True,ht_chantry-random-8.scen,280
320,ht_chantry.map,planner,1,40056,30063,205,189,35073,30063,44,0,0,False,ht_chantry-random-8.scen,320
320,ht_chantry.map,planner,1,40056,30063,205,189,35073,30063,45,0,0,True,ht_chantry-random-8.scen,320
320,ht_chantry.map,planner,1,40056,30063,205,189,35073,30063,47,0,1,False,ht_chantry-random-8.scen,320
320,ht_chantry.map,planner,1,38920,30063,194,189,34078,30063,118,0,1,True,ht_chantry-random-8.scen,320
320,ht_chantry.map,planner,1,40056,30063,205,189,35073,30063,46,0,10,False,ht_chantry-random-8.scen,320
320,ht_chantry.map,planner,1,37942,30063,194,189,33476,30063,556,0,10,True,ht_chantry-random-8.scen,320
320,ht_chantry.map,planner,1,40056,30063,205,189,35073,30063,45,0,100,False,ht_chantry-random-8.scen,320
320,ht_chantry.map,planner,1,37770,30063,201,189,33461,30063,3740,0,100,True,ht_chantry-random-8.scen,320
320,ht_chantry.map,planner,1,40056,30063,205,189,35073,30063,51,0,1000,False,ht_chantry-random-8.scen,320
320,ht_chantry.map,planner,1,38100,30063,194,189,33377,30063,34508,0,1000,True,ht_chantry-random-8.scen,320
360,ht_chantry.map,planner,1,46014,33466,198,189,39288,33466,51,0,0,False,ht_chantry-random-8.scen,360
360,ht_chantry.map,planner,1,46014,33466,198,189,39288,33466,50,0,0,True,ht_chantry-random-8.scen,360
360,ht_chantry.map,planner,1,46014,33466,198,189,39288,33466,73,0,1,False,ht_chantry-random-8.scen,360
360,ht_chantry.map,planner,1,43141,33466,192,189,37448,33466,116,0,1,True,ht_chantry-random-8.scen,360
360,ht_chantry.map,planner,1,46014,33466,198,189,39288,33466,51,0,10,False,ht_chantry-random-8.scen,360
360,ht_chantry.map,planner,1,42884,33466,191,189,37433,33466,524,0,10,True,ht_chantry-random-8.scen,360
360,ht_chantry.map,planner,1,46014,33466,198,189,39288,33466,54,0,100,False,ht_chantry-random-8.scen,360
360,ht_chantry.map,planner,1,43133,33466,194,189,37327,33466,4319,0,100,True,ht_chantry-random-8.scen,360
360,ht_chantry.map,planner,1,46014,33466,198,189,39288,33466,72,0,1000,False,ht_chantry-random-8.scen,360
360,ht_chantry.map,planner,1,42541,33466,191,189,37022,33466,37023,0,1000,True,ht_chantry-random-8.scen,360
400,ht_chantry.map,planner,1,52964,37459,206,195,45197,37459,59,0,0,False,ht_chantry-random-8.scen,400
400,ht_chantry.map,planner,1,52964,37459,206,195,45197,37459,57,0,0,True,ht_chantry-random-8.scen,400
400,ht_chantry.map,planner,1,52964,37459,206,195,45197,37459,60,0,1,False,ht_chantry-random-8.scen,400
400,ht_chantry.map,planner,1,50714,37459,213,195,43664,37459,148,0,1,True,ht_chantry-random-8.scen,400
400,ht_chantry.map,planner,1,52964,37459,206,195,45197,37459,58,0,10,False,ht_chantry-random-8.scen,400
400,ht_chantry.map,planner,1,49352,37459,203,195,42753,37459,698,0,10,True,ht_chantry-random-8.scen,400
400,ht_chantry.map,planner,1,52964,37459,206,195,45197,37459,56,0,100,False,ht_chantry-random-8.scen,400
400,ht_chantry.map,planner,1,49547,37459,203,195,42925,37459,5794,0,100,True,ht_chantry-random-8.scen,400
400,ht_chantry.map,planner,1,52964,37459,206,195,45197,37459,60,0,1000,False,ht_chantry-random-8.scen,400
440,ht_chantry.map,planner,1,60099,41096,216,195,49729,41096,70,0,0,False,ht_chantry-random-8.scen,440
440,ht_chantry.map,planner,1,60099,41096,216,195,49729,41096,68,0,0,True,ht_chantry-random-8.scen,440
440,ht_chantry.map,planner,1,60099,41096,216,195,49729,41096,66,0,1,False,ht_chantry-random-8.scen,440
440,ht_chantry.map,planner,1,55859,41096,236,195,48186,41096,161,0,1,True,ht_chantry-random-8.scen,440
440,ht_chantry.map,planner,1,60099,41096,216,195,49729,41096,65,0,10,False,ht_chantry-random-8.scen,440
440,ht_chantry.map,planner,1,55319,41096,206,195,47742,41096,808,0,10,True,ht_chantry-random-8.scen,440
440,ht_chantry.map,planner,1,60099,41096,216,195,49729,41096,64,0,100,False,ht_chantry-random-8.scen,440
440,ht_chantry.map,planner,1,55276,41096,199,195,47355,41096,6106,0,100,True,ht_chantry-random-8.scen,440
440,ht_chantry.map,planner,1,60099,41096,216,195,49729,41096,73,0,1000,False,ht_chantry-random-8.scen,440
480,ht_chantry.map,planner,1,67186,45504,223,195,56177,45504,76,0,0,False,ht_chantry-random-8.scen,480
480,ht_chantry.map,planner,1,67186,45504,223,195,56177,45504,77,0,0,True,ht_chantry-random-8.scen,480
480,ht_chantry.map,planner,1,67186,45504,223,195,56177,45504,76,0,1,False,ht_chantry-random-8.scen,480
480,ht_chantry.map,planner,1,65032,45504,216,195,54610,45504,190,0,1,True,ht_chantry-random-8.scen,480
480,ht_chantry.map,planner,1,67186,45504,223,195,56177,45504,73,0,10,False,ht_chantry-random-8.scen,480
480,ht_chantry.map,planner,1,62572,45504,205,195,53867,45504,957,0,10,True,ht_chantry-random-8.scen,480
480,ht_chantry.map,planner,1,67186,45504,223,195,56177,45504,77,0,100,False,ht_chantry-random-8.scen,480
480,ht_chantry.map,planner,1,61723,45504,209,195,52699,45504,7519,0,100,True,ht_chantry-random-8.scen,480
480,ht_chantry.map,planner,1,67186,45504,223,195,56177,45504,75,0,1000,False,ht_chantry-random-8.scen,480
520,ht_chantry.map,planner,1,73477,49523,209,195,61587,49523,77,0,0,False,ht_chantry-random-8.scen,520
520,ht_chantry.map,planner,1,73477,49523,209,195,61587,49523,81,0,0,True,ht_chantry-random-8.scen,520
520,ht_chantry.map,planner,1,73477,49523,209,195,61587,49523,77,0,1,False,ht_chantry-random-8.scen,520
520,ht_chantry.map,planner,1,69639,49523,228,195,59656,49523,203,0,1,True,ht_chantry-random-8.scen,520
520,ht_chantry.map,planner,1,73477,49523,209,195,61587,49523,74,0,10,False,ht_chantry-random-8.scen,520
520,ht_chantry.map,planner,1,68804,49523,204,195,59074,49523,1111,0,10,True,ht_chantry-random-8.scen,520
520,ht_chantry.map,planner,1,73477,49523,209,195,61587,49523,74,0,100,False,ht_chantry-random-8.scen,520
520,ht_chantry.map,planner,1,69537,49523,217,195,58360,49523,8265,0,100,True,ht_chantry-random-8.scen,520
520,ht_chantry.map,planner,1,73477,49523,209,195,61587,49523,80,0,1000,False,ht_chantry-random-8.scen,520
560,ht_chantry.map,planner,1,84575,53201,233,197,69126,53201,79,0,0,False,ht_chantry-random-8.scen,560
560,ht_chantry.map,planner,1,84575,53201,233,197,69126,53201,81,0,0,True,ht_chantry-random-8.scen,560
560,ht_chantry.map,planner,1,84575,53201,233,197,69126,53201,81,0,1,False,ht_chantry-random-8.scen,560
560,ht_chantry.map,planner,1,79497,53201,215,197,67020,53201,201,0,1,True,ht_chantry-random-8.scen,560
560,ht_chantry.map,planner,1,84575,53201,233,197,69126,53201,76,0,10,False,ht_chantry-random-8.scen,560
560,ht_chantry.map,planner,1,78817,53201,209,197,66343,53201,1213,0,10,True,ht_chantry-random-8.scen,560
560,ht_chantry.map,planner,1,84575,53201,233,197,69126,53201,78,0,100,False,ht_chantry-random-8.scen,560
560,ht_chantry.map,planner,1,78659,53201,210,197,65950,53201,9956,0,100,True,ht_chantry-random-8.scen,560
560,ht_chantry.map,planner,1,84575,53201,233,197,69126,53201,78,0,1000,False,ht_chantry-random-8.scen,560
0,ht_chantry.map,planner,1,0,0,0,0,0,0,0,0,0,False,ht_chantry-random-10.scen,0
0,ht_chantry.map,planner,1,0,0,0,0,0,0,0,0,0,True,ht_chantry-random-10.scen,0
0,ht_chantry.map,planner,1,0,0,0,0,0,0,0,0,1,False,ht_chantry-random-10.scen,0
0,ht_chantry.map,planner,1,0,0,0,0,0,0,0,0,1,True,ht_chantry-random-10.scen,0
0,ht_chantry.map,planner,1,0,0,0,0,0,0,0,0,10,False,ht_chantry-random-10.scen,0
0,ht_chantry.map,planner,1,0,0,0,0,0,0,0,0,10,True,ht_chantry-random-10.scen,0
0,ht_chantry.map,planner,1,0,0,0,0,0,0,0,0,100,False,ht_chantry-random-10.scen,0
0,ht_chantry.map,planner,1,0,0,0,0,0,0,0,0,100,True,ht_chantry-random-10.scen,0
0,ht_chantry.map,planner,1,0,0,0,0,0,0,0,0,1000,False,ht_chantry-random-10.scen,0
0,ht_chantry.map,planner,1,0,0,0,0,0,0,0,0,1000,True,ht_chantry-random-10.scen,0
40,ht_chantry.map,planner,1,3861,3728,163,163,3840,3728,4,0,0,False,ht_chantry-random-10.scen,40
40,ht_chantry.map,planner,1,3861,3728,163,163,3840,3728,4,0,0,True,ht_chantry-random-10.scen,40
40,ht_chantry.map,planner,1,3861,3728,163,163,3840,3728,4,0,1,False,ht_chantry-random-10.scen,40
40,ht_chantry.map,planner,1,3860,3728,163,163,3844,3728,4,0,1,True,ht_chantry-random-10.scen,40
40,ht_chantry.map,planner,1,3861,3728,163,163,3840,3728,4,0,10,False,ht_chantry-random-10.scen,40
40,ht_chantry.map,planner,1,3860,3728,163,163,3844,3728,3,0,10,True,ht_chantry-random-10.scen,40
40,ht_chantry.map,planner,1,3861,3728,163,163,3840,3728,4,0,100,False,ht_chantry-random-10.scen,40
40,ht_chantry.map,planner,1,3860,3728,163,163,3844,3728,4,0,100,True,ht_chantry-random-10.scen,40
40,ht_chantry.map,planner,1,3861,3728,163,163,3840,3728,3,0,1000,False,ht_chantry-random-10.scen,40
40,ht_chantry.map,planner,1,3860,3728,163,163,3844,3728,4,0,1000,True,ht_chantry-random-10.scen,40
80,ht_chantry.map,planner,1,7753,7074,174,174,7410,7074,7,0,0,False,ht_chantry-random-10.scen,80
80,ht_chantry.map,planner,1,7753,7074,174,174,7410,7074,7,0,0,True,ht_chantry-random-10.scen,80
80,ht_chantry.map,planner,1,7753,7074,174,174,7410,7074,7,0,1,False,ht_chantry-random-10.scen,80
80,ht_chantry.map,planner,1,7852,7074,174,174,7405,7074,7,0,1,True,ht_chantry-random-10.scen,80
80,ht_chantry.map,planner,1,7753,7074,174,174,7410,7074,7,0,10,False,ht_chantry-random-10.scen,80
80,ht_chantry.map,planner,1,7852,7074,174,174,7405,7074,7,0,10,True,ht_chantry-random-10.scen,80
80,ht_chantry.map,planner,1,7753,7074,174,174,7410,7074,7,0,100,False,ht_chantry-random-10.scen,80
80,ht_chantry.map,planner,1,7852,7074,174,174,7405,7074,7,0,100,True,ht_chantry-random-10.scen,80
80,ht_chantry.map,planner,1,7753,7074,174,174,7410,7074,7,0,1000,False,ht_chantry-random-10.scen,80
80,ht_chantry.map,planner,1,7852,7074,174,174,7405,7074,7,0,1000,True,ht_chantry-random-10.scen,80
120,ht_chantry.map,planner,1,12641,10685,199,199,11346,10685,11,0,0,False,ht_chantry-random-10.scen,120
120,ht_chantry.map,planner,1,12641,10685,199,199,11346,10685,11,0,0,True,ht_chantry-random-10.scen,120
120,ht_chantry.map,planner,1,12641,10685,199,199,11346,10685,11,0,1,False,ht_chantry-random-10.scen,120
120,ht_chantry.map,planner,1,12467,10685,199,199,11349,10685,14,0,1,True,ht_chantry-random-10.scen,120
120,ht_chantry.map,planner,1,12641,10685,199,199,11346,10685,12,0,10,False,ht_chantry-random-10.scen,120
120,ht_chantry.map,planner,1,12467,10685,199,199,11349,10685,13,0,10,True,ht_chantry-random-10.scen,120
120,ht_chantry.map,planner,1,12641,10685,199,199,11346,10685,11,0,100,False,ht_chantry-random-10.scen,120
120,ht_chantry.map,planner,1,12467,10685,199,199,11349,10685,14,0,100,True,ht_chantry-random-10.scen,120
120,ht_chantry.map,planner,1,12641,10685,199,199,11346,10685,11,0,1000,False,ht_chantry-random-10.scen,120
120,ht_chantry.map,planner,1,12467,10685,199,199,11349,10685,13,0,1000,True,ht_chantry-random-10.scen,120
160,ht_chantry.map,planner,1,17683,14493,199,199,15672,14493,16,0,0,False,ht_chantry-random-10.scen,160
160,ht_chantry.map,planner,1,17683,14493,199,199,15672,14493,16,0,0,True,ht_chantry-random-10.scen,160
160,ht_chantry.map,planner,1,17683,14493,199,199,15672,14493,15,0,1,False,ht_chantry-random-10.scen,160
160,ht_chantry.map,planner,1,17326,14493,199,199,15458,14493,22,0,1,True,ht_chantry-random-10.scen,160
160,ht_chantry.map,planner,1,17683,14493,199,199,15672,14493,15,0,10,False,ht_chantry-random-10.scen,160
160,ht_chantry.map,planner,1,17216,14493,199,199,15441,14493,18,0,10,True,ht_chantry-random-10.scen,160
160,ht_chantry.map,planner,1,17683,14493,199,199,15672,14493,15,0,100,False,ht_chantry-random-10.scen,160
160,ht_chantry.map,planner,1,17216,14493,199,199,15441,14493,19,0,100,True,ht_chantry-random-10.scen,160
160,ht_chantry.map,planner,1,17683,14493,199,199,15672,14493,16,0,1000,False,ht_chantry-random-10.scen,160
160,ht_chantry.map,planner,1,17216,14493,199,199,15441,14493,22,0,1000,True,ht_chantry-random-10.scen,160
200,ht_chantry.map,planner,1,22907,18495,199,199,20443,18495,22,0,0,False,ht_chantry-random-10.scen,200
200,ht_chantry.map,planner,1,22907,18495,199,199,20443,18495,20,0,0,True,ht_chantry-random-10.scen,200
200,ht_chantry.map,planner,1,22907,18495,199,199,20443,18495,19,0,1,False,ht_chantry-random-10.scen,200
200,ht_chantry.map,planner,1,22014,18495,199,199,19928,18495,38,0,1,True,ht_chantry-random-10.scen,200
200,ht_chantry.map,planner,1,22907,18495,199,199,20443,18495,19,0,10,False,ht_chantry-random-10.scen,200
200,ht_chantry.map,planner,1,22173,18495,200,199,19905,18495,108,0,10,True,ht_chantry-random-10.scen,200
200,ht_chantry.map,planner,1,22907,18495,199,199,20443,18495,21,0,100,False,ht_chantry-random-10.scen,200
200,ht_chantry.map,planner,1,22141,18495,201,199,19890,18495,114,0,100,True,ht_chantry-random-10.scen,200
200,ht_chantry.map,planner,1,22907,18495,199,199,20443,18495,23,0,1000,False,ht_chantry-random-10.scen,200
200,ht_chantry.map,planner,1,22141,18495,201,199,19890,18495,114,0,1000,True,ht_chantry-random-10.scen,200
240,ht_chantry.map,planner,1,27669,22055,199,199,24558,22055,24,0,0,False,ht_chantry-random-10.scen,240
240,ht_chantry.map,planner,1,27669,22055,199,199,24558,22055,24,0,0,True,ht_chantry-random-10.scen,240
240,ht_chantry.map,planner,1,27669,22055,199,199,24558,22055,24,0,1,False,ht_chantry-random-10.scen,240
240,ht_chantry.map,planner,1,27175,22055,200,199,23991,22055,50,0,1,True,ht_chantry-random-10.scen,240
240,ht_chantry.map,planner,1,27669,22055,199,199,24558,22055,27,0,10,False,ht_chantry-random-10.scen,240
240,ht_chantry.map,planner,1,27002,22055,200,199,24078,22055,230,0,10,True,ht_chantry-random-10.scen,240
240,ht_chantry.map,planner,1,27669,22055,199,199,24558,22055,29,0,100,False,ht_chantry-random-10.scen,240
240,ht_chantry.map,planner,1,26814,22055,201,199,23964,22055,1315,0,100,True,ht_chantry-random-10.scen,240
240,ht_chantry.map,planner,1,27669,22055,199,199,24558,22055,23,0,1000,False,ht_chantry-random-10.scen,240
240,ht_chantry.map,planner,1,27065,22055,208,199,23928,22055,3820,0,1000,True,ht_chantry-random-10.scen,240
280,ht_chantry.map,planner,1,34321,25989,199,199,29820,25989,35,0,0,False,ht_chantry-random-10.scen,280
280,ht_chantry.map,planner,1,34321,25989,199,199,29820,25989,30,0,0,True,ht_chantry-random-10.scen,280
280,ht_chantry.map,planner,1,34321,25989,199,199,29820,25989,31,0,1,False,ht_chantry-random-10.scen,280
280,ht_chantry.map,planner,1,33633,25989,199,199,28691,25989,65,0,1,True,ht_chantry-random-10.scen,280
280,ht_chantry.map,planner,1,34321,25989,199,199,29820,25989,29,0,10,False,ht_chantry-random-10.scen,280
280,ht_chantry.map,planner,1,33619,25989,205,199,28665,25989,304,0,10,True,ht_chantry-random-10.scen,280
280,ht_chantry.map,planner,1,34321,25989,199,199,29820,25989,28,0,100,False,ht_chantry-random-10.scen,280
280,ht_chantry.map,planner,1,33031,25989,209,199,28553,25989,2435,0,100,True,ht_chantry-random-10.scen,280
280,ht_chantry.map,planner,1,34321,25989,199,199,29820,25989,32,0,1000,False,ht_chantry-random-10.scen,280
280,ht_chantry.map,planner,1,32762,25989,209,199,28506,25989,17752,0,1000,True,ht_chantry-random-10.scen,280
320,ht_chantry.map,planner,1,42199,30287,208,199,35670,30287,37,0,0,False,ht_chantry-random-10.scen,320
320,ht_chantry.map,planner,1,42199,30287,208,199,35670,30287,34,0,0,True,ht_chantry-random-10.scen,320
320,ht_chantry.map,planner,1,42199,30287,208,199,35670,30287,36,0,1,False,ht_chantry-random-10.scen,320
320,ht_chantry.map,planner,1,39938,30287,215,199,33897,30287,96,0,1,True,ht_chantry-random-10.scen,320
320,ht_chantry.map,planner,1,42199,30287,208,199,35670,30287,37,0,10,False,ht_chantry-random-10.scen,320
320,ht_chantry.map,planner,1,39345,30287,213,199,33879,30287,499,0,10,True,ht_chantry-random-10.scen,320
320,ht_chantry.map,planner,1,42199,30287,208,199,35670,30287,38,0,100,False,ht_chantry-random-10.scen,320
320,ht_chantry.map,planner,1,39698,30287,221,199,33910,30287,3748,0,100,True,ht_chantry-random-10.scen,320
320,ht_chantry.map,planner,1,42199,30287,208,199,35670,30287,33,0,1000,False,ht_chantry-random-10.scen,320
320,ht_chantry.map,planner,1,39489,30287,281,199,33821,30287,34987,0,1000,True,ht_chantry-random-10.scen,320
360,ht_chantry.map,planner,1,47501,34116,200,199,40190,34116,37,0,0,False,ht_chantry-random-10.scen,360
360,ht_chantry.map,planner,1,47501,34116,200,199,40190,34116,40,0,0,True,ht_chantry-random-10.scen,360
360,ht_chantry.map,planner,1,47501,34116,200,199,40190,34116,40,0,1,False,ht_chantry-random-10.scen,360
360,ht_chantry.map,planner,1,45805,34116,208,199,38912,34116,115,0,1,True,ht_chantry-random-10.scen,360
360,ht_chantry.map,planner,1,47501,34116,200,199,40190,34116,37,0,10,False,ht_chantry-random-10.scen,360
360,ht_chantry.map,planner,1,45212,34116,214,199,38522,34116,628,0,10,True,ht_chantry-random-10.scen,360
360,ht_chantry.map,planner,1,47501,34116,200,199,40190,34116,38,0,100,False,ht_chantry-random-10.scen,360
360,ht_chantry.map,planner,1,45258,34116,208,199,38466,34116,5153,0,100,True,ht_chantry-random-10.scen,360
360,ht_chantry.map,planner,1,47501,34116,200,199,40190,34116,42,0,1000,False,ht_chantry-random-10.scen,360
360,ht_chantry.map,planner,1,44484,34116,212,199,38042,34116,44040,0,1000,True,ht_chantry-random-10.scen,360
400,ht_chantry.map,planner,1,54984,37896,211,199,45957,37896,43,0,0,False,ht_chantry-random-10.scen,400
400,ht_chantry.map,planner,1,54984,37896,211,199,45957,37896,45,0,0,True,ht_chantry-random-10.scen,400
400,ht_chantry.map,planner,1,54984,37896,211,199,45957,37896,43,0,1,False,ht_chantry-random-10.scen,400
400,ht_chantry.map,planner,1,52222,37896,216,199,43889,37896,133,0,1,True,ht_chantry-random-10.scen,400
400,ht_chantry.map,planner,1,54984,37896,211,199,45957,37896,42,0,10,False,ht_chantry-random-10.scen,400
400,ht_chantry.map,planner,1,51520,37896,222,199,43420,37896,811,0,10,True,ht_chantry-random-10.scen,400
400,ht_chantry.map,planner,1,54984,37896,211,199,45957,37896,43,0,100,False,ht_chantry-random-10.scen,400
400,ht_chantry.map,planner,1,51834,37896,203,199,43635,37896,7186,0,100,True,ht_chantry-random-10.scen,400
400,ht_chantry.map,planner,1,54984,37896,211,199,45957,37896,44,0,1000,False,ht_chantry-random-10.scen,400
440,ht_chantry.map,planner,1,63275,41737,218,199,51990,41737,47,0,0,False,ht_chantry-random-10.scen,440
440,ht_chantry.map,planner,1,63275,41737,218,199,51990,41737,50,0,0,True,ht_chantry-random-10.scen,440
440,ht_chantry.map,planner,1,63275,41737,218,199,51990,41737,48,0,1,False,ht_chantry-random-10.scen,440
440,ht_chantry.map,planner,1,58983,41737,206,199,49588,41737,148,0,1,True,ht_chantry-random-10.scen,440
440,ht_chantry.map,planner,1,63275,41737,218,199,51990,41737,45,0,10,False,ht_chantry-random-10.scen,440
440,ht_chantry.map,planner,1,58034,41737,234,199,48847,41737,971,0,10,True,ht_chantry-random-10.scen,440
440,ht_chantry.map,planner,1,63275,41737,218,199,51990,41737,47,0,100,False,ht_chantry-random-10.scen,440
440,ht_chantry.map,planner,1,58535,41737,203,199,48672,41737,7429,0,100,True,ht_chantry-random-10.scen,440
440,ht_chantry.map,planner,1,63275,41737,218,199,51990,41737,49,0,1000,False,ht_chantry-random-10.scen,440
480,ht_chantry.map,planner,1,69050,45411,222,199,56439,45411,53,0,0,False,ht_chantry-random-10.scen,480
480,ht_chantry.map,planner,1,69050,45411,222,199,56439,45411,55,0,0,True,ht_chantry-random-10.scen,480
480,ht_chantry.map,planner,1,69050,45411,222,199,56439,45411,53,0,1,False,ht_chantry-random-10.scen,480
480,ht_chantry.map,planner,1,66274,45411,213,199,55181,45411,167,0,1,True,ht_chantry-random-10.scen,480
480,ht_chantry.map,planner,1,69050,45411,222,199,56439,45411,63,0,10,False,ht_chantry-random-10.scen,480
480,ht_chantry.map,planner,1,66193,45411,286,199,54274,45411,1018,0,10,True,ht_chantry-random-10.scen,480
480,ht_chantry.map,planner,1,69050,45411,222,199,56439,45411,54,0,100,False,ht_chantry-random-10.scen,480
480,ht_chantry.map,planner,1,64063,45411,203,199,53318,45411,8436,0,100,True,ht_chantry-random-10.scen,480
480,ht_chantry.map,planner,1,69050,45411,222,199,56439,45411,55,0,1000,False,ht_chantry-random-10.scen,480
520,ht_chantry.map,planner,1,75766,48448,220,199,61418,48448,69,0,0,False,ht_chantry-random-10.scen,520
520,ht_chantry.map,planner,1,75766,48448,220,199,61418,48448,69,0,0,True,ht_chantry-random-10.scen,520
520,ht_chantry.map,planner,1,75766,48448,220,199,61418,48448,63,0,1,False,ht_chantry-random-10.scen,520
520,ht_chantry.map,planner,1,72867,48448,219,199,59607,48448,191,0,1,True,ht_chantry-random-10.scen,520
520,ht_chantry.map,planner,1,75766,48448,220,199,61418,48448,60,0,10,False,ht_chantry-random-10.scen,520
520,ht_chantry.map,planner,1,73490,48448,236,199,59516,48448,1200,0,10,True,ht_chantry-random-10.scen,520
520,ht_chantry.map,planner,1,75766,48448,220,199,61418,48448,58,0,100,False,ht_chantry-random-10.scen,520
520,ht_chantry.map,planner,1,71872,48448,220,199,58588,48448,10315,0,100,True,ht_chantry-random-10.scen,520
520,ht_chantry.map,planner,1,75766,48448,220,199,61418,48448,58,0,1000,False,ht_chantry-random-10.scen,520
560,ht_chantry.map,planner,1,84698,52144,232,199,67706,52144,87,0,0,False,ht_chantry-random-10.scen,560
560,ht_chantry.map,planner,1,84698,52144,232,199,67706,52144,94,0,0,True,ht_chantry-random-10.scen,560
560,ht_chantry.map,planner,1,84698,52144,232,199,67706,52144,88,0,1,False,ht_chantry-random-10.scen,560
560,ht_chantry.map,planner,1,80061,52144,215,199,65360,52144,228,0,1,True,ht_chantry-random-10.scen,560
560,ht_chantry.map,planner,1,84698,52144,232,199,67706,52144,89,0,10,False,ht_chantry-random-10.scen,560
560,ht_chantry.map,planner,1,79689,52144,233,199,64341,52144,1313,0,10,True,ht_chantry-random-10.scen,560
560,ht_chantry.map,planner,1,84698,52144,232,199,67706,52144,87,0,100,False,ht_chantry-random-10.scen,560
560,ht_chantry.map,planner,1,77904,52144,217,199,63818,52144,11515,0,100,True,ht_chantry-random-10.scen,560
560,ht_chantry.map,planner,1,84698,52144,232,199,67706,52144,87,0,1000,False,ht_chantry-random-10.scen,560
0,ht_chantry.map,planner,1,0,0,0,0,0,0,0,0,0,False,ht_chantry-random-25.scen,0
0,ht_chantry.map,planner,1,0,0,0,0,0,0,0,0,0,True,ht_chantry-random-25.scen,0
0,ht_chantry.map,planner,1,0,0,0,0,0,0,0,0,1,False,ht_chantry-random-25.scen,0
0,ht_chantry.map,planner,1,0,0,0,0,0,0,0,0,1,True,ht_chantry-random-25.scen,0
0,ht_chantry.map,planner,1,0,0,0,0,0,0,0,0,10,False,ht_chantry-random-25.scen,0
0,ht_chantry.map,planner,1,0,0,0,0,0,0,0,0,10,True,ht_chantry-random-25.scen,0
0,ht_chantry.map,planner,1,0,0,0,0,0,0,0,0,100,False,ht_chantry-random-25.scen,0
0,ht_chantry.map,planner,1,0,0,0,0,0,0,0,0,100,True,ht_chantry-random-25.scen,0
0,ht_chantry.map,planner,1,0,0,0,0,0,0,0,0,1000,False,ht_chantry-random-25.scen,0
0,ht_chantry.map,planner,1,0,0,0,0,0,0,0,0,1000,True,ht_chantry-random-25.scen,0
40,ht_chantry.map,planner,1,3860,3670,197,197,3781,3670,4,0,0,False,ht_chantry-random-25.scen,40
40,ht_chantry.map,planner,1,3860,3670,197,197,3781,3670,4,0,0,True,ht_chantry-random-25.scen,40
40,ht_chantry.map,planner,1,3860,3670,197,197,3781,3670,4,0,1,False,ht_chantry-random-25.scen,40
40,ht_chantry.map,planner,1,4014,3670,197,197,3803,3670,5,0,1,True,ht_chantry-random-25.scen,40
40,ht_chantry.map,planner,1,3860,3670,197,197,3781,3670,4,0,10,False,ht_chantry-random-25.scen,40
40,ht_chantry.map,planner,1,4014,3670,197,197,3803,3670,5,0,10,True,ht_chantry-random-25.scen,40
40,ht_chantry.map,planner,1,3860,3670,197,197,3781,3670,4,0,100,False,ht_chantry-random-25.scen,40
40,ht_chantry.map,planner,1,4014,3670,197,197,3803,3670,4,0,100,True,ht_chantry-random-25.scen,40
40,ht_chantry.map,planner,1,3860,3670,197,197,3781,3670,4,0,1000,False,ht_chantry-random-25.scen,40
40,ht_chantry.map,planner,1,4014,3670,197,197,3803,3670,4,0,1000,True,ht_chantry-random-25.scen,40
80,ht_chantry.map,planner,1,8935,7868,197,197,8380,7868,10,0,0,False,ht_chantry-random-25.scen,80
80,ht_chantry.map,planner,1,8935,7868,197,197,8380,7868,10,0,0,True,ht_chantry-random-25.scen,80
80,ht_chantry.map,planner,1,8935,7868,197,197,8380,7868,9,0,1,False,ht_chantry-random-25.scen,80
80,ht_chantry.map,planner,1,8864,7868,197,197,8297,7868,9,0,1,True,ht_chantry-random-25.scen,80
80,ht_chantry.map,planner,1,8935,7868,197,197,8380,7868,9,0,10,False,ht_chantry-random-25.scen,80
80,ht_chantry.map,planner,1,8864,7868,197,197,8297,7868,10,0,10,True,ht_chantry-random-25.scen,80
80,ht_chantry.map,planner,1,8935,7868,197,197,8380,7868,10,0,100,False,ht_chantry-random-25.scen,80
80,ht_chantry.map,planner,1,8864,7868,197,197,8297,7868,10,0,100,True,ht_chantry-random-25.scen,80
80,ht_chantry.map,planner,1,8935,7868,197,197,8380,7868,10,0,1000,False,ht_chantry-random-25.scen,80
80,ht_chantry.map,planner,1,8864,7868,197,197,8297,7868,11,0,1000,True,ht_chantry-random-25.scen,80
120,ht_chantry.map,planner,1,13247,11298,197,197,12246,11298,16,0,0,False,ht_chantry-random-25.scen,120
120,ht_chantry.map,planner,1,13247,11298,197,197,12246,11298,17,0,0,True,ht_chantry-random-25.scen,120
120,ht_chantry.map,planner,1,13247,11298,197,197,12246,11298,17,0,1,False,ht_chantry-random-25.scen,120
120,ht_chantry.map,planner,1,13173,11298,197,197,12059,11298,22,0,1,True,ht_chantry-random-25.scen,120
120,ht_chantry.map,planner,1,13247,11298,197,197,12246,11298,15,0,10,False,ht_chantry-random-25.scen,120
120,ht_chantry.map,planner,1,13197,11298,197,197,12075,11298,27,0,10,True,ht_chantry-random-25.scen,120
120,ht_chantry.map,planner,1,13247,11298,197,197,12246,11298,15,0,100,False,ht_chantry-random-25.scen,120
120,ht_chantry.map,planner,1,13197,11298,197,197,12075,11298,28,0,100,True,ht_chantry-random-25.scen,120
120,ht_chantry.map,planner,1,13247,11298,197,197,12246,11298,16,0,1000,False,ht_chantry-random-25.scen,120
120,ht_chantry.map,planner,1,13197,11298,197,197,12075,11298,28,0,1000,True,ht_chantry-random-25.scen,120
160,ht_chantry.map,planner,1,17850,14599,197,197,16110,14599,23,0,0,False,ht_chantry-random-25.scen,160
160,ht_chantry.map,planner,1,17850,14599,197,197,16110,14599,22,0,0,True,ht_chantry-random-25.scen,160
160,ht_chantry.map,planner,1,17850,14599,197,197,16110,14599,22,0,1,False,ht_chantry-random-25.scen,160
160,ht_chantry.map,planner,1,17914,14599,199,197,15767,14599,37,0,1,True,ht_chantry-random-25.scen,160
160,ht_chantry.map,planner,1,17850,14599,197,197,16110,14599,19,0,10,False,ht_chantry-random-25.scen,160
160,ht_chantry.map,planner,1,17502,14599,197,197,15724,14599,75,0,10,True,ht_chantry-random-25.scen,160
160,ht_chantry.map,planner,1,17850,14599,197,197,16110,14599,22,0,100,False,ht_chantry-random-25.scen,160
160,ht_chantry.map,planner,1,17502,14599,197,197,15724,14599,75,0,100,True,ht_chantry-random-25.scen,160
160,ht_chantry.map,planner,1,17850,14599,197,197,16110,14599,21,0,1000,False,ht_chantry-random-25.scen,160
160,ht_chantry.map,planner,1,17502,14599,197,197,15724,14599,75,0,1000,True,ht_chantry-random-25.scen,160
200,ht_chantry.map,planner,1,23905,18753,197,197,20948,18753,27,0,0,False,ht_chantry-random-25.scen,200
200,ht_chantry.map,planner,1,23905,18753,197,197,20948,18753,28,0,0,True,ht_chantry-random-25.scen,200
200,ht_chantry.map,planner,1,23905,18753,197,197,20948,18753,25,0,1,False,ht_chantry-random-25.scen,200
200,ht_chantry.map,planner,1,23035,18753,197,197,20462,18753,47,0,1,True,ht_chantry-random-25.scen,200
200,ht_chantry.map,planner,1,23905,18753,197,197,20948,18753,26,0,10,False,ht_chantry-random-25.scen,200
200,ht_chantry.map,planner,1,23062,18753,197,197,20371,18753,115,0,10,True,ht_chantry-random-25.scen,200
200,ht_chantry.map,planner,1,23905,18753,197,197,20948,18753,27,0,100,False,ht_chantry-random-25.scen,200
200,ht_chantry.map,planner,1,23111,18753,197,197,20326,18753,109,0,100,True,ht_chantry-random-25.scen,200
200,ht_chantry.map,planner,1,23905,18753,197,197,20948,18753,28,0,1000,False,ht_chantry-random-25.scen,200
200,ht_chantry.map,planner,1,23111,18753,197,197,20326,18753,110,0,1000,True,ht_chantry-random-25.scen,200
240,ht_chantry.map,planner,1,29387,22364,197,197,25308,22364,33,0,0,False,ht_chantry-random-25.scen,240
240,ht_chantry.map,planner,1,29387,22364,197,197,25308,22364,30,0,0,True,ht_chantry-random-25.scen,240
240,ht_chantry.map,planner,1,29387,22364,197,197,25308,22364,32,0,1,False,ht_chantry-random-25.scen,240
240,ht_chantry.map,planner,1,27936,22364,197,197,24406,22364,63,0,1,True,ht_chantry-random-25.scen,240
240,ht_chantry.map,planner,1,29387,22364,197,197,25308,22364,34,0,10,False,ht_chantry-random-25.scen,240
240,ht_chantry.map,planner,1,28140,22364,199,197,24461,22364,222,0,10,True,ht_chantry-random-25.scen,240
240,ht_chantry.map,planner,1,29387,22364,197,197,25308,22364,33,0,100,False,ht_chantry-random-25.scen,240
240,ht_chantry.map,planner,1,28167,22364,197,197,24322,22364,1215,0,100,True,ht_chantry-random-25.scen,240
240,ht_chantry.map,planner,1,29387,22364,197,197,25308,22364,33,0,1000,False,ht_chantry-random-25.scen,240
240,ht_chantry.map,planner,1,27817,22364,198,197,24441,22364,9179,0,1000,True,ht_chantry-random-25.scen,240
280,ht_chantry.map,planner,1,35317,26131,201,198,30289,26131,41,0,0,False,ht_chantry-random-25.scen,280
280,ht_chantry.map,planner,1,35317,26131,201,198,30289,26131,41,0,0,True,ht_chantry-random-25.scen,280
280,ht_chantry.map,planner,1,35317,26131,201,198,30289,26131,40,0,1,False,ht_chantry-random-25.scen,280
280,ht_chantry.map,planner,1,33742,26131,201,198,28779,26131,76,0,1,True,ht_chantry-random-25.scen,280
280,ht_chantry.map,planner,1,35317,26131,201,198,30289,26131,39,0,10,False,ht_chantry-random-25.scen,280
280,ht_chantry.map,planner,1,33795,26131,201,198,28756,26131,325,0,10,True,ht_chantry-random-25.scen,280
280,ht_chantry.map,planner,1,35317,26131,201,198,30289,26131,39,0,100,False,ht_chantry-random-25.scen,280
280,ht_chantry.map,planner,1,35317,26131,201,198,30289,26131,30,0,1000,False,ht_chantry-random-25.scen,280
280,ht_chantry.map,planner,1,33218,26131,200,198,28642,26131,12808,0,1000,True,ht_chantry-random-25.scen,280
320,ht_chantry.map,planner,1,41476,30126,201,198,35547,30126,33,0,0,False,ht_chantry-random-25.scen,320
320,ht_chantry.map,planner,1,41476,30126,201,198,35547,30126,37,0,0,True,ht_chantry-random-25.scen,320
320,ht_chantry.map,planner,1,41476,30126,201,198,35547,30126,36,0,1,False,ht_chantry-random-25.scen,320
320,ht_chantry.map,planner,1,39710,30126,203,198,34132,30126,85,0,1,True,ht_chantry-random-25.scen,320
320,ht_chantry.map,planner,1,41476,30126,201,198,35547,30126,32,0,10,False,ht_chantry-random-25.scen,320
320,ht_chantry.map,planner,1,39818,30126,215,198,33874,30126,440,0,10,True,ht_chantry-random-25.scen,320
320,ht_chantry.map,planner,1,41476,30126,201,198,35547,30126,33,0,100,False,ht_chantry-random-25.scen,320
320,ht_chantry.map,planner,1,39931,30126,203,198,33682,30126,3754,0,100,True,ht_chantry-random-25.scen,320
320,ht_chantry.map,planner,1,41476,30126,201,198,35547,30126,37,0,1000,False,ht_chantry-random-25.scen,320
320,ht_chantry.map,planner,1,39791,30126,209,198,33592,30126,26165,0,1000,True,ht_chantry-random-25.scen,320
360,ht_chantry.map,planner,1,47726,33699,199,198,40145,33699,39,0,0,False,ht_chantry-random-25.scen,360
360,ht_chantry.map,planner,1,47726,33699,199,198,40145,33699,41,0,0,True,ht_chantry-random-25.scen,360
360,ht_chantry.map,planner,1,47726,33699,199,198,40145,33699,39,0,1,False,ht_chantry-random-25.scen,360
360,ht_chantry.map,planner,1,45721,33699,199,198,38553,33699,101,0,1,True,ht_chantry-random-25.scen,360
360,ht_chantry.map,planner,1,47726,33699,199,198,40145,33699,37,0,10,False,ht_chantry-random-25.scen,360
360,ht_chantry.map,planner,1,45817,33699,201,198,38272,33699,551,0,10,True,ht_chantry-random-25.scen,360
360,ht_chantry.map,planner,1,47726,33699,199,198,40145,33699,39,0,100,False,ht_chantry-random-25.scen,360
360,ht_chantry.map,planner,1,45096,33699,212,198,38211,33699,4099,0,100,True,ht_chantry-random-25.scen,360
360,ht_chantry.map,planner,1,47726,33699,199,198,40145,33699,39,0,1000,False,ht_chantry-random-25.scen,360
360,ht_chantry.map,planner,1,45038,33699,206,198,38031,33699,38269,0,1000,True,ht_chantry-random-25.scen,360
400,ht_chantry.map,planner,1,54951,37897,216,198,45779,37897,45,0,0,False,ht_chantry-random-25.scen,400
400,ht_chantry.map,planner,1,54951,37897,216,198,45779,37897,47,0,0,True,ht_chantry-random-25.scen,400
400,ht_chantry.map,planner,1,54951,37897,216,198,45779,37897,44,0,1,False,ht_chantry-random-25.scen,400
400,ht_chantry.map,planner,1,52384,37897,210,198,43933,37897,120,0,1,True,ht_chantry-random-25.scen,400
400,ht_chantry.map,planner,1,54951,37897,216,198,45779,37897,43,0,10,False,ht_chantry-random-25.scen,400
400,ht_chantry.map,planner,1,51814,37897,208,198,43699,37897,647,0,10,True,ht_chantry-random-25.scen,400
400,ht_chantry.map,planner,1,54951,37897,216,198,45779,37897,42,0,100,False,ht_chantry-random-25.scen,400
400,ht_chantry.map,planner,1,50903,37897,209,198,43476,37897,4888,0,100,True,ht_chantry-random-25.scen,400
400,ht_chantry.map,planner,1,54951,37897,216,198,45779,37897,45,0,1000,False,ht_chantry-random-25.scen,400
400,ht_chantry.map,planner,1,50555,37897,205,198,43266,37897,41105,0,1000,True,ht_chantry-random-25.scen,400
440,ht_chantry.map,planner,1,61517,42037,210,198,51547,42037,48,0,0,False,ht_chantry-random-25.scen,440
440,ht_chantry.map,planner,1,61517,42037,210,198,51547,42037,54,0,0,True,ht_chantry-random-25.scen,440
440,ht_chantry.map,planner,1,61517,42037,210,198,51547,42037,49,0,1,False,ht_chantry-random-25.scen,440
440,ht_chantry.map,planner,1,57930,42037,201,198,49941,42037,154,0,1,True,ht_chantry-random-25.scen,440
440,ht_chantry.map,planner,1,61517,42037,210,198,51547,42037,48,0,10,False,ht_chantry-random-25.scen,440
440,ht_chantry.map,planner,1,58527,42037,203,198,49121,42037,828,0,10,True,ht_chantry-random-25.scen,440
440,ht_chantry.map,planner,1,61517,42037,210,198,51547,42037,48,0,100,False,ht_chantry-random-25.scen,440
440,ht_chantry.map,planner,1,57370,42037,203,198,49133,42037,6797,0,100,True,ht_chantry-random-25.scen,440
440,ht_chantry.map,planner,1,61517,42037,210,198,51547,42037,48,0,1000,False,ht_chantry-random-25.scen,440
480,ht_chantry.map,planner,1,67983,45511,203,198,56689,45511,51,0,0,False,ht_chantry-random-25.scen,480
480,ht_chantry.map,planner,1,67983,45511,203,198,56689,45511,53,0,0,True,ht_chantry-random-25.scen,480
480,ht_chantry.map,planner,1,67983,45511,203,198,56689,45511,56,0,1,False,ht_chantry-random-25.scen,480
480,ht_chantry.map,planner,1,65091,45511,201,198,54768,45511,162,0,1,True,ht_chantry-random-25.scen,480
480,ht_chantry.map,planner,1,67983,45511,203,198,56689,45511,50,0,10,False,ht_chantry-random-25.scen,480
480,ht_chantry.map,planner,1,64366,45511,206,198,54386,45511,975,0,10,True,ht_chantry-random-25.scen,480
480,ht_chantry.map,planner,1,67983,45511,203,198,56689,45511,52,0,100,False,ht_chantry-random-25.scen,480
480,ht_chantry.map,planner,1,63915,45511,206,198,53858,45511,7423,0,100,True,ht_chantry-random-25.scen,480
480,ht_chantry.map,planner,1,67983,45511,203,198,56689,45511,55,0,1000,False,ht_chantry-random-25.scen,480
520,ht_chantry.map,planner,1,76834,49575,220,198,62820,49575,54,0,0,False,ht_chantry-random-25.scen,520
520,ht_chantry.map,planner,1,76834,49575,220,198,62820,49575,60,0,0,True,ht_chantry-random-25.scen,520
520,ht_chantry.map,planner,1,76834,49575,220,198,62820,49575,66,0,1,False,ht_chantry-random-25.scen,520
520,ht_chantry.map,planner,1,72710,49575,207,198,61215,49575,181,0,1,True,ht_chantry-random-25.scen,520
520,ht_chantry.map,planner,1,76834,49575,220,198,62820,49575,61,0,10,False,ht_chantry-random-25.scen,520
520,ht_chantry.map,planner,1,72557,49575,215,198,61196,49575,1117,0,10,True,ht_chantry-random-25.scen,520
520,ht_chantry.map,planner,1,76834,49575,220,198,62820,49575,65,0,100,False,ht_chantry-random-25.scen,520
520,ht_chantry.map,planner,1,71162,49575,214,198,60035,49575,9133,0,100,True,ht_chantry-random-25.scen,520
520,ht_chantry.map,planner,1,76834,49575,220,198,62820,49575,66,0,1000,False,ht_chantry-random-25.scen,520
560,ht_chantry.map,planner,1,82476,53603,217,198,68295,53603,66,0,0,False,ht_chantry-random-25.scen,560
560,ht_chantry.map,planner,1,82476,53603,217,198,68295,53603,71,0,0,True,ht_chantry-random-25.scen,560
560,ht_chantry.map,planner,1,82476,53603,217,198,68295,53603,63,0,1,False,ht_chantry-random-25.scen,560
560,ht_chantry.map,planner,1,81115,53603,217,198,67360,53603,191,0,1,True,ht_chantry-random-25.scen,560
560,ht_chantry.map,planner,1,82476,53603,217,198,68295,53603,65,0,10,False,ht_chantry-random-25.scen,560
560,ht_chantry.map,planner,1,80693,53603,210,198,67147,53603,1200,0,10,True,ht_chantry-random-25.scen,560
560,ht_chantry.map,planner,1,82476,53603,217,198,68295,53603,68,0,100,False,ht_chantry-random-25.scen,560
560,ht_chantry.map,planner,1,79107,53603,215,198,65897,53603,9766,0,100,True,ht_chantry-random-25.scen,560
560,ht_chantry.map,planner,1,82476,53603,217,198,68295,53603,65,0,1000,False,ht_chantry-random-25.scen,560
0,ht_chantry.map,planner,1,0,0,0,0,0,0,0,0,0,False,ht_chantry-random-6.scen,0
0,ht_chantry.map,planner,1,0,0,0,0,0,0,0,0,0,True,ht_chantry-random-6.scen,0
0,ht_chantry.map,planner,1,0,0,0,0,0,0,0,0,1,False,ht_chantry-random-6.scen,0
0,ht_chantry.map,planner,1,0,0,0,0,0,0,0,0,1,True,ht_chantry-random-6.scen,0
0,ht_chantry.map,planner,1,0,0,0,0,0,0,0,0,10,False,ht_chantry-random-6.scen,0
0,ht_chantry.map,planner,1,0,0,0,0,0,0,0,0,10,True,ht_chantry-random-6.scen,0
0,ht_chantry.map,planner,1,0,0,0,0,0,0,0,0,100,False,ht_chantry-random-6.scen,0
0,ht_chantry.map,planner,1,0,0,0,0,0,0,0,0,100,True,ht_chantry-random-6.scen,0
0,ht_chantry.map,planner,1,0,0,0,0,0,0,0,0,1000,False,ht_chantry-random-6.scen,0
0,ht_chantry.map,planner,1,0,0,0,0,0,0,0,0,1000,True,ht_chantry-random-6.scen,0
40,ht_chantry.map,planner,1,3811,3615,180,180,3723,3615,4,0,0,False,ht_chantry-random-6.scen,40
40,ht_chantry.map,planner,1,3811,3615,180,180,3723,3615,3,0,0,True,ht_chantry-random-6.scen,40
40,ht_chantry.map,planner,1,3811,3615,180,180,3723,3615,3,0,1,False,ht_chantry-random-6.scen,40
40,ht_chantry.map,planner,1,3928,3615,180,180,3748,3615,4,0,1,True,ht_chantry-random-6.scen,40
40,ht_chantry.map,planner,1,3811,3615,180,180,3723,3615,3,0,10,False,ht_chantry-random-6.scen,40
40,ht_chantry.map,planner,1,3928,3615,180,180,3748,3615,3,0,10,True,ht_chantry-random-6.scen,40
40,ht_chantry.map,planner,1,3811,3615,180,180,3723,3615,3,0,100,False,ht_chantry-random-6.scen,40
40,ht_chantry.map,planner,1,3928,3615,180,180,3748,3615,3,0,100,True,ht_chantry-random-6.scen,40
40,ht_chantry.map,planner,1,3811,3615,180,180,3723,3615,3,0,1000,False,ht_chantry-random-6.scen,40
40,ht_chantry.map,planner,1,3928,3615,180,180,3748,3615,3,0,1000,True,ht_chantry-random-6.scen,40
80,ht_chantry.map,planner,1,8445,7503,189,189,7924,7503,7,0,0,False,ht_chantry-random-6.scen,80
80,ht_chantry.map,planner,1,8445,7503,189,189,7924,7503,8,0,0,True,ht_chantry-random-6.scen,80
80,ht_chantry.map,planner,1,8445,7503,189,189,7924,7503,7,0,1,False,ht_chantry-random-6.scen,80
80,ht_chantry.map,planner,1,8463,7503,191,189,7914,7503,8,0,1,True,ht_chantry-random-6.scen,80
80,ht_chantry.map,planner,1,8445,7503,189,189,7924,7503,7,0,10,False,ht_chantry-random-6.scen,80
80,ht_chantry.map,planner,1,8463,7503,191,189,7914,7503,7,0,10,True,ht_chantry-random-6.scen,80
80,ht_chantry.map,planner,1,8445,7503,189,189,7924,7503,8,0,100,False,ht_chantry-random-6.scen,80
80,ht_chantry.map,planner,1,8463,7503,191,189,7914,7503,7,0,100,True,ht_chantry-random-6.scen,80
80,ht_chantry.map,planner,1,8445,7503,189,189,7924,7503,7,0,1000,False,ht_chantry-random-6.scen,80
80,ht_chantry.map,planner,1,8463,7503,191,189,7914,7503,7,0,1000,True,ht_chantry-random-6.scen,80
120,ht_chantry.map,planner,1,13387,11287,189,189,12196,11287,11,0,0,False,ht_chantry-random-6.scen,120
120,ht_chantry.map,planner,1,13387,11287,189,189,12196,11287,11,0,0,True,ht_chantry-random-6.scen,120
120,ht_chantry.map,planner,1,13387,11287,189,189,12196,11287,11,0,1,False,ht_chantry-random-6.scen,120
120,ht_chantry.map,planner,1,13056,11287,191,189,12091,11287,13,0,1,True,ht_chantry-random-6.scen,120
120,ht_chantry.map,planner,1,13387,11287,189,189,12196,11287,11,0,10,False,ht_chantry-random-6.scen,120
120,ht_chantry.map,planner,1,13056,11287,191,189,12091,11287,14,0,10,True,ht_chantry-random-6.scen,120
120,ht_chantry.map,planner,1,13387,11287,189,189,12196,11287,12,0,100,False,ht_chantry-random-6.scen,120
120,ht_chantry.map,planner,1,13056,11287,191,189,12091,11287,13,0,100,True,ht_chantry-random-6.scen,120
120,ht_chantry.map,planner,1,13387,11287,189,189,12196,11287,11,0,1000,False,ht_chantry-random-6.scen,120
120,ht_chantry.map,planner,1,13056,11287,191,189,12091,11287,13,0,1000,True,ht_chantry-random-6.scen,120
160,ht_chantry.map,planner,1,18565,15076,189,189,16503,15076,15,0,0,False,ht_chantry-random-6.scen,160
160,ht_chantry.map,planner,1,18565,15076,189,189,16503,15076,17,0,0,True,ht_chantry-random-6.scen,160
160,ht_chantry.map,planner,1,18565,15076,189,189,16503,15076,14,0,1,False,ht_chantry-random-6.scen,160
160,ht_chantry.map,planner,1,18214,15076,189,189,16119,15076,20,0,1,True,ht_chantry-random-6.scen,160
160,ht_chantry.map,planner,1,18565,15076,189,189,16503,15076,15,0,10,False,ht_chantry-random-6.scen,160
160,ht_chantry.map,planner,1,18214,15076,189,189,16119,15076,17,0,10,True,ht_chantry-random-6.scen,160
160,ht_chantry.map,planner,1,18565,15076,189,189,16503,15076,17,0,100,False,ht_chantry-random-6.scen,160
160,ht_chantry.map,planner,1,18214,15076,189,189,16119,15076,20,0,100,True,ht_chantry-random-6.scen,160
160,ht_chantry.map,planner,1,18565,15076,189,189,16503,15076,16,0,1000,False,ht_chantry-random-6.scen,160
160,ht_chantry.map,planner,1,18214,15076,189,189,16119,15076,19,0,1000,True,ht_chantry-random-6.scen,160
200,ht_chantry.map,planner,1,24561,19580,189,189,21618,19580,19,0,0,False,ht_chantry-random-6.scen,200
200,ht_chantry.map,planner,1,24561,19580,189,189,21618,19580,22,0,0,True,ht_chantry-random-6.scen,200
200,ht_chantry.map,planner,1,24561,19580,189,189,21618,19580,20,0,1,False,ht_chantry-random-6.scen,200
200,ht_chantry.map,planner,1,23784,19580,198,189,21094,19580,38,0,1,True,ht_chantry-random-6.scen,200
200,ht_chantry.map,planner,1,24561,19580,189,189,21618,19580,19,0,10,False,ht_chantry-random-6.scen,200
200,ht_chantry.map,planner,1,23570,19580,189,189,21056,19580,84,0,10,True,ht_chantry-random-6.scen,200
200,ht_chantry.map,planner,1,24561,19580,189,189,21618,19580,20,0,100,False,ht_chantry-random-6.scen,200
200,ht_chantry.map,planner,1,23590,19580,200,189,21133,19580,107,0,100,True,ht_chantry-random-6.scen,200
200,ht_chantry.map,planner,1,24561,19580,189,189,21618,19580,20,0,1000,False,ht_chantry-random-6.scen,200
200,ht_chantry.map,planner,1,23590,19580,200,189,21133,19580,102,0,1000,True,ht_chantry-random-6.scen,200
240,ht_chantry.map,planner,1,29333,23415,189,189,26175,23415,27,0,0,False,ht_chantry-random-6.scen,240
240,ht_chantry.map,planner,1,29333,23415,189,189,26175,23415,27,0,0,True,ht_chantry-random-6.scen,240
240,ht_chantry.map,planner,1,29333,23415,189,189,26175,23415,24,0,1,False,ht_chantry-random-6.scen,240
240,ht_chantry.map,planner,1,29087,23415,193,189,25670,23415,62,0,1,True,ht_chantry-random-6.scen,240
240,ht_chantry.map,planner,1,29333,23415,189,189,26175,23415,25,0,10,False,ht_chantry-random-6.scen,240
240,ht_chantry.map,planner,1,28429,23415,194,189,25509,23415,237,0,10,True,ht_chantry-random-6.scen,240
240,ht_chantry.map,planner,1,29333,23415,189,189,26175,23415,25,0,100,False,ht_chantry-random-6.scen,240
240,ht_chantry.map,planner,1,28187,23415,190,189,25383,23415,675,0,100,True,ht_chantry-random-6.scen,240
240,ht_chantry.map,planner,1,29333,23415,189,189,26175,23415,22,0,1000,False,ht_chantry-random-6.scen,240
240,ht_chantry.map,planner,1,28272,23415,189,189,25476,23415,6491,0,1000,True,ht_chantry-random-6.scen,240
280,ht_chantry.map,planner,1,35836,27318,193,189,31307,27318,29,0,0,False,ht_chantry-random-6.scen,280
280,ht_chantry.map,planner,1,35836,27318,193,189,31307,27318,28,0,0,True,ht_chantry-random-6.scen,280
280,ht_chantry.map,planner,1,35836,27318,193,189,31307,27318,27,0,1,False,ht_chantry-random-6.scen,280
280,ht_chantry.map,planner,1,34008,27318,194,189,30109,27318,72,0,1,True,ht_chantry-random-6.scen,280
280,ht_chantry.map,planner,1,35836,27318,193,189,31307,27318,32,0,10,False,ht_chantry-random-6.scen,280
280,ht_chantry.map,planner,1,33818,27318,192,189,29966,27318,341,0,10,True,ht_chantry-random-6.scen,280
280,ht_chantry.map,planner,1,35836,27318,193,189,31307,27318,28,0,100,False,ht_chantry-random-6.scen,280
280,ht_chantry.map,planner,1,33206,27318,194,189,29880,27318,2823,0,100,True,ht_chantry-random-6.scen,280
280,ht_chantry.map,planner,1,35836,27318,193,189,31307,27318,25,0,1000,False,ht_chantry-random-6.scen,280
280,ht_chantry.map,planner,1,33739,27318,196,189,29853,27318,22275,0,1000,True,ht_chantry-random-6.scen,280
320,ht_chantry.map,planner,1,41416,31083,195,195,36336,31083,36,0,0,False,ht_chantry-random-6.scen,320
320,ht_chantry.map,planner,1,41416,31083,195,195,36336,31083,34,0,0,True,ht_chantry-random-6.scen,320
320,ht_chantry.map,planner,1,41416,31083,195,195,36336,31083,35,0,1,False,ht_chantry-random-6.scen,320
320,ht_chantry.map,planner,1,38846,31083,196,195,34775,31083,92,0,1,True,ht_chantry-random-6.scen,320
320,ht_chantry.map,planner,1,41416,31083,195,195,36336,31083,35,0,10,False,ht_chantry-random-6.scen,320
320,ht_chantry.map,planner,1,39303,31083,197,195,34817,31083,548,0,10,True,ht_chantry-random-6.scen,320
320,ht_chantry.map,planner,1,41416,31083,195,195,36336,31083,38,0,100,False,ht_chantry-random-6.scen,320
320,ht_chantry.map,planner,1,39418,31083,202,195,34708,31083,3885,0,100,True,ht_chantry-random-6.scen,320
320,ht_chantry.map,planner,1,41416,31083,195,195,36336,31083,31,0,1000,False,ht_chantry-random-6.scen,320
320,ht_chantry.map,planner,1,39006,31083,198,195,34499,31083,34399,0,1000,True,ht_chantry-random-6.scen,320
360,ht_chantry.map,planner,1,48209,35312,206,201,41774,35312,41,0,0,False,ht_chantry-random-6.scen,360
360,ht_chantry.map,planner,1,48209,35312,206,201,41774,35312,40,0,0,True,ht_chantry-random-6.scen,360
360,ht_chantry.map,planner,1,48209,35312,206,201,41774,35312,38,0,1,False,ht_chantry-random-6.scen,360
360,ht_chantry.map,planner,1,45793,35312,206,201,40282,35312,111,0,1,True,ht_chantry-random-6.scen,360
360,ht_chantry.map,planner,1,48209,35312,206,201,41774,35312,42,0,10,False,ht_chantry-random-6.scen,360
360,ht_chantry.map,planner,1,46415,35312,203,201,40290,35312,631,0,10,True,ht_chantry-random-6.scen,360
360,ht_chantry.map,planner,1,48209,35312,206,201,41774,35312,40,0,100,False,ht_chantry-random-6.scen,360
360,ht_chantry.map,planner,1,45266,35312,205,201,39963,35312,5009,0,100,True,ht_chantry-random-6.scen,360
360,ht_chantry.map,planner,1,48209,35312,206,201,41774,35312,43,0,1000,False,ht_chantry-random-6.scen,360
360,ht_chantry.map,planner,1,45951,35312,206,201,40060,35312,48773,0,1000,True,ht_chantry-random-6.scen,360
400,ht_chantry.map,planner,1,55285,38891,212,201,47184,38891,47,0,0,False,ht_chantry-random-6.scen,400
400,ht_chantry.map,planner,1,55285,38891,212,201,47184,38891,45,0,0,True,ht_chantry-random-6.scen,400
400,ht_chantry.map,planner,1,55285,38891,212,201,47184,38891,44,0,1,False,ht_chantry-random-6.scen,400
400,ht_chantry.map,planner,1,52569,38891,219,201,45637,38891,133,0,1,True,ht_chantry-random-6.scen,400
400,ht_chantry.map,planner,1,55285,38891,212,201,47184,38891,48,0,10,False,ht_chantry-random-6.scen,400
400,ht_chantry.map,planner,1,51562,38891,206,201,44969,38891,810,0,10,True,ht_chantry-random-6.scen,400
400,ht_chantry.map,planner,1,55285,38891,212,201,47184,38891,43,0,100,False,ht_chantry-random-6.scen,400
400,ht_chantry.map,planner,1,51942,38891,226,201,45148,38891,7155,0,100,True,ht_chantry-random-6.scen,400
400,ht_chantry.map,planner,1,55285,38891,212,201,47184,38891,41,0,1000,False,ht_chantry-random-6.scen,400
440,ht_chantry.map,planner,1,60880,42657,207,201,51944,42657,47,0,0,False,ht_chantry-random-6.scen,440
440,ht_chantry.map,planner,1,60880,42657,207,201,51944,42657,53,0,0,True,ht_chantry-random-6.scen,440
440,ht_chantry.map,planner,1,60880,42657,207,201,51944,42657,53,0,1,False,ht_chantry-random-6.scen,440
440,ht_chantry.map,planner,1,58499,42657,207,201,50726,42657,150,0,1,True,ht_chantry-random-6.scen,440
440,ht_chantry.map,planner,1,60880,42657,207,201,51944,42657,48,0,10,False,ht_chantry-random-6.scen,440
440,ht_chantry.map,planner,1,58086,42657,212,201,50319,42657,893,0,10,True,ht_chantry-random-6.scen,440
440,ht_chantry.map,planner,1,60880,42657,207,201,51944,42657,47,0,100,False,ht_chantry-random-6.scen,440
440,ht_chantry.map,planner,1,56590,42657,211,201,49538,42657,7365,0,100,True,ht_chantry-random-6.scen,440
440,ht_chantry.map,planner,1,60880,42657,207,201,51944,42657,45,0,1000,False,ht_chantry-random-6.scen,440
480,ht_chantry.map,planner,1,67386,46077,219,201,56747,46077,56,0,0,False,ht_chantry-random-6.scen,480
480,ht_chantry.map,planner,1,67386,46077,219,201,56747,46077,60,0,0,True,ht_chantry-random-6.scen,480
480,ht_chantry.map,planner,1,67386,46077,219,201,56747,46077,57,0,1,False,ht_chantry-random-6.scen,480
480,ht_chantry.map,planner,1,63290,46077,211,201,55166,46077,161,0,1,True,ht_chantry-random-6.scen,480
480,ht_chantry.map,planner,1,67386,46077,219,201,56747,46077,58,0,10,False,ht_chantry-random-6.scen,480
480,ht_chantry.map,planner,1,62130,46077,204,201,54300,46077,904,0,10,True,ht_chantry-random-6.scen,480
480,ht_chantry.map,planner,1,67386,46077,219,201,56747,46077,52,0,100,False,ht_chantry-random-6.scen,480
480,ht_chantry.map,planner,1,63694,46077,213,201,54842,46077,7914,0,100,True,ht_chantry-random-6.scen,480
480,ht_chantry.map,planner,1,67386,46077,219,201,56747,46077,51,0,1000,False,ht_chantry-random-6.scen,480
520,ht_chantry.map,planner,1,74467,49338,210,201,61887,49338,61,0,0,False,ht_chantry-random-6.scen,520
520,ht_chantry.map,planner,1,74467,49338,210,201,61887,49338,66,0,0,True,ht_chantry-random-6.scen,520
520,ht_chantry.map,planner,1,74467,49338,210,201,61887,49338,59,0,1,False,ht_chantry-random-6.scen,520
520,ht_chantry.map,planner,1,70866,49338,205,201,60447,49338,182,0,1,True,ht_chantry-random-6.scen,520
520,ht_chantry.map,planner,1,74467,49338,210,201,61887,49338,56,0,10,False,ht_chantry-random-6.scen,520
520,ht_chantry.map,planner,1,69262,49338,208,201,59664,49338,1012,0,10,True,ht_chantry-random-6.scen,520
520,ht_chantry.map,planner,1,74467,49338,210,201,61887,49338,59,0,100,False,ht_chantry-random-6.scen,520
520,ht_chantry.map,planner,1,68887,49338,208,201,59142,49338,8440,0,100,True,ht_chantry-random-6.scen,520
520,ht_chantry.map,planner,1,74467,49338,210,201,61887,49338,67,0,1000,False,ht_chantry-random-6.scen,520
560,ht_chantry.map,planner,1,82801,52347,230,201,67690,52347,68,0,0,False,ht_chantry-random-6.scen,560
560,ht_chantry.map,planner,1,82801,52347,230,201,67690,52347,72,0,0,True,ht_chantry-random-6.scen,560
560,ht_chantry.map,planner,1,82801,52347,230,201,67690,52347,72,0,1,False,ht_chantry-random-6.scen,560
560,ht_chantry.map,planner,1,77207,52347,217,201,65041,52347,181,0,1,True,ht_chantry-random-6.scen,560
560,ht_chantry.map,planner,1,82801,52347,230,201,67690,52347,65,0,10,False,ht_chantry-random-6.scen,560
560,ht_chantry.map,planner,1,76152,52347,223,201,64775,52347,1197,0,10,True,ht_chantry-random-6.scen,560
560,ht_chantry.map,planner,1,82801,52347,230,201,67690,52347,66,0,100,False,ht_chantry-random-6.scen,560
560,ht_chantry.map,planner,1,76678,52347,219,201,64046,52347,9921,0,100,True,ht_chantry-random-6.scen,560
560,ht_chantry.map,planner,1,82801,52347,230,201,67690,52347,71,0,1000,False,ht_chantry-random-6.scen,560
0,ht_chantry.map,planner,1,0,0,0,0,0,0,0,0,0,False,ht_chantry-random-14.scen,0
0,ht_chantry.map,planner,1,0,0,0,0,0,0,0,0,0,True,ht_chantry-random-14.scen,0
0,ht_chantry.map,planner,1,0,0,0,0,0,0,0,0,1,False,ht_chantry-random-14.scen,0
0,ht_chantry.map,planner,1,0,0,0,0,0,0,0,0,1,True,ht_chantry-random-14.scen,0
0,ht_chantry.map,planner,1,0,0,0,0,0,0,0,0,10,False,ht_chantry-random-14.scen,0
0,ht_chantry.map,planner,1,0,0,0,0,0,0,0,0,10,True,ht_chantry-random-14.scen,0
0,ht_chantry.map,planner,1,0,0,0,0,0,0,0,0,100,False,ht_chantry-random-14.scen,0
0,ht_chantry.map,planner,1,0,0,0,0,0,0,0,0,100,True,ht_chantry-random-14.scen,0
0,ht_chantry.map,planner,1,0,0,0,0,0,0,0,0,1000,False,ht_chantry-random-14.scen,0
0,ht_chantry.map,planner,1,0,0,0,0,0,0,0,0,1000,True,ht_chantry-random-14.scen,0
40,ht_chantry.map,planner,1,4544,4089,173,173,4235,4089,4,0,0,False,ht_chantry-random-14.scen,40
40,ht_chantry.map,planner,1,4544,4089,173,173,4235,4089,4,0,0,True,ht_chantry-random-14.scen,40
40,ht_chantry.map,planner,1,4544,4089,173,173,4235,4089,4,0,1,False,ht_chantry-random-14.scen,40
40,ht_chantry.map,planner,1,4565,4089,173,173,4244,4089,4,0,1,True,ht_chantry-random-14.scen,40
40,ht_chantry.map,planner,1,4544,4089,173,173,4235,4089,4,0,10,False,ht_chantry-random-14.scen,40
40,ht_chantry.map,planner,1,4565,4089,173,173,4244,4089,4,0,10,True,ht_chantry-random-14.scen,40
40,ht_chantry.map,planner,1,4544,4089,173,173,4235,4089,4,0,100,False,ht_chantry-random-14.scen,40
40,ht_chantry.map,planner,1,4565,4089,173,173,4244,4089,4,0,100,True,ht_chantry-random-14.scen,40
40,ht_chantry.map,planner,1,4544,4089,173,173,4235,4089,4,0,1000,False,ht_chantry-random-14.scen,40
40,ht_chantry.map,planner,1,4565,4089,173,173,4244,4089,4,0,1000,True,ht_chantry-random-14.scen,40
80,ht_chantry.map,planner,1,8905,7986,185,185,8374,7986,9,0,0,False,ht_chantry-random-14.scen,80
80,ht_chantry.map,planner,1,8905,7986,185,185,8374,7986,7,0,0,True,ht_chantry-random-14.scen,80
80,ht_chantry.map,planner,1,8905,7986,185,185,8374,7986,7,0,1,False,ht_chantry-random-14.scen,80
80,ht_chantry.map,planner,1,8904,7986,185,185,8359,7986,7,0,1,True,ht_chantry-random-14.scen,80
80,ht_chantry.map,planner,1,8905,7986,185,185,8374,7986,7,0,10,False,ht_chantry-random-14.scen,80
80,ht_chantry.map,planner,1,8904,7986,185,185,8359,7986,8,0,10,True,ht_chantry-random-14.scen,80
80,ht_chantry.map,planner,1,8905,7986,185,185,8374,7986,8,0,100,False,ht_chantry-random-14.scen,80
80,ht_chantry.map,planner,1,8904,7986,185,185,8359,7986,8,0,100,True,ht_chantry-random-14.scen,80
80,ht_chantry.map,planner,1,8905,7986,185,185,8374,7986,8,0,1000,False,ht_chantry-random-14.scen,80
80,ht_chantry.map,planner,1,8904,7986,185,185,8359,7986,8,0,1000,True,ht_chantry-random-14.scen,80
120,ht_chantry.map,planner,1,13529,11564,187,185,12444,11564,11,0,0,False,ht_chantry-random-14.scen,120
120,ht_chantry.map,planner,1,13529,11564,187,185,12444,11564,11,0,0,True,ht_chantry-random-14.scen,120
120,ht_chantry.map,planner,1,13529,11564,187,185,12444,11564,11,0,1,False,ht_chantry-random-14.scen,120
120,ht_chantry.map,planner,1,13321,11564,191,185,12220,11564,14,0,1,True,ht_chantry-random-14.scen,120
120,ht_chantry.map,planner,1,13529,11564,187,185,12444,11564,11,0,10,False,ht_chantry-random-14.scen,120
120,ht_chantry.map,planner,1,13321,11564,191,185,12220,11564,14,0,10,True,ht_chantry-random-14.scen,120
120,ht_chantry.map,planner,1,13529,11564,187,185,12444,11564,11,0,100,False,ht_chantry-random-14.scen,120
120,ht_chantry.map,planner,1,13321,11564,191,185,12220,11564,14,0,100,True,ht_chantry-random-14.scen,120
120,ht_chantry.map,planner,1,13529,11564,187,185,12444,11564,11,0,1000,False,ht_chantry-random-14.scen,120
120,ht_chantry.map,planner,1,13321,11564,191,185,12220,11564,14,0,1000,True,ht_chantry-random-14.scen,120
160,ht_chantry.map,planner,1,19074,15724,187,185,17211,15724,15,0,0,False,ht_chantry-random-14.scen,160
160,ht_chantry.map,planner,1,19074,15724,187,185,17211,15724,16,0,0,True,ht_chantry-random-14.scen,160
160,ht_chantry.map,planner,1,19074,15724,187,185,17211,15724,15,0,1,False,ht_chantry-random-14.scen,160
160,ht_chantry.map,planner,1,18381,15724,190,185,16848,15724,35,0,1,True,ht_chantry-random-14.scen,160
160,ht_chantry.map,planner,1,19074,15724,187,185,17211,15724,16,0,10,False,ht_chantry-random-14.scen,160
160,ht_chantry.map,planner,1,18430,15724,190,185,16839,15724,91,0,10,True,ht_chantry-random-14.scen,160
160,ht_chantry.map,planner,1,19074,15724,187,185,17211,15724,16,0,100,False,ht_chantry-random-14.scen,160
160,ht_chantry.map,planner,1,18467,15724,188,185,16812,15724,239,0,100,True,ht_chantry-random-14.scen,160
160,ht_chantry.map,planner,1,19074,15724,187,185,17211,15724,15,0,1000,False,ht_chantry-random-14.scen,160
160,ht_chantry.map,planner,1,18807,15724,191,185,16869,15724,1273,0,1000,True,ht_chantry-random-14.scen,160
200,ht_chantry.map,planner,1,23891,19311,189,185,21360,19311,21,0,0,False,ht_chantry-random-14.scen,200
200,ht_chantry.map,planner,1,23891,19311,189,185,21360,19311,22,0,0,True,ht_chantry-random-14.scen,200
200,ht_chantry.map,planner,1,23891,19311,189,185,21360,19311,19,0,1,False,ht_chantry-random-14.scen,200
200,ht_chantry.map,planner,1,23091,19311,189,185,20822,19311,45,0,1,True,ht_chantry-random-14.scen,200
200,ht_chantry.map,planner,1,23891,19311,189,185,21360,19311,20,0,10,False,ht_chantry-random-14.scen,200
200,ht_chantry.map,planner,1,23822,19311,189,185,20856,19311,128,0,10,True,ht_chantry-random-14.scen,200
200,ht_chantry.map,planner,1,23891,19311,189,185,21360,19311,19,0,100,False,ht_chantry-random-14.scen,200
200,ht_chantry.map,planner,1,23384,19311,189,185,20892,19311,454,0,100,True,ht_chantry-random-14.scen,200
200,ht_chantry.map,planner,1,23891,19311,189,185,21360,19311,21,0,1000,False,ht_chantry-random-14.scen,200
200,ht_chantry.map,planner,1,23404,19311,191,185,20807,19311,1421,0,1000,True,ht_chantry-random-14.scen,200
240,ht_chantry.map,planner,1,30192,23679,188,185,26804,23679,22,0,0,False,ht_chantry-random-14.scen,240
240,ht_chantry.map,planner,1,30192,23679,188,185,26804,23679,25,0,0,True,ht_chantry-random-14.scen,240
240,ht_chantry.map,planner,1,30192,23679,188,185,26804,23679,26,0,1,False,ht_chantry-random-14.scen,240
240,ht_chantry.map,planner,1,29308,23679,198,185,26016,23679,78,0,1,True,ht_chantry-random-14.scen,240
240,ht_chantry.map,planner,1,30192,23679,188,185,26804,23679,25,0,10,False,ht_chantry-random-14.scen,240
240,ht_chantry.map,planner,1,29396,23679,187,185,25972,23679,385,0,10,True,ht_chantry-random-14.scen,240
240,ht_chantry.map,planner,1,30192,23679,188,185,26804,23679,24,0,100,False,ht_chantry-random-14.scen,240
240,ht_chantry.map,planner,1,29262,23679,202,185,25940,23679,2697,0,100,True,ht_chantry-random-14.scen,240
240,ht_chantry.map,planner,1,30192,23679,188,185,26804,23679,22,0,1000,False,ht_chantry-random-14.scen,240
240,ht_chantry.map,planner,1,28878,23679,193,185,25783,23679,21706,0,1000,True,ht_chantry-random-14.scen,240
280,ht_chantry.map,planner,1,35998,26958,199,185,30885,26958,31,0,0,False,ht_chantry-random-14.scen,280
280,ht_chantry.map,planner,1,35998,26958,199,185,30885,26958,29,0,0,True,ht_chantry-random-14.scen,280
280,ht_chantry.map,planner,1,35998,26958,199,185,30885,26958,27,0,1,False,ht_chantry-random-14.scen,280
280,ht_chantry.map,planner,1,34334,26958,189,185,29820,26958,80,0,1,True,ht_chantry-random-14.scen,280
280,ht_chantry.map,planner,1,35998,26958,199,185,30885,26958,29,0,10,False,ht_chantry-random-14.scen,280
280,ht_chantry.map,planner,1,34031,26958,195,185,29715,26958,413,0,10,True,ht_chantry-random-14.scen,280
280,ht_chantry.map,planner,1,35998,26958,199,185,30885,26958,31,0,100,False,ht_chantry-random-14.scen,280
280,ht_chantry.map,planner,1,34139,26958,198,185,29634,26958,3142,0,100,True,ht_chantry-random-14.scen,280
280,ht_chantry.map,planner,1,35998,26958,199,185,30885,26958,27,0,1000,False,ht_chantry-random-14.scen,280
280,ht_chantry.map,planner,1,33970,26958,193,185,29472,26958,26637,0,1000,True,ht_chantry-random-14.scen,280
320,ht_chantry.map,planner,1,40711,30090,210,194,34877,30090,34,0,0,False,ht_chantry-random-14.scen,320
320,ht_chantry.map,planner,1,40711,30090,210,194,34877,30090,34,0,0,True,ht_chantry-random-14.scen,320
320,ht_chantry.map,planner,1,40711,30090,210,194,34877,30090,33,0,1,False,ht_chantry-random-14.scen,320
320,ht_chantry.map,planner,1,38866,30090,197,194,33643,30090,93,0,1,True,ht_chantry-random-14.scen,320
320,ht_chantry.map,planner,1,40711,30090,210,194,34877,30090,36,0,10,False,ht_chantry-random-14.scen,320
320,ht_chantry.map,planner,1,38944,30090,203,194,33445,30090,512,0,10,True,ht_chantry-random-14.scen,320
320,ht_chantry.map,planner,1,40711,30090,210,194,34877,30090,51,0,100,False,ht_chantry-random-14.scen,320
320,ht_chantry.map,planner,1,38495,30090,196,194,33214,30090,3671,0,100,True,ht_chantry-random-14.scen,320
320,ht_chantry.map,planner,1,40711,30090,210,194,34877,30090,34,0,1000,False,ht_chantry-random-14.scen,320
320,ht_chantry.map,planner,1,38322,30090,194,194,33103,30090,31210,0,1000,True,ht_chantry-random-14.scen,320
360,ht_chantry.map,planner,1,46054,33379,199,194,38845,33379,36,0,0,False,ht_chantry-random-14.scen,360
360,ht_chantry.map,planner,1,46054,33379,199,194,38845,33379,39,0,0,True,ht_chantry-random-14.scen,360
360,ht_chantry.map,planner,1,46054,33379,199,194,38845,33379,39,0,1,False,ht_chantry-random-14.scen,360
360,ht_chantry.map,planner,1,44785,33379,201,194,38075,33379,100,0,1,True,ht_chantry-random-14.scen,360
360,ht_chantry.map,planner,1,46054,33379,199,194,38845,33379,40,0,10,False,ht_chantry-random-14.scen,360
360,ht_chantry.map,planner,1,44444,33379,197,194,37805,33379,596,0,10,True,ht_chantry-random-14.scen,360
360,ht_chantry.map,planner,1,46054,33379,199,194,38845,33379,34,0,100,False,ht_chantry-random-14.scen,360
360,ht_chantry.map,planner,1,45360,33379,197,194,37800,33379,4727,0,100,True,ht_chantry-random-14.scen,360
360,ht_chantry.map,planner,1,46054,33379,199,194,38845,33379,39,0,1000,False,ht_chantry-random-14.scen,360
360,ht_chantry.map,planner,1,44205,33379,199,194,37654,33379,43824,0,1000,True,ht_chantry-random-14.scen,360
400,ht_chantry.map,planner,1,52266,37045,203,194,43796,37045,42,0,0,False,ht_chantry-random-14.scen,400
400,ht_chantry.map,planner,1,52266,37045,203,194,43796,37045,46,0,0,True,ht_chantry-random-14.scen,400
400,ht_chantry.map,planner,1,52266,37045,203,194,43796,37045,42,0,1,False,ht_chantry-random-14.scen,400
400,ht_chantry.map,planner,1,51412,37045,198,194,42930,37045,127,0,1,True,ht_chantry-random-14.scen,400
400,ht_chantry.map,planner,1,52266,37045,203,194,43796,37045,40,0,10,False,ht_chantry-random-14.scen,400
400,ht_chantry.map,planner,1,51613,37045,203,194,42887,37045,658,0,10,True,ht_chantry-random-14.scen,400
400,ht_chantry.map,planner,1,52266,37045,203,194,43796,37045,46,0,100,False,ht_chantry-random-14.scen,400
400,ht_chantry.map,planner,1,50160,37045,200,194,42341,37045,5559,0,100,True,ht_chantry-random-14.scen,400
400,ht_chantry.map,planner,1,52266,37045,203,194,43796,37045,43,0,1000,False,ht_chantry-random-14.scen,400
400,ht_chantry.map,planner,1,50315,37045,206,194,42002,37045,48708,0,1000,True,ht_chantry-random-14.scen,400
440,ht_chantry.map,planner,1,60356,40603,209,194,49159,40603,52,0,0,False,ht_chantry-random-14.scen,440
440,ht_chantry.map,planner,1,60356,40603,209,194,49159,40603,57,0,0,True,ht_chantry-random-14.scen,440
440,ht_chantry.map,planner,1,60356,40603,209,194,49159,40603,49,0,1,False,ht_chantry-random-14.scen,440
440,ht_chantry.map,planner,1,57164,40603,213,194,47958,40603,162,0,1,True,ht_chantry-random-14.scen,440
440,ht_chantry.map,planner,1,60356,40603,209,194,49159,40603,47,0,10,False,ht_chantry-random-14.scen,440
440,ht_chantry.map,planner,1,57310,40603,202,194,47927,40603,887,0,10,True,ht_chantry-random-14.scen,440
440,ht_chantry.map,planner,1,60356,40603,209,194,49159,40603,56,0,100,False,ht_chantry-random-14.scen,440
440,ht_chantry.map,planner,1,56922,40603,202,194,47470,40603,7344,0,100,True,ht_chantry-random-14.scen,440
440,ht_chantry.map,planner,1,60356,40603,209,194,49159,40603,48,0,1000,False,ht_chantry-random-14.scen,440
480,ht_chantry.map,planner,1,67980,44216,211,194,54890,44216,59,0,0,False,ht_chantry-random-14.scen,480
480,ht_chantry.map,planner,1,67980,44216,211,194,54890,44216,56,0,0,True,ht_chantry-random-14.scen,480
480,ht_chantry.map,planner,1,67980,44216,211,194,54890,44216,55,0,1,False,ht_chantry-random-14.scen,480
480,ht_chantry.map,planner,1,63584,44216,223,194,53116,44216,166,0,1,True,ht_chantry-random-14.scen,480
480,ht_chantry.map,planner,1,67980,44216,211,194,54890,44216,53,0,10,False,ht_chantry-random-14.scen,480
480,ht_chantry.map,planner,1,63673,44216,205,194,52441,44216,931,0,10,True,ht_chantry-random-14.scen,480
480,ht_chantry.map,planner,1,67980,44216,211,194,54890,44216,54,0,100,False,ht_chantry-random-14.scen,480
480,ht_chantry.map,planner,1,64271,44216,206,194,52719,44216,8933,0,100,True,ht_chantry-random-14.scen,480
480,ht_chantry.map,planner,1,67980,44216,211,194,54890,44216,50,0,1000,False,ht_chantry-random-14.scen,480
520,ht_chantry.map,planner,1,74271,48381,218,210,60710,48381,55,0,0,False,ht_chantry-random-14.scen,520
520,ht_chantry.map,planner,1,74271,48381,218,210,60710,48381,65,0,0,True,ht_chantry-random-14.scen,520
520,ht_chantry.map,planner,1,74271,48381,218,210,60710,48381,60,0,1,False,ht_chantry-random-14.scen,520
520,ht_chantry.map,planner,1,74041,48381,222,210,59909,48381,187,0,1,True,ht_chantry-random-14.scen,520
520,ht_chantry.map,planner,1,74271,48381,218,210,60710,48381,56,0,10,False,ht_chantry-random-14.scen,520
520,ht_chantry.map,planner,1,71658,48381,221,210,58738,48381,1106,0,10,True,ht_chantry-random-14.scen,520
520,ht_chantry.map,planner,1,74271,48381,218,210,60710,48381,60,0,100,False,ht_chantry-random-14.scen,520
520,ht_chantry.map,planner,1,69677,48381,223,210,57955,48381,8515,0,100,True,ht_chantry-random-14.scen,520
520,ht_chantry.map,planner,1,74271,48381,218,210,60710,48381,58,0,1000,False,ht_chantry-random-14.scen,520
560,ht_chantry.map,planner,1,85630,52157,223,210,68174,52157,68,0,0,False,ht_chantry-random-14.scen,560
560,ht_chantry.map,planner,1,85630,52157,223,210,68174,52157,73,0,0,True,ht_chantry-random-14.scen,560
560,ht_chantry.map,planner,1,85630,52157,223,210,68174,52157,66,0,1,False,ht_chantry-random-14.scen,560
560,ht_chantry.map,planner,1,81004,52157,222,210,66474,52157,191,0,1,True,ht_chantry-random-14.scen,560
560,ht_chantry.map,planner,1,85630,52157,223,210,68174,52157,63,0,10,False,ht_chantry-random-14.scen,560
560,ht_chantry.map,planner,1,80243,52157,221,210,65592,52157,1252,0,10,True,ht_chantry-random-14.scen,560
560,ht_chantry.map,planner,1,85630,52157,223,210,68174,52157,64,0,100,False,ht_chantry-random-14.scen,560
560,ht_chantry.map,planner,1,79482,52157,238,210,64892,52157,10690,0,100,True,ht_chantry-random-14.scen,560
560,ht_chantry.map,planner,1,85630,52157,223,210,68174,52157,68,0,1000,False,ht_chantry-random-14.scen,560
0,ht_chantry.map,planner,1,0,0,0,0,0,0,0,0,0,False,ht_chantry-random-17.scen,0
0,ht_chantry.map,planner,1,0,0,0,0,0,0,0,0,0,True,ht_chantry-random-17.scen,0
0,ht_chantry.map,planner,1,0,0,0,0,0,0,0,0,1,False,ht_chantry-random-17.scen,0
0,ht_chantry.map,planner,1,0,0,0,0,0,0,0,0,1,True,ht_chantry-random-17.scen,0
0,ht_chantry.map,planner,1,0,0,0,0,0,0,0,0,10,False,ht_chantry-random-17.scen,0
0,ht_chantry.map,planner,1,0,0,0,0,0,0,0,0,10,True,ht_chantry-random-17.scen,0
0,ht_chantry.map,planner,1,0,0,0,0,0,0,0,0,100,False,ht_chantry-random-17.scen,0
0,ht_chantry.map,planner,1,0,0,0,0,0,0,0,0,100,True,ht_chantry-random-17.scen,0
0,ht_chantry.map,planner,1,0,0,0,0,0,0,0,0,1000,False,ht_chantry-random-17.scen,0
0,ht_chantry.map,planner,1,0,0,0,0,0,0,0,0,1000,True,ht_chantry-random-17.scen,0
40,ht_chantry.map,planner,1,4455,4231,181,181,4348,4231,4,0,0,False,ht_chantry-random-17.scen,40
40,ht_chantry.map,planner,1,4455,4231,181,181,4348,4231,4,0,0,True,ht_chantry-random-17.scen,40
40,ht_chantry.map,planner,1,4455,4231,181,181,4348,4231,5,0,1,False,ht_chantry-random-17.scen,40
40,ht_chantry.map,planner,1,4455,4231,181,181,4348,4231,4,0,1,True,ht_chantry-random-17.scen,40
40,ht_chantry.map,planner,1,4455,4231,181,181,4348,4231,4,0,10,False,ht_chantry-random-17.scen,40
40,ht_chantry.map,planner,1,4455,4231,181,181,4348,4231,4,0,10,True,ht_chantry-random-17.scen,40
40,ht_chantry.map,planner,1,4455,4231,181,181,4348,4231,4,0,100,False,ht_chantry-random-17.scen,40
40,ht_chantry.map,planner,1,4455,4231,181,181,4348,4231,4,0,100,True,ht_chantry-random-17.scen,40
40,ht_chantry.map,planner,1,4455,4231,181,181,4348,4231,4,0,1000,False,ht_chantry-random-17.scen,40
40,ht_chantry.map,planner,1,4455,4231,181,181,4348,4231,4,0,1000,True,ht_chantry-random-17.scen,40
80,ht_chantry.map,planner,1,8964,7859,181,181,8286,7859,7,0,0,False,ht_chantry-random-17.scen,80
80,ht_chantry.map,planner,1,8964,7859,181,181,8286,7859,7,0,0,True,ht_chantry-random-17.scen,80
80,ht_chantry.map,planner,1,8964,7859,181,181,8286,7859,7,0,1,False,ht_chantry-random-17.scen,80
80,ht_chantry.map,planner,1,8805,7859,181,181,8214,7859,7,0,1,True,ht_chantry-random-17.scen,80
80,ht_chantry.map,planner,1,8964,7859,181,181,8286,7859,7,0,10,False,ht_chantry-random-17.scen,80
80,ht_chantry.map,planner,1,8805,7859,181,181,8214,7859,7,0,10,True,ht_chantry-random-17.scen,80
80,ht_chantry.map,planner,1,8964,7859,181,181,8286,7859,7,0,100,False,ht_chantry-random-17.scen,80
80,ht_chantry.map,planner,1,8805,7859,181,181,8214,7859,7,0,100,True,ht_chantry-random-17.scen,80
80,ht_chantry.map,planner,1,8964,7859,181,181,8286,7859,7,0,1000,False,ht_chantry-random-17.scen,80
80,ht_chantry.map,planner,1,8805,7859,181,181,8214,7859,7,0,1000,True,ht_chantry-random-17.scen,80
120,ht_chantry.map,planner,1,13164,11475,181,181,12366,11475,12,0,0,False,ht_chantry-random-17.scen,120
120,ht_chantry.map,planner,1,13164,11475,181,181,12366,11475,11,0,0,True,ht_chantry-random-17.scen,120
120,ht_chantry.map,planner,1,13164,11475,181,181,12366,11475,13,0,1,False,ht_chantry-random-17.scen,120
120,ht_chantry.map,planner,1,13296,11475,181,181,12288,11475,11,0,1,True,ht_chantry-random-17.scen,120
120,ht_chantry.map,planner,1,13164,11475,181,181,12366,11475,11,0,10,False,ht_chantry-random-17.scen,120
120,ht_chantry.map,planner,1,13296,11475,181,181,12288,11475,13,0,10,True,ht_chantry-random-17.scen,120
120,ht_chantry.map,planner,1,13164,11475,181,181,12366,11475,11,0,100,False,ht_chantry-random-17.scen,120
120,ht_chantry.map,planner,1,13296,11475,181,181,12288,11475,12,0,100,True,ht_chantry-random-17.scen,120
120,ht_chantry.map,planner,1,13164,11475,181,181,12366,11475,11,0,1000,False,ht_chantry-random-17.scen,120
120,ht_chantry.map,planner,1,13296,11475,181,181,12288,11475,13,0,1000,True,ht_chantry-random-17.scen,120
160,ht_chantry.map,planner,1,18707,15419,183,181,16719,15419,15,0,0,False,ht_chantry-random-17.scen,160
160,ht_chantry.map,planner,1,18707,15419,183,181,16719,15419,15,0,0,True,ht_chantry-random-17.scen,160
160,ht_chantry.map,planner,1,18707,15419,183,181,16719,15419,16,0,1,False,ht_chantry-random-17.scen,160
160,ht_chantry.map,planner,1,18329,15419,183,181,16481,15419,18,0,1,True,ht_chantry-random-17.scen,160
160,ht_chantry.map,planner,1,18707,15419,183,181,16719,15419,16,0,10,False,ht_chantry-random-17.scen,160
160,ht_chantry.map,planner,1,18563,15419,183,181,16576,15419,22,0,10,True,ht_chantry-random-17.scen,160
160,ht_chantry.map,planner,1,18707,15419,183,181,16719,15419,15,0,100,False,ht_chantry-random-17.scen,160
160,ht_chantry.map,planner,1,18563,15419,183,181,16576,15419,19,0,100,True,ht_chantry-random-17.scen,160
160,ht_chantry.map,planner,1,18707,15419,183,181,16719,15419,16,0,1000,False,ht_chantry-random-17.scen,160
160,ht_chantry.map,planner,1,18563,15419,183,181,16576,15419,20,0,1000,True,ht_chantry-random-17.scen,160
200,ht_chantry.map,planner,1,23864,19279,181,181,21334,19279,19,0,0,False,ht_chantry-random-17.scen,200
200,ht_chantry.map,planner,1,23864,19279,181,181,21334,19279,21,0,0,True,ht_chantry-random-17.scen,200
200,ht_chantry.map,planner,1,23864,19279,181,181,21334,19279,19,0,1,False,ht_chantry-random-17.scen,200
200,ht_chantry.map,planner,1,23294,19279,183,181,20801,19279,29,0,1,True,ht_chantry-random-17.scen,200
200,ht_chantry.map,planner,1,23864,19279,181,181,21334,19279,20,0,10,False,ht_chantry-random-17.scen,200
200,ht_chantry.map,planner,1,23132,19279,183,181,20718,19279,35,0,10,True,ht_chantry-random-17.scen,200
200,ht_chantry.map,planner,1,23864,19279,181,181,21334,19279,19,0,100,False,ht_chantry-random-17.scen,200
200,ht_chantry.map,planner,1,23510,19279,185,181,20699,19279,52,0,100,True,ht_chantry-random-17.scen,200
200,ht_chantry.map,planner,1,23864,19279,181,181,21334,19279,22,0,1000,False,ht_chantry-random-17.scen,200
200,ht_chantry.map,planner,1,23510,19279,185,181,20699,19279,55,0,1000,True,ht_chantry-random-17.scen,200
240,ht_chantry.map,planner,1,29168,23058,199,192,25628,23058,26,0,0,False,ht_chantry-random-17.scen,240
240,ht_chantry.map,planner,1,29168,23058,199,192,25628,23058,28,0,0,True,ht_chantry-random-17.scen,240
240,ht_chantry.map,planner,1,29168,23058,199,192,25628,23058,27,0,1,False,ht_chantry-random-17.scen,240
240,ht_chantry.map,planner,1,28829,23058,192,192,24968,23058,41,0,1,True,ht_chantry-random-17.scen,240
240,ht_chantry.map,planner,1,29168,23058,199,192,25628,23058,27,0,10,False,ht_chantry-random-17.scen,240
240,ht_chantry.map,planner,1,29142,23058,201,192,25077,23058,65,0,10,True,ht_chantry-random-17.scen,240
240,ht_chantry.map,planner,1,29168,23058,199,192,25628,23058,28,0,100,False,ht_chantry-random-17.scen,240
240,ht_chantry.map,planner,1,29142,23058,201,192,25077,23058,65,0,100,True,ht_chantry-random-17.scen,240
240,ht_chantry.map,planner,1,29168,23058,199,192,25628,23058,28,0,1000,False,ht_chantry-random-17.scen,240
240,ht_chantry.map,planner,1,29142,23058,201,192,25077,23058,63,0,1000,True,ht_chantry-random-17.scen,240
280,ht_chantry.map,planner,1,35473,26863,209,192,30600,26863,33,0,0,False,ht_chantry-random-17.scen,280
280,ht_chantry.map,planner,1,35473,26863,209,192,30600,26863,34,0,0,True,ht_chantry-random-17.scen,280
280,ht_chantry.map,planner,1,35473,26863,209,192,30600,26863,34,0,1,False,ht_chantry-random-17.scen,280
280,ht_chantry.map,planner,1,34118,26863,203,192,29557,26863,77,0,1,True,ht_chantry-random-17.scen,280
280,ht_chantry.map,planner,1,35473,26863,209,192,30600,26863,30,0,10,False,ht_chantry-random-17.scen,280
280,ht_chantry.map,planner,1,33679,26863,192,192,29183,26863,181,0,10,True,ht_chantry-random-17.scen,280
280,ht_chantry.map,planner,1,35473,26863,209,192,30600,26863,35,0,100,False,ht_chantry-random-17.scen,280
280,ht_chantry.map,planner,1,33613,26863,208,192,29183,26863,1167,0,100,True,ht_chantry-random-17.scen,280
280,ht_chantry.map,planner,1,35473,26863,209,192,30600,26863,35,0,1000,False,ht_chantry-random-17.scen,280
280,ht_chantry.map,planner,1,33583,26863,192,192,29178,26863,10185,0,1000,True,ht_chantry-random-17.scen,280
320,ht_chantry.map,planner,1,41920,31212,198,198,36245,31212,37,0,0,False,ht_chantry-random-17.scen,320
320,ht_chantry.map,planner,1,41920,31212,198,198,36245,31212,40,0,0,True,ht_chantry-random-17.scen,320
320,ht_chantry.map,planner,1,41920,31212,198,198,36245,31212,35,0,1,False,ht_chantry-random-17.scen,320
320,ht_chantry.map,planner,1,39088,31212,198,198,34230,31212,86,0,1,True,ht_chantry-random-17.scen,320
320,ht_chantry.map,planner,1,41920,31212,198,198,36245,31212,35,0,10,False,ht_chantry-random-17.scen,320
320,ht_chantry.map,planner,1,38826,31212,205,198,34184,31212,345,0,10,True,ht_chantry-random-17.scen,320
320,ht_chantry.map,planner,1,41920,31212,198,198,36245,31212,36,0,100,False,ht_chantry-random-17.scen,320
320,ht_chantry.map,planner,1,39067,31212,198,198,34177,31212,2686,0,100,True,ht_chantry-random-17.scen,320
320,ht_chantry.map,planner,1,41920,31212,198,198,36245,31212,34,0,1000,False,ht_chantry-random-17.scen,320
320,ht_chantry.map,planner,1,38939,31212,205,198,34268,31212,21339,0,1000,True,ht_chantry-random-17.scen,320
360,ht_chantry.map,planner,1,47445,34868,209,198,40224,34868,38,0,0,False,ht_chantry-random-17.scen,360
360,ht_chantry.map,planner,1,47445,34868,209,198,40224,34868,39,0,0,True,ht_chantry-random-17.scen,360
360,ht_chantry.map,planner,1,47445,34868,209,198,40224,34868,40,0,1,False,ht_chantry-random-17.scen,360
360,ht_chantry.map,planner,1,45366,34868,211,198,39099,34868,103,0,1,True,ht_chantry-random-17.scen,360
360,ht_chantry.map,planner,1,47445,34868,209,198,40224,34868,40,0,10,False,ht_chantry-random-17.scen,360
360,ht_chantry.map,planner,1,44995,34868,206,198,38951,34868,515,0,10,True,ht_chantry-random-17.scen,360
360,ht_chantry.map,planner,1,47445,34868,209,198,40224,34868,40,0,100,False,ht_chantry-random-17.scen,360
360,ht_chantry.map,planner,1,44573,34868,205,198,38739,34868,4065,0,100,True,ht_chantry-random-17.scen,360
360,ht_chantry.map,planner,1,47445,34868,209,198,40224,34868,38,0,1000,False,ht_chantry-random-17.scen,360
360,ht_chantry.map,planner,1,44848,34868,201,198,38547,34868,35891,0,1000,True,ht_chantry-random-17.scen,360
400,ht_chantry.map,planner,1,54940,38985,202,198,46224,38985,41,0,0,False,ht_chantry-random-17.scen,400
400,ht_chantry.map,planner,1,54940,38985,202,198,46224,38985,43,0,0,True,ht_chantry-random-17.scen,400
400,ht_chantry.map,planner,1,54940,38985,202,198,46224,38985,45,0,1,False,ht_chantry-random-17.scen,400
400,ht_chantry.map,planner,1,51285,38985,198,198,43802,38985,114,0,1,True,ht_chantry-random-17.scen,400
400,ht_chantry.map,planner,1,54940,38985,202,198,46224,38985,45,0,10,False,ht_chantry-random-17.scen,400
400,ht_chantry.map,planner,1,51310,38985,226,198,43988,38985,592,0,10,True,ht_chantry-random-17.scen,400
400,ht_chantry.map,planner,1,54940,38985,202,198,46224,38985,47,0,100,False,ht_chantry-random-17.scen,400
400,ht_chantry.map,planner,1,50871,38985,234,198,43347,38985,4316,0,100,True,ht_chantry-random-17.scen,400
400,ht_chantry.map,planner,1,54940,38985,202,198,46224,38985,45,0,1000,False,ht_chantry-random-17.scen,400
400,ht_chantry.map,planner,1,51100,38985,202,198,43299,38985,44419,0,1000,True,ht_chantry-random-17.scen,400
440,ht_chantry.map,planner,1,60561,42888,203,198,50906,42888,48,0,0,False,ht_chantry-random-17.scen,440
440,ht_chantry.map,planner,1,60561,42888,203,198,50906,42888,48,0,0,True,ht_chantry-random-17.scen,440
440,ht_chantry.map,planner,1,60561,42888,203,198,50906,42888,52,0,1,False,ht_chantry-random-17.scen,440
440,ht_chantry.map,planner,1,58489,42888,203,198,50025,42888,146,0,1,True,ht_chantry-random-17.scen,440
440,ht_chantry.map,planner,1,60561,42888,203,198,50906,42888,56,0,10,False,ht_chantry-random-17.scen,440
440,ht_chantry.map,planner,1,58426,42888,211,198,48904,42888,727,0,10,True,ht_chantry-random-17.scen,440
440,ht_chantry.map,planner,1,60561,42888,203,198,50906,42888,52,0,100,False,ht_chantry-random-17.scen,440
440,ht_chantry.map,planner,1,57810,42888,205,198,48872,42888,5730,0,100,True,ht_chantry-random-17.scen,440
440,ht_chantry.map,planner,1,60561,42888,203,198,50906,42888,51,0,1000,False,ht_chantry-random-17.scen,440
480,ht_chantry.map,planner,1,69768,47422,217,198,58512,47422,53,0,0,False,ht_chantry-random-17.scen,480
480,ht_chantry.map,planner,1,69768,47422,217,198,58512,47422,59,0,0,True,ht_chantry-random-17.scen,480
480,ht_chantry.map,planner,1,69768,47422,217,198,58512,47422,58,0,1,False,ht_chantry-random-17.scen,480
480,ht_chantry.map,planner,1,67097,47422,217,198,56539,47422,161,0,1,True,ht_chantry-random-17.scen,480
480,ht_chantry.map,planner,1,69768,47422,217,198,58512,47422,57,0,10,False,ht_chantry-random-17.scen,480
480,ht_chantry.map,planner,1,64143,47422,226,198,55124,47422,887,0,10,True,ht_chantry-random-17.scen,480
480,ht_chantry.map,planner,1,69768,47422,217,198,58512,47422,55,0,100,False,ht_chantry-random-17.scen,480
480,ht_chantry.map,planner,1,64280,47422,215,198,54675,47422,7010,0,100,True,ht_chantry-random-17.scen,480
480,ht_chantry.map,planner,1,69768,47422,217,198,58512,47422,53,0,1000,False,ht_chantry-random-17.scen,480
520,ht_chantry.map,planner,1,74840,50610,214,198,62224,50610,57,0,0,False,ht_chantry-random-17.scen,520
520,ht_chantry.map,planner,1,74840,50610,214,198,62224,50610,61,0,0,True,ht_chantry-random-17.scen,520
520,ht_chantry.map,planner,1,74840,50610,214,198,62224,50610,63,0,1,False,ht_chantry-random-17.scen,520
520,ht_chantry.map,planner,1,71415,50610,219,198,60250,50610,174,0,1,True,ht_chantry-random-17.scen,520
520,ht_chantry.map,planner,1,74840,50610,214,198,62224,50610,62,0,10,False,ht_chantry-random-17.scen,520
520,ht_chantry.map,planner,1,72563,50610,221,198,60186,50610,953,0,10,True,ht_chantry-random-17.scen,520
520,ht_chantry.map,planner,1,74840,50610,214,198,62224,50610,57,0,100,False,ht_chantry-random-17.scen,520
520,ht_chantry.map,planner,1,71244,50610,217,198,59251,50610,8134,0,100,True,ht_chantry-random-17.scen,520
520,ht_chantry.map,planner,1,74840,50610,214,198,62224,50610,59,0,1000,False,ht_chantry-random-17.scen,520
560,ht_chantry.map,planner,1,84019,54244,236,198,69388,54244,72,0,0,False,ht_chantry-random-17.scen,560
560,ht_chantry.map,planner,1,84019,54244,236,198,69388,54244,73,0,0,True,ht_chantry-random-17.scen,560
560,ht_chantry.map,planner,1,84019,54244,236,198,69388,54244,67,0,1,False,ht_chantry-random-17.scen,560
560,ht_chantry.map,planner,1,80432,54244,229,198,66903,54244,192,0,1,True,ht_chantry-random-17.scen,560
560,ht_chantry.map,planner,1,84019,54244,236,198,69388,54244,68,0,10,False,ht_chantry-random-17.scen,560
560,ht_chantry.map,planner,1,77663,54244,229,198,65235,54244,1119,0,10,True,ht_chantry-random-17.scen,560
560,ht_chantry.map,planner,1,84019,54244,236,198,69388,54244,70,0,100,False,ht_chantry-random-17.scen,560
560,ht_chantry.map,planner,1,77379,54244,223,198,65516,54244,9517,0,100,True,ht_chantry-random-17.scen,560
560,ht_chantry.map,planner,1,84019,54244,236,198,69388,54244,72,0,1000,False,ht_chantry-random-17.scen,560
0,ht_chantry.map,planner,1,0,0,0,0,0,0,0,0,0,False,ht_chantry-random-20.scen,0
0,ht_chantry.map,planner,1,0,0,0,0,0,0,0,0,0,True,ht_chantry-random-20.scen,0
0,ht_chantry.map,planner,1,0,0,0,0,0,0,0,0,1,False,ht_chantry-random-20.scen,0
0,ht_chantry.map,planner,1,0,0,0,0,0,0,0,0,1,True,ht_chantry-random-20.scen,0
0,ht_chantry.map,planner,1,0,0,0,0,0,0,0,0,10,False,ht_chantry-random-20.scen,0
0,ht_chantry.map,planner,1,0,0,0,0,0,0,0,0,10,True,ht_chantry-random-20.scen,0
0,ht_chantry.map,planner,1,0,0,0,0,0,0,0,0,100,False,ht_chantry-random-20.scen,0
0,ht_chantry.map,planner,1,0,0,0,0,0,0,0,0,100,True,ht_chantry-random-20.scen,0
0,ht_chantry.map,planner,1,0,0,0,0,0,0,0,0,1000,False,ht_chantry-random-20.scen,0
0,ht_chantry.map,planner,1,0,0,0,0,0,0,0,0,1000,True,ht_chantry-random-20.scen,0
40,ht_chantry.map,planner,1,3487,3160,186,186,3239,3160,3,0,0,False,ht_chantry-random-20.scen,40
40,ht_chantry.map,planner,1,3487,3160,186,186,3239,3160,3,0,0,True,ht_chantry-random-20.scen,40
40,ht_chantry.map,planner,1,3487,3160,186,186,3239,3160,3,0,1,False,ht_chantry-random-20.scen,40
40,ht_chantry.map,planner,1,3487,3160,186,186,3239,3160,3,0,1,True,ht_chantry-random-20.scen,40
40,ht_chantry.map,planner,1,3487,3160,186,186,3239,3160,3,0,10,False,ht_chantry-random-20.scen,40
40,ht_chantry.map,planner,1,3487,3160,186,186,3239,3160,3,0,10,True,ht_chantry-random-20.scen,40
40,ht_chantry.map,planner,1,3487,3160,186,186,3239,3160,3,0,100,False,ht_chantry-random-20.scen,40
40,ht_chantry.map,planner,1,3487,3160,186,186,3239,3160,3,0,100,True,ht_chantry-random-20.scen,40
40,ht_chantry.map,planner,1,3487,3160,186,186,3239,3160,3,0,1000,False,ht_chantry-random-20.scen,40
40,ht_chantry.map,planner,1,3487,3160,186,186,3239,3160,3,0,1000,True,ht_chantry-random-20.scen,40
80,ht_chantry.map,planner,1,7811,6919,186,186,7246,6919,7,0,0,False,ht_chantry-random-20.scen,80
80,ht_chantry.map,planner,1,7811,6919,186,186,7246,6919,7,0,0,True,ht_chantry-random-20.scen,80
80,ht_chantry.map,planner,1,7811,6919,186,186,7246,6919,7,0,1,False,ht_chantry-random-20.scen,80
80,ht_chantry.map,planner,1,7713,6919,186,186,7247,6919,7,0,1,True,ht_chantry-random-20.scen,80
80,ht_chantry.map,planner,1,7811,6919,186,186,7246,6919,7,0,10,False,ht_chantry-random-20.scen,80
80,ht_chantry.map,planner,1,7713,6919,186,186,7247,6919,8,0,10,True,ht_chantry-random-20.scen,80
80,ht_chantry.map,planner,1,7811,6919,186,186,7246,6919,7,0,100,False,ht_chantry-random-20.scen,80
80,ht_chantry.map,planner,1,7713,6919,186,186,7247,6919,7,0,100,True,ht_chantry-random-20.scen,80
80,ht_chantry.map,planner,1,7811,6919,186,186,7246,6919,7,0,1000,False,ht_chantry-random-20.scen,80
80,ht_chantry.map,planner,1,7713,6919,186,186,7247,6919,7,0,1000,True,ht_chantry-random-20.scen,80
120,ht_chantry.map,planner,1,13183,10976,186,186,11690,10976,11,0,0,False,ht_chantry-random-20.scen,120
120,ht_chantry.map,planner,1,13183,10976,186,186,11690,10976,11,0,0,True,ht_chantry-random-20.scen,120
120,ht_chantry.map,planner,1,13183,10976,186,186,11690,10976,12,0,1,False,ht_chantry-random-20.scen,120
120,ht_chantry.map,planner,1,13084,10976,186,186,11629,10976,11,0,1,True,ht_chantry-random-20.scen,120
120,ht_chantry.map,planner,1,13183,10976,186,186,11690,10976,11,0,10,False,ht_chantry-random-20.scen,120
120,ht_chantry.map,planner,1,13084,10976,186,186,11629,10976,12,0,10,True,ht_chantry-random-20.scen,120
120,ht_chantry.map,planner,1,13183,10976,186,186,11690,10976,11,0,100,False,ht_chantry-random-20.scen,120
120,ht_chantry.map,planner,1,13084,10976,186,186,11629,10976,12,0,100,True,ht_chantry-random-20.scen,120
120,ht_chantry.map,planner,1,13183,10976,186,186,11690,10976,11,0,1000,False,ht_chantry-random-20.scen,120
120,ht_chantry.map,planner,1,13084,10976,186,186,11629,10976,13,0,1000,True,ht_chantry-random-20.scen,120
160,ht_chantry.map,planner,1,18468,14714,186,186,16196,14714,15,0,0,False,ht_chantry-random-20.scen,160
160,ht_chantry.map,planner,1,18468,14714,186,186,16196,14714,15,0,0,True,ht_chantry-random-20.scen,160
160,ht_chantry.map,planner,1,18468,14714,186,186,16196,14714,15,0,1,False,ht_chantry-random-20.scen,160
160,ht_chantry.map,planner,1,17675,14714,186,186,15831,14714,27,0,1,True,ht_chantry-random-20.scen,160
160,ht_chantry.map,planner,1,18468,14714,186,186,16196,14714,15,0,10,False,ht_chantry-random-20.scen,160
160,ht_chantry.map,planner,1,17979,14714,189,186,15834,14714,50,0,10,True,ht_chantry-random-20.scen,160
160,ht_chantry.map,planner,1,18468,14714,186,186,16196,14714,16,0,100,False,ht_chantry-random-20.scen,160
160,ht_chantry.map,planner,1,18011,14714,189,186,15882,14714,67,0,100,True,ht_chantry-random-20.scen,160
160,ht_chantry.map,planner,1,18468,14714,186,186,16196,14714,15,0,1000,False,ht_chantry-random-20.scen,160
160,ht_chantry.map,planner,1,18011,14714,189,186,15882,14714,64,0,1000,True,ht_chantry-random-20.scen,160
200,ht_chantry.map,planner,1,23239,18400,186,186,20480,18400,19,0,0,False,ht_chantry-random-20.scen,200
200,ht_chantry.map,planner,1,23239,18400,186,186,20480,18400,20,0,0,True,ht_chantry-random-20.scen,200
200,ht_chantry.map,planner,1,23239,18400,186,186,20480,18400,19,0,1,False,ht_chantry-random-20.scen,200
200,ht_chantry.map,planner,1,22820,18400,186,186,20006,18400,44,0,1,True,ht_chantry-random-20.scen,200
200,ht_chantry.map,planner,1,23239,18400,186,186,20480,18400,18,0,10,False,ht_chantry-random-20.scen,200
200,ht_chantry.map,planner,1,22260,18400,186,186,19871,18400,147,0,10,True,ht_chantry-random-20.scen,200
200,ht_chantry.map,planner,1,23239,18400,186,186,20480,18400,18,0,100,False,ht_chantry-random-20.scen,200
200,ht_chantry.map,planner,1,22393,18400,187,186,19847,18400,445,0,100,True,ht_chantry-random-20.scen,200
200,ht_chantry.map,planner,1,23239,18400,186,186,20480,18400,20,0,1000,False,ht_chantry-random-20.scen,200
200,ht_chantry.map,planner,1,22236,18400,188,186,19864,18400,1840,0,1000,True,ht_chantry-random-20.scen,200
240,ht_chantry.map,planner,1,28926,22004,190,186,24873,22004,24,0,0,False,ht_chantry-random-20.scen,240
240,ht_chantry.map,planner,1,28926,22004,190,186,24873,22004,24,0,0,True,ht_chantry-random-20.scen,240
240,ht_chantry.map,planner,1,28926,22004,190,186,24873,22004,24,0,1,False,ht_chantry-random-20.scen,240
240,ht_chantry.map,planner,1,28169,22004,193,186,24394,22004,63,0,1,True,ht_chantry-random-20.scen,240
240,ht_chantry.map,planner,1,28926,22004,190,186,24873,22004,24,0,10,False,ht_chantry-random-20.scen,240
240,ht_chantry.map,planner,1,27518,22004,194,186,24190,22004,227,0,10,True,ht_chantry-random-20.scen,240
240,ht_chantry.map,planner,1,28926,22004,190,186,24873,22004,24,0,100,False,ht_chantry-random-20.scen,240
240,ht_chantry.map,planner,1,27725,22004,190,186,24362,22004,2232,0,100,True,ht_chantry-random-20.scen,240
240,ht_chantry.map,planner,1,28926,22004,190,186,24873,22004,23,0,1000,False,ht_chantry-random-20.scen,240
240,ht_chantry.map,planner,1,28006,22004,190,186,24079,22004,10744,0,1000,True,ht_chantry-random-20.scen,240
280,ht_chantry.map,planner,1,34087,25748,190,190,29544,25748,28,0,0,False,ht_chantry-random-20.scen,280
280,ht_chantry.map,planner,1,34087,25748,190,190,29544,25748,29,0,0,True,ht_chantry-random-20.scen,280
280,ht_chantry.map,planner,1,34087,25748,190,190,29544,25748,30,0,1,False,ht_chantry-random-20.scen,280
280,ht_chantry.map,planner,1,33145,25748,193,190,28585,25748,74,0,1,True,ht_chantry-random-20.scen,280
280,ht_chantry.map,planner,1,34087,25748,190,190,29544,25748,31,0,10,False,ht_chantry-random-20.scen,280
280,ht_chantry.map,planner,1,33155,25748,197,190,28561,25748,393,0,10,True,ht_chantry-random-20.scen,280
280,ht_chantry.map,planner,1,34087,25748,190,190,29544,25748,26,0,100,False,ht_chantry-random-20.scen,280
280,ht_chantry.map,planner,1,33184,25748,196,190,28445,25748,3101,0,100,True,ht_chantry-random-20.scen,280
280,ht_chantry.map,planner,1,34087,25748,190,190,29544,25748,27,0,1000,False,ht_chantry-random-20.scen,280
280,ht_chantry.map,planner,1,32729,25748,196,190,28574,25748,31480,0,1000,True,ht_chantry-random-20.scen,280
320,ht_chantry.map,planner,1,40552,29453,204,190,34325,29453,30,0,0,False,ht_chantry-random-20.scen,320
320,ht_chantry.map,planner,1,40552,29453,204,190,34325,29453,35,0,0,True,ht_chantry-random-20.scen,320
320,ht_chantry.map,planner,1,40552,29453,204,190,34325,29453,33,0,1,False,ht_chantry-random-20.scen,320
320,ht_chantry.map,planner,1,38740,29453,194,190,33089,29453,90,0,1,True,ht_chantry-random-20.scen,320
320,ht_chantry.map,planner,1,40552,29453,204,190,34325,29453,36,0,10,False,ht_chantry-random-20.scen,320
320,ht_chantry.map,planner,1,38138,29453,194,190,32992,29453,551,0,10,True,ht_chantry-random-20.scen,320
320,ht_chantry.map,planner,1,40552,29453,204,190,34325,29453,32,0,100,False,ht_chantry-random-20.scen,320
320,ht_chantry.map,planner,1,38554,29453,194,190,32977,29453,4260,0,100,True,ht_chantry-random-20.scen,320
320,ht_chantry.map,planner,1,40552,29453,204,190,34325,29453,34,0,1000,False,ht_chantry-random-20.scen,320
320,ht_chantry.map,planner,1,39095,29453,195,190,32966,29453,36086,0,1000,True,ht_chantry-random-20.scen,320
360,ht_chantry.map,planner,1,45329,32648,190,190,38578,32648,34,0,0,False,ht_chantry-random-20.scen,360
360,ht_chantry.map,planner,1,45329,32648,190,190,38578,32648,39,0,0,True,ht_chantry-random-20.scen,360
360,ht_chantry.map,planner,1,45329,32648,190,190,38578,32648,35,0,1,False,ht_chantry-random-20.scen,360
360,ht_chantry.map,planner,1,44183,32648,226,190,37303,32648,105,0,1,True,ht_chantry-random-20.scen,360
360,ht_chantry.map,planner,1,45329,32648,190,190,38578,32648,35,0,10,False,ht_chantry-random-20.scen,360
360,ht_chantry.map,planner,1,43275,32648,192,190,36860,32648,559,0,10,True,ht_chantry-random-20.scen,360
360,ht_chantry.map,planner,1,45329,32648,190,190,38578,32648,40,0,100,False,ht_chantry-random-20.scen,360
360,ht_chantry.map,planner,1,43254,32648,195,190,36784,32648,4461,0,100,True,ht_chantry-random-20.scen,360
360,ht_chantry.map,planner,1,45329,32648,190,190,38578,32648,37,0,1000,False,ht_chantry-random-20.scen,360
360,ht_chantry.map,planner,1,42813,32648,194,190,36657,32648,40332,0,1000,True,ht_chantry-random-20.scen,360
400,ht_chantry.map,planner,1,53283,36922,210,198,44304,36922,46,0,0,False,ht_chantry-random-20.scen,400
400,ht_chantry.map,planner,1,53283,36922,210,198,44304,36922,43,0,0,True,ht_chantry-random-20.scen,400
400,ht_chantry.map,planner,1,53283,36922,210,198,44304,36922,46,0,1,False,ht_chantry-random-20.scen,400
400,ht_chantry.map,planner,1,50013,36922,207,198,42498,36922,129,0,1,True,ht_chantry-random-20.scen,400
400,ht_chantry.map,planner,1,53283,36922,210,198,44304,36922,42,0,10,False,ht_chantry-random-20.scen,400
400,ht_chantry.map,planner,1,50272,36922,201,198,42577,36922,706,0,10,True,ht_chantry-random-20.scen,400
400,ht_chantry.map,planner,1,53283,36922,210,198,44304,36922,43,0,100,False,ht_chantry-random-20.scen,400
20,ht_chantry.map,planner,1,1857,1744,186,186,1775,1744,2,0,0,False,ht_chantry-random-20.scen,20
20,ht_chantry.map,planner,1,1857,1744,186,186,1775,1744,2,0,0,True,ht_chantry-random-20.scen,20
20,ht_chantry.map,planner,1,1857,1744,186,186,1775,1744,2,0,1,False,ht_chantry-random-20.scen,20
20,ht_chantry.map,planner,1,1857,1744,186,186,1775,1744,2,0,1,True,ht_chantry-random-20.scen,20
20,ht_chantry.map,planner,1,1857,1744,186,186,1775,1744,2,0,10,False,ht_chantry-random-20.scen,20
20,ht_chantry.map,planner,1,1857,1744,186,186,1775,1744,2,0,10,True,ht_chantry-random-20.scen,20
20,ht_chantry.map,planner,1,1857,1744,186,186,1775,1744,2,0,100,False,ht_chantry-random-20.scen,20
20,ht_chantry.map,planner,1,1857,1744,186,186,1775,1744,2,0,100,True,ht_chantry-random-20.scen,20
20,ht_chantry.map,planner,1,1857,1744,186,186,1775,1744,2,0,1000,False,ht_chantry-random-20.scen,20
20,ht_chantry.map,planner,1,1857,1744,186,186,1775,1744,2,0,1000,True,ht_chantry-random-20.scen,20
60,ht_chantry.map,planner,1,5491,4911,186,186,5109,4911,7,0,0,False,ht_chantry-random-20.scen,60
60,ht_chantry.map,planner,1,5491,4911,186,186,5109,4911,6,0,0,True,ht_chantry-random-20.scen,60
60,ht_chantry.map,planner,1,5491,4911,186,186,5109,4911,6,0,1,False,ht_chantry-random-20.scen,60
60,ht_chantry.map,planner,1,5377,4911,186,186,5055,4911,6,0,1,True,ht_chantry-random-20.scen,60
60,ht_chantry.map,planner,1,5491,4911,186,186,5109,4911,6,0,10,False,ht_chantry-random-20.scen,60
60,ht_chantry.map,planner,1,5377,4911,186,186,5055,4911,6,0,10,True,ht_chantry-random-20.scen,60
60,ht_chantry.map,planner,1,5491,4911,186,186,5109,4911,6,0,100,False,ht_chantry-random-20.scen,60
60,ht_chantry.map,planner,1,5377,4911,186,186,5055,4911,6,0,100,True,ht_chantry-random-20.scen,60
60,ht_chantry.map,planner,1,5491,4911,186,186,5109,4911,6,0,1000,False,ht_chantry-random-20.scen,60
60,ht_chantry.map,planner,1,5377,4911,186,186,5055,4911,6,0,1000,True,ht_chantry-random-20.scen,60
100,ht_chantry.map,planner,1,10793,9182,186,186,9747,9182,11,0,0,False,ht_chantry-random-20.scen,100
100,ht_chantry.map,planner,1,10793,9182,186,186,9747,9182,12,0,0,True,ht_chantry-random-20.scen,100
100,ht_chantry.map,planner,1,10793,9182,186,186,9747,9182,11,0,1,False,ht_chantry-random-20.scen,100
100,ht_chantry.map,planner,1,10616,9182,186,186,9644,9182,14,0,1,True,ht_chantry-random-20.scen,100
100,ht_chantry.map,planner,1,10793,9182,186,186,9747,9182,12,0,10,False,ht_chantry-random-20.scen,100
100,ht_chantry.map,planner,1,10616,9182,186,186,9644,9182,12,0,10,True,ht_chantry-random-20.scen,100
100,ht_chantry.map,planner,1,10793,9182,186,186,9747,9182,12,0,100,False,ht_chantry-random-20.scen,100
100,ht_chantry.map,planner,1,10616,9182,186,186,9644,9182,13,0,100,True,ht_chantry-random-20.scen,100
100,ht_chantry.map,planner,1,10793,9182,186,186,9747,9182,12,0,1000,False,ht_chantry-random-20.scen,100
100,ht_chantry.map,planner,1,10616,9182,186,186,9644,9182,12,0,1000,True,ht_chantry-random-20.scen,100
140,ht_chantry.map,planner,1,15714,12797,186,186,13937,12797,18,0,0,False,ht_chantry-random-20.scen,140
140,ht_chantry.map,planner,1,15714,12797,186,186,13937,12797,17,0,0,True,ht_chantry-random-20.scen,140
140,ht_chantry.map,planner,1,15714,12797,186,186,13937,12797,16,0,1,False,ht_chantry-random-20.scen,140
140,ht_chantry.map,planner,1,15499,12797,186,186,13693,12797,20,0,1,True,ht_chantry-random-20.scen,140
140,ht_chantry.map,planner,1,15714,12797,186,186,13937,12797,17,0,10,False,ht_chantry-random-20.scen,140
140,ht_chantry.map,planner,1,15599,12797,186,186,13730,12797,21,0,10,True,ht_chantry-random-20.scen,140
140,ht_chantry.map,planner,1,15714,12797,186,186,13937,12797,16,0,100,False,ht_chantry-random-20.scen,140
140,ht_chantry.map,planner,1,15599,12797,186,186,13730,12797,20,0,100,True,ht_chantry-random-20.scen,140
140,ht_chantry.map,planner,1,15714,12797,186,186,13937,12797,17,0,1000,False,ht_chantry-random-20.scen,140
140,ht_chantry.map,planner,1,15599,12797,186,186,13730,12797,21,0,1000,True,ht_chantry-random-20.scen,140
180,ht_chantry.map,planner,1,20387,16360,186,186,18073,16360,22,0,0,False,ht_chantry-random-20.scen,180
180,ht_chantry.map,planner,1,20387,16360,186,186,18073,16360,24,0,0,True,ht_chantry-random-20.scen,180
180,ht_chantry.map,planner,1,20387,16360,186,186,18073,16360,22,0,1,False,ht_chantry-random-20.scen,180
180,ht_chantry.map,planner,1,19946,16360,186,186,17731,16360,39,0,1,True,ht_chantry-random-20.scen,180
180,ht_chantry.map,planner,1,20387,16360,186,186,18073,16360,23,0,10,False,ht_chantry-random-20.scen,180
180,ht_chantry.map,planner,1,19913,16360,186,186,17641,16360,66,0,10,True,ht_chantry-random-20.scen,180
180,ht_chantry.map,planner,1,20387,16360,186,186,18073,16360,21,0,100,False,ht_chantry-random-20.scen,180
180,ht_chantry.map,planner,1,20217,16360,186,186,17705,16360,91,0,100,True,ht_chantry-random-20.scen,180
180,ht_chantry.map,planner,1,20387,16360,186,186,18073,16360,24,0,1000,False,ht_chantry-random-20.scen,180
180,ht_chantry.map,planner,1,20217,16360,186,186,17705,16360,91,0,1000,True,ht_chantry-random-20.scen,180
220,ht_chantry.map,planner,1,26876,20319,186,186,22952,20319,31,0,0,False,ht_chantry-random-20.scen,220
220,ht_chantry.map,planner,1,26876,20319,186,186,22952,20319,29,0,0,True,ht_chantry-random-20.scen,220
220,ht_chantry.map,planner,1,26876,20319,186,186,22952,20319,32,0,1,False,ht_chantry-random-20.scen,220
220,ht_chantry.map,planner,1,26025,20319,187,186,22377,20319,68,0,1,True,ht_chantry-random-20.scen,220
220,ht_chantry.map,planner,1,26876,20319,186,186,22952,20319,31,0,10,False,ht_chantry-random-20.scen,220
220,ht_chantry.map,planner,1,25283,20319,191,186,22176,20319,247,0,10,True,ht_chantry-random-20.scen,220
220,ht_chantry.map,planner,1,26876,20319,186,186,22952,20319,28,0,100,False,ht_chantry-random-20.scen,220
220,ht_chantry.map,planner,1,25378,20319,187,186,22101,20319,1010,0,100,True,ht_chantry-random-20.scen,220
220,ht_chantry.map,planner,1,26876,20319,186,186,22952,20319,28,0,1000,False,ht_chantry-random-20.scen,220
220,ht_chantry.map,planner,1,25426,20319,187,186,22056,20319,5028,0,1000,True,ht_chantry-random-20.scen,220
260,ht_chantry.map,planner,1,31577,23789,196,190,27140,23789,33,0,0,False,ht_chantry-random-20.scen,260
260,ht_chantry.map,planner,1,31577,23789,196,190,27140,23789,36,0,0,True,ht_chantry-random-20.scen,260
260,ht_chantry.map,planner,1,31577,23789,196,190,27140,23789,37,0,1,False,ht_chantry-random-20.scen,260
260,ht_chantry.map,planner,1,30269,23789,192,190,26262,23789,79,0,1,True,ht_chantry-random-20.scen,260
260,ht_chantry.map,planner,1,31577,23789,196,190,27140,23789,33,0,10,False,ht_chantry-random-20.scen,260
260,ht_chantry.map,planner,1,30438,23789,193,190,26146,23789,288,0,10,True,ht_chantry-random-20.scen,260
260,ht_chantry.map,planner,1,31577,23789,196,190,27140,23789,34,0,100,False,ht_chantry-random-20.scen,260
260,ht_chantry.map,planner,1,30668,23789,194,190,26113,23789,1938,0,100,True,ht_chantry-random-20.scen,260
260,ht_chantry.map,planner,1,31577,23789,196,190,27140,23789,34,0,1000,False,ht_chantry-random-20.scen,260
260,ht_chantry.map,planner,1,30336,23789,193,190,26081,23789,15289,0,1000,True,ht_chantry-random-20.scen,260
300,ht_chantry.map,planner,1,37322,27716,195,190,31877,27716,44,0,0,False,ht_chantry-random-20.scen,300
300,ht_chantry.map,planner,1,37322,27716,195,190,31877,27716,42,0,0,True,ht_chantry-random-20.scen,300
300,ht_chantry.map,planner,1,37322,27716,195,190,31877,27716,41,0,1,False,ht_chantry-random-20.scen,300
300,ht_chantry.map,planner,1,36389,27716,191,190,31036,27716,93,0,1,True,ht_chantry-random-20.scen,300
300,ht_chantry.map,planner,1,37322,27716,195,190,31877,27716,41,0,10,False,ht_chantry-random-20.scen,300
300,ht_chantry.map,planner,1,36079,27716,193,190,30930,27716,447,0,10,True,ht_chantry-random-20.scen,300
300,ht_chantry.map,planner,1,37322,27716,195,190,31877,27716,38,0,100,False,ht_chantry-random-20.scen,300
300,ht_chantry.map,planner,1,35801,27716,201,190,30696,27716,3690,0,100,True,ht_chantry-random-20.scen,300
300,ht_chantry.map,planner,1,37322,27716,195,190,31877,27716,41,0,1000,False,ht_chantry-random-20.scen,300
400,ht_chantry.map,planner,1,53283,36922,210,198,44304,36922,57,0,0,False,ht_chantry-random-20.scen,400
400,ht_chantry.map,planner,1,53283,36922,210,198,44304,36922,58,0,0,True,ht_chantry-random-20.scen,400
400,ht_chantry.map,planner,1,53283,36922,210,198,44304,36922,59,0,1,False,ht_chantry-random-20.scen,400
400,ht_chantry.map,planner,1,50962,36922,201,198,42890,36922,148,0,1,True,ht_chantry-random-20.scen,400
400,ht_chantry.map,planner,1,53283,36922,210,198,44304,36922,56,0,10,False,ht_chantry-random-20.scen,400
400,ht_chantry.map,planner,1,50731,36922,200,198,42490,36922,770,0,10,True,ht_chantry-random-20.scen,400
400,ht_chantry.map,planner,1,53283,36922,210,198,44304,36922,57,0,100,False,ht_chantry-random-20.scen,400
400,ht_chantry.map,planner,1,50649,36922,199,198,42486,36922,5686,0,100,True,ht_chantry-random-20.scen,400
400,ht_chantry.map,planner,1,53283,36922,210,198,44304,36922,53,0,1000,False,ht_chantry-random-20.scen,400
400,ht_chantry.map,planner,1,49536,36922,199,198,41971,36922,47890,0,1000,True,ht_chantry-random-20.scen,400
440,ht_chantry.map,planner,1,59602,40306,207,198,49177,40306,67,0,0,False,ht_chantry-random-20.scen,440
440,ht_chantry.map,planner,1,59602,40306,207,198,49177,40306,68,0,0,True,ht_chantry-random-20.scen,440
440,ht_chantry.map,planner,1,59602,40306,207,198,49177,40306,66,0,1,False,ht_chantry-random-20.scen,440
440,ht_chantry.map,planner,1,57879,40306,205,198,47760,40306,164,0,1,True,ht_chantry-random-20.scen,440
440,ht_chantry.map,planner,1,59602,40306,207,198,49177,40306,64,0,10,False,ht_chantry-random-20.scen,440
440,ht_chantry.map,planner,1,56093,40306,204,198,46922,40306,740,0,10,True,ht_chantry-random-20.scen,440
440,ht_chantry.map,planner,1,59602,40306,207,198,49177,40306,65,0,100,False,ht_chantry-random-20.scen,440
440,ht_chantry.map,planner,1,55431,40306,200,198,46797,40306,6960,0,100,True,ht_chantry-random-20.scen,440
440,ht_chantry.map,planner,1,59602,40306,207,198,49177,40306,63,0,1000,False,ht_chantry-random-20.scen,440
480,ht_chantry.map,planner,1,66629,44170,210,198,54949,44170,88,0,0,False,ht_chantry-random-20.scen,480
480,ht_chantry.map,planner,1,66629,44170,210,198,54949,44170,73,0,0,True,ht_chantry-random-20.scen,480
480,ht_chantry.map,planner,1,66629,44170,210,198,54949,44170,82,0,1,False,ht_chantry-random-20.scen,480
480,ht_chantry.map,planner,1,63707,44170,217,198,52875,44170,178,0,1,True,ht_chantry-random-20.scen,480
480,ht_chantry.map,planner,1,66629,44170,210,198,54949,44170,69,0,10,False,ht_chantry-random-20.scen,480
480,ht_chantry.map,planner,1,63261,44170,202,198,52816,44170,896,0,10,True,ht_chantry-random-20.scen,480
480,ht_chantry.map,planner,1,66629,44170,210,198,54949,44170,69,0,100,False,ht_chantry-random-20.scen,480
480,ht_chantry.map,planner,1,62653,44170,209,198,52450,44170,7421,0,100,True,ht_chantry-random-20.scen,480
480,ht_chantry.map,planner,1,66629,44170,210,198,54949,44170,70,0,1000,False,ht_chantry-random-20.scen,480
520,ht_chantry.map,planner,1,73772,48002,206,198,59901,48002,76,0,0,False,ht_chantry-random-20.scen,520
520,ht_chantry.map,planner,1,73772,48002,206,198,59901,48002,99,0,0,True,ht_chantry-random-20.scen,520
520,ht_chantry.map,planner,1,73772,48002,206,198,59901,48002,79,0,1,False,ht_chantry-random-20.scen,520
520,ht_chantry.map,planner,1,70283,48002,211,198,58188,48002,192,0,1,True,ht_chantry-random-20.scen,520
520,ht_chantry.map,planner,1,73772,48002,206,198,59901,48002,81,0,10,False,ht_chantry-random-20.scen,520
520,ht_chantry.map,planner,1,70987,48002,211,198,58748,48002,1146,0,10,True,ht_chantry-random-20.scen,520
520,ht_chantry.map,planner,1,73772,48002,206,198,59901,48002,81,0,100,False,ht_chantry-random-20.scen,520
520,ht_chantry.map,planner,1,69376,48002,207,198,57400,48002,8929,0,100,True,ht_chantry-random-20.scen,520
520,ht_chantry.map,planner,1,73772,48002,206,198,59901,48002,79,0,1000,False,ht_chantry-random-20.scen,520
560,ht_chantry.map,planner,1,80860,51550,239,198,66141,51550,90,0,0,False,ht_chantry-random-20.scen,560
560,ht_chantry.map,planner,1,80860,51550,239,198,66141,51550,94,0,0,True,ht_chantry-random-20.scen,560
560,ht_chantry.map,planner,1,80860,51550,239,198,66141,51550,92,0,1,False,ht_chantry-random-20.scen,560
560,ht_chantry.map,planner,1,78516,51550,229,198,64241,51550,216,0,1,True,ht_chantry-random-20.scen,560
560,ht_chantry.map,planner,1,80860,51550,239,198,66141,51550,89,0,10,False,ht_chantry-random-20.scen,560
560,ht_chantry.map,planner,1,79665,51550,227,198,64432,51550,1369,0,10,True,ht_chantry-random-20.scen,560
560,ht_chantry.map,planner,1,80860,51550,239,198,66141,51550,90,0,100,False,ht_chantry-random-20.scen,560
560,ht_chantry.map,planner,1,75752,51550,211,198,62979,51550,9689,0,100,True,ht_chantry-random-20.scen,560
560,ht_chantry.map,planner,1,80860,51550,239,198,66141,51550,89,0,1000,False,ht_chantry-random-20.scen,560
20,ht_chantry.map,planner,1,1792,1745,177,177,1752,1745,2,0,0,False,ht_chantry-random-15.scen,20
20,ht_chantry.map,planner,1,1792,1745,177,177,1752,1745,2,0,0,True,ht_chantry-random-15.scen,20
20,ht_chantry.map,planner,1,1792,1745,177,177,1752,1745,3,0,1,False,ht_chantry-random-15.scen,20
20,ht_chantry.map,planner,1,1792,1745,177,177,1752,1745,2,0,1,True,ht_chantry-random-15.scen,20
20,ht_chantry.map,planner,1,1792,1745,177,177,1752,1745,3,0,10,False,ht_chantry-random-15.scen,20
20,ht_chantry.map,planner,1,1792,1745,177,177,1752,1745,2,0,10,True,ht_chantry-random-15.scen,20
20,ht_chantry.map,planner,1,1792,1745,177,177,1752,1745,2,0,100,False,ht_chantry-random-15.scen,20
20,ht_chantry.map,planner,1,1792,1745,177,177,1752,1745,3,0,100,True,ht_chantry-random-15.scen,20
20,ht_chantry.map,planner,1,1792,1745,177,177,1752,1745,2,0,1000,False,ht_chantry-random-15.scen,20
20,ht_chantry.map,planner,1,1792,1745,177,177,1752,1745,3,0,1000,True,ht_chantry-random-15.scen,20
60,ht_chantry.map,planner,1,6233,5416,184,177,5561,5416,8,0,0,False,ht_chantry-random-15.scen,60
60,ht_chantry.map,planner,1,6233,5416,184,177,5561,5416,8,0,0,True,ht_chantry-random-15.scen,60
60,ht_chantry.map,planner,1,6233,5416,184,177,5561,5416,8,0,1,False,ht_chantry-random-15.scen,60
60,ht_chantry.map,planner,1,6239,5416,186,177,5588,5416,8,0,1,True,ht_chantry-random-15.scen,60
60,ht_chantry.map,planner,1,6233,5416,184,177,5561,5416,7,0,10,False,ht_chantry-random-15.scen,60
60,ht_chantry.map,planner,1,6239,5416,186,177,5588,5416,7,0,10,True,ht_chantry-random-15.scen,60
60,ht_chantry.map,planner,1,6233,5416,184,177,5561,5416,7,0,100,False,ht_chantry-random-15.scen,60
60,ht_chantry.map,planner,1,6239,5416,186,177,5588,5416,7,0,100,True,ht_chantry-random-15.scen,60
60,ht_chantry.map,planner,1,6233,5416,184,177,5561,5416,7,0,1000,False,ht_chantry-random-15.scen,60
60,ht_chantry.map,planner,1,6239,5416,186,177,5588,5416,7,0,1000,True,ht_chantry-random-15.scen,60
100,ht_chantry.map,planner,1,10901,8999,189,182,9502,8999,12,0,0,False,ht_chantry-random-15.scen,100
100,ht_chantry.map,planner,1,10901,8999,189,182,9502,8999,13,0,0,True,ht_chantry-random-15.scen,100
100,ht_chantry.map,planner,1,10901,8999,189,182,9502,8999,13,0,1,False,ht_chantry-random-15.scen,100
100,ht_chantry.map,planner,1,10405,8999,182,182,9447,8999,12,0,1,True,ht_chantry-random-15.scen,100
100,ht_chantry.map,planner,1,10901,8999,189,182,9502,8999,12,0,10,False,ht_chantry-random-15.scen,100
100,ht_chantry.map,planner,1,10405,8999,182,182,9447,8999,13,0,10,True,ht_chantry-random-15.scen,100
100,ht_chantry.map,planner,1,10901,8999,189,182,9502,8999,12,0,100,False,ht_chantry-random-15.scen,100
100,ht_chantry.map,planner,1,10405,8999,182,182,9447,8999,12,0,100,True,ht_chantry-random-15.scen,100
100,ht_chantry.map,planner,1,10901,8999,189,182,9502,8999,13,0,1000,False,ht_chantry-random-15.scen,100
100,ht_chantry.map,planner,1,10405,8999,182,182,9447,8999,14,0,1000,True,ht_chantry-random-15.scen,100
140,ht_chantry.map,planner,1,16061,13247,185,185,14187,13247,17,0,0,False,ht_chantry-random-15.scen,140
140,ht_chantry.map,planner,1,16061,13247,185,185,14187,13247,20,0,0,True,ht_chantry-random-15.scen,140
140,ht_chantry.map,planner,1,16061,13247,185,185,14187,13247,18,0,1,False,ht_chantry-random-15.scen,140
140,ht_chantry.map,planner,1,15703,13247,195,185,14068,13247,19,0,1,True,ht_chantry-random-15.scen,140
140,ht_chantry.map,planner,1,16061,13247,185,185,14187,13247,18,0,10,False,ht_chantry-random-15.scen,140
140,ht_chantry.map,planner,1,15703,13247,195,185,14068,13247,22,0,10,True,ht_chantry-random-15.scen,140
140,ht_chantry.map,planner,1,16061,13247,185,185,14187,13247,18,0,100,False,ht_chantry-random-15.scen,140
140,ht_chantry.map,planner,1,15703,13247,195,185,14068,13247,19,0,100,True,ht_chantry-random-15.scen,140
140,ht_chantry.map,planner,1,16061,13247,185,185,14187,13247,17,0,1000,False,ht_chantry-random-15.scen,140
140,ht_chantry.map,planner,1,15703,13247,195,185,14068,13247,19,0,1000,True,ht_chantry-random-15.scen,140
180,ht_chantry.map,planner,1,21610,17241,189,189,18943,17241,25,0,0,False,ht_chantry-random-15.scen,180
180,ht_chantry.map,planner,1,21610,17241,189,189,18943,17241,25,0,0,True,ht_chantry-random-15.scen,180
180,ht_chantry.map,planner,1,21610,17241,189,189,18943,17241,25,0,1,False,ht_chantry-random-15.scen,180
180,ht_chantry.map,planner,1,21242,17241,195,189,18591,17241,37,0,1,True,ht_chantry-random-15.scen,180
180,ht_chantry.map,planner,1,21610,17241,189,189,18943,17241,25,0,10,False,ht_chantry-random-15.scen,180
180,ht_chantry.map,planner,1,21436,17241,197,189,18556,17241,46,0,10,True,ht_chantry-random-15.scen,180
180,ht_chantry.map,planner,1,21610,17241,189,189,18943,17241,26,0,100,False,ht_chantry-random-15.scen,180
180,ht_chantry.map,planner,1,20990,17241,194,189,18525,17241,47,0,100,True,ht_chantry-random-15.scen,180
180,ht_chantry.map,planner,1,21610,17241,189,189,18943,17241,23,0,1000,False,ht_chantry-random-15.scen,180
180,ht_chantry.map,planner,1,20990,17241,194,189,18525,17241,49,0,1000,True,ht_chantry-random-15.scen,180
220,ht_chantry.map,planner,1,27217,21110,189,189,23365,21110,31,0,0,False,ht_chantry-random-15.scen,220
220,ht_chantry.map,planner,1,27217,21110,189,189,23365,21110,32,0,0,True,ht_chantry-random-15.scen,220
220,ht_chantry.map,planner,1,27217,21110,189,189,23365,21110,31,0,1,False,ht_chantry-random-15.scen,220
220,ht_chantry.map,planner,1,25950,21110,196,189,22760,21110,65,0,1,True,ht_chantry-random-15.scen,220
220,ht_chantry.map,planner,1,27217,21110,189,189,23365,21110,42,0,10,False,ht_chantry-random-15.scen,220
220,ht_chantry.map,planner,1,26469,21110,193,189,22749,21110,169,0,10,True,ht_chantry-random-15.scen,220
220,ht_chantry.map,planner,1,27217,21110,189,189,23365,21110,30,0,100,False,ht_chantry-random-15.scen,220
220,ht_chantry.map,planner,1,26676,21110,195,189,22818,21110,539,0,100,True,ht_chantry-random-15.scen,220
220,ht_chantry.map,planner,1,27217,21110,189,189,23365,21110,28,0,1000,False,ht_chantry-random-15.scen,220
220,ht_chantry.map,planner,1,26423,21110,193,189,22748,21110,3124,0,1000,True,ht_chantry-random-15.scen,220
260,ht_chantry.map,planner,1,32502,24599,201,189,27856,24599,35,0,0,False,ht_chantry-random-15.scen,260
260,ht_chantry.map,planner,1,32502,24599,201,189,27856,24599,39,0,0,True,ht_chantry-random-15.scen,260
260,ht_chantry.map,planner,1,32502,24599,201,189,27856,24599,36,0,1,False,ht_chantry-random-15.scen,260
260,ht_chantry.map,planner,1,31363,24599,199,189,26728,24599,88,0,1,True,ht_chantry-random-15.scen,260
260,ht_chantry.map,planner,1,32502,24599,201,189,27856,24599,38,0,10,False,ht_chantry-random-15.scen,260
260,ht_chantry.map,planner,1,31275,24599,199,189,26854,24599,405,0,10,True,ht_chantry-random-15.scen,260
260,ht_chantry.map,planner,1,32502,24599,201,189,27856,24599,37,0,100,False,ht_chantry-random-15.scen,260
260,ht_chantry.map,planner,1,31507,24599,199,189,26703,24599,1551,0,100,True,ht_chantry-random-15.scen,260
260,ht_chantry.map,planner,1,32502,24599,201,189,27856,24599,38,0,1000,False,ht_chantry-random-15.scen,260
260,ht_chantry.map,planner,1,31089,24599,194,189,26648,24599,4231,0,1000,True,ht_chantry-random-15.scen,260
300,ht_chantry.map,planner,1,37938,28254,196,189,32168,28254,43,0,0,False,ht_chantry-random-15.scen,300
300,ht_chantry.map,planner,1,37938,28254,196,189,32168,28254,47,0,0,True,ht_chantry-random-15.scen,300
300,ht_chantry.map,planner,1,37938,28254,196,189,32168,28254,42,0,1,False,ht_chantry-random-15.scen,300
300,ht_chantry.map,planner,1,36276,28254,215,189,31022,28254,98,0,1,True,ht_chantry-random-15.scen,300
300,ht_chantry.map,planner,1,37938,28254,196,189,32168,28254,42,0,10,False,ht_chantry-random-15.scen,300
300,ht_chantry.map,planner,1,36389,28254,208,189,30956,28254,442,0,10,True,ht_chantry-random-15.scen,300
300,ht_chantry.map,planner,1,37938,28254,196,189,32168,28254,41,0,100,False,ht_chantry-random-15.scen,300
300,ht_chantry.map,planner,1,36063,28254,212,189,30733,28254,2668,0,100,True,ht_chantry-random-15.scen,300
300,ht_chantry.map,planner,1,37938,28254,196,189,32168,28254,59,0,1000,False,ht_chantry-random-15.scen,300
300,ht_chantry.map,planner,1,36401,28254,213,189,30889,28254,28736,0,1000,True,ht_chantry-random-15.scen,300
340,ht_chantry.map,planner,1,44628,32325,204,189,37609,32325,49,0,0,False,ht_chantry-random-15.scen,340
340,ht_chantry.map,planner,1,44628,32325,204,189,37609,32325,52,0,0,True,ht_chantry-random-15.scen,340
340,ht_chantry.map,planner,1,44628,32325,204,189,37609,32325,49,0,1,False,ht_chantry-random-15.scen,340
340,ht_chantry.map,planner,1,42650,32325,197,189,36160,32325,112,0,1,True,ht_chantry-random-15.scen,340
340,ht_chantry.map,planner,1,44628,32325,204,189,37609,32325,53,0,10,False,ht_chantry-random-15.scen,340
340,ht_chantry.map,planner,1,42615,32325,195,189,36027,32325,530,0,10,True,ht_chantry-random-15.scen,340
340,ht_chantry.map,planner,1,44628,32325,204,189,37609,32325,51,0,100,False,ht_chantry-random-15.scen,340
340,ht_chantry.map,planner,1,42906,32325,200,189,36160,32325,4456,0,100,True,ht_chantry-random-15.scen,340
340,ht_chantry.map,planner,1,44628,32325,204,189,37609,32325,52,0,1000,False,ht_chantry-random-15.scen,340
340,ht_chantry.map,planner,1,43078,32325,214,189,36329,32325,39175,0,1000,True,ht_chantry-random-15.scen,340
380,ht_chantry.map,planner,1,51332,36491,201,189,43413,36491,59,0,0,False,ht_chantry-random-15.scen,380
380,ht_chantry.map,planner,1,51332,36491,201,189,43413,36491,59,0,0,True,ht_chantry-random-15.scen,380
380,ht_chantry.map,planner,1,51332,36491,201,189,43413,36491,59,0,1,False,ht_chantry-random-15.scen,380
380,ht_chantry.map,planner,1,49456,36491,196,189,41820,36491,144,0,1,True,ht_chantry-random-15.scen,380
380,ht_chantry.map,planner,1,51332,36491,201,189,43413,36491,57,0,10,False,ht_chantry-random-15.scen,380
380,ht_chantry.map,planner,1,49362,36491,211,189,41622,36491,770,0,10,True,ht_chantry-random-15.scen,380
380,ht_chantry.map,planner,1,51332,36491,201,189,43413,36491,72,0,100,False,ht_chantry-random-15.scen,380
380,ht_chantry.map,planner,1,49778,36491,206,189,41632,36491,6071,0,100,True,ht_chantry-random-15.scen,380
380,ht_chantry.map,planner,1,51332,36491,201,189,43413,36491,58,0,1000,False,ht_chantry-random-15.scen,380
420,ht_chantry.map,planner,1,57596,40385,193,189,48284,40385,61,0,0,False,ht_chantry-random-15.scen,420
420,ht_chantry.map,planner,1,57596,40385,193,189,48284,40385,64,0,0,True,ht_chantry-random-15.scen,420
420,ht_chantry.map,planner,1,57596,40385,193,189,48284,40385,59,0,1,False,ht_chantry-random-15.scen,420
420,ht_chantry.map,planner,1,55411,40385,207,189,47102,40385,168,0,1,True,ht_chantry-random-15.scen,420
420,ht_chantry.map,planner,1,57596,40385,193,189,48284,40385,64,0,10,False,ht_chantry-random-15.scen,420
420,ht_chantry.map,planner,1,55281,40385,207,189,46599,40385,766,0,10,True,ht_chantry-random-15.scen,420
420,ht_chantry.map,planner,1,57596,40385,193,189,48284,40385,59,0,100,False,ht_chantry-random-15.scen,420
420,ht_chantry.map,planner,1,55313,40385,204,189,46363,40385,6656,0,100,True,ht_chantry-random-15.scen,420
420,ht_chantry.map,planner,1,57596,40385,193,189,48284,40385,62,0,1000,False,ht_chantry-random-15.scen,420
460,ht_chantry.map,planner,1,64444,44008,213,189,53307,44008,71,0,0,False,ht_chantry-random-15.scen,460
460,ht_chantry.map,planner,1,64444,44008,213,189,53307,44008,74,0,0,True,ht_chantry-random-15.scen,460
460,ht_chantry.map,planner,1,64444,44008,213,189,53307,44008,70,0,1,False,ht_chantry-random-15.scen,460
460,ht_chantry.map,planner,1,61644,44008,203,189,52148,44008,199,0,1,True,ht_chantry-random-15.scen,460
460,ht_chantry.map,planner,1,64444,44008,213,189,53307,44008,74,0,10,False,ht_chantry-random-15.scen,460
460,ht_chantry.map,planner,1,61250,44008,206,189,51267,44008,821,0,10,True,ht_chantry-random-15.scen,460
460,ht_chantry.map,planner,1,64444,44008,213,189,53307,44008,71,0,100,False,ht_chantry-random-15.scen,460
460,ht_chantry.map,planner,1,59911,44008,226,189,51430,44008,7469,0,100,True,ht_chantry-random-15.scen,460
460,ht_chantry.map,planner,1,64444,44008,213,189,53307,44008,69,0,1000,False,ht_chantry-random-15.scen,460
500,ht_chantry.map,planner,1,72216,47778,222,189,59346,47778,76,0,0,False,ht_chantry-random-15.scen,500
500,ht_chantry.map,planner,1,72216,47778,222,189,59346,47778,81,0,0,True,ht_chantry-random-15.scen,500
500,ht_chantry.map,planner,1,72216,47778,222,189,59346,47778,82,0,1,False,ht_chantry-random-15.scen,500
500,ht_chantry.map,planner,1,68443,47778,206,189,58007,47778,202,0,1,True,ht_chantry-random-15.scen,500
500,ht_chantry.map,planner,1,72216,47778,222,189,59346,47778,77,0,10,False,ht_chantry-random-15.scen,500
500,ht_chantry.map,planner,1,67760,47778,218,189,56669,47778,1074,0,10,True,ht_chantry-random-15.scen,500
500,ht_chantry.map,planner,1,72216,47778,222,189,59346,47778,79,0,100,False,ht_chantry-random-15.scen,500
500,ht_chantry.map,planner,1,67758,47778,223,189,56898,47778,8506,0,100,True,ht_chantry-random-15.scen,500
500,ht_chantry.map,planner,1,72216,47778,222,189,59346,47778,79,0,1000,False,ht_chantry-random-15.scen,500
540,ht_chantry.map,planner,1,80075,51659,219,189,65599,51659,85,0,0,False,ht_chantry-random-15.scen,540
540,ht_chantry.map,planner,1,80075,51659,219,189,65599,51659,86,0,0,True,ht_chantry-random-15.scen,540
540,ht_chantry.map,planner,1,80075,51659,219,189,65599,51659,85,0,1,False,ht_chantry-random-15.scen,540
540,ht_chantry.map,planner,1,75351,51659,218,189,63459,51659,212,0,1,True,ht_chantry-random-15.scen,540
540,ht_chantry.map,planner,1,80075,51659,219,189,65599,51659,85,0,10,False,ht_chantry-random-15.scen,540
540,ht_chantry.map,planner,1,76343,51659,217,189,63731,51659,1195,0,10,True,ht_chantry-random-15.scen,540
540,ht_chantry.map,planner,1,80075,51659,219,189,65599,51659,83,0,100,False,ht_chantry-random-15.scen,540
540,ht_chantry.map,planner,1,75450,51659,219,189,62953,51659,10379,0,100,True,ht_chantry-random-15.scen,540
540,ht_chantry.map,planner,1,80075,51659,219,189,65599,51659,84,0,1000,False,ht_chantry-random-15.scen,540
20,ht_chantry.map,planner,1,2175,2055,197,197,2096,2055,2,0,0,False,ht_chantry-random-22.scen,20
20,ht_chantry.map,planner,1,2175,2055,197,197,2096,2055,3,0,0,True,ht_chantry-random-22.scen,20
20,ht_chantry.map,planner,1,2175,2055,197,197,2096,2055,3,0,1,False,ht_chantry-random-22.scen,20
20,ht_chantry.map,planner,1,2175,2055,197,197,2096,2055,2,0,1,True,ht_chantry-random-22.scen,20
20,ht_chantry.map,planner,1,2175,2055,197,197,2096,2055,2,0,10,False,ht_chantry-random-22.scen,20
20,ht_chantry.map,planner,1,2175,2055,197,197,2096,2055,2,0,10,True,ht_chantry-random-22.scen,20
20,ht_chantry.map,planner,1,2175,2055,197,197,2096,2055,2,0,100,False,ht_chantry-random-22.scen,20
20,ht_chantry.map,planner,1,2175,2055,197,197,2096,2055,2,0,100,True,ht_chantry-random-22.scen,20
20,ht_chantry.map,planner,1,2175,2055,197,197,2096,2055,2,0,1000,False,ht_chantry-random-22.scen,20
20,ht_chantry.map,planner,1,2175,2055,197,197,2096,2055,2,0,1000,True,ht_chantry-random-22.scen,20
60,ht_chantry.map,planner,1,6781,6091,197,197,6327,6091,7,0,0,False,ht_chantry-random-22.scen,60
60,ht_chantry.map,planner,1,6781,6091,197,197,6327,6091,8,0,0,True,ht_chantry-random-22.scen,60
60,ht_chantry.map,planner,1,6781,6091,197,197,6327,6091,7,0,1,False,ht_chantry-random-22.scen,60
60,ht_chantry.map,planner,1,6680,6091,197,197,6305,6091,7,0,1,True,ht_chantry-random-22.scen,60
60,ht_chantry.map,planner,1,6781,6091,197,197,6327,6091,8,0,10,False,ht_chantry-random-22.scen,60
60,ht_chantry.map,planner,1,6680,6091,197,197,6305,6091,7,0,10,True,ht_chantry-random-22.scen,60
60,ht_chantry.map,planner,1,6781,6091,197,197,6327,6091,7,0,100,False,ht_chantry-random-22.scen,60
60,ht_chantry.map,planner,1,6680,6091,197,197,6305,6091,8,0,100,True,ht_chantry-random-22.scen,60
60,ht_chantry.map,planner,1,6781,6091,197,197,6327,6091,8,0,1000,False,ht_chantry-random-22.scen,60
60,ht_chantry.map,planner,1,6680,6091,197,197,6305,6091,8,0,1000,True,ht_chantry-random-22.scen,60
100,ht_chantry.map,planner,1,11626,9727,198,198,10381,9727,12,0,0,False,ht_chantry-random-22.scen,100
100,ht_chantry.map,planner,1,11626,9727,198,198,10381,9727,13,0,0,True,ht_chantry-random-22.scen,100
100,ht_chantry.map,planner,1,11626,9727,198,198,10381,9727,12,0,1,False,ht_chantry-random-22.scen,100
100,ht_chantry.map,planner,1,11660,9727,203,198,10332,9727,13,0,1,True,ht_chantry-random-22.scen,100
100,ht_chantry.map,planner,1,11626,9727,198,198,10381,9727,12,0,10,False,ht_chantry-random-22.scen,100
100,ht_chantry.map,planner,1,11660,9727,203,198,10332,9727,13,0,10,True,ht_chantry-random-22.scen,100
100,ht_chantry.map,planner,1,11626,9727,198,198,10381,9727,12,0,100,False,ht_chantry-random-22.scen,100
100,ht_chantry.map,planner,1,11660,9727,203,198,10332,9727,13,0,100,True,ht_chantry-random-22.scen,100
100,ht_chantry.map,planner,1,11626,9727,198,198,10381,9727,12,0,1000,False,ht_chantry-random-22.scen,100
100,ht_chantry.map,planner,1,11660,9727,203,198,10332,9727,13,0,1000,True,ht_chantry-random-22.scen,100
140,ht_chantry.map,planner,1,16836,13649,198,198,14879,13649,17,0,0,False,ht_chantry-random-22.scen,140
140,ht_chantry.map,planner,1,16836,13649,198,198,14879,13649,18,0,0,True,ht_chantry-random-22.scen,140
140,ht_chantry.map,planner,1,16836,13649,198,198,14879,13649,18,0,1,False,ht_chantry-random-22.scen,140
140,ht_chantry.map,planner,1,16190,13649,200,198,14642,13649,23,0,1,True,ht_chantry-random-22.scen,140
140,ht_chantry.map,planner,1,16836,13649,198,198,14879,13649,19,0,10,False,ht_chantry-random-22.scen,140
140,ht_chantry.map,planner,1,16669,13649,202,198,14705,13649,24,0,10,True,ht_chantry-random-22.scen,140
140,ht_chantry.map,planner,1,16836,13649,198,198,14879,13649,18,0,100,False,ht_chantry-random-22.scen,140
140,ht_chantry.map,planner,1,16669,13649,202,198,14705,13649,24,0,100,True,ht_chantry-random-22.scen,140
140,ht_chantry.map,planner,1,16836,13649,198,198,14879,13649,19,0,1000,False,ht_chantry-random-22.scen,140
140,ht_chantry.map,planner,1,16669,13649,202,198,14705,13649,25,0,1000,True,ht_chantry-random-22.scen,140
180,ht_chantry.map,planner,1,21790,17534,198,198,19461,17534,24,0,0,False,ht_chantry-random-22.scen,180
180,ht_chantry.map,planner,1,21790,17534,198,198,19461,17534,24,0,0,True,ht_chantry-random-22.scen,180
180,ht_chantry.map,planner,1,21790,17534,198,198,19461,17534,30,0,1,False,ht_chantry-random-22.scen,180
180,ht_chantry.map,planner,1,21416,17534,200,198,18985,17534,35,0,1,True,ht_chantry-random-22.scen,180
180,ht_chantry.map,planner,1,21790,17534,198,198,19461,17534,24,0,10,False,ht_chantry-random-22.scen,180
180,ht_chantry.map,planner,1,21392,17534,202,198,19029,17534,75,0,10,True,ht_chantry-random-22.scen,180
180,ht_chantry.map,planner,1,21790,17534,198,198,19461,17534,23,0,100,False,ht_chantry-random-22.scen,180
180,ht_chantry.map,planner,1,21055,17534,202,198,19033,17534,186,0,100,True,ht_chantry-random-22.scen,180
180,ht_chantry.map,planner,1,21790,17534,198,198,19461,17534,24,0,1000,False,ht_chantry-random-22.scen,180
180,ht_chantry.map,planner,1,21233,17534,202,198,18996,17534,181,0,1000,True,ht_chantry-random-22.scen,180
220,ht_chantry.map,planner,1,27197,21291,208,198,23687,21291,29,0,0,False,ht_chantry-random-22.scen,220
220,ht_chantry.map,planner,1,27197,21291,208,198,23687,21291,30,0,0,True,ht_chantry-random-22.scen,220
220,ht_chantry.map,planner,1,27197,21291,208,198,23687,21291,29,0,1,False,ht_chantry-random-22.scen,220
220,ht_chantry.map,planner,1,25650,21291,198,198,23022,21291,60,0,1,True,ht_chantry-random-22.scen,220
220,ht_chantry.map,planner,1,27197,21291,208,198,23687,21291,32,0,10,False,ht_chantry-random-22.scen,220
220,ht_chantry.map,planner,1,26171,21291,205,198,23063,21291,204,0,10,True,ht_chantry-random-22.scen,220
220,ht_chantry.map,planner,1,27197,21291,208,198,23687,21291,31,0,100,False,ht_chantry-random-22.scen,220
220,ht_chantry.map,planner,1,26100,21291,203,198,23054,21291,794,0,100,True,ht_chantry-random-22.scen,220
220,ht_chantry.map,planner,1,27197,21291,208,198,23687,21291,29,0,1000,False,ht_chantry-random-22.scen,220
220,ht_chantry.map,planner,1,26252,21291,207,198,23115,21291,1863,0,1000,True,ht_chantry-random-22.scen,220
260,ht_chantry.map,planner,1,32429,24670,214,200,27910,24670,39,0,0,False,ht_chantry-random-22.scen,260
260,ht_chantry.map,planner,1,32429,24670,214,200,27910,24670,37,0,0,True,ht_chantry-random-22.scen,260
260,ht_chantry.map,planner,1,32429,24670,214,200,27910,24670,39,0,1,False,ht_chantry-random-22.scen,260
260,ht_chantry.map,planner,1,31575,24670,204,200,27240,24670,78,0,1,True,ht_chantry-random-22.scen,260
260,ht_chantry.map,planner,1,32429,24670,214,200,27910,24670,36,0,10,False,ht_chantry-random-22.scen,260
260,ht_chantry.map,planner,1,30772,24670,205,200,26978,24670,269,0,10,True,ht_chantry-random-22.scen,260
260,ht_chantry.map,planner,1,32429,24670,214,200,27910,24670,37,0,100,False,ht_chantry-random-22.scen,260
260,ht_chantry.map,planner,1,31080,24670,207,200,27070,24670,2033,0,100,True,ht_chantry-random-22.scen,260
260,ht_chantry.map,planner,1,32429,24670,214,200,27910,24670,35,0,1000,False,ht_chantry-random-22.scen,260
260,ht_chantry.map,planner,1,31163,24670,209,200,26950,24670,9754,0,1000,True,ht_chantry-random-22.scen,260
300,ht_chantry.map,planner,1,37832,28205,211,210,32666,28205,45,0,0,False,ht_chantry-random-22.scen,300
300,ht_chantry.map,planner,1,37832,28205,211,210,32666,28205,42,0,0,True,ht_chantry-random-22.scen,300
300,ht_chantry.map,planner,1,37832,28205,211,210,32666,28205,41,0,1,False,ht_chantry-random-22.scen,300
300,ht_chantry.map,planner,1,36217,28205,213,210,31556,28205,100,0,1,True,ht_chantry-random-22.scen,300
300,ht_chantry.map,planner,1,37832,28205,211,210,32666,28205,62,0,10,False,ht_chantry-random-22.scen,300
300,ht_chantry.map,planner,1,36785,28205,233,210,31525,28205,469,0,10,True,ht_chantry-random-22.scen,300
300,ht_chantry.map,planner,1,37832,28205,211,210,32666,28205,41,0,100,False,ht_chantry-random-22.scen,300
300,ht_chantry.map,planner,1,36130,28205,227,210,31252,28205,3476,0,100,True,ht_chantry-random-22.scen,300
300,ht_chantry.map,planner,1,37832,28205,211,210,32666,28205,42,0,1000,False,ht_chantry-random-22.scen,300
300,ht_chantry.map,planner,1,36232,28205,235,210,31106,28205,22847,0,1000,True,ht_chantry-random-22.scen,300
340,ht_chantry.map,planner,1,44466,32015,210,210,37465,32015,47,0,0,False,ht_chantry-random-22.scen,340
340,ht_chantry.map,planner,1,44466,32015,210,210,37465,32015,54,0,0,True,ht_chantry-random-22.scen,340
340,ht_chantry.map,planner,1,44466,32015,210,210,37465,32015,50,0,1,False,ht_chantry-random-22.scen,340
340,ht_chantry.map,planner,1,43243,32015,222,210,36288,32015,123,0,1,True,ht_chantry-random-22.scen,340
340,ht_chantry.map,planner,1,44466,32015,210,210,37465,32015,50,0,10,False,ht_chantry-random-22.scen,340
340,ht_chantry.map,planner,1,43092,32015,210,210,35998,32015,556,0,10,True,ht_chantry-random-22.scen,340
340,ht_chantry.map,planner,1,44466,32015,210,210,37465,32015,50,0,100,False,ht_chantry-random-22.scen,340
340,ht_chantry.map,planner,1,42282,32015,213,210,35671,32015,4075,0,100,True,ht_chantry-random-22.scen,340
340,ht_chantry.map,planner,1,44466,32015,210,210,37465,32015,51,0,1000,False,ht_chantry-random-22.scen,340
340,ht_chantry.map,planner,1,42616,32015,220,210,35980,32015,40430,0,1000,True,ht_chantry-random-22.scen,340
380,ht_chantry.map,planner,1,50635,35643,210,210,42198,35643,54,0,0,False,ht_chantry-random-22.scen,380
380,ht_chantry.map,planner,1,50635,35643,210,210,42198,35643,57,0,0,True,ht_chantry-random-22.scen,380
380,ht_chantry.map,planner,1,50635,35643,210,210,42198,35643,54,0,1,False,ht_chantry-random-22.scen,380
380,ht_chantry.map,planner,1,48563,35643,218,210,41206,35643,144,0,1,True,ht_chantry-random-22.scen,380
380,ht_chantry.map,planner,1,50635,35643,210,210,42198,35643,53,0,10,False,ht_chantry-random-22.scen,380
380,ht_chantry.map,planner,1,48781,35643,214,210,40777,35643,758,0,10,True,ht_chantry-random-22.scen,380
380,ht_chantry.map,planner,1,50635,35643,210,210,42198,35643,54,0,100,False,ht_chantry-random-22.scen,380
380,ht_chantry.map,planner,1,47759,35643,228,210,40472,35643,5124,0,100,True,ht_chantry-random-22.scen,380
380,ht_chantry.map,planner,1,50635,35643,210,210,42198,35643,56,0,1000,False,ht_chantry-random-22.scen,380
380,ht_chantry.map,planner,1,47553,35643,220,210,40314,35643,48897,0,1000,True,ht_chantry-random-22.scen,380
420,ht_chantry.map,planner,1,56665,39014,212,210,47070,39014,63,0,0,False,ht_chantry-random-22.scen,420
420,ht_chantry.map,planner,1,56665,39014,212,210,47070,39014,64,0,0,True,ht_chantry-random-22.scen,420
420,ht_chantry.map,planner,1,56665,39014,212,210,47070,39014,62,0,1,False,ht_chantry-random-22.scen,420
420,ht_chantry.map,planner,1,54509,39014,215,210,45791,39014,163,0,1,True,ht_chantry-random-22.scen,420
420,ht_chantry.map,planner,1,56665,39014,212,210,47070,39014,63,0,10,False,ht_chantry-random-22.scen,420
420,ht_chantry.map,planner,1,53108,39014,211,210,45457,39014,831,0,10,True,ht_chantry-random-22.scen,420
420,ht_chantry.map,planner,1,56665,39014,212,210,47070,39014,65,0,100,False,ht_chantry-random-22.scen,420
420,ht_chantry.map,planner,1,53204,39014,213,210,45039,39014,6926,0,100,True,ht_chantry-random-22.scen,420
420,ht_chantry.map,planner,1,56665,39014,212,210,47070,39014,61,0,1000,False,ht_chantry-random-22.scen,420
460,ht_chantry.map,planner,1,64548,42715,211,210,53204,42715,67,0,0,False,ht_chantry-random-22.scen,460
460,ht_chantry.map,planner,1,64548,42715,211,210,53204,42715,74,0,0,True,ht_chantry-random-22.scen,460
460,ht_chantry.map,planner,1,64548,42715,211,210,53204,42715,72,0,1,False,ht_chantry-random-22.scen,460
460,ht_chantry.map,planner,1,61365,42715,212,210,51272,42715,174,0,1,True,ht_chantry-random-22.scen,460
460,ht_chantry.map,planner,1,64548,42715,211,210,53204,42715,71,0,10,False,ht_chantry-random-22.scen,460
460,ht_chantry.map,planner,1,59968,42715,212,210,50314,42715,943,0,10,True,ht_chantry-random-22.scen,460
460,ht_chantry.map,planner,1,64548,42715,211,210,53204,42715,68,0,100,False,ht_chantry-random-22.scen,460
460,ht_chantry.map,planner,1,60520,42715,212,210,50710,42715,8322,0,100,True,ht_chantry-random-22.scen,460
460,ht_chantry.map,planner,1,64548,42715,211,210,53204,42715,67,0,1000,False,ht_chantry-random-22.scen,460
500,ht_chantry.map,planner,1,70702,46414,212,210,57775,46414,74,0,0,False,ht_chantry-random-22.scen,500
500,ht_chantry.map,planner,1,70702,46414,212,210,57775,46414,78,0,0,True,ht_chantry-random-22.scen,500
500,ht_chantry.map,planner,1,70702,46414,212,210,57775,46414,72,0,1,False,ht_chantry-random-22.scen,500
500,ht_chantry.map,planner,1,67824,46414,215,210,56618,46414,193,0,1,True,ht_chantry-random-22.scen,500
500,ht_chantry.map,planner,1,70702,46414,212,210,57775,46414,75,0,10,False,ht_chantry-random-22.scen,500
500,ht_chantry.map,planner,1,67219,46414,225,210,55924,46414,1081,0,10,True,ht_chantry-random-22.scen,500
500,ht_chantry.map,planner,1,70702,46414,212,210,57775,46414,75,0,100,False,ht_chantry-random-22.scen,500
500,ht_chantry.map,planner,1,65521,46414,216,210,55188,46414,8388,0,100,True,ht_chantry-random-22.scen,500
500,ht_chantry.map,planner,1,70702,46414,212,210,57775,46414,78,0,1000,False,ht_chantry-random-22.scen,500
540,ht_chantry.map,planner,1,78454,50065,221,210,63633,50065,81,0,0,False,ht_chantry-random-22.scen,540
540,ht_chantry.map,planner,1,78454,50065,221,210,63633,50065,87,0,0,True,ht_chantry-random-22.scen,540
540,ht_chantry.map,planner,1,78454,50065,221,210,63633,50065,84,0,1,False,ht_chantry-random-22.scen,540
540,ht_chantry.map,planner,1,73429,50065,220,210,60993,50065,206,0,1,True,ht_chantry-random-22.scen,540
540,ht_chantry.map,planner,1,78454,50065,221,210,63633,50065,84,0,10,False,ht_chantry-random-22.scen,540
540,ht_chantry.map,planner,1,75007,50065,221,210,61543,50065,1201,0,10,True,ht_chantry-random-22.scen,540
540,ht_chantry.map,planner,1,78454,50065,221,210,63633,50065,81,0,100,False,ht_chantry-random-22.scen,540
540,ht_chantry.map,planner,1,74087,50065,226,210,60929,50065,9756,0,100,True,ht_chantry-random-22.scen,540
540,ht_chantry.map,planner,1,78454,50065,221,210,63633,50065,82,0,1000,False,ht_chantry-random-22.scen,540
