agents,map_file,solver,solved,soc,soc_lb,makespan,makespan_lb,sum_of_loss,sum_of_loss_lb,comp_time,seed,Opti_Deadline,Bool_Opti,Scenario_File,N
20,den520d.map,planner,1,4257,4185,349,349,4195,4185,7,0,0,False,den520d-random-17.scen,20
20,den520d.map,planner,1,4257,4185,349,349,4195,4185,8,0,0,True,den520d-random-17.scen,20
20,den520d.map,planner,1,4257,4185,349,349,4195,4185,9,0,1,False,den520d-random-17.scen,20
20,den520d.map,planner,1,4257,4185,349,349,4195,4185,8,0,1,True,den520d-random-17.scen,20
20,den520d.map,planner,1,4257,4185,349,349,4195,4185,8,0,10,False,den520d-random-17.scen,20
20,den520d.map,planner,1,4257,4185,349,349,4195,4185,8,0,10,True,den520d-random-17.scen,20
20,den520d.map,planner,1,4257,4185,349,349,4195,4185,7,0,100,False,den520d-random-17.scen,20
20,den520d.map,planner,1,4257,4185,349,349,4195,4185,8,0,100,True,den520d-random-17.scen,20
20,den520d.map,planner,1,4257,4185,349,349,4195,4185,7,0,1000,False,den520d-random-17.scen,20
20,den520d.map,planner,1,4257,4185,349,349,4195,4185,7,0,1000,True,den520d-random-17.scen,20
60,den520d.map,planner,1,11543,11130,349,349,11232,11130,19,0,0,False,den520d-random-17.scen,60
60,den520d.map,planner,1,11543,11130,349,349,11232,11130,23,0,0,True,den520d-random-17.scen,60
60,den520d.map,planner,1,11543,11130,349,349,11232,11130,23,0,1,False,den520d-random-17.scen,60
60,den520d.map,planner,1,11543,11130,349,349,11232,11130,24,0,1,True,den520d-random-17.scen,60
60,den520d.map,planner,1,11543,11130,349,349,11232,11130,23,0,10,False,den520d-random-17.scen,60
60,den520d.map,planner,1,11543,11130,349,349,11232,11130,23,0,10,True,den520d-random-17.scen,60
60,den520d.map,planner,1,11543,11130,349,349,11232,11130,20,0,100,False,den520d-random-17.scen,60
60,den520d.map,planner,1,11543,11130,349,349,11232,11130,21,0,100,True,den520d-random-17.scen,60
60,den520d.map,planner,1,11543,11130,349,349,11232,11130,23,0,1000,False,den520d-random-17.scen,60
60,den520d.map,planner,1,11543,11130,349,349,11232,11130,23,0,1000,True,den520d-random-17.scen,60
100,den520d.map,planner,1,19092,18061,410,410,18246,18061,43,0,0,False,den520d-random-17.scen,100
100,den520d.map,planner,1,19092,18061,410,410,18246,18061,45,0,0,True,den520d-random-17.scen,100
100,den520d.map,planner,1,19092,18061,410,410,18246,18061,40,0,1,False,den520d-random-17.scen,100
100,den520d.map,planner,1,18855,18061,410,410,18222,18061,39,0,1,True,den520d-random-17.scen,100
100,den520d.map,planner,1,19092,18061,410,410,18246,18061,41,0,10,False,den520d-random-17.scen,100
100,den520d.map,planner,1,18855,18061,410,410,18222,18061,44,0,10,True,den520d-random-17.scen,100
100,den520d.map,planner,1,19092,18061,410,410,18246,18061,36,0,100,False,den520d-random-17.scen,100
100,den520d.map,planner,1,18855,18061,410,410,18222,18061,41,0,100,True,den520d-random-17.scen,100
100,den520d.map,planner,1,19092,18061,410,410,18246,18061,40,0,1000,False,den520d-random-17.scen,100
100,den520d.map,planner,1,18855,18061,410,410,18222,18061,39,0,1000,True,den520d-random-17.scen,100
140,den520d.map,planner,1,25336,23753,410,410,24119,23753,56,0,0,False,den520d-random-17.scen,140
140,den520d.map,planner,1,25336,23753,410,410,24119,23753,57,0,0,True,den520d-random-17.scen,140
140,den520d.map,planner,1,25336,23753,410,410,24119,23753,52,0,1,False,den520d-random-17.scen,140
140,den520d.map,planner,1,25729,23753,410,410,24130,23753,58,0,1,True,den520d-random-17.scen,140
140,den520d.map,planner,1,25336,23753,410,410,24119,23753,58,0,10,False,den520d-random-17.scen,140
140,den520d.map,planner,1,25729,23753,410,410,24130,23753,50,0,10,True,den520d-random-17.scen,140
140,den520d.map,planner,1,25336,23753,410,410,24119,23753,53,0,100,False,den520d-random-17.scen,140
140,den520d.map,planner,1,25729,23753,410,410,24130,23753,54,0,100,True,den520d-random-17.scen,140
140,den520d.map,planner,1,25336,23753,410,410,24119,23753,56,0,1000,False,den520d-random-17.scen,140
140,den520d.map,planner,1,25729,23753,410,410,24130,23753,55,0,1000,True,den520d-random-17.scen,140
180,den520d.map,planner,1,33647,30340,410,410,30908,30340,69,0,0,False,den520d-random-17.scen,180
180,den520d.map,planner,1,33647,30340,410,410,30908,30340,64,0,0,True,den520d-random-17.scen,180
180,den520d.map,planner,1,33647,30340,410,410,30908,30340,79,0,1,False,den520d-random-17.scen,180
180,den520d.map,planner,1,33168,30340,410,410,30771,30340,70,0,1,True,den520d-random-17.scen,180
180,den520d.map,planner,1,33647,30340,410,410,30908,30340,68,0,10,False,den520d-random-17.scen,180
180,den520d.map,planner,1,33168,30340,410,410,30771,30340,70,0,10,True,den520d-random-17.scen,180
180,den520d.map,planner,1,33647,30340,410,410,30908,30340,69,0,100,False,den520d-random-17.scen,180
180,den520d.map,planner,1,33168,30340,410,410,30771,30340,69,0,100,True,den520d-random-17.scen,180
180,den520d.map,planner,1,33647,30340,410,410,30908,30340,78,0,1000,False,den520d-random-17.scen,180
180,den520d.map,planner,1,33168,30340,410,410,30771,30340,76,0,1000,True,den520d-random-17.scen,180
220,den520d.map,planner,1,42218,36992,410,410,37837,36992,93,0,0,False,den520d-random-17.scen,220
220,den520d.map,planner,1,42218,36992,410,410,37837,36992,91,0,0,True,den520d-random-17.scen,220
220,den520d.map,planner,1,42218,36992,410,410,37837,36992,95,0,1,False,den520d-random-17.scen,220
220,den520d.map,planner,1,41152,36992,410,410,37716,36992,89,0,1,True,den520d-random-17.scen,220
220,den520d.map,planner,1,42218,36992,410,410,37837,36992,87,0,10,False,den520d-random-17.scen,220
220,den520d.map,planner,1,41152,36992,410,410,37716,36992,96,0,10,True,den520d-random-17.scen,220
220,den520d.map,planner,1,42218,36992,410,410,37837,36992,96,0,100,False,den520d-random-17.scen,220
220,den520d.map,planner,1,41152,36992,410,410,37716,36992,93,0,100,True,den520d-random-17.scen,220
220,den520d.map,planner,1,42218,36992,410,410,37837,36992,91,0,1000,False,den520d-random-17.scen,220
220,den520d.map,planner,1,41152,36992,410,410,37716,36992,88,0,1000,True,den520d-random-17.scen,220
260,den520d.map,planner,1,50604,44016,410,410,45230,44016,93,0,0,False,den520d-random-17.scen,260
260,den520d.map,planner,1,50604,44016,410,410,45230,44016,102,0,0,True,den520d-random-17.scen,260
260,den520d.map,planner,1,50604,44016,410,410,45230,44016,108,0,1,False,den520d-random-17.scen,260
260,den520d.map,planner,1,50294,44016,410,410,44991,44016,110,0,1,True,den520d-random-17.scen,260
260,den520d.map,planner,1,50604,44016,410,410,45230,44016,111,0,10,False,den520d-random-17.scen,260
260,den520d.map,planner,1,50294,44016,410,410,44991,44016,102,0,10,True,den520d-random-17.scen,260
260,den520d.map,planner,1,50604,44016,410,410,45230,44016,106,0,100,False,den520d-random-17.scen,260
260,den520d.map,planner,1,50294,44016,410,410,44991,44016,109,0,100,True,den520d-random-17.scen,260
260,den520d.map,planner,1,50604,44016,410,410,45230,44016,108,0,1000,False,den520d-random-17.scen,260
260,den520d.map,planner,1,50294,44016,410,410,44991,44016,103,0,1000,True,den520d-random-17.scen,260
300,den520d.map,planner,1,57835,49722,410,410,51325,49722,127,0,0,False,den520d-random-17.scen,300
300,den520d.map,planner,1,57835,49722,410,410,51325,49722,107,0,0,True,den520d-random-17.scen,300
300,den520d.map,planner,1,57835,49722,410,410,51325,49722,121,0,1,False,den520d-random-17.scen,300
300,den520d.map,planner,1,56699,49722,410,410,50884,49722,122,0,1,True,den520d-random-17.scen,300
300,den520d.map,planner,1,57835,49722,410,410,51325,49722,122,0,10,False,den520d-random-17.scen,300
300,den520d.map,planner,1,56699,49722,410,410,50884,49722,124,0,10,True,den520d-random-17.scen,300
300,den520d.map,planner,1,57835,49722,410,410,51325,49722,127,0,100,False,den520d-random-17.scen,300
300,den520d.map,planner,1,56699,49722,410,410,50884,49722,124,0,100,True,den520d-random-17.scen,300
300,den520d.map,planner,1,57835,49722,410,410,51325,49722,116,0,1000,False,den520d-random-17.scen,300
300,den520d.map,planner,1,56699,49722,410,410,50884,49722,131,0,1000,True,den520d-random-17.scen,300
340,den520d.map,planner,1,66471,56832,410,410,58575,56832,139,0,0,False,den520d-random-17.scen,340
340,den520d.map,planner,1,66471,56832,410,410,58575,56832,142,0,0,True,den520d-random-17.scen,340
340,den520d.map,planner,1,66471,56832,410,410,58575,56832,138,0,1,False,den520d-random-17.scen,340
340,den520d.map,planner,1,65443,56832,410,410,58319,56832,141,0,1,True,den520d-random-17.scen,340
340,den520d.map,planner,1,66471,56832,410,410,58575,56832,135,0,10,False,den520d-random-17.scen,340
340,den520d.map,planner,1,65443,56832,410,410,58319,56832,149,0,10,True,den520d-random-17.scen,340
340,den520d.map,planner,1,66471,56832,410,410,58575,56832,134,0,100,False,den520d-random-17.scen,340
340,den520d.map,planner,1,65443,56832,410,410,58319,56832,137,0,100,True,den520d-random-17.scen,340
340,den520d.map,planner,1,66471,56832,410,410,58575,56832,133,0,1000,False,den520d-random-17.scen,340
340,den520d.map,planner,1,65443,56832,410,410,58319,56832,126,0,1000,True,den520d-random-17.scen,340
380,den520d.map,planner,1,76851,63787,410,410,66198,63787,166,0,0,False,den520d-random-17.scen,380
380,den520d.map,planner,1,76851,63787,410,410,66198,63787,168,0,0,True,den520d-random-17.scen,380
380,den520d.map,planner,1,76851,63787,410,410,66198,63787,159,0,1,False,den520d-random-17.scen,380
380,den520d.map,planner,1,74963,63787,410,410,65549,63787,166,0,1,True,den520d-random-17.scen,380
380,den520d.map,planner,1,76851,63787,410,410,66198,63787,153,0,10,False,den520d-random-17.scen,380
380,den520d.map,planner,1,74963,63787,410,410,65549,63787,156,0,10,True,den520d-random-17.scen,380
380,den520d.map,planner,1,76851,63787,410,410,66198,63787,159,0,100,False,den520d-random-17.scen,380
380,den520d.map,planner,1,74963,63787,410,410,65549,63787,162,0,100,True,den520d-random-17.scen,380
380,den520d.map,planner,1,76851,63787,410,410,66198,63787,157,0,1000,False,den520d-random-17.scen,380
380,den520d.map,planner,1,74963,63787,410,410,65549,63787,169,0,1000,True,den520d-random-17.scen,380
420,den520d.map,planner,1,83016,70159,410,410,72695,70159,181,0,0,False,den520d-random-17.scen,420
420,den520d.map,planner,1,83016,70159,410,410,72695,70159,178,0,0,True,den520d-random-17.scen,420
420,den520d.map,planner,1,83016,70159,410,410,72695,70159,180,0,1,False,den520d-random-17.scen,420
420,den520d.map,planner,1,82102,70159,411,410,72169,70159,178,0,1,True,den520d-random-17.scen,420
420,den520d.map,planner,1,83016,70159,410,410,72695,70159,172,0,10,False,den520d-random-17.scen,420
420,den520d.map,planner,1,82102,70159,411,410,72169,70159,186,0,10,True,den520d-random-17.scen,420
420,den520d.map,planner,1,83016,70159,410,410,72695,70159,161,0,100,False,den520d-random-17.scen,420
420,den520d.map,planner,1,82102,70159,411,410,72169,70159,180,0,100,True,den520d-random-17.scen,420
420,den520d.map,planner,1,83016,70159,410,410,72695,70159,165,0,1000,False,den520d-random-17.scen,420
420,den520d.map,planner,1,82102,70159,411,410,72169,70159,175,0,1000,True,den520d-random-17.scen,420
460,den520d.map,planner,1,92956,76932,410,410,80131,76932,202,0,0,False,den520d-random-17.scen,460
460,den520d.map,planner,1,92956,76932,410,410,80131,76932,209,0,0,True,den520d-random-17.scen,460
460,den520d.map,planner,1,92956,76932,410,410,80131,76932,195,0,1,False,den520d-random-17.scen,460
460,den520d.map,planner,1,91121,76932,411,410,79327,76932,206,0,1,True,den520d-random-17.scen,460
460,den520d.map,planner,1,92956,76932,410,410,80131,76932,187,0,10,False,den520d-random-17.scen,460
460,den520d.map,planner,1,91121,76932,411,410,79327,76932,197,0,10,True,den520d-random-17.scen,460
460,den520d.map,planner,1,92956,76932,410,410,80131,76932,195,0,100,False,den520d-random-17.scen,460
460,den520d.map,planner,1,91121,76932,411,410,79327,76932,200,0,100,True,den520d-random-17.scen,460
460,den520d.map,planner,1,92956,76932,410,410,80131,76932,184,0,1000,False,den520d-random-17.scen,460
460,den520d.map,planner,1,91121,76932,411,410,79327,76932,197,0,1000,True,den520d-random-17.scen,460
500,den520d.map,planner,1,101786,82969,410,410,86688,82969,219,0,0,False,den520d-random-17.scen,500
500,den520d.map,planner,1,101786,82969,410,410,86688,82969,211,0,0,True,den520d-random-17.scen,500
500,den520d.map,planner,1,101786,82969,410,410,86688,82969,210,0,1,False,den520d-random-17.scen,500
500,den520d.map,planner,1,99018,82969,410,410,85599,82969,223,0,1,True,den520d-random-17.scen,500
500,den520d.map,planner,1,101786,82969,410,410,86688,82969,225,0,10,False,den520d-random-17.scen,500
500,den520d.map,planner,1,100235,82969,410,410,85663,82969,245,0,10,True,den520d-random-17.scen,500
500,den520d.map,planner,1,101786,82969,410,410,86688,82969,214,0,100,False,den520d-random-17.scen,500
500,den520d.map,planner,1,100235,82969,410,410,85663,82969,248,0,100,True,den520d-random-17.scen,500
500,den520d.map,planner,1,101786,82969,410,410,86688,82969,216,0,1000,False,den520d-random-17.scen,500
500,den520d.map,planner,1,100235,82969,410,410,85663,82969,250,0,1000,True,den520d-random-17.scen,500
540,den520d.map,planner,1,109181,88794,411,410,93142,88794,206,0,0,False,den520d-random-17.scen,540
540,den520d.map,planner,1,109181,88794,411,410,93142,88794,218,0,0,True,den520d-random-17.scen,540
540,den520d.map,planner,1,109181,88794,411,410,93142,88794,225,0,1,False,den520d-random-17.scen,540
540,den520d.map,planner,1,108484,88794,410,410,91663,88794,220,0,1,True,den520d-random-17.scen,540
540,den520d.map,planner,1,109181,88794,411,410,93142,88794,219,0,10,False,den520d-random-17.scen,540
540,den520d.map,planner,1,107743,88794,411,410,91667,88794,242,0,10,True,den520d-random-17.scen,540
540,den520d.map,planner,1,109181,88794,411,410,93142,88794,230,0,100,False,den520d-random-17.scen,540
540,den520d.map,planner,1,107743,88794,411,410,91667,88794,241,0,100,True,den520d-random-17.scen,540
540,den520d.map,planner,1,109181,88794,411,410,93142,88794,209,0,1000,False,den520d-random-17.scen,540
540,den520d.map,planner,1,107743,88794,411,410,91667,88794,259,0,1000,True,den520d-random-17.scen,540
580,den520d.map,planner,1,119046,95536,410,410,100624,95536,250,0,0,False,den520d-random-17.scen,580
580,den520d.map,planner,1,119046,95536,410,410,100624,95536,242,0,0,True,den520d-random-17.scen,580
580,den520d.map,planner,1,119046,95536,410,410,100624,95536,227,0,1,False,den520d-random-17.scen,580
580,den520d.map,planner,1,116760,95536,412,410,98819,95536,276,0,1,True,den520d-random-17.scen,580
580,den520d.map,planner,1,119046,95536,410,410,100624,95536,247,0,10,False,den520d-random-17.scen,580
580,den520d.map,planner,1,115446,95536,410,410,98800,95536,250,0,10,True,den520d-random-17.scen,580
580,den520d.map,planner,1,119046,95536,410,410,100624,95536,236,0,100,False,den520d-random-17.scen,580
580,den520d.map,planner,1,115446,95536,410,410,98800,95536,253,0,100,True,den520d-random-17.scen,580
580,den520d.map,planner,1,119046,95536,410,410,100624,95536,247,0,1000,False,den520d-random-17.scen,580
580,den520d.map,planner,1,115446,95536,410,410,98800,95536,279,0,1000,True,den520d-random-17.scen,580
620,den520d.map,planner,1,128967,103530,410,410,109408,103530,270,0,0,False,den520d-random-17.scen,620
620,den520d.map,planner,1,128967,103530,410,410,109408,103530,263,0,0,True,den520d-random-17.scen,620
620,den520d.map,planner,1,128967,103530,410,410,109408,103530,264,0,1,False,den520d-random-17.scen,620
620,den520d.map,planner,1,126321,103530,411,410,107293,103530,305,0,1,True,den520d-random-17.scen,620
620,den520d.map,planner,1,128967,103530,410,410,109408,103530,253,0,10,False,den520d-random-17.scen,620
620,den520d.map,planner,1,126525,103530,412,410,107234,103530,383,0,10,True,den520d-random-17.scen,620
620,den520d.map,planner,1,128967,103530,410,410,109408,103530,275,0,100,False,den520d-random-17.scen,620
620,den520d.map,planner,1,126359,103530,411,410,107400,103530,578,0,100,True,den520d-random-17.scen,620
620,den520d.map,planner,1,128967,103530,410,410,109408,103530,267,0,1000,False,den520d-random-17.scen,620
620,den520d.map,planner,1,126359,103530,411,410,107400,103530,586,0,1000,True,den520d-random-17.scen,620
660,den520d.map,planner,1,139152,110575,410,410,117302,110575,270,0,0,False,den520d-random-17.scen,660
660,den520d.map,planner,1,139152,110575,410,410,117302,110575,280,0,0,True,den520d-random-17.scen,660
660,den520d.map,planner,1,139152,110575,410,410,117302,110575,284,0,1,False,den520d-random-17.scen,660
660,den520d.map,planner,1,135640,110575,412,410,115011,110575,371,0,1,True,den520d-random-17.scen,660
660,den520d.map,planner,1,139152,110575,410,410,117302,110575,285,0,10,False,den520d-random-17.scen,660
660,den520d.map,planner,1,135356,110575,412,410,114758,110575,621,0,10,True,den520d-random-17.scen,660
660,den520d.map,planner,1,139152,110575,410,410,117302,110575,291,0,100,False,den520d-random-17.scen,660
660,den520d.map,planner,1,135993,110575,410,410,114647,110575,844,0,100,True,den520d-random-17.scen,660
660,den520d.map,planner,1,139152,110575,410,410,117302,110575,280,0,1000,False,den520d-random-17.scen,660
660,den520d.map,planner,1,134898,110575,414,410,114636,110575,2094,0,1000,True,den520d-random-17.scen,660
700,den520d.map,planner,1,148796,117593,410,410,124692,117593,300,0,0,False,den520d-random-17.scen,700
700,den520d.map,planner,1,148796,117593,410,410,124692,117593,307,0,0,True,den520d-random-17.scen,700
700,den520d.map,planner,1,148796,117593,410,410,124692,117593,273,0,1,False,den520d-random-17.scen,700
700,den520d.map,planner,1,144429,117593,410,410,122322,117593,382,0,1,True,den520d-random-17.scen,700
700,den520d.map,planner,1,148796,117593,410,410,124692,117593,316,0,10,False,den520d-random-17.scen,700
700,den520d.map,planner,1,144805,117593,410,410,122086,117593,590,0,10,True,den520d-random-17.scen,700
700,den520d.map,planner,1,148796,117593,410,410,124692,117593,300,0,100,False,den520d-random-17.scen,700
700,den520d.map,planner,1,145065,117593,413,410,122079,117593,1397,0,100,True,den520d-random-17.scen,700
700,den520d.map,planner,1,148796,117593,410,410,124692,117593,298,0,1000,False,den520d-random-17.scen,700
700,den520d.map,planner,1,144057,117593,412,410,122161,117593,10986,0,1000,True,den520d-random-17.scen,700
740,den520d.map,planner,1,158599,124826,410,410,133065,124826,306,0,0,False,den520d-random-17.scen,740
740,den520d.map,planner,1,158599,124826,410,410,133065,124826,317,0,0,True,den520d-random-17.scen,740
740,den520d.map,planner,1,158599,124826,410,410,133065,124826,338,0,1,False,den520d-random-17.scen,740
740,den520d.map,planner,1,154772,124826,411,410,130559,124826,407,0,1,True,den520d-random-17.scen,740
740,den520d.map,planner,1,158599,124826,410,410,133065,124826,327,0,10,False,den520d-random-17.scen,740
740,den520d.map,planner,1,155001,124826,411,410,130148,124826,858,0,10,True,den520d-random-17.scen,740
740,den520d.map,planner,1,158599,124826,410,410,133065,124826,313,0,100,False,den520d-random-17.scen,740
740,den520d.map,planner,1,154894,124826,410,410,130019,124826,3415,0,100,True,den520d-random-17.scen,740
740,den520d.map,planner,1,158599,124826,410,410,133065,124826,338,0,1000,False,den520d-random-17.scen,740
740,den520d.map,planner,1,153566,124826,415,410,129936,124826,20653,0,1000,True,den520d-random-17.scen,740
780,den520d.map,planner,1,169279,131284,410,410,140530,131284,340,0,0,False,den520d-random-17.scen,780
780,den520d.map,planner,1,169279,131284,410,410,140530,131284,319,0,0,True,den520d-random-17.scen,780
780,den520d.map,planner,1,169279,131284,410,410,140530,131284,334,0,1,False,den520d-random-17.scen,780
780,den520d.map,planner,1,164907,131284,410,410,137177,131284,429,0,1,True,den520d-random-17.scen,780
780,den520d.map,planner,1,169279,131284,410,410,140530,131284,328,0,10,False,den520d-random-17.scen,780
780,den520d.map,planner,1,163531,131284,411,410,137204,131284,966,0,10,True,den520d-random-17.scen,780
780,den520d.map,planner,1,169279,131284,410,410,140530,131284,327,0,100,False,den520d-random-17.scen,780
780,den520d.map,planner,1,163777,131284,410,410,137109,131284,4707,0,100,True,den520d-random-17.scen,780
780,den520d.map,planner,1,169279,131284,410,410,140530,131284,327,0,1000,False,den520d-random-17.scen,780
780,den520d.map,planner,1,163782,131284,412,410,136728,131284,24737,0,1000,True,den520d-random-17.scen,780
820,den520d.map,planner,1,179148,139036,410,410,148986,139036,347,0,0,False,den520d-random-17.scen,820
820,den520d.map,planner,1,179148,139036,410,410,148986,139036,348,0,0,True,den520d-random-17.scen,820
820,den520d.map,planner,1,179148,139036,410,410,148986,139036,342,0,1,False,den520d-random-17.scen,820
820,den520d.map,planner,1,175043,139036,410,410,146482,139036,477,0,1,True,den520d-random-17.scen,820
820,den520d.map,planner,1,179148,139036,410,410,148986,139036,346,0,10,False,den520d-random-17.scen,820
820,den520d.map,planner,1,174187,139036,412,410,145718,139036,1140,0,10,True,den520d-random-17.scen,820
820,den520d.map,planner,1,179148,139036,410,410,148986,139036,333,0,100,False,den520d-random-17.scen,820
820,den520d.map,planner,1,174202,139036,411,410,145428,139036,6813,0,100,True,den520d-random-17.scen,820
820,den520d.map,planner,1,179148,139036,410,410,148986,139036,359,0,1000,False,den520d-random-17.scen,820
820,den520d.map,planner,1,174329,139036,410,410,145106,139036,34879,0,1000,True,den520d-random-17.scen,820
860,den520d.map,planner,1,189495,145111,410,410,156137,145111,361,0,0,False,den520d-random-17.scen,860
860,den520d.map,planner,1,189495,145111,410,410,156137,145111,367,0,0,True,den520d-random-17.scen,860
860,den520d.map,planner,1,189495,145111,410,410,156137,145111,342,0,1,False,den520d-random-17.scen,860
860,den520d.map,planner,1,186160,145111,411,410,153082,145111,509,0,1,True,den520d-random-17.scen,860
860,den520d.map,planner,1,189495,145111,410,410,156137,145111,367,0,10,False,den520d-random-17.scen,860
860,den520d.map,planner,1,183440,145111,411,410,152382,145111,1445,0,10,True,den520d-random-17.scen,860
860,den520d.map,planner,1,189495,145111,410,410,156137,145111,386,0,100,False,den520d-random-17.scen,860
860,den520d.map,planner,1,183151,145111,412,410,152011,145111,9207,0,100,True,den520d-random-17.scen,860
860,den520d.map,planner,1,189495,145111,410,410,156137,145111,376,0,1000,False,den520d-random-17.scen,860
20,den520d.map,planner,1,3314,3307,328,328,3314,3307,6,0,0,False,den520d-random-2.scen,20
20,den520d.map,planner,1,3314,3307,328,328,3314,3307,6,0,0,True,den520d-random-2.scen,20
20,den520d.map,planner,1,3314,3307,328,328,3314,3307,6,0,1,False,den520d-random-2.scen,20
20,den520d.map,planner,1,3314,3307,328,328,3314,3307,8,0,1,True,den520d-random-2.scen,20
20,den520d.map,planner,1,3314,3307,328,328,3314,3307,6,0,10,False,den520d-random-2.scen,20
20,den520d.map,planner,1,3314,3307,328,328,3314,3307,7,0,10,True,den520d-random-2.scen,20
20,den520d.map,planner,1,3314,3307,328,328,3314,3307,6,0,100,False,den520d-random-2.scen,20
20,den520d.map,planner,1,3314,3307,328,328,3314,3307,7,0,100,True,den520d-random-2.scen,20
20,den520d.map,planner,1,3314,3307,328,328,3314,3307,8,0,1000,False,den520d-random-2.scen,20
20,den520d.map,planner,1,3314,3307,328,328,3314,3307,7,0,1000,True,den520d-random-2.scen,20
60,den520d.map,planner,1,10974,9986,359,359,10069,9986,20,0,0,False,den520d-random-2.scen,60
60,den520d.map,planner,1,10974,9986,359,359,10069,9986,20,0,0,True,den520d-random-2.scen,60
60,den520d.map,planner,1,10974,9986,359,359,10069,9986,23,0,1,False,den520d-random-2.scen,60
60,den520d.map,planner,1,10974,9986,359,359,10069,9986,23,0,1,True,den520d-random-2.scen,60
60,den520d.map,planner,1,10974,9986,359,359,10069,9986,20,0,10,False,den520d-random-2.scen,60
60,den520d.map,planner,1,10974,9986,359,359,10069,9986,22,0,10,True,den520d-random-2.scen,60
60,den520d.map,planner,1,10974,9986,359,359,10069,9986,22,0,100,False,den520d-random-2.scen,60
60,den520d.map,planner,1,10974,9986,359,359,10069,9986,24,0,100,True,den520d-random-2.scen,60
60,den520d.map,planner,1,10974,9986,359,359,10069,9986,18,0,1000,False,den520d-random-2.scen,60
60,den520d.map,planner,1,10974,9986,359,359,10069,9986,25,0,1000,True,den520d-random-2.scen,60
100,den520d.map,planner,1,18868,17046,383,383,17231,17046,33,0,0,False,den520d-random-2.scen,100
100,den520d.map,planner,1,18868,17046,383,383,17231,17046,40,0,0,True,den520d-random-2.scen,100
100,den520d.map,planner,1,18868,17046,383,383,17231,17046,36,0,1,False,den520d-random-2.scen,100
100,den520d.map,planner,1,18868,17046,383,383,17231,17046,39,0,1,True,den520d-random-2.scen,100
100,den520d.map,planner,1,18868,17046,383,383,17231,17046,44,0,10,False,den520d-random-2.scen,100
100,den520d.map,planner,1,18868,17046,383,383,17231,17046,41,0,10,True,den520d-random-2.scen,100
100,den520d.map,planner,1,18868,17046,383,383,17231,17046,43,0,100,False,den520d-random-2.scen,100
100,den520d.map,planner,1,18868,17046,383,383,17231,17046,36,0,100,True,den520d-random-2.scen,100
100,den520d.map,planner,1,18868,17046,383,383,17231,17046,40,0,1000,False,den520d-random-2.scen,100
100,den520d.map,planner,1,18868,17046,383,383,17231,17046,41,0,1000,True,den520d-random-2.scen,100
140,den520d.map,planner,1,27778,24801,383,383,25231,24801,60,0,0,False,den520d-random-2.scen,140
140,den520d.map,planner,1,27778,24801,383,383,25231,24801,60,0,0,True,den520d-random-2.scen,140
140,den520d.map,planner,1,27778,24801,383,383,25231,24801,59,0,1,False,den520d-random-2.scen,140
140,den520d.map,planner,1,27532,24801,383,383,25179,24801,52,0,1,True,den520d-random-2.scen,140
140,den520d.map,planner,1,27778,24801,383,383,25231,24801,63,0,10,False,den520d-random-2.scen,140
140,den520d.map,planner,1,27532,24801,383,383,25179,24801,57,0,10,True,den520d-random-2.scen,140
140,den520d.map,planner,1,27778,24801,383,383,25231,24801,55,0,100,False,den520d-random-2.scen,140
140,den520d.map,planner,1,27532,24801,383,383,25179,24801,58,0,100,True,den520d-random-2.scen,140
140,den520d.map,planner,1,27778,24801,383,383,25231,24801,60,0,1000,False,den520d-random-2.scen,140
140,den520d.map,planner,1,27532,24801,383,383,25179,24801,57,0,1000,True,den520d-random-2.scen,140
180,den520d.map,planner,1,36632,32320,383,383,32813,32320,69,0,0,False,den520d-random-2.scen,180
180,den520d.map,planner,1,36632,32320,383,383,32813,32320,76,0,0,True,den520d-random-2.scen,180
180,den520d.map,planner,1,36632,32320,383,383,32813,32320,76,0,1,False,den520d-random-2.scen,180
180,den520d.map,planner,1,36491,32320,383,383,32856,32320,80,0,1,True,den520d-random-2.scen,180
180,den520d.map,planner,1,36632,32320,383,383,32813,32320,66,0,10,False,den520d-random-2.scen,180
180,den520d.map,planner,1,36491,32320,383,383,32856,32320,70,0,10,True,den520d-random-2.scen,180
180,den520d.map,planner,1,36632,32320,383,383,32813,32320,66,0,100,False,den520d-random-2.scen,180
180,den520d.map,planner,1,36491,32320,383,383,32856,32320,64,0,100,True,den520d-random-2.scen,180
180,den520d.map,planner,1,36632,32320,383,383,32813,32320,68,0,1000,False,den520d-random-2.scen,180
180,den520d.map,planner,1,36491,32320,383,383,32856,32320,62,0,1000,True,den520d-random-2.scen,180
220,den520d.map,planner,1,44830,38978,383,383,39832,38978,85,0,0,False,den520d-random-2.scen,220
220,den520d.map,planner,1,44830,38978,383,383,39832,38978,82,0,0,True,den520d-random-2.scen,220
220,den520d.map,planner,1,44830,38978,383,383,39832,38978,94,0,1,False,den520d-random-2.scen,220
220,den520d.map,planner,1,44338,38978,383,383,39680,38978,90,0,1,True,den520d-random-2.scen,220
220,den520d.map,planner,1,44830,38978,383,383,39832,38978,80,0,10,False,den520d-random-2.scen,220
220,den520d.map,planner,1,44338,38978,383,383,39680,38978,82,0,10,True,den520d-random-2.scen,220
220,den520d.map,planner,1,44830,38978,383,383,39832,38978,88,0,100,False,den520d-random-2.scen,220
220,den520d.map,planner,1,44338,38978,383,383,39680,38978,85,0,100,True,den520d-random-2.scen,220
220,den520d.map,planner,1,44830,38978,383,383,39832,38978,81,0,1000,False,den520d-random-2.scen,220
220,den520d.map,planner,1,44338,38978,383,383,39680,38978,89,0,1000,True,den520d-random-2.scen,220
260,den520d.map,planner,1,52197,45945,391,391,47020,45945,110,0,0,False,den520d-random-2.scen,260
260,den520d.map,planner,1,52197,45945,391,391,47020,45945,110,0,0,True,den520d-random-2.scen,260
260,den520d.map,planner,1,52197,45945,391,391,47020,45945,107,0,1,False,den520d-random-2.scen,260
260,den520d.map,planner,1,53213,45945,391,391,46866,45945,107,0,1,True,den520d-random-2.scen,260
260,den520d.map,planner,1,52197,45945,391,391,47020,45945,107,0,10,False,den520d-random-2.scen,260
260,den520d.map,planner,1,53213,45945,391,391,46866,45945,99,0,10,True,den520d-random-2.scen,260
260,den520d.map,planner,1,52197,45945,391,391,47020,45945,99,0,100,False,den520d-random-2.scen,260
260,den520d.map,planner,1,53213,45945,391,391,46866,45945,109,0,100,True,den520d-random-2.scen,260
260,den520d.map,planner,1,52197,45945,391,391,47020,45945,108,0,1000,False,den520d-random-2.scen,260
260,den520d.map,planner,1,53213,45945,391,391,46866,45945,114,0,1000,True,den520d-random-2.scen,260
300,den520d.map,planner,1,61312,52488,391,391,54140,52488,119,0,0,False,den520d-random-2.scen,300
300,den520d.map,planner,1,61312,52488,391,391,54140,52488,139,0,0,True,den520d-random-2.scen,300
300,den520d.map,planner,1,61312,52488,391,391,54140,52488,118,0,1,False,den520d-random-2.scen,300
300,den520d.map,planner,1,61540,52488,391,391,53845,52488,126,0,1,True,den520d-random-2.scen,300
300,den520d.map,planner,1,61312,52488,391,391,54140,52488,132,0,10,False,den520d-random-2.scen,300
300,den520d.map,planner,1,61540,52488,391,391,53845,52488,123,0,10,True,den520d-random-2.scen,300
300,den520d.map,planner,1,61312,52488,391,391,54140,52488,119,0,100,False,den520d-random-2.scen,300
300,den520d.map,planner,1,61540,52488,391,391,53845,52488,128,0,100,True,den520d-random-2.scen,300
300,den520d.map,planner,1,61312,52488,391,391,54140,52488,126,0,1000,False,den520d-random-2.scen,300
300,den520d.map,planner,1,61540,52488,391,391,53845,52488,117,0,1000,True,den520d-random-2.scen,300
340,den520d.map,planner,1,68684,58780,391,391,60695,58780,140,0,0,False,den520d-random-2.scen,340
340,den520d.map,planner,1,68684,58780,391,391,60695,58780,140,0,0,True,den520d-random-2.scen,340
340,den520d.map,planner,1,68684,58780,391,391,60695,58780,125,0,1,False,den520d-random-2.scen,340
340,den520d.map,planner,1,68370,58780,391,391,60410,58780,130,0,1,True,den520d-random-2.scen,340
340,den520d.map,planner,1,68684,58780,391,391,60695,58780,155,0,10,False,den520d-random-2.scen,340
340,den520d.map,planner,1,68370,58780,391,391,60410,58780,137,0,10,True,den520d-random-2.scen,340
340,den520d.map,planner,1,68684,58780,391,391,60695,58780,136,0,100,False,den520d-random-2.scen,340
340,den520d.map,planner,1,68370,58780,391,391,60410,58780,140,0,100,True,den520d-random-2.scen,340
340,den520d.map,planner,1,68684,58780,391,391,60695,58780,136,0,1000,False,den520d-random-2.scen,340
340,den520d.map,planner,1,68370,58780,391,391,60410,58780,148,0,1000,True,den520d-random-2.scen,340
380,den520d.map,planner,1,79784,66215,391,391,68690,66215,164,0,0,False,den520d-random-2.scen,380
380,den520d.map,planner,1,79784,66215,391,391,68690,66215,161,0,0,True,den520d-random-2.scen,380
380,den520d.map,planner,1,79784,66215,391,391,68690,66215,172,0,1,False,den520d-random-2.scen,380
380,den520d.map,planner,1,78673,66215,391,391,68087,66215,164,0,1,True,den520d-random-2.scen,380
380,den520d.map,planner,1,79784,66215,391,391,68690,66215,166,0,10,False,den520d-random-2.scen,380
380,den520d.map,planner,1,78651,66215,391,391,68124,66215,173,0,10,True,den520d-random-2.scen,380
380,den520d.map,planner,1,79784,66215,391,391,68690,66215,161,0,100,False,den520d-random-2.scen,380
380,den520d.map,planner,1,78651,66215,391,391,68124,66215,152,0,100,True,den520d-random-2.scen,380
380,den520d.map,planner,1,79784,66215,391,391,68690,66215,155,0,1000,False,den520d-random-2.scen,380
380,den520d.map,planner,1,78651,66215,391,391,68124,66215,165,0,1000,True,den520d-random-2.scen,380
420,den520d.map,planner,1,89420,73805,391,391,76805,73805,171,0,0,False,den520d-random-2.scen,420
420,den520d.map,planner,1,89420,73805,391,391,76805,73805,174,0,0,True,den520d-random-2.scen,420
420,den520d.map,planner,1,89420,73805,391,391,76805,73805,166,0,1,False,den520d-random-2.scen,420
420,den520d.map,planner,1,88522,73805,391,391,75949,73805,203,0,1,True,den520d-random-2.scen,420
420,den520d.map,planner,1,89420,73805,391,391,76805,73805,166,0,10,False,den520d-random-2.scen,420
420,den520d.map,planner,1,87148,73805,391,391,75933,73805,226,0,10,True,den520d-random-2.scen,420
420,den520d.map,planner,1,89420,73805,391,391,76805,73805,186,0,100,False,den520d-random-2.scen,420
420,den520d.map,planner,1,86743,73805,392,391,75928,73805,400,0,100,True,den520d-random-2.scen,420
420,den520d.map,planner,1,89420,73805,391,391,76805,73805,194,0,1000,False,den520d-random-2.scen,420
420,den520d.map,planner,1,88230,73805,391,391,75866,73805,534,0,1000,True,den520d-random-2.scen,420
460,den520d.map,planner,1,97456,80552,405,405,83892,80552,197,0,0,False,den520d-random-2.scen,460
460,den520d.map,planner,1,97456,80552,405,405,83892,80552,186,0,0,True,den520d-random-2.scen,460
460,den520d.map,planner,1,97456,80552,405,405,83892,80552,196,0,1,False,den520d-random-2.scen,460
460,den520d.map,planner,1,97929,80552,405,405,83001,80552,222,0,1,True,den520d-random-2.scen,460
460,den520d.map,planner,1,97456,80552,405,405,83892,80552,195,0,10,False,den520d-random-2.scen,460
460,den520d.map,planner,1,95502,80552,405,405,82898,80552,298,0,10,True,den520d-random-2.scen,460
460,den520d.map,planner,1,97456,80552,405,405,83892,80552,193,0,100,False,den520d-random-2.scen,460
460,den520d.map,planner,1,96560,80552,405,405,82874,80552,821,0,100,True,den520d-random-2.scen,460
460,den520d.map,planner,1,97456,80552,405,405,83892,80552,206,0,1000,False,den520d-random-2.scen,460
460,den520d.map,planner,1,95734,80552,405,405,82862,80552,1132,0,1000,True,den520d-random-2.scen,460
500,den520d.map,planner,1,109578,88713,405,405,92903,88713,227,0,0,False,den520d-random-2.scen,500
500,den520d.map,planner,1,109578,88713,405,405,92903,88713,232,0,0,True,den520d-random-2.scen,500
500,den520d.map,planner,1,109578,88713,405,405,92903,88713,229,0,1,False,den520d-random-2.scen,500
500,den520d.map,planner,1,107697,88713,405,405,91798,88713,252,0,1,True,den520d-random-2.scen,500
500,den520d.map,planner,1,109578,88713,405,405,92903,88713,221,0,10,False,den520d-random-2.scen,500
500,den520d.map,planner,1,107825,88713,406,405,91692,88713,402,0,10,True,den520d-random-2.scen,500
500,den520d.map,planner,1,109578,88713,405,405,92903,88713,206,0,100,False,den520d-random-2.scen,500
500,den520d.map,planner,1,107345,88713,405,405,91593,88713,1031,0,100,True,den520d-random-2.scen,500
500,den520d.map,planner,1,109578,88713,405,405,92903,88713,210,0,1000,False,den520d-random-2.scen,500
500,den520d.map,planner,1,108838,88713,405,405,91598,88713,3388,0,1000,True,den520d-random-2.scen,500
540,den520d.map,planner,1,119401,96124,425,425,101288,96124,228,0,0,False,den520d-random-2.scen,540
540,den520d.map,planner,1,119401,96124,425,425,101288,96124,252,0,0,True,den520d-random-2.scen,540
540,den520d.map,planner,1,119401,96124,425,425,101288,96124,232,0,1,False,den520d-random-2.scen,540
540,den520d.map,planner,1,117708,96124,425,425,99219,96124,270,0,1,True,den520d-random-2.scen,540
540,den520d.map,planner,1,119401,96124,425,425,101288,96124,232,0,10,False,den520d-random-2.scen,540
540,den520d.map,planner,1,116245,96124,425,425,99282,96124,624,0,10,True,den520d-random-2.scen,540
540,den520d.map,planner,1,119401,96124,425,425,101288,96124,245,0,100,False,den520d-random-2.scen,540
540,den520d.map,planner,1,116532,96124,425,425,99189,96124,2865,0,100,True,den520d-random-2.scen,540
540,den520d.map,planner,1,119401,96124,425,425,101288,96124,234,0,1000,False,den520d-random-2.scen,540
540,den520d.map,planner,1,118199,96124,427,425,99212,96124,3766,0,1000,True,den520d-random-2.scen,540
580,den520d.map,planner,1,130820,103531,425,425,109463,103531,260,0,0,False,den520d-random-2.scen,580
580,den520d.map,planner,1,130820,103531,425,425,109463,103531,245,0,0,True,den520d-random-2.scen,580
580,den520d.map,planner,1,130820,103531,425,425,109463,103531,260,0,1,False,den520d-random-2.scen,580
580,den520d.map,planner,1,125999,103531,426,425,107373,103531,309,0,1,True,den520d-random-2.scen,580
580,den520d.map,planner,1,130820,103531,425,425,109463,103531,254,0,10,False,den520d-random-2.scen,580
580,den520d.map,planner,1,128745,103531,426,425,107251,103531,678,0,10,True,den520d-random-2.scen,580
580,den520d.map,planner,1,130820,103531,425,425,109463,103531,276,0,100,False,den520d-random-2.scen,580
580,den520d.map,planner,1,127454,103531,428,425,107050,103531,2960,0,100,True,den520d-random-2.scen,580
580,den520d.map,planner,1,130820,103531,425,425,109463,103531,259,0,1000,False,den520d-random-2.scen,580
580,den520d.map,planner,1,126726,103531,426,425,107055,103531,19612,0,1000,True,den520d-random-2.scen,580
620,den520d.map,planner,1,140213,110830,425,425,117180,110830,288,0,0,False,den520d-random-2.scen,620
620,den520d.map,planner,1,140213,110830,425,425,117180,110830,280,0,0,True,den520d-random-2.scen,620
620,den520d.map,planner,1,140213,110830,425,425,117180,110830,295,0,1,False,den520d-random-2.scen,620
620,den520d.map,planner,1,136385,110830,425,425,114844,110830,350,0,1,True,den520d-random-2.scen,620
620,den520d.map,planner,1,140213,110830,425,425,117180,110830,258,0,10,False,den520d-random-2.scen,620
620,den520d.map,planner,1,137615,110830,425,425,115010,110830,757,0,10,True,den520d-random-2.scen,620
620,den520d.map,planner,1,140213,110830,425,425,117180,110830,276,0,100,False,den520d-random-2.scen,620
620,den520d.map,planner,1,135423,110830,425,425,114681,110830,3988,0,100,True,den520d-random-2.scen,620
620,den520d.map,planner,1,140213,110830,425,425,117180,110830,270,0,1000,False,den520d-random-2.scen,620
620,den520d.map,planner,1,136722,110830,425,425,114533,110830,17975,0,1000,True,den520d-random-2.scen,620
660,den520d.map,planner,1,149582,116879,425,425,124104,116879,278,0,0,False,den520d-random-2.scen,660
660,den520d.map,planner,1,149582,116879,425,425,124104,116879,297,0,0,True,den520d-random-2.scen,660
660,den520d.map,planner,1,149582,116879,425,425,124104,116879,299,0,1,False,den520d-random-2.scen,660
660,den520d.map,planner,1,144753,116879,425,425,121458,116879,373,0,1,True,den520d-random-2.scen,660
660,den520d.map,planner,1,149582,116879,425,425,124104,116879,296,0,10,False,den520d-random-2.scen,660
660,den520d.map,planner,1,143178,116879,425,425,121371,116879,817,0,10,True,den520d-random-2.scen,660
660,den520d.map,planner,1,149582,116879,425,425,124104,116879,280,0,100,False,den520d-random-2.scen,660
660,den520d.map,planner,1,144790,116879,425,425,121299,116879,4491,0,100,True,den520d-random-2.scen,660
660,den520d.map,planner,1,149582,116879,425,425,124104,116879,282,0,1000,False,den520d-random-2.scen,660
660,den520d.map,planner,1,143867,116879,425,425,121048,116879,31905,0,1000,True,den520d-random-2.scen,660
700,den520d.map,planner,1,160135,124324,425,425,132936,124324,342,0,0,False,den520d-random-2.scen,700
700,den520d.map,planner,1,160135,124324,425,425,132936,124324,321,0,0,True,den520d-random-2.scen,700
700,den520d.map,planner,1,160135,124324,425,425,132936,124324,312,0,1,False,den520d-random-2.scen,700
700,den520d.map,planner,1,156411,124324,427,425,130082,124324,418,0,1,True,den520d-random-2.scen,700
700,den520d.map,planner,1,160135,124324,425,425,132936,124324,315,0,10,False,den520d-random-2.scen,700
700,den520d.map,planner,1,155856,124324,429,425,130206,124324,1154,0,10,True,den520d-random-2.scen,700
700,den520d.map,planner,1,160135,124324,425,425,132936,124324,298,0,100,False,den520d-random-2.scen,700
700,den520d.map,planner,1,154775,124324,425,425,129429,124324,6578,0,100,True,den520d-random-2.scen,700
700,den520d.map,planner,1,160135,124324,425,425,132936,124324,309,0,1000,False,den520d-random-2.scen,700
700,den520d.map,planner,1,153818,124324,425,425,129022,124324,37563,0,1000,True,den520d-random-2.scen,700
740,den520d.map,planner,1,168660,129980,425,425,139379,129980,347,0,0,False,den520d-random-2.scen,740
740,den520d.map,planner,1,168660,129980,425,425,139379,129980,332,0,0,True,den520d-random-2.scen,740
740,den520d.map,planner,1,168660,129980,425,425,139379,129980,321,0,1,False,den520d-random-2.scen,740
740,den520d.map,planner,1,165620,129980,425,425,136328,129980,483,0,1,True,den520d-random-2.scen,740
740,den520d.map,planner,1,168660,129980,425,425,139379,129980,330,0,10,False,den520d-random-2.scen,740
740,den520d.map,planner,1,163837,129980,426,425,135877,129980,1151,0,10,True,den520d-random-2.scen,740
740,den520d.map,planner,1,168660,129980,425,425,139379,129980,311,0,100,False,den520d-random-2.scen,740
740,den520d.map,planner,1,162867,129980,430,425,135575,129980,7439,0,100,True,den520d-random-2.scen,740
740,den520d.map,planner,1,168660,129980,425,425,139379,129980,331,0,1000,False,den520d-random-2.scen,740
20,den520d.map,planner,1,3617,3471,324,324,3476,3471,8,0,0,False,den520d-random-10.scen,20
20,den520d.map,planner,1,3617,3471,324,324,3476,3471,7,0,0,True,den520d-random-10.scen,20
20,den520d.map,planner,1,3617,3471,324,324,3476,3471,6,0,1,False,den520d-random-10.scen,20
20,den520d.map,planner,1,3617,3471,324,324,3476,3471,7,0,1,True,den520d-random-10.scen,20
20,den520d.map,planner,1,3617,3471,324,324,3476,3471,6,0,10,False,den520d-random-10.scen,20
20,den520d.map,planner,1,3617,3471,324,324,3476,3471,6,0,10,True,den520d-random-10.scen,20
20,den520d.map,planner,1,3617,3471,324,324,3476,3471,6,0,100,False,den520d-random-10.scen,20
20,den520d.map,planner,1,3617,3471,324,324,3476,3471,7,0,100,True,den520d-random-10.scen,20
20,den520d.map,planner,1,3617,3471,324,324,3476,3471,8,0,1000,False,den520d-random-10.scen,20
20,den520d.map,planner,1,3617,3471,324,324,3476,3471,7,0,1000,True,den520d-random-10.scen,20
60,den520d.map,planner,1,10698,10422,324,324,10488,10422,21,0,0,False,den520d-random-10.scen,60
60,den520d.map,planner,1,10698,10422,324,324,10488,10422,18,0,0,True,den520d-random-10.scen,60
60,den520d.map,planner,1,10698,10422,324,324,10488,10422,22,0,1,False,den520d-random-10.scen,60
60,den520d.map,planner,1,10698,10422,324,324,10488,10422,19,0,1,True,den520d-random-10.scen,60
60,den520d.map,planner,1,10698,10422,324,324,10488,10422,24,0,10,False,den520d-random-10.scen,60
60,den520d.map,planner,1,10698,10422,324,324,10488,10422,18,0,10,True,den520d-random-10.scen,60
60,den520d.map,planner,1,10698,10422,324,324,10488,10422,21,0,100,False,den520d-random-10.scen,60
60,den520d.map,planner,1,10698,10422,324,324,10488,10422,20,0,100,True,den520d-random-10.scen,60
60,den520d.map,planner,1,10698,10422,324,324,10488,10422,20,0,1000,False,den520d-random-10.scen,60
60,den520d.map,planner,1,10698,10422,324,324,10488,10422,25,0,1000,True,den520d-random-10.scen,60
100,den520d.map,planner,1,18959,17570,339,339,17759,17570,40,0,0,False,den520d-random-10.scen,100
100,den520d.map,planner,1,18959,17570,339,339,17759,17570,37,0,0,True,den520d-random-10.scen,100
100,den520d.map,planner,1,18959,17570,339,339,17759,17570,36,0,1,False,den520d-random-10.scen,100
100,den520d.map,planner,1,18532,17570,339,339,17736,17570,33,0,1,True,den520d-random-10.scen,100
100,den520d.map,planner,1,18959,17570,339,339,17759,17570,41,0,10,False,den520d-random-10.scen,100
100,den520d.map,planner,1,18532,17570,339,339,17736,17570,42,0,10,True,den520d-random-10.scen,100
100,den520d.map,planner,1,18959,17570,339,339,17759,17570,32,0,100,False,den520d-random-10.scen,100
100,den520d.map,planner,1,18532,17570,339,339,17736,17570,36,0,100,True,den520d-random-10.scen,100
100,den520d.map,planner,1,18959,17570,339,339,17759,17570,34,0,1000,False,den520d-random-10.scen,100
100,den520d.map,planner,1,18532,17570,339,339,17736,17570,30,0,1000,True,den520d-random-10.scen,100
140,den520d.map,planner,1,26210,23975,339,339,24351,23975,55,0,0,False,den520d-random-10.scen,140
140,den520d.map,planner,1,26210,23975,339,339,24351,23975,56,0,0,True,den520d-random-10.scen,140
140,den520d.map,planner,1,26210,23975,339,339,24351,23975,47,0,1,False,den520d-random-10.scen,140
140,den520d.map,planner,1,26192,23975,339,339,24312,23975,57,0,1,True,den520d-random-10.scen,140
140,den520d.map,planner,1,26210,23975,339,339,24351,23975,46,0,10,False,den520d-random-10.scen,140
140,den520d.map,planner,1,26192,23975,339,339,24312,23975,49,0,10,True,den520d-random-10.scen,140
140,den520d.map,planner,1,26210,23975,339,339,24351,23975,53,0,100,False,den520d-random-10.scen,140
140,den520d.map,planner,1,26192,23975,339,339,24312,23975,56,0,100,True,den520d-random-10.scen,140
140,den520d.map,planner,1,26210,23975,339,339,24351,23975,54,0,1000,False,den520d-random-10.scen,140
140,den520d.map,planner,1,26192,23975,339,339,24312,23975,45,0,1000,True,den520d-random-10.scen,140
180,den520d.map,planner,1,33710,30570,339,339,31121,30570,64,0,0,False,den520d-random-10.scen,180
180,den520d.map,planner,1,33710,30570,339,339,31121,30570,67,0,0,True,den520d-random-10.scen,180
180,den520d.map,planner,1,33710,30570,339,339,31121,30570,72,0,1,False,den520d-random-10.scen,180
180,den520d.map,planner,1,34005,30570,341,339,31071,30570,72,0,1,True,den520d-random-10.scen,180
180,den520d.map,planner,1,33710,30570,339,339,31121,30570,70,0,10,False,den520d-random-10.scen,180
180,den520d.map,planner,1,34005,30570,341,339,31071,30570,68,0,10,True,den520d-random-10.scen,180
180,den520d.map,planner,1,33710,30570,339,339,31121,30570,70,0,100,False,den520d-random-10.scen,180
180,den520d.map,planner,1,34005,30570,341,339,31071,30570,58,0,100,True,den520d-random-10.scen,180
180,den520d.map,planner,1,33710,30570,339,339,31121,30570,69,0,1000,False,den520d-random-10.scen,180
180,den520d.map,planner,1,34005,30570,341,339,31071,30570,72,0,1000,True,den520d-random-10.scen,180
220,den520d.map,planner,1,41975,37061,408,408,37755,37061,86,0,0,False,den520d-random-10.scen,220
220,den520d.map,planner,1,41975,37061,408,408,37755,37061,90,0,0,True,den520d-random-10.scen,220
220,den520d.map,planner,1,41975,37061,408,408,37755,37061,79,0,1,False,den520d-random-10.scen,220
220,den520d.map,planner,1,41265,37061,408,408,37749,37061,88,0,1,True,den520d-random-10.scen,220
220,den520d.map,planner,1,41975,37061,408,408,37755,37061,82,0,10,False,den520d-random-10.scen,220
220,den520d.map,planner,1,41265,37061,408,408,37749,37061,95,0,10,True,den520d-random-10.scen,220
220,den520d.map,planner,1,41975,37061,408,408,37755,37061,93,0,100,False,den520d-random-10.scen,220
220,den520d.map,planner,1,41265,37061,408,408,37749,37061,91,0,100,True,den520d-random-10.scen,220
220,den520d.map,planner,1,41975,37061,408,408,37755,37061,80,0,1000,False,den520d-random-10.scen,220
220,den520d.map,planner,1,41265,37061,408,408,37749,37061,90,0,1000,True,den520d-random-10.scen,220
260,den520d.map,planner,1,49146,43318,408,408,44253,43318,107,0,0,False,den520d-random-10.scen,260
260,den520d.map,planner,1,49146,43318,408,408,44253,43318,89,0,0,True,den520d-random-10.scen,260
260,den520d.map,planner,1,49146,43318,408,408,44253,43318,98,0,1,False,den520d-random-10.scen,260
260,den520d.map,planner,1,48820,43318,408,408,44185,43318,108,0,1,True,den520d-random-10.scen,260
260,den520d.map,planner,1,49146,43318,408,408,44253,43318,110,0,10,False,den520d-random-10.scen,260
260,den520d.map,planner,1,48820,43318,408,408,44185,43318,111,0,10,True,den520d-random-10.scen,260
260,den520d.map,planner,1,49146,43318,408,408,44253,43318,105,0,100,False,den520d-random-10.scen,260
260,den520d.map,planner,1,48820,43318,408,408,44185,43318,106,0,100,True,den520d-random-10.scen,260
260,den520d.map,planner,1,49146,43318,408,408,44253,43318,104,0,1000,False,den520d-random-10.scen,260
260,den520d.map,planner,1,48820,43318,408,408,44185,43318,105,0,1000,True,den520d-random-10.scen,260
300,den520d.map,planner,1,58308,50320,408,408,51713,50320,123,0,0,False,den520d-random-10.scen,300
300,den520d.map,planner,1,58308,50320,408,408,51713,50320,118,0,0,True,den520d-random-10.scen,300
300,den520d.map,planner,1,58308,50320,408,408,51713,50320,117,0,1,False,den520d-random-10.scen,300
300,den520d.map,planner,1,56172,50320,408,408,51396,50320,120,0,1,True,den520d-random-10.scen,300
300,den520d.map,planner,1,58308,50320,408,408,51713,50320,126,0,10,False,den520d-random-10.scen,300
300,den520d.map,planner,1,56172,50320,408,408,51396,50320,118,0,10,True,den520d-random-10.scen,300
300,den520d.map,planner,1,58308,50320,408,408,51713,50320,128,0,100,False,den520d-random-10.scen,300
300,den520d.map,planner,1,56172,50320,408,408,51396,50320,121,0,100,True,den520d-random-10.scen,300
300,den520d.map,planner,1,58308,50320,408,408,51713,50320,103,0,1000,False,den520d-random-10.scen,300
300,den520d.map,planner,1,56172,50320,408,408,51396,50320,116,0,1000,True,den520d-random-10.scen,300
340,den520d.map,planner,1,66352,58047,408,408,59614,58047,140,0,0,False,den520d-random-10.scen,340
340,den520d.map,planner,1,66352,58047,408,408,59614,58047,130,0,0,True,den520d-random-10.scen,340
340,den520d.map,planner,1,66352,58047,408,408,59614,58047,149,0,1,False,den520d-random-10.scen,340
340,den520d.map,planner,1,66133,58047,408,408,59290,58047,136,0,1,True,den520d-random-10.scen,340
340,den520d.map,planner,1,66352,58047,408,408,59614,58047,153,0,10,False,den520d-random-10.scen,340
340,den520d.map,planner,1,66133,58047,408,408,59290,58047,142,0,10,True,den520d-random-10.scen,340
340,den520d.map,planner,1,66352,58047,408,408,59614,58047,158,0,100,False,den520d-random-10.scen,340
340,den520d.map,planner,1,66133,58047,408,408,59290,58047,142,0,100,True,den520d-random-10.scen,340
340,den520d.map,planner,1,66352,58047,408,408,59614,58047,151,0,1000,False,den520d-random-10.scen,340
340,den520d.map,planner,1,66133,58047,408,408,59290,58047,149,0,1000,True,den520d-random-10.scen,340
380,den520d.map,planner,1,75859,65620,408,408,67702,65620,156,0,0,False,den520d-random-10.scen,380
380,den520d.map,planner,1,75859,65620,408,408,67702,65620,161,0,0,True,den520d-random-10.scen,380
380,den520d.map,planner,1,75859,65620,408,408,67702,65620,176,0,1,False,den520d-random-10.scen,380
380,den520d.map,planner,1,76305,65620,408,408,67168,65620,171,0,1,True,den520d-random-10.scen,380
380,den520d.map,planner,1,75859,65620,408,408,67702,65620,167,0,10,False,den520d-random-10.scen,380
380,den520d.map,planner,1,75665,65620,408,408,67129,65620,174,0,10,True,den520d-random-10.scen,380
380,den520d.map,planner,1,75859,65620,408,408,67702,65620,169,0,100,False,den520d-random-10.scen,380
380,den520d.map,planner,1,75665,65620,408,408,67129,65620,188,0,100,True,den520d-random-10.scen,380
380,den520d.map,planner,1,75859,65620,408,408,67702,65620,155,0,1000,False,den520d-random-10.scen,380
380,den520d.map,planner,1,75665,65620,408,408,67129,65620,184,0,1000,True,den520d-random-10.scen,380
420,den520d.map,planner,1,86408,73839,408,408,76379,73839,166,0,0,False,den520d-random-10.scen,420
420,den520d.map,planner,1,86408,73839,408,408,76379,73839,185,0,0,True,den520d-random-10.scen,420
420,den520d.map,planner,1,86408,73839,408,408,76379,73839,191,0,1,False,den520d-random-10.scen,420
420,den520d.map,planner,1,84583,73839,408,408,75787,73839,194,0,1,True,den520d-random-10.scen,420
420,den520d.map,planner,1,86408,73839,408,408,76379,73839,189,0,10,False,den520d-random-10.scen,420
420,den520d.map,planner,1,85626,73839,408,408,75735,73839,266,0,10,True,den520d-random-10.scen,420
420,den520d.map,planner,1,86408,73839,408,408,76379,73839,172,0,100,False,den520d-random-10.scen,420
420,den520d.map,planner,1,84759,73839,408,408,75749,73839,468,0,100,True,den520d-random-10.scen,420
420,den520d.map,planner,1,86408,73839,408,408,76379,73839,169,0,1000,False,den520d-random-10.scen,420
420,den520d.map,planner,1,85103,73839,408,408,75780,73839,643,0,1000,True,den520d-random-10.scen,420
460,den520d.map,planner,1,94588,80489,408,408,83788,80489,204,0,0,False,den520d-random-10.scen,460
460,den520d.map,planner,1,94588,80489,408,408,83788,80489,198,0,0,True,den520d-random-10.scen,460
460,den520d.map,planner,1,94588,80489,408,408,83788,80489,190,0,1,False,den520d-random-10.scen,460
460,den520d.map,planner,1,93058,80489,408,408,82631,80489,220,0,1,True,den520d-random-10.scen,460
460,den520d.map,planner,1,94588,80489,408,408,83788,80489,213,0,10,False,den520d-random-10.scen,460
460,den520d.map,planner,1,93602,80489,413,408,82608,80489,245,0,10,True,den520d-random-10.scen,460
460,den520d.map,planner,1,94588,80489,408,408,83788,80489,200,0,100,False,den520d-random-10.scen,460
460,den520d.map,planner,1,93602,80489,413,408,82608,80489,243,0,100,True,den520d-random-10.scen,460
460,den520d.map,planner,1,94588,80489,408,408,83788,80489,221,0,1000,False,den520d-random-10.scen,460
460,den520d.map,planner,1,93602,80489,413,408,82608,80489,250,0,1000,True,den520d-random-10.scen,460
500,den520d.map,planner,1,104550,87669,408,408,91594,87669,213,0,0,False,den520d-random-10.scen,500
500,den520d.map,planner,1,104550,87669,408,408,91594,87669,229,0,0,True,den520d-random-10.scen,500
500,den520d.map,planner,1,104550,87669,408,408,91594,87669,220,0,1,False,den520d-random-10.scen,500
500,den520d.map,planner,1,102182,87669,408,408,90178,87669,247,0,1,True,den520d-random-10.scen,500
500,den520d.map,planner,1,104550,87669,408,408,91594,87669,219,0,10,False,den520d-random-10.scen,500
500,den520d.map,planner,1,101897,87669,409,408,90285,87669,305,0,10,True,den520d-random-10.scen,500
500,den520d.map,planner,1,104550,87669,408,408,91594,87669,214,0,100,False,den520d-random-10.scen,500
500,den520d.map,planner,1,102271,87669,409,408,90305,87669,707,0,100,True,den520d-random-10.scen,500
500,den520d.map,planner,1,104550,87669,408,408,91594,87669,191,0,1000,False,den520d-random-10.scen,500
500,den520d.map,planner,1,102081,87669,409,408,90219,87669,511,0,1000,True,den520d-random-10.scen,500
540,den520d.map,planner,1,114107,94861,408,408,99335,94861,220,0,0,False,den520d-random-10.scen,540
540,den520d.map,planner,1,114107,94861,408,408,99335,94861,213,0,0,True,den520d-random-10.scen,540
540,den520d.map,planner,1,114107,94861,408,408,99335,94861,232,0,1,False,den520d-random-10.scen,540
540,den520d.map,planner,1,112624,94861,410,408,97824,94861,264,0,1,True,den520d-random-10.scen,540
540,den520d.map,planner,1,114107,94861,408,408,99335,94861,225,0,10,False,den520d-random-10.scen,540
540,den520d.map,planner,1,111469,94861,414,408,97714,94861,375,0,10,True,den520d-random-10.scen,540
540,den520d.map,planner,1,114107,94861,408,408,99335,94861,221,0,100,False,den520d-random-10.scen,540
540,den520d.map,planner,1,112408,94861,409,408,97720,94861,326,0,100,True,den520d-random-10.scen,540
540,den520d.map,planner,1,114107,94861,408,408,99335,94861,227,0,1000,False,den520d-random-10.scen,540
540,den520d.map,planner,1,112408,94861,409,408,97720,94861,322,0,1000,True,den520d-random-10.scen,540
580,den520d.map,planner,1,124573,102029,408,408,107311,102029,243,0,0,False,den520d-random-10.scen,580
580,den520d.map,planner,1,124573,102029,408,408,107311,102029,228,0,0,True,den520d-random-10.scen,580
580,den520d.map,planner,1,124573,102029,408,408,107311,102029,243,0,1,False,den520d-random-10.scen,580
580,den520d.map,planner,1,121483,102029,408,408,105660,102029,306,0,1,True,den520d-random-10.scen,580
580,den520d.map,planner,1,124573,102029,408,408,107311,102029,247,0,10,False,den520d-random-10.scen,580
580,den520d.map,planner,1,122057,102029,411,408,105470,102029,518,0,10,True,den520d-random-10.scen,580
580,den520d.map,planner,1,124573,102029,408,408,107311,102029,260,0,100,False,den520d-random-10.scen,580
580,den520d.map,planner,1,121066,102029,410,408,105307,102029,1230,0,100,True,den520d-random-10.scen,580
580,den520d.map,planner,1,124573,102029,408,408,107311,102029,263,0,1000,False,den520d-random-10.scen,580
580,den520d.map,planner,1,122283,102029,408,408,105298,102029,5698,0,1000,True,den520d-random-10.scen,580
620,den520d.map,planner,1,133991,108096,408,408,114480,108096,280,0,0,False,den520d-random-10.scen,620
620,den520d.map,planner,1,133991,108096,408,408,114480,108096,313,0,0,True,den520d-random-10.scen,620
620,den520d.map,planner,1,133991,108096,408,408,114480,108096,289,0,1,False,den520d-random-10.scen,620
620,den520d.map,planner,1,129758,108096,409,408,112127,108096,349,0,1,True,den520d-random-10.scen,620
620,den520d.map,planner,1,133991,108096,408,408,114480,108096,272,0,10,False,den520d-random-10.scen,620
620,den520d.map,planner,1,129569,108096,412,408,111855,108096,562,0,10,True,den520d-random-10.scen,620
620,den520d.map,planner,1,133991,108096,408,408,114480,108096,284,0,100,False,den520d-random-10.scen,620
620,den520d.map,planner,1,129634,108096,410,408,111911,108096,2218,0,100,True,den520d-random-10.scen,620
620,den520d.map,planner,1,133991,108096,408,408,114480,108096,276,0,1000,False,den520d-random-10.scen,620
620,den520d.map,planner,1,130532,108096,411,408,111795,108096,3700,0,1000,True,den520d-random-10.scen,620
660,den520d.map,planner,1,142385,114999,408,408,122007,114999,285,0,0,False,den520d-random-10.scen,660
660,den520d.map,planner,1,142385,114999,408,408,122007,114999,295,0,0,True,den520d-random-10.scen,660
660,den520d.map,planner,1,142385,114999,408,408,122007,114999,292,0,1,False,den520d-random-10.scen,660
660,den520d.map,planner,1,139916,114999,409,408,119732,114999,405,0,1,True,den520d-random-10.scen,660
660,den520d.map,planner,1,142385,114999,408,408,122007,114999,312,0,10,False,den520d-random-10.scen,660
660,den520d.map,planner,1,140110,114999,409,408,119550,114999,844,0,10,True,den520d-random-10.scen,660
660,den520d.map,planner,1,142385,114999,408,408,122007,114999,311,0,100,False,den520d-random-10.scen,660
660,den520d.map,planner,1,137582,114999,408,408,119367,114999,3866,0,100,True,den520d-random-10.scen,660
660,den520d.map,planner,1,142385,114999,408,408,122007,114999,274,0,1000,False,den520d-random-10.scen,660
660,den520d.map,planner,1,139337,114999,409,408,119288,114999,24030,0,1000,True,den520d-random-10.scen,660
700,den520d.map,planner,1,152222,121633,408,408,129199,121633,336,0,0,False,den520d-random-10.scen,700
700,den520d.map,planner,1,152222,121633,408,408,129199,121633,316,0,0,True,den520d-random-10.scen,700
700,den520d.map,planner,1,152222,121633,408,408,129199,121633,342,0,1,False,den520d-random-10.scen,700
700,den520d.map,planner,1,150357,121633,409,408,126996,121633,403,0,1,True,den520d-random-10.scen,700
700,den520d.map,planner,1,152222,121633,408,408,129199,121633,334,0,10,False,den520d-random-10.scen,700
700,den520d.map,planner,1,148166,121633,411,408,126542,121633,951,0,10,True,den520d-random-10.scen,700
700,den520d.map,planner,1,152222,121633,408,408,129199,121633,342,0,100,False,den520d-random-10.scen,700
700,den520d.map,planner,1,149021,121633,410,408,126096,121633,3964,0,100,True,den520d-random-10.scen,700
700,den520d.map,planner,1,152222,121633,408,408,129199,121633,323,0,1000,False,den520d-random-10.scen,700
700,den520d.map,planner,1,147765,121633,409,408,126145,121633,26929,0,1000,True,den520d-random-10.scen,700
740,den520d.map,planner,1,160801,127061,408,408,136069,127061,367,0,0,False,den520d-random-10.scen,740
740,den520d.map,planner,1,160801,127061,408,408,136069,127061,310,0,0,True,den520d-random-10.scen,740
740,den520d.map,planner,1,160801,127061,408,408,136069,127061,308,0,1,False,den520d-random-10.scen,740
740,den520d.map,planner,1,158033,127061,409,408,133114,127061,453,0,1,True,den520d-random-10.scen,740
740,den520d.map,planner,1,160801,127061,408,408,136069,127061,315,0,10,False,den520d-random-10.scen,740
860,den520d.map,planner,1,189495,145111,410,410,156137,145111,388,0,0,False,den520d-random-17.scen,860
860,den520d.map,planner,1,189495,145111,410,410,156137,145111,376,0,0,True,den520d-random-17.scen,860
860,den520d.map,planner,1,189495,145111,410,410,156137,145111,400,0,1,False,den520d-random-17.scen,860
860,den520d.map,planner,1,184218,145111,410,410,152962,145111,529,0,1,True,den520d-random-17.scen,860
860,den520d.map,planner,1,189495,145111,410,410,156137,145111,382,0,10,False,den520d-random-17.scen,860
860,den520d.map,planner,1,184290,145111,410,410,152934,145111,1442,0,10,True,den520d-random-17.scen,860
860,den520d.map,planner,1,189495,145111,410,410,156137,145111,392,0,100,False,den520d-random-17.scen,860
860,den520d.map,planner,1,182624,145111,410,410,152167,145111,9112,0,100,True,den520d-random-17.scen,860
860,den520d.map,planner,1,189495,145111,410,410,156137,145111,373,0,1000,False,den520d-random-17.scen,860
740,den520d.map,planner,1,168660,129980,425,425,139379,129980,343,0,0,False,den520d-random-2.scen,740
740,den520d.map,planner,1,168660,129980,425,425,139379,129980,328,0,0,True,den520d-random-2.scen,740
740,den520d.map,planner,1,168660,129980,425,425,139379,129980,329,0,1,False,den520d-random-2.scen,740
740,den520d.map,planner,1,165344,129980,427,425,136640,129980,469,0,1,True,den520d-random-2.scen,740
740,den520d.map,planner,1,168660,129980,425,425,139379,129980,313,0,10,False,den520d-random-2.scen,740
740,den520d.map,planner,1,160890,129980,426,425,135656,129980,1242,0,10,True,den520d-random-2.scen,740
740,den520d.map,planner,1,168660,129980,425,425,139379,129980,339,0,100,False,den520d-random-2.scen,740
740,den520d.map,planner,1,162945,129980,425,425,135633,129980,6151,0,100,True,den520d-random-2.scen,740
740,den520d.map,planner,1,168660,129980,425,425,139379,129980,334,0,1000,False,den520d-random-2.scen,740
740,den520d.map,planner,1,159729,129980,425,425,135260,129980,54108,0,1000,True,den520d-random-2.scen,740
780,den520d.map,planner,1,179103,136775,427,425,146853,136775,382,0,0,False,den520d-random-2.scen,780
780,den520d.map,planner,1,179103,136775,427,425,146853,136775,390,0,0,True,den520d-random-2.scen,780
780,den520d.map,planner,1,179103,136775,427,425,146853,136775,367,0,1,False,den520d-random-2.scen,780
780,den520d.map,planner,1,173343,136775,425,425,143792,136775,498,0,1,True,den520d-random-2.scen,780
780,den520d.map,planner,1,179103,136775,427,425,146853,136775,333,0,10,False,den520d-random-2.scen,780
780,den520d.map,planner,1,172558,136775,425,425,143474,136775,1332,0,10,True,den520d-random-2.scen,780
780,den520d.map,planner,1,179103,136775,427,425,146853,136775,359,0,100,False,den520d-random-2.scen,780
780,den520d.map,planner,1,171199,136775,425,425,142483,136775,6835,0,100,True,den520d-random-2.scen,780
780,den520d.map,planner,1,179103,136775,427,425,146853,136775,374,0,1000,False,den520d-random-2.scen,780
780,den520d.map,planner,1,171285,136775,425,425,142534,136775,57109,0,1000,True,den520d-random-2.scen,780
820,den520d.map,planner,1,189482,143986,425,425,155352,143986,413,0,0,False,den520d-random-2.scen,820
820,den520d.map,planner,1,189482,143986,425,425,155352,143986,399,0,0,True,den520d-random-2.scen,820
820,den520d.map,planner,1,189482,143986,425,425,155352,143986,371,0,1,False,den520d-random-2.scen,820
820,den520d.map,planner,1,184514,143986,425,425,151848,143986,511,0,1,True,den520d-random-2.scen,820
820,den520d.map,planner,1,189482,143986,425,425,155352,143986,357,0,10,False,den520d-random-2.scen,820
820,den520d.map,planner,1,182496,143986,425,425,151826,143986,1433,0,10,True,den520d-random-2.scen,820
820,den520d.map,planner,1,189482,143986,425,425,155352,143986,390,0,100,False,den520d-random-2.scen,820
820,den520d.map,planner,1,183362,143986,425,425,151033,143986,10067,0,100,True,den520d-random-2.scen,820
820,den520d.map,planner,1,189482,143986,425,425,155352,143986,398,0,1000,False,den520d-random-2.scen,820
740,den520d.map,planner,1,160801,127061,408,408,136069,127061,330,0,0,False,den520d-random-10.scen,740
740,den520d.map,planner,1,160801,127061,408,408,136069,127061,337,0,0,True,den520d-random-10.scen,740
740,den520d.map,planner,1,160801,127061,408,408,136069,127061,318,0,1,False,den520d-random-10.scen,740
740,den520d.map,planner,1,157323,127061,409,408,132917,127061,453,0,1,True,den520d-random-10.scen,740
740,den520d.map,planner,1,160801,127061,408,408,136069,127061,321,0,10,False,den520d-random-10.scen,740
740,den520d.map,planner,1,156052,127061,409,408,132428,127061,1014,0,10,True,den520d-random-10.scen,740
740,den520d.map,planner,1,160801,127061,408,408,136069,127061,316,0,100,False,den520d-random-10.scen,740
740,den520d.map,planner,1,154748,127061,412,408,131784,127061,4321,0,100,True,den520d-random-10.scen,740
740,den520d.map,planner,1,160801,127061,408,408,136069,127061,342,0,1000,False,den520d-random-10.scen,740
740,den520d.map,planner,1,156007,127061,409,408,131939,127061,45828,0,1000,True,den520d-random-10.scen,740
780,den520d.map,planner,1,172423,133415,408,408,143128,133415,376,0,0,False,den520d-random-10.scen,780
780,den520d.map,planner,1,172423,133415,408,408,143128,133415,333,0,0,True,den520d-random-10.scen,780
780,den520d.map,planner,1,172423,133415,408,408,143128,133415,344,0,1,False,den520d-random-10.scen,780
780,den520d.map,planner,1,166680,133415,409,408,140267,133415,491,0,1,True,den520d-random-10.scen,780
780,den520d.map,planner,1,172423,133415,408,408,143128,133415,371,0,10,False,den520d-random-10.scen,780
780,den520d.map,planner,1,166025,133415,409,408,140033,133415,1425,0,10,True,den520d-random-10.scen,780
780,den520d.map,planner,1,172423,133415,408,408,143128,133415,352,0,100,False,den520d-random-10.scen,780
780,den520d.map,planner,1,164373,133415,409,408,139450,133415,8486,0,100,True,den520d-random-10.scen,780
780,den520d.map,planner,1,172423,133415,408,408,143128,133415,336,0,1000,False,den520d-random-10.scen,780
780,den520d.map,planner,1,164799,133415,414,408,139019,133415,53915,0,1000,True,den520d-random-10.scen,780
820,den520d.map,planner,1,182528,140022,408,408,150485,140022,349,0,0,False,den520d-random-10.scen,820
820,den520d.map,planner,1,182528,140022,408,408,150485,140022,380,0,0,True,den520d-random-10.scen,820
820,den520d.map,planner,1,182528,140022,408,408,150485,140022,363,0,1,False,den520d-random-10.scen,820
820,den520d.map,planner,1,176990,140022,410,408,147935,140022,520,0,1,True,den520d-random-10.scen,820
820,den520d.map,planner,1,182528,140022,408,408,150485,140022,350,0,10,False,den520d-random-10.scen,820
820,den520d.map,planner,1,175819,140022,418,408,146804,140022,1359,0,10,True,den520d-random-10.scen,820
820,den520d.map,planner,1,182528,140022,408,408,150485,140022,346,0,100,False,den520d-random-10.scen,820
820,den520d.map,planner,1,175371,140022,413,408,146482,140022,8358,0,100,True,den520d-random-10.scen,820
820,den520d.map,planner,1,182528,140022,408,408,150485,140022,398,0,1000,False,den520d-random-10.scen,820
820,den520d.map,planner,1,173871,140022,419,408,146041,140022,57458,0,1000,True,den520d-random-10.scen,820
20,den520d.map,planner,1,3183,3032,271,271,3045,3032,9,0,0,False,den520d-random-13.scen,20
20,den520d.map,planner,1,3183,3032,271,271,3045,3032,6,0,0,True,den520d-random-13.scen,20
20,den520d.map,planner,1,3183,3032,271,271,3045,3032,6,0,1,False,den520d-random-13.scen,20
20,den520d.map,planner,1,3183,3032,271,271,3045,3032,7,0,1,True,den520d-random-13.scen,20
20,den520d.map,planner,1,3183,3032,271,271,3045,3032,6,0,10,False,den520d-random-13.scen,20
20,den520d.map,planner,1,3183,3032,271,271,3045,3032,7,0,10,True,den520d-random-13.scen,20
20,den520d.map,planner,1,3183,3032,271,271,3045,3032,6,0,100,False,den520d-random-13.scen,20
20,den520d.map,planner,1,3183,3032,271,271,3045,3032,6,0,100,True,den520d-random-13.scen,20
20,den520d.map,planner,1,3183,3032,271,271,3045,3032,6,0,1000,False,den520d-random-13.scen,20
20,den520d.map,planner,1,3183,3032,271,271,3045,3032,6,0,1000,True,den520d-random-13.scen,20
60,den520d.map,planner,1,9964,9342,382,382,9411,9342,23,0,0,False,den520d-random-13.scen,60
60,den520d.map,planner,1,9964,9342,382,382,9411,9342,19,0,0,True,den520d-random-13.scen,60
60,den520d.map,planner,1,9964,9342,382,382,9411,9342,21,0,1,False,den520d-random-13.scen,60
60,den520d.map,planner,1,9964,9342,382,382,9411,9342,25,0,1,True,den520d-random-13.scen,60
60,den520d.map,planner,1,9964,9342,382,382,9411,9342,23,0,10,False,den520d-random-13.scen,60
60,den520d.map,planner,1,9964,9342,382,382,9411,9342,24,0,10,True,den520d-random-13.scen,60
60,den520d.map,planner,1,9964,9342,382,382,9411,9342,21,0,100,False,den520d-random-13.scen,60
60,den520d.map,planner,1,9964,9342,382,382,9411,9342,20,0,100,True,den520d-random-13.scen,60
60,den520d.map,planner,1,9964,9342,382,382,9411,9342,21,0,1000,False,den520d-random-13.scen,60
60,den520d.map,planner,1,9964,9342,382,382,9411,9342,20,0,1000,True,den520d-random-13.scen,60
100,den520d.map,planner,1,18369,16853,417,417,16998,16853,36,0,0,False,den520d-random-13.scen,100
100,den520d.map,planner,1,18369,16853,417,417,16998,16853,43,0,0,True,den520d-random-13.scen,100
100,den520d.map,planner,1,18369,16853,417,417,16998,16853,38,0,1,False,den520d-random-13.scen,100
100,den520d.map,planner,1,18266,16853,417,417,17001,16853,39,0,1,True,den520d-random-13.scen,100
100,den520d.map,planner,1,18369,16853,417,417,16998,16853,39,0,10,False,den520d-random-13.scen,100
100,den520d.map,planner,1,18266,16853,417,417,17001,16853,39,0,10,True,den520d-random-13.scen,100
100,den520d.map,planner,1,18369,16853,417,417,16998,16853,40,0,100,False,den520d-random-13.scen,100
100,den520d.map,planner,1,18266,16853,417,417,17001,16853,36,0,100,True,den520d-random-13.scen,100
100,den520d.map,planner,1,18369,16853,417,417,16998,16853,38,0,1000,False,den520d-random-13.scen,100
100,den520d.map,planner,1,18266,16853,417,417,17001,16853,41,0,1000,True,den520d-random-13.scen,100
140,den520d.map,planner,1,27245,24028,417,417,24355,24028,55,0,0,False,den520d-random-13.scen,140
140,den520d.map,planner,1,27245,24028,417,417,24355,24028,51,0,0,True,den520d-random-13.scen,140
140,den520d.map,planner,1,27245,24028,417,417,24355,24028,50,0,1,False,den520d-random-13.scen,140
140,den520d.map,planner,1,26921,24028,417,417,24314,24028,58,0,1,True,den520d-random-13.scen,140
140,den520d.map,planner,1,27245,24028,417,417,24355,24028,61,0,10,False,den520d-random-13.scen,140
140,den520d.map,planner,1,26921,24028,417,417,24314,24028,55,0,10,True,den520d-random-13.scen,140
140,den520d.map,planner,1,27245,24028,417,417,24355,24028,52,0,100,False,den520d-random-13.scen,140
140,den520d.map,planner,1,26921,24028,417,417,24314,24028,64,0,100,True,den520d-random-13.scen,140
140,den520d.map,planner,1,27245,24028,417,417,24355,24028,61,0,1000,False,den520d-random-13.scen,140
140,den520d.map,planner,1,26921,24028,417,417,24314,24028,61,0,1000,True,den520d-random-13.scen,140
180,den520d.map,planner,1,35122,30652,417,417,31227,30652,68,0,0,False,den520d-random-13.scen,180
180,den520d.map,planner,1,35122,30652,417,417,31227,30652,82,0,0,True,den520d-random-13.scen,180
180,den520d.map,planner,1,35122,30652,417,417,31227,30652,68,0,1,False,den520d-random-13.scen,180
180,den520d.map,planner,1,35239,30652,417,417,31196,30652,67,0,1,True,den520d-random-13.scen,180
180,den520d.map,planner,1,35122,30652,417,417,31227,30652,71,0,10,False,den520d-random-13.scen,180
180,den520d.map,planner,1,35239,30652,417,417,31196,30652,72,0,10,True,den520d-random-13.scen,180
180,den520d.map,planner,1,35122,30652,417,417,31227,30652,67,0,100,False,den520d-random-13.scen,180
180,den520d.map,planner,1,35239,30652,417,417,31196,30652,74,0,100,True,den520d-random-13.scen,180
180,den520d.map,planner,1,35122,30652,417,417,31227,30652,67,0,1000,False,den520d-random-13.scen,180
180,den520d.map,planner,1,35239,30652,417,417,31196,30652,75,0,1000,True,den520d-random-13.scen,180
220,den520d.map,planner,1,42438,37451,417,417,38325,37451,91,0,0,False,den520d-random-13.scen,220
220,den520d.map,planner,1,42438,37451,417,417,38325,37451,87,0,0,True,den520d-random-13.scen,220
220,den520d.map,planner,1,42438,37451,417,417,38325,37451,84,0,1,False,den520d-random-13.scen,220
220,den520d.map,planner,1,42048,37451,417,417,38188,37451,84,0,1,True,den520d-random-13.scen,220
220,den520d.map,planner,1,42438,37451,417,417,38325,37451,98,0,10,False,den520d-random-13.scen,220
220,den520d.map,planner,1,42048,37451,417,417,38188,37451,90,0,10,True,den520d-random-13.scen,220
220,den520d.map,planner,1,42438,37451,417,417,38325,37451,98,0,100,False,den520d-random-13.scen,220
220,den520d.map,planner,1,42048,37451,417,417,38188,37451,84,0,100,True,den520d-random-13.scen,220
220,den520d.map,planner,1,42438,37451,417,417,38325,37451,88,0,1000,False,den520d-random-13.scen,220
220,den520d.map,planner,1,42048,37451,417,417,38188,37451,90,0,1000,True,den520d-random-13.scen,220
260,den520d.map,planner,1,51618,44343,417,417,45370,44343,104,0,0,False,den520d-random-13.scen,260
260,den520d.map,planner,1,51618,44343,417,417,45370,44343,115,0,0,True,den520d-random-13.scen,260
260,den520d.map,planner,1,51618,44343,417,417,45370,44343,125,0,1,False,den520d-random-13.scen,260
260,den520d.map,planner,1,50406,44343,417,417,45213,44343,118,0,1,True,den520d-random-13.scen,260
260,den520d.map,planner,1,51618,44343,417,417,45370,44343,116,0,10,False,den520d-random-13.scen,260
260,den520d.map,planner,1,50406,44343,417,417,45213,44343,107,0,10,True,den520d-random-13.scen,260
260,den520d.map,planner,1,51618,44343,417,417,45370,44343,120,0,100,False,den520d-random-13.scen,260
260,den520d.map,planner,1,50406,44343,417,417,45213,44343,120,0,100,True,den520d-random-13.scen,260
260,den520d.map,planner,1,51618,44343,417,417,45370,44343,123,0,1000,False,den520d-random-13.scen,260
260,den520d.map,planner,1,50406,44343,417,417,45213,44343,113,0,1000,True,den520d-random-13.scen,260
300,den520d.map,planner,1,59538,50936,417,417,52263,50936,130,0,0,False,den520d-random-13.scen,300
300,den520d.map,planner,1,59538,50936,417,417,52263,50936,119,0,0,True,den520d-random-13.scen,300
300,den520d.map,planner,1,59538,50936,417,417,52263,50936,123,0,1,False,den520d-random-13.scen,300
300,den520d.map,planner,1,58988,50936,417,417,52122,50936,126,0,1,True,den520d-random-13.scen,300
300,den520d.map,planner,1,59538,50936,417,417,52263,50936,127,0,10,False,den520d-random-13.scen,300
300,den520d.map,planner,1,58988,50936,417,417,52122,50936,125,0,10,True,den520d-random-13.scen,300
300,den520d.map,planner,1,59538,50936,417,417,52263,50936,121,0,100,False,den520d-random-13.scen,300
300,den520d.map,planner,1,58988,50936,417,417,52122,50936,124,0,100,True,den520d-random-13.scen,300
300,den520d.map,planner,1,59538,50936,417,417,52263,50936,118,0,1000,False,den520d-random-13.scen,300
300,den520d.map,planner,1,58988,50936,417,417,52122,50936,132,0,1000,True,den520d-random-13.scen,300
340,den520d.map,planner,1,69491,58077,417,417,59803,58077,146,0,0,False,den520d-random-13.scen,340
340,den520d.map,planner,1,69491,58077,417,417,59803,58077,129,0,0,True,den520d-random-13.scen,340
340,den520d.map,planner,1,69491,58077,417,417,59803,58077,140,0,1,False,den520d-random-13.scen,340
340,den520d.map,planner,1,68461,58077,417,417,59563,58077,147,0,1,True,den520d-random-13.scen,340
340,den520d.map,planner,1,69491,58077,417,417,59803,58077,141,0,10,False,den520d-random-13.scen,340
340,den520d.map,planner,1,67967,58077,417,417,59489,58077,160,0,10,True,den520d-random-13.scen,340
340,den520d.map,planner,1,69491,58077,417,417,59803,58077,136,0,100,False,den520d-random-13.scen,340
340,den520d.map,planner,1,67967,58077,417,417,59489,58077,139,0,100,True,den520d-random-13.scen,340
340,den520d.map,planner,1,69491,58077,417,417,59803,58077,140,0,1000,False,den520d-random-13.scen,340
340,den520d.map,planner,1,67967,58077,417,417,59489,58077,164,0,1000,True,den520d-random-13.scen,340
380,den520d.map,planner,1,77718,64393,417,417,66496,64393,157,0,0,False,den520d-random-13.scen,380
380,den520d.map,planner,1,77718,64393,417,417,66496,64393,158,0,0,True,den520d-random-13.scen,380
380,den520d.map,planner,1,77718,64393,417,417,66496,64393,157,0,1,False,den520d-random-13.scen,380
380,den520d.map,planner,1,77416,64393,417,417,66120,64393,173,0,1,True,den520d-random-13.scen,380
380,den520d.map,planner,1,77718,64393,417,417,66496,64393,171,0,10,False,den520d-random-13.scen,380
380,den520d.map,planner,1,77416,64393,417,417,66120,64393,170,0,10,True,den520d-random-13.scen,380
380,den520d.map,planner,1,77718,64393,417,417,66496,64393,176,0,100,False,den520d-random-13.scen,380
380,den520d.map,planner,1,77416,64393,417,417,66120,64393,166,0,100,True,den520d-random-13.scen,380
380,den520d.map,planner,1,77718,64393,417,417,66496,64393,178,0,1000,False,den520d-random-13.scen,380
380,den520d.map,planner,1,77416,64393,417,417,66120,64393,161,0,1000,True,den520d-random-13.scen,380
420,den520d.map,planner,1,87957,72129,417,417,74814,72129,181,0,0,False,den520d-random-13.scen,420
420,den520d.map,planner,1,87957,72129,417,417,74814,72129,194,0,0,True,den520d-random-13.scen,420
420,den520d.map,planner,1,87957,72129,417,417,74814,72129,203,0,1,False,den520d-random-13.scen,420
420,den520d.map,planner,1,87130,72129,417,417,74060,72129,186,0,1,True,den520d-random-13.scen,420
420,den520d.map,planner,1,87957,72129,417,417,74814,72129,192,0,10,False,den520d-random-13.scen,420
420,den520d.map,planner,1,87130,72129,417,417,74060,72129,184,0,10,True,den520d-random-13.scen,420
420,den520d.map,planner,1,87957,72129,417,417,74814,72129,177,0,100,False,den520d-random-13.scen,420
420,den520d.map,planner,1,87130,72129,417,417,74060,72129,177,0,100,True,den520d-random-13.scen,420
420,den520d.map,planner,1,87957,72129,417,417,74814,72129,193,0,1000,False,den520d-random-13.scen,420
420,den520d.map,planner,1,87130,72129,417,417,74060,72129,185,0,1000,True,den520d-random-13.scen,420
460,den520d.map,planner,1,95751,78811,417,417,82161,78811,217,0,0,False,den520d-random-13.scen,460
460,den520d.map,planner,1,95751,78811,417,417,82161,78811,193,0,0,True,den520d-random-13.scen,460
460,den520d.map,planner,1,95751,78811,417,417,82161,78811,193,0,1,False,den520d-random-13.scen,460
460,den520d.map,planner,1,94935,78811,417,417,81199,78811,213,0,1,True,den520d-random-13.scen,460
460,den520d.map,planner,1,95751,78811,417,417,82161,78811,193,0,10,False,den520d-random-13.scen,460
460,den520d.map,planner,1,94078,78811,417,417,81245,78811,226,0,10,True,den520d-random-13.scen,460
460,den520d.map,planner,1,95751,78811,417,417,82161,78811,188,0,100,False,den520d-random-13.scen,460
460,den520d.map,planner,1,94078,78811,417,417,81245,78811,216,0,100,True,den520d-random-13.scen,460
460,den520d.map,planner,1,95751,78811,417,417,82161,78811,192,0,1000,False,den520d-random-13.scen,460
460,den520d.map,planner,1,94078,78811,417,417,81245,78811,200,0,1000,True,den520d-random-13.scen,460
500,den520d.map,planner,1,106254,86242,417,417,89983,86242,224,0,0,False,den520d-random-13.scen,500
500,den520d.map,planner,1,106254,86242,417,417,89983,86242,206,0,0,True,den520d-random-13.scen,500
500,den520d.map,planner,1,106254,86242,417,417,89983,86242,216,0,1,False,den520d-random-13.scen,500
500,den520d.map,planner,1,104762,86242,417,417,88962,86242,235,0,1,True,den520d-random-13.scen,500
500,den520d.map,planner,1,106254,86242,417,417,89983,86242,237,0,10,False,den520d-random-13.scen,500
500,den520d.map,planner,1,103625,86242,417,417,88979,86242,270,0,10,True,den520d-random-13.scen,500
500,den520d.map,planner,1,106254,86242,417,417,89983,86242,211,0,100,False,den520d-random-13.scen,500
500,den520d.map,planner,1,103625,86242,417,417,88979,86242,264,0,100,True,den520d-random-13.scen,500
500,den520d.map,planner,1,106254,86242,417,417,89983,86242,239,0,1000,False,den520d-random-13.scen,500
500,den520d.map,planner,1,103625,86242,417,417,88979,86242,248,0,1000,True,den520d-random-13.scen,500
540,den520d.map,planner,1,115993,93471,417,417,97961,93471,253,0,0,False,den520d-random-13.scen,540
540,den520d.map,planner,1,115993,93471,417,417,97961,93471,251,0,0,True,den520d-random-13.scen,540
540,den520d.map,planner,1,115993,93471,417,417,97961,93471,254,0,1,False,den520d-random-13.scen,540
540,den520d.map,planner,1,113311,93471,417,417,96516,93471,249,0,1,True,den520d-random-13.scen,540
540,den520d.map,planner,1,115993,93471,417,417,97961,93471,250,0,10,False,den520d-random-13.scen,540
540,den520d.map,planner,1,113311,93471,417,417,96516,93471,260,0,10,True,den520d-random-13.scen,540
540,den520d.map,planner,1,115993,93471,417,417,97961,93471,262,0,100,False,den520d-random-13.scen,540
540,den520d.map,planner,1,113311,93471,417,417,96516,93471,258,0,100,True,den520d-random-13.scen,540
540,den520d.map,planner,1,115993,93471,417,417,97961,93471,224,0,1000,False,den520d-random-13.scen,540
540,den520d.map,planner,1,113311,93471,417,417,96516,93471,261,0,1000,True,den520d-random-13.scen,540
580,den520d.map,planner,1,124127,99810,417,417,104822,99810,282,0,0,False,den520d-random-13.scen,580
580,den520d.map,planner,1,124127,99810,417,417,104822,99810,253,0,0,True,den520d-random-13.scen,580
580,den520d.map,planner,1,124127,99810,417,417,104822,99810,264,0,1,False,den520d-random-13.scen,580
580,den520d.map,planner,1,123363,99810,419,417,103199,99810,300,0,1,True,den520d-random-13.scen,580
580,den520d.map,planner,1,124127,99810,417,417,104822,99810,249,0,10,False,den520d-random-13.scen,580
580,den520d.map,planner,1,122492,99810,417,417,103263,99810,424,0,10,True,den520d-random-13.scen,580
580,den520d.map,planner,1,124127,99810,417,417,104822,99810,250,0,100,False,den520d-random-13.scen,580
580,den520d.map,planner,1,123270,99810,417,417,103291,99810,510,0,100,True,den520d-random-13.scen,580
580,den520d.map,planner,1,124127,99810,417,417,104822,99810,273,0,1000,False,den520d-random-13.scen,580
580,den520d.map,planner,1,123270,99810,417,417,103291,99810,558,0,1000,True,den520d-random-13.scen,580
620,den520d.map,planner,1,135531,105961,417,417,111932,105961,266,0,0,False,den520d-random-13.scen,620
620,den520d.map,planner,1,135531,105961,417,417,111932,105961,289,0,0,True,den520d-random-13.scen,620
620,den520d.map,planner,1,135531,105961,417,417,111932,105961,277,0,1,False,den520d-random-13.scen,620
620,den520d.map,planner,1,130985,105961,418,417,109829,105961,342,0,1,True,den520d-random-13.scen,620
620,den520d.map,planner,1,135531,105961,417,417,111932,105961,290,0,10,False,den520d-random-13.scen,620
620,den520d.map,planner,1,131386,105961,425,417,109791,105961,575,0,10,True,den520d-random-13.scen,620
620,den520d.map,planner,1,135531,105961,417,417,111932,105961,264,0,100,False,den520d-random-13.scen,620
620,den520d.map,planner,1,129691,105961,426,417,109698,105961,931,0,100,True,den520d-random-13.scen,620
620,den520d.map,planner,1,135531,105961,417,417,111932,105961,264,0,1000,False,den520d-random-13.scen,620
620,den520d.map,planner,1,130258,105961,417,417,109715,105961,4536,0,1000,True,den520d-random-13.scen,620
660,den520d.map,planner,1,144615,113162,425,425,119634,113162,294,0,0,False,den520d-random-13.scen,660
660,den520d.map,planner,1,144615,113162,425,425,119634,113162,310,0,0,True,den520d-random-13.scen,660
660,den520d.map,planner,1,144615,113162,425,425,119634,113162,328,0,1,False,den520d-random-13.scen,660
660,den520d.map,planner,1,141121,113162,426,425,117468,113162,365,0,1,True,den520d-random-13.scen,660
660,den520d.map,planner,1,144615,113162,425,425,119634,113162,289,0,10,False,den520d-random-13.scen,660
660,den520d.map,planner,1,140652,113162,426,425,117418,113162,711,0,10,True,den520d-random-13.scen,660
660,den520d.map,planner,1,144615,113162,425,425,119634,113162,308,0,100,False,den520d-random-13.scen,660
660,den520d.map,planner,1,139938,113162,427,425,117171,113162,626,0,100,True,den520d-random-13.scen,660
660,den520d.map,planner,1,144615,113162,425,425,119634,113162,284,0,1000,False,den520d-random-13.scen,660
660,den520d.map,planner,1,138522,113162,426,425,117052,113162,1099,0,1000,True,den520d-random-13.scen,660
700,den520d.map,planner,1,153558,119211,425,425,127074,119211,298,0,0,False,den520d-random-13.scen,700
700,den520d.map,planner,1,153558,119211,425,425,127074,119211,332,0,0,True,den520d-random-13.scen,700
700,den520d.map,planner,1,153558,119211,425,425,127074,119211,327,0,1,False,den520d-random-13.scen,700
700,den520d.map,planner,1,150757,119211,426,425,124072,119211,391,0,1,True,den520d-random-13.scen,700
700,den520d.map,planner,1,153558,119211,425,425,127074,119211,320,0,10,False,den520d-random-13.scen,700
700,den520d.map,planner,1,150386,119211,426,425,124012,119211,569,0,10,True,den520d-random-13.scen,700
700,den520d.map,planner,1,153558,119211,425,425,127074,119211,334,0,100,False,den520d-random-13.scen,700
700,den520d.map,planner,1,149377,119211,429,425,123980,119211,2454,0,100,True,den520d-random-13.scen,700
700,den520d.map,planner,1,153558,119211,425,425,127074,119211,326,0,1000,False,den520d-random-13.scen,700
700,den520d.map,planner,1,149702,119211,427,425,123879,119211,2898,0,1000,True,den520d-random-13.scen,700
740,den520d.map,planner,1,165034,126692,425,425,135485,126692,322,0,0,False,den520d-random-13.scen,740
740,den520d.map,planner,1,165034,126692,425,425,135485,126692,325,0,0,True,den520d-random-13.scen,740
740,den520d.map,planner,1,165034,126692,425,425,135485,126692,376,0,1,False,den520d-random-13.scen,740
740,den520d.map,planner,1,162924,126692,425,425,132417,126692,444,0,1,True,den520d-random-13.scen,740
740,den520d.map,planner,1,165034,126692,425,425,135485,126692,359,0,10,False,den520d-random-13.scen,740
740,den520d.map,planner,1,160071,126692,428,425,131967,126692,979,0,10,True,den520d-random-13.scen,740
740,den520d.map,planner,1,165034,126692,425,425,135485,126692,316,0,100,False,den520d-random-13.scen,740
740,den520d.map,planner,1,159761,126692,427,425,131677,126692,3449,0,100,True,den520d-random-13.scen,740
740,den520d.map,planner,1,165034,126692,425,425,135485,126692,333,0,1000,False,den520d-random-13.scen,740
740,den520d.map,planner,1,159401,126692,428,425,131655,126692,5502,0,1000,True,den520d-random-13.scen,740
780,den520d.map,planner,1,176729,133518,425,425,143165,133518,384,0,0,False,den520d-random-13.scen,780
780,den520d.map,planner,1,176729,133518,425,425,143165,133518,378,0,0,True,den520d-random-13.scen,780
780,den520d.map,planner,1,176729,133518,425,425,143165,133518,379,0,1,False,den520d-random-13.scen,780
780,den520d.map,planner,1,176729,133518,425,425,143165,133518,374,0,1,True,den520d-random-13.scen,780
780,den520d.map,planner,1,176729,133518,425,425,143165,133518,375,0,10,False,den520d-random-13.scen,780
780,den520d.map,planner,1,176729,133518,425,425,143165,133518,392,0,10,True,den520d-random-13.scen,780
780,den520d.map,planner,1,176729,133518,425,425,143165,133518,382,0,100,False,den520d-random-13.scen,780
780,den520d.map,planner,1,176729,133518,425,425,143165,133518,386,0,100,True,den520d-random-13.scen,780
780,den520d.map,planner,1,176729,133518,425,425,143165,133518,381,0,1000,False,den520d-random-13.scen,780
780,den520d.map,planner,1,176729,133518,425,425,143165,133518,367,0,1000,True,den520d-random-13.scen,780
820,den520d.map,planner,1,185939,140344,425,425,150628,140344,392,0,0,False,den520d-random-13.scen,820
820,den520d.map,planner,1,185939,140344,425,425,150628,140344,417,0,0,True,den520d-random-13.scen,820
820,den520d.map,planner,1,185939,140344,425,425,150628,140344,403,0,1,False,den520d-random-13.scen,820
820,den520d.map,planner,1,185939,140344,425,425,150628,140344,396,0,1,True,den520d-random-13.scen,820
820,den520d.map,planner,1,185939,140344,425,425,150628,140344,402,0,10,False,den520d-random-13.scen,820
820,den520d.map,planner,1,185939,140344,425,425,150628,140344,399,0,10,True,den520d-random-13.scen,820
820,den520d.map,planner,1,185939,140344,425,425,150628,140344,381,0,100,False,den520d-random-13.scen,820
820,den520d.map,planner,1,185939,140344,425,425,150628,140344,403,0,100,True,den520d-random-13.scen,820
820,den520d.map,planner,1,185939,140344,425,425,150628,140344,414,0,1000,False,den520d-random-13.scen,820
820,den520d.map,planner,1,185939,140344,425,425,150628,140344,401,0,1000,True,den520d-random-13.scen,820
20,den520d.map,planner,1,3690,3614,433,433,3618,3614,7,0,0,False,den520d-random-12.scen,20
20,den520d.map,planner,1,3690,3614,433,433,3618,3614,7,0,0,True,den520d-random-12.scen,20
20,den520d.map,planner,1,3690,3614,433,433,3618,3614,7,0,1,False,den520d-random-12.scen,20
20,den520d.map,planner,1,3690,3614,433,433,3618,3614,7,0,1,True,den520d-random-12.scen,20
20,den520d.map,planner,1,3690,3614,433,433,3618,3614,8,0,10,False,den520d-random-12.scen,20
20,den520d.map,planner,1,3690,3614,433,433,3618,3614,8,0,10,True,den520d-random-12.scen,20
20,den520d.map,planner,1,3690,3614,433,433,3618,3614,7,0,100,False,den520d-random-12.scen,20
20,den520d.map,planner,1,3690,3614,433,433,3618,3614,7,0,100,True,den520d-random-12.scen,20
20,den520d.map,planner,1,3690,3614,433,433,3618,3614,7,0,1000,False,den520d-random-12.scen,20
20,den520d.map,planner,1,3690,3614,433,433,3618,3614,7,0,1000,True,den520d-random-12.scen,20
60,den520d.map,planner,1,10774,10611,433,433,10674,10611,20,0,0,False,den520d-random-12.scen,60
60,den520d.map,planner,1,10774,10611,433,433,10674,10611,20,0,0,True,den520d-random-12.scen,60
60,den520d.map,planner,1,10774,10611,433,433,10674,10611,26,0,1,False,den520d-random-12.scen,60
60,den520d.map,planner,1,10774,10611,433,433,10674,10611,23,0,1,True,den520d-random-12.scen,60
60,den520d.map,planner,1,10774,10611,433,433,10674,10611,26,0,10,False,den520d-random-12.scen,60
60,den520d.map,planner,1,10774,10611,433,433,10674,10611,20,0,10,True,den520d-random-12.scen,60
60,den520d.map,planner,1,10774,10611,433,433,10674,10611,26,0,100,False,den520d-random-12.scen,60
60,den520d.map,planner,1,10774,10611,433,433,10674,10611,21,0,100,True,den520d-random-12.scen,60
60,den520d.map,planner,1,10774,10611,433,433,10674,10611,23,0,1000,False,den520d-random-12.scen,60
60,den520d.map,planner,1,10774,10611,433,433,10674,10611,26,0,1000,True,den520d-random-12.scen,60
100,den520d.map,planner,1,18619,17605,433,433,17828,17605,39,0,0,False,den520d-random-12.scen,100
100,den520d.map,planner,1,18619,17605,433,433,17828,17605,42,0,0,True,den520d-random-12.scen,100
100,den520d.map,planner,1,18619,17605,433,433,17828,17605,41,0,1,False,den520d-random-12.scen,100
100,den520d.map,planner,1,18619,17605,433,433,17828,17605,42,0,1,True,den520d-random-12.scen,100
100,den520d.map,planner,1,18619,17605,433,433,17828,17605,34,0,10,False,den520d-random-12.scen,100
100,den520d.map,planner,1,18619,17605,433,433,17828,17605,35,0,10,True,den520d-random-12.scen,100
100,den520d.map,planner,1,18619,17605,433,433,17828,17605,42,0,100,False,den520d-random-12.scen,100
100,den520d.map,planner,1,18619,17605,433,433,17828,17605,42,0,100,True,den520d-random-12.scen,100
100,den520d.map,planner,1,18619,17605,433,433,17828,17605,38,0,1000,False,den520d-random-12.scen,100
100,den520d.map,planner,1,18619,17605,433,433,17828,17605,34,0,1000,True,den520d-random-12.scen,100
140,den520d.map,planner,1,26344,24506,433,433,24909,24506,54,0,0,False,den520d-random-12.scen,140
140,den520d.map,planner,1,26344,24506,433,433,24909,24506,54,0,0,True,den520d-random-12.scen,140
140,den520d.map,planner,1,26344,24506,433,433,24909,24506,57,0,1,False,den520d-random-12.scen,140
140,den520d.map,planner,1,26344,24506,433,433,24909,24506,59,0,1,True,den520d-random-12.scen,140
140,den520d.map,planner,1,26344,24506,433,433,24909,24506,56,0,10,False,den520d-random-12.scen,140
140,den520d.map,planner,1,26344,24506,433,433,24909,24506,58,0,10,True,den520d-random-12.scen,140
140,den520d.map,planner,1,26344,24506,433,433,24909,24506,61,0,100,False,den520d-random-12.scen,140
140,den520d.map,planner,1,26344,24506,433,433,24909,24506,59,0,100,True,den520d-random-12.scen,140
140,den520d.map,planner,1,26344,24506,433,433,24909,24506,61,0,1000,False,den520d-random-12.scen,140
140,den520d.map,planner,1,26344,24506,433,433,24909,24506,53,0,1000,True,den520d-random-12.scen,140
180,den520d.map,planner,1,34632,30811,433,433,31452,30811,75,0,0,False,den520d-random-12.scen,180
180,den520d.map,planner,1,34632,30811,433,433,31452,30811,79,0,0,True,den520d-random-12.scen,180
180,den520d.map,planner,1,34632,30811,433,433,31452,30811,78,0,1,False,den520d-random-12.scen,180
180,den520d.map,planner,1,34632,30811,433,433,31452,30811,76,0,1,True,den520d-random-12.scen,180
180,den520d.map,planner,1,34632,30811,433,433,31452,30811,78,0,10,False,den520d-random-12.scen,180
180,den520d.map,planner,1,34632,30811,433,433,31452,30811,75,0,10,True,den520d-random-12.scen,180
180,den520d.map,planner,1,34632,30811,433,433,31452,30811,75,0,100,False,den520d-random-12.scen,180
180,den520d.map,planner,1,34632,30811,433,433,31452,30811,77,0,100,True,den520d-random-12.scen,180
180,den520d.map,planner,1,34632,30811,433,433,31452,30811,61,0,1000,False,den520d-random-12.scen,180
180,den520d.map,planner,1,34632,30811,433,433,31452,30811,76,0,1000,True,den520d-random-12.scen,180
220,den520d.map,planner,1,43485,37497,433,433,38400,37497,91,0,0,False,den520d-random-12.scen,220
220,den520d.map,planner,1,43485,37497,433,433,38400,37497,95,0,0,True,den520d-random-12.scen,220
220,den520d.map,planner,1,43485,37497,433,433,38400,37497,97,0,1,False,den520d-random-12.scen,220
220,den520d.map,planner,1,43485,37497,433,433,38400,37497,95,0,1,True,den520d-random-12.scen,220
220,den520d.map,planner,1,43485,37497,433,433,38400,37497,90,0,10,False,den520d-random-12.scen,220
220,den520d.map,planner,1,43485,37497,433,433,38400,37497,96,0,10,True,den520d-random-12.scen,220
220,den520d.map,planner,1,43485,37497,433,433,38400,37497,93,0,100,False,den520d-random-12.scen,220
220,den520d.map,planner,1,43485,37497,433,433,38400,37497,97,0,100,True,den520d-random-12.scen,220
220,den520d.map,planner,1,43485,37497,433,433,38400,37497,96,0,1000,False,den520d-random-12.scen,220
220,den520d.map,planner,1,43485,37497,433,433,38400,37497,96,0,1000,True,den520d-random-12.scen,220
260,den520d.map,planner,1,51010,44265,433,433,45531,44265,113,0,0,False,den520d-random-12.scen,260
260,den520d.map,planner,1,51010,44265,433,433,45531,44265,104,0,0,True,den520d-random-12.scen,260
260,den520d.map,planner,1,51010,44265,433,433,45531,44265,117,0,1,False,den520d-random-12.scen,260
260,den520d.map,planner,1,51010,44265,433,433,45531,44265,115,0,1,True,den520d-random-12.scen,260
260,den520d.map,planner,1,51010,44265,433,433,45531,44265,119,0,10,False,den520d-random-12.scen,260
260,den520d.map,planner,1,51010,44265,433,433,45531,44265,110,0,10,True,den520d-random-12.scen,260
260,den520d.map,planner,1,51010,44265,433,433,45531,44265,114,0,100,False,den520d-random-12.scen,260
260,den520d.map,planner,1,51010,44265,433,433,45531,44265,115,0,100,True,den520d-random-12.scen,260
260,den520d.map,planner,1,51010,44265,433,433,45531,44265,115,0,1000,False,den520d-random-12.scen,260
260,den520d.map,planner,1,51010,44265,433,433,45531,44265,115,0,1000,True,den520d-random-12.scen,260
300,den520d.map,planner,1,60482,51534,433,433,53127,51534,134,0,0,False,den520d-random-12.scen,300
300,den520d.map,planner,1,60482,51534,433,433,53127,51534,136,0,0,True,den520d-random-12.scen,300
300,den520d.map,planner,1,60482,51534,433,433,53127,51534,127,0,1,False,den520d-random-12.scen,300
300,den520d.map,planner,1,60482,51534,433,433,53127,51534,137,0,1,True,den520d-random-12.scen,300
300,den520d.map,planner,1,60482,51534,433,433,53127,51534,129,0,10,False,den520d-random-12.scen,300
300,den520d.map,planner,1,60482,51534,433,433,53127,51534,135,0,10,True,den520d-random-12.scen,300
300,den520d.map,planner,1,60482,51534,433,433,53127,51534,144,0,100,False,den520d-random-12.scen,300
300,den520d.map,planner,1,60482,51534,433,433,53127,51534,137,0,100,True,den520d-random-12.scen,300
300,den520d.map,planner,1,60482,51534,433,433,53127,51534,132,0,1000,False,den520d-random-12.scen,300
300,den520d.map,planner,1,60482,51534,433,433,53127,51534,145,0,1000,True,den520d-random-12.scen,300
340,den520d.map,planner,1,69094,57492,433,433,59553,57492,156,0,0,False,den520d-random-12.scen,340
340,den520d.map,planner,1,69094,57492,433,433,59553,57492,159,0,0,True,den520d-random-12.scen,340
340,den520d.map,planner,1,69094,57492,433,433,59553,57492,155,0,1,False,den520d-random-12.scen,340
340,den520d.map,planner,1,69094,57492,433,433,59553,57492,153,0,1,True,den520d-random-12.scen,340
340,den520d.map,planner,1,69094,57492,433,433,59553,57492,163,0,10,False,den520d-random-12.scen,340
340,den520d.map,planner,1,69094,57492,433,433,59553,57492,159,0,10,True,den520d-random-12.scen,340
340,den520d.map,planner,1,69094,57492,433,433,59553,57492,157,0,100,False,den520d-random-12.scen,340
340,den520d.map,planner,1,69094,57492,433,433,59553,57492,160,0,100,True,den520d-random-12.scen,340
340,den520d.map,planner,1,69094,57492,433,433,59553,57492,156,0,1000,False,den520d-random-12.scen,340
340,den520d.map,planner,1,69094,57492,433,433,59553,57492,158,0,1000,True,den520d-random-12.scen,340
380,den520d.map,planner,1,78067,64691,433,433,67319,64691,178,0,0,False,den520d-random-12.scen,380
380,den520d.map,planner,1,78067,64691,433,433,67319,64691,167,0,0,True,den520d-random-12.scen,380
380,den520d.map,planner,1,78067,64691,433,433,67319,64691,177,0,1,False,den520d-random-12.scen,380
380,den520d.map,planner,1,78067,64691,433,433,67319,64691,180,0,1,True,den520d-random-12.scen,380
380,den520d.map,planner,1,78067,64691,433,433,67319,64691,168,0,10,False,den520d-random-12.scen,380
380,den520d.map,planner,1,78067,64691,433,433,67319,64691,183,0,10,True,den520d-random-12.scen,380
380,den520d.map,planner,1,78067,64691,433,433,67319,64691,173,0,100,False,den520d-random-12.scen,380
380,den520d.map,planner,1,78067,64691,433,433,67319,64691,184,0,100,True,den520d-random-12.scen,380
380,den520d.map,planner,1,78067,64691,433,433,67319,64691,178,0,1000,False,den520d-random-12.scen,380
380,den520d.map,planner,1,78067,64691,433,433,67319,64691,175,0,1000,True,den520d-random-12.scen,380
420,den520d.map,planner,1,86062,70620,433,433,73604,70620,192,0,0,False,den520d-random-12.scen,420
420,den520d.map,planner,1,86062,70620,433,433,73604,70620,197,0,0,True,den520d-random-12.scen,420
420,den520d.map,planner,1,86062,70620,433,433,73604,70620,192,0,1,False,den520d-random-12.scen,420
420,den520d.map,planner,1,86062,70620,433,433,73604,70620,190,0,1,True,den520d-random-12.scen,420
420,den520d.map,planner,1,86062,70620,433,433,73604,70620,194,0,10,False,den520d-random-12.scen,420
420,den520d.map,planner,1,86062,70620,433,433,73604,70620,193,0,10,True,den520d-random-12.scen,420
420,den520d.map,planner,1,86062,70620,433,433,73604,70620,193,0,100,False,den520d-random-12.scen,420
420,den520d.map,planner,1,86062,70620,433,433,73604,70620,198,0,100,True,den520d-random-12.scen,420
420,den520d.map,planner,1,86062,70620,433,433,73604,70620,198,0,1000,False,den520d-random-12.scen,420
420,den520d.map,planner,1,86062,70620,433,433,73604,70620,199,0,1000,True,den520d-random-12.scen,420
460,den520d.map,planner,1,95311,78005,433,433,81385,78005,215,0,0,False,den520d-random-12.scen,460
460,den520d.map,planner,1,95311,78005,433,433,81385,78005,215,0,0,True,den520d-random-12.scen,460
460,den520d.map,planner,1,95311,78005,433,433,81385,78005,216,0,1,False,den520d-random-12.scen,460
460,den520d.map,planner,1,95311,78005,433,433,81385,78005,218,0,1,True,den520d-random-12.scen,460
460,den520d.map,planner,1,95311,78005,433,433,81385,78005,219,0,10,False,den520d-random-12.scen,460
460,den520d.map,planner,1,95311,78005,433,433,81385,78005,218,0,10,True,den520d-random-12.scen,460
460,den520d.map,planner,1,95311,78005,433,433,81385,78005,190,0,100,False,den520d-random-12.scen,460
460,den520d.map,planner,1,95311,78005,433,433,81385,78005,209,0,100,True,den520d-random-12.scen,460
460,den520d.map,planner,1,95311,78005,433,433,81385,78005,221,0,1000,False,den520d-random-12.scen,460
460,den520d.map,planner,1,95311,78005,433,433,81385,78005,221,0,1000,True,den520d-random-12.scen,460
500,den520d.map,planner,1,105118,84501,433,433,88482,84501,242,0,0,False,den520d-random-12.scen,500
500,den520d.map,planner,1,105118,84501,433,433,88482,84501,237,0,0,True,den520d-random-12.scen,500
500,den520d.map,planner,1,105118,84501,433,433,88482,84501,236,0,1,False,den520d-random-12.scen,500
500,den520d.map,planner,1,105118,84501,433,433,88482,84501,239,0,1,True,den520d-random-12.scen,500
500,den520d.map,planner,1,105118,84501,433,433,88482,84501,230,0,10,False,den520d-random-12.scen,500
500,den520d.map,planner,1,105118,84501,433,433,88482,84501,235,0,10,True,den520d-random-12.scen,500
500,den520d.map,planner,1,105118,84501,433,433,88482,84501,237,0,100,False,den520d-random-12.scen,500
500,den520d.map,planner,1,105118,84501,433,433,88482,84501,229,0,100,True,den520d-random-12.scen,500
500,den520d.map,planner,1,105118,84501,433,433,88482,84501,237,0,1000,False,den520d-random-12.scen,500
500,den520d.map,planner,1,105118,84501,433,433,88482,84501,233,0,1000,True,den520d-random-12.scen,500
540,den520d.map,planner,1,115960,91183,433,433,96233,91183,250,0,0,False,den520d-random-12.scen,540
540,den520d.map,planner,1,115960,91183,433,433,96233,91183,255,0,0,True,den520d-random-12.scen,540
540,den520d.map,planner,1,115960,91183,433,433,96233,91183,261,0,1,False,den520d-random-12.scen,540
540,den520d.map,planner,1,115960,91183,433,433,96233,91183,260,0,1,True,den520d-random-12.scen,540
540,den520d.map,planner,1,115960,91183,433,433,96233,91183,257,0,10,False,den520d-random-12.scen,540
540,den520d.map,planner,1,115960,91183,433,433,96233,91183,254,0,10,True,den520d-random-12.scen,540
540,den520d.map,planner,1,115960,91183,433,433,96233,91183,253,0,100,False,den520d-random-12.scen,540
540,den520d.map,planner,1,115960,91183,433,433,96233,91183,250,0,100,True,den520d-random-12.scen,540
540,den520d.map,planner,1,115960,91183,433,433,96233,91183,256,0,1000,False,den520d-random-12.scen,540
540,den520d.map,planner,1,115960,91183,433,433,96233,91183,254,0,1000,True,den520d-random-12.scen,540
580,den520d.map,planner,1,124003,98844,433,433,104042,98844,280,0,0,False,den520d-random-12.scen,580
580,den520d.map,planner,1,124003,98844,433,433,104042,98844,273,0,0,True,den520d-random-12.scen,580
580,den520d.map,planner,1,124003,98844,433,433,104042,98844,284,0,1,False,den520d-random-12.scen,580
580,den520d.map,planner,1,124003,98844,433,433,104042,98844,284,0,1,True,den520d-random-12.scen,580
580,den520d.map,planner,1,124003,98844,433,433,104042,98844,273,0,10,False,den520d-random-12.scen,580
580,den520d.map,planner,1,124003,98844,433,433,104042,98844,283,0,10,True,den520d-random-12.scen,580
580,den520d.map,planner,1,124003,98844,433,433,104042,98844,269,0,100,False,den520d-random-12.scen,580
580,den520d.map,planner,1,124003,98844,433,433,104042,98844,278,0,100,True,den520d-random-12.scen,580
580,den520d.map,planner,1,124003,98844,433,433,104042,98844,275,0,1000,False,den520d-random-12.scen,580
580,den520d.map,planner,1,124003,98844,433,433,104042,98844,279,0,1000,True,den520d-random-12.scen,580
620,den520d.map,planner,1,135223,106886,433,433,112849,106886,295,0,0,False,den520d-random-12.scen,620
620,den520d.map,planner,1,135223,106886,433,433,112849,106886,306,0,0,True,den520d-random-12.scen,620
620,den520d.map,planner,1,135223,106886,433,433,112849,106886,294,0,1,False,den520d-random-12.scen,620
620,den520d.map,planner,1,135223,106886,433,433,112849,106886,282,0,1,True,den520d-random-12.scen,620
620,den520d.map,planner,1,135223,106886,433,433,112849,106886,300,0,10,False,den520d-random-12.scen,620
620,den520d.map,planner,1,135223,106886,433,433,112849,106886,296,0,10,True,den520d-random-12.scen,620
620,den520d.map,planner,1,135223,106886,433,433,112849,106886,299,0,100,False,den520d-random-12.scen,620
620,den520d.map,planner,1,135223,106886,433,433,112849,106886,298,0,100,True,den520d-random-12.scen,620
620,den520d.map,planner,1,135223,106886,433,433,112849,106886,302,0,1000,False,den520d-random-12.scen,620
620,den520d.map,planner,1,135223,106886,433,433,112849,106886,301,0,1000,True,den520d-random-12.scen,620
660,den520d.map,planner,1,145034,113737,433,433,120604,113737,316,0,0,False,den520d-random-12.scen,660
660,den520d.map,planner,1,145034,113737,433,433,120604,113737,301,0,0,True,den520d-random-12.scen,660
660,den520d.map,planner,1,145034,113737,433,433,120604,113737,311,0,1,False,den520d-random-12.scen,660
660,den520d.map,planner,1,145034,113737,433,433,120604,113737,303,0,1,True,den520d-random-12.scen,660
660,den520d.map,planner,1,145034,113737,433,433,120604,113737,313,0,10,False,den520d-random-12.scen,660
660,den520d.map,planner,1,145034,113737,433,433,120604,113737,300,0,10,True,den520d-random-12.scen,660
660,den520d.map,planner,1,145034,113737,433,433,120604,113737,316,0,100,False,den520d-random-12.scen,660
660,den520d.map,planner,1,145034,113737,433,433,120604,113737,320,0,100,True,den520d-random-12.scen,660
660,den520d.map,planner,1,145034,113737,433,433,120604,113737,307,0,1000,False,den520d-random-12.scen,660
660,den520d.map,planner,1,145034,113737,433,433,120604,113737,316,0,1000,True,den520d-random-12.scen,660
700,den520d.map,planner,1,155191,120592,433,433,128676,120592,340,0,0,False,den520d-random-12.scen,700
700,den520d.map,planner,1,155191,120592,433,433,128676,120592,348,0,0,True,den520d-random-12.scen,700
700,den520d.map,planner,1,155191,120592,433,433,128676,120592,339,0,1,False,den520d-random-12.scen,700
700,den520d.map,planner,1,155191,120592,433,433,128676,120592,348,0,1,True,den520d-random-12.scen,700
700,den520d.map,planner,1,155191,120592,433,433,128676,120592,344,0,10,False,den520d-random-12.scen,700
700,den520d.map,planner,1,155191,120592,433,433,128676,120592,346,0,10,True,den520d-random-12.scen,700
700,den520d.map,planner,1,155191,120592,433,433,128676,120592,346,0,100,False,den520d-random-12.scen,700
700,den520d.map,planner,1,155191,120592,433,433,128676,120592,335,0,100,True,den520d-random-12.scen,700
700,den520d.map,planner,1,155191,120592,433,433,128676,120592,341,0,1000,False,den520d-random-12.scen,700
700,den520d.map,planner,1,155191,120592,433,433,128676,120592,348,0,1000,True,den520d-random-12.scen,700
740,den520d.map,planner,1,164206,127835,433,433,136553,127835,360,0,0,False,den520d-random-12.scen,740
740,den520d.map,planner,1,164206,127835,433,433,136553,127835,361,0,0,True,den520d-random-12.scen,740
740,den520d.map,planner,1,164206,127835,433,433,136553,127835,353,0,1,False,den520d-random-12.scen,740
740,den520d.map,planner,1,164206,127835,433,433,136553,127835,356,0,1,True,den520d-random-12.scen,740
740,den520d.map,planner,1,164206,127835,433,433,136553,127835,363,0,10,False,den520d-random-12.scen,740
740,den520d.map,planner,1,164206,127835,433,433,136553,127835,370,0,10,True,den520d-random-12.scen,740
740,den520d.map,planner,1,164206,127835,433,433,136553,127835,367,0,100,False,den520d-random-12.scen,740
740,den520d.map,planner,1,164206,127835,433,433,136553,127835,353,0,100,True,den520d-random-12.scen,740
740,den520d.map,planner,1,164206,127835,433,433,136553,127835,351,0,1000,False,den520d-random-12.scen,740
740,den520d.map,planner,1,164206,127835,433,433,136553,127835,362,0,1000,True,den520d-random-12.scen,740
780,den520d.map,planner,1,173902,134241,433,433,143776,134241,390,0,0,False,den520d-random-12.scen,780
780,den520d.map,planner,1,173902,134241,433,433,143776,134241,389,0,0,True,den520d-random-12.scen,780
780,den520d.map,planner,1,173902,134241,433,433,143776,134241,378,0,1,False,den520d-random-12.scen,780
780,den520d.map,planner,1,173902,134241,433,433,143776,134241,380,0,1,True,den520d-random-12.scen,780
780,den520d.map,planner,1,173902,134241,433,433,143776,134241,371,0,10,False,den520d-random-12.scen,780
780,den520d.map,planner,1,173902,134241,433,433,143776,134241,390,0,10,True,den520d-random-12.scen,780
780,den520d.map,planner,1,173902,134241,433,433,143776,134241,375,0,100,False,den520d-random-12.scen,780
780,den520d.map,planner,1,173902,134241,433,433,143776,134241,386,0,100,True,den520d-random-12.scen,780
780,den520d.map,planner,1,173902,134241,433,433,143776,134241,373,0,1000,False,den520d-random-12.scen,780
780,den520d.map,planner,1,173902,134241,433,433,143776,134241,374,0,1000,True,den520d-random-12.scen,780
820,den520d.map,planner,1,182145,140068,433,433,150067,140068,406,0,0,False,den520d-random-12.scen,820
820,den520d.map,planner,1,182145,140068,433,433,150067,140068,406,0,0,True,den520d-random-12.scen,820
820,den520d.map,planner,1,182145,140068,433,433,150067,140068,385,0,1,False,den520d-random-12.scen,820
820,den520d.map,planner,1,182145,140068,433,433,150067,140068,401,0,1,True,den520d-random-12.scen,820
820,den520d.map,planner,1,182145,140068,433,433,150067,140068,390,0,10,False,den520d-random-12.scen,820
820,den520d.map,planner,1,182145,140068,433,433,150067,140068,402,0,10,True,den520d-random-12.scen,820
820,den520d.map,planner,1,182145,140068,433,433,150067,140068,409,0,100,False,den520d-random-12.scen,820
820,den520d.map,planner,1,182145,140068,433,433,150067,140068,404,0,100,True,den520d-random-12.scen,820
820,den520d.map,planner,1,182145,140068,433,433,150067,140068,399,0,1000,False,den520d-random-12.scen,820
820,den520d.map,planner,1,182145,140068,433,433,150067,140068,399,0,1000,True,den520d-random-12.scen,820
20,den520d.map,planner,1,3836,3834,346,346,3836,3834,7,0,0,False,den520d-random-18.scen,20
20,den520d.map,planner,1,3836,3834,346,346,3836,3834,7,0,0,True,den520d-random-18.scen,20
20,den520d.map,planner,1,3836,3834,346,346,3836,3834,7,0,1,False,den520d-random-18.scen,20
20,den520d.map,planner,1,3836,3834,346,346,3836,3834,7,0,1,True,den520d-random-18.scen,20
20,den520d.map,planner,1,3836,3834,346,346,3836,3834,8,0,10,False,den520d-random-18.scen,20
20,den520d.map,planner,1,3836,3834,346,346,3836,3834,8,0,10,True,den520d-random-18.scen,20
20,den520d.map,planner,1,3836,3834,346,346,3836,3834,7,0,100,False,den520d-random-18.scen,20
20,den520d.map,planner,1,3836,3834,346,346,3836,3834,8,0,100,True,den520d-random-18.scen,20
20,den520d.map,planner,1,3836,3834,346,346,3836,3834,7,0,1000,False,den520d-random-18.scen,20
20,den520d.map,planner,1,3836,3834,346,346,3836,3834,7,0,1000,True,den520d-random-18.scen,20
60,den520d.map,planner,1,11790,11352,380,380,11420,11352,26,0,0,False,den520d-random-18.scen,60
60,den520d.map,planner,1,11790,11352,380,380,11420,11352,23,0,0,True,den520d-random-18.scen,60
60,den520d.map,planner,1,11790,11352,380,380,11420,11352,27,0,1,False,den520d-random-18.scen,60
60,den520d.map,planner,1,11790,11352,380,380,11420,11352,27,0,1,True,den520d-random-18.scen,60
60,den520d.map,planner,1,11790,11352,380,380,11420,11352,21,0,10,False,den520d-random-18.scen,60
60,den520d.map,planner,1,11790,11352,380,380,11420,11352,26,0,10,True,den520d-random-18.scen,60
60,den520d.map,planner,1,11790,11352,380,380,11420,11352,26,0,100,False,den520d-random-18.scen,60
60,den520d.map,planner,1,11790,11352,380,380,11420,11352,27,0,100,True,den520d-random-18.scen,60
60,den520d.map,planner,1,11790,11352,380,380,11420,11352,22,0,1000,False,den520d-random-18.scen,60
60,den520d.map,planner,1,11790,11352,380,380,11420,11352,21,0,1000,True,den520d-random-18.scen,60
100,den520d.map,planner,1,21081,19484,380,380,19689,19484,36,0,0,False,den520d-random-18.scen,100
100,den520d.map,planner,1,21081,19484,380,380,19689,19484,40,0,0,True,den520d-random-18.scen,100
100,den520d.map,planner,1,21081,19484,380,380,19689,19484,46,0,1,False,den520d-random-18.scen,100
100,den520d.map,planner,1,21081,19484,380,380,19689,19484,45,0,1,True,den520d-random-18.scen,100
100,den520d.map,planner,1,21081,19484,380,380,19689,19484,44,0,10,False,den520d-random-18.scen,100
100,den520d.map,planner,1,21081,19484,380,380,19689,19484,46,0,10,True,den520d-random-18.scen,100
100,den520d.map,planner,1,21081,19484,380,380,19689,19484,47,0,100,False,den520d-random-18.scen,100
100,den520d.map,planner,1,21081,19484,380,380,19689,19484,47,0,100,True,den520d-random-18.scen,100
100,den520d.map,planner,1,21081,19484,380,380,19689,19484,46,0,1000,False,den520d-random-18.scen,100
100,den520d.map,planner,1,21081,19484,380,380,19689,19484,42,0,1000,True,den520d-random-18.scen,100
140,den520d.map,planner,1,29422,26209,422,422,26563,26209,65,0,0,False,den520d-random-18.scen,140
140,den520d.map,planner,1,29422,26209,422,422,26563,26209,60,0,0,True,den520d-random-18.scen,140
140,den520d.map,planner,1,29422,26209,422,422,26563,26209,57,0,1,False,den520d-random-18.scen,140
140,den520d.map,planner,1,29422,26209,422,422,26563,26209,64,0,1,True,den520d-random-18.scen,140
140,den520d.map,planner,1,29422,26209,422,422,26563,26209,59,0,10,False,den520d-random-18.scen,140
140,den520d.map,planner,1,29422,26209,422,422,26563,26209,57,0,10,True,den520d-random-18.scen,140
140,den520d.map,planner,1,29422,26209,422,422,26563,26209,64,0,100,False,den520d-random-18.scen,140
140,den520d.map,planner,1,29422,26209,422,422,26563,26209,64,0,100,True,den520d-random-18.scen,140
140,den520d.map,planner,1,29422,26209,422,422,26563,26209,51,0,1000,False,den520d-random-18.scen,140
140,den520d.map,planner,1,29422,26209,422,422,26563,26209,53,0,1000,True,den520d-random-18.scen,140
180,den520d.map,planner,1,37448,33338,422,422,33916,33338,75,0,0,False,den520d-random-18.scen,180
180,den520d.map,planner,1,37448,33338,422,422,33916,33338,81,0,0,True,den520d-random-18.scen,180
180,den520d.map,planner,1,37448,33338,422,422,33916,33338,79,0,1,False,den520d-random-18.scen,180
180,den520d.map,planner,1,37448,33338,422,422,33916,33338,83,0,1,True,den520d-random-18.scen,180
180,den520d.map,planner,1,37448,33338,422,422,33916,33338,78,0,10,False,den520d-random-18.scen,180
180,den520d.map,planner,1,37448,33338,422,422,33916,33338,81,0,10,True,den520d-random-18.scen,180
180,den520d.map,planner,1,37448,33338,422,422,33916,33338,79,0,100,False,den520d-random-18.scen,180
180,den520d.map,planner,1,37448,33338,422,422,33916,33338,85,0,100,True,den520d-random-18.scen,180
180,den520d.map,planner,1,37448,33338,422,422,33916,33338,83,0,1000,False,den520d-random-18.scen,180
180,den520d.map,planner,1,37448,33338,422,422,33916,33338,80,0,1000,True,den520d-random-18.scen,180
220,den520d.map,planner,1,44812,39992,422,422,40791,39992,94,0,0,False,den520d-random-18.scen,220
220,den520d.map,planner,1,44812,39992,422,422,40791,39992,94,0,0,True,den520d-random-18.scen,220
220,den520d.map,planner,1,44812,39992,422,422,40791,39992,93,0,1,False,den520d-random-18.scen,220
220,den520d.map,planner,1,44812,39992,422,422,40791,39992,97,0,1,True,den520d-random-18.scen,220
220,den520d.map,planner,1,44812,39992,422,422,40791,39992,97,0,10,False,den520d-random-18.scen,220
220,den520d.map,planner,1,44812,39992,422,422,40791,39992,99,0,10,True,den520d-random-18.scen,220
220,den520d.map,planner,1,44812,39992,422,422,40791,39992,101,0,100,False,den520d-random-18.scen,220
220,den520d.map,planner,1,44812,39992,422,422,40791,39992,99,0,100,True,den520d-random-18.scen,220
220,den520d.map,planner,1,44812,39992,422,422,40791,39992,102,0,1000,False,den520d-random-18.scen,220
220,den520d.map,planner,1,44812,39992,422,422,40791,39992,102,0,1000,True,den520d-random-18.scen,220
260,den520d.map,planner,1,53312,45823,422,422,46956,45823,112,0,0,False,den520d-random-18.scen,260
260,den520d.map,planner,1,53312,45823,422,422,46956,45823,116,0,0,True,den520d-random-18.scen,260
260,den520d.map,planner,1,53312,45823,422,422,46956,45823,123,0,1,False,den520d-random-18.scen,260
260,den520d.map,planner,1,53312,45823,422,422,46956,45823,117,0,1,True,den520d-random-18.scen,260
260,den520d.map,planner,1,53312,45823,422,422,46956,45823,116,0,10,False,den520d-random-18.scen,260
260,den520d.map,planner,1,53312,45823,422,422,46956,45823,119,0,10,True,den520d-random-18.scen,260
260,den520d.map,planner,1,53312,45823,422,422,46956,45823,114,0,100,False,den520d-random-18.scen,260
260,den520d.map,planner,1,53312,45823,422,422,46956,45823,113,0,100,True,den520d-random-18.scen,260
260,den520d.map,planner,1,53312,45823,422,422,46956,45823,115,0,1000,False,den520d-random-18.scen,260
260,den520d.map,planner,1,53312,45823,422,422,46956,45823,118,0,1000,True,den520d-random-18.scen,260
300,den520d.map,planner,1,60810,52483,422,422,53762,52483,139,0,0,False,den520d-random-18.scen,300
300,den520d.map,planner,1,60810,52483,422,422,53762,52483,131,0,0,True,den520d-random-18.scen,300
300,den520d.map,planner,1,60810,52483,422,422,53762,52483,130,0,1,False,den520d-random-18.scen,300
300,den520d.map,planner,1,60810,52483,422,422,53762,52483,132,0,1,True,den520d-random-18.scen,300
300,den520d.map,planner,1,60810,52483,422,422,53762,52483,133,0,10,False,den520d-random-18.scen,300
300,den520d.map,planner,1,60810,52483,422,422,53762,52483,137,0,10,True,den520d-random-18.scen,300
300,den520d.map,planner,1,60810,52483,422,422,53762,52483,124,0,100,False,den520d-random-18.scen,300
300,den520d.map,planner,1,60810,52483,422,422,53762,52483,134,0,100,True,den520d-random-18.scen,300
300,den520d.map,planner,1,60810,52483,422,422,53762,52483,128,0,1000,False,den520d-random-18.scen,300
300,den520d.map,planner,1,60810,52483,422,422,53762,52483,119,0,1000,True,den520d-random-18.scen,300
340,den520d.map,planner,1,69996,58688,422,422,60616,58688,150,0,0,False,den520d-random-18.scen,340
340,den520d.map,planner,1,69996,58688,422,422,60616,58688,150,0,0,True,den520d-random-18.scen,340
340,den520d.map,planner,1,69996,58688,422,422,60616,58688,144,0,1,False,den520d-random-18.scen,340
340,den520d.map,planner,1,69996,58688,422,422,60616,58688,152,0,1,True,den520d-random-18.scen,340
340,den520d.map,planner,1,69996,58688,422,422,60616,58688,152,0,10,False,den520d-random-18.scen,340
340,den520d.map,planner,1,69996,58688,422,422,60616,58688,149,0,10,True,den520d-random-18.scen,340
340,den520d.map,planner,1,69996,58688,422,422,60616,58688,147,0,100,False,den520d-random-18.scen,340
340,den520d.map,planner,1,69996,58688,422,422,60616,58688,155,0,100,True,den520d-random-18.scen,340
340,den520d.map,planner,1,69996,58688,422,422,60616,58688,149,0,1000,False,den520d-random-18.scen,340
340,den520d.map,planner,1,69996,58688,422,422,60616,58688,161,0,1000,True,den520d-random-18.scen,340
380,den520d.map,planner,1,78901,66042,422,422,68382,66042,173,0,0,False,den520d-random-18.scen,380
380,den520d.map,planner,1,78901,66042,422,422,68382,66042,173,0,0,True,den520d-random-18.scen,380
380,den520d.map,planner,1,78901,66042,422,422,68382,66042,173,0,1,False,den520d-random-18.scen,380
380,den520d.map,planner,1,78901,66042,422,422,68382,66042,167,0,1,True,den520d-random-18.scen,380
380,den520d.map,planner,1,78901,66042,422,422,68382,66042,162,0,10,False,den520d-random-18.scen,380
380,den520d.map,planner,1,78901,66042,422,422,68382,66042,161,0,10,True,den520d-random-18.scen,380
380,den520d.map,planner,1,78901,66042,422,422,68382,66042,177,0,100,False,den520d-random-18.scen,380
380,den520d.map,planner,1,78901,66042,422,422,68382,66042,170,0,100,True,den520d-random-18.scen,380
380,den520d.map,planner,1,78901,66042,422,422,68382,66042,176,0,1000,False,den520d-random-18.scen,380
380,den520d.map,planner,1,78901,66042,422,422,68382,66042,169,0,1000,True,den520d-random-18.scen,380
420,den520d.map,planner,1,88624,73388,422,422,76265,73388,184,0,0,False,den520d-random-18.scen,420
420,den520d.map,planner,1,88624,73388,422,422,76265,73388,189,0,0,True,den520d-random-18.scen,420
420,den520d.map,planner,1,88624,73388,422,422,76265,73388,189,0,1,False,den520d-random-18.scen,420
420,den520d.map,planner,1,88624,73388,422,422,76265,73388,198,0,1,True,den520d-random-18.scen,420
420,den520d.map,planner,1,88624,73388,422,422,76265,73388,190,0,10,False,den520d-random-18.scen,420
420,den520d.map,planner,1,88624,73388,422,422,76265,73388,192,0,10,True,den520d-random-18.scen,420
420,den520d.map,planner,1,88624,73388,422,422,76265,73388,196,0,100,False,den520d-random-18.scen,420
420,den520d.map,planner,1,88624,73388,422,422,76265,73388,192,0,100,True,den520d-random-18.scen,420
420,den520d.map,planner,1,88624,73388,422,422,76265,73388,194,0,1000,False,den520d-random-18.scen,420
420,den520d.map,planner,1,88624,73388,422,422,76265,73388,196,0,1000,True,den520d-random-18.scen,420
460,den520d.map,planner,1,96257,78976,422,422,82153,78976,213,0,0,False,den520d-random-18.scen,460
460,den520d.map,planner,1,96257,78976,422,422,82153,78976,227,0,0,True,den520d-random-18.scen,460
460,den520d.map,planner,1,96257,78976,422,422,82153,78976,214,0,1,False,den520d-random-18.scen,460
460,den520d.map,planner,1,96257,78976,422,422,82153,78976,210,0,1,True,den520d-random-18.scen,460
460,den520d.map,planner,1,96257,78976,422,422,82153,78976,205,0,10,False,den520d-random-18.scen,460
460,den520d.map,planner,1,96257,78976,422,422,82153,78976,224,0,10,True,den520d-random-18.scen,460
460,den520d.map,planner,1,96257,78976,422,422,82153,78976,211,0,100,False,den520d-random-18.scen,460
460,den520d.map,planner,1,96257,78976,422,422,82153,78976,205,0,100,True,den520d-random-18.scen,460
460,den520d.map,planner,1,96257,78976,422,422,82153,78976,203,0,1000,False,den520d-random-18.scen,460
460,den520d.map,planner,1,96257,78976,422,422,82153,78976,205,0,1000,True,den520d-random-18.scen,460
500,den520d.map,planner,1,104959,84978,422,422,88778,84978,228,0,0,False,den520d-random-18.scen,500
500,den520d.map,planner,1,104959,84978,422,422,88778,84978,225,0,0,True,den520d-random-18.scen,500
500,den520d.map,planner,1,104959,84978,422,422,88778,84978,238,0,1,False,den520d-random-18.scen,500
500,den520d.map,planner,1,104959,84978,422,422,88778,84978,239,0,1,True,den520d-random-18.scen,500
500,den520d.map,planner,1,104959,84978,422,422,88778,84978,233,0,10,False,den520d-random-18.scen,500
500,den520d.map,planner,1,104959,84978,422,422,88778,84978,226,0,10,True,den520d-random-18.scen,500
500,den520d.map,planner,1,104959,84978,422,422,88778,84978,223,0,100,False,den520d-random-18.scen,500
500,den520d.map,planner,1,104959,84978,422,422,88778,84978,236,0,100,True,den520d-random-18.scen,500
500,den520d.map,planner,1,104959,84978,422,422,88778,84978,226,0,1000,False,den520d-random-18.scen,500
500,den520d.map,planner,1,104959,84978,422,422,88778,84978,225,0,1000,True,den520d-random-18.scen,500
540,den520d.map,planner,1,114793,92508,422,422,96959,92508,240,0,0,False,den520d-random-18.scen,540
540,den520d.map,planner,1,114793,92508,422,422,96959,92508,236,0,0,True,den520d-random-18.scen,540
540,den520d.map,planner,1,114793,92508,422,422,96959,92508,252,0,1,False,den520d-random-18.scen,540
540,den520d.map,planner,1,114793,92508,422,422,96959,92508,248,0,1,True,den520d-random-18.scen,540
540,den520d.map,planner,1,114793,92508,422,422,96959,92508,252,0,10,False,den520d-random-18.scen,540
540,den520d.map,planner,1,114793,92508,422,422,96959,92508,250,0,10,True,den520d-random-18.scen,540
540,den520d.map,planner,1,114793,92508,422,422,96959,92508,246,0,100,False,den520d-random-18.scen,540
540,den520d.map,planner,1,114793,92508,422,422,96959,92508,258,0,100,True,den520d-random-18.scen,540
540,den520d.map,planner,1,114793,92508,422,422,96959,92508,250,0,1000,False,den520d-random-18.scen,540
540,den520d.map,planner,1,114793,92508,422,422,96959,92508,251,0,1000,True,den520d-random-18.scen,540
580,den520d.map,planner,1,124327,99467,422,422,104681,99467,270,0,0,False,den520d-random-18.scen,580
580,den520d.map,planner,1,124327,99467,422,422,104681,99467,239,0,0,True,den520d-random-18.scen,580
580,den520d.map,planner,1,124327,99467,422,422,104681,99467,264,0,1,False,den520d-random-18.scen,580
580,den520d.map,planner,1,124327,99467,422,422,104681,99467,256,0,1,True,den520d-random-18.scen,580
580,den520d.map,planner,1,124327,99467,422,422,104681,99467,281,0,10,False,den520d-random-18.scen,580
580,den520d.map,planner,1,124327,99467,422,422,104681,99467,280,0,10,True,den520d-random-18.scen,580
580,den520d.map,planner,1,124327,99467,422,422,104681,99467,271,0,100,False,den520d-random-18.scen,580
580,den520d.map,planner,1,124327,99467,422,422,104681,99467,280,0,100,True,den520d-random-18.scen,580
580,den520d.map,planner,1,124327,99467,422,422,104681,99467,275,0,1000,False,den520d-random-18.scen,580
580,den520d.map,planner,1,124327,99467,422,422,104681,99467,283,0,1000,True,den520d-random-18.scen,580
620,den520d.map,planner,1,134567,106061,424,422,112584,106061,303,0,0,False,den520d-random-18.scen,620
620,den520d.map,planner,1,134567,106061,424,422,112584,106061,298,0,0,True,den520d-random-18.scen,620
620,den520d.map,planner,1,134567,106061,424,422,112584,106061,293,0,1,False,den520d-random-18.scen,620
620,den520d.map,planner,1,134567,106061,424,422,112584,106061,294,0,1,True,den520d-random-18.scen,620
620,den520d.map,planner,1,134567,106061,424,422,112584,106061,290,0,10,False,den520d-random-18.scen,620
620,den520d.map,planner,1,134567,106061,424,422,112584,106061,292,0,10,True,den520d-random-18.scen,620
620,den520d.map,planner,1,134567,106061,424,422,112584,106061,286,0,100,False,den520d-random-18.scen,620
620,den520d.map,planner,1,134567,106061,424,422,112584,106061,287,0,100,True,den520d-random-18.scen,620
620,den520d.map,planner,1,134567,106061,424,422,112584,106061,284,0,1000,False,den520d-random-18.scen,620
620,den520d.map,planner,1,134567,106061,424,422,112584,106061,292,0,1000,True,den520d-random-18.scen,620
660,den520d.map,planner,1,146405,113603,422,422,120753,113603,292,0,0,False,den520d-random-18.scen,660
660,den520d.map,planner,1,146405,113603,422,422,120753,113603,299,0,0,True,den520d-random-18.scen,660
660,den520d.map,planner,1,146405,113603,422,422,120753,113603,290,0,1,False,den520d-random-18.scen,660
660,den520d.map,planner,1,146405,113603,422,422,120753,113603,290,0,1,True,den520d-random-18.scen,660
660,den520d.map,planner,1,146405,113603,422,422,120753,113603,300,0,10,False,den520d-random-18.scen,660
660,den520d.map,planner,1,146405,113603,422,422,120753,113603,299,0,10,True,den520d-random-18.scen,660
660,den520d.map,planner,1,146405,113603,422,422,120753,113603,285,0,100,False,den520d-random-18.scen,660
660,den520d.map,planner,1,146405,113603,422,422,120753,113603,296,0,100,True,den520d-random-18.scen,660
660,den520d.map,planner,1,146405,113603,422,422,120753,113603,305,0,1000,False,den520d-random-18.scen,660
660,den520d.map,planner,1,146405,113603,422,422,120753,113603,298,0,1000,True,den520d-random-18.scen,660
700,den520d.map,planner,1,158037,120478,422,422,128631,120478,314,0,0,False,den520d-random-18.scen,700
700,den520d.map,planner,1,158037,120478,422,422,128631,120478,306,0,0,True,den520d-random-18.scen,700
700,den520d.map,planner,1,158037,120478,422,422,128631,120478,306,0,1,False,den520d-random-18.scen,700
700,den520d.map,planner,1,158037,120478,422,422,128631,120478,322,0,1,True,den520d-random-18.scen,700
700,den520d.map,planner,1,158037,120478,422,422,128631,120478,301,0,10,False,den520d-random-18.scen,700
700,den520d.map,planner,1,158037,120478,422,422,128631,120478,304,0,10,True,den520d-random-18.scen,700
700,den520d.map,planner,1,158037,120478,422,422,128631,120478,297,0,100,False,den520d-random-18.scen,700
700,den520d.map,planner,1,158037,120478,422,422,128631,120478,309,0,100,True,den520d-random-18.scen,700
700,den520d.map,planner,1,158037,120478,422,422,128631,120478,330,0,1000,False,den520d-random-18.scen,700
700,den520d.map,planner,1,158037,120478,422,422,128631,120478,315,0,1000,True,den520d-random-18.scen,700
740,den520d.map,planner,1,166656,128082,422,422,137002,128082,332,0,0,False,den520d-random-18.scen,740
740,den520d.map,planner,1,166656,128082,422,422,137002,128082,369,0,0,True,den520d-random-18.scen,740
740,den520d.map,planner,1,166656,128082,422,422,137002,128082,323,0,1,False,den520d-random-18.scen,740
740,den520d.map,planner,1,166656,128082,422,422,137002,128082,367,0,1,True,den520d-random-18.scen,740
740,den520d.map,planner,1,166656,128082,422,422,137002,128082,331,0,10,False,den520d-random-18.scen,740
740,den520d.map,planner,1,166656,128082,422,422,137002,128082,317,0,10,True,den520d-random-18.scen,740
740,den520d.map,planner,1,166656,128082,422,422,137002,128082,334,0,100,False,den520d-random-18.scen,740
740,den520d.map,planner,1,166656,128082,422,422,137002,128082,344,0,100,True,den520d-random-18.scen,740
740,den520d.map,planner,1,166656,128082,422,422,137002,128082,354,0,1000,False,den520d-random-18.scen,740
740,den520d.map,planner,1,166656,128082,422,422,137002,128082,324,0,1000,True,den520d-random-18.scen,740
780,den520d.map,planner,1,178552,134845,422,422,144675,134845,348,0,0,False,den520d-random-18.scen,780
780,den520d.map,planner,1,178552,134845,422,422,144675,134845,360,0,0,True,den520d-random-18.scen,780
780,den520d.map,planner,1,178552,134845,422,422,144675,134845,345,0,1,False,den520d-random-18.scen,780
780,den520d.map,planner,1,178552,134845,422,422,144675,134845,351,0,1,True,den520d-random-18.scen,780
780,den520d.map,planner,1,178552,134845,422,422,144675,134845,355,0,10,False,den520d-random-18.scen,780
780,den520d.map,planner,1,178552,134845,422,422,144675,134845,367,0,10,True,den520d-random-18.scen,780
780,den520d.map,planner,1,178552,134845,422,422,144675,134845,337,0,100,False,den520d-random-18.scen,780
780,den520d.map,planner,1,178552,134845,422,422,144675,134845,356,0,100,True,den520d-random-18.scen,780
780,den520d.map,planner,1,178552,134845,422,422,144675,134845,347,0,1000,False,den520d-random-18.scen,780
780,den520d.map,planner,1,178552,134845,422,422,144675,134845,345,0,1000,True,den520d-random-18.scen,780
820,den520d.map,planner,1,187000,141752,422,422,152493,141752,349,0,0,False,den520d-random-18.scen,820
820,den520d.map,planner,1,187000,141752,422,422,152493,141752,363,0,0,True,den520d-random-18.scen,820
820,den520d.map,planner,1,187000,141752,422,422,152493,141752,378,0,1,False,den520d-random-18.scen,820
820,den520d.map,planner,1,187000,141752,422,422,152493,141752,368,0,1,True,den520d-random-18.scen,820
820,den520d.map,planner,1,187000,141752,422,422,152493,141752,391,0,10,False,den520d-random-18.scen,820
820,den520d.map,planner,1,187000,141752,422,422,152493,141752,383,0,10,True,den520d-random-18.scen,820
820,den520d.map,planner,1,187000,141752,422,422,152493,141752,361,0,100,False,den520d-random-18.scen,820
820,den520d.map,planner,1,187000,141752,422,422,152493,141752,358,0,100,True,den520d-random-18.scen,820
820,den520d.map,planner,1,187000,141752,422,422,152493,141752,366,0,1000,False,den520d-random-18.scen,820
820,den520d.map,planner,1,187000,141752,422,422,152493,141752,370,0,1000,True,den520d-random-18.scen,820
20,den520d.map,planner,1,3724,3724,370,370,3724,3724,6,0,0,False,den520d-random-21.scen,20
20,den520d.map,planner,1,3724,3724,370,370,3724,3724,6,0,0,True,den520d-random-21.scen,20
20,den520d.map,planner,1,3724,3724,370,370,3724,3724,7,0,1,False,den520d-random-21.scen,20
20,den520d.map,planner,1,3724,3724,370,370,3724,3724,7,0,1,True,den520d-random-21.scen,20
20,den520d.map,planner,1,3724,3724,370,370,3724,3724,7,0,10,False,den520d-random-21.scen,20
20,den520d.map,planner,1,3724,3724,370,370,3724,3724,9,0,10,True,den520d-random-21.scen,20
20,den520d.map,planner,1,3724,3724,370,370,3724,3724,7,0,100,False,den520d-random-21.scen,20
20,den520d.map,planner,1,3724,3724,370,370,3724,3724,7,0,100,True,den520d-random-21.scen,20
20,den520d.map,planner,1,3724,3724,370,370,3724,3724,7,0,1000,False,den520d-random-21.scen,20
20,den520d.map,planner,1,3724,3724,370,370,3724,3724,7,0,1000,True,den520d-random-21.scen,20
60,den520d.map,planner,1,11301,10848,378,378,10888,10848,22,0,0,False,den520d-random-21.scen,60
60,den520d.map,planner,1,11301,10848,378,378,10888,10848,21,0,0,True,den520d-random-21.scen,60
60,den520d.map,planner,1,11301,10848,378,378,10888,10848,23,0,1,False,den520d-random-21.scen,60
60,den520d.map,planner,1,11301,10848,378,378,10888,10848,21,0,1,True,den520d-random-21.scen,60
60,den520d.map,planner,1,11301,10848,378,378,10888,10848,21,0,10,False,den520d-random-21.scen,60
60,den520d.map,planner,1,11301,10848,378,378,10888,10848,23,0,10,True,den520d-random-21.scen,60
60,den520d.map,planner,1,11301,10848,378,378,10888,10848,19,0,100,False,den520d-random-21.scen,60
60,den520d.map,planner,1,11301,10848,378,378,10888,10848,23,0,100,True,den520d-random-21.scen,60
60,den520d.map,planner,1,11301,10848,378,378,10888,10848,22,0,1000,False,den520d-random-21.scen,60
60,den520d.map,planner,1,11301,10848,378,378,10888,10848,23,0,1000,True,den520d-random-21.scen,60
100,den520d.map,planner,1,19837,18411,378,378,18557,18411,40,0,0,False,den520d-random-21.scen,100
100,den520d.map,planner,1,19837,18411,378,378,18557,18411,44,0,0,True,den520d-random-21.scen,100
100,den520d.map,planner,1,19837,18411,378,378,18557,18411,36,0,1,False,den520d-random-21.scen,100
100,den520d.map,planner,1,19837,18411,378,378,18557,18411,40,0,1,True,den520d-random-21.scen,100
100,den520d.map,planner,1,19837,18411,378,378,18557,18411,33,0,10,False,den520d-random-21.scen,100
100,den520d.map,planner,1,19837,18411,378,378,18557,18411,41,0,10,True,den520d-random-21.scen,100
100,den520d.map,planner,1,19837,18411,378,378,18557,18411,41,0,100,False,den520d-random-21.scen,100
100,den520d.map,planner,1,19837,18411,378,378,18557,18411,43,0,100,True,den520d-random-21.scen,100
100,den520d.map,planner,1,19837,18411,378,378,18557,18411,42,0,1000,False,den520d-random-21.scen,100
100,den520d.map,planner,1,19837,18411,378,378,18557,18411,41,0,1000,True,den520d-random-21.scen,100
140,den520d.map,planner,1,27026,24999,378,378,25294,24999,49,0,0,False,den520d-random-21.scen,140
140,den520d.map,planner,1,27026,24999,378,378,25294,24999,52,0,0,True,den520d-random-21.scen,140
140,den520d.map,planner,1,27026,24999,378,378,25294,24999,52,0,1,False,den520d-random-21.scen,140
140,den520d.map,planner,1,27026,24999,378,378,25294,24999,57,0,1,True,den520d-random-21.scen,140
140,den520d.map,planner,1,27026,24999,378,378,25294,24999,46,0,10,False,den520d-random-21.scen,140
140,den520d.map,planner,1,27026,24999,378,378,25294,24999,62,0,10,True,den520d-random-21.scen,140
140,den520d.map,planner,1,27026,24999,378,378,25294,24999,58,0,100,False,den520d-random-21.scen,140
140,den520d.map,planner,1,27026,24999,378,378,25294,24999,55,0,100,True,den520d-random-21.scen,140
140,den520d.map,planner,1,27026,24999,378,378,25294,24999,63,0,1000,False,den520d-random-21.scen,140
140,den520d.map,planner,1,27026,24999,378,378,25294,24999,56,0,1000,True,den520d-random-21.scen,140
180,den520d.map,planner,1,35968,32073,392,392,32589,32073,66,0,0,False,den520d-random-21.scen,180
180,den520d.map,planner,1,35968,32073,392,392,32589,32073,78,0,0,True,den520d-random-21.scen,180
180,den520d.map,planner,1,35968,32073,392,392,32589,32073,73,0,1,False,den520d-random-21.scen,180
180,den520d.map,planner,1,35968,32073,392,392,32589,32073,75,0,1,True,den520d-random-21.scen,180
180,den520d.map,planner,1,35968,32073,392,392,32589,32073,72,0,10,False,den520d-random-21.scen,180
180,den520d.map,planner,1,35968,32073,392,392,32589,32073,73,0,10,True,den520d-random-21.scen,180
180,den520d.map,planner,1,35968,32073,392,392,32589,32073,73,0,100,False,den520d-random-21.scen,180
180,den520d.map,planner,1,35968,32073,392,392,32589,32073,73,0,100,True,den520d-random-21.scen,180
180,den520d.map,planner,1,35968,32073,392,392,32589,32073,79,0,1000,False,den520d-random-21.scen,180
180,den520d.map,planner,1,35968,32073,392,392,32589,32073,71,0,1000,True,den520d-random-21.scen,180
220,den520d.map,planner,1,43330,39231,392,392,39864,39231,105,0,0,False,den520d-random-21.scen,220
220,den520d.map,planner,1,43330,39231,392,392,39864,39231,92,0,0,True,den520d-random-21.scen,220
220,den520d.map,planner,1,43330,39231,392,392,39864,39231,84,0,1,False,den520d-random-21.scen,220
220,den520d.map,planner,1,43330,39231,392,392,39864,39231,95,0,1,True,den520d-random-21.scen,220
220,den520d.map,planner,1,43330,39231,392,392,39864,39231,88,0,10,False,den520d-random-21.scen,220
220,den520d.map,planner,1,43330,39231,392,392,39864,39231,91,0,10,True,den520d-random-21.scen,220
220,den520d.map,planner,1,43330,39231,392,392,39864,39231,88,0,100,False,den520d-random-21.scen,220
220,den520d.map,planner,1,43330,39231,392,392,39864,39231,90,0,100,True,den520d-random-21.scen,220
220,den520d.map,planner,1,43330,39231,392,392,39864,39231,93,0,1000,False,den520d-random-21.scen,220
220,den520d.map,planner,1,43330,39231,392,392,39864,39231,99,0,1000,True,den520d-random-21.scen,220
260,den520d.map,planner,1,54567,47922,392,392,49095,47922,112,0,0,False,den520d-random-21.scen,260
260,den520d.map,planner,1,54567,47922,392,392,49095,47922,114,0,0,True,den520d-random-21.scen,260
260,den520d.map,planner,1,54567,47922,392,392,49095,47922,113,0,1,False,den520d-random-21.scen,260
260,den520d.map,planner,1,54567,47922,392,392,49095,47922,111,0,1,True,den520d-random-21.scen,260
260,den520d.map,planner,1,54567,47922,392,392,49095,47922,109,0,10,False,den520d-random-21.scen,260
260,den520d.map,planner,1,54567,47922,392,392,49095,47922,113,0,10,True,den520d-random-21.scen,260
260,den520d.map,planner,1,54567,47922,392,392,49095,47922,109,0,100,False,den520d-random-21.scen,260
260,den520d.map,planner,1,54567,47922,392,392,49095,47922,123,0,100,True,den520d-random-21.scen,260
260,den520d.map,planner,1,54567,47922,392,392,49095,47922,111,0,1000,False,den520d-random-21.scen,260
260,den520d.map,planner,1,54567,47922,392,392,49095,47922,113,0,1000,True,den520d-random-21.scen,260
300,den520d.map,planner,1,63175,55232,392,392,56667,55232,134,0,0,False,den520d-random-21.scen,300
300,den520d.map,planner,1,63175,55232,392,392,56667,55232,131,0,0,True,den520d-random-21.scen,300
300,den520d.map,planner,1,63175,55232,392,392,56667,55232,133,0,1,False,den520d-random-21.scen,300
300,den520d.map,planner,1,63175,55232,392,392,56667,55232,131,0,1,True,den520d-random-21.scen,300
300,den520d.map,planner,1,63175,55232,392,392,56667,55232,133,0,10,False,den520d-random-21.scen,300
300,den520d.map,planner,1,63175,55232,392,392,56667,55232,134,0,10,True,den520d-random-21.scen,300
300,den520d.map,planner,1,63175,55232,392,392,56667,55232,130,0,100,False,den520d-random-21.scen,300
300,den520d.map,planner,1,63175,55232,392,392,56667,55232,127,0,100,True,den520d-random-21.scen,300
300,den520d.map,planner,1,63175,55232,392,392,56667,55232,129,0,1000,False,den520d-random-21.scen,300
300,den520d.map,planner,1,63175,55232,392,392,56667,55232,131,0,1000,True,den520d-random-21.scen,300
340,den520d.map,planner,1,72295,62382,392,392,64175,62382,168,0,0,False,den520d-random-21.scen,340
340,den520d.map,planner,1,72295,62382,392,392,64175,62382,151,0,0,True,den520d-random-21.scen,340
340,den520d.map,planner,1,72295,62382,392,392,64175,62382,148,0,1,False,den520d-random-21.scen,340
340,den520d.map,planner,1,72295,62382,392,392,64175,62382,147,0,1,True,den520d-random-21.scen,340
340,den520d.map,planner,1,72295,62382,392,392,64175,62382,152,0,10,False,den520d-random-21.scen,340
340,den520d.map,planner,1,72295,62382,392,392,64175,62382,154,0,10,True,den520d-random-21.scen,340
340,den520d.map,planner,1,72295,62382,392,392,64175,62382,154,0,100,False,den520d-random-21.scen,340
340,den520d.map,planner,1,72295,62382,392,392,64175,62382,154,0,100,True,den520d-random-21.scen,340
340,den520d.map,planner,1,72295,62382,392,392,64175,62382,153,0,1000,False,den520d-random-21.scen,340
340,den520d.map,planner,1,72295,62382,392,392,64175,62382,150,0,1000,True,den520d-random-21.scen,340
380,den520d.map,planner,1,82385,69736,392,392,72142,69736,168,0,0,False,den520d-random-21.scen,380
380,den520d.map,planner,1,82385,69736,392,392,72142,69736,185,0,0,True,den520d-random-21.scen,380
380,den520d.map,planner,1,82385,69736,392,392,72142,69736,167,0,1,False,den520d-random-21.scen,380
380,den520d.map,planner,1,82385,69736,392,392,72142,69736,148,0,1,True,den520d-random-21.scen,380
380,den520d.map,planner,1,82385,69736,392,392,72142,69736,168,0,10,False,den520d-random-21.scen,380
380,den520d.map,planner,1,82385,69736,392,392,72142,69736,169,0,10,True,den520d-random-21.scen,380
380,den520d.map,planner,1,82385,69736,392,392,72142,69736,175,0,100,False,den520d-random-21.scen,380
380,den520d.map,planner,1,82385,69736,392,392,72142,69736,174,0,100,True,den520d-random-21.scen,380
380,den520d.map,planner,1,82385,69736,392,392,72142,69736,169,0,1000,False,den520d-random-21.scen,380
380,den520d.map,planner,1,82385,69736,392,392,72142,69736,170,0,1000,True,den520d-random-21.scen,380
420,den520d.map,planner,1,91283,76643,392,392,79645,76643,189,0,0,False,den520d-random-21.scen,420
420,den520d.map,planner,1,91283,76643,392,392,79645,76643,192,0,0,True,den520d-random-21.scen,420
420,den520d.map,planner,1,91283,76643,392,392,79645,76643,182,0,1,False,den520d-random-21.scen,420
420,den520d.map,planner,1,91283,76643,392,392,79645,76643,189,0,1,True,den520d-random-21.scen,420
420,den520d.map,planner,1,91283,76643,392,392,79645,76643,186,0,10,False,den520d-random-21.scen,420
420,den520d.map,planner,1,91283,76643,392,392,79645,76643,183,0,10,True,den520d-random-21.scen,420
420,den520d.map,planner,1,91283,76643,392,392,79645,76643,185,0,100,False,den520d-random-21.scen,420
420,den520d.map,planner,1,91283,76643,392,392,79645,76643,189,0,100,True,den520d-random-21.scen,420
420,den520d.map,planner,1,91283,76643,392,392,79645,76643,190,0,1000,False,den520d-random-21.scen,420
420,den520d.map,planner,1,91283,76643,392,392,79645,76643,184,0,1000,True,den520d-random-21.scen,420
460,den520d.map,planner,1,100285,82546,392,392,85785,82546,202,0,0,False,den520d-random-21.scen,460
460,den520d.map,planner,1,100285,82546,392,392,85785,82546,205,0,0,True,den520d-random-21.scen,460
460,den520d.map,planner,1,100285,82546,392,392,85785,82546,203,0,1,False,den520d-random-21.scen,460
460,den520d.map,planner,1,100285,82546,392,392,85785,82546,211,0,1,True,den520d-random-21.scen,460
460,den520d.map,planner,1,100285,82546,392,392,85785,82546,205,0,10,False,den520d-random-21.scen,460
460,den520d.map,planner,1,100285,82546,392,392,85785,82546,217,0,10,True,den520d-random-21.scen,460
460,den520d.map,planner,1,100285,82546,392,392,85785,82546,205,0,100,False,den520d-random-21.scen,460
460,den520d.map,planner,1,100285,82546,392,392,85785,82546,204,0,100,True,den520d-random-21.scen,460
460,den520d.map,planner,1,100285,82546,392,392,85785,82546,207,0,1000,False,den520d-random-21.scen,460
460,den520d.map,planner,1,100285,82546,392,392,85785,82546,203,0,1000,True,den520d-random-21.scen,460
500,den520d.map,planner,1,110453,89007,393,392,93144,89007,224,0,0,False,den520d-random-21.scen,500
500,den520d.map,planner,1,110453,89007,393,392,93144,89007,215,0,0,True,den520d-random-21.scen,500
500,den520d.map,planner,1,110453,89007,393,392,93144,89007,223,0,1,False,den520d-random-21.scen,500
500,den520d.map,planner,1,110453,89007,393,392,93144,89007,224,0,1,True,den520d-random-21.scen,500
500,den520d.map,planner,1,110453,89007,393,392,93144,89007,220,0,10,False,den520d-random-21.scen,500
500,den520d.map,planner,1,110453,89007,393,392,93144,89007,220,0,10,True,den520d-random-21.scen,500
500,den520d.map,planner,1,110453,89007,393,392,93144,89007,216,0,100,False,den520d-random-21.scen,500
500,den520d.map,planner,1,110453,89007,393,392,93144,89007,227,0,100,True,den520d-random-21.scen,500
500,den520d.map,planner,1,110453,89007,393,392,93144,89007,224,0,1000,False,den520d-random-21.scen,500
500,den520d.map,planner,1,110453,89007,393,392,93144,89007,242,0,1000,True,den520d-random-21.scen,500
540,den520d.map,planner,1,120270,96226,392,392,100840,96226,244,0,0,False,den520d-random-21.scen,540
540,den520d.map,planner,1,120270,96226,392,392,100840,96226,245,0,0,True,den520d-random-21.scen,540
540,den520d.map,planner,1,120270,96226,392,392,100840,96226,242,0,1,False,den520d-random-21.scen,540
540,den520d.map,planner,1,120270,96226,392,392,100840,96226,243,0,1,True,den520d-random-21.scen,540
540,den520d.map,planner,1,120270,96226,392,392,100840,96226,239,0,10,False,den520d-random-21.scen,540
540,den520d.map,planner,1,120270,96226,392,392,100840,96226,241,0,10,True,den520d-random-21.scen,540
540,den520d.map,planner,1,120270,96226,392,392,100840,96226,258,0,100,False,den520d-random-21.scen,540
540,den520d.map,planner,1,120270,96226,392,392,100840,96226,245,0,100,True,den520d-random-21.scen,540
540,den520d.map,planner,1,120270,96226,392,392,100840,96226,242,0,1000,False,den520d-random-21.scen,540
540,den520d.map,planner,1,120270,96226,392,392,100840,96226,242,0,1000,True,den520d-random-21.scen,540
580,den520d.map,planner,1,129109,103779,392,392,109123,103779,260,0,0,False,den520d-random-21.scen,580
580,den520d.map,planner,1,129109,103779,392,392,109123,103779,266,0,0,True,den520d-random-21.scen,580
580,den520d.map,planner,1,129109,103779,392,392,109123,103779,256,0,1,False,den520d-random-21.scen,580
580,den520d.map,planner,1,129109,103779,392,392,109123,103779,256,0,1,True,den520d-random-21.scen,580
580,den520d.map,planner,1,129109,103779,392,392,109123,103779,268,0,10,False,den520d-random-21.scen,580
580,den520d.map,planner,1,129109,103779,392,392,109123,103779,262,0,10,True,den520d-random-21.scen,580
580,den520d.map,planner,1,129109,103779,392,392,109123,103779,267,0,100,False,den520d-random-21.scen,580
580,den520d.map,planner,1,129109,103779,392,392,109123,103779,262,0,100,True,den520d-random-21.scen,580
580,den520d.map,planner,1,129109,103779,392,392,109123,103779,262,0,1000,False,den520d-random-21.scen,580
580,den520d.map,planner,1,129109,103779,392,392,109123,103779,271,0,1000,True,den520d-random-21.scen,580
620,den520d.map,planner,1,138754,110544,395,392,116698,110544,278,0,0,False,den520d-random-21.scen,620
620,den520d.map,planner,1,138754,110544,395,392,116698,110544,281,0,0,True,den520d-random-21.scen,620
620,den520d.map,planner,1,138754,110544,395,392,116698,110544,300,0,1,False,den520d-random-21.scen,620
620,den520d.map,planner,1,138754,110544,395,392,116698,110544,281,0,1,True,den520d-random-21.scen,620
620,den520d.map,planner,1,138754,110544,395,392,116698,110544,272,0,10,False,den520d-random-21.scen,620
620,den520d.map,planner,1,138754,110544,395,392,116698,110544,286,0,10,True,den520d-random-21.scen,620
620,den520d.map,planner,1,138754,110544,395,392,116698,110544,305,0,100,False,den520d-random-21.scen,620
620,den520d.map,planner,1,138754,110544,395,392,116698,110544,303,0,100,True,den520d-random-21.scen,620
620,den520d.map,planner,1,138754,110544,395,392,116698,110544,284,0,1000,False,den520d-random-21.scen,620
620,den520d.map,planner,1,138754,110544,395,392,116698,110544,286,0,1000,True,den520d-random-21.scen,620
660,den520d.map,planner,1,148036,117890,392,392,124631,117890,298,0,0,False,den520d-random-21.scen,660
660,den520d.map,planner,1,148036,117890,392,392,124631,117890,303,0,0,True,den520d-random-21.scen,660
660,den520d.map,planner,1,148036,117890,392,392,124631,117890,294,0,1,False,den520d-random-21.scen,660
660,den520d.map,planner,1,148036,117890,392,392,124631,117890,302,0,1,True,den520d-random-21.scen,660
660,den520d.map,planner,1,148036,117890,392,392,124631,117890,304,0,10,False,den520d-random-21.scen,660
660,den520d.map,planner,1,148036,117890,392,392,124631,117890,304,0,10,True,den520d-random-21.scen,660
660,den520d.map,planner,1,148036,117890,392,392,124631,117890,315,0,100,False,den520d-random-21.scen,660
660,den520d.map,planner,1,148036,117890,392,392,124631,117890,308,0,100,True,den520d-random-21.scen,660
660,den520d.map,planner,1,148036,117890,392,392,124631,117890,304,0,1000,False,den520d-random-21.scen,660
660,den520d.map,planner,1,148036,117890,392,392,124631,117890,310,0,1000,True,den520d-random-21.scen,660
700,den520d.map,planner,1,158992,124714,395,392,132610,124714,309,0,0,False,den520d-random-21.scen,700
700,den520d.map,planner,1,158992,124714,395,392,132610,124714,330,0,0,True,den520d-random-21.scen,700
700,den520d.map,planner,1,158992,124714,395,392,132610,124714,318,0,1,False,den520d-random-21.scen,700
700,den520d.map,planner,1,158992,124714,395,392,132610,124714,323,0,1,True,den520d-random-21.scen,700
700,den520d.map,planner,1,158992,124714,395,392,132610,124714,349,0,10,False,den520d-random-21.scen,700
700,den520d.map,planner,1,158992,124714,395,392,132610,124714,319,0,10,True,den520d-random-21.scen,700
700,den520d.map,planner,1,158992,124714,395,392,132610,124714,317,0,100,False,den520d-random-21.scen,700
700,den520d.map,planner,1,158992,124714,395,392,132610,124714,324,0,100,True,den520d-random-21.scen,700
700,den520d.map,planner,1,158992,124714,395,392,132610,124714,311,0,1000,False,den520d-random-21.scen,700
700,den520d.map,planner,1,158992,124714,395,392,132610,124714,336,0,1000,True,den520d-random-21.scen,700
740,den520d.map,planner,1,168985,132049,392,392,140665,132049,332,0,0,False,den520d-random-21.scen,740
740,den520d.map,planner,1,168985,132049,392,392,140665,132049,342,0,0,True,den520d-random-21.scen,740
740,den520d.map,planner,1,168985,132049,392,392,140665,132049,329,0,1,False,den520d-random-21.scen,740
740,den520d.map,planner,1,168985,132049,392,392,140665,132049,327,0,1,True,den520d-random-21.scen,740
740,den520d.map,planner,1,168985,132049,392,392,140665,132049,364,0,10,False,den520d-random-21.scen,740
740,den520d.map,planner,1,168985,132049,392,392,140665,132049,336,0,10,True,den520d-random-21.scen,740
740,den520d.map,planner,1,168985,132049,392,392,140665,132049,335,0,100,False,den520d-random-21.scen,740
740,den520d.map,planner,1,168985,132049,392,392,140665,132049,340,0,100,True,den520d-random-21.scen,740
740,den520d.map,planner,1,168985,132049,392,392,140665,132049,341,0,1000,False,den520d-random-21.scen,740
740,den520d.map,planner,1,168985,132049,392,392,140665,132049,363,0,1000,True,den520d-random-21.scen,740
780,den520d.map,planner,1,176965,138087,394,392,147789,138087,350,0,0,False,den520d-random-21.scen,780
780,den520d.map,planner,1,176965,138087,394,392,147789,138087,357,0,0,True,den520d-random-21.scen,780
780,den520d.map,planner,1,176965,138087,394,392,147789,138087,351,0,1,False,den520d-random-21.scen,780
780,den520d.map,planner,1,176965,138087,394,392,147789,138087,357,0,1,True,den520d-random-21.scen,780
780,den520d.map,planner,1,176965,138087,394,392,147789,138087,358,0,10,False,den520d-random-21.scen,780
780,den520d.map,planner,1,176965,138087,394,392,147789,138087,353,0,10,True,den520d-random-21.scen,780
780,den520d.map,planner,1,176965,138087,394,392,147789,138087,362,0,100,False,den520d-random-21.scen,780
780,den520d.map,planner,1,176965,138087,394,392,147789,138087,356,0,100,True,den520d-random-21.scen,780
780,den520d.map,planner,1,176965,138087,394,392,147789,138087,367,0,1000,False,den520d-random-21.scen,780
780,den520d.map,planner,1,176965,138087,394,392,147789,138087,353,0,1000,True,den520d-random-21.scen,780
820,den520d.map,planner,1,190639,145733,394,392,156528,145733,379,0,0,False,den520d-random-21.scen,820
820,den520d.map,planner,1,190639,145733,394,392,156528,145733,379,0,0,True,den520d-random-21.scen,820
820,den520d.map,planner,1,190639,145733,394,392,156528,145733,381,0,1,False,den520d-random-21.scen,820
820,den520d.map,planner,1,190639,145733,394,392,156528,145733,361,0,1,True,den520d-random-21.scen,820
820,den520d.map,planner,1,190639,145733,394,392,156528,145733,374,0,10,False,den520d-random-21.scen,820
820,den520d.map,planner,1,190639,145733,394,392,156528,145733,411,0,10,True,den520d-random-21.scen,820
820,den520d.map,planner,1,190639,145733,394,392,156528,145733,387,0,100,False,den520d-random-21.scen,820
820,den520d.map,planner,1,190639,145733,394,392,156528,145733,387,0,100,True,den520d-random-21.scen,820
820,den520d.map,planner,1,190639,145733,394,392,156528,145733,373,0,1000,False,den520d-random-21.scen,820
820,den520d.map,planner,1,190639,145733,394,392,156528,145733,397,0,1000,True,den520d-random-21.scen,820
20,den520d.map,planner,1,4108,3975,344,344,3986,3975,7,0,0,False,den520d-random-20.scen,20
20,den520d.map,planner,1,4108,3975,344,344,3986,3975,11,0,0,True,den520d-random-20.scen,20
20,den520d.map,planner,1,4108,3975,344,344,3986,3975,7,0,1,False,den520d-random-20.scen,20
20,den520d.map,planner,1,4108,3975,344,344,3986,3975,7,0,1,True,den520d-random-20.scen,20
20,den520d.map,planner,1,4108,3975,344,344,3986,3975,7,0,10,False,den520d-random-20.scen,20
20,den520d.map,planner,1,4108,3975,344,344,3986,3975,7,0,10,True,den520d-random-20.scen,20
20,den520d.map,planner,1,4108,3975,344,344,3986,3975,7,0,100,False,den520d-random-20.scen,20
20,den520d.map,planner,1,4108,3975,344,344,3986,3975,8,0,100,True,den520d-random-20.scen,20
20,den520d.map,planner,1,4108,3975,344,344,3986,3975,8,0,1000,False,den520d-random-20.scen,20
20,den520d.map,planner,1,4108,3975,344,344,3986,3975,8,0,1000,True,den520d-random-20.scen,20
60,den520d.map,planner,1,11599,11410,347,347,11501,11410,26,0,0,False,den520d-random-20.scen,60
60,den520d.map,planner,1,11599,11410,347,347,11501,11410,18,0,0,True,den520d-random-20.scen,60
60,den520d.map,planner,1,11599,11410,347,347,11501,11410,19,0,1,False,den520d-random-20.scen,60
60,den520d.map,planner,1,11599,11410,347,347,11501,11410,24,0,1,True,den520d-random-20.scen,60
60,den520d.map,planner,1,11599,11410,347,347,11501,11410,22,0,10,False,den520d-random-20.scen,60
60,den520d.map,planner,1,11599,11410,347,347,11501,11410,23,0,10,True,den520d-random-20.scen,60
60,den520d.map,planner,1,11599,11410,347,347,11501,11410,25,0,100,False,den520d-random-20.scen,60
60,den520d.map,planner,1,11599,11410,347,347,11501,11410,24,0,100,True,den520d-random-20.scen,60
60,den520d.map,planner,1,11599,11410,347,347,11501,11410,24,0,1000,False,den520d-random-20.scen,60
60,den520d.map,planner,1,11599,11410,347,347,11501,11410,21,0,1000,True,den520d-random-20.scen,60
100,den520d.map,planner,1,18922,18213,347,347,18366,18213,39,0,0,False,den520d-random-20.scen,100
100,den520d.map,planner,1,18922,18213,347,347,18366,18213,39,0,0,True,den520d-random-20.scen,100
100,den520d.map,planner,1,18922,18213,347,347,18366,18213,38,0,1,False,den520d-random-20.scen,100
100,den520d.map,planner,1,18922,18213,347,347,18366,18213,35,0,1,True,den520d-random-20.scen,100
100,den520d.map,planner,1,18922,18213,347,347,18366,18213,36,0,10,False,den520d-random-20.scen,100
100,den520d.map,planner,1,18922,18213,347,347,18366,18213,42,0,10,True,den520d-random-20.scen,100
100,den520d.map,planner,1,18922,18213,347,347,18366,18213,40,0,100,False,den520d-random-20.scen,100
100,den520d.map,planner,1,18922,18213,347,347,18366,18213,40,0,100,True,den520d-random-20.scen,100
100,den520d.map,planner,1,18922,18213,347,347,18366,18213,32,0,1000,False,den520d-random-20.scen,100
100,den520d.map,planner,1,18922,18213,347,347,18366,18213,41,0,1000,True,den520d-random-20.scen,100
140,den520d.map,planner,1,27173,25212,368,368,25580,25212,55,0,0,False,den520d-random-20.scen,140
140,den520d.map,planner,1,27173,25212,368,368,25580,25212,58,0,0,True,den520d-random-20.scen,140
140,den520d.map,planner,1,27173,25212,368,368,25580,25212,55,0,1,False,den520d-random-20.scen,140
140,den520d.map,planner,1,27173,25212,368,368,25580,25212,57,0,1,True,den520d-random-20.scen,140
140,den520d.map,planner,1,27173,25212,368,368,25580,25212,50,0,10,False,den520d-random-20.scen,140
140,den520d.map,planner,1,27173,25212,368,368,25580,25212,54,0,10,True,den520d-random-20.scen,140
140,den520d.map,planner,1,27173,25212,368,368,25580,25212,50,0,100,False,den520d-random-20.scen,140
140,den520d.map,planner,1,27173,25212,368,368,25580,25212,50,0,100,True,den520d-random-20.scen,140
140,den520d.map,planner,1,27173,25212,368,368,25580,25212,60,0,1000,False,den520d-random-20.scen,140
140,den520d.map,planner,1,27173,25212,368,368,25580,25212,61,0,1000,True,den520d-random-20.scen,140
180,den520d.map,planner,1,35243,31721,368,368,32264,31721,75,0,0,False,den520d-random-20.scen,180
180,den520d.map,planner,1,35243,31721,368,368,32264,31721,86,0,0,True,den520d-random-20.scen,180
180,den520d.map,planner,1,35243,31721,368,368,32264,31721,62,0,1,False,den520d-random-20.scen,180
180,den520d.map,planner,1,35243,31721,368,368,32264,31721,78,0,1,True,den520d-random-20.scen,180
180,den520d.map,planner,1,35243,31721,368,368,32264,31721,60,0,10,False,den520d-random-20.scen,180
180,den520d.map,planner,1,35243,31721,368,368,32264,31721,73,0,10,True,den520d-random-20.scen,180
180,den520d.map,planner,1,35243,31721,368,368,32264,31721,59,0,100,False,den520d-random-20.scen,180
180,den520d.map,planner,1,35243,31721,368,368,32264,31721,60,0,100,True,den520d-random-20.scen,180
180,den520d.map,planner,1,35243,31721,368,368,32264,31721,74,0,1000,False,den520d-random-20.scen,180
180,den520d.map,planner,1,35243,31721,368,368,32264,31721,70,0,1000,True,den520d-random-20.scen,180
220,den520d.map,planner,1,43824,39113,368,368,39933,39113,91,0,0,False,den520d-random-20.scen,220
220,den520d.map,planner,1,43824,39113,368,368,39933,39113,85,0,0,True,den520d-random-20.scen,220
220,den520d.map,planner,1,43824,39113,368,368,39933,39113,96,0,1,False,den520d-random-20.scen,220
220,den520d.map,planner,1,43824,39113,368,368,39933,39113,94,0,1,True,den520d-random-20.scen,220
220,den520d.map,planner,1,43824,39113,368,368,39933,39113,91,0,10,False,den520d-random-20.scen,220
220,den520d.map,planner,1,43824,39113,368,368,39933,39113,91,0,10,True,den520d-random-20.scen,220
220,den520d.map,planner,1,43824,39113,368,368,39933,39113,100,0,100,False,den520d-random-20.scen,220
220,den520d.map,planner,1,43824,39113,368,368,39933,39113,102,0,100,True,den520d-random-20.scen,220
220,den520d.map,planner,1,43824,39113,368,368,39933,39113,94,0,1000,False,den520d-random-20.scen,220
220,den520d.map,planner,1,43824,39113,368,368,39933,39113,91,0,1000,True,den520d-random-20.scen,220
260,den520d.map,planner,1,52063,45486,368,368,46813,45486,107,0,0,False,den520d-random-20.scen,260
260,den520d.map,planner,1,52063,45486,368,368,46813,45486,115,0,0,True,den520d-random-20.scen,260
260,den520d.map,planner,1,52063,45486,368,368,46813,45486,116,0,1,False,den520d-random-20.scen,260
260,den520d.map,planner,1,52063,45486,368,368,46813,45486,110,0,1,True,den520d-random-20.scen,260
260,den520d.map,planner,1,52063,45486,368,368,46813,45486,99,0,10,False,den520d-random-20.scen,260
260,den520d.map,planner,1,52063,45486,368,368,46813,45486,108,0,10,True,den520d-random-20.scen,260
260,den520d.map,planner,1,52063,45486,368,368,46813,45486,108,0,100,False,den520d-random-20.scen,260
260,den520d.map,planner,1,52063,45486,368,368,46813,45486,107,0,100,True,den520d-random-20.scen,260
260,den520d.map,planner,1,52063,45486,368,368,46813,45486,102,0,1000,False,den520d-random-20.scen,260
260,den520d.map,planner,1,52063,45486,368,368,46813,45486,118,0,1000,True,den520d-random-20.scen,260
300,den520d.map,planner,1,61160,52713,368,368,54352,52713,122,0,0,False,den520d-random-20.scen,300
300,den520d.map,planner,1,61160,52713,368,368,54352,52713,127,0,0,True,den520d-random-20.scen,300
300,den520d.map,planner,1,61160,52713,368,368,54352,52713,126,0,1,False,den520d-random-20.scen,300
300,den520d.map,planner,1,61160,52713,368,368,54352,52713,124,0,1,True,den520d-random-20.scen,300
300,den520d.map,planner,1,61160,52713,368,368,54352,52713,122,0,10,False,den520d-random-20.scen,300
300,den520d.map,planner,1,61160,52713,368,368,54352,52713,113,0,10,True,den520d-random-20.scen,300
300,den520d.map,planner,1,61160,52713,368,368,54352,52713,115,0,100,False,den520d-random-20.scen,300
300,den520d.map,planner,1,61160,52713,368,368,54352,52713,124,0,100,True,den520d-random-20.scen,300
300,den520d.map,planner,1,61160,52713,368,368,54352,52713,125,0,1000,False,den520d-random-20.scen,300
300,den520d.map,planner,1,61160,52713,368,368,54352,52713,120,0,1000,True,den520d-random-20.scen,300
340,den520d.map,planner,1,70686,59493,368,368,61732,59493,142,0,0,False,den520d-random-20.scen,340
340,den520d.map,planner,1,70686,59493,368,368,61732,59493,145,0,0,True,den520d-random-20.scen,340
340,den520d.map,planner,1,70686,59493,368,368,61732,59493,140,0,1,False,den520d-random-20.scen,340
340,den520d.map,planner,1,70686,59493,368,368,61732,59493,145,0,1,True,den520d-random-20.scen,340
340,den520d.map,planner,1,70686,59493,368,368,61732,59493,143,0,10,False,den520d-random-20.scen,340
340,den520d.map,planner,1,70686,59493,368,368,61732,59493,143,0,10,True,den520d-random-20.scen,340
340,den520d.map,planner,1,70686,59493,368,368,61732,59493,132,0,100,False,den520d-random-20.scen,340
340,den520d.map,planner,1,70686,59493,368,368,61732,59493,143,0,100,True,den520d-random-20.scen,340
340,den520d.map,planner,1,70686,59493,368,368,61732,59493,142,0,1000,False,den520d-random-20.scen,340
340,den520d.map,planner,1,70686,59493,368,368,61732,59493,140,0,1000,True,den520d-random-20.scen,340
380,den520d.map,planner,1,78176,65997,395,395,68462,65997,156,0,0,False,den520d-random-20.scen,380
380,den520d.map,planner,1,78176,65997,395,395,68462,65997,152,0,0,True,den520d-random-20.scen,380
380,den520d.map,planner,1,78176,65997,395,395,68462,65997,163,0,1,False,den520d-random-20.scen,380
380,den520d.map,planner,1,78176,65997,395,395,68462,65997,161,0,1,True,den520d-random-20.scen,380
380,den520d.map,planner,1,78176,65997,395,395,68462,65997,172,0,10,False,den520d-random-20.scen,380
380,den520d.map,planner,1,78176,65997,395,395,68462,65997,156,0,10,True,den520d-random-20.scen,380
380,den520d.map,planner,1,78176,65997,395,395,68462,65997,150,0,100,False,den520d-random-20.scen,380
380,den520d.map,planner,1,78176,65997,395,395,68462,65997,141,0,100,True,den520d-random-20.scen,380
380,den520d.map,planner,1,78176,65997,395,395,68462,65997,165,0,1000,False,den520d-random-20.scen,380
380,den520d.map,planner,1,78176,65997,395,395,68462,65997,175,0,1000,True,den520d-random-20.scen,380
420,den520d.map,planner,1,87463,72926,395,395,75950,72926,180,0,0,False,den520d-random-20.scen,420
420,den520d.map,planner,1,87463,72926,395,395,75950,72926,183,0,0,True,den520d-random-20.scen,420
420,den520d.map,planner,1,87463,72926,395,395,75950,72926,175,0,1,False,den520d-random-20.scen,420
420,den520d.map,planner,1,87463,72926,395,395,75950,72926,176,0,1,True,den520d-random-20.scen,420
420,den520d.map,planner,1,87463,72926,395,395,75950,72926,185,0,10,False,den520d-random-20.scen,420
420,den520d.map,planner,1,87463,72926,395,395,75950,72926,178,0,10,True,den520d-random-20.scen,420
420,den520d.map,planner,1,87463,72926,395,395,75950,72926,171,0,100,False,den520d-random-20.scen,420
420,den520d.map,planner,1,87463,72926,395,395,75950,72926,174,0,100,True,den520d-random-20.scen,420
420,den520d.map,planner,1,87463,72926,395,395,75950,72926,176,0,1000,False,den520d-random-20.scen,420
420,den520d.map,planner,1,87463,72926,395,395,75950,72926,177,0,1000,True,den520d-random-20.scen,420
460,den520d.map,planner,1,96447,80406,395,395,84072,80406,198,0,0,False,den520d-random-20.scen,460
460,den520d.map,planner,1,96447,80406,395,395,84072,80406,199,0,0,True,den520d-random-20.scen,460
460,den520d.map,planner,1,96447,80406,395,395,84072,80406,213,0,1,False,den520d-random-20.scen,460
460,den520d.map,planner,1,96447,80406,395,395,84072,80406,210,0,1,True,den520d-random-20.scen,460
460,den520d.map,planner,1,96447,80406,395,395,84072,80406,194,0,10,False,den520d-random-20.scen,460
460,den520d.map,planner,1,96447,80406,395,395,84072,80406,196,0,10,True,den520d-random-20.scen,460
460,den520d.map,planner,1,96447,80406,395,395,84072,80406,192,0,100,False,den520d-random-20.scen,460
460,den520d.map,planner,1,96447,80406,395,395,84072,80406,210,0,100,True,den520d-random-20.scen,460
460,den520d.map,planner,1,96447,80406,395,395,84072,80406,189,0,1000,False,den520d-random-20.scen,460
460,den520d.map,planner,1,96447,80406,395,395,84072,80406,196,0,1000,True,den520d-random-20.scen,460
500,den520d.map,planner,1,106377,87788,395,395,91783,87788,223,0,0,False,den520d-random-20.scen,500
500,den520d.map,planner,1,106377,87788,395,395,91783,87788,227,0,0,True,den520d-random-20.scen,500
500,den520d.map,planner,1,106377,87788,395,395,91783,87788,220,0,1,False,den520d-random-20.scen,500
500,den520d.map,planner,1,106377,87788,395,395,91783,87788,219,0,1,True,den520d-random-20.scen,500
500,den520d.map,planner,1,106377,87788,395,395,91783,87788,215,0,10,False,den520d-random-20.scen,500
500,den520d.map,planner,1,106377,87788,395,395,91783,87788,231,0,10,True,den520d-random-20.scen,500
500,den520d.map,planner,1,106377,87788,395,395,91783,87788,216,0,100,False,den520d-random-20.scen,500
500,den520d.map,planner,1,106377,87788,395,395,91783,87788,218,0,100,True,den520d-random-20.scen,500
500,den520d.map,planner,1,106377,87788,395,395,91783,87788,223,0,1000,False,den520d-random-20.scen,500
500,den520d.map,planner,1,106377,87788,395,395,91783,87788,227,0,1000,True,den520d-random-20.scen,500
540,den520d.map,planner,1,116368,94579,395,395,99101,94579,230,0,0,False,den520d-random-20.scen,540
540,den520d.map,planner,1,116368,94579,395,395,99101,94579,229,0,0,True,den520d-random-20.scen,540
540,den520d.map,planner,1,116368,94579,395,395,99101,94579,241,0,1,False,den520d-random-20.scen,540
540,den520d.map,planner,1,116368,94579,395,395,99101,94579,237,0,1,True,den520d-random-20.scen,540
540,den520d.map,planner,1,116368,94579,395,395,99101,94579,241,0,10,False,den520d-random-20.scen,540
540,den520d.map,planner,1,116368,94579,395,395,99101,94579,233,0,10,True,den520d-random-20.scen,540
540,den520d.map,planner,1,116368,94579,395,395,99101,94579,260,0,100,False,den520d-random-20.scen,540
540,den520d.map,planner,1,116368,94579,395,395,99101,94579,232,0,100,True,den520d-random-20.scen,540
540,den520d.map,planner,1,116368,94579,395,395,99101,94579,233,0,1000,False,den520d-random-20.scen,540
540,den520d.map,planner,1,116368,94579,395,395,99101,94579,232,0,1000,True,den520d-random-20.scen,540
580,den520d.map,planner,1,124334,101505,395,395,106958,101505,257,0,0,False,den520d-random-20.scen,580
580,den520d.map,planner,1,124334,101505,395,395,106958,101505,259,0,0,True,den520d-random-20.scen,580
580,den520d.map,planner,1,124334,101505,395,395,106958,101505,258,0,1,False,den520d-random-20.scen,580
580,den520d.map,planner,1,124334,101505,395,395,106958,101505,258,0,1,True,den520d-random-20.scen,580
580,den520d.map,planner,1,124334,101505,395,395,106958,101505,238,0,10,False,den520d-random-20.scen,580
580,den520d.map,planner,1,124334,101505,395,395,106958,101505,242,0,10,True,den520d-random-20.scen,580
580,den520d.map,planner,1,124334,101505,395,395,106958,101505,276,0,100,False,den520d-random-20.scen,580
580,den520d.map,planner,1,124334,101505,395,395,106958,101505,258,0,100,True,den520d-random-20.scen,580
580,den520d.map,planner,1,124334,101505,395,395,106958,101505,239,0,1000,False,den520d-random-20.scen,580
580,den520d.map,planner,1,124334,101505,395,395,106958,101505,263,0,1000,True,den520d-random-20.scen,580
620,den520d.map,planner,1,133217,108168,395,395,114188,108168,276,0,0,False,den520d-random-20.scen,620
620,den520d.map,planner,1,133217,108168,395,395,114188,108168,268,0,0,True,den520d-random-20.scen,620
620,den520d.map,planner,1,133217,108168,395,395,114188,108168,271,0,1,False,den520d-random-20.scen,620
620,den520d.map,planner,1,133217,108168,395,395,114188,108168,270,0,1,True,den520d-random-20.scen,620
620,den520d.map,planner,1,133217,108168,395,395,114188,108168,283,0,10,False,den520d-random-20.scen,620
620,den520d.map,planner,1,133217,108168,395,395,114188,108168,259,0,10,True,den520d-random-20.scen,620
620,den520d.map,planner,1,133217,108168,395,395,114188,108168,263,0,100,False,den520d-random-20.scen,620
620,den520d.map,planner,1,133217,108168,395,395,114188,108168,283,0,100,True,den520d-random-20.scen,620
620,den520d.map,planner,1,133217,108168,395,395,114188,108168,267,0,1000,False,den520d-random-20.scen,620
620,den520d.map,planner,1,133217,108168,395,395,114188,108168,267,0,1000,True,den520d-random-20.scen,620
660,den520d.map,planner,1,145182,115878,395,395,123000,115878,297,0,0,False,den520d-random-20.scen,660
660,den520d.map,planner,1,145182,115878,395,395,123000,115878,307,0,0,True,den520d-random-20.scen,660
660,den520d.map,planner,1,145182,115878,395,395,123000,115878,295,0,1,False,den520d-random-20.scen,660
660,den520d.map,planner,1,145182,115878,395,395,123000,115878,295,0,1,True,den520d-random-20.scen,660
660,den520d.map,planner,1,145182,115878,395,395,123000,115878,315,0,10,False,den520d-random-20.scen,660
660,den520d.map,planner,1,145182,115878,395,395,123000,115878,301,0,10,True,den520d-random-20.scen,660
660,den520d.map,planner,1,145182,115878,395,395,123000,115878,291,0,100,False,den520d-random-20.scen,660
660,den520d.map,planner,1,145182,115878,395,395,123000,115878,302,0,100,True,den520d-random-20.scen,660
660,den520d.map,planner,1,145182,115878,395,395,123000,115878,281,0,1000,False,den520d-random-20.scen,660
660,den520d.map,planner,1,145182,115878,395,395,123000,115878,293,0,1000,True,den520d-random-20.scen,660
700,den520d.map,planner,1,155228,122819,395,395,131085,122819,318,0,0,False,den520d-random-20.scen,700
700,den520d.map,planner,1,155228,122819,395,395,131085,122819,323,0,0,True,den520d-random-20.scen,700
700,den520d.map,planner,1,155228,122819,395,395,131085,122819,310,0,1,False,den520d-random-20.scen,700
700,den520d.map,planner,1,155228,122819,395,395,131085,122819,322,0,1,True,den520d-random-20.scen,700
700,den520d.map,planner,1,155228,122819,395,395,131085,122819,302,0,10,False,den520d-random-20.scen,700
700,den520d.map,planner,1,155228,122819,395,395,131085,122819,329,0,10,True,den520d-random-20.scen,700
700,den520d.map,planner,1,155228,122819,395,395,131085,122819,319,0,100,False,den520d-random-20.scen,700
700,den520d.map,planner,1,155228,122819,395,395,131085,122819,320,0,100,True,den520d-random-20.scen,700
700,den520d.map,planner,1,155228,122819,395,395,131085,122819,314,0,1000,False,den520d-random-20.scen,700
700,den520d.map,planner,1,155228,122819,395,395,131085,122819,316,0,1000,True,den520d-random-20.scen,700
740,den520d.map,planner,1,165855,130804,395,395,139892,130804,361,0,0,False,den520d-random-20.scen,740
740,den520d.map,planner,1,165855,130804,395,395,139892,130804,333,0,0,True,den520d-random-20.scen,740
740,den520d.map,planner,1,165855,130804,395,395,139892,130804,329,0,1,False,den520d-random-20.scen,740
740,den520d.map,planner,1,165855,130804,395,395,139892,130804,334,0,1,True,den520d-random-20.scen,740
740,den520d.map,planner,1,165855,130804,395,395,139892,130804,344,0,10,False,den520d-random-20.scen,740
740,den520d.map,planner,1,165855,130804,395,395,139892,130804,348,0,10,True,den520d-random-20.scen,740
740,den520d.map,planner,1,165855,130804,395,395,139892,130804,356,0,100,False,den520d-random-20.scen,740
740,den520d.map,planner,1,165855,130804,395,395,139892,130804,333,0,100,True,den520d-random-20.scen,740
740,den520d.map,planner,1,165855,130804,395,395,139892,130804,333,0,1000,False,den520d-random-20.scen,740
740,den520d.map,planner,1,165855,130804,395,395,139892,130804,342,0,1000,True,den520d-random-20.scen,740
780,den520d.map,planner,1,176174,138048,395,395,147922,138048,374,0,0,False,den520d-random-20.scen,780
780,den520d.map,planner,1,176174,138048,395,395,147922,138048,362,0,0,True,den520d-random-20.scen,780
780,den520d.map,planner,1,176174,138048,395,395,147922,138048,379,0,1,False,den520d-random-20.scen,780
780,den520d.map,planner,1,176174,138048,395,395,147922,138048,346,0,1,True,den520d-random-20.scen,780
780,den520d.map,planner,1,176174,138048,395,395,147922,138048,350,0,10,False,den520d-random-20.scen,780
780,den520d.map,planner,1,176174,138048,395,395,147922,138048,357,0,10,True,den520d-random-20.scen,780
780,den520d.map,planner,1,176174,138048,395,395,147922,138048,342,0,100,False,den520d-random-20.scen,780
780,den520d.map,planner,1,176174,138048,395,395,147922,138048,348,0,100,True,den520d-random-20.scen,780
780,den520d.map,planner,1,176174,138048,395,395,147922,138048,352,0,1000,False,den520d-random-20.scen,780
780,den520d.map,planner,1,176174,138048,395,395,147922,138048,368,0,1000,True,den520d-random-20.scen,780
820,den520d.map,planner,1,187236,145628,395,395,156712,145628,367,0,0,False,den520d-random-20.scen,820
820,den520d.map,planner,1,187236,145628,395,395,156712,145628,398,0,0,True,den520d-random-20.scen,820
820,den520d.map,planner,1,187236,145628,395,395,156712,145628,366,0,1,False,den520d-random-20.scen,820
820,den520d.map,planner,1,187236,145628,395,395,156712,145628,374,0,1,True,den520d-random-20.scen,820
820,den520d.map,planner,1,187236,145628,395,395,156712,145628,388,0,10,False,den520d-random-20.scen,820
820,den520d.map,planner,1,187236,145628,395,395,156712,145628,380,0,10,True,den520d-random-20.scen,820
820,den520d.map,planner,1,187236,145628,395,395,156712,145628,374,0,100,False,den520d-random-20.scen,820
820,den520d.map,planner,1,187236,145628,395,395,156712,145628,387,0,100,True,den520d-random-20.scen,820
820,den520d.map,planner,1,187236,145628,395,395,156712,145628,384,0,1000,False,den520d-random-20.scen,820
820,den520d.map,planner,1,187236,145628,395,395,156712,145628,381,0,1000,True,den520d-random-20.scen,820
20,den520d.map,planner,1,2888,2888,313,313,2888,2888,6,0,0,False,den520d-random-23.scen,20
20,den520d.map,planner,1,2888,2888,313,313,2888,2888,6,0,0,True,den520d-random-23.scen,20
20,den520d.map,planner,1,2888,2888,313,313,2888,2888,6,0,1,False,den520d-random-23.scen,20
20,den520d.map,planner,1,2888,2888,313,313,2888,2888,6,0,1,True,den520d-random-23.scen,20
20,den520d.map,planner,1,2888,2888,313,313,2888,2888,7,0,10,False,den520d-random-23.scen,20
20,den520d.map,planner,1,2888,2888,313,313,2888,2888,6,0,10,True,den520d-random-23.scen,20
20,den520d.map,planner,1,2888,2888,313,313,2888,2888,6,0,100,False,den520d-random-23.scen,20
20,den520d.map,planner,1,2888,2888,313,313,2888,2888,7,0,100,True,den520d-random-23.scen,20
20,den520d.map,planner,1,2888,2888,313,313,2888,2888,7,0,1000,False,den520d-random-23.scen,20
20,den520d.map,planner,1,2888,2888,313,313,2888,2888,6,0,1000,True,den520d-random-23.scen,20
60,den520d.map,planner,1,10651,10006,359,359,10078,10006,22,0,0,False,den520d-random-23.scen,60
60,den520d.map,planner,1,10651,10006,359,359,10078,10006,18,0,0,True,den520d-random-23.scen,60
60,den520d.map,planner,1,10651,10006,359,359,10078,10006,24,0,1,False,den520d-random-23.scen,60
60,den520d.map,planner,1,10651,10006,359,359,10078,10006,23,0,1,True,den520d-random-23.scen,60
60,den520d.map,planner,1,10651,10006,359,359,10078,10006,23,0,10,False,den520d-random-23.scen,60
60,den520d.map,planner,1,10651,10006,359,359,10078,10006,24,0,10,True,den520d-random-23.scen,60
60,den520d.map,planner,1,10651,10006,359,359,10078,10006,26,0,100,False,den520d-random-23.scen,60
60,den520d.map,planner,1,10651,10006,359,359,10078,10006,20,0,100,True,den520d-random-23.scen,60
60,den520d.map,planner,1,10651,10006,359,359,10078,10006,20,0,1000,False,den520d-random-23.scen,60
60,den520d.map,planner,1,10651,10006,359,359,10078,10006,23,0,1000,True,den520d-random-23.scen,60
100,den520d.map,planner,1,18516,17346,359,359,17461,17346,42,0,0,False,den520d-random-23.scen,100
100,den520d.map,planner,1,18516,17346,359,359,17461,17346,38,0,0,True,den520d-random-23.scen,100
100,den520d.map,planner,1,18516,17346,359,359,17461,17346,43,0,1,False,den520d-random-23.scen,100
100,den520d.map,planner,1,18516,17346,359,359,17461,17346,40,0,1,True,den520d-random-23.scen,100
100,den520d.map,planner,1,18516,17346,359,359,17461,17346,41,0,10,False,den520d-random-23.scen,100
100,den520d.map,planner,1,18516,17346,359,359,17461,17346,41,0,10,True,den520d-random-23.scen,100
100,den520d.map,planner,1,18516,17346,359,359,17461,17346,43,0,100,False,den520d-random-23.scen,100
100,den520d.map,planner,1,18516,17346,359,359,17461,17346,40,0,100,True,den520d-random-23.scen,100
100,den520d.map,planner,1,18516,17346,359,359,17461,17346,42,0,1000,False,den520d-random-23.scen,100
100,den520d.map,planner,1,18516,17346,359,359,17461,17346,39,0,1000,True,den520d-random-23.scen,100
140,den520d.map,planner,1,26449,24492,371,371,24819,24492,63,0,0,False,den520d-random-23.scen,140
140,den520d.map,planner,1,26449,24492,371,371,24819,24492,63,0,0,True,den520d-random-23.scen,140
140,den520d.map,planner,1,26449,24492,371,371,24819,24492,59,0,1,False,den520d-random-23.scen,140
140,den520d.map,planner,1,26449,24492,371,371,24819,24492,57,0,1,True,den520d-random-23.scen,140
140,den520d.map,planner,1,26449,24492,371,371,24819,24492,64,0,10,False,den520d-random-23.scen,140
140,den520d.map,planner,1,26449,24492,371,371,24819,24492,60,0,10,True,den520d-random-23.scen,140
140,den520d.map,planner,1,26449,24492,371,371,24819,24492,58,0,100,False,den520d-random-23.scen,140
140,den520d.map,planner,1,26449,24492,371,371,24819,24492,58,0,100,True,den520d-random-23.scen,140
140,den520d.map,planner,1,26449,24492,371,371,24819,24492,61,0,1000,False,den520d-random-23.scen,140
140,den520d.map,planner,1,26449,24492,371,371,24819,24492,58,0,1000,True,den520d-random-23.scen,140
180,den520d.map,planner,1,34357,31482,371,371,32030,31482,74,0,0,False,den520d-random-23.scen,180
180,den520d.map,planner,1,34357,31482,371,371,32030,31482,75,0,0,True,den520d-random-23.scen,180
180,den520d.map,planner,1,34357,31482,371,371,32030,31482,70,0,1,False,den520d-random-23.scen,180
180,den520d.map,planner,1,34357,31482,371,371,32030,31482,77,0,1,True,den520d-random-23.scen,180
180,den520d.map,planner,1,34357,31482,371,371,32030,31482,78,0,10,False,den520d-random-23.scen,180
180,den520d.map,planner,1,34357,31482,371,371,32030,31482,73,0,10,True,den520d-random-23.scen,180
180,den520d.map,planner,1,34357,31482,371,371,32030,31482,75,0,100,False,den520d-random-23.scen,180
180,den520d.map,planner,1,34357,31482,371,371,32030,31482,73,0,100,True,den520d-random-23.scen,180
180,den520d.map,planner,1,34357,31482,371,371,32030,31482,74,0,1000,False,den520d-random-23.scen,180
180,den520d.map,planner,1,34357,31482,371,371,32030,31482,78,0,1000,True,den520d-random-23.scen,180
220,den520d.map,planner,1,42028,38151,371,371,38947,38151,90,0,0,False,den520d-random-23.scen,220
220,den520d.map,planner,1,42028,38151,371,371,38947,38151,94,0,0,True,den520d-random-23.scen,220
220,den520d.map,planner,1,42028,38151,371,371,38947,38151,91,0,1,False,den520d-random-23.scen,220
220,den520d.map,planner,1,42028,38151,371,371,38947,38151,91,0,1,True,den520d-random-23.scen,220
220,den520d.map,planner,1,42028,38151,371,371,38947,38151,97,0,10,False,den520d-random-23.scen,220
220,den520d.map,planner,1,42028,38151,371,371,38947,38151,96,0,10,True,den520d-random-23.scen,220
220,den520d.map,planner,1,42028,38151,371,371,38947,38151,98,0,100,False,den520d-random-23.scen,220
220,den520d.map,planner,1,42028,38151,371,371,38947,38151,93,0,100,True,den520d-random-23.scen,220
220,den520d.map,planner,1,42028,38151,371,371,38947,38151,90,0,1000,False,den520d-random-23.scen,220
220,den520d.map,planner,1,42028,38151,371,371,38947,38151,91,0,1000,True,den520d-random-23.scen,220
260,den520d.map,planner,1,51713,46184,373,371,47428,46184,114,0,0,False,den520d-random-23.scen,260
260,den520d.map,planner,1,51713,46184,373,371,47428,46184,112,0,0,True,den520d-random-23.scen,260
260,den520d.map,planner,1,51713,46184,373,371,47428,46184,112,0,1,False,den520d-random-23.scen,260
260,den520d.map,planner,1,51713,46184,373,371,47428,46184,116,0,1,True,den520d-random-23.scen,260
260,den520d.map,planner,1,51713,46184,373,371,47428,46184,105,0,10,False,den520d-random-23.scen,260
260,den520d.map,planner,1,51713,46184,373,371,47428,46184,112,0,10,True,den520d-random-23.scen,260
260,den520d.map,planner,1,51713,46184,373,371,47428,46184,111,0,100,False,den520d-random-23.scen,260
260,den520d.map,planner,1,51713,46184,373,371,47428,46184,112,0,100,True,den520d-random-23.scen,260
260,den520d.map,planner,1,51713,46184,373,371,47428,46184,111,0,1000,False,den520d-random-23.scen,260
260,den520d.map,planner,1,51713,46184,373,371,47428,46184,110,0,1000,True,den520d-random-23.scen,260
300,den520d.map,planner,1,59028,51732,371,371,53194,51732,136,0,0,False,den520d-random-23.scen,300
300,den520d.map,planner,1,59028,51732,371,371,53194,51732,131,0,0,True,den520d-random-23.scen,300
300,den520d.map,planner,1,59028,51732,371,371,53194,51732,127,0,1,False,den520d-random-23.scen,300
300,den520d.map,planner,1,59028,51732,371,371,53194,51732,125,0,1,True,den520d-random-23.scen,300
300,den520d.map,planner,1,59028,51732,371,371,53194,51732,117,0,10,False,den520d-random-23.scen,300
300,den520d.map,planner,1,59028,51732,371,371,53194,51732,127,0,10,True,den520d-random-23.scen,300
300,den520d.map,planner,1,59028,51732,371,371,53194,51732,132,0,100,False,den520d-random-23.scen,300
300,den520d.map,planner,1,59028,51732,371,371,53194,51732,129,0,100,True,den520d-random-23.scen,300
300,den520d.map,planner,1,59028,51732,371,371,53194,51732,128,0,1000,False,den520d-random-23.scen,300
300,den520d.map,planner,1,59028,51732,371,371,53194,51732,129,0,1000,True,den520d-random-23.scen,300
340,den520d.map,planner,1,67269,58783,376,376,60956,58783,143,0,0,False,den520d-random-23.scen,340
340,den520d.map,planner,1,67269,58783,376,376,60956,58783,151,0,0,True,den520d-random-23.scen,340
340,den520d.map,planner,1,67269,58783,376,376,60956,58783,155,0,1,False,den520d-random-23.scen,340
340,den520d.map,planner,1,67269,58783,376,376,60956,58783,138,0,1,True,den520d-random-23.scen,340
340,den520d.map,planner,1,67269,58783,376,376,60956,58783,145,0,10,False,den520d-random-23.scen,340
340,den520d.map,planner,1,67269,58783,376,376,60956,58783,149,0,10,True,den520d-random-23.scen,340
340,den520d.map,planner,1,67269,58783,376,376,60956,58783,144,0,100,False,den520d-random-23.scen,340
340,den520d.map,planner,1,67269,58783,376,376,60956,58783,146,0,100,True,den520d-random-23.scen,340
340,den520d.map,planner,1,67269,58783,376,376,60956,58783,153,0,1000,False,den520d-random-23.scen,340
340,den520d.map,planner,1,67269,58783,376,376,60956,58783,146,0,1000,True,den520d-random-23.scen,340
380,den520d.map,planner,1,76424,65415,387,387,67769,65415,170,0,0,False,den520d-random-23.scen,380
380,den520d.map,planner,1,76424,65415,387,387,67769,65415,167,0,0,True,den520d-random-23.scen,380
380,den520d.map,planner,1,76424,65415,387,387,67769,65415,166,0,1,False,den520d-random-23.scen,380
380,den520d.map,planner,1,76424,65415,387,387,67769,65415,163,0,1,True,den520d-random-23.scen,380
380,den520d.map,planner,1,76424,65415,387,387,67769,65415,155,0,10,False,den520d-random-23.scen,380
380,den520d.map,planner,1,76424,65415,387,387,67769,65415,170,0,10,True,den520d-random-23.scen,380
380,den520d.map,planner,1,76424,65415,387,387,67769,65415,173,0,100,False,den520d-random-23.scen,380
380,den520d.map,planner,1,76424,65415,387,387,67769,65415,174,0,100,True,den520d-random-23.scen,380
380,den520d.map,planner,1,76424,65415,387,387,67769,65415,171,0,1000,False,den520d-random-23.scen,380
380,den520d.map,planner,1,76424,65415,387,387,67769,65415,167,0,1000,True,den520d-random-23.scen,380
420,den520d.map,planner,1,86028,72348,387,387,75139,72348,185,0,0,False,den520d-random-23.scen,420
420,den520d.map,planner,1,86028,72348,387,387,75139,72348,186,0,0,True,den520d-random-23.scen,420
420,den520d.map,planner,1,86028,72348,387,387,75139,72348,187,0,1,False,den520d-random-23.scen,420
420,den520d.map,planner,1,86028,72348,387,387,75139,72348,203,0,1,True,den520d-random-23.scen,420
420,den520d.map,planner,1,86028,72348,387,387,75139,72348,184,0,10,False,den520d-random-23.scen,420
420,den520d.map,planner,1,86028,72348,387,387,75139,72348,181,0,10,True,den520d-random-23.scen,420
420,den520d.map,planner,1,86028,72348,387,387,75139,72348,171,0,100,False,den520d-random-23.scen,420
420,den520d.map,planner,1,86028,72348,387,387,75139,72348,180,0,100,True,den520d-random-23.scen,420
420,den520d.map,planner,1,86028,72348,387,387,75139,72348,184,0,1000,False,den520d-random-23.scen,420
420,den520d.map,planner,1,86028,72348,387,387,75139,72348,182,0,1000,True,den520d-random-23.scen,420
460,den520d.map,planner,1,95025,79785,387,387,83198,79785,202,0,0,False,den520d-random-23.scen,460
460,den520d.map,planner,1,95025,79785,387,387,83198,79785,211,0,0,True,den520d-random-23.scen,460
460,den520d.map,planner,1,95025,79785,387,387,83198,79785,224,0,1,False,den520d-random-23.scen,460
460,den520d.map,planner,1,95025,79785,387,387,83198,79785,203,0,1,True,den520d-random-23.scen,460
460,den520d.map,planner,1,95025,79785,387,387,83198,79785,203,0,10,False,den520d-random-23.scen,460
460,den520d.map,planner,1,95025,79785,387,387,83198,79785,198,0,10,True,den520d-random-23.scen,460
460,den520d.map,planner,1,95025,79785,387,387,83198,79785,214,0,100,False,den520d-random-23.scen,460
460,den520d.map,planner,1,95025,79785,387,387,83198,79785,202,0,100,True,den520d-random-23.scen,460
460,den520d.map,planner,1,95025,79785,387,387,83198,79785,206,0,1000,False,den520d-random-23.scen,460
460,den520d.map,planner,1,95025,79785,387,387,83198,79785,202,0,1000,True,den520d-random-23.scen,460
500,den520d.map,planner,1,105671,87206,387,387,91364,87206,243,0,0,False,den520d-random-23.scen,500
500,den520d.map,planner,1,105671,87206,387,387,91364,87206,216,0,0,True,den520d-random-23.scen,500
500,den520d.map,planner,1,105671,87206,387,387,91364,87206,221,0,1,False,den520d-random-23.scen,500
500,den520d.map,planner,1,105671,87206,387,387,91364,87206,221,0,1,True,den520d-random-23.scen,500
500,den520d.map,planner,1,105671,87206,387,387,91364,87206,229,0,10,False,den520d-random-23.scen,500
500,den520d.map,planner,1,105671,87206,387,387,91364,87206,220,0,10,True,den520d-random-23.scen,500
500,den520d.map,planner,1,105671,87206,387,387,91364,87206,225,0,100,False,den520d-random-23.scen,500
500,den520d.map,planner,1,105671,87206,387,387,91364,87206,222,0,100,True,den520d-random-23.scen,500
500,den520d.map,planner,1,105671,87206,387,387,91364,87206,224,0,1000,False,den520d-random-23.scen,500
500,den520d.map,planner,1,105671,87206,387,387,91364,87206,236,0,1000,True,den520d-random-23.scen,500
540,den520d.map,planner,1,114093,94262,394,394,98696,94262,246,0,0,False,den520d-random-23.scen,540
540,den520d.map,planner,1,114093,94262,394,394,98696,94262,259,0,0,True,den520d-random-23.scen,540
540,den520d.map,planner,1,114093,94262,394,394,98696,94262,241,0,1,False,den520d-random-23.scen,540
540,den520d.map,planner,1,114093,94262,394,394,98696,94262,239,0,1,True,den520d-random-23.scen,540
540,den520d.map,planner,1,114093,94262,394,394,98696,94262,240,0,10,False,den520d-random-23.scen,540
540,den520d.map,planner,1,114093,94262,394,394,98696,94262,250,0,10,True,den520d-random-23.scen,540
540,den520d.map,planner,1,114093,94262,394,394,98696,94262,236,0,100,False,den520d-random-23.scen,540
540,den520d.map,planner,1,114093,94262,394,394,98696,94262,248,0,100,True,den520d-random-23.scen,540
540,den520d.map,planner,1,114093,94262,394,394,98696,94262,251,0,1000,False,den520d-random-23.scen,540
540,den520d.map,planner,1,114093,94262,394,394,98696,94262,239,0,1000,True,den520d-random-23.scen,540
580,den520d.map,planner,1,122631,100238,394,394,105206,100238,253,0,0,False,den520d-random-23.scen,580
580,den520d.map,planner,1,122631,100238,394,394,105206,100238,281,0,0,True,den520d-random-23.scen,580
580,den520d.map,planner,1,122631,100238,394,394,105206,100238,253,0,1,False,den520d-random-23.scen,580
580,den520d.map,planner,1,122631,100238,394,394,105206,100238,255,0,1,True,den520d-random-23.scen,580
580,den520d.map,planner,1,122631,100238,394,394,105206,100238,259,0,10,False,den520d-random-23.scen,580
580,den520d.map,planner,1,122631,100238,394,394,105206,100238,251,0,10,True,den520d-random-23.scen,580
580,den520d.map,planner,1,122631,100238,394,394,105206,100238,258,0,100,False,den520d-random-23.scen,580
580,den520d.map,planner,1,122631,100238,394,394,105206,100238,262,0,100,True,den520d-random-23.scen,580
580,den520d.map,planner,1,122631,100238,394,394,105206,100238,248,0,1000,False,den520d-random-23.scen,580
580,den520d.map,planner,1,122631,100238,394,394,105206,100238,259,0,1000,True,den520d-random-23.scen,580
620,den520d.map,planner,1,133090,107907,394,394,113791,107907,278,0,0,False,den520d-random-23.scen,620
620,den520d.map,planner,1,133090,107907,394,394,113791,107907,294,0,0,True,den520d-random-23.scen,620
620,den520d.map,planner,1,133090,107907,394,394,113791,107907,268,0,1,False,den520d-random-23.scen,620
620,den520d.map,planner,1,133090,107907,394,394,113791,107907,282,0,1,True,den520d-random-23.scen,620
620,den520d.map,planner,1,133090,107907,394,394,113791,107907,279,0,10,False,den520d-random-23.scen,620
620,den520d.map,planner,1,133090,107907,394,394,113791,107907,288,0,10,True,den520d-random-23.scen,620
620,den520d.map,planner,1,133090,107907,394,394,113791,107907,275,0,100,False,den520d-random-23.scen,620
620,den520d.map,planner,1,133090,107907,394,394,113791,107907,282,0,100,True,den520d-random-23.scen,620
620,den520d.map,planner,1,133090,107907,394,394,113791,107907,271,0,1000,False,den520d-random-23.scen,620
620,den520d.map,planner,1,133090,107907,394,394,113791,107907,285,0,1000,True,den520d-random-23.scen,620
660,den520d.map,planner,1,141644,114184,394,394,120743,114184,308,0,0,False,den520d-random-23.scen,660
660,den520d.map,planner,1,141644,114184,394,394,120743,114184,294,0,0,True,den520d-random-23.scen,660
660,den520d.map,planner,1,141644,114184,394,394,120743,114184,299,0,1,False,den520d-random-23.scen,660
660,den520d.map,planner,1,141644,114184,394,394,120743,114184,303,0,1,True,den520d-random-23.scen,660
660,den520d.map,planner,1,141644,114184,394,394,120743,114184,296,0,10,False,den520d-random-23.scen,660
660,den520d.map,planner,1,141644,114184,394,394,120743,114184,317,0,10,True,den520d-random-23.scen,660
660,den520d.map,planner,1,141644,114184,394,394,120743,114184,297,0,100,False,den520d-random-23.scen,660
660,den520d.map,planner,1,141644,114184,394,394,120743,114184,295,0,100,True,den520d-random-23.scen,660
660,den520d.map,planner,1,141644,114184,394,394,120743,114184,306,0,1000,False,den520d-random-23.scen,660
660,den520d.map,planner,1,141644,114184,394,394,120743,114184,320,0,1000,True,den520d-random-23.scen,660
700,den520d.map,planner,1,150933,120972,394,394,128283,120972,314,0,0,False,den520d-random-23.scen,700
700,den520d.map,planner,1,150933,120972,394,394,128283,120972,346,0,0,True,den520d-random-23.scen,700
700,den520d.map,planner,1,150933,120972,394,394,128283,120972,328,0,1,False,den520d-random-23.scen,700
700,den520d.map,planner,1,150933,120972,394,394,128283,120972,322,0,1,True,den520d-random-23.scen,700
700,den520d.map,planner,1,150933,120972,394,394,128283,120972,312,0,10,False,den520d-random-23.scen,700
700,den520d.map,planner,1,150933,120972,394,394,128283,120972,305,0,10,True,den520d-random-23.scen,700
700,den520d.map,planner,1,150933,120972,394,394,128283,120972,307,0,100,False,den520d-random-23.scen,700
700,den520d.map,planner,1,150933,120972,394,394,128283,120972,309,0,100,True,den520d-random-23.scen,700
700,den520d.map,planner,1,150933,120972,394,394,128283,120972,319,0,1000,False,den520d-random-23.scen,700
700,den520d.map,planner,1,150933,120972,394,394,128283,120972,316,0,1000,True,den520d-random-23.scen,700
740,den520d.map,planner,1,160383,128064,394,394,136011,128064,339,0,0,False,den520d-random-23.scen,740
740,den520d.map,planner,1,160383,128064,394,394,136011,128064,332,0,0,True,den520d-random-23.scen,740
740,den520d.map,planner,1,160383,128064,394,394,136011,128064,337,0,1,False,den520d-random-23.scen,740
740,den520d.map,planner,1,160383,128064,394,394,136011,128064,345,0,1,True,den520d-random-23.scen,740
740,den520d.map,planner,1,160383,128064,394,394,136011,128064,333,0,10,False,den520d-random-23.scen,740
740,den520d.map,planner,1,160383,128064,394,394,136011,128064,334,0,10,True,den520d-random-23.scen,740
740,den520d.map,planner,1,160383,128064,394,394,136011,128064,336,0,100,False,den520d-random-23.scen,740
740,den520d.map,planner,1,160383,128064,394,394,136011,128064,327,0,100,True,den520d-random-23.scen,740
740,den520d.map,planner,1,160383,128064,394,394,136011,128064,327,0,1000,False,den520d-random-23.scen,740
740,den520d.map,planner,1,160383,128064,394,394,136011,128064,359,0,1000,True,den520d-random-23.scen,740
780,den520d.map,planner,1,171907,134821,394,394,144331,134821,337,0,0,False,den520d-random-23.scen,780
780,den520d.map,planner,1,171907,134821,394,394,144331,134821,360,0,0,True,den520d-random-23.scen,780
780,den520d.map,planner,1,171907,134821,394,394,144331,134821,352,0,1,False,den520d-random-23.scen,780
780,den520d.map,planner,1,171907,134821,394,394,144331,134821,357,0,1,True,den520d-random-23.scen,780
780,den520d.map,planner,1,171907,134821,394,394,144331,134821,338,0,10,False,den520d-random-23.scen,780
780,den520d.map,planner,1,171907,134821,394,394,144331,134821,354,0,10,True,den520d-random-23.scen,780
780,den520d.map,planner,1,171907,134821,394,394,144331,134821,353,0,100,False,den520d-random-23.scen,780
780,den520d.map,planner,1,171907,134821,394,394,144331,134821,369,0,100,True,den520d-random-23.scen,780
780,den520d.map,planner,1,171907,134821,394,394,144331,134821,347,0,1000,False,den520d-random-23.scen,780
780,den520d.map,planner,1,171907,134821,394,394,144331,134821,379,0,1000,True,den520d-random-23.scen,780
820,den520d.map,planner,1,181669,141409,394,394,152082,141409,367,0,0,False,den520d-random-23.scen,820
820,den520d.map,planner,1,181669,141409,394,394,152082,141409,365,0,0,True,den520d-random-23.scen,820
