agents,map_file,solver,solved,soc,soc_lb,makespan,makespan_lb,sum_of_loss,sum_of_loss_lb,comp_time,seed,Opti_Deadline,Bool_Opti,Scenario_File,N
20,warehouse-10-20-10-2-1.map,planner,1,1705,1542,175,175,1652,1542,1,0,0,False,warehouse-10-20-10-2-1-random-16.scen,20
20,warehouse-10-20-10-2-1.map,planner,1,1705,1542,175,175,1652,1542,1,0,0,True,warehouse-10-20-10-2-1-random-16.scen,20
20,warehouse-10-20-10-2-1.map,planner,1,1705,1542,175,175,1652,1542,1,0,1,False,warehouse-10-20-10-2-1-random-16.scen,20
20,warehouse-10-20-10-2-1.map,planner,1,1705,1542,175,175,1652,1542,1,0,1,True,warehouse-10-20-10-2-1-random-16.scen,20
20,warehouse-10-20-10-2-1.map,planner,1,1705,1542,175,175,1652,1542,1,0,10,False,warehouse-10-20-10-2-1-random-16.scen,20
20,warehouse-10-20-10-2-1.map,planner,1,1705,1542,175,175,1652,1542,1,0,10,True,warehouse-10-20-10-2-1-random-16.scen,20
20,warehouse-10-20-10-2-1.map,planner,1,1705,1542,175,175,1652,1542,1,0,100,False,warehouse-10-20-10-2-1-random-16.scen,20
20,warehouse-10-20-10-2-1.map,planner,1,1705,1542,175,175,1652,1542,1,0,100,True,warehouse-10-20-10-2-1-random-16.scen,20
20,warehouse-10-20-10-2-1.map,planner,1,1705,1542,175,175,1652,1542,1,0,1000,False,warehouse-10-20-10-2-1-random-16.scen,20
20,warehouse-10-20-10-2-1.map,planner,1,1705,1542,175,175,1652,1542,1,0,1000,True,warehouse-10-20-10-2-1-random-16.scen,20
60,warehouse-10-20-10-2-1.map,planner,1,6617,5554,194,194,6138,5554,5,0,0,False,warehouse-10-20-10-2-1-random-16.scen,60
60,warehouse-10-20-10-2-1.map,planner,1,6617,5554,194,194,6138,5554,5,0,0,True,warehouse-10-20-10-2-1-random-16.scen,60
60,warehouse-10-20-10-2-1.map,planner,1,6617,5554,194,194,6138,5554,5,0,1,False,warehouse-10-20-10-2-1-random-16.scen,60
60,warehouse-10-20-10-2-1.map,planner,1,7031,5554,194,194,6288,5554,5,0,1,True,warehouse-10-20-10-2-1-random-16.scen,60
60,warehouse-10-20-10-2-1.map,planner,1,6617,5554,194,194,6138,5554,5,0,10,False,warehouse-10-20-10-2-1-random-16.scen,60
60,warehouse-10-20-10-2-1.map,planner,1,7031,5554,194,194,6288,5554,5,0,10,True,warehouse-10-20-10-2-1-random-16.scen,60
60,warehouse-10-20-10-2-1.map,planner,1,6617,5554,194,194,6138,5554,5,0,100,False,warehouse-10-20-10-2-1-random-16.scen,60
60,warehouse-10-20-10-2-1.map,planner,1,7031,5554,194,194,6288,5554,5,0,100,True,warehouse-10-20-10-2-1-random-16.scen,60
60,warehouse-10-20-10-2-1.map,planner,1,6617,5554,194,194,6138,5554,5,0,1000,False,warehouse-10-20-10-2-1-random-16.scen,60
60,warehouse-10-20-10-2-1.map,planner,1,7031,5554,194,194,6288,5554,5,0,1000,True,warehouse-10-20-10-2-1-random-16.scen,60
100,warehouse-10-20-10-2-1.map,planner,1,11936,8918,239,194,10688,8918,490,0,0,False,warehouse-10-20-10-2-1-random-16.scen,100
100,warehouse-10-20-10-2-1.map,planner,1,11936,8918,239,194,10688,8918,496,0,0,True,warehouse-10-20-10-2-1-random-16.scen,100
100,warehouse-10-20-10-2-1.map,planner,1,11936,8918,239,194,10688,8918,477,0,1,False,warehouse-10-20-10-2-1-random-16.scen,100
100,warehouse-10-20-10-2-1.map,planner,1,13191,8918,264,194,11257,8918,11,0,1,True,warehouse-10-20-10-2-1-random-16.scen,100
100,warehouse-10-20-10-2-1.map,planner,1,11936,8918,239,194,10688,8918,474,0,10,False,warehouse-10-20-10-2-1-random-16.scen,100
100,warehouse-10-20-10-2-1.map,planner,1,13191,8918,264,194,11257,8918,11,0,10,True,warehouse-10-20-10-2-1-random-16.scen,100
100,warehouse-10-20-10-2-1.map,planner,1,11936,8918,239,194,10688,8918,497,0,100,False,warehouse-10-20-10-2-1-random-16.scen,100
100,warehouse-10-20-10-2-1.map,planner,1,13191,8918,264,194,11257,8918,11,0,100,True,warehouse-10-20-10-2-1-random-16.scen,100
100,warehouse-10-20-10-2-1.map,planner,1,11936,8918,239,194,10688,8918,475,0,1000,False,warehouse-10-20-10-2-1-random-16.scen,100
100,warehouse-10-20-10-2-1.map,planner,1,13191,8918,264,194,11257,8918,11,0,1000,True,warehouse-10-20-10-2-1-random-16.scen,100
140,warehouse-10-20-10-2-1.map,planner,1,18098,11786,334,194,15585,11786,1362,0,0,False,warehouse-10-20-10-2-1-random-16.scen,140
140,warehouse-10-20-10-2-1.map,planner,1,18098,11786,334,194,15585,11786,1379,0,0,True,warehouse-10-20-10-2-1-random-16.scen,140
140,warehouse-10-20-10-2-1.map,planner,1,18098,11786,334,194,15585,11786,1350,0,1,False,warehouse-10-20-10-2-1-random-16.scen,140
140,warehouse-10-20-10-2-1.map,planner,1,31240,11786,925,194,23246,11786,1131,0,1,True,warehouse-10-20-10-2-1-random-16.scen,140
140,warehouse-10-20-10-2-1.map,planner,1,18098,11786,334,194,15585,11786,1420,0,10,False,warehouse-10-20-10-2-1-random-16.scen,140
140,warehouse-10-20-10-2-1.map,planner,1,31240,11786,925,194,23246,11786,1193,0,10,True,warehouse-10-20-10-2-1-random-16.scen,140
140,warehouse-10-20-10-2-1.map,planner,1,18098,11786,334,194,15585,11786,1346,0,100,False,warehouse-10-20-10-2-1-random-16.scen,140
140,warehouse-10-20-10-2-1.map,planner,1,31240,11786,925,194,23246,11786,1172,0,100,True,warehouse-10-20-10-2-1-random-16.scen,140
140,warehouse-10-20-10-2-1.map,planner,1,18098,11786,334,194,15585,11786,1359,0,1000,False,warehouse-10-20-10-2-1-random-16.scen,140
140,warehouse-10-20-10-2-1.map,planner,1,31240,11786,925,194,23246,11786,1149,0,1000,True,warehouse-10-20-10-2-1-random-16.scen,140
180,warehouse-10-20-10-2-1.map,planner,1,22584,14584,346,194,19471,14584,1684,0,0,False,warehouse-10-20-10-2-1-random-16.scen,180
180,warehouse-10-20-10-2-1.map,planner,1,22584,14584,346,194,19471,14584,1665,0,0,True,warehouse-10-20-10-2-1-random-16.scen,180
180,warehouse-10-20-10-2-1.map,planner,1,22584,14584,346,194,19471,14584,1653,0,1,False,warehouse-10-20-10-2-1-random-16.scen,180
180,warehouse-10-20-10-2-1.map,planner,1,44414,14584,1087,194,32974,14584,878,0,1,True,warehouse-10-20-10-2-1-random-16.scen,180
180,warehouse-10-20-10-2-1.map,planner,1,22584,14584,346,194,19471,14584,1675,0,10,False,warehouse-10-20-10-2-1-random-16.scen,180
180,warehouse-10-20-10-2-1.map,planner,1,44414,14584,1087,194,32974,14584,899,0,10,True,warehouse-10-20-10-2-1-random-16.scen,180
180,warehouse-10-20-10-2-1.map,planner,1,22584,14584,346,194,19471,14584,1647,0,100,False,warehouse-10-20-10-2-1-random-16.scen,180
180,warehouse-10-20-10-2-1.map,planner,1,44414,14584,1087,194,32974,14584,887,0,100,True,warehouse-10-20-10-2-1-random-16.scen,180
180,warehouse-10-20-10-2-1.map,planner,1,22584,14584,346,194,19471,14584,1650,0,1000,False,warehouse-10-20-10-2-1-random-16.scen,180
180,warehouse-10-20-10-2-1.map,planner,1,44414,14584,1087,194,32974,14584,882,0,1000,True,warehouse-10-20-10-2-1-random-16.scen,180
220,warehouse-10-20-10-2-1.map,planner,1,29321,17636,457,194,25511,17636,2609,0,0,False,warehouse-10-20-10-2-1-random-16.scen,220
220,warehouse-10-20-10-2-1.map,planner,1,29321,17636,457,194,25511,17636,2693,0,0,True,warehouse-10-20-10-2-1-random-16.scen,220
220,warehouse-10-20-10-2-1.map,planner,1,29321,17636,457,194,25511,17636,2613,0,1,False,warehouse-10-20-10-2-1-random-16.scen,220
220,warehouse-10-20-10-2-1.map,planner,1,87133,17636,1887,194,58047,17636,3785,0,1,True,warehouse-10-20-10-2-1-random-16.scen,220
220,warehouse-10-20-10-2-1.map,planner,1,29321,17636,457,194,25511,17636,2692,0,10,False,warehouse-10-20-10-2-1-random-16.scen,220
220,warehouse-10-20-10-2-1.map,planner,1,92740,17636,2096,194,60849,17636,4857,0,10,True,warehouse-10-20-10-2-1-random-16.scen,220
220,warehouse-10-20-10-2-1.map,planner,1,29321,17636,457,194,25511,17636,2635,0,100,False,warehouse-10-20-10-2-1-random-16.scen,220
220,warehouse-10-20-10-2-1.map,planner,1,96966,17636,2166,194,61989,17636,9028,0,100,True,warehouse-10-20-10-2-1-random-16.scen,220
220,warehouse-10-20-10-2-1.map,planner,1,29321,17636,457,194,25511,17636,2657,0,1000,False,warehouse-10-20-10-2-1-random-16.scen,220
220,warehouse-10-20-10-2-1.map,planner,1,96966,17636,2166,194,61989,17636,8836,0,1000,True,warehouse-10-20-10-2-1-random-16.scen,220
260,warehouse-10-20-10-2-1.map,planner,1,36666,20646,468,194,30572,20646,1882,0,0,False,warehouse-10-20-10-2-1-random-16.scen,260
260,warehouse-10-20-10-2-1.map,planner,1,36666,20646,468,194,30572,20646,1932,0,0,True,warehouse-10-20-10-2-1-random-16.scen,260
260,warehouse-10-20-10-2-1.map,planner,1,36666,20646,468,194,30572,20646,1859,0,1,False,warehouse-10-20-10-2-1-random-16.scen,260
260,warehouse-10-20-10-2-1.map,planner,1,36666,20646,468,194,30572,20646,1877,0,10,False,warehouse-10-20-10-2-1-random-16.scen,260
260,warehouse-10-20-10-2-1.map,planner,1,219011,20646,3355,194,128635,20646,16917,0,10,True,warehouse-10-20-10-2-1-random-16.scen,260
260,warehouse-10-20-10-2-1.map,planner,1,36666,20646,468,194,30572,20646,1858,0,100,False,warehouse-10-20-10-2-1-random-16.scen,260
260,warehouse-10-20-10-2-1.map,planner,1,218560,20646,3595,194,129206,20646,18931,0,100,True,warehouse-10-20-10-2-1-random-16.scen,260
260,warehouse-10-20-10-2-1.map,planner,1,36666,20646,468,194,30572,20646,1913,0,1000,False,warehouse-10-20-10-2-1-random-16.scen,260
260,warehouse-10-20-10-2-1.map,planner,1,218560,20646,3595,194,129206,20646,18726,0,1000,True,warehouse-10-20-10-2-1-random-16.scen,260
300,warehouse-10-20-10-2-1.map,planner,1,49875,23661,797,194,41484,23661,37664,0,0,False,warehouse-10-20-10-2-1-random-16.scen,300
300,warehouse-10-20-10-2-1.map,planner,1,49875,23661,797,194,41484,23661,38423,0,0,True,warehouse-10-20-10-2-1-random-16.scen,300
300,warehouse-10-20-10-2-1.map,planner,1,49875,23661,797,194,41484,23661,37258,0,1,False,warehouse-10-20-10-2-1-random-16.scen,300
300,warehouse-10-20-10-2-1.map,planner,1,147943,23661,2212,194,87906,23661,6110,0,1,True,warehouse-10-20-10-2-1-random-16.scen,300
300,warehouse-10-20-10-2-1.map,planner,1,49875,23661,797,194,41484,23661,37757,0,10,False,warehouse-10-20-10-2-1-random-16.scen,300
300,warehouse-10-20-10-2-1.map,planner,1,49875,23661,797,194,41484,23661,37757,0,10,True,warehouse-10-20-10-2-1-random-16.scen,300
300,warehouse-10-20-10-2-1.map,planner,1,49875,23661,797,194,41484,23661,37227,0,100,False,warehouse-10-20-10-2-1-random-16.scen,300
300,warehouse-10-20-10-2-1.map,planner,1,49875,23661,797,194,41484,23661,37227,0,100,True,warehouse-10-20-10-2-1-random-16.scen,300
300,warehouse-10-20-10-2-1.map,planner,1,49875,23661,797,194,41484,23661,38130,0,1000,False,warehouse-10-20-10-2-1-random-16.scen,300
60,ht_chantry.map,planner,1,5796,5191,190,190,5416,5191,5,0,1000,True,warehouse-10-20-10-2-1-random-16.scen,300
20,warehouse-10-20-10-2-1.map,planner,1,1750,1552,185,185,1653,1552,1,0,0,False,warehouse-10-20-10-2-1-random-17.scen,20
20,warehouse-10-20-10-2-1.map,planner,1,1750,1552,185,185,1653,1552,1,0,0,True,warehouse-10-20-10-2-1-random-17.scen,20
20,warehouse-10-20-10-2-1.map,planner,1,1750,1552,185,185,1653,1552,1,0,1,False,warehouse-10-20-10-2-1-random-17.scen,20
20,warehouse-10-20-10-2-1.map,planner,1,1750,1552,185,185,1653,1552,1,0,1,True,warehouse-10-20-10-2-1-random-17.scen,20
20,warehouse-10-20-10-2-1.map,planner,1,1750,1552,185,185,1653,1552,1,0,10,False,warehouse-10-20-10-2-1-random-17.scen,20
20,warehouse-10-20-10-2-1.map,planner,1,1750,1552,185,185,1653,1552,1,0,10,True,warehouse-10-20-10-2-1-random-17.scen,20
20,warehouse-10-20-10-2-1.map,planner,1,1750,1552,185,185,1653,1552,1,0,100,False,warehouse-10-20-10-2-1-random-17.scen,20
20,warehouse-10-20-10-2-1.map,planner,1,1750,1552,185,185,1653,1552,1,0,100,True,warehouse-10-20-10-2-1-random-17.scen,20
20,warehouse-10-20-10-2-1.map,planner,1,1750,1552,185,185,1653,1552,1,0,1000,False,warehouse-10-20-10-2-1-random-17.scen,20
20,warehouse-10-20-10-2-1.map,planner,1,1750,1552,185,185,1653,1552,1,0,1000,True,warehouse-10-20-10-2-1-random-17.scen,20
60,warehouse-10-20-10-2-1.map,planner,1,6151,5221,185,185,5675,5221,5,0,0,False,warehouse-10-20-10-2-1-random-17.scen,60
60,warehouse-10-20-10-2-1.map,planner,1,6151,5221,185,185,5675,5221,5,0,0,True,warehouse-10-20-10-2-1-random-17.scen,60
60,warehouse-10-20-10-2-1.map,planner,1,6151,5221,185,185,5675,5221,5,0,1,False,warehouse-10-20-10-2-1-random-17.scen,60
60,warehouse-10-20-10-2-1.map,planner,1,6129,5221,208,185,5713,5221,5,0,1,True,warehouse-10-20-10-2-1-random-17.scen,60
60,warehouse-10-20-10-2-1.map,planner,1,6151,5221,185,185,5675,5221,5,0,10,False,warehouse-10-20-10-2-1-random-17.scen,60
60,warehouse-10-20-10-2-1.map,planner,1,6129,5221,208,185,5713,5221,5,0,10,True,warehouse-10-20-10-2-1-random-17.scen,60
60,warehouse-10-20-10-2-1.map,planner,1,6151,5221,185,185,5675,5221,5,0,100,False,warehouse-10-20-10-2-1-random-17.scen,60
60,warehouse-10-20-10-2-1.map,planner,1,6129,5221,208,185,5713,5221,5,0,100,True,warehouse-10-20-10-2-1-random-17.scen,60
60,warehouse-10-20-10-2-1.map,planner,1,6151,5221,185,185,5675,5221,5,0,1000,False,warehouse-10-20-10-2-1-random-17.scen,60
60,warehouse-10-20-10-2-1.map,planner,1,6129,5221,208,185,5713,5221,5,0,1000,True,warehouse-10-20-10-2-1-random-17.scen,60
100,warehouse-10-20-10-2-1.map,planner,1,11938,8671,289,185,10814,8671,587,0,0,False,warehouse-10-20-10-2-1-random-17.scen,100
100,warehouse-10-20-10-2-1.map,planner,1,11938,8671,289,185,10814,8671,597,0,0,True,warehouse-10-20-10-2-1-random-17.scen,100
100,warehouse-10-20-10-2-1.map,planner,1,11938,8671,289,185,10814,8671,598,0,1,False,warehouse-10-20-10-2-1-random-17.scen,100
100,warehouse-10-20-10-2-1.map,planner,1,12870,8671,354,185,11172,8671,152,0,1,True,warehouse-10-20-10-2-1-random-17.scen,100
100,warehouse-10-20-10-2-1.map,planner,1,11938,8671,289,185,10814,8671,604,0,10,False,warehouse-10-20-10-2-1-random-17.scen,100
100,warehouse-10-20-10-2-1.map,planner,1,12870,8671,354,185,11172,8671,149,0,10,True,warehouse-10-20-10-2-1-random-17.scen,100
100,warehouse-10-20-10-2-1.map,planner,1,11938,8671,289,185,10814,8671,586,0,100,False,warehouse-10-20-10-2-1-random-17.scen,100
100,warehouse-10-20-10-2-1.map,planner,1,12870,8671,354,185,11172,8671,149,0,100,True,warehouse-10-20-10-2-1-random-17.scen,100
100,warehouse-10-20-10-2-1.map,planner,1,11938,8671,289,185,10814,8671,583,0,1000,False,warehouse-10-20-10-2-1-random-17.scen,100
100,warehouse-10-20-10-2-1.map,planner,1,12870,8671,354,185,11172,8671,155,0,1000,True,warehouse-10-20-10-2-1-random-17.scen,100
140,warehouse-10-20-10-2-1.map,planner,1,16640,11456,282,185,15208,11456,1086,0,0,False,warehouse-10-20-10-2-1-random-17.scen,140
140,warehouse-10-20-10-2-1.map,planner,1,16640,11456,282,185,15208,11456,1087,0,0,True,warehouse-10-20-10-2-1-random-17.scen,140
140,warehouse-10-20-10-2-1.map,planner,1,16640,11456,282,185,15208,11456,1091,0,1,False,warehouse-10-20-10-2-1-random-17.scen,140
140,warehouse-10-20-10-2-1.map,planner,1,27340,11456,925,185,22359,11456,13358,0,1,True,warehouse-10-20-10-2-1-random-17.scen,140
140,warehouse-10-20-10-2-1.map,planner,1,16640,11456,282,185,15208,11456,1099,0,10,False,warehouse-10-20-10-2-1-random-17.scen,140
140,warehouse-10-20-10-2-1.map,planner,1,27340,11456,925,185,22359,11456,13115,0,10,True,warehouse-10-20-10-2-1-random-17.scen,140
140,warehouse-10-20-10-2-1.map,planner,1,16640,11456,282,185,15208,11456,1095,0,100,False,warehouse-10-20-10-2-1-random-17.scen,140
140,warehouse-10-20-10-2-1.map,planner,1,27340,11456,925,185,22359,11456,13269,0,100,True,warehouse-10-20-10-2-1-random-17.scen,140
140,warehouse-10-20-10-2-1.map,planner,1,16640,11456,282,185,15208,11456,1102,0,1000,False,warehouse-10-20-10-2-1-random-17.scen,140
140,warehouse-10-20-10-2-1.map,planner,1,27340,11456,925,185,22359,11456,13039,0,1000,True,warehouse-10-20-10-2-1-random-17.scen,140
180,warehouse-10-20-10-2-1.map,planner,1,29841,14387,712,185,25013,14387,16264,0,0,False,warehouse-10-20-10-2-1-random-17.scen,180
180,warehouse-10-20-10-2-1.map,planner,1,29841,14387,712,185,25013,14387,16682,0,0,True,warehouse-10-20-10-2-1-random-17.scen,180
180,warehouse-10-20-10-2-1.map,planner,1,29841,14387,712,185,25013,14387,16345,0,1,False,warehouse-10-20-10-2-1-random-17.scen,180
180,warehouse-10-20-10-2-1.map,planner,1,29841,14387,712,185,25013,14387,16423,0,10,False,warehouse-10-20-10-2-1-random-17.scen,180
180,warehouse-10-20-10-2-1.map,planner,1,29841,14387,712,185,25013,14387,16344,0,100,False,warehouse-10-20-10-2-1-random-17.scen,180
140,random-32-32-20.map,planner,1,4871,3174,57,49,4389,3174,2,0,1000,False,warehouse-10-20-10-2-1-random-17.scen,180
20,warehouse-10-20-10-2-1.map,planner,1,1445,1369,167,167,1396,1369,1,0,0,False,warehouse-10-20-10-2-1-random-9.scen,20
20,warehouse-10-20-10-2-1.map,planner,1,1445,1369,167,167,1396,1369,1,0,0,True,warehouse-10-20-10-2-1-random-9.scen,20
20,warehouse-10-20-10-2-1.map,planner,1,1445,1369,167,167,1396,1369,1,0,1,False,warehouse-10-20-10-2-1-random-9.scen,20
20,warehouse-10-20-10-2-1.map,planner,1,1445,1369,167,167,1396,1369,1,0,1,True,warehouse-10-20-10-2-1-random-9.scen,20
20,warehouse-10-20-10-2-1.map,planner,1,1445,1369,167,167,1396,1369,1,0,10,False,warehouse-10-20-10-2-1-random-9.scen,20
20,warehouse-10-20-10-2-1.map,planner,1,1445,1369,167,167,1396,1369,1,0,10,True,warehouse-10-20-10-2-1-random-9.scen,20
20,warehouse-10-20-10-2-1.map,planner,1,1445,1369,167,167,1396,1369,1,0,100,False,warehouse-10-20-10-2-1-random-9.scen,20
20,warehouse-10-20-10-2-1.map,planner,1,1445,1369,167,167,1396,1369,1,0,100,True,warehouse-10-20-10-2-1-random-9.scen,20
20,warehouse-10-20-10-2-1.map,planner,1,1445,1369,167,167,1396,1369,1,0,1000,False,warehouse-10-20-10-2-1-random-9.scen,20
20,warehouse-10-20-10-2-1.map,planner,1,1445,1369,167,167,1396,1369,1,0,1000,True,warehouse-10-20-10-2-1-random-9.scen,20
60,warehouse-10-20-10-2-1.map,planner,1,5896,5184,167,167,5593,5184,4,0,0,False,warehouse-10-20-10-2-1-random-9.scen,60
60,warehouse-10-20-10-2-1.map,planner,1,5896,5184,167,167,5593,5184,5,0,0,True,warehouse-10-20-10-2-1-random-9.scen,60
60,warehouse-10-20-10-2-1.map,planner,1,5896,5184,167,167,5593,5184,4,0,1,False,warehouse-10-20-10-2-1-random-9.scen,60
60,warehouse-10-20-10-2-1.map,planner,1,6293,5184,168,167,5582,5184,5,0,1,True,warehouse-10-20-10-2-1-random-9.scen,60
60,warehouse-10-20-10-2-1.map,planner,1,5896,5184,167,167,5593,5184,4,0,10,False,warehouse-10-20-10-2-1-random-9.scen,60
60,warehouse-10-20-10-2-1.map,planner,1,6293,5184,168,167,5582,5184,5,0,10,True,warehouse-10-20-10-2-1-random-9.scen,60
60,warehouse-10-20-10-2-1.map,planner,1,5896,5184,167,167,5593,5184,5,0,100,False,warehouse-10-20-10-2-1-random-9.scen,60
60,warehouse-10-20-10-2-1.map,planner,1,6293,5184,168,167,5582,5184,4,0,100,True,warehouse-10-20-10-2-1-random-9.scen,60
60,warehouse-10-20-10-2-1.map,planner,1,5896,5184,167,167,5593,5184,4,0,1000,False,warehouse-10-20-10-2-1-random-9.scen,60
60,warehouse-10-20-10-2-1.map,planner,1,6293,5184,168,167,5582,5184,5,0,1000,True,warehouse-10-20-10-2-1-random-9.scen,60
100,warehouse-10-20-10-2-1.map,planner,1,11226,8856,218,190,10411,8856,210,0,0,False,warehouse-10-20-10-2-1-random-9.scen,100
100,warehouse-10-20-10-2-1.map,planner,1,11226,8856,218,190,10411,8856,206,0,0,True,warehouse-10-20-10-2-1-random-9.scen,100
100,warehouse-10-20-10-2-1.map,planner,1,11226,8856,218,190,10411,8856,201,0,1,False,warehouse-10-20-10-2-1-random-9.scen,100
100,warehouse-10-20-10-2-1.map,planner,1,11414,8856,244,190,10453,8856,225,0,1,True,warehouse-10-20-10-2-1-random-9.scen,100
100,warehouse-10-20-10-2-1.map,planner,1,11226,8856,218,190,10411,8856,214,0,10,False,warehouse-10-20-10-2-1-random-9.scen,100
100,warehouse-10-20-10-2-1.map,planner,1,11414,8856,244,190,10453,8856,233,0,10,True,warehouse-10-20-10-2-1-random-9.scen,100
100,warehouse-10-20-10-2-1.map,planner,1,11226,8856,218,190,10411,8856,202,0,100,False,warehouse-10-20-10-2-1-random-9.scen,100
100,warehouse-10-20-10-2-1.map,planner,1,11414,8856,244,190,10453,8856,220,0,100,True,warehouse-10-20-10-2-1-random-9.scen,100
100,warehouse-10-20-10-2-1.map,planner,1,11226,8856,218,190,10411,8856,211,0,1000,False,warehouse-10-20-10-2-1-random-9.scen,100
100,warehouse-10-20-10-2-1.map,planner,1,11414,8856,244,190,10453,8856,223,0,1000,True,warehouse-10-20-10-2-1-random-9.scen,100
140,warehouse-10-20-10-2-1.map,planner,1,17161,12080,288,190,15468,12080,735,0,0,False,warehouse-10-20-10-2-1-random-9.scen,140
140,warehouse-10-20-10-2-1.map,planner,1,17161,12080,288,190,15468,12080,741,0,0,True,warehouse-10-20-10-2-1-random-9.scen,140
140,warehouse-10-20-10-2-1.map,planner,1,17161,12080,288,190,15468,12080,718,0,1,False,warehouse-10-20-10-2-1-random-9.scen,140
140,warehouse-10-20-10-2-1.map,planner,1,20959,12080,534,190,16879,12080,264,0,1,True,warehouse-10-20-10-2-1-random-9.scen,140
140,warehouse-10-20-10-2-1.map,planner,1,17161,12080,288,190,15468,12080,730,0,10,False,warehouse-10-20-10-2-1-random-9.scen,140
140,warehouse-10-20-10-2-1.map,planner,1,20959,12080,534,190,16879,12080,281,0,10,True,warehouse-10-20-10-2-1-random-9.scen,140
140,warehouse-10-20-10-2-1.map,planner,1,17161,12080,288,190,15468,12080,713,0,100,False,warehouse-10-20-10-2-1-random-9.scen,140
140,warehouse-10-20-10-2-1.map,planner,1,20959,12080,534,190,16879,12080,277,0,100,True,warehouse-10-20-10-2-1-random-9.scen,140
140,warehouse-10-20-10-2-1.map,planner,1,17161,12080,288,190,15468,12080,727,0,1000,False,warehouse-10-20-10-2-1-random-9.scen,140
140,warehouse-10-20-10-2-1.map,planner,1,20959,12080,534,190,16879,12080,284,0,1000,True,warehouse-10-20-10-2-1-random-9.scen,140
180,warehouse-10-20-10-2-1.map,planner,1,21271,15038,255,190,19259,15038,1621,0,0,False,warehouse-10-20-10-2-1-random-9.scen,180
180,warehouse-10-20-10-2-1.map,planner,1,21271,15038,255,190,19259,15038,1674,0,0,True,warehouse-10-20-10-2-1-random-9.scen,180
180,warehouse-10-20-10-2-1.map,planner,1,21271,15038,255,190,19259,15038,1635,0,1,False,warehouse-10-20-10-2-1-random-9.scen,180
180,warehouse-10-20-10-2-1.map,planner,1,40002,15038,1014,190,30589,15038,1567,0,1,True,warehouse-10-20-10-2-1-random-9.scen,180
180,warehouse-10-20-10-2-1.map,planner,1,21271,15038,255,190,19259,15038,1636,0,10,False,warehouse-10-20-10-2-1-random-9.scen,180
180,warehouse-10-20-10-2-1.map,planner,1,40002,15038,1014,190,30589,15038,1587,0,10,True,warehouse-10-20-10-2-1-random-9.scen,180
180,warehouse-10-20-10-2-1.map,planner,1,21271,15038,255,190,19259,15038,1642,0,100,False,warehouse-10-20-10-2-1-random-9.scen,180
180,warehouse-10-20-10-2-1.map,planner,1,40002,15038,1014,190,30589,15038,1600,0,100,True,warehouse-10-20-10-2-1-random-9.scen,180
180,warehouse-10-20-10-2-1.map,planner,1,21271,15038,255,190,19259,15038,1629,0,1000,False,warehouse-10-20-10-2-1-random-9.scen,180
180,warehouse-10-20-10-2-1.map,planner,1,40002,15038,1014,190,30589,15038,1591,0,1000,True,warehouse-10-20-10-2-1-random-9.scen,180
260,warehouse-10-20-10-2-1.map,planner,1,38679,21021,610,190,32956,21021,22955,0,0,False,warehouse-10-20-10-2-1-random-9.scen,260
260,warehouse-10-20-10-2-1.map,planner,1,38679,21021,610,190,32956,21021,23131,0,0,True,warehouse-10-20-10-2-1-random-9.scen,260
260,warehouse-10-20-10-2-1.map,planner,1,38679,21021,610,190,32956,21021,23465,0,1,False,warehouse-10-20-10-2-1-random-9.scen,260
260,warehouse-10-20-10-2-1.map,planner,1,178274,21021,2588,190,104628,21021,19590,0,1,True,warehouse-10-20-10-2-1-random-9.scen,260
260,warehouse-10-20-10-2-1.map,planner,1,38679,21021,610,190,32956,21021,22843,0,10,False,warehouse-10-20-10-2-1-random-9.scen,260
260,warehouse-10-20-10-2-1.map,planner,1,38679,21021,610,190,32956,21021,23100,0,100,False,warehouse-10-20-10-2-1-random-9.scen,260
260,warehouse-10-20-10-2-1.map,planner,1,38679,21021,610,190,32956,21021,22919,0,1000,False,warehouse-10-20-10-2-1-random-9.scen,260
300,warehouse-10-20-10-2-1.map,planner,1,48594,23976,682,190,39903,23976,27442,0,0,False,warehouse-10-20-10-2-1-random-9.scen,300
300,warehouse-10-20-10-2-1.map,planner,1,48594,23976,682,190,39903,23976,27816,0,0,True,warehouse-10-20-10-2-1-random-9.scen,300
300,warehouse-10-20-10-2-1.map,planner,1,48594,23976,682,190,39903,23976,27068,0,1,False,warehouse-10-20-10-2-1-random-9.scen,300
300,warehouse-10-20-10-2-1.map,planner,1,170637,23976,2537,190,102385,23976,29197,0,1,True,warehouse-10-20-10-2-1-random-9.scen,300
300,warehouse-10-20-10-2-1.map,planner,1,48594,23976,682,190,39903,23976,27054,0,10,False,warehouse-10-20-10-2-1-random-9.scen,300
300,warehouse-10-20-10-2-1.map,planner,1,171496,23976,2539,190,104782,23976,46492,0,10,True,warehouse-10-20-10-2-1-random-9.scen,300
300,warehouse-10-20-10-2-1.map,planner,1,48594,23976,682,190,39903,23976,27421,0,100,False,warehouse-10-20-10-2-1-random-9.scen,300
300,warehouse-10-20-10-2-1.map,planner,1,171496,23976,2539,190,104782,23976,46502,0,100,True,warehouse-10-20-10-2-1-random-9.scen,300
300,warehouse-10-20-10-2-1.map,planner,1,48594,23976,682,190,39903,23976,27302,0,1000,False,warehouse-10-20-10-2-1-random-9.scen,300
300,warehouse-10-20-10-2-1.map,planner,1,171496,23976,2539,190,104782,23976,47236,0,1000,True,warehouse-10-20-10-2-1-random-9.scen,300
20,warehouse-10-20-10-2-1.map,planner,1,2079,1816,188,176,1944,1816,1,0,0,False,warehouse-10-20-10-2-1-random-15.scen,20
20,warehouse-10-20-10-2-1.map,planner,1,2079,1816,188,176,1944,1816,1,0,0,True,warehouse-10-20-10-2-1-random-15.scen,20
20,warehouse-10-20-10-2-1.map,planner,1,2079,1816,188,176,1944,1816,1,0,1,False,warehouse-10-20-10-2-1-random-15.scen,20
20,warehouse-10-20-10-2-1.map,planner,1,2079,1816,188,176,1944,1816,1,0,1,True,warehouse-10-20-10-2-1-random-15.scen,20
20,warehouse-10-20-10-2-1.map,planner,1,2079,1816,188,176,1944,1816,1,0,10,False,warehouse-10-20-10-2-1-random-15.scen,20
20,warehouse-10-20-10-2-1.map,planner,1,2079,1816,188,176,1944,1816,1,0,10,True,warehouse-10-20-10-2-1-random-15.scen,20
20,warehouse-10-20-10-2-1.map,planner,1,2079,1816,188,176,1944,1816,1,0,100,False,warehouse-10-20-10-2-1-random-15.scen,20
20,warehouse-10-20-10-2-1.map,planner,1,2079,1816,188,176,1944,1816,2,0,100,True,warehouse-10-20-10-2-1-random-15.scen,20
20,warehouse-10-20-10-2-1.map,planner,1,2079,1816,188,176,1944,1816,1,0,1000,False,warehouse-10-20-10-2-1-random-15.scen,20
20,warehouse-10-20-10-2-1.map,planner,1,2079,1816,188,176,1944,1816,1,0,1000,True,warehouse-10-20-10-2-1-random-15.scen,20
60,warehouse-10-20-10-2-1.map,planner,1,6467,5196,193,179,5896,5196,5,0,0,False,warehouse-10-20-10-2-1-random-15.scen,60
60,warehouse-10-20-10-2-1.map,planner,1,6467,5196,193,179,5896,5196,5,0,0,True,warehouse-10-20-10-2-1-random-15.scen,60
60,warehouse-10-20-10-2-1.map,planner,1,6467,5196,193,179,5896,5196,4,0,1,False,warehouse-10-20-10-2-1-random-15.scen,60
60,warehouse-10-20-10-2-1.map,planner,1,6551,5196,205,179,5866,5196,385,0,1,True,warehouse-10-20-10-2-1-random-15.scen,60
60,warehouse-10-20-10-2-1.map,planner,1,6467,5196,193,179,5896,5196,4,0,10,False,warehouse-10-20-10-2-1-random-15.scen,60
60,warehouse-10-20-10-2-1.map,planner,1,6551,5196,205,179,5866,5196,375,0,10,True,warehouse-10-20-10-2-1-random-15.scen,60
60,warehouse-10-20-10-2-1.map,planner,1,6467,5196,193,179,5896,5196,5,0,100,False,warehouse-10-20-10-2-1-random-15.scen,60
60,warehouse-10-20-10-2-1.map,planner,1,6551,5196,205,179,5866,5196,397,0,100,True,warehouse-10-20-10-2-1-random-15.scen,60
60,warehouse-10-20-10-2-1.map,planner,1,6467,5196,193,179,5896,5196,5,0,1000,False,warehouse-10-20-10-2-1-random-15.scen,60
60,warehouse-10-20-10-2-1.map,planner,1,6551,5196,205,179,5866,5196,404,0,1000,True,warehouse-10-20-10-2-1-random-15.scen,60
100,warehouse-10-20-10-2-1.map,planner,1,11613,8619,233,193,10427,8619,8,0,0,False,warehouse-10-20-10-2-1-random-15.scen,100
100,warehouse-10-20-10-2-1.map,planner,1,11613,8619,233,193,10427,8619,9,0,0,True,warehouse-10-20-10-2-1-random-15.scen,100
100,warehouse-10-20-10-2-1.map,planner,1,11613,8619,233,193,10427,8619,9,0,1,False,warehouse-10-20-10-2-1-random-15.scen,100
100,warehouse-10-20-10-2-1.map,planner,1,14766,8619,337,193,11960,8619,12,0,1,True,warehouse-10-20-10-2-1-random-15.scen,100
100,warehouse-10-20-10-2-1.map,planner,1,11613,8619,233,193,10427,8619,8,0,10,False,warehouse-10-20-10-2-1-random-15.scen,100
100,warehouse-10-20-10-2-1.map,planner,1,14766,8619,337,193,11960,8619,11,0,10,True,warehouse-10-20-10-2-1-random-15.scen,100
100,warehouse-10-20-10-2-1.map,planner,1,11613,8619,233,193,10427,8619,9,0,100,False,warehouse-10-20-10-2-1-random-15.scen,100
100,warehouse-10-20-10-2-1.map,planner,1,14766,8619,337,193,11960,8619,11,0,100,True,warehouse-10-20-10-2-1-random-15.scen,100
100,warehouse-10-20-10-2-1.map,planner,1,11613,8619,233,193,10427,8619,8,0,1000,False,warehouse-10-20-10-2-1-random-15.scen,100
100,warehouse-10-20-10-2-1.map,planner,1,14766,8619,337,193,11960,8619,11,0,1000,True,warehouse-10-20-10-2-1-random-15.scen,100
140,warehouse-10-20-10-2-1.map,planner,1,16100,11308,196,193,14111,11308,11,0,0,False,warehouse-10-20-10-2-1-random-15.scen,140
140,warehouse-10-20-10-2-1.map,planner,1,16100,11308,196,193,14111,11308,12,0,0,True,warehouse-10-20-10-2-1-random-15.scen,140
140,warehouse-10-20-10-2-1.map,planner,1,16100,11308,196,193,14111,11308,12,0,1,False,warehouse-10-20-10-2-1-random-15.scen,140
140,warehouse-10-20-10-2-1.map,planner,1,23716,11308,540,193,17780,11308,576,0,1,True,warehouse-10-20-10-2-1-random-15.scen,140
140,warehouse-10-20-10-2-1.map,planner,1,16100,11308,196,193,14111,11308,11,0,10,False,warehouse-10-20-10-2-1-random-15.scen,140
140,warehouse-10-20-10-2-1.map,planner,1,23716,11308,540,193,17780,11308,611,0,10,True,warehouse-10-20-10-2-1-random-15.scen,140
140,warehouse-10-20-10-2-1.map,planner,1,16100,11308,196,193,14111,11308,11,0,100,False,warehouse-10-20-10-2-1-random-15.scen,140
140,warehouse-10-20-10-2-1.map,planner,1,23716,11308,540,193,17780,11308,599,0,100,True,warehouse-10-20-10-2-1-random-15.scen,140
140,warehouse-10-20-10-2-1.map,planner,1,16100,11308,196,193,14111,11308,10,0,1000,False,warehouse-10-20-10-2-1-random-15.scen,140
140,warehouse-10-20-10-2-1.map,planner,1,23716,11308,540,193,17780,11308,582,0,1000,True,warehouse-10-20-10-2-1-random-15.scen,140
180,warehouse-10-20-10-2-1.map,planner,1,24350,14572,355,193,20518,14572,1980,0,0,False,warehouse-10-20-10-2-1-random-15.scen,180
180,warehouse-10-20-10-2-1.map,planner,1,24350,14572,355,193,20518,14572,2000,0,0,True,warehouse-10-20-10-2-1-random-15.scen,180
180,warehouse-10-20-10-2-1.map,planner,1,24350,14572,355,193,20518,14572,2001,0,1,False,warehouse-10-20-10-2-1-random-15.scen,180
180,warehouse-10-20-10-2-1.map,planner,1,59348,14572,1274,193,39499,14572,4219,0,1,True,warehouse-10-20-10-2-1-random-15.scen,180
180,warehouse-10-20-10-2-1.map,planner,1,24350,14572,355,193,20518,14572,1949,0,10,False,warehouse-10-20-10-2-1-random-15.scen,180
180,warehouse-10-20-10-2-1.map,planner,1,55021,14572,1217,193,36265,14572,2053,0,10,True,warehouse-10-20-10-2-1-random-15.scen,180
180,warehouse-10-20-10-2-1.map,planner,1,24350,14572,355,193,20518,14572,1989,0,100,False,warehouse-10-20-10-2-1-random-15.scen,180
180,warehouse-10-20-10-2-1.map,planner,1,55021,14572,1217,193,36265,14572,2057,0,100,True,warehouse-10-20-10-2-1-random-15.scen,180
180,warehouse-10-20-10-2-1.map,planner,1,24350,14572,355,193,20518,14572,1991,0,1000,False,warehouse-10-20-10-2-1-random-15.scen,180
180,warehouse-10-20-10-2-1.map,planner,1,55021,14572,1217,193,36265,14572,2022,0,1000,True,warehouse-10-20-10-2-1-random-15.scen,180
220,warehouse-10-20-10-2-1.map,planner,1,32562,17605,557,193,27472,17605,21153,0,0,False,warehouse-10-20-10-2-1-random-15.scen,220
220,warehouse-10-20-10-2-1.map,planner,1,32562,17605,557,193,27472,17605,21981,0,0,True,warehouse-10-20-10-2-1-random-15.scen,220
220,warehouse-10-20-10-2-1.map,planner,1,32562,17605,557,193,27472,17605,21458,0,1,False,warehouse-10-20-10-2-1-random-15.scen,220
220,warehouse-10-20-10-2-1.map,planner,1,101750,17605,1939,193,69018,17605,8509,0,1,True,warehouse-10-20-10-2-1-random-15.scen,220
220,warehouse-10-20-10-2-1.map,planner,1,32562,17605,557,193,27472,17605,21219,0,10,False,warehouse-10-20-10-2-1-random-15.scen,220
220,warehouse-10-20-10-2-1.map,planner,1,32562,17605,557,193,27472,17605,21219,0,10,True,warehouse-10-20-10-2-1-random-15.scen,220
220,warehouse-10-20-10-2-1.map,planner,1,32562,17605,557,193,27472,17605,21379,0,100,False,warehouse-10-20-10-2-1-random-15.scen,220
220,warehouse-10-20-10-2-1.map,planner,1,111338,17605,2250,193,73686,17605,14610,0,100,True,warehouse-10-20-10-2-1-random-15.scen,220
220,warehouse-10-20-10-2-1.map,planner,1,32562,17605,557,193,27472,17605,21398,0,1000,False,warehouse-10-20-10-2-1-random-15.scen,220
220,warehouse-10-20-10-2-1.map,planner,1,111338,17605,2250,193,73686,17605,14762,0,1000,True,warehouse-10-20-10-2-1-random-15.scen,220
260,warehouse-10-20-10-2-1.map,planner,1,55039,20681,1106,193,42003,20681,49283,0,0,False,warehouse-10-20-10-2-1-random-15.scen,260
260,warehouse-10-20-10-2-1.map,planner,1,55039,20681,1106,193,42003,20681,49225,0,10,False,warehouse-10-20-10-2-1-random-15.scen,260
260,warehouse-10-20-10-2-1.map,planner,1,55039,20681,1106,193,42003,20681,49118,0,1000,False,warehouse-10-20-10-2-1-random-15.scen,260
300,warehouse-10-20-10-2-1.map,planner,1,52264,23662,754,193,41865,23662,23258,0,0,False,warehouse-10-20-10-2-1-random-15.scen,300
300,warehouse-10-20-10-2-1.map,planner,1,52264,23662,754,193,41865,23662,23456,0,0,True,warehouse-10-20-10-2-1-random-15.scen,300
300,warehouse-10-20-10-2-1.map,planner,1,52264,23662,754,193,41865,23662,23371,0,1,False,warehouse-10-20-10-2-1-random-15.scen,300
300,warehouse-10-20-10-2-1.map,planner,1,52264,23662,754,193,41865,23662,23157,0,10,False,warehouse-10-20-10-2-1-random-15.scen,300
300,warehouse-10-20-10-2-1.map,planner,1,52264,23662,754,193,41865,23662,23268,0,100,False,warehouse-10-20-10-2-1-random-15.scen,300
300,warehouse-10-20-10-2-1.map,planner,1,52264,23662,754,193,41865,23662,23502,0,1000,False,warehouse-10-20-10-2-1-random-15.scen,300
300,warehouse-10-20-10-2-1.map,planner,1,49875,23661,797,194,41484,23661,36582,0,0,False,warehouse-10-20-10-2-1-random-16.scen,300
300,warehouse-10-20-10-2-1.map,planner,1,49875,23661,797,194,41484,23661,37012,0,0,False,warehouse-10-20-10-2-1-random-16.scen,300
300,warehouse-10-20-10-2-1.map,planner,1,49875,23661,797,194,41484,23661,38127,0,0,True,warehouse-10-20-10-2-1-random-16.scen,300
20,warehouse-10-20-10-2-1.map,planner,1,1705,1542,175,175,1652,1542,1,0,0,False,warehouse-10-20-10-2-1-random-16.scen,20
20,warehouse-10-20-10-2-1.map,planner,1,1705,1542,175,175,1652,1542,1,0,0,True,warehouse-10-20-10-2-1-random-16.scen,20
20,warehouse-10-20-10-2-1.map,planner,1,1705,1542,175,175,1652,1542,1,0,1,False,warehouse-10-20-10-2-1-random-16.scen,20
20,warehouse-10-20-10-2-1.map,planner,1,1705,1542,175,175,1652,1542,1,0,1,True,warehouse-10-20-10-2-1-random-16.scen,20
20,warehouse-10-20-10-2-1.map,planner,1,1705,1542,175,175,1652,1542,1,0,10,False,warehouse-10-20-10-2-1-random-16.scen,20
20,warehouse-10-20-10-2-1.map,planner,1,1705,1542,175,175,1652,1542,1,0,10,True,warehouse-10-20-10-2-1-random-16.scen,20
20,warehouse-10-20-10-2-1.map,planner,1,1705,1542,175,175,1652,1542,1,0,100,False,warehouse-10-20-10-2-1-random-16.scen,20
20,warehouse-10-20-10-2-1.map,planner,1,1705,1542,175,175,1652,1542,1,0,100,True,warehouse-10-20-10-2-1-random-16.scen,20
20,warehouse-10-20-10-2-1.map,planner,1,1705,1542,175,175,1652,1542,1,0,1000,False,warehouse-10-20-10-2-1-random-16.scen,20
20,warehouse-10-20-10-2-1.map,planner,1,1705,1542,175,175,1652,1542,1,0,1000,True,warehouse-10-20-10-2-1-random-16.scen,20
60,warehouse-10-20-10-2-1.map,planner,1,6617,5554,194,194,6138,5554,4,0,0,False,warehouse-10-20-10-2-1-random-16.scen,60
60,warehouse-10-20-10-2-1.map,planner,1,6617,5554,194,194,6138,5554,5,0,0,True,warehouse-10-20-10-2-1-random-16.scen,60
60,warehouse-10-20-10-2-1.map,planner,1,6617,5554,194,194,6138,5554,5,0,1,False,warehouse-10-20-10-2-1-random-16.scen,60
60,warehouse-10-20-10-2-1.map,planner,1,7031,5554,194,194,6288,5554,5,0,1,True,warehouse-10-20-10-2-1-random-16.scen,60
60,warehouse-10-20-10-2-1.map,planner,1,6617,5554,194,194,6138,5554,5,0,10,False,warehouse-10-20-10-2-1-random-16.scen,60
60,warehouse-10-20-10-2-1.map,planner,1,7031,5554,194,194,6288,5554,5,0,10,True,warehouse-10-20-10-2-1-random-16.scen,60
60,warehouse-10-20-10-2-1.map,planner,1,6617,5554,194,194,6138,5554,5,0,100,False,warehouse-10-20-10-2-1-random-16.scen,60
60,warehouse-10-20-10-2-1.map,planner,1,7031,5554,194,194,6288,5554,5,0,100,True,warehouse-10-20-10-2-1-random-16.scen,60
60,warehouse-10-20-10-2-1.map,planner,1,6617,5554,194,194,6138,5554,5,0,1000,False,warehouse-10-20-10-2-1-random-16.scen,60
60,warehouse-10-20-10-2-1.map,planner,1,7031,5554,194,194,6288,5554,5,0,1000,True,warehouse-10-20-10-2-1-random-16.scen,60
100,warehouse-10-20-10-2-1.map,planner,1,11936,8918,239,194,10688,8918,467,0,0,False,warehouse-10-20-10-2-1-random-16.scen,100
100,warehouse-10-20-10-2-1.map,planner,1,11936,8918,239,194,10688,8918,480,0,0,True,warehouse-10-20-10-2-1-random-16.scen,100
100,warehouse-10-20-10-2-1.map,planner,1,11936,8918,239,194,10688,8918,484,0,1,False,warehouse-10-20-10-2-1-random-16.scen,100
100,warehouse-10-20-10-2-1.map,planner,1,13191,8918,264,194,11257,8918,11,0,1,True,warehouse-10-20-10-2-1-random-16.scen,100
100,warehouse-10-20-10-2-1.map,planner,1,11936,8918,239,194,10688,8918,476,0,10,False,warehouse-10-20-10-2-1-random-16.scen,100
100,warehouse-10-20-10-2-1.map,planner,1,13191,8918,264,194,11257,8918,11,0,10,True,warehouse-10-20-10-2-1-random-16.scen,100
100,warehouse-10-20-10-2-1.map,planner,1,11936,8918,239,194,10688,8918,479,0,100,False,warehouse-10-20-10-2-1-random-16.scen,100
100,warehouse-10-20-10-2-1.map,planner,1,13191,8918,264,194,11257,8918,10,0,100,True,warehouse-10-20-10-2-1-random-16.scen,100
100,warehouse-10-20-10-2-1.map,planner,1,11936,8918,239,194,10688,8918,470,0,1000,False,warehouse-10-20-10-2-1-random-16.scen,100
100,warehouse-10-20-10-2-1.map,planner,1,13191,8918,264,194,11257,8918,10,0,1000,True,warehouse-10-20-10-2-1-random-16.scen,100
140,warehouse-10-20-10-2-1.map,planner,1,18098,11786,334,194,15585,11786,1351,0,0,False,warehouse-10-20-10-2-1-random-16.scen,140
140,warehouse-10-20-10-2-1.map,planner,1,18098,11786,334,194,15585,11786,1383,0,0,True,warehouse-10-20-10-2-1-random-16.scen,140
140,warehouse-10-20-10-2-1.map,planner,1,18098,11786,334,194,15585,11786,1335,0,1,False,warehouse-10-20-10-2-1-random-16.scen,140
140,warehouse-10-20-10-2-1.map,planner,1,31240,11786,925,194,23246,11786,1135,0,1,True,warehouse-10-20-10-2-1-random-16.scen,140
140,warehouse-10-20-10-2-1.map,planner,1,18098,11786,334,194,15585,11786,1350,0,10,False,warehouse-10-20-10-2-1-random-16.scen,140
140,warehouse-10-20-10-2-1.map,planner,1,31240,11786,925,194,23246,11786,1129,0,10,True,warehouse-10-20-10-2-1-random-16.scen,140
140,warehouse-10-20-10-2-1.map,planner,1,18098,11786,334,194,15585,11786,1313,0,100,False,warehouse-10-20-10-2-1-random-16.scen,140
140,warehouse-10-20-10-2-1.map,planner,1,31240,11786,925,194,23246,11786,1119,0,100,True,warehouse-10-20-10-2-1-random-16.scen,140
140,warehouse-10-20-10-2-1.map,planner,1,18098,11786,334,194,15585,11786,1331,0,1000,False,warehouse-10-20-10-2-1-random-16.scen,140
140,warehouse-10-20-10-2-1.map,planner,1,31240,11786,925,194,23246,11786,1130,0,1000,True,warehouse-10-20-10-2-1-random-16.scen,140
180,warehouse-10-20-10-2-1.map,planner,1,22584,14584,346,194,19471,14584,1633,0,0,False,warehouse-10-20-10-2-1-random-16.scen,180
180,warehouse-10-20-10-2-1.map,planner,1,22584,14584,346,194,19471,14584,1631,0,0,True,warehouse-10-20-10-2-1-random-16.scen,180
180,warehouse-10-20-10-2-1.map,planner,1,22584,14584,346,194,19471,14584,1629,0,1,False,warehouse-10-20-10-2-1-random-16.scen,180
180,warehouse-10-20-10-2-1.map,planner,1,44414,14584,1087,194,32974,14584,890,0,1,True,warehouse-10-20-10-2-1-random-16.scen,180
180,warehouse-10-20-10-2-1.map,planner,1,22584,14584,346,194,19471,14584,1598,0,10,False,warehouse-10-20-10-2-1-random-16.scen,180
180,warehouse-10-20-10-2-1.map,planner,1,44414,14584,1087,194,32974,14584,881,0,10,True,warehouse-10-20-10-2-1-random-16.scen,180
180,warehouse-10-20-10-2-1.map,planner,1,22584,14584,346,194,19471,14584,1681,0,100,False,warehouse-10-20-10-2-1-random-16.scen,180
180,warehouse-10-20-10-2-1.map,planner,1,44414,14584,1087,194,32974,14584,882,0,100,True,warehouse-10-20-10-2-1-random-16.scen,180
180,warehouse-10-20-10-2-1.map,planner,1,22584,14584,346,194,19471,14584,1625,0,1000,False,warehouse-10-20-10-2-1-random-16.scen,180
180,warehouse-10-20-10-2-1.map,planner,1,44414,14584,1087,194,32974,14584,870,0,1000,True,warehouse-10-20-10-2-1-random-16.scen,180
220,warehouse-10-20-10-2-1.map,planner,1,29321,17636,457,194,25511,17636,2578,0,0,False,warehouse-10-20-10-2-1-random-16.scen,220
220,warehouse-10-20-10-2-1.map,planner,1,29321,17636,457,194,25511,17636,2675,0,0,True,warehouse-10-20-10-2-1-random-16.scen,220
220,warehouse-10-20-10-2-1.map,planner,1,29321,17636,457,194,25511,17636,2584,0,1,False,warehouse-10-20-10-2-1-random-16.scen,220
220,warehouse-10-20-10-2-1.map,planner,1,90751,17636,1946,194,59251,17636,3144,0,1,True,warehouse-10-20-10-2-1-random-16.scen,220
220,warehouse-10-20-10-2-1.map,planner,1,29321,17636,457,194,25511,17636,2617,0,10,False,warehouse-10-20-10-2-1-random-16.scen,220
220,warehouse-10-20-10-2-1.map,planner,1,95149,17636,2009,194,59976,17636,4766,0,10,True,warehouse-10-20-10-2-1-random-16.scen,220
220,warehouse-10-20-10-2-1.map,planner,1,29321,17636,457,194,25511,17636,2598,0,100,False,warehouse-10-20-10-2-1-random-16.scen,220
220,warehouse-10-20-10-2-1.map,planner,1,96966,17636,2166,194,61989,17636,8541,0,100,True,warehouse-10-20-10-2-1-random-16.scen,220
220,warehouse-10-20-10-2-1.map,planner,1,29321,17636,457,194,25511,17636,2638,0,1000,False,warehouse-10-20-10-2-1-random-16.scen,220
220,warehouse-10-20-10-2-1.map,planner,1,96966,17636,2166,194,61989,17636,8531,0,1000,True,warehouse-10-20-10-2-1-random-16.scen,220
260,warehouse-10-20-10-2-1.map,planner,1,36666,20646,468,194,30572,20646,1881,0,0,False,warehouse-10-20-10-2-1-random-16.scen,260
260,warehouse-10-20-10-2-1.map,planner,1,36666,20646,468,194,30572,20646,1824,0,0,True,warehouse-10-20-10-2-1-random-16.scen,260
260,warehouse-10-20-10-2-1.map,planner,1,36666,20646,468,194,30572,20646,1897,0,1,False,warehouse-10-20-10-2-1-random-16.scen,260
260,warehouse-10-20-10-2-1.map,planner,1,190365,20646,2941,194,113815,20646,7493,0,1,True,warehouse-10-20-10-2-1-random-16.scen,260
260,warehouse-10-20-10-2-1.map,planner,1,36666,20646,468,194,30572,20646,1849,0,10,False,warehouse-10-20-10-2-1-random-16.scen,260
260,warehouse-10-20-10-2-1.map,planner,1,215255,20646,3354,194,127456,20646,17443,0,10,True,warehouse-10-20-10-2-1-random-16.scen,260
260,warehouse-10-20-10-2-1.map,planner,1,36666,20646,468,194,30572,20646,1908,0,100,False,warehouse-10-20-10-2-1-random-16.scen,260
260,warehouse-10-20-10-2-1.map,planner,1,218560,20646,3595,194,129206,20646,18843,0,100,True,warehouse-10-20-10-2-1-random-16.scen,260
260,warehouse-10-20-10-2-1.map,planner,1,36666,20646,468,194,30572,20646,1883,0,1000,False,warehouse-10-20-10-2-1-random-16.scen,260
260,warehouse-10-20-10-2-1.map,planner,1,218560,20646,3595,194,129206,20646,18773,0,1000,True,warehouse-10-20-10-2-1-random-16.scen,260
300,warehouse-10-20-10-2-1.map,planner,1,49875,23661,797,194,41484,23661,38085,0,0,False,warehouse-10-20-10-2-1-random-16.scen,300
300,warehouse-10-20-10-2-1.map,planner,1,49875,23661,797,194,41484,23661,37057,0,0,True,warehouse-10-20-10-2-1-random-16.scen,300
300,warehouse-10-20-10-2-1.map,planner,1,49875,23661,797,194,41484,23661,36670,0,1,False,warehouse-10-20-10-2-1-random-16.scen,300
300,warehouse-10-20-10-2-1.map,planner,1,162835,23661,2319,194,88935,23661,6733,0,1,True,warehouse-10-20-10-2-1-random-16.scen,300
300,warehouse-10-20-10-2-1.map,planner,1,49875,23661,797,194,41484,23661,37321,0,10,False,warehouse-10-20-10-2-1-random-16.scen,300
300,warehouse-10-20-10-2-1.map,planner,1,49875,23661,797,194,41484,23661,37321,0,10,True,warehouse-10-20-10-2-1-random-16.scen,300
300,warehouse-10-20-10-2-1.map,planner,1,49875,23661,797,194,41484,23661,36868,0,100,False,warehouse-10-20-10-2-1-random-16.scen,300
300,warehouse-10-20-10-2-1.map,planner,1,49875,23661,797,194,41484,23661,36868,0,100,True,warehouse-10-20-10-2-1-random-16.scen,300
300,warehouse-10-20-10-2-1.map,planner,1,49875,23661,797,194,41484,23661,37294,0,1000,False,warehouse-10-20-10-2-1-random-16.scen,300
300,warehouse-10-20-10-2-1.map,planner,1,49875,23661,797,194,41484,23661,37294,0,1000,True,warehouse-10-20-10-2-1-random-16.scen,300
20,warehouse-10-20-10-2-1.map,planner,1,1750,1552,185,185,1653,1552,1,0,0,False,warehouse-10-20-10-2-1-random-17.scen,20
20,warehouse-10-20-10-2-1.map,planner,1,1750,1552,185,185,1653,1552,1,0,0,True,warehouse-10-20-10-2-1-random-17.scen,20
20,warehouse-10-20-10-2-1.map,planner,1,1750,1552,185,185,1653,1552,1,0,1,False,warehouse-10-20-10-2-1-random-17.scen,20
20,warehouse-10-20-10-2-1.map,planner,1,1750,1552,185,185,1653,1552,1,0,1,True,warehouse-10-20-10-2-1-random-17.scen,20
20,warehouse-10-20-10-2-1.map,planner,1,1750,1552,185,185,1653,1552,1,0,10,False,warehouse-10-20-10-2-1-random-17.scen,20
20,warehouse-10-20-10-2-1.map,planner,1,1750,1552,185,185,1653,1552,1,0,10,True,warehouse-10-20-10-2-1-random-17.scen,20
20,warehouse-10-20-10-2-1.map,planner,1,1750,1552,185,185,1653,1552,1,0,100,False,warehouse-10-20-10-2-1-random-17.scen,20
20,warehouse-10-20-10-2-1.map,planner,1,1750,1552,185,185,1653,1552,1,0,100,True,warehouse-10-20-10-2-1-random-17.scen,20
20,warehouse-10-20-10-2-1.map,planner,1,1750,1552,185,185,1653,1552,1,0,1000,False,warehouse-10-20-10-2-1-random-17.scen,20
20,warehouse-10-20-10-2-1.map,planner,1,1750,1552,185,185,1653,1552,1,0,1000,True,warehouse-10-20-10-2-1-random-17.scen,20
60,warehouse-10-20-10-2-1.map,planner,1,6151,5221,185,185,5675,5221,5,0,0,False,warehouse-10-20-10-2-1-random-17.scen,60
60,warehouse-10-20-10-2-1.map,planner,1,6151,5221,185,185,5675,5221,5,0,0,True,warehouse-10-20-10-2-1-random-17.scen,60
60,warehouse-10-20-10-2-1.map,planner,1,6151,5221,185,185,5675,5221,5,0,1,False,warehouse-10-20-10-2-1-random-17.scen,60
60,warehouse-10-20-10-2-1.map,planner,1,6129,5221,208,185,5713,5221,5,0,1,True,warehouse-10-20-10-2-1-random-17.scen,60
60,warehouse-10-20-10-2-1.map,planner,1,6151,5221,185,185,5675,5221,5,0,10,False,warehouse-10-20-10-2-1-random-17.scen,60
60,warehouse-10-20-10-2-1.map,planner,1,6129,5221,208,185,5713,5221,5,0,10,True,warehouse-10-20-10-2-1-random-17.scen,60
60,warehouse-10-20-10-2-1.map,planner,1,6151,5221,185,185,5675,5221,4,0,100,False,warehouse-10-20-10-2-1-random-17.scen,60
60,warehouse-10-20-10-2-1.map,planner,1,6129,5221,208,185,5713,5221,5,0,100,True,warehouse-10-20-10-2-1-random-17.scen,60
60,warehouse-10-20-10-2-1.map,planner,1,6151,5221,185,185,5675,5221,5,0,1000,False,warehouse-10-20-10-2-1-random-17.scen,60
60,warehouse-10-20-10-2-1.map,planner,1,6129,5221,208,185,5713,5221,5,0,1000,True,warehouse-10-20-10-2-1-random-17.scen,60
100,warehouse-10-20-10-2-1.map,planner,1,11938,8671,289,185,10814,8671,569,0,0,False,warehouse-10-20-10-2-1-random-17.scen,100
100,warehouse-10-20-10-2-1.map,planner,1,11938,8671,289,185,10814,8671,578,0,0,True,warehouse-10-20-10-2-1-random-17.scen,100
100,warehouse-10-20-10-2-1.map,planner,1,11938,8671,289,185,10814,8671,587,0,1,False,warehouse-10-20-10-2-1-random-17.scen,100
100,warehouse-10-20-10-2-1.map,planner,1,12870,8671,354,185,11172,8671,149,0,1,True,warehouse-10-20-10-2-1-random-17.scen,100
100,warehouse-10-20-10-2-1.map,planner,1,11938,8671,289,185,10814,8671,561,0,10,False,warehouse-10-20-10-2-1-random-17.scen,100
100,warehouse-10-20-10-2-1.map,planner,1,12870,8671,354,185,11172,8671,147,0,10,True,warehouse-10-20-10-2-1-random-17.scen,100
100,warehouse-10-20-10-2-1.map,planner,1,11938,8671,289,185,10814,8671,564,0,100,False,warehouse-10-20-10-2-1-random-17.scen,100
100,warehouse-10-20-10-2-1.map,planner,1,12870,8671,354,185,11172,8671,146,0,100,True,warehouse-10-20-10-2-1-random-17.scen,100
100,warehouse-10-20-10-2-1.map,planner,1,11938,8671,289,185,10814,8671,583,0,1000,False,warehouse-10-20-10-2-1-random-17.scen,100
100,warehouse-10-20-10-2-1.map,planner,1,12870,8671,354,185,11172,8671,146,0,1000,True,warehouse-10-20-10-2-1-random-17.scen,100
140,warehouse-10-20-10-2-1.map,planner,1,16640,11456,282,185,15208,11456,1054,0,0,False,warehouse-10-20-10-2-1-random-17.scen,140
140,warehouse-10-20-10-2-1.map,planner,1,16640,11456,282,185,15208,11456,1073,0,0,True,warehouse-10-20-10-2-1-random-17.scen,140
140,warehouse-10-20-10-2-1.map,planner,1,16640,11456,282,185,15208,11456,1063,0,1,False,warehouse-10-20-10-2-1-random-17.scen,140
140,warehouse-10-20-10-2-1.map,planner,1,27340,11456,925,185,22359,11456,12889,0,1,True,warehouse-10-20-10-2-1-random-17.scen,140
140,warehouse-10-20-10-2-1.map,planner,1,16640,11456,282,185,15208,11456,1046,0,10,False,warehouse-10-20-10-2-1-random-17.scen,140
140,warehouse-10-20-10-2-1.map,planner,1,27340,11456,925,185,22359,11456,13013,0,10,True,warehouse-10-20-10-2-1-random-17.scen,140
140,warehouse-10-20-10-2-1.map,planner,1,16640,11456,282,185,15208,11456,1067,0,100,False,warehouse-10-20-10-2-1-random-17.scen,140
140,warehouse-10-20-10-2-1.map,planner,1,27340,11456,925,185,22359,11456,12973,0,100,True,warehouse-10-20-10-2-1-random-17.scen,140
140,warehouse-10-20-10-2-1.map,planner,1,16640,11456,282,185,15208,11456,1051,0,1000,False,warehouse-10-20-10-2-1-random-17.scen,140
140,warehouse-10-20-10-2-1.map,planner,1,27340,11456,925,185,22359,11456,12909,0,1000,True,warehouse-10-20-10-2-1-random-17.scen,140
180,warehouse-10-20-10-2-1.map,planner,1,29841,14387,712,185,25013,14387,15937,0,0,False,warehouse-10-20-10-2-1-random-17.scen,180
180,warehouse-10-20-10-2-1.map,planner,1,29841,14387,712,185,25013,14387,16264,0,0,True,warehouse-10-20-10-2-1-random-17.scen,180
180,warehouse-10-20-10-2-1.map,planner,1,29841,14387,712,185,25013,14387,16022,0,1,False,warehouse-10-20-10-2-1-random-17.scen,180
180,warehouse-10-20-10-2-1.map,planner,1,29841,14387,712,185,25013,14387,16653,0,10,False,warehouse-10-20-10-2-1-random-17.scen,180
180,warehouse-10-20-10-2-1.map,planner,1,29841,14387,712,185,25013,14387,16058,0,100,False,warehouse-10-20-10-2-1-random-17.scen,180
180,warehouse-10-20-10-2-1.map,planner,1,29841,14387,712,185,25013,14387,16088,0,1000,False,warehouse-10-20-10-2-1-random-17.scen,180
20,warehouse-10-20-10-2-1.map,planner,1,1445,1369,167,167,1396,1369,1,0,0,False,warehouse-10-20-10-2-1-random-9.scen,20
20,warehouse-10-20-10-2-1.map,planner,1,1445,1369,167,167,1396,1369,1,0,0,True,warehouse-10-20-10-2-1-random-9.scen,20
20,warehouse-10-20-10-2-1.map,planner,1,1445,1369,167,167,1396,1369,1,0,1,False,warehouse-10-20-10-2-1-random-9.scen,20
20,warehouse-10-20-10-2-1.map,planner,1,1445,1369,167,167,1396,1369,1,0,1,True,warehouse-10-20-10-2-1-random-9.scen,20
20,warehouse-10-20-10-2-1.map,planner,1,1445,1369,167,167,1396,1369,1,0,10,False,warehouse-10-20-10-2-1-random-9.scen,20
20,warehouse-10-20-10-2-1.map,planner,1,1445,1369,167,167,1396,1369,1,0,10,True,warehouse-10-20-10-2-1-random-9.scen,20
20,warehouse-10-20-10-2-1.map,planner,1,1445,1369,167,167,1396,1369,1,0,100,False,warehouse-10-20-10-2-1-random-9.scen,20
20,warehouse-10-20-10-2-1.map,planner,1,1445,1369,167,167,1396,1369,1,0,100,True,warehouse-10-20-10-2-1-random-9.scen,20
20,warehouse-10-20-10-2-1.map,planner,1,1445,1369,167,167,1396,1369,1,0,1000,False,warehouse-10-20-10-2-1-random-9.scen,20
20,warehouse-10-20-10-2-1.map,planner,1,1445,1369,167,167,1396,1369,1,0,1000,True,warehouse-10-20-10-2-1-random-9.scen,20
60,warehouse-10-20-10-2-1.map,planner,1,5896,5184,167,167,5593,5184,4,0,0,False,warehouse-10-20-10-2-1-random-9.scen,60
60,warehouse-10-20-10-2-1.map,planner,1,5896,5184,167,167,5593,5184,4,0,0,True,warehouse-10-20-10-2-1-random-9.scen,60
60,warehouse-10-20-10-2-1.map,planner,1,5896,5184,167,167,5593,5184,4,0,1,False,warehouse-10-20-10-2-1-random-9.scen,60
60,warehouse-10-20-10-2-1.map,planner,1,6293,5184,168,167,5582,5184,4,0,1,True,warehouse-10-20-10-2-1-random-9.scen,60
60,warehouse-10-20-10-2-1.map,planner,1,5896,5184,167,167,5593,5184,4,0,10,False,warehouse-10-20-10-2-1-random-9.scen,60
60,warehouse-10-20-10-2-1.map,planner,1,6293,5184,168,167,5582,5184,4,0,10,True,warehouse-10-20-10-2-1-random-9.scen,60
60,warehouse-10-20-10-2-1.map,planner,1,5896,5184,167,167,5593,5184,4,0,100,False,warehouse-10-20-10-2-1-random-9.scen,60
60,warehouse-10-20-10-2-1.map,planner,1,6293,5184,168,167,5582,5184,4,0,100,True,warehouse-10-20-10-2-1-random-9.scen,60
60,warehouse-10-20-10-2-1.map,planner,1,5896,5184,167,167,5593,5184,4,0,1000,False,warehouse-10-20-10-2-1-random-9.scen,60
60,warehouse-10-20-10-2-1.map,planner,1,6293,5184,168,167,5582,5184,4,0,1000,True,warehouse-10-20-10-2-1-random-9.scen,60
100,warehouse-10-20-10-2-1.map,planner,1,11226,8856,218,190,10411,8856,222,0,0,False,warehouse-10-20-10-2-1-random-9.scen,100
100,warehouse-10-20-10-2-1.map,planner,1,11226,8856,218,190,10411,8856,222,0,0,True,warehouse-10-20-10-2-1-random-9.scen,100
100,warehouse-10-20-10-2-1.map,planner,1,11226,8856,218,190,10411,8856,225,0,1,False,warehouse-10-20-10-2-1-random-9.scen,100
100,warehouse-10-20-10-2-1.map,planner,1,11414,8856,244,190,10453,8856,244,0,1,True,warehouse-10-20-10-2-1-random-9.scen,100
100,warehouse-10-20-10-2-1.map,planner,1,11226,8856,218,190,10411,8856,224,0,10,False,warehouse-10-20-10-2-1-random-9.scen,100
100,warehouse-10-20-10-2-1.map,planner,1,11414,8856,244,190,10453,8856,242,0,10,True,warehouse-10-20-10-2-1-random-9.scen,100
100,warehouse-10-20-10-2-1.map,planner,1,11226,8856,218,190,10411,8856,222,0,100,False,warehouse-10-20-10-2-1-random-9.scen,100
100,warehouse-10-20-10-2-1.map,planner,1,11414,8856,244,190,10453,8856,240,0,100,True,warehouse-10-20-10-2-1-random-9.scen,100
100,warehouse-10-20-10-2-1.map,planner,1,11226,8856,218,190,10411,8856,222,0,1000,False,warehouse-10-20-10-2-1-random-9.scen,100
100,warehouse-10-20-10-2-1.map,planner,1,11414,8856,244,190,10453,8856,239,0,1000,True,warehouse-10-20-10-2-1-random-9.scen,100
140,warehouse-10-20-10-2-1.map,planner,1,17161,12080,288,190,15468,12080,786,0,0,False,warehouse-10-20-10-2-1-random-9.scen,140
140,warehouse-10-20-10-2-1.map,planner,1,17161,12080,288,190,15468,12080,781,0,0,True,warehouse-10-20-10-2-1-random-9.scen,140
140,warehouse-10-20-10-2-1.map,planner,1,17161,12080,288,190,15468,12080,785,0,1,False,warehouse-10-20-10-2-1-random-9.scen,140
140,warehouse-10-20-10-2-1.map,planner,1,20959,12080,534,190,16879,12080,282,0,1,True,warehouse-10-20-10-2-1-random-9.scen,140
140,warehouse-10-20-10-2-1.map,planner,1,17161,12080,288,190,15468,12080,792,0,10,False,warehouse-10-20-10-2-1-random-9.scen,140
140,warehouse-10-20-10-2-1.map,planner,1,20959,12080,534,190,16879,12080,295,0,10,True,warehouse-10-20-10-2-1-random-9.scen,140
140,warehouse-10-20-10-2-1.map,planner,1,17161,12080,288,190,15468,12080,779,0,100,False,warehouse-10-20-10-2-1-random-9.scen,140
140,warehouse-10-20-10-2-1.map,planner,1,20959,12080,534,190,16879,12080,274,0,100,True,warehouse-10-20-10-2-1-random-9.scen,140
140,warehouse-10-20-10-2-1.map,planner,1,17161,12080,288,190,15468,12080,776,0,1000,False,warehouse-10-20-10-2-1-random-9.scen,140
140,warehouse-10-20-10-2-1.map,planner,1,20959,12080,534,190,16879,12080,275,0,1000,True,warehouse-10-20-10-2-1-random-9.scen,140
180,warehouse-10-20-10-2-1.map,planner,1,21271,15038,255,190,19259,15038,1734,0,0,False,warehouse-10-20-10-2-1-random-9.scen,180
180,warehouse-10-20-10-2-1.map,planner,1,21271,15038,255,190,19259,15038,1784,0,0,True,warehouse-10-20-10-2-1-random-9.scen,180
180,warehouse-10-20-10-2-1.map,planner,1,21271,15038,255,190,19259,15038,1730,0,1,False,warehouse-10-20-10-2-1-random-9.scen,180
180,warehouse-10-20-10-2-1.map,planner,1,40002,15038,1014,190,30589,15038,1705,0,1,True,warehouse-10-20-10-2-1-random-9.scen,180
180,warehouse-10-20-10-2-1.map,planner,1,21271,15038,255,190,19259,15038,1741,0,10,False,warehouse-10-20-10-2-1-random-9.scen,180
180,warehouse-10-20-10-2-1.map,planner,1,40002,15038,1014,190,30589,15038,1701,0,10,True,warehouse-10-20-10-2-1-random-9.scen,180
180,warehouse-10-20-10-2-1.map,planner,1,21271,15038,255,190,19259,15038,1734,0,100,False,warehouse-10-20-10-2-1-random-9.scen,180
180,warehouse-10-20-10-2-1.map,planner,1,40002,15038,1014,190,30589,15038,1711,0,100,True,warehouse-10-20-10-2-1-random-9.scen,180
180,warehouse-10-20-10-2-1.map,planner,1,21271,15038,255,190,19259,15038,1757,0,1000,False,warehouse-10-20-10-2-1-random-9.scen,180
180,warehouse-10-20-10-2-1.map,planner,1,40002,15038,1014,190,30589,15038,1699,0,1000,True,warehouse-10-20-10-2-1-random-9.scen,180
260,warehouse-10-20-10-2-1.map,planner,1,38679,21021,610,190,32956,21021,24401,0,0,False,warehouse-10-20-10-2-1-random-9.scen,260
260,warehouse-10-20-10-2-1.map,planner,1,38679,21021,610,190,32956,21021,22799,0,0,True,warehouse-10-20-10-2-1-random-9.scen,260
260,warehouse-10-20-10-2-1.map,planner,1,38679,21021,610,190,32956,21021,22839,0,1,False,warehouse-10-20-10-2-1-random-9.scen,260
260,warehouse-10-20-10-2-1.map,planner,1,189497,21021,3148,190,115927,21021,47205,0,1,True,warehouse-10-20-10-2-1-random-9.scen,260
260,warehouse-10-20-10-2-1.map,planner,1,38679,21021,610,190,32956,21021,22926,0,10,False,warehouse-10-20-10-2-1-random-9.scen,260
260,warehouse-10-20-10-2-1.map,planner,1,38679,21021,610,190,32956,21021,24589,0,100,False,warehouse-10-20-10-2-1-random-9.scen,260
260,warehouse-10-20-10-2-1.map,planner,1,38679,21021,610,190,32956,21021,24996,0,1000,False,warehouse-10-20-10-2-1-random-9.scen,260
300,warehouse-10-20-10-2-1.map,planner,1,48594,23976,682,190,39903,23976,27596,0,0,False,warehouse-10-20-10-2-1-random-9.scen,300
300,warehouse-10-20-10-2-1.map,planner,1,48594,23976,682,190,39903,23976,26742,0,0,True,warehouse-10-20-10-2-1-random-9.scen,300
300,warehouse-10-20-10-2-1.map,planner,1,48594,23976,682,190,39903,23976,29396,0,1,False,warehouse-10-20-10-2-1-random-9.scen,300
300,warehouse-10-20-10-2-1.map,planner,1,175567,23976,2579,190,106365,23976,29497,0,1,True,warehouse-10-20-10-2-1-random-9.scen,300
300,warehouse-10-20-10-2-1.map,planner,1,48594,23976,682,190,39903,23976,29146,0,10,False,warehouse-10-20-10-2-1-random-9.scen,300
300,warehouse-10-20-10-2-1.map,planner,1,171496,23976,2539,190,104782,23976,48887,0,10,True,warehouse-10-20-10-2-1-random-9.scen,300
300,warehouse-10-20-10-2-1.map,planner,1,48594,23976,682,190,39903,23976,29333,0,100,False,warehouse-10-20-10-2-1-random-9.scen,300
300,warehouse-10-20-10-2-1.map,planner,1,171496,23976,2539,190,104782,23976,48438,0,100,True,warehouse-10-20-10-2-1-random-9.scen,300
300,warehouse-10-20-10-2-1.map,planner,1,48594,23976,682,190,39903,23976,29770,0,1000,False,warehouse-10-20-10-2-1-random-9.scen,300
20,warehouse-10-20-10-2-1.map,planner,1,2079,1816,188,176,1944,1816,2,0,0,False,warehouse-10-20-10-2-1-random-15.scen,20
20,warehouse-10-20-10-2-1.map,planner,1,2079,1816,188,176,1944,1816,2,0,0,True,warehouse-10-20-10-2-1-random-15.scen,20
20,warehouse-10-20-10-2-1.map,planner,1,2079,1816,188,176,1944,1816,2,0,1,False,warehouse-10-20-10-2-1-random-15.scen,20
20,warehouse-10-20-10-2-1.map,planner,1,2079,1816,188,176,1944,1816,2,0,1,True,warehouse-10-20-10-2-1-random-15.scen,20
20,warehouse-10-20-10-2-1.map,planner,1,2079,1816,188,176,1944,1816,2,0,10,False,warehouse-10-20-10-2-1-random-15.scen,20
20,warehouse-10-20-10-2-1.map,planner,1,2079,1816,188,176,1944,1816,2,0,10,True,warehouse-10-20-10-2-1-random-15.scen,20
20,warehouse-10-20-10-2-1.map,planner,1,2079,1816,188,176,1944,1816,2,0,100,False,warehouse-10-20-10-2-1-random-15.scen,20
20,warehouse-10-20-10-2-1.map,planner,1,2079,1816,188,176,1944,1816,2,0,100,True,warehouse-10-20-10-2-1-random-15.scen,20
20,warehouse-10-20-10-2-1.map,planner,1,2079,1816,188,176,1944,1816,2,0,1000,False,warehouse-10-20-10-2-1-random-15.scen,20
20,warehouse-10-20-10-2-1.map,planner,1,2079,1816,188,176,1944,1816,2,0,1000,True,warehouse-10-20-10-2-1-random-15.scen,20
60,warehouse-10-20-10-2-1.map,planner,1,6467,5196,193,179,5896,5196,6,0,0,False,warehouse-10-20-10-2-1-random-15.scen,60
60,warehouse-10-20-10-2-1.map,planner,1,6467,5196,193,179,5896,5196,6,0,0,True,warehouse-10-20-10-2-1-random-15.scen,60
60,warehouse-10-20-10-2-1.map,planner,1,6467,5196,193,179,5896,5196,5,0,1,False,warehouse-10-20-10-2-1-random-15.scen,60
60,warehouse-10-20-10-2-1.map,planner,1,6551,5196,205,179,5866,5196,515,0,1,True,warehouse-10-20-10-2-1-random-15.scen,60
60,warehouse-10-20-10-2-1.map,planner,1,6467,5196,193,179,5896,5196,6,0,10,False,warehouse-10-20-10-2-1-random-15.scen,60
60,warehouse-10-20-10-2-1.map,planner,1,6551,5196,205,179,5866,5196,524,0,10,True,warehouse-10-20-10-2-1-random-15.scen,60
60,warehouse-10-20-10-2-1.map,planner,1,6467,5196,193,179,5896,5196,6,0,100,False,warehouse-10-20-10-2-1-random-15.scen,60
60,warehouse-10-20-10-2-1.map,planner,1,6551,5196,205,179,5866,5196,509,0,100,True,warehouse-10-20-10-2-1-random-15.scen,60
60,warehouse-10-20-10-2-1.map,planner,1,6467,5196,193,179,5896,5196,6,0,1000,False,warehouse-10-20-10-2-1-random-15.scen,60
60,warehouse-10-20-10-2-1.map,planner,1,6551,5196,205,179,5866,5196,516,0,1000,True,warehouse-10-20-10-2-1-random-15.scen,60
100,warehouse-10-20-10-2-1.map,planner,1,11613,8619,233,193,10427,8619,11,0,0,False,warehouse-10-20-10-2-1-random-15.scen,100
100,warehouse-10-20-10-2-1.map,planner,1,11613,8619,233,193,10427,8619,11,0,0,True,warehouse-10-20-10-2-1-random-15.scen,100
100,warehouse-10-20-10-2-1.map,planner,1,11613,8619,233,193,10427,8619,10,0,1,False,warehouse-10-20-10-2-1-random-15.scen,100
100,warehouse-10-20-10-2-1.map,planner,1,14766,8619,337,193,11960,8619,14,0,1,True,warehouse-10-20-10-2-1-random-15.scen,100
100,warehouse-10-20-10-2-1.map,planner,1,11613,8619,233,193,10427,8619,11,0,10,False,warehouse-10-20-10-2-1-random-15.scen,100
180,warehouse-10-20-10-2-1.map,planner,1,29841,14387,712,185,25013,14387,21385,0,0,False,warehouse-10-20-10-2-1-random-17.scen,180
180,warehouse-10-20-10-2-1.map,planner,1,29841,14387,712,185,25013,14387,22276,0,0,True,warehouse-10-20-10-2-1-random-17.scen,180
180,warehouse-10-20-10-2-1.map,planner,1,29841,14387,712,185,25013,14387,21521,0,1,False,warehouse-10-20-10-2-1-random-17.scen,180
180,warehouse-10-20-10-2-1.map,planner,1,29841,14387,712,185,25013,14387,21382,0,10,False,warehouse-10-20-10-2-1-random-17.scen,180
180,warehouse-10-20-10-2-1.map,planner,1,29841,14387,712,185,25013,14387,21563,0,100,False,warehouse-10-20-10-2-1-random-17.scen,180
180,warehouse-10-20-10-2-1.map,planner,1,29841,14387,712,185,25013,14387,21598,0,1000,False,warehouse-10-20-10-2-1-random-17.scen,180
20,warehouse-10-20-10-2-1.map,planner,1,1800,1618,172,172,1715,1618,2,0,0,False,warehouse-10-20-10-2-1-random-12.scen,20
20,warehouse-10-20-10-2-1.map,planner,1,1800,1618,172,172,1715,1618,2,0,0,True,warehouse-10-20-10-2-1-random-12.scen,20
20,warehouse-10-20-10-2-1.map,planner,1,1800,1618,172,172,1715,1618,2,0,1,False,warehouse-10-20-10-2-1-random-12.scen,20
20,warehouse-10-20-10-2-1.map,planner,1,1800,1618,172,172,1715,1618,2,0,1,True,warehouse-10-20-10-2-1-random-12.scen,20
20,warehouse-10-20-10-2-1.map,planner,1,1800,1618,172,172,1715,1618,2,0,10,False,warehouse-10-20-10-2-1-random-12.scen,20
20,warehouse-10-20-10-2-1.map,planner,1,1800,1618,172,172,1715,1618,2,0,10,True,warehouse-10-20-10-2-1-random-12.scen,20
20,warehouse-10-20-10-2-1.map,planner,1,1800,1618,172,172,1715,1618,1,0,100,False,warehouse-10-20-10-2-1-random-12.scen,20
20,warehouse-10-20-10-2-1.map,planner,1,1800,1618,172,172,1715,1618,2,0,100,True,warehouse-10-20-10-2-1-random-12.scen,20
20,warehouse-10-20-10-2-1.map,planner,1,1800,1618,172,172,1715,1618,2,0,1000,False,warehouse-10-20-10-2-1-random-12.scen,20
20,warehouse-10-20-10-2-1.map,planner,1,1800,1618,172,172,1715,1618,2,0,1000,True,warehouse-10-20-10-2-1-random-12.scen,20
60,warehouse-10-20-10-2-1.map,planner,1,6208,4772,206,172,5500,4772,7,0,0,False,warehouse-10-20-10-2-1-random-12.scen,60
60,warehouse-10-20-10-2-1.map,planner,1,6208,4772,206,172,5500,4772,6,0,0,True,warehouse-10-20-10-2-1-random-12.scen,60
60,warehouse-10-20-10-2-1.map,planner,1,6208,4772,206,172,5500,4772,6,0,1,False,warehouse-10-20-10-2-1-random-12.scen,60
60,warehouse-10-20-10-2-1.map,planner,1,6358,4772,244,172,5759,4772,7,0,1,True,warehouse-10-20-10-2-1-random-12.scen,60
60,warehouse-10-20-10-2-1.map,planner,1,6208,4772,206,172,5500,4772,5,0,10,False,warehouse-10-20-10-2-1-random-12.scen,60
60,warehouse-10-20-10-2-1.map,planner,1,6358,4772,244,172,5759,4772,7,0,10,True,warehouse-10-20-10-2-1-random-12.scen,60
60,warehouse-10-20-10-2-1.map,planner,1,6208,4772,206,172,5500,4772,6,0,100,False,warehouse-10-20-10-2-1-random-12.scen,60
60,warehouse-10-20-10-2-1.map,planner,1,6358,4772,244,172,5759,4772,7,0,100,True,warehouse-10-20-10-2-1-random-12.scen,60
60,warehouse-10-20-10-2-1.map,planner,1,6208,4772,206,172,5500,4772,6,0,1000,False,warehouse-10-20-10-2-1-random-12.scen,60
60,warehouse-10-20-10-2-1.map,planner,1,6358,4772,244,172,5759,4772,7,0,1000,True,warehouse-10-20-10-2-1-random-12.scen,60
100,warehouse-10-20-10-2-1.map,planner,1,11114,8269,220,182,10005,8269,10,0,0,False,warehouse-10-20-10-2-1-random-12.scen,100
100,warehouse-10-20-10-2-1.map,planner,1,11114,8269,220,182,10005,8269,11,0,0,True,warehouse-10-20-10-2-1-random-12.scen,100
100,warehouse-10-20-10-2-1.map,planner,1,11114,8269,220,182,10005,8269,11,0,1,False,warehouse-10-20-10-2-1-random-12.scen,100
100,warehouse-10-20-10-2-1.map,planner,1,11114,8269,220,182,10005,8269,11,0,1,True,warehouse-10-20-10-2-1-random-12.scen,100
100,warehouse-10-20-10-2-1.map,planner,1,11114,8269,220,182,10005,8269,10,0,10,False,warehouse-10-20-10-2-1-random-12.scen,100
100,warehouse-10-20-10-2-1.map,planner,1,11114,8269,220,182,10005,8269,10,0,10,True,warehouse-10-20-10-2-1-random-12.scen,100
100,warehouse-10-20-10-2-1.map,planner,1,11114,8269,220,182,10005,8269,10,0,100,False,warehouse-10-20-10-2-1-random-12.scen,100
100,warehouse-10-20-10-2-1.map,planner,1,11114,8269,220,182,10005,8269,10,0,100,True,warehouse-10-20-10-2-1-random-12.scen,100
100,warehouse-10-20-10-2-1.map,planner,1,11114,8269,220,182,10005,8269,10,0,1000,False,warehouse-10-20-10-2-1-random-12.scen,100
100,warehouse-10-20-10-2-1.map,planner,1,11114,8269,220,182,10005,8269,10,0,1000,True,warehouse-10-20-10-2-1-random-12.scen,100
140,warehouse-10-20-10-2-1.map,planner,1,15447,10910,250,182,13952,10910,843,0,0,False,warehouse-10-20-10-2-1-random-12.scen,140
140,warehouse-10-20-10-2-1.map,planner,1,15447,10910,250,182,13952,10910,899,0,0,True,warehouse-10-20-10-2-1-random-12.scen,140
140,warehouse-10-20-10-2-1.map,planner,1,15447,10910,250,182,13952,10910,856,0,1,False,warehouse-10-20-10-2-1-random-12.scen,140
140,warehouse-10-20-10-2-1.map,planner,1,21421,10910,558,182,17783,10910,1850,0,1,True,warehouse-10-20-10-2-1-random-12.scen,140
140,warehouse-10-20-10-2-1.map,planner,1,15447,10910,250,182,13952,10910,863,0,10,False,warehouse-10-20-10-2-1-random-12.scen,140
140,warehouse-10-20-10-2-1.map,planner,1,21421,10910,558,182,17783,10910,1835,0,10,True,warehouse-10-20-10-2-1-random-12.scen,140
140,warehouse-10-20-10-2-1.map,planner,1,15447,10910,250,182,13952,10910,855,0,100,False,warehouse-10-20-10-2-1-random-12.scen,140
140,warehouse-10-20-10-2-1.map,planner,1,21421,10910,558,182,17783,10910,1807,0,100,True,warehouse-10-20-10-2-1-random-12.scen,140
140,warehouse-10-20-10-2-1.map,planner,1,15447,10910,250,182,13952,10910,906,0,1000,False,warehouse-10-20-10-2-1-random-12.scen,140
140,warehouse-10-20-10-2-1.map,planner,1,21421,10910,558,182,17783,10910,1778,0,1000,True,warehouse-10-20-10-2-1-random-12.scen,140
180,warehouse-10-20-10-2-1.map,planner,1,22696,14169,367,182,19357,14169,1681,0,0,False,warehouse-10-20-10-2-1-random-12.scen,180
180,warehouse-10-20-10-2-1.map,planner,1,22696,14169,367,182,19357,14169,1687,0,0,True,warehouse-10-20-10-2-1-random-12.scen,180
180,warehouse-10-20-10-2-1.map,planner,1,22696,14169,367,182,19357,14169,1668,0,1,False,warehouse-10-20-10-2-1-random-12.scen,180
180,warehouse-10-20-10-2-1.map,planner,1,28639,14169,671,182,22442,14169,1802,0,1,True,warehouse-10-20-10-2-1-random-12.scen,180
180,warehouse-10-20-10-2-1.map,planner,1,22696,14169,367,182,19357,14169,1689,0,10,False,warehouse-10-20-10-2-1-random-12.scen,180
180,warehouse-10-20-10-2-1.map,planner,1,28639,14169,671,182,22442,14169,1688,0,10,True,warehouse-10-20-10-2-1-random-12.scen,180
180,warehouse-10-20-10-2-1.map,planner,1,22696,14169,367,182,19357,14169,1742,0,100,False,warehouse-10-20-10-2-1-random-12.scen,180
180,warehouse-10-20-10-2-1.map,planner,1,28639,14169,671,182,22442,14169,1683,0,100,True,warehouse-10-20-10-2-1-random-12.scen,180
180,warehouse-10-20-10-2-1.map,planner,1,22696,14169,367,182,19357,14169,1660,0,1000,False,warehouse-10-20-10-2-1-random-12.scen,180
180,warehouse-10-20-10-2-1.map,planner,1,28639,14169,671,182,22442,14169,1680,0,1000,True,warehouse-10-20-10-2-1-random-12.scen,180
220,warehouse-10-20-10-2-1.map,planner,1,36356,17368,774,215,29411,17368,13711,0,0,False,warehouse-10-20-10-2-1-random-12.scen,220
220,warehouse-10-20-10-2-1.map,planner,1,36356,17368,774,215,29411,17368,14131,0,0,True,warehouse-10-20-10-2-1-random-12.scen,220
220,warehouse-10-20-10-2-1.map,planner,1,36356,17368,774,215,29411,17368,13887,0,1,False,warehouse-10-20-10-2-1-random-12.scen,220
220,warehouse-10-20-10-2-1.map,planner,1,36356,17368,774,215,29411,17368,13887,0,1,True,warehouse-10-20-10-2-1-random-12.scen,220
220,warehouse-10-20-10-2-1.map,planner,1,36356,17368,774,215,29411,17368,13880,0,10,False,warehouse-10-20-10-2-1-random-12.scen,220
220,warehouse-10-20-10-2-1.map,planner,1,63164,17368,1315,215,40343,17368,2119,0,10,True,warehouse-10-20-10-2-1-random-12.scen,220
220,warehouse-10-20-10-2-1.map,planner,1,36356,17368,774,215,29411,17368,14201,0,100,False,warehouse-10-20-10-2-1-random-12.scen,220
220,warehouse-10-20-10-2-1.map,planner,1,63164,17368,1315,215,40343,17368,2055,0,100,True,warehouse-10-20-10-2-1-random-12.scen,220
220,warehouse-10-20-10-2-1.map,planner,1,36356,17368,774,215,29411,17368,13969,0,1000,False,warehouse-10-20-10-2-1-random-12.scen,220
220,warehouse-10-20-10-2-1.map,planner,1,63164,17368,1315,215,40343,17368,2225,0,1000,True,warehouse-10-20-10-2-1-random-12.scen,220
20,warehouse-10-20-10-2-1.map,planner,1,1664,1650,178,178,1664,1650,1,0,0,False,warehouse-10-20-10-2-1-random-13.scen,20
20,warehouse-10-20-10-2-1.map,planner,1,1664,1650,178,178,1664,1650,2,0,0,True,warehouse-10-20-10-2-1-random-13.scen,20
20,warehouse-10-20-10-2-1.map,planner,1,1664,1650,178,178,1664,1650,2,0,1,False,warehouse-10-20-10-2-1-random-13.scen,20
20,warehouse-10-20-10-2-1.map,planner,1,1664,1650,178,178,1664,1650,1,0,1,True,warehouse-10-20-10-2-1-random-13.scen,20
20,warehouse-10-20-10-2-1.map,planner,1,1664,1650,178,178,1664,1650,2,0,10,False,warehouse-10-20-10-2-1-random-13.scen,20
20,warehouse-10-20-10-2-1.map,planner,1,1664,1650,178,178,1664,1650,2,0,10,True,warehouse-10-20-10-2-1-random-13.scen,20
20,warehouse-10-20-10-2-1.map,planner,1,1664,1650,178,178,1664,1650,2,0,100,False,warehouse-10-20-10-2-1-random-13.scen,20
20,warehouse-10-20-10-2-1.map,planner,1,1664,1650,178,178,1664,1650,2,0,100,True,warehouse-10-20-10-2-1-random-13.scen,20
20,warehouse-10-20-10-2-1.map,planner,1,1664,1650,178,178,1664,1650,2,0,1000,False,warehouse-10-20-10-2-1-random-13.scen,20
20,warehouse-10-20-10-2-1.map,planner,1,1664,1650,178,178,1664,1650,2,0,1000,True,warehouse-10-20-10-2-1-random-13.scen,20
60,warehouse-10-20-10-2-1.map,planner,1,6226,5067,206,178,5751,5067,307,0,0,False,warehouse-10-20-10-2-1-random-13.scen,60
60,warehouse-10-20-10-2-1.map,planner,1,6226,5067,206,178,5751,5067,317,0,0,True,warehouse-10-20-10-2-1-random-13.scen,60
60,warehouse-10-20-10-2-1.map,planner,1,6226,5067,206,178,5751,5067,304,0,1,False,warehouse-10-20-10-2-1-random-13.scen,60
60,warehouse-10-20-10-2-1.map,planner,1,6704,5067,257,178,6098,5067,182,0,1,True,warehouse-10-20-10-2-1-random-13.scen,60
60,warehouse-10-20-10-2-1.map,planner,1,6226,5067,206,178,5751,5067,312,0,10,False,warehouse-10-20-10-2-1-random-13.scen,60
60,warehouse-10-20-10-2-1.map,planner,1,6704,5067,257,178,6098,5067,182,0,10,True,warehouse-10-20-10-2-1-random-13.scen,60
60,warehouse-10-20-10-2-1.map,planner,1,6226,5067,206,178,5751,5067,335,0,100,False,warehouse-10-20-10-2-1-random-13.scen,60
60,warehouse-10-20-10-2-1.map,planner,1,6704,5067,257,178,6098,5067,183,0,100,True,warehouse-10-20-10-2-1-random-13.scen,60
60,warehouse-10-20-10-2-1.map,planner,1,6226,5067,206,178,5751,5067,306,0,1000,False,warehouse-10-20-10-2-1-random-13.scen,60
60,warehouse-10-20-10-2-1.map,planner,1,6704,5067,257,178,6098,5067,213,0,1000,True,warehouse-10-20-10-2-1-random-13.scen,60
100,warehouse-10-20-10-2-1.map,planner,1,11057,8316,264,196,10071,8316,290,0,0,False,warehouse-10-20-10-2-1-random-13.scen,100
100,warehouse-10-20-10-2-1.map,planner,1,11057,8316,264,196,10071,8316,301,0,0,True,warehouse-10-20-10-2-1-random-13.scen,100
100,warehouse-10-20-10-2-1.map,planner,1,11057,8316,264,196,10071,8316,293,0,1,False,warehouse-10-20-10-2-1-random-13.scen,100
100,warehouse-10-20-10-2-1.map,planner,1,11057,8316,264,196,10071,8316,293,0,1,True,warehouse-10-20-10-2-1-random-13.scen,100
100,warehouse-10-20-10-2-1.map,planner,1,11057,8316,264,196,10071,8316,310,0,10,False,warehouse-10-20-10-2-1-random-13.scen,100
100,warehouse-10-20-10-2-1.map,planner,1,11057,8316,264,196,10071,8316,310,0,10,True,warehouse-10-20-10-2-1-random-13.scen,100
100,warehouse-10-20-10-2-1.map,planner,1,11057,8316,264,196,10071,8316,296,0,100,False,warehouse-10-20-10-2-1-random-13.scen,100
100,warehouse-10-20-10-2-1.map,planner,1,11057,8316,264,196,10071,8316,296,0,100,True,warehouse-10-20-10-2-1-random-13.scen,100
100,warehouse-10-20-10-2-1.map,planner,1,11057,8316,264,196,10071,8316,291,0,1000,False,warehouse-10-20-10-2-1-random-13.scen,100
100,warehouse-10-20-10-2-1.map,planner,1,11057,8316,264,196,10071,8316,291,0,1000,True,warehouse-10-20-10-2-1-random-13.scen,100
140,warehouse-10-20-10-2-1.map,planner,1,17186,11393,354,196,15337,11393,1197,0,0,False,warehouse-10-20-10-2-1-random-13.scen,140
140,warehouse-10-20-10-2-1.map,planner,1,17186,11393,354,196,15337,11393,1227,0,0,True,warehouse-10-20-10-2-1-random-13.scen,140
140,warehouse-10-20-10-2-1.map,planner,1,17186,11393,354,196,15337,11393,1233,0,1,False,warehouse-10-20-10-2-1-random-13.scen,140
140,warehouse-10-20-10-2-1.map,planner,1,17186,11393,354,196,15337,11393,1233,0,1,True,warehouse-10-20-10-2-1-random-13.scen,140
140,warehouse-10-20-10-2-1.map,planner,1,17186,11393,354,196,15337,11393,1217,0,10,False,warehouse-10-20-10-2-1-random-13.scen,140
140,warehouse-10-20-10-2-1.map,planner,1,17186,11393,354,196,15337,11393,1217,0,10,True,warehouse-10-20-10-2-1-random-13.scen,140
140,warehouse-10-20-10-2-1.map,planner,1,17186,11393,354,196,15337,11393,1205,0,100,False,warehouse-10-20-10-2-1-random-13.scen,140
140,warehouse-10-20-10-2-1.map,planner,1,17186,11393,354,196,15337,11393,1205,0,100,True,warehouse-10-20-10-2-1-random-13.scen,140
140,warehouse-10-20-10-2-1.map,planner,1,17186,11393,354,196,15337,11393,1217,0,1000,False,warehouse-10-20-10-2-1-random-13.scen,140
140,warehouse-10-20-10-2-1.map,planner,1,17186,11393,354,196,15337,11393,1217,0,1000,True,warehouse-10-20-10-2-1-random-13.scen,140
180,warehouse-10-20-10-2-1.map,planner,1,22431,14647,315,196,19234,14647,8511,0,0,False,warehouse-10-20-10-2-1-random-13.scen,180
180,warehouse-10-20-10-2-1.map,planner,1,22431,14647,315,196,19234,14647,8257,0,0,True,warehouse-10-20-10-2-1-random-13.scen,180
180,warehouse-10-20-10-2-1.map,planner,1,22431,14647,315,196,19234,14647,8420,0,1,False,warehouse-10-20-10-2-1-random-13.scen,180
180,warehouse-10-20-10-2-1.map,planner,1,42652,14647,1118,196,33021,14647,12126,0,1,True,warehouse-10-20-10-2-1-random-13.scen,180
180,warehouse-10-20-10-2-1.map,planner,1,22431,14647,315,196,19234,14647,8255,0,10,False,warehouse-10-20-10-2-1-random-13.scen,180
180,warehouse-10-20-10-2-1.map,planner,1,42652,14647,1118,196,33021,14647,12131,0,10,True,warehouse-10-20-10-2-1-random-13.scen,180
180,warehouse-10-20-10-2-1.map,planner,1,22431,14647,315,196,19234,14647,8281,0,100,False,warehouse-10-20-10-2-1-random-13.scen,180
180,warehouse-10-20-10-2-1.map,planner,1,42652,14647,1118,196,33021,14647,12023,0,100,True,warehouse-10-20-10-2-1-random-13.scen,180
180,warehouse-10-20-10-2-1.map,planner,1,22431,14647,315,196,19234,14647,8281,0,1000,False,warehouse-10-20-10-2-1-random-13.scen,180
180,warehouse-10-20-10-2-1.map,planner,1,42652,14647,1118,196,33021,14647,12000,0,1000,True,warehouse-10-20-10-2-1-random-13.scen,180
220,warehouse-10-20-10-2-1.map,planner,1,36173,17433,709,196,29127,17433,26251,0,0,False,warehouse-10-20-10-2-1-random-13.scen,220
220,warehouse-10-20-10-2-1.map,planner,1,36173,17433,709,196,29127,17433,26385,0,0,True,warehouse-10-20-10-2-1-random-13.scen,220
220,warehouse-10-20-10-2-1.map,planner,1,36173,17433,709,196,29127,17433,26507,0,1,False,warehouse-10-20-10-2-1-random-13.scen,220
220,warehouse-10-20-10-2-1.map,planner,1,36173,17433,709,196,29127,17433,26507,0,1,True,warehouse-10-20-10-2-1-random-13.scen,220
220,warehouse-10-20-10-2-1.map,planner,1,36173,17433,709,196,29127,17433,26009,0,10,False,warehouse-10-20-10-2-1-random-13.scen,220
220,warehouse-10-20-10-2-1.map,planner,1,36173,17433,709,196,29127,17433,26009,0,10,True,warehouse-10-20-10-2-1-random-13.scen,220
220,warehouse-10-20-10-2-1.map,planner,1,36173,17433,709,196,29127,17433,26017,0,100,False,warehouse-10-20-10-2-1-random-13.scen,220
220,warehouse-10-20-10-2-1.map,planner,1,36173,17433,709,196,29127,17433,26017,0,100,True,warehouse-10-20-10-2-1-random-13.scen,220
220,warehouse-10-20-10-2-1.map,planner,1,36173,17433,709,196,29127,17433,26349,0,1000,False,warehouse-10-20-10-2-1-random-13.scen,220
220,warehouse-10-20-10-2-1.map,planner,1,36173,17433,709,196,29127,17433,26349,0,1000,True,warehouse-10-20-10-2-1-random-13.scen,220
20,warehouse-10-20-10-2-1.map,planner,1,1999,1654,204,179,1983,1654,23,0,0,False,warehouse-10-20-10-2-1-random-24.scen,20
20,warehouse-10-20-10-2-1.map,planner,1,1999,1654,204,179,1983,1654,23,0,0,True,warehouse-10-20-10-2-1-random-24.scen,20
20,warehouse-10-20-10-2-1.map,planner,1,1999,1654,204,179,1983,1654,23,0,1,False,warehouse-10-20-10-2-1-random-24.scen,20
20,warehouse-10-20-10-2-1.map,planner,1,1999,1654,204,179,1983,1654,22,0,1,True,warehouse-10-20-10-2-1-random-24.scen,20
20,warehouse-10-20-10-2-1.map,planner,1,1999,1654,204,179,1983,1654,23,0,10,False,warehouse-10-20-10-2-1-random-24.scen,20
20,warehouse-10-20-10-2-1.map,planner,1,1999,1654,204,179,1983,1654,22,0,10,True,warehouse-10-20-10-2-1-random-24.scen,20
20,warehouse-10-20-10-2-1.map,planner,1,1999,1654,204,179,1983,1654,24,0,100,False,warehouse-10-20-10-2-1-random-24.scen,20
20,warehouse-10-20-10-2-1.map,planner,1,1999,1654,204,179,1983,1654,25,0,100,True,warehouse-10-20-10-2-1-random-24.scen,20
20,warehouse-10-20-10-2-1.map,planner,1,1999,1654,204,179,1983,1654,22,0,1000,False,warehouse-10-20-10-2-1-random-24.scen,20
20,warehouse-10-20-10-2-1.map,planner,1,1999,1654,204,179,1983,1654,23,0,1000,True,warehouse-10-20-10-2-1-random-24.scen,20
60,warehouse-10-20-10-2-1.map,planner,1,6314,5501,212,212,6106,5501,7,0,0,False,warehouse-10-20-10-2-1-random-24.scen,60
60,warehouse-10-20-10-2-1.map,planner,1,6314,5501,212,212,6106,5501,6,0,0,True,warehouse-10-20-10-2-1-random-24.scen,60
60,warehouse-10-20-10-2-1.map,planner,1,6314,5501,212,212,6106,5501,6,0,1,False,warehouse-10-20-10-2-1-random-24.scen,60
60,warehouse-10-20-10-2-1.map,planner,1,6795,5501,243,212,6248,5501,7,0,1,True,warehouse-10-20-10-2-1-random-24.scen,60
60,warehouse-10-20-10-2-1.map,planner,1,6314,5501,212,212,6106,5501,6,0,10,False,warehouse-10-20-10-2-1-random-24.scen,60
60,warehouse-10-20-10-2-1.map,planner,1,6795,5501,243,212,6248,5501,7,0,10,True,warehouse-10-20-10-2-1-random-24.scen,60
60,warehouse-10-20-10-2-1.map,planner,1,6314,5501,212,212,6106,5501,6,0,100,False,warehouse-10-20-10-2-1-random-24.scen,60
60,warehouse-10-20-10-2-1.map,planner,1,6795,5501,243,212,6248,5501,7,0,100,True,warehouse-10-20-10-2-1-random-24.scen,60
60,warehouse-10-20-10-2-1.map,planner,1,6314,5501,212,212,6106,5501,6,0,1000,False,warehouse-10-20-10-2-1-random-24.scen,60
60,warehouse-10-20-10-2-1.map,planner,1,6795,5501,243,212,6248,5501,6,0,1000,True,warehouse-10-20-10-2-1-random-24.scen,60
100,warehouse-10-20-10-2-1.map,planner,1,12546,9213,234,212,11389,9213,22,0,0,False,warehouse-10-20-10-2-1-random-24.scen,100
100,warehouse-10-20-10-2-1.map,planner,1,12546,9213,234,212,11389,9213,23,0,0,True,warehouse-10-20-10-2-1-random-24.scen,100
100,warehouse-10-20-10-2-1.map,planner,1,12546,9213,234,212,11389,9213,22,0,1,False,warehouse-10-20-10-2-1-random-24.scen,100
100,warehouse-10-20-10-2-1.map,planner,1,12546,9213,234,212,11389,9213,22,0,1,True,warehouse-10-20-10-2-1-random-24.scen,100
100,warehouse-10-20-10-2-1.map,planner,1,12546,9213,234,212,11389,9213,23,0,10,False,warehouse-10-20-10-2-1-random-24.scen,100
100,warehouse-10-20-10-2-1.map,planner,1,12546,9213,234,212,11389,9213,23,0,10,True,warehouse-10-20-10-2-1-random-24.scen,100
100,warehouse-10-20-10-2-1.map,planner,1,12546,9213,234,212,11389,9213,22,0,100,False,warehouse-10-20-10-2-1-random-24.scen,100
100,warehouse-10-20-10-2-1.map,planner,1,12546,9213,234,212,11389,9213,22,0,100,True,warehouse-10-20-10-2-1-random-24.scen,100
100,warehouse-10-20-10-2-1.map,planner,1,12546,9213,234,212,11389,9213,23,0,1000,False,warehouse-10-20-10-2-1-random-24.scen,100
100,warehouse-10-20-10-2-1.map,planner,1,12546,9213,234,212,11389,9213,23,0,1000,True,warehouse-10-20-10-2-1-random-24.scen,100
140,warehouse-10-20-10-2-1.map,planner,1,18689,12267,388,212,17115,12267,3277,0,0,False,warehouse-10-20-10-2-1-random-24.scen,140
140,warehouse-10-20-10-2-1.map,planner,1,18689,12267,388,212,17115,12267,3274,0,0,True,warehouse-10-20-10-2-1-random-24.scen,140
140,warehouse-10-20-10-2-1.map,planner,1,18689,12267,388,212,17115,12267,3342,0,1,False,warehouse-10-20-10-2-1-random-24.scen,140
140,warehouse-10-20-10-2-1.map,planner,1,20495,12267,522,212,16941,12267,1427,0,1,True,warehouse-10-20-10-2-1-random-24.scen,140
140,warehouse-10-20-10-2-1.map,planner,1,18689,12267,388,212,17115,12267,3272,0,10,False,warehouse-10-20-10-2-1-random-24.scen,140
140,warehouse-10-20-10-2-1.map,planner,1,20495,12267,522,212,16941,12267,1542,0,10,True,warehouse-10-20-10-2-1-random-24.scen,140
140,warehouse-10-20-10-2-1.map,planner,1,18689,12267,388,212,17115,12267,3325,0,100,False,warehouse-10-20-10-2-1-random-24.scen,140
140,warehouse-10-20-10-2-1.map,planner,1,20495,12267,522,212,16941,12267,1406,0,100,True,warehouse-10-20-10-2-1-random-24.scen,140
140,warehouse-10-20-10-2-1.map,planner,1,18689,12267,388,212,17115,12267,3317,0,1000,False,warehouse-10-20-10-2-1-random-24.scen,140
140,warehouse-10-20-10-2-1.map,planner,1,20495,12267,522,212,16941,12267,1448,0,1000,True,warehouse-10-20-10-2-1-random-24.scen,140
180,warehouse-10-20-10-2-1.map,planner,1,28750,15474,706,212,24688,15474,9005,0,0,False,warehouse-10-20-10-2-1-random-24.scen,180
180,warehouse-10-20-10-2-1.map,planner,1,28750,15474,706,212,24688,15474,9043,0,0,True,warehouse-10-20-10-2-1-random-24.scen,180
180,warehouse-10-20-10-2-1.map,planner,1,28750,15474,706,212,24688,15474,9126,0,1,False,warehouse-10-20-10-2-1-random-24.scen,180
180,warehouse-10-20-10-2-1.map,planner,1,43179,15474,1093,212,31266,15474,4573,0,1,True,warehouse-10-20-10-2-1-random-24.scen,180
180,warehouse-10-20-10-2-1.map,planner,1,28750,15474,706,212,24688,15474,9039,0,10,False,warehouse-10-20-10-2-1-random-24.scen,180
180,warehouse-10-20-10-2-1.map,planner,1,43179,15474,1093,212,31266,15474,4712,0,10,True,warehouse-10-20-10-2-1-random-24.scen,180
180,warehouse-10-20-10-2-1.map,planner,1,28750,15474,706,212,24688,15474,9079,0,100,False,warehouse-10-20-10-2-1-random-24.scen,180
180,warehouse-10-20-10-2-1.map,planner,1,43179,15474,1093,212,31266,15474,4580,0,100,True,warehouse-10-20-10-2-1-random-24.scen,180
180,warehouse-10-20-10-2-1.map,planner,1,28750,15474,706,212,24688,15474,9020,0,1000,False,warehouse-10-20-10-2-1-random-24.scen,180
180,warehouse-10-20-10-2-1.map,planner,1,43179,15474,1093,212,31266,15474,4493,0,1000,True,warehouse-10-20-10-2-1-random-24.scen,180
220,warehouse-10-20-10-2-1.map,planner,1,37708,18715,688,212,30730,18715,18454,0,0,False,warehouse-10-20-10-2-1-random-24.scen,220
220,warehouse-10-20-10-2-1.map,planner,1,37708,18715,688,212,30730,18715,18845,0,0,True,warehouse-10-20-10-2-1-random-24.scen,220
220,warehouse-10-20-10-2-1.map,planner,1,37708,18715,688,212,30730,18715,18389,0,1,False,warehouse-10-20-10-2-1-random-24.scen,220
220,warehouse-10-20-10-2-1.map,planner,1,37708,18715,688,212,30730,18715,18865,0,10,False,warehouse-10-20-10-2-1-random-24.scen,220
220,warehouse-10-20-10-2-1.map,planner,1,37708,18715,688,212,30730,18715,18621,0,100,False,warehouse-10-20-10-2-1-random-24.scen,220
220,warehouse-10-20-10-2-1.map,planner,1,37708,18715,688,212,30730,18715,18742,0,1000,False,warehouse-10-20-10-2-1-random-24.scen,220
20,warehouse-10-20-10-2-1.map,planner,1,1864,1640,162,162,1750,1640,2,0,0,False,warehouse-10-20-10-2-1-random-22.scen,20
20,warehouse-10-20-10-2-1.map,planner,1,1864,1640,162,162,1750,1640,2,0,0,True,warehouse-10-20-10-2-1-random-22.scen,20
20,warehouse-10-20-10-2-1.map,planner,1,1864,1640,162,162,1750,1640,1,0,1,False,warehouse-10-20-10-2-1-random-22.scen,20
20,warehouse-10-20-10-2-1.map,planner,1,1864,1640,162,162,1750,1640,2,0,1,True,warehouse-10-20-10-2-1-random-22.scen,20
20,warehouse-10-20-10-2-1.map,planner,1,1864,1640,162,162,1750,1640,2,0,10,False,warehouse-10-20-10-2-1-random-22.scen,20
20,warehouse-10-20-10-2-1.map,planner,1,1864,1640,162,162,1750,1640,2,0,10,True,warehouse-10-20-10-2-1-random-22.scen,20
20,warehouse-10-20-10-2-1.map,planner,1,1864,1640,162,162,1750,1640,1,0,100,False,warehouse-10-20-10-2-1-random-22.scen,20
20,warehouse-10-20-10-2-1.map,planner,1,1864,1640,162,162,1750,1640,1,0,100,True,warehouse-10-20-10-2-1-random-22.scen,20
20,warehouse-10-20-10-2-1.map,planner,1,1864,1640,162,162,1750,1640,2,0,1000,False,warehouse-10-20-10-2-1-random-22.scen,20
20,warehouse-10-20-10-2-1.map,planner,1,1864,1640,162,162,1750,1640,2,0,1000,True,warehouse-10-20-10-2-1-random-22.scen,20
60,warehouse-10-20-10-2-1.map,planner,1,6767,5229,184,181,6136,5229,5,0,0,False,warehouse-10-20-10-2-1-random-22.scen,60
60,warehouse-10-20-10-2-1.map,planner,1,6767,5229,184,181,6136,5229,6,0,0,True,warehouse-10-20-10-2-1-random-22.scen,60
60,warehouse-10-20-10-2-1.map,planner,1,6767,5229,184,181,6136,5229,6,0,1,False,warehouse-10-20-10-2-1-random-22.scen,60
60,warehouse-10-20-10-2-1.map,planner,1,6505,5229,181,181,6010,5229,7,0,1,True,warehouse-10-20-10-2-1-random-22.scen,60
60,warehouse-10-20-10-2-1.map,planner,1,6767,5229,184,181,6136,5229,6,0,10,False,warehouse-10-20-10-2-1-random-22.scen,60
60,warehouse-10-20-10-2-1.map,planner,1,6505,5229,181,181,6010,5229,6,0,10,True,warehouse-10-20-10-2-1-random-22.scen,60
60,warehouse-10-20-10-2-1.map,planner,1,6767,5229,184,181,6136,5229,6,0,100,False,warehouse-10-20-10-2-1-random-22.scen,60
60,warehouse-10-20-10-2-1.map,planner,1,6505,5229,181,181,6010,5229,6,0,100,True,warehouse-10-20-10-2-1-random-22.scen,60
60,warehouse-10-20-10-2-1.map,planner,1,6767,5229,184,181,6136,5229,7,0,1000,False,warehouse-10-20-10-2-1-random-22.scen,60
60,warehouse-10-20-10-2-1.map,planner,1,6505,5229,181,181,6010,5229,6,0,1000,True,warehouse-10-20-10-2-1-random-22.scen,60
100,warehouse-10-20-10-2-1.map,planner,1,11901,8583,237,181,10509,8583,342,0,0,False,warehouse-10-20-10-2-1-random-22.scen,100
100,warehouse-10-20-10-2-1.map,planner,1,11901,8583,237,181,10509,8583,336,0,0,True,warehouse-10-20-10-2-1-random-22.scen,100
100,warehouse-10-20-10-2-1.map,planner,1,11901,8583,237,181,10509,8583,336,0,1,False,warehouse-10-20-10-2-1-random-22.scen,100
100,warehouse-10-20-10-2-1.map,planner,1,12536,8583,300,181,10769,8583,325,0,1,True,warehouse-10-20-10-2-1-random-22.scen,100
100,warehouse-10-20-10-2-1.map,planner,1,11901,8583,237,181,10509,8583,343,0,10,False,warehouse-10-20-10-2-1-random-22.scen,100
100,warehouse-10-20-10-2-1.map,planner,1,12536,8583,300,181,10769,8583,319,0,10,True,warehouse-10-20-10-2-1-random-22.scen,100
100,warehouse-10-20-10-2-1.map,planner,1,11901,8583,237,181,10509,8583,343,0,100,False,warehouse-10-20-10-2-1-random-22.scen,100
100,warehouse-10-20-10-2-1.map,planner,1,12536,8583,300,181,10769,8583,330,0,100,True,warehouse-10-20-10-2-1-random-22.scen,100
100,warehouse-10-20-10-2-1.map,planner,1,11901,8583,237,181,10509,8583,344,0,1000,False,warehouse-10-20-10-2-1-random-22.scen,100
100,warehouse-10-20-10-2-1.map,planner,1,12536,8583,300,181,10769,8583,381,0,1000,True,warehouse-10-20-10-2-1-random-22.scen,100
140,warehouse-10-20-10-2-1.map,planner,1,17789,11338,373,181,15749,11338,2440,0,0,False,warehouse-10-20-10-2-1-random-22.scen,140
140,warehouse-10-20-10-2-1.map,planner,1,17789,11338,373,181,15749,11338,2375,0,0,True,warehouse-10-20-10-2-1-random-22.scen,140
140,warehouse-10-20-10-2-1.map,planner,1,17789,11338,373,181,15749,11338,2356,0,1,False,warehouse-10-20-10-2-1-random-22.scen,140
140,warehouse-10-20-10-2-1.map,planner,1,17789,11338,373,181,15749,11338,2356,0,1,True,warehouse-10-20-10-2-1-random-22.scen,140
140,warehouse-10-20-10-2-1.map,planner,1,17789,11338,373,181,15749,11338,2416,0,10,False,warehouse-10-20-10-2-1-random-22.scen,140
140,warehouse-10-20-10-2-1.map,planner,1,17789,11338,373,181,15749,11338,2416,0,10,True,warehouse-10-20-10-2-1-random-22.scen,140
140,warehouse-10-20-10-2-1.map,planner,1,17789,11338,373,181,15749,11338,2385,0,100,False,warehouse-10-20-10-2-1-random-22.scen,140
140,warehouse-10-20-10-2-1.map,planner,1,17789,11338,373,181,15749,11338,2385,0,100,True,warehouse-10-20-10-2-1-random-22.scen,140
140,warehouse-10-20-10-2-1.map,planner,1,17789,11338,373,181,15749,11338,2493,0,1000,False,warehouse-10-20-10-2-1-random-22.scen,140
140,warehouse-10-20-10-2-1.map,planner,1,17789,11338,373,181,15749,11338,2493,0,1000,True,warehouse-10-20-10-2-1-random-22.scen,140
180,warehouse-10-20-10-2-1.map,planner,1,24365,14498,370,181,20924,14498,1425,0,0,False,warehouse-10-20-10-2-1-random-22.scen,180
180,warehouse-10-20-10-2-1.map,planner,1,24365,14498,370,181,20924,14498,1450,0,0,True,warehouse-10-20-10-2-1-random-22.scen,180
180,warehouse-10-20-10-2-1.map,planner,1,24365,14498,370,181,20924,14498,1425,0,1,False,warehouse-10-20-10-2-1-random-22.scen,180
180,warehouse-10-20-10-2-1.map,planner,1,24365,14498,370,181,20924,14498,1425,0,1,True,warehouse-10-20-10-2-1-random-22.scen,180
180,warehouse-10-20-10-2-1.map,planner,1,24365,14498,370,181,20924,14498,1420,0,10,False,warehouse-10-20-10-2-1-random-22.scen,180
180,warehouse-10-20-10-2-1.map,planner,1,24365,14498,370,181,20924,14498,1420,0,10,True,warehouse-10-20-10-2-1-random-22.scen,180
180,warehouse-10-20-10-2-1.map,planner,1,24365,14498,370,181,20924,14498,1436,0,100,False,warehouse-10-20-10-2-1-random-22.scen,180
180,warehouse-10-20-10-2-1.map,planner,1,24365,14498,370,181,20924,14498,1436,0,100,True,warehouse-10-20-10-2-1-random-22.scen,180
180,warehouse-10-20-10-2-1.map,planner,1,24365,14498,370,181,20924,14498,1436,0,1000,False,warehouse-10-20-10-2-1-random-22.scen,180
180,warehouse-10-20-10-2-1.map,planner,1,24365,14498,370,181,20924,14498,1436,0,1000,True,warehouse-10-20-10-2-1-random-22.scen,180
220,warehouse-10-20-10-2-1.map,planner,1,33050,17789,524,181,27202,17789,4618,0,0,False,warehouse-10-20-10-2-1-random-22.scen,220
220,warehouse-10-20-10-2-1.map,planner,1,33050,17789,524,181,27202,17789,4509,0,0,True,warehouse-10-20-10-2-1-random-22.scen,220
220,warehouse-10-20-10-2-1.map,planner,1,33050,17789,524,181,27202,17789,4577,0,1,False,warehouse-10-20-10-2-1-random-22.scen,220
220,warehouse-10-20-10-2-1.map,planner,1,33050,17789,524,181,27202,17789,4577,0,1,True,warehouse-10-20-10-2-1-random-22.scen,220
220,warehouse-10-20-10-2-1.map,planner,1,33050,17789,524,181,27202,17789,4660,0,10,False,warehouse-10-20-10-2-1-random-22.scen,220
220,warehouse-10-20-10-2-1.map,planner,1,33050,17789,524,181,27202,17789,4660,0,10,True,warehouse-10-20-10-2-1-random-22.scen,220
220,warehouse-10-20-10-2-1.map,planner,1,33050,17789,524,181,27202,17789,4473,0,100,False,warehouse-10-20-10-2-1-random-22.scen,220
220,warehouse-10-20-10-2-1.map,planner,1,33050,17789,524,181,27202,17789,4473,0,100,True,warehouse-10-20-10-2-1-random-22.scen,220
220,warehouse-10-20-10-2-1.map,planner,1,33050,17789,524,181,27202,17789,4489,0,1000,False,warehouse-10-20-10-2-1-random-22.scen,220
220,warehouse-10-20-10-2-1.map,planner,1,33050,17789,524,181,27202,17789,4489,0,1000,True,warehouse-10-20-10-2-1-random-22.scen,220
20,warehouse-10-20-10-2-1.map,planner,1,1552,1491,167,167,1515,1491,2,0,0,False,warehouse-10-20-10-2-1-random-21.scen,20
20,warehouse-10-20-10-2-1.map,planner,1,1552,1491,167,167,1515,1491,1,0,0,True,warehouse-10-20-10-2-1-random-21.scen,20
20,warehouse-10-20-10-2-1.map,planner,1,1552,1491,167,167,1515,1491,2,0,1,False,warehouse-10-20-10-2-1-random-21.scen,20
20,warehouse-10-20-10-2-1.map,planner,1,1552,1491,167,167,1515,1491,1,0,1,True,warehouse-10-20-10-2-1-random-21.scen,20
20,warehouse-10-20-10-2-1.map,planner,1,1552,1491,167,167,1515,1491,2,0,10,False,warehouse-10-20-10-2-1-random-21.scen,20
20,warehouse-10-20-10-2-1.map,planner,1,1552,1491,167,167,1515,1491,2,0,10,True,warehouse-10-20-10-2-1-random-21.scen,20
20,warehouse-10-20-10-2-1.map,planner,1,1552,1491,167,167,1515,1491,2,0,100,False,warehouse-10-20-10-2-1-random-21.scen,20
20,warehouse-10-20-10-2-1.map,planner,1,1552,1491,167,167,1515,1491,1,0,100,True,warehouse-10-20-10-2-1-random-21.scen,20
20,warehouse-10-20-10-2-1.map,planner,1,1552,1491,167,167,1515,1491,1,0,1000,False,warehouse-10-20-10-2-1-random-21.scen,20
20,warehouse-10-20-10-2-1.map,planner,1,1552,1491,167,167,1515,1491,2,0,1000,True,warehouse-10-20-10-2-1-random-21.scen,20
60,warehouse-10-20-10-2-1.map,planner,1,6382,5369,183,183,5924,5369,7,0,0,False,warehouse-10-20-10-2-1-random-21.scen,60
60,warehouse-10-20-10-2-1.map,planner,1,6382,5369,183,183,5924,5369,6,0,0,True,warehouse-10-20-10-2-1-random-21.scen,60
60,warehouse-10-20-10-2-1.map,planner,1,6382,5369,183,183,5924,5369,6,0,1,False,warehouse-10-20-10-2-1-random-21.scen,60
60,warehouse-10-20-10-2-1.map,planner,1,6364,5369,183,183,5973,5369,6,0,1,True,warehouse-10-20-10-2-1-random-21.scen,60
60,warehouse-10-20-10-2-1.map,planner,1,6382,5369,183,183,5924,5369,5,0,10,False,warehouse-10-20-10-2-1-random-21.scen,60
60,warehouse-10-20-10-2-1.map,planner,1,6364,5369,183,183,5973,5369,5,0,10,True,warehouse-10-20-10-2-1-random-21.scen,60
60,warehouse-10-20-10-2-1.map,planner,1,6382,5369,183,183,5924,5369,6,0,100,False,warehouse-10-20-10-2-1-random-21.scen,60
60,warehouse-10-20-10-2-1.map,planner,1,6364,5369,183,183,5973,5369,6,0,100,True,warehouse-10-20-10-2-1-random-21.scen,60
60,warehouse-10-20-10-2-1.map,planner,1,6382,5369,183,183,5924,5369,6,0,1000,False,warehouse-10-20-10-2-1-random-21.scen,60
60,warehouse-10-20-10-2-1.map,planner,1,6364,5369,183,183,5973,5369,7,0,1000,True,warehouse-10-20-10-2-1-random-21.scen,60
100,warehouse-10-20-10-2-1.map,planner,1,11479,8812,204,183,10670,8812,112,0,0,False,warehouse-10-20-10-2-1-random-21.scen,100
100,warehouse-10-20-10-2-1.map,planner,1,11479,8812,204,183,10670,8812,88,0,0,True,warehouse-10-20-10-2-1-random-21.scen,100
100,warehouse-10-20-10-2-1.map,planner,1,11479,8812,204,183,10670,8812,89,0,1,False,warehouse-10-20-10-2-1-random-21.scen,100
100,warehouse-10-20-10-2-1.map,planner,1,19098,8812,688,183,14194,8812,220,0,1,True,warehouse-10-20-10-2-1-random-21.scen,100
100,warehouse-10-20-10-2-1.map,planner,1,11479,8812,204,183,10670,8812,89,0,10,False,warehouse-10-20-10-2-1-random-21.scen,100
100,warehouse-10-20-10-2-1.map,planner,1,19098,8812,688,183,14194,8812,216,0,10,True,warehouse-10-20-10-2-1-random-21.scen,100
100,warehouse-10-20-10-2-1.map,planner,1,11479,8812,204,183,10670,8812,88,0,100,False,warehouse-10-20-10-2-1-random-21.scen,100
100,warehouse-10-20-10-2-1.map,planner,1,19098,8812,688,183,14194,8812,242,0,100,True,warehouse-10-20-10-2-1-random-21.scen,100
100,warehouse-10-20-10-2-1.map,planner,1,11479,8812,204,183,10670,8812,87,0,1000,False,warehouse-10-20-10-2-1-random-21.scen,100
100,warehouse-10-20-10-2-1.map,planner,1,19098,8812,688,183,14194,8812,216,0,1000,True,warehouse-10-20-10-2-1-random-21.scen,100
140,warehouse-10-20-10-2-1.map,planner,1,19266,11766,404,183,16707,11766,2258,0,0,False,warehouse-10-20-10-2-1-random-21.scen,140
140,warehouse-10-20-10-2-1.map,planner,1,19266,11766,404,183,16707,11766,2399,0,0,True,warehouse-10-20-10-2-1-random-21.scen,140
140,warehouse-10-20-10-2-1.map,planner,1,19266,11766,404,183,16707,11766,2285,0,1,False,warehouse-10-20-10-2-1-random-21.scen,140
140,warehouse-10-20-10-2-1.map,planner,1,19266,11766,404,183,16707,11766,2285,0,1,True,warehouse-10-20-10-2-1-random-21.scen,140
140,warehouse-10-20-10-2-1.map,planner,1,19266,11766,404,183,16707,11766,2290,0,10,False,warehouse-10-20-10-2-1-random-21.scen,140
140,warehouse-10-20-10-2-1.map,planner,1,19266,11766,404,183,16707,11766,2290,0,10,True,warehouse-10-20-10-2-1-random-21.scen,140
140,warehouse-10-20-10-2-1.map,planner,1,19266,11766,404,183,16707,11766,2321,0,100,False,warehouse-10-20-10-2-1-random-21.scen,140
140,warehouse-10-20-10-2-1.map,planner,1,19266,11766,404,183,16707,11766,2321,0,100,True,warehouse-10-20-10-2-1-random-21.scen,140
140,warehouse-10-20-10-2-1.map,planner,1,19266,11766,404,183,16707,11766,2338,0,1000,False,warehouse-10-20-10-2-1-random-21.scen,140
140,warehouse-10-20-10-2-1.map,planner,1,19266,11766,404,183,16707,11766,2338,0,1000,True,warehouse-10-20-10-2-1-random-21.scen,140
180,warehouse-10-20-10-2-1.map,planner,1,28390,14534,686,183,24911,14534,15499,0,0,False,warehouse-10-20-10-2-1-random-21.scen,180
180,warehouse-10-20-10-2-1.map,planner,1,28390,14534,686,183,24911,14534,15277,0,0,True,warehouse-10-20-10-2-1-random-21.scen,180
180,warehouse-10-20-10-2-1.map,planner,1,28390,14534,686,183,24911,14534,15203,0,1,False,warehouse-10-20-10-2-1-random-21.scen,180
180,warehouse-10-20-10-2-1.map,planner,1,58530,14534,1542,183,41503,14534,10587,0,1,True,warehouse-10-20-10-2-1-random-21.scen,180
180,warehouse-10-20-10-2-1.map,planner,1,28390,14534,686,183,24911,14534,15195,0,10,False,warehouse-10-20-10-2-1-random-21.scen,180
180,warehouse-10-20-10-2-1.map,planner,1,58530,14534,1542,183,41503,14534,10679,0,10,True,warehouse-10-20-10-2-1-random-21.scen,180
180,warehouse-10-20-10-2-1.map,planner,1,28390,14534,686,183,24911,14534,15232,0,100,False,warehouse-10-20-10-2-1-random-21.scen,180
180,warehouse-10-20-10-2-1.map,planner,1,58530,14534,1542,183,41503,14534,10817,0,100,True,warehouse-10-20-10-2-1-random-21.scen,180
180,warehouse-10-20-10-2-1.map,planner,1,28390,14534,686,183,24911,14534,15377,0,1000,False,warehouse-10-20-10-2-1-random-21.scen,180
180,warehouse-10-20-10-2-1.map,planner,1,58530,14534,1542,183,41503,14534,10720,0,1000,True,warehouse-10-20-10-2-1-random-21.scen,180
220,warehouse-10-20-10-2-1.map,planner,1,36299,17511,747,183,31338,17511,46796,0,0,False,warehouse-10-20-10-2-1-random-21.scen,220
220,warehouse-10-20-10-2-1.map,planner,1,36299,17511,747,183,31338,17511,47561,0,0,True,warehouse-10-20-10-2-1-random-21.scen,220
220,warehouse-10-20-10-2-1.map,planner,1,36299,17511,747,183,31338,17511,46868,0,1,False,warehouse-10-20-10-2-1-random-21.scen,220
220,warehouse-10-20-10-2-1.map,planner,1,58040,17511,1230,183,43610,17511,11122,0,1,True,warehouse-10-20-10-2-1-random-21.scen,220
220,warehouse-10-20-10-2-1.map,planner,1,36299,17511,747,183,31338,17511,46802,0,10,False,warehouse-10-20-10-2-1-random-21.scen,220
220,warehouse-10-20-10-2-1.map,planner,1,60519,17511,1329,183,45355,17511,12932,0,10,True,warehouse-10-20-10-2-1-random-21.scen,220
220,warehouse-10-20-10-2-1.map,planner,1,36299,17511,747,183,31338,17511,46068,0,100,False,warehouse-10-20-10-2-1-random-21.scen,220
220,warehouse-10-20-10-2-1.map,planner,1,60519,17511,1329,183,45355,17511,12817,0,100,True,warehouse-10-20-10-2-1-random-21.scen,220
220,warehouse-10-20-10-2-1.map,planner,1,36299,17511,747,183,31338,17511,47105,0,1000,False,warehouse-10-20-10-2-1-random-21.scen,220
220,warehouse-10-20-10-2-1.map,planner,1,60519,17511,1329,183,45355,17511,12944,0,1000,True,warehouse-10-20-10-2-1-random-21.scen,220
20,warehouse-10-20-10-2-1.map,planner,1,1807,1508,168,168,1573,1508,2,0,0,False,warehouse-10-20-10-2-1-random-14.scen,20
20,warehouse-10-20-10-2-1.map,planner,1,1807,1508,168,168,1573,1508,1,0,0,True,warehouse-10-20-10-2-1-random-14.scen,20
20,warehouse-10-20-10-2-1.map,planner,1,1807,1508,168,168,1573,1508,2,0,1,False,warehouse-10-20-10-2-1-random-14.scen,20
20,warehouse-10-20-10-2-1.map,planner,1,1807,1508,168,168,1573,1508,2,0,1,True,warehouse-10-20-10-2-1-random-14.scen,20
20,warehouse-10-20-10-2-1.map,planner,1,1807,1508,168,168,1573,1508,1,0,10,False,warehouse-10-20-10-2-1-random-14.scen,20
20,warehouse-10-20-10-2-1.map,planner,1,1807,1508,168,168,1573,1508,1,0,10,True,warehouse-10-20-10-2-1-random-14.scen,20
20,warehouse-10-20-10-2-1.map,planner,1,1807,1508,168,168,1573,1508,1,0,100,False,warehouse-10-20-10-2-1-random-14.scen,20
20,warehouse-10-20-10-2-1.map,planner,1,1807,1508,168,168,1573,1508,1,0,100,True,warehouse-10-20-10-2-1-random-14.scen,20
20,warehouse-10-20-10-2-1.map,planner,1,1807,1508,168,168,1573,1508,1,0,1000,False,warehouse-10-20-10-2-1-random-14.scen,20
20,warehouse-10-20-10-2-1.map,planner,1,1807,1508,168,168,1573,1508,1,0,1000,True,warehouse-10-20-10-2-1-random-14.scen,20
60,warehouse-10-20-10-2-1.map,planner,1,7041,5253,219,173,5975,5253,22,0,0,False,warehouse-10-20-10-2-1-random-14.scen,60
60,warehouse-10-20-10-2-1.map,planner,1,7041,5253,219,173,5975,5253,22,0,0,True,warehouse-10-20-10-2-1-random-14.scen,60
60,warehouse-10-20-10-2-1.map,planner,1,7041,5253,219,173,5975,5253,22,0,1,False,warehouse-10-20-10-2-1-random-14.scen,60
60,warehouse-10-20-10-2-1.map,planner,1,7374,5253,261,173,6214,5253,18,0,1,True,warehouse-10-20-10-2-1-random-14.scen,60
60,warehouse-10-20-10-2-1.map,planner,1,7041,5253,219,173,5975,5253,22,0,10,False,warehouse-10-20-10-2-1-random-14.scen,60
60,warehouse-10-20-10-2-1.map,planner,1,7374,5253,261,173,6214,5253,19,0,10,True,warehouse-10-20-10-2-1-random-14.scen,60
60,warehouse-10-20-10-2-1.map,planner,1,7041,5253,219,173,5975,5253,22,0,100,False,warehouse-10-20-10-2-1-random-14.scen,60
60,warehouse-10-20-10-2-1.map,planner,1,7374,5253,261,173,6214,5253,18,0,100,True,warehouse-10-20-10-2-1-random-14.scen,60
60,warehouse-10-20-10-2-1.map,planner,1,7041,5253,219,173,5975,5253,22,0,1000,False,warehouse-10-20-10-2-1-random-14.scen,60
60,warehouse-10-20-10-2-1.map,planner,1,7374,5253,261,173,6214,5253,18,0,1000,True,warehouse-10-20-10-2-1-random-14.scen,60
100,warehouse-10-20-10-2-1.map,planner,1,12620,8842,246,182,11037,8842,33,0,0,False,warehouse-10-20-10-2-1-random-14.scen,100
100,warehouse-10-20-10-2-1.map,planner,1,12620,8842,246,182,11037,8842,32,0,0,True,warehouse-10-20-10-2-1-random-14.scen,100
100,warehouse-10-20-10-2-1.map,planner,1,12620,8842,246,182,11037,8842,32,0,1,False,warehouse-10-20-10-2-1-random-14.scen,100
100,warehouse-10-20-10-2-1.map,planner,1,18122,8842,617,182,14151,8842,372,0,1,True,warehouse-10-20-10-2-1-random-14.scen,100
100,warehouse-10-20-10-2-1.map,planner,1,12620,8842,246,182,11037,8842,32,0,10,False,warehouse-10-20-10-2-1-random-14.scen,100
100,warehouse-10-20-10-2-1.map,planner,1,18122,8842,617,182,14151,8842,371,0,10,True,warehouse-10-20-10-2-1-random-14.scen,100
100,warehouse-10-20-10-2-1.map,planner,1,12620,8842,246,182,11037,8842,35,0,100,False,warehouse-10-20-10-2-1-random-14.scen,100
100,warehouse-10-20-10-2-1.map,planner,1,18122,8842,617,182,14151,8842,370,0,100,True,warehouse-10-20-10-2-1-random-14.scen,100
100,warehouse-10-20-10-2-1.map,planner,1,12620,8842,246,182,11037,8842,34,0,1000,False,warehouse-10-20-10-2-1-random-14.scen,100
100,warehouse-10-20-10-2-1.map,planner,1,18122,8842,617,182,14151,8842,372,0,1000,True,warehouse-10-20-10-2-1-random-14.scen,100
140,warehouse-10-20-10-2-1.map,planner,1,19338,11607,384,182,16457,11607,1020,0,0,False,warehouse-10-20-10-2-1-random-14.scen,140
140,warehouse-10-20-10-2-1.map,planner,1,19338,11607,384,182,16457,11607,1052,0,0,True,warehouse-10-20-10-2-1-random-14.scen,140
140,warehouse-10-20-10-2-1.map,planner,1,19338,11607,384,182,16457,11607,1022,0,1,False,warehouse-10-20-10-2-1-random-14.scen,140
140,warehouse-10-20-10-2-1.map,planner,1,19338,11607,384,182,16457,11607,1022,0,1,True,warehouse-10-20-10-2-1-random-14.scen,140
140,warehouse-10-20-10-2-1.map,planner,1,19338,11607,384,182,16457,11607,1026,0,10,False,warehouse-10-20-10-2-1-random-14.scen,140
140,warehouse-10-20-10-2-1.map,planner,1,19338,11607,384,182,16457,11607,1026,0,10,True,warehouse-10-20-10-2-1-random-14.scen,140
140,warehouse-10-20-10-2-1.map,planner,1,19338,11607,384,182,16457,11607,1047,0,100,False,warehouse-10-20-10-2-1-random-14.scen,140
140,warehouse-10-20-10-2-1.map,planner,1,19338,11607,384,182,16457,11607,1047,0,100,True,warehouse-10-20-10-2-1-random-14.scen,140
140,warehouse-10-20-10-2-1.map,planner,1,19338,11607,384,182,16457,11607,1043,0,1000,False,warehouse-10-20-10-2-1-random-14.scen,140
140,warehouse-10-20-10-2-1.map,planner,1,19338,11607,384,182,16457,11607,1043,0,1000,True,warehouse-10-20-10-2-1-random-14.scen,140
180,warehouse-10-20-10-2-1.map,planner,1,28458,14519,693,193,23226,14519,3277,0,0,False,warehouse-10-20-10-2-1-random-14.scen,180
180,warehouse-10-20-10-2-1.map,planner,1,28458,14519,693,193,23226,14519,3222,0,0,True,warehouse-10-20-10-2-1-random-14.scen,180
180,warehouse-10-20-10-2-1.map,planner,1,28458,14519,693,193,23226,14519,3239,0,1,False,warehouse-10-20-10-2-1-random-14.scen,180
180,warehouse-10-20-10-2-1.map,planner,1,28458,14519,693,193,23226,14519,3239,0,1,True,warehouse-10-20-10-2-1-random-14.scen,180
180,warehouse-10-20-10-2-1.map,planner,1,28458,14519,693,193,23226,14519,3189,0,10,False,warehouse-10-20-10-2-1-random-14.scen,180
180,warehouse-10-20-10-2-1.map,planner,1,28458,14519,693,193,23226,14519,3189,0,10,True,warehouse-10-20-10-2-1-random-14.scen,180
180,warehouse-10-20-10-2-1.map,planner,1,28458,14519,693,193,23226,14519,3139,0,100,False,warehouse-10-20-10-2-1-random-14.scen,180
180,warehouse-10-20-10-2-1.map,planner,1,28458,14519,693,193,23226,14519,3139,0,100,True,warehouse-10-20-10-2-1-random-14.scen,180
180,warehouse-10-20-10-2-1.map,planner,1,28458,14519,693,193,23226,14519,3176,0,1000,False,warehouse-10-20-10-2-1-random-14.scen,180
180,warehouse-10-20-10-2-1.map,planner,1,28458,14519,693,193,23226,14519,3176,0,1000,True,warehouse-10-20-10-2-1-random-14.scen,180
220,warehouse-10-20-10-2-1.map,planner,1,42010,17591,972,193,33010,17591,25193,0,0,False,warehouse-10-20-10-2-1-random-14.scen,220
220,warehouse-10-20-10-2-1.map,planner,1,42010,17591,972,193,33010,17591,26271,0,0,True,warehouse-10-20-10-2-1-random-14.scen,220
220,warehouse-10-20-10-2-1.map,planner,1,42010,17591,972,193,33010,17591,25165,0,1,False,warehouse-10-20-10-2-1-random-14.scen,220
220,warehouse-10-20-10-2-1.map,planner,1,42010,17591,972,193,33010,17591,25959,0,10,False,warehouse-10-20-10-2-1-random-14.scen,220
220,warehouse-10-20-10-2-1.map,planner,1,42010,17591,972,193,33010,17591,25959,0,10,True,warehouse-10-20-10-2-1-random-14.scen,220
220,warehouse-10-20-10-2-1.map,planner,1,42010,17591,972,193,33010,17591,25634,0,100,False,warehouse-10-20-10-2-1-random-14.scen,220
220,warehouse-10-20-10-2-1.map,planner,1,42010,17591,972,193,33010,17591,25634,0,100,True,warehouse-10-20-10-2-1-random-14.scen,220
220,warehouse-10-20-10-2-1.map,planner,1,42010,17591,972,193,33010,17591,25354,0,1000,False,warehouse-10-20-10-2-1-random-14.scen,220
220,warehouse-10-20-10-2-1.map,planner,1,42010,17591,972,193,33010,17591,25354,0,1000,True,warehouse-10-20-10-2-1-random-14.scen,220
20,warehouse-10-20-10-2-1.map,planner,1,1693,1594,175,175,1634,1594,1,0,0,False,warehouse-10-20-10-2-1-random-20.scen,20
20,warehouse-10-20-10-2-1.map,planner,1,1693,1594,175,175,1634,1594,1,0,0,True,warehouse-10-20-10-2-1-random-20.scen,20
20,warehouse-10-20-10-2-1.map,planner,1,1693,1594,175,175,1634,1594,2,0,1,False,warehouse-10-20-10-2-1-random-20.scen,20
20,warehouse-10-20-10-2-1.map,planner,1,1693,1594,175,175,1634,1594,1,0,1,True,warehouse-10-20-10-2-1-random-20.scen,20
20,warehouse-10-20-10-2-1.map,planner,1,1693,1594,175,175,1634,1594,1,0,10,False,warehouse-10-20-10-2-1-random-20.scen,20
20,warehouse-10-20-10-2-1.map,planner,1,1693,1594,175,175,1634,1594,1,0,10,True,warehouse-10-20-10-2-1-random-20.scen,20
20,warehouse-10-20-10-2-1.map,planner,1,1693,1594,175,175,1634,1594,1,0,100,False,warehouse-10-20-10-2-1-random-20.scen,20
20,warehouse-10-20-10-2-1.map,planner,1,1693,1594,175,175,1634,1594,2,0,100,True,warehouse-10-20-10-2-1-random-20.scen,20
20,warehouse-10-20-10-2-1.map,planner,1,1693,1594,175,175,1634,1594,1,0,1000,False,warehouse-10-20-10-2-1-random-20.scen,20
20,warehouse-10-20-10-2-1.map,planner,1,1693,1594,175,175,1634,1594,1,0,1000,True,warehouse-10-20-10-2-1-random-20.scen,20
60,warehouse-10-20-10-2-1.map,planner,1,6248,5328,175,175,5825,5328,5,0,0,False,warehouse-10-20-10-2-1-random-20.scen,60
60,warehouse-10-20-10-2-1.map,planner,1,6248,5328,175,175,5825,5328,5,0,0,True,warehouse-10-20-10-2-1-random-20.scen,60
60,warehouse-10-20-10-2-1.map,planner,1,6248,5328,175,175,5825,5328,6,0,1,False,warehouse-10-20-10-2-1-random-20.scen,60
60,warehouse-10-20-10-2-1.map,planner,1,6202,5328,192,175,5841,5328,6,0,1,True,warehouse-10-20-10-2-1-random-20.scen,60
60,warehouse-10-20-10-2-1.map,planner,1,6248,5328,175,175,5825,5328,5,0,10,False,warehouse-10-20-10-2-1-random-20.scen,60
60,warehouse-10-20-10-2-1.map,planner,1,6202,5328,192,175,5841,5328,6,0,10,True,warehouse-10-20-10-2-1-random-20.scen,60
60,warehouse-10-20-10-2-1.map,planner,1,6248,5328,175,175,5825,5328,6,0,100,False,warehouse-10-20-10-2-1-random-20.scen,60
60,warehouse-10-20-10-2-1.map,planner,1,6202,5328,192,175,5841,5328,6,0,100,True,warehouse-10-20-10-2-1-random-20.scen,60
60,warehouse-10-20-10-2-1.map,planner,1,6248,5328,175,175,5825,5328,6,0,1000,False,warehouse-10-20-10-2-1-random-20.scen,60
60,warehouse-10-20-10-2-1.map,planner,1,6202,5328,192,175,5841,5328,6,0,1000,True,warehouse-10-20-10-2-1-random-20.scen,60
100,warehouse-10-20-10-2-1.map,planner,1,11815,8805,242,175,10582,8805,39,0,0,False,warehouse-10-20-10-2-1-random-20.scen,100
100,warehouse-10-20-10-2-1.map,planner,1,11815,8805,242,175,10582,8805,39,0,0,True,warehouse-10-20-10-2-1-random-20.scen,100
100,warehouse-10-20-10-2-1.map,planner,1,11815,8805,242,175,10582,8805,39,0,1,False,warehouse-10-20-10-2-1-random-20.scen,100
100,warehouse-10-20-10-2-1.map,planner,1,11815,8805,242,175,10582,8805,39,0,1,True,warehouse-10-20-10-2-1-random-20.scen,100
100,warehouse-10-20-10-2-1.map,planner,1,11815,8805,242,175,10582,8805,40,0,10,False,warehouse-10-20-10-2-1-random-20.scen,100
100,warehouse-10-20-10-2-1.map,planner,1,11815,8805,242,175,10582,8805,40,0,10,True,warehouse-10-20-10-2-1-random-20.scen,100
100,warehouse-10-20-10-2-1.map,planner,1,11815,8805,242,175,10582,8805,40,0,100,False,warehouse-10-20-10-2-1-random-20.scen,100
100,warehouse-10-20-10-2-1.map,planner,1,11815,8805,242,175,10582,8805,40,0,100,True,warehouse-10-20-10-2-1-random-20.scen,100
100,warehouse-10-20-10-2-1.map,planner,1,11815,8805,242,175,10582,8805,40,0,1000,False,warehouse-10-20-10-2-1-random-20.scen,100
100,warehouse-10-20-10-2-1.map,planner,1,11815,8805,242,175,10582,8805,40,0,1000,True,warehouse-10-20-10-2-1-random-20.scen,100
140,warehouse-10-20-10-2-1.map,planner,1,17343,11446,252,175,15022,11446,124,0,0,False,warehouse-10-20-10-2-1-random-20.scen,140
140,warehouse-10-20-10-2-1.map,planner,1,17343,11446,252,175,15022,11446,124,0,0,True,warehouse-10-20-10-2-1-random-20.scen,140
140,warehouse-10-20-10-2-1.map,planner,1,17343,11446,252,175,15022,11446,123,0,1,False,warehouse-10-20-10-2-1-random-20.scen,140
140,warehouse-10-20-10-2-1.map,planner,1,26903,11446,889,175,22008,11446,8241,0,1,True,warehouse-10-20-10-2-1-random-20.scen,140
140,warehouse-10-20-10-2-1.map,planner,1,17343,11446,252,175,15022,11446,125,0,10,False,warehouse-10-20-10-2-1-random-20.scen,140
140,warehouse-10-20-10-2-1.map,planner,1,26903,11446,889,175,22008,11446,8490,0,10,True,warehouse-10-20-10-2-1-random-20.scen,140
140,warehouse-10-20-10-2-1.map,planner,1,17343,11446,252,175,15022,11446,124,0,100,False,warehouse-10-20-10-2-1-random-20.scen,140
140,warehouse-10-20-10-2-1.map,planner,1,26903,11446,889,175,22008,11446,8316,0,100,True,warehouse-10-20-10-2-1-random-20.scen,140
140,warehouse-10-20-10-2-1.map,planner,1,17343,11446,252,175,15022,11446,125,0,1000,False,warehouse-10-20-10-2-1-random-20.scen,140
140,warehouse-10-20-10-2-1.map,planner,1,26903,11446,889,175,22008,11446,8279,0,1000,True,warehouse-10-20-10-2-1-random-20.scen,140
260,warehouse-10-20-10-2-1.map,planner,1,43832,20624,964,199,36868,20624,28086,0,0,False,warehouse-10-20-10-2-1-random-20.scen,260
260,warehouse-10-20-10-2-1.map,planner,1,43832,20624,964,199,36868,20624,28160,0,0,True,warehouse-10-20-10-2-1-random-20.scen,260
260,warehouse-10-20-10-2-1.map,planner,1,43832,20624,964,199,36868,20624,28396,0,1,False,warehouse-10-20-10-2-1-random-20.scen,260
260,warehouse-10-20-10-2-1.map,planner,1,43832,20624,964,199,36868,20624,33477,0,10,False,warehouse-10-20-10-2-1-random-20.scen,260
260,warehouse-10-20-10-2-1.map,planner,1,43832,20624,964,199,36868,20624,33315,0,100,False,warehouse-10-20-10-2-1-random-20.scen,260
260,warehouse-10-20-10-2-1.map,planner,1,43832,20624,964,199,36868,20624,33595,0,1000,False,warehouse-10-20-10-2-1-random-20.scen,260
20,warehouse-10-20-10-2-1.map,planner,1,1856,1752,198,177,1836,1752,2,0,0,False,warehouse-10-20-10-2-1-random-2.scen,20
20,warehouse-10-20-10-2-1.map,planner,1,1856,1752,198,177,1836,1752,1,0,0,True,warehouse-10-20-10-2-1-random-2.scen,20
20,warehouse-10-20-10-2-1.map,planner,1,1856,1752,198,177,1836,1752,1,0,1,False,warehouse-10-20-10-2-1-random-2.scen,20
20,warehouse-10-20-10-2-1.map,planner,1,1856,1752,198,177,1836,1752,2,0,1,True,warehouse-10-20-10-2-1-random-2.scen,20
20,warehouse-10-20-10-2-1.map,planner,1,1856,1752,198,177,1836,1752,1,0,10,False,warehouse-10-20-10-2-1-random-2.scen,20
20,warehouse-10-20-10-2-1.map,planner,1,1856,1752,198,177,1836,1752,2,0,10,True,warehouse-10-20-10-2-1-random-2.scen,20
20,warehouse-10-20-10-2-1.map,planner,1,1856,1752,198,177,1836,1752,2,0,100,False,warehouse-10-20-10-2-1-random-2.scen,20
20,warehouse-10-20-10-2-1.map,planner,1,1856,1752,198,177,1836,1752,1,0,100,True,warehouse-10-20-10-2-1-random-2.scen,20
20,warehouse-10-20-10-2-1.map,planner,1,1856,1752,198,177,1836,1752,2,0,1000,False,warehouse-10-20-10-2-1-random-2.scen,20
20,warehouse-10-20-10-2-1.map,planner,1,1856,1752,198,177,1836,1752,1,0,1000,True,warehouse-10-20-10-2-1-random-2.scen,20
60,warehouse-10-20-10-2-1.map,planner,1,6388,5359,178,178,5867,5359,6,0,0,False,warehouse-10-20-10-2-1-random-2.scen,60
60,warehouse-10-20-10-2-1.map,planner,1,6388,5359,178,178,5867,5359,6,0,0,True,warehouse-10-20-10-2-1-random-2.scen,60
60,warehouse-10-20-10-2-1.map,planner,1,6388,5359,178,178,5867,5359,6,0,1,False,warehouse-10-20-10-2-1-random-2.scen,60
60,warehouse-10-20-10-2-1.map,planner,1,6332,5359,196,178,5857,5359,6,0,1,True,warehouse-10-20-10-2-1-random-2.scen,60
60,warehouse-10-20-10-2-1.map,planner,1,6388,5359,178,178,5867,5359,6,0,10,False,warehouse-10-20-10-2-1-random-2.scen,60
60,warehouse-10-20-10-2-1.map,planner,1,6332,5359,196,178,5857,5359,6,0,10,True,warehouse-10-20-10-2-1-random-2.scen,60
60,warehouse-10-20-10-2-1.map,planner,1,6388,5359,178,178,5867,5359,6,0,100,False,warehouse-10-20-10-2-1-random-2.scen,60
60,warehouse-10-20-10-2-1.map,planner,1,6332,5359,196,178,5857,5359,6,0,100,True,warehouse-10-20-10-2-1-random-2.scen,60
60,warehouse-10-20-10-2-1.map,planner,1,6388,5359,178,178,5867,5359,5,0,1000,False,warehouse-10-20-10-2-1-random-2.scen,60
60,warehouse-10-20-10-2-1.map,planner,1,6332,5359,196,178,5857,5359,6,0,1000,True,warehouse-10-20-10-2-1-random-2.scen,60
100,warehouse-10-20-10-2-1.map,planner,1,11527,8963,217,194,10519,8963,52,0,0,False,warehouse-10-20-10-2-1-random-2.scen,100
100,warehouse-10-20-10-2-1.map,planner,1,11527,8963,217,194,10519,8963,54,0,0,True,warehouse-10-20-10-2-1-random-2.scen,100
100,warehouse-10-20-10-2-1.map,planner,1,11527,8963,217,194,10519,8963,52,0,1,False,warehouse-10-20-10-2-1-random-2.scen,100
100,warehouse-10-20-10-2-1.map,planner,1,11401,8963,219,194,10440,8963,69,0,1,True,warehouse-10-20-10-2-1-random-2.scen,100
100,warehouse-10-20-10-2-1.map,planner,1,11527,8963,217,194,10519,8963,50,0,10,False,warehouse-10-20-10-2-1-random-2.scen,100
100,warehouse-10-20-10-2-1.map,planner,1,11401,8963,219,194,10440,8963,65,0,10,True,warehouse-10-20-10-2-1-random-2.scen,100
100,warehouse-10-20-10-2-1.map,planner,1,11527,8963,217,194,10519,8963,49,0,100,False,warehouse-10-20-10-2-1-random-2.scen,100
100,warehouse-10-20-10-2-1.map,planner,1,11401,8963,219,194,10440,8963,73,0,100,True,warehouse-10-20-10-2-1-random-2.scen,100
100,warehouse-10-20-10-2-1.map,planner,1,11527,8963,217,194,10519,8963,53,0,1000,False,warehouse-10-20-10-2-1-random-2.scen,100
100,warehouse-10-20-10-2-1.map,planner,1,11401,8963,219,194,10440,8963,66,0,1000,True,warehouse-10-20-10-2-1-random-2.scen,100
140,warehouse-10-20-10-2-1.map,planner,1,16314,11668,244,194,15001,11668,334,0,0,False,warehouse-10-20-10-2-1-random-2.scen,140
140,warehouse-10-20-10-2-1.map,planner,1,16314,11668,244,194,15001,11668,344,0,0,True,warehouse-10-20-10-2-1-random-2.scen,140
140,warehouse-10-20-10-2-1.map,planner,1,16314,11668,244,194,15001,11668,356,0,1,False,warehouse-10-20-10-2-1-random-2.scen,140
140,warehouse-10-20-10-2-1.map,planner,1,38309,11668,1084,194,26030,11668,1192,0,1,True,warehouse-10-20-10-2-1-random-2.scen,140
140,warehouse-10-20-10-2-1.map,planner,1,16314,11668,244,194,15001,11668,321,0,10,False,warehouse-10-20-10-2-1-random-2.scen,140
140,warehouse-10-20-10-2-1.map,planner,1,38309,11668,1084,194,26030,11668,1182,0,10,True,warehouse-10-20-10-2-1-random-2.scen,140
140,warehouse-10-20-10-2-1.map,planner,1,16314,11668,244,194,15001,11668,318,0,100,False,warehouse-10-20-10-2-1-random-2.scen,140
140,warehouse-10-20-10-2-1.map,planner,1,38309,11668,1084,194,26030,11668,1189,0,100,True,warehouse-10-20-10-2-1-random-2.scen,140
140,warehouse-10-20-10-2-1.map,planner,1,16314,11668,244,194,15001,11668,362,0,1000,False,warehouse-10-20-10-2-1-random-2.scen,140
140,warehouse-10-20-10-2-1.map,planner,1,38309,11668,1084,194,26030,11668,1198,0,1000,True,warehouse-10-20-10-2-1-random-2.scen,140
180,warehouse-10-20-10-2-1.map,planner,1,27910,14675,643,194,23243,14675,10614,0,0,False,warehouse-10-20-10-2-1-random-2.scen,180
180,warehouse-10-20-10-2-1.map,planner,1,27910,14675,643,194,23243,14675,10678,0,0,True,warehouse-10-20-10-2-1-random-2.scen,180
180,warehouse-10-20-10-2-1.map,planner,1,27910,14675,643,194,23243,14675,10481,0,1,False,warehouse-10-20-10-2-1-random-2.scen,180
180,warehouse-10-20-10-2-1.map,planner,1,67945,14675,1517,194,39174,14675,2354,0,1,True,warehouse-10-20-10-2-1-random-2.scen,180
180,warehouse-10-20-10-2-1.map,planner,1,27910,14675,643,194,23243,14675,10641,0,10,False,warehouse-10-20-10-2-1-random-2.scen,180
180,warehouse-10-20-10-2-1.map,planner,1,67945,14675,1517,194,39174,14675,2400,0,10,True,warehouse-10-20-10-2-1-random-2.scen,180
180,warehouse-10-20-10-2-1.map,planner,1,27910,14675,643,194,23243,14675,10471,0,100,False,warehouse-10-20-10-2-1-random-2.scen,180
180,warehouse-10-20-10-2-1.map,planner,1,67945,14675,1517,194,39174,14675,2410,0,100,True,warehouse-10-20-10-2-1-random-2.scen,180
180,warehouse-10-20-10-2-1.map,planner,1,27910,14675,643,194,23243,14675,10794,0,1000,False,warehouse-10-20-10-2-1-random-2.scen,180
180,warehouse-10-20-10-2-1.map,planner,1,67945,14675,1517,194,39174,14675,2441,0,1000,True,warehouse-10-20-10-2-1-random-2.scen,180
220,warehouse-10-20-10-2-1.map,planner,1,29509,17778,274,194,24850,17778,1312,0,0,False,warehouse-10-20-10-2-1-random-2.scen,220
220,warehouse-10-20-10-2-1.map,planner,1,29509,17778,274,194,24850,17778,1321,0,0,True,warehouse-10-20-10-2-1-random-2.scen,220
220,warehouse-10-20-10-2-1.map,planner,1,29509,17778,274,194,24850,17778,1378,0,1,False,warehouse-10-20-10-2-1-random-2.scen,220
220,warehouse-10-20-10-2-1.map,planner,1,62210,17778,1308,194,44117,17778,3813,0,1,True,warehouse-10-20-10-2-1-random-2.scen,220
220,warehouse-10-20-10-2-1.map,planner,1,29509,17778,274,194,24850,17778,1368,0,10,False,warehouse-10-20-10-2-1-random-2.scen,220
220,warehouse-10-20-10-2-1.map,planner,1,62210,17778,1308,194,44117,17778,3672,0,10,True,warehouse-10-20-10-2-1-random-2.scen,220
220,warehouse-10-20-10-2-1.map,planner,1,29509,17778,274,194,24850,17778,1303,0,100,False,warehouse-10-20-10-2-1-random-2.scen,220
220,warehouse-10-20-10-2-1.map,planner,1,62210,17778,1308,194,44117,17778,3715,0,100,True,warehouse-10-20-10-2-1-random-2.scen,220
220,warehouse-10-20-10-2-1.map,planner,1,29509,17778,274,194,24850,17778,1272,0,1000,False,warehouse-10-20-10-2-1-random-2.scen,220
220,warehouse-10-20-10-2-1.map,planner,1,62210,17778,1308,194,44117,17778,3805,0,1000,True,warehouse-10-20-10-2-1-random-2.scen,220
260,warehouse-10-20-10-2-1.map,planner,1,37972,21235,461,194,31392,21235,1091,0,0,False,warehouse-10-20-10-2-1-random-2.scen,260
260,warehouse-10-20-10-2-1.map,planner,1,37972,21235,461,194,31392,21235,1080,0,0,True,warehouse-10-20-10-2-1-random-2.scen,260
260,warehouse-10-20-10-2-1.map,planner,1,37972,21235,461,194,31392,21235,1172,0,1,False,warehouse-10-20-10-2-1-random-2.scen,260
260,warehouse-10-20-10-2-1.map,planner,1,125842,21235,2279,194,77335,21235,16572,0,1,True,warehouse-10-20-10-2-1-random-2.scen,260
260,warehouse-10-20-10-2-1.map,planner,1,37972,21235,461,194,31392,21235,1098,0,10,False,warehouse-10-20-10-2-1-random-2.scen,260
260,warehouse-10-20-10-2-1.map,planner,1,37972,21235,461,194,31392,21235,1088,0,100,False,warehouse-10-20-10-2-1-random-2.scen,260
260,warehouse-10-20-10-2-1.map,planner,1,134780,21235,2209,194,77412,21235,15452,0,100,True,warehouse-10-20-10-2-1-random-2.scen,260
260,warehouse-10-20-10-2-1.map,planner,1,37972,21235,461,194,31392,21235,1124,0,1000,False,warehouse-10-20-10-2-1-random-2.scen,260
260,warehouse-10-20-10-2-1.map,planner,1,134780,21235,2209,194,77412,21235,15396,0,1000,True,warehouse-10-20-10-2-1-random-2.scen,260
20,warehouse-10-20-10-2-1.map,planner,1,1623,1491,168,168,1546,1491,2,0,0,False,warehouse-10-20-10-2-1-random-7.scen,20
20,warehouse-10-20-10-2-1.map,planner,1,1623,1491,168,168,1546,1491,2,0,0,True,warehouse-10-20-10-2-1-random-7.scen,20
20,warehouse-10-20-10-2-1.map,planner,1,1623,1491,168,168,1546,1491,1,0,1,False,warehouse-10-20-10-2-1-random-7.scen,20
20,warehouse-10-20-10-2-1.map,planner,1,1623,1491,168,168,1546,1491,1,0,1,True,warehouse-10-20-10-2-1-random-7.scen,20
20,warehouse-10-20-10-2-1.map,planner,1,1623,1491,168,168,1546,1491,1,0,10,False,warehouse-10-20-10-2-1-random-7.scen,20
20,warehouse-10-20-10-2-1.map,planner,1,1623,1491,168,168,1546,1491,2,0,10,True,warehouse-10-20-10-2-1-random-7.scen,20
20,warehouse-10-20-10-2-1.map,planner,1,1623,1491,168,168,1546,1491,1,0,100,False,warehouse-10-20-10-2-1-random-7.scen,20
20,warehouse-10-20-10-2-1.map,planner,1,1623,1491,168,168,1546,1491,1,0,100,True,warehouse-10-20-10-2-1-random-7.scen,20
20,warehouse-10-20-10-2-1.map,planner,1,1623,1491,168,168,1546,1491,1,0,1000,False,warehouse-10-20-10-2-1-random-7.scen,20
20,warehouse-10-20-10-2-1.map,planner,1,1623,1491,168,168,1546,1491,1,0,1000,True,warehouse-10-20-10-2-1-random-7.scen,20
60,warehouse-10-20-10-2-1.map,planner,1,5296,4341,195,173,4849,4341,43,0,0,False,warehouse-10-20-10-2-1-random-7.scen,60
60,warehouse-10-20-10-2-1.map,planner,1,5296,4341,195,173,4849,4341,50,0,0,True,warehouse-10-20-10-2-1-random-7.scen,60
60,warehouse-10-20-10-2-1.map,planner,1,5296,4341,195,173,4849,4341,41,0,1,False,warehouse-10-20-10-2-1-random-7.scen,60
60,warehouse-10-20-10-2-1.map,planner,1,5296,4341,195,173,4849,4341,40,0,1,True,warehouse-10-20-10-2-1-random-7.scen,60
60,warehouse-10-20-10-2-1.map,planner,1,5296,4341,195,173,4849,4341,40,0,10,False,warehouse-10-20-10-2-1-random-7.scen,60
60,warehouse-10-20-10-2-1.map,planner,1,5296,4341,195,173,4849,4341,42,0,10,True,warehouse-10-20-10-2-1-random-7.scen,60
60,warehouse-10-20-10-2-1.map,planner,1,5296,4341,195,173,4849,4341,40,0,100,False,warehouse-10-20-10-2-1-random-7.scen,60
60,warehouse-10-20-10-2-1.map,planner,1,5296,4341,195,173,4849,4341,41,0,100,True,warehouse-10-20-10-2-1-random-7.scen,60
60,warehouse-10-20-10-2-1.map,planner,1,5296,4341,195,173,4849,4341,40,0,1000,False,warehouse-10-20-10-2-1-random-7.scen,60
60,warehouse-10-20-10-2-1.map,planner,1,5296,4341,195,173,4849,4341,40,0,1000,True,warehouse-10-20-10-2-1-random-7.scen,60
100,warehouse-10-20-10-2-1.map,planner,1,10548,8165,183,183,9501,8165,8,0,0,False,warehouse-10-20-10-2-1-random-7.scen,100
100,warehouse-10-20-10-2-1.map,planner,1,10548,8165,183,183,9501,8165,8,0,0,True,warehouse-10-20-10-2-1-random-7.scen,100
100,warehouse-10-20-10-2-1.map,planner,1,10548,8165,183,183,9501,8165,8,0,1,False,warehouse-10-20-10-2-1-random-7.scen,100
100,warehouse-10-20-10-2-1.map,planner,1,11626,8165,335,183,10076,8165,79,0,1,True,warehouse-10-20-10-2-1-random-7.scen,100
100,warehouse-10-20-10-2-1.map,planner,1,10548,8165,183,183,9501,8165,9,0,10,False,warehouse-10-20-10-2-1-random-7.scen,100
100,warehouse-10-20-10-2-1.map,planner,1,11626,8165,335,183,10076,8165,81,0,10,True,warehouse-10-20-10-2-1-random-7.scen,100
100,warehouse-10-20-10-2-1.map,planner,1,10548,8165,183,183,9501,8165,8,0,100,False,warehouse-10-20-10-2-1-random-7.scen,100
100,warehouse-10-20-10-2-1.map,planner,1,11626,8165,335,183,10076,8165,80,0,100,True,warehouse-10-20-10-2-1-random-7.scen,100
100,warehouse-10-20-10-2-1.map,planner,1,10548,8165,183,183,9501,8165,7,0,1000,False,warehouse-10-20-10-2-1-random-7.scen,100
100,warehouse-10-20-10-2-1.map,planner,1,11626,8165,335,183,10076,8165,81,0,1000,True,warehouse-10-20-10-2-1-random-7.scen,100
140,warehouse-10-20-10-2-1.map,planner,1,15701,11175,203,203,13465,11175,12,0,0,False,warehouse-10-20-10-2-1-random-7.scen,140
140,warehouse-10-20-10-2-1.map,planner,1,15701,11175,203,203,13465,11175,13,0,0,True,warehouse-10-20-10-2-1-random-7.scen,140
140,warehouse-10-20-10-2-1.map,planner,1,15701,11175,203,203,13465,11175,12,0,1,False,warehouse-10-20-10-2-1-random-7.scen,140
140,warehouse-10-20-10-2-1.map,planner,1,16609,11175,353,203,14367,11175,128,0,1,True,warehouse-10-20-10-2-1-random-7.scen,140
140,warehouse-10-20-10-2-1.map,planner,1,15701,11175,203,203,13465,11175,13,0,10,False,warehouse-10-20-10-2-1-random-7.scen,140
140,warehouse-10-20-10-2-1.map,planner,1,16609,11175,353,203,14367,11175,118,0,10,True,warehouse-10-20-10-2-1-random-7.scen,140
140,warehouse-10-20-10-2-1.map,planner,1,15701,11175,203,203,13465,11175,14,0,100,False,warehouse-10-20-10-2-1-random-7.scen,140
140,warehouse-10-20-10-2-1.map,planner,1,16609,11175,353,203,14367,11175,112,0,100,True,warehouse-10-20-10-2-1-random-7.scen,140
140,warehouse-10-20-10-2-1.map,planner,1,15701,11175,203,203,13465,11175,12,0,1000,False,warehouse-10-20-10-2-1-random-7.scen,140
140,warehouse-10-20-10-2-1.map,planner,1,16609,11175,353,203,14367,11175,111,0,1000,True,warehouse-10-20-10-2-1-random-7.scen,140
180,warehouse-10-20-10-2-1.map,planner,1,22125,14428,294,203,18739,14428,103,0,0,False,warehouse-10-20-10-2-1-random-7.scen,180
180,warehouse-10-20-10-2-1.map,planner,1,22125,14428,294,203,18739,14428,106,0,0,True,warehouse-10-20-10-2-1-random-7.scen,180
180,warehouse-10-20-10-2-1.map,planner,1,22125,14428,294,203,18739,14428,106,0,1,False,warehouse-10-20-10-2-1-random-7.scen,180
180,warehouse-10-20-10-2-1.map,planner,1,22125,14428,294,203,18739,14428,106,0,1,True,warehouse-10-20-10-2-1-random-7.scen,180
180,warehouse-10-20-10-2-1.map,planner,1,22125,14428,294,203,18739,14428,97,0,10,False,warehouse-10-20-10-2-1-random-7.scen,180
180,warehouse-10-20-10-2-1.map,planner,1,22125,14428,294,203,18739,14428,97,0,10,True,warehouse-10-20-10-2-1-random-7.scen,180
180,warehouse-10-20-10-2-1.map,planner,1,22125,14428,294,203,18739,14428,88,0,100,False,warehouse-10-20-10-2-1-random-7.scen,180
180,warehouse-10-20-10-2-1.map,planner,1,22125,14428,294,203,18739,14428,88,0,100,True,warehouse-10-20-10-2-1-random-7.scen,180
180,warehouse-10-20-10-2-1.map,planner,1,22125,14428,294,203,18739,14428,88,0,1000,False,warehouse-10-20-10-2-1-random-7.scen,180
180,warehouse-10-20-10-2-1.map,planner,1,22125,14428,294,203,18739,14428,88,0,1000,True,warehouse-10-20-10-2-1-random-7.scen,180
220,warehouse-10-20-10-2-1.map,planner,1,28879,17693,316,214,24886,17693,434,0,0,False,warehouse-10-20-10-2-1-random-7.scen,220
220,warehouse-10-20-10-2-1.map,planner,1,28879,17693,316,214,24886,17693,497,0,0,True,warehouse-10-20-10-2-1-random-7.scen,220
220,warehouse-10-20-10-2-1.map,planner,1,28879,17693,316,214,24886,17693,442,0,1,False,warehouse-10-20-10-2-1-random-7.scen,220
220,warehouse-10-20-10-2-1.map,planner,1,28879,17693,316,214,24886,17693,484,0,10,False,warehouse-10-20-10-2-1-random-7.scen,220
220,warehouse-10-20-10-2-1.map,planner,1,28879,17693,316,214,24886,17693,526,0,100,False,warehouse-10-20-10-2-1-random-7.scen,220
220,warehouse-10-20-10-2-1.map,planner,1,28879,17693,316,214,24886,17693,526,0,1000,False,warehouse-10-20-10-2-1-random-7.scen,220
