agents,map_file,solver,solved,soc,soc_lb,makespan,makespan_lb,sum_of_loss,sum_of_loss_lb,comp_time,seed,Opti_Deadline,Bool_Opti,Scenario_File,N
20,den520d.map,planner,1,4257,4185,349,349,4195,4185,8,0,0,False,den520d-random-17.scen,20
20,den520d.map,planner,1,4257,4185,349,349,4195,4185,8,0,0,True,den520d-random-17.scen,20
20,den520d.map,planner,1,4257,4185,349,349,4195,4185,8,0,1,False,den520d-random-17.scen,20
20,den520d.map,planner,1,4257,4185,349,349,4195,4185,8,0,1,True,den520d-random-17.scen,20
20,den520d.map,planner,1,4257,4185,349,349,4195,4185,8,0,10,False,den520d-random-17.scen,20
20,den520d.map,planner,1,4257,4185,349,349,4195,4185,8,0,10,True,den520d-random-17.scen,20
20,den520d.map,planner,1,4257,4185,349,349,4195,4185,8,0,100,False,den520d-random-17.scen,20
20,den520d.map,planner,1,4257,4185,349,349,4195,4185,8,0,100,True,den520d-random-17.scen,20
20,den520d.map,planner,1,4257,4185,349,349,4195,4185,8,0,1000,False,den520d-random-17.scen,20
20,den520d.map,planner,1,4257,4185,349,349,4195,4185,8,0,1000,True,den520d-random-17.scen,20
60,den520d.map,planner,1,11543,11130,349,349,11232,11130,25,0,0,False,den520d-random-17.scen,60
60,den520d.map,planner,1,11543,11130,349,349,11232,11130,23,0,0,True,den520d-random-17.scen,60
60,den520d.map,planner,1,11543,11130,349,349,11232,11130,21,0,1,False,den520d-random-17.scen,60
60,den520d.map,planner,1,11543,11130,349,349,11232,11130,27,0,1,True,den520d-random-17.scen,60
60,den520d.map,planner,1,11543,11130,349,349,11232,11130,23,0,10,False,den520d-random-17.scen,60
60,den520d.map,planner,1,11543,11130,349,349,11232,11130,22,0,10,True,den520d-random-17.scen,60
60,den520d.map,planner,1,11543,11130,349,349,11232,11130,27,0,100,False,den520d-random-17.scen,60
60,den520d.map,planner,1,11543,11130,349,349,11232,11130,24,0,100,True,den520d-random-17.scen,60
60,den520d.map,planner,1,11543,11130,349,349,11232,11130,22,0,1000,False,den520d-random-17.scen,60
60,den520d.map,planner,1,11543,11130,349,349,11232,11130,25,0,1000,True,den520d-random-17.scen,60
100,den520d.map,planner,1,19092,18061,410,410,18246,18061,40,0,0,False,den520d-random-17.scen,100
100,den520d.map,planner,1,19092,18061,410,410,18246,18061,40,0,0,True,den520d-random-17.scen,100
100,den520d.map,planner,1,19092,18061,410,410,18246,18061,41,0,1,False,den520d-random-17.scen,100
100,den520d.map,planner,1,18855,18061,410,410,18222,18061,38,0,1,True,den520d-random-17.scen,100
100,den520d.map,planner,1,19092,18061,410,410,18246,18061,41,0,10,False,den520d-random-17.scen,100
100,den520d.map,planner,1,18855,18061,410,410,18222,18061,42,0,10,True,den520d-random-17.scen,100
100,den520d.map,planner,1,19092,18061,410,410,18246,18061,41,0,100,False,den520d-random-17.scen,100
100,den520d.map,planner,1,18855,18061,410,410,18222,18061,38,0,100,True,den520d-random-17.scen,100
100,den520d.map,planner,1,19092,18061,410,410,18246,18061,40,0,1000,False,den520d-random-17.scen,100
100,den520d.map,planner,1,18855,18061,410,410,18222,18061,38,0,1000,True,den520d-random-17.scen,100
140,den520d.map,planner,1,25336,23753,410,410,24119,23753,58,0,0,False,den520d-random-17.scen,140
140,den520d.map,planner,1,25336,23753,410,410,24119,23753,50,0,0,True,den520d-random-17.scen,140
140,den520d.map,planner,1,25336,23753,410,410,24119,23753,52,0,1,False,den520d-random-17.scen,140
140,den520d.map,planner,1,25729,23753,410,410,24130,23753,51,0,1,True,den520d-random-17.scen,140
140,den520d.map,planner,1,25336,23753,410,410,24119,23753,54,0,10,False,den520d-random-17.scen,140
140,den520d.map,planner,1,25729,23753,410,410,24130,23753,49,0,10,True,den520d-random-17.scen,140
140,den520d.map,planner,1,25336,23753,410,410,24119,23753,52,0,100,False,den520d-random-17.scen,140
140,den520d.map,planner,1,25729,23753,410,410,24130,23753,50,0,100,True,den520d-random-17.scen,140
140,den520d.map,planner,1,25336,23753,410,410,24119,23753,53,0,1000,False,den520d-random-17.scen,140
140,den520d.map,planner,1,25729,23753,410,410,24130,23753,56,0,1000,True,den520d-random-17.scen,140
180,den520d.map,planner,1,33647,30340,410,410,30908,30340,64,0,0,False,den520d-random-17.scen,180
180,den520d.map,planner,1,33647,30340,410,410,30908,30340,65,0,0,True,den520d-random-17.scen,180
180,den520d.map,planner,1,33647,30340,410,410,30908,30340,70,0,1,False,den520d-random-17.scen,180
180,den520d.map,planner,1,33168,30340,410,410,30771,30340,68,0,1,True,den520d-random-17.scen,180
180,den520d.map,planner,1,33647,30340,410,410,30908,30340,67,0,10,False,den520d-random-17.scen,180
180,den520d.map,planner,1,33168,30340,410,410,30771,30340,71,0,10,True,den520d-random-17.scen,180
180,den520d.map,planner,1,33647,30340,410,410,30908,30340,73,0,100,False,den520d-random-17.scen,180
180,den520d.map,planner,1,33168,30340,410,410,30771,30340,71,0,100,True,den520d-random-17.scen,180
180,den520d.map,planner,1,33647,30340,410,410,30908,30340,75,0,1000,False,den520d-random-17.scen,180
180,den520d.map,planner,1,33168,30340,410,410,30771,30340,67,0,1000,True,den520d-random-17.scen,180
220,den520d.map,planner,1,42218,36992,410,410,37837,36992,78,0,0,False,den520d-random-17.scen,220
220,den520d.map,planner,1,42218,36992,410,410,37837,36992,84,0,0,True,den520d-random-17.scen,220
220,den520d.map,planner,1,42218,36992,410,410,37837,36992,84,0,1,False,den520d-random-17.scen,220
220,den520d.map,planner,1,41152,36992,410,410,37716,36992,84,0,1,True,den520d-random-17.scen,220
220,den520d.map,planner,1,42218,36992,410,410,37837,36992,84,0,10,False,den520d-random-17.scen,220
220,den520d.map,planner,1,41152,36992,410,410,37716,36992,97,0,10,True,den520d-random-17.scen,220
220,den520d.map,planner,1,42218,36992,410,410,37837,36992,85,0,100,False,den520d-random-17.scen,220
220,den520d.map,planner,1,41152,36992,410,410,37716,36992,90,0,100,True,den520d-random-17.scen,220
220,den520d.map,planner,1,42218,36992,410,410,37837,36992,88,0,1000,False,den520d-random-17.scen,220
220,den520d.map,planner,1,41152,36992,410,410,37716,36992,89,0,1000,True,den520d-random-17.scen,220
260,den520d.map,planner,1,50604,44016,410,410,45230,44016,102,0,0,False,den520d-random-17.scen,260
260,den520d.map,planner,1,50604,44016,410,410,45230,44016,101,0,0,True,den520d-random-17.scen,260
260,den520d.map,planner,1,50604,44016,410,410,45230,44016,108,0,1,False,den520d-random-17.scen,260
260,den520d.map,planner,1,50294,44016,410,410,44991,44016,98,0,1,True,den520d-random-17.scen,260
260,den520d.map,planner,1,50604,44016,410,410,45230,44016,96,0,10,False,den520d-random-17.scen,260
260,den520d.map,planner,1,50294,44016,410,410,44991,44016,112,0,10,True,den520d-random-17.scen,260
260,den520d.map,planner,1,50604,44016,410,410,45230,44016,93,0,100,False,den520d-random-17.scen,260
260,den520d.map,planner,1,50294,44016,410,410,44991,44016,102,0,100,True,den520d-random-17.scen,260
260,den520d.map,planner,1,50604,44016,410,410,45230,44016,103,0,1000,False,den520d-random-17.scen,260
260,den520d.map,planner,1,50294,44016,410,410,44991,44016,108,0,1000,True,den520d-random-17.scen,260
300,den520d.map,planner,1,57835,49722,410,410,51325,49722,116,0,0,False,den520d-random-17.scen,300
300,den520d.map,planner,1,57835,49722,410,410,51325,49722,118,0,0,True,den520d-random-17.scen,300
300,den520d.map,planner,1,57835,49722,410,410,51325,49722,108,0,1,False,den520d-random-17.scen,300
300,den520d.map,planner,1,56699,49722,410,410,50884,49722,119,0,1,True,den520d-random-17.scen,300
300,den520d.map,planner,1,57835,49722,410,410,51325,49722,112,0,10,False,den520d-random-17.scen,300
300,den520d.map,planner,1,56699,49722,410,410,50884,49722,118,0,10,True,den520d-random-17.scen,300
300,den520d.map,planner,1,57835,49722,410,410,51325,49722,112,0,100,False,den520d-random-17.scen,300
300,den520d.map,planner,1,56699,49722,410,410,50884,49722,124,0,100,True,den520d-random-17.scen,300
300,den520d.map,planner,1,57835,49722,410,410,51325,49722,123,0,1000,False,den520d-random-17.scen,300
300,den520d.map,planner,1,56699,49722,410,410,50884,49722,129,0,1000,True,den520d-random-17.scen,300
340,den520d.map,planner,1,66471,56832,410,410,58575,56832,145,0,0,False,den520d-random-17.scen,340
340,den520d.map,planner,1,66471,56832,410,410,58575,56832,126,0,0,True,den520d-random-17.scen,340
340,den520d.map,planner,1,66471,56832,410,410,58575,56832,136,0,1,False,den520d-random-17.scen,340
340,den520d.map,planner,1,65443,56832,410,410,58319,56832,144,0,1,True,den520d-random-17.scen,340
340,den520d.map,planner,1,66471,56832,410,410,58575,56832,138,0,10,False,den520d-random-17.scen,340
340,den520d.map,planner,1,65443,56832,410,410,58319,56832,135,0,10,True,den520d-random-17.scen,340
340,den520d.map,planner,1,66471,56832,410,410,58575,56832,132,0,100,False,den520d-random-17.scen,340
340,den520d.map,planner,1,65443,56832,410,410,58319,56832,132,0,100,True,den520d-random-17.scen,340
340,den520d.map,planner,1,66471,56832,410,410,58575,56832,142,0,1000,False,den520d-random-17.scen,340
340,den520d.map,planner,1,65443,56832,410,410,58319,56832,137,0,1000,True,den520d-random-17.scen,340
380,den520d.map,planner,1,76851,63787,410,410,66198,63787,157,0,0,False,den520d-random-17.scen,380
380,den520d.map,planner,1,76851,63787,410,410,66198,63787,151,0,0,True,den520d-random-17.scen,380
380,den520d.map,planner,1,76851,63787,410,410,66198,63787,164,0,1,False,den520d-random-17.scen,380
380,den520d.map,planner,1,74963,63787,410,410,65549,63787,152,0,1,True,den520d-random-17.scen,380
380,den520d.map,planner,1,76851,63787,410,410,66198,63787,154,0,10,False,den520d-random-17.scen,380
380,den520d.map,planner,1,74963,63787,410,410,65549,63787,158,0,10,True,den520d-random-17.scen,380
380,den520d.map,planner,1,76851,63787,410,410,66198,63787,148,0,100,False,den520d-random-17.scen,380
380,den520d.map,planner,1,74963,63787,410,410,65549,63787,140,0,100,True,den520d-random-17.scen,380
380,den520d.map,planner,1,76851,63787,410,410,66198,63787,170,0,1000,False,den520d-random-17.scen,380
380,den520d.map,planner,1,74963,63787,410,410,65549,63787,151,0,1000,True,den520d-random-17.scen,380
420,den520d.map,planner,1,83016,70159,410,410,72695,70159,179,0,0,False,den520d-random-17.scen,420
420,den520d.map,planner,1,83016,70159,410,410,72695,70159,172,0,0,True,den520d-random-17.scen,420
420,den520d.map,planner,1,83016,70159,410,410,72695,70159,166,0,1,False,den520d-random-17.scen,420
420,den520d.map,planner,1,82102,70159,411,410,72169,70159,186,0,1,True,den520d-random-17.scen,420
420,den520d.map,planner,1,83016,70159,410,410,72695,70159,173,0,10,False,den520d-random-17.scen,420
420,den520d.map,planner,1,82102,70159,411,410,72169,70159,185,0,10,True,den520d-random-17.scen,420
420,den520d.map,planner,1,83016,70159,410,410,72695,70159,162,0,100,False,den520d-random-17.scen,420
420,den520d.map,planner,1,82102,70159,411,410,72169,70159,172,0,100,True,den520d-random-17.scen,420
420,den520d.map,planner,1,83016,70159,410,410,72695,70159,181,0,1000,False,den520d-random-17.scen,420
420,den520d.map,planner,1,82102,70159,411,410,72169,70159,181,0,1000,True,den520d-random-17.scen,420
460,den520d.map,planner,1,92956,76932,410,410,80131,76932,191,0,0,False,den520d-random-17.scen,460
460,den520d.map,planner,1,92956,76932,410,410,80131,76932,199,0,0,True,den520d-random-17.scen,460
460,den520d.map,planner,1,92956,76932,410,410,80131,76932,181,0,1,False,den520d-random-17.scen,460
460,den520d.map,planner,1,91121,76932,411,410,79327,76932,197,0,1,True,den520d-random-17.scen,460
460,den520d.map,planner,1,92956,76932,410,410,80131,76932,191,0,10,False,den520d-random-17.scen,460
460,den520d.map,planner,1,91121,76932,411,410,79327,76932,194,0,10,True,den520d-random-17.scen,460
460,den520d.map,planner,1,92956,76932,410,410,80131,76932,186,0,100,False,den520d-random-17.scen,460
460,den520d.map,planner,1,91121,76932,411,410,79327,76932,202,0,100,True,den520d-random-17.scen,460
460,den520d.map,planner,1,92956,76932,410,410,80131,76932,190,0,1000,False,den520d-random-17.scen,460
460,den520d.map,planner,1,91121,76932,411,410,79327,76932,192,0,1000,True,den520d-random-17.scen,460
500,den520d.map,planner,1,101786,82969,410,410,86688,82969,204,0,0,False,den520d-random-17.scen,500
500,den520d.map,planner,1,101786,82969,410,410,86688,82969,203,0,0,True,den520d-random-17.scen,500
500,den520d.map,planner,1,101786,82969,410,410,86688,82969,202,0,1,False,den520d-random-17.scen,500
500,den520d.map,planner,1,100125,82969,410,410,85669,82969,221,0,1,True,den520d-random-17.scen,500
500,den520d.map,planner,1,101786,82969,410,410,86688,82969,210,0,10,False,den520d-random-17.scen,500
500,den520d.map,planner,1,100235,82969,410,410,85663,82969,247,0,10,True,den520d-random-17.scen,500
500,den520d.map,planner,1,101786,82969,410,410,86688,82969,207,0,100,False,den520d-random-17.scen,500
500,den520d.map,planner,1,100235,82969,410,410,85663,82969,237,0,100,True,den520d-random-17.scen,500
500,den520d.map,planner,1,101786,82969,410,410,86688,82969,213,0,1000,False,den520d-random-17.scen,500
500,den520d.map,planner,1,100235,82969,410,410,85663,82969,252,0,1000,True,den520d-random-17.scen,500
540,den520d.map,planner,1,109181,88794,411,410,93142,88794,211,0,0,False,den520d-random-17.scen,540
540,den520d.map,planner,1,109181,88794,411,410,93142,88794,207,0,0,True,den520d-random-17.scen,540
540,den520d.map,planner,1,109181,88794,411,410,93142,88794,212,0,1,False,den520d-random-17.scen,540
540,den520d.map,planner,1,107380,88794,410,410,91749,88794,229,0,1,True,den520d-random-17.scen,540
540,den520d.map,planner,1,109181,88794,411,410,93142,88794,209,0,10,False,den520d-random-17.scen,540
540,den520d.map,planner,1,107743,88794,411,410,91667,88794,226,0,10,True,den520d-random-17.scen,540
540,den520d.map,planner,1,109181,88794,411,410,93142,88794,210,0,100,False,den520d-random-17.scen,540
540,den520d.map,planner,1,107743,88794,411,410,91667,88794,249,0,100,True,den520d-random-17.scen,540
540,den520d.map,planner,1,109181,88794,411,410,93142,88794,218,0,1000,False,den520d-random-17.scen,540
540,den520d.map,planner,1,107743,88794,411,410,91667,88794,236,0,1000,True,den520d-random-17.scen,540
580,den520d.map,planner,1,119046,95536,410,410,100624,95536,247,0,0,False,den520d-random-17.scen,580
580,den520d.map,planner,1,119046,95536,410,410,100624,95536,251,0,0,True,den520d-random-17.scen,580
580,den520d.map,planner,1,119046,95536,410,410,100624,95536,245,0,1,False,den520d-random-17.scen,580
580,den520d.map,planner,1,115935,95536,410,410,98893,95536,252,0,1,True,den520d-random-17.scen,580
580,den520d.map,planner,1,119046,95536,410,410,100624,95536,231,0,10,False,den520d-random-17.scen,580
580,den520d.map,planner,1,115446,95536,410,410,98800,95536,249,0,10,True,den520d-random-17.scen,580
580,den520d.map,planner,1,119046,95536,410,410,100624,95536,248,0,100,False,den520d-random-17.scen,580
580,den520d.map,planner,1,115446,95536,410,410,98800,95536,267,0,100,True,den520d-random-17.scen,580
580,den520d.map,planner,1,119046,95536,410,410,100624,95536,243,0,1000,False,den520d-random-17.scen,580
580,den520d.map,planner,1,115446,95536,410,410,98800,95536,255,0,1000,True,den520d-random-17.scen,580
20,den520d.map,planner,1,3314,3307,328,328,3314,3307,7,0,0,False,den520d-random-2.scen,20
20,den520d.map,planner,1,3314,3307,328,328,3314,3307,9,0,0,True,den520d-random-2.scen,20
20,den520d.map,planner,1,3314,3307,328,328,3314,3307,8,0,1,False,den520d-random-2.scen,20
20,den520d.map,planner,1,3314,3307,328,328,3314,3307,7,0,1,True,den520d-random-2.scen,20
20,den520d.map,planner,1,3314,3307,328,328,3314,3307,7,0,10,False,den520d-random-2.scen,20
20,den520d.map,planner,1,3314,3307,328,328,3314,3307,7,0,10,True,den520d-random-2.scen,20
20,den520d.map,planner,1,3314,3307,328,328,3314,3307,7,0,100,False,den520d-random-2.scen,20
20,den520d.map,planner,1,3314,3307,328,328,3314,3307,7,0,100,True,den520d-random-2.scen,20
20,den520d.map,planner,1,3314,3307,328,328,3314,3307,6,0,1000,False,den520d-random-2.scen,20
20,den520d.map,planner,1,3314,3307,328,328,3314,3307,7,0,1000,True,den520d-random-2.scen,20
60,den520d.map,planner,1,10974,9986,359,359,10069,9986,24,0,0,False,den520d-random-2.scen,60
60,den520d.map,planner,1,10974,9986,359,359,10069,9986,21,0,0,True,den520d-random-2.scen,60
60,den520d.map,planner,1,10974,9986,359,359,10069,9986,29,0,1,False,den520d-random-2.scen,60
60,den520d.map,planner,1,10974,9986,359,359,10069,9986,21,0,1,True,den520d-random-2.scen,60
60,den520d.map,planner,1,10974,9986,359,359,10069,9986,23,0,10,False,den520d-random-2.scen,60
60,den520d.map,planner,1,10974,9986,359,359,10069,9986,21,0,10,True,den520d-random-2.scen,60
60,den520d.map,planner,1,10974,9986,359,359,10069,9986,25,0,100,False,den520d-random-2.scen,60
60,den520d.map,planner,1,10974,9986,359,359,10069,9986,21,0,100,True,den520d-random-2.scen,60
60,den520d.map,planner,1,10974,9986,359,359,10069,9986,24,0,1000,False,den520d-random-2.scen,60
60,den520d.map,planner,1,10974,9986,359,359,10069,9986,21,0,1000,True,den520d-random-2.scen,60
100,den520d.map,planner,1,18868,17046,383,383,17231,17046,41,0,0,False,den520d-random-2.scen,100
100,den520d.map,planner,1,18868,17046,383,383,17231,17046,44,0,0,True,den520d-random-2.scen,100
100,den520d.map,planner,1,18868,17046,383,383,17231,17046,37,0,1,False,den520d-random-2.scen,100
100,den520d.map,planner,1,18868,17046,383,383,17231,17046,40,0,1,True,den520d-random-2.scen,100
100,den520d.map,planner,1,18868,17046,383,383,17231,17046,41,0,10,False,den520d-random-2.scen,100
100,den520d.map,planner,1,18868,17046,383,383,17231,17046,42,0,10,True,den520d-random-2.scen,100
100,den520d.map,planner,1,18868,17046,383,383,17231,17046,41,0,100,False,den520d-random-2.scen,100
100,den520d.map,planner,1,18868,17046,383,383,17231,17046,40,0,100,True,den520d-random-2.scen,100
100,den520d.map,planner,1,18868,17046,383,383,17231,17046,44,0,1000,False,den520d-random-2.scen,100
100,den520d.map,planner,1,18868,17046,383,383,17231,17046,36,0,1000,True,den520d-random-2.scen,100
140,den520d.map,planner,1,27778,24801,383,383,25231,24801,55,0,0,False,den520d-random-2.scen,140
140,den520d.map,planner,1,27778,24801,383,383,25231,24801,55,0,0,True,den520d-random-2.scen,140
140,den520d.map,planner,1,27778,24801,383,383,25231,24801,59,0,1,False,den520d-random-2.scen,140
140,den520d.map,planner,1,27532,24801,383,383,25179,24801,55,0,1,True,den520d-random-2.scen,140
140,den520d.map,planner,1,27778,24801,383,383,25231,24801,56,0,10,False,den520d-random-2.scen,140
140,den520d.map,planner,1,27532,24801,383,383,25179,24801,58,0,10,True,den520d-random-2.scen,140
140,den520d.map,planner,1,27778,24801,383,383,25231,24801,55,0,100,False,den520d-random-2.scen,140
140,den520d.map,planner,1,27532,24801,383,383,25179,24801,59,0,100,True,den520d-random-2.scen,140
140,den520d.map,planner,1,27778,24801,383,383,25231,24801,55,0,1000,False,den520d-random-2.scen,140
140,den520d.map,planner,1,27532,24801,383,383,25179,24801,58,0,1000,True,den520d-random-2.scen,140
180,den520d.map,planner,1,36632,32320,383,383,32813,32320,78,0,0,False,den520d-random-2.scen,180
180,den520d.map,planner,1,36632,32320,383,383,32813,32320,78,0,0,True,den520d-random-2.scen,180
180,den520d.map,planner,1,36632,32320,383,383,32813,32320,66,0,1,False,den520d-random-2.scen,180
180,den520d.map,planner,1,36491,32320,383,383,32856,32320,70,0,1,True,den520d-random-2.scen,180
180,den520d.map,planner,1,36632,32320,383,383,32813,32320,65,0,10,False,den520d-random-2.scen,180
180,den520d.map,planner,1,36491,32320,383,383,32856,32320,64,0,10,True,den520d-random-2.scen,180
180,den520d.map,planner,1,36632,32320,383,383,32813,32320,64,0,100,False,den520d-random-2.scen,180
180,den520d.map,planner,1,36491,32320,383,383,32856,32320,78,0,100,True,den520d-random-2.scen,180
180,den520d.map,planner,1,36632,32320,383,383,32813,32320,71,0,1000,False,den520d-random-2.scen,180
180,den520d.map,planner,1,36491,32320,383,383,32856,32320,70,0,1000,True,den520d-random-2.scen,180
220,den520d.map,planner,1,44830,38978,383,383,39832,38978,90,0,0,False,den520d-random-2.scen,220
220,den520d.map,planner,1,44830,38978,383,383,39832,38978,87,0,0,True,den520d-random-2.scen,220
220,den520d.map,planner,1,44830,38978,383,383,39832,38978,90,0,1,False,den520d-random-2.scen,220
220,den520d.map,planner,1,44338,38978,383,383,39680,38978,86,0,1,True,den520d-random-2.scen,220
220,den520d.map,planner,1,44830,38978,383,383,39832,38978,87,0,10,False,den520d-random-2.scen,220
220,den520d.map,planner,1,44338,38978,383,383,39680,38978,95,0,10,True,den520d-random-2.scen,220
220,den520d.map,planner,1,44830,38978,383,383,39832,38978,94,0,100,False,den520d-random-2.scen,220
220,den520d.map,planner,1,44338,38978,383,383,39680,38978,84,0,100,True,den520d-random-2.scen,220
220,den520d.map,planner,1,44830,38978,383,383,39832,38978,81,0,1000,False,den520d-random-2.scen,220
220,den520d.map,planner,1,44338,38978,383,383,39680,38978,79,0,1000,True,den520d-random-2.scen,220
260,den520d.map,planner,1,52197,45945,391,391,47020,45945,116,0,0,False,den520d-random-2.scen,260
260,den520d.map,planner,1,52197,45945,391,391,47020,45945,103,0,0,True,den520d-random-2.scen,260
260,den520d.map,planner,1,52197,45945,391,391,47020,45945,107,0,1,False,den520d-random-2.scen,260
260,den520d.map,planner,1,53213,45945,391,391,46866,45945,110,0,1,True,den520d-random-2.scen,260
260,den520d.map,planner,1,52197,45945,391,391,47020,45945,107,0,10,False,den520d-random-2.scen,260
260,den520d.map,planner,1,53213,45945,391,391,46866,45945,99,0,10,True,den520d-random-2.scen,260
260,den520d.map,planner,1,52197,45945,391,391,47020,45945,102,0,100,False,den520d-random-2.scen,260
260,den520d.map,planner,1,53213,45945,391,391,46866,45945,103,0,100,True,den520d-random-2.scen,260
260,den520d.map,planner,1,52197,45945,391,391,47020,45945,115,0,1000,False,den520d-random-2.scen,260
260,den520d.map,planner,1,53213,45945,391,391,46866,45945,101,0,1000,True,den520d-random-2.scen,260
300,den520d.map,planner,1,61312,52488,391,391,54140,52488,120,0,0,False,den520d-random-2.scen,300
300,den520d.map,planner,1,61312,52488,391,391,54140,52488,117,0,0,True,den520d-random-2.scen,300
300,den520d.map,planner,1,61312,52488,391,391,54140,52488,123,0,1,False,den520d-random-2.scen,300
300,den520d.map,planner,1,61540,52488,391,391,53845,52488,125,0,1,True,den520d-random-2.scen,300
300,den520d.map,planner,1,61312,52488,391,391,54140,52488,127,0,10,False,den520d-random-2.scen,300
300,den520d.map,planner,1,61540,52488,391,391,53845,52488,126,0,10,True,den520d-random-2.scen,300
300,den520d.map,planner,1,61312,52488,391,391,54140,52488,119,0,100,False,den520d-random-2.scen,300
300,den520d.map,planner,1,61540,52488,391,391,53845,52488,129,0,100,True,den520d-random-2.scen,300
300,den520d.map,planner,1,61312,52488,391,391,54140,52488,119,0,1000,False,den520d-random-2.scen,300
300,den520d.map,planner,1,61540,52488,391,391,53845,52488,118,0,1000,True,den520d-random-2.scen,300
340,den520d.map,planner,1,68684,58780,391,391,60695,58780,141,0,0,False,den520d-random-2.scen,340
340,den520d.map,planner,1,68684,58780,391,391,60695,58780,145,0,0,True,den520d-random-2.scen,340
340,den520d.map,planner,1,68684,58780,391,391,60695,58780,151,0,1,False,den520d-random-2.scen,340
340,den520d.map,planner,1,68370,58780,391,391,60410,58780,136,0,1,True,den520d-random-2.scen,340
340,den520d.map,planner,1,68684,58780,391,391,60695,58780,139,0,10,False,den520d-random-2.scen,340
340,den520d.map,planner,1,68370,58780,391,391,60410,58780,132,0,10,True,den520d-random-2.scen,340
340,den520d.map,planner,1,68684,58780,391,391,60695,58780,142,0,100,False,den520d-random-2.scen,340
340,den520d.map,planner,1,68370,58780,391,391,60410,58780,132,0,100,True,den520d-random-2.scen,340
340,den520d.map,planner,1,68684,58780,391,391,60695,58780,141,0,1000,False,den520d-random-2.scen,340
340,den520d.map,planner,1,68370,58780,391,391,60410,58780,133,0,1000,True,den520d-random-2.scen,340
380,den520d.map,planner,1,79784,66215,391,391,68690,66215,160,0,0,False,den520d-random-2.scen,380
380,den520d.map,planner,1,79784,66215,391,391,68690,66215,161,0,0,True,den520d-random-2.scen,380
380,den520d.map,planner,1,79784,66215,391,391,68690,66215,157,0,1,False,den520d-random-2.scen,380
380,den520d.map,planner,1,78444,66215,391,391,68147,66215,162,0,1,True,den520d-random-2.scen,380
380,den520d.map,planner,1,79784,66215,391,391,68690,66215,159,0,10,False,den520d-random-2.scen,380
380,den520d.map,planner,1,78651,66215,391,391,68124,66215,169,0,10,True,den520d-random-2.scen,380
380,den520d.map,planner,1,79784,66215,391,391,68690,66215,166,0,100,False,den520d-random-2.scen,380
380,den520d.map,planner,1,78651,66215,391,391,68124,66215,169,0,100,True,den520d-random-2.scen,380
380,den520d.map,planner,1,79784,66215,391,391,68690,66215,149,0,1000,False,den520d-random-2.scen,380
380,den520d.map,planner,1,78651,66215,391,391,68124,66215,187,0,1000,True,den520d-random-2.scen,380
420,den520d.map,planner,1,89420,73805,391,391,76805,73805,171,0,0,False,den520d-random-2.scen,420
420,den520d.map,planner,1,89420,73805,391,391,76805,73805,170,0,0,True,den520d-random-2.scen,420
420,den520d.map,planner,1,89420,73805,391,391,76805,73805,191,0,1,False,den520d-random-2.scen,420
420,den520d.map,planner,1,87414,73805,392,391,75976,73805,198,0,1,True,den520d-random-2.scen,420
420,den520d.map,planner,1,89420,73805,391,391,76805,73805,177,0,10,False,den520d-random-2.scen,420
420,den520d.map,planner,1,87361,73805,391,391,75889,73805,216,0,10,True,den520d-random-2.scen,420
420,den520d.map,planner,1,89420,73805,391,391,76805,73805,167,0,100,False,den520d-random-2.scen,420
420,den520d.map,planner,1,87754,73805,391,391,75927,73805,302,0,100,True,den520d-random-2.scen,420
420,den520d.map,planner,1,89420,73805,391,391,76805,73805,191,0,1000,False,den520d-random-2.scen,420
420,den520d.map,planner,1,88230,73805,391,391,75866,73805,543,0,1000,True,den520d-random-2.scen,420
460,den520d.map,planner,1,97456,80552,405,405,83892,80552,194,0,0,False,den520d-random-2.scen,460
460,den520d.map,planner,1,97456,80552,405,405,83892,80552,194,0,0,True,den520d-random-2.scen,460
460,den520d.map,planner,1,97456,80552,405,405,83892,80552,205,0,1,False,den520d-random-2.scen,460
460,den520d.map,planner,1,97152,80552,405,405,83006,80552,226,0,1,True,den520d-random-2.scen,460
460,den520d.map,planner,1,97456,80552,405,405,83892,80552,181,0,10,False,den520d-random-2.scen,460
460,den520d.map,planner,1,97417,80552,405,405,82975,80552,304,0,10,True,den520d-random-2.scen,460
460,den520d.map,planner,1,97456,80552,405,405,83892,80552,201,0,100,False,den520d-random-2.scen,460
460,den520d.map,planner,1,96202,80552,405,405,82914,80552,524,0,100,True,den520d-random-2.scen,460
460,den520d.map,planner,1,97456,80552,405,405,83892,80552,186,0,1000,False,den520d-random-2.scen,460
460,den520d.map,planner,1,95734,80552,405,405,82862,80552,1058,0,1000,True,den520d-random-2.scen,460
500,den520d.map,planner,1,109578,88713,405,405,92903,88713,225,0,0,False,den520d-random-2.scen,500
500,den520d.map,planner,1,109578,88713,405,405,92903,88713,216,0,0,True,den520d-random-2.scen,500
500,den520d.map,planner,1,109578,88713,405,405,92903,88713,210,0,1,False,den520d-random-2.scen,500
500,den520d.map,planner,1,108287,88713,405,405,91785,88713,262,0,1,True,den520d-random-2.scen,500
500,den520d.map,planner,1,109578,88713,405,405,92903,88713,217,0,10,False,den520d-random-2.scen,500
500,den520d.map,planner,1,108190,88713,405,405,91599,88713,392,0,10,True,den520d-random-2.scen,500
500,den520d.map,planner,1,109578,88713,405,405,92903,88713,228,0,100,False,den520d-random-2.scen,500
500,den520d.map,planner,1,107386,88713,405,405,91536,88713,842,0,100,True,den520d-random-2.scen,500
500,den520d.map,planner,1,109578,88713,405,405,92903,88713,232,0,1000,False,den520d-random-2.scen,500
500,den520d.map,planner,1,108405,88713,405,405,91564,88713,4843,0,1000,True,den520d-random-2.scen,500
540,den520d.map,planner,1,119401,96124,425,425,101288,96124,237,0,0,False,den520d-random-2.scen,540
540,den520d.map,planner,1,119401,96124,425,425,101288,96124,243,0,0,True,den520d-random-2.scen,540
540,den520d.map,planner,1,119401,96124,425,425,101288,96124,253,0,1,False,den520d-random-2.scen,540
540,den520d.map,planner,1,117444,96124,425,425,99279,96124,287,0,1,True,den520d-random-2.scen,540
540,den520d.map,planner,1,119401,96124,425,425,101288,96124,226,0,10,False,den520d-random-2.scen,540
540,den520d.map,planner,1,117310,96124,425,425,99304,96124,616,0,10,True,den520d-random-2.scen,540
540,den520d.map,planner,1,119401,96124,425,425,101288,96124,243,0,100,False,den520d-random-2.scen,540
540,den520d.map,planner,1,116459,96124,425,425,99288,96124,3110,0,100,True,den520d-random-2.scen,540
540,den520d.map,planner,1,119401,96124,425,425,101288,96124,238,0,1000,False,den520d-random-2.scen,540
540,den520d.map,planner,1,117752,96124,425,425,99015,96124,3105,0,1000,True,den520d-random-2.scen,540
580,den520d.map,planner,1,130820,103531,425,425,109463,103531,271,0,0,False,den520d-random-2.scen,580
580,den520d.map,planner,1,130820,103531,425,425,109463,103531,238,0,0,True,den520d-random-2.scen,580
580,den520d.map,planner,1,130820,103531,425,425,109463,103531,250,0,1,False,den520d-random-2.scen,580
580,den520d.map,planner,1,126374,103531,432,425,107361,103531,322,0,1,True,den520d-random-2.scen,580
580,den520d.map,planner,1,130820,103531,425,425,109463,103531,250,0,10,False,den520d-random-2.scen,580
580,den520d.map,planner,1,126814,103531,426,425,107193,103531,678,0,10,True,den520d-random-2.scen,580
580,den520d.map,planner,1,130820,103531,425,425,109463,103531,264,0,100,False,den520d-random-2.scen,580
580,den520d.map,planner,1,126833,103531,426,425,107003,103531,2493,0,100,True,den520d-random-2.scen,580
580,den520d.map,planner,1,130820,103531,425,425,109463,103531,261,0,1000,False,den520d-random-2.scen,580
580,den520d.map,planner,1,126383,103531,426,425,107071,103531,19127,0,1000,True,den520d-random-2.scen,580
20,den520d.map,planner,1,3617,3471,324,324,3476,3471,8,0,0,False,den520d-random-10.scen,20
20,den520d.map,planner,1,3617,3471,324,324,3476,3471,7,0,0,True,den520d-random-10.scen,20
20,den520d.map,planner,1,3617,3471,324,324,3476,3471,7,0,1,False,den520d-random-10.scen,20
20,den520d.map,planner,1,3617,3471,324,324,3476,3471,7,0,1,True,den520d-random-10.scen,20
20,den520d.map,planner,1,3617,3471,324,324,3476,3471,7,0,10,False,den520d-random-10.scen,20
20,den520d.map,planner,1,3617,3471,324,324,3476,3471,7,0,10,True,den520d-random-10.scen,20
20,den520d.map,planner,1,3617,3471,324,324,3476,3471,7,0,100,False,den520d-random-10.scen,20
20,den520d.map,planner,1,3617,3471,324,324,3476,3471,6,0,100,True,den520d-random-10.scen,20
20,den520d.map,planner,1,3617,3471,324,324,3476,3471,8,0,1000,False,den520d-random-10.scen,20
20,den520d.map,planner,1,3617,3471,324,324,3476,3471,7,0,1000,True,den520d-random-10.scen,20
60,den520d.map,planner,1,10698,10422,324,324,10488,10422,20,0,0,False,den520d-random-10.scen,60
60,den520d.map,planner,1,10698,10422,324,324,10488,10422,27,0,0,True,den520d-random-10.scen,60
60,den520d.map,planner,1,10698,10422,324,324,10488,10422,19,0,1,False,den520d-random-10.scen,60
60,den520d.map,planner,1,10698,10422,324,324,10488,10422,20,0,1,True,den520d-random-10.scen,60
60,den520d.map,planner,1,10698,10422,324,324,10488,10422,24,0,10,False,den520d-random-10.scen,60
60,den520d.map,planner,1,10698,10422,324,324,10488,10422,21,0,10,True,den520d-random-10.scen,60
60,den520d.map,planner,1,10698,10422,324,324,10488,10422,26,0,100,False,den520d-random-10.scen,60
60,den520d.map,planner,1,10698,10422,324,324,10488,10422,22,0,100,True,den520d-random-10.scen,60
60,den520d.map,planner,1,10698,10422,324,324,10488,10422,25,0,1000,False,den520d-random-10.scen,60
60,den520d.map,planner,1,10698,10422,324,324,10488,10422,19,0,1000,True,den520d-random-10.scen,60
100,den520d.map,planner,1,18959,17570,339,339,17759,17570,37,0,0,False,den520d-random-10.scen,100
100,den520d.map,planner,1,18959,17570,339,339,17759,17570,44,0,0,True,den520d-random-10.scen,100
100,den520d.map,planner,1,18959,17570,339,339,17759,17570,41,0,1,False,den520d-random-10.scen,100
100,den520d.map,planner,1,18532,17570,339,339,17736,17570,39,0,1,True,den520d-random-10.scen,100
100,den520d.map,planner,1,18959,17570,339,339,17759,17570,38,0,10,False,den520d-random-10.scen,100
100,den520d.map,planner,1,18532,17570,339,339,17736,17570,36,0,10,True,den520d-random-10.scen,100
100,den520d.map,planner,1,18959,17570,339,339,17759,17570,34,0,100,False,den520d-random-10.scen,100
100,den520d.map,planner,1,18532,17570,339,339,17736,17570,41,0,100,True,den520d-random-10.scen,100
100,den520d.map,planner,1,18959,17570,339,339,17759,17570,38,0,1000,False,den520d-random-10.scen,100
100,den520d.map,planner,1,18532,17570,339,339,17736,17570,36,0,1000,True,den520d-random-10.scen,100
140,den520d.map,planner,1,26210,23975,339,339,24351,23975,55,0,0,False,den520d-random-10.scen,140
140,den520d.map,planner,1,26210,23975,339,339,24351,23975,51,0,0,True,den520d-random-10.scen,140
140,den520d.map,planner,1,26210,23975,339,339,24351,23975,47,0,1,False,den520d-random-10.scen,140
140,den520d.map,planner,1,26192,23975,339,339,24312,23975,56,0,1,True,den520d-random-10.scen,140
140,den520d.map,planner,1,26210,23975,339,339,24351,23975,56,0,10,False,den520d-random-10.scen,140
140,den520d.map,planner,1,26192,23975,339,339,24312,23975,58,0,10,True,den520d-random-10.scen,140
140,den520d.map,planner,1,26210,23975,339,339,24351,23975,50,0,100,False,den520d-random-10.scen,140
140,den520d.map,planner,1,26192,23975,339,339,24312,23975,54,0,100,True,den520d-random-10.scen,140
140,den520d.map,planner,1,26210,23975,339,339,24351,23975,49,0,1000,False,den520d-random-10.scen,140
140,den520d.map,planner,1,26192,23975,339,339,24312,23975,50,0,1000,True,den520d-random-10.scen,140
180,den520d.map,planner,1,33710,30570,339,339,31121,30570,77,0,0,False,den520d-random-10.scen,180
180,den520d.map,planner,1,33710,30570,339,339,31121,30570,65,0,0,True,den520d-random-10.scen,180
180,den520d.map,planner,1,33710,30570,339,339,31121,30570,67,0,1,False,den520d-random-10.scen,180
180,den520d.map,planner,1,34005,30570,341,339,31071,30570,71,0,1,True,den520d-random-10.scen,180
180,den520d.map,planner,1,33710,30570,339,339,31121,30570,71,0,10,False,den520d-random-10.scen,180
180,den520d.map,planner,1,34005,30570,341,339,31071,30570,64,0,10,True,den520d-random-10.scen,180
180,den520d.map,planner,1,33710,30570,339,339,31121,30570,69,0,100,False,den520d-random-10.scen,180
180,den520d.map,planner,1,34005,30570,341,339,31071,30570,66,0,100,True,den520d-random-10.scen,180
180,den520d.map,planner,1,33710,30570,339,339,31121,30570,66,0,1000,False,den520d-random-10.scen,180
180,den520d.map,planner,1,34005,30570,341,339,31071,30570,67,0,1000,True,den520d-random-10.scen,180
220,den520d.map,planner,1,41975,37061,408,408,37755,37061,82,0,0,False,den520d-random-10.scen,220
220,den520d.map,planner,1,41975,37061,408,408,37755,37061,82,0,0,True,den520d-random-10.scen,220
220,den520d.map,planner,1,41975,37061,408,408,37755,37061,98,0,1,False,den520d-random-10.scen,220
220,den520d.map,planner,1,41265,37061,408,408,37749,37061,86,0,1,True,den520d-random-10.scen,220
220,den520d.map,planner,1,41975,37061,408,408,37755,37061,81,0,10,False,den520d-random-10.scen,220
220,den520d.map,planner,1,41265,37061,408,408,37749,37061,85,0,10,True,den520d-random-10.scen,220
220,den520d.map,planner,1,41975,37061,408,408,37755,37061,84,0,100,False,den520d-random-10.scen,220
220,den520d.map,planner,1,41265,37061,408,408,37749,37061,84,0,100,True,den520d-random-10.scen,220
220,den520d.map,planner,1,41975,37061,408,408,37755,37061,86,0,1000,False,den520d-random-10.scen,220
220,den520d.map,planner,1,41265,37061,408,408,37749,37061,88,0,1000,True,den520d-random-10.scen,220
260,den520d.map,planner,1,49146,43318,408,408,44253,43318,106,0,0,False,den520d-random-10.scen,260
260,den520d.map,planner,1,49146,43318,408,408,44253,43318,98,0,0,True,den520d-random-10.scen,260
260,den520d.map,planner,1,49146,43318,408,408,44253,43318,104,0,1,False,den520d-random-10.scen,260
260,den520d.map,planner,1,48820,43318,408,408,44185,43318,94,0,1,True,den520d-random-10.scen,260
260,den520d.map,planner,1,49146,43318,408,408,44253,43318,101,0,10,False,den520d-random-10.scen,260
260,den520d.map,planner,1,48820,43318,408,408,44185,43318,98,0,10,True,den520d-random-10.scen,260
260,den520d.map,planner,1,49146,43318,408,408,44253,43318,101,0,100,False,den520d-random-10.scen,260
260,den520d.map,planner,1,48820,43318,408,408,44185,43318,95,0,100,True,den520d-random-10.scen,260
260,den520d.map,planner,1,49146,43318,408,408,44253,43318,107,0,1000,False,den520d-random-10.scen,260
260,den520d.map,planner,1,48820,43318,408,408,44185,43318,102,0,1000,True,den520d-random-10.scen,260
300,den520d.map,planner,1,58308,50320,408,408,51713,50320,131,0,0,False,den520d-random-10.scen,300
300,den520d.map,planner,1,58308,50320,408,408,51713,50320,109,0,0,True,den520d-random-10.scen,300
300,den520d.map,planner,1,58308,50320,408,408,51713,50320,131,0,1,False,den520d-random-10.scen,300
300,den520d.map,planner,1,56172,50320,408,408,51396,50320,122,0,1,True,den520d-random-10.scen,300
300,den520d.map,planner,1,58308,50320,408,408,51713,50320,122,0,10,False,den520d-random-10.scen,300
300,den520d.map,planner,1,56172,50320,408,408,51396,50320,121,0,10,True,den520d-random-10.scen,300
300,den520d.map,planner,1,58308,50320,408,408,51713,50320,117,0,100,False,den520d-random-10.scen,300
300,den520d.map,planner,1,56172,50320,408,408,51396,50320,118,0,100,True,den520d-random-10.scen,300
300,den520d.map,planner,1,58308,50320,408,408,51713,50320,124,0,1000,False,den520d-random-10.scen,300
300,den520d.map,planner,1,56172,50320,408,408,51396,50320,128,0,1000,True,den520d-random-10.scen,300
340,den520d.map,planner,1,66352,58047,408,408,59614,58047,145,0,0,False,den520d-random-10.scen,340
340,den520d.map,planner,1,66352,58047,408,408,59614,58047,127,0,0,True,den520d-random-10.scen,340
340,den520d.map,planner,1,66352,58047,408,408,59614,58047,139,0,1,False,den520d-random-10.scen,340
340,den520d.map,planner,1,66133,58047,408,408,59290,58047,139,0,1,True,den520d-random-10.scen,340
340,den520d.map,planner,1,66352,58047,408,408,59614,58047,142,0,10,False,den520d-random-10.scen,340
340,den520d.map,planner,1,66133,58047,408,408,59290,58047,141,0,10,True,den520d-random-10.scen,340
340,den520d.map,planner,1,66352,58047,408,408,59614,58047,131,0,100,False,den520d-random-10.scen,340
340,den520d.map,planner,1,66133,58047,408,408,59290,58047,137,0,100,True,den520d-random-10.scen,340
340,den520d.map,planner,1,66352,58047,408,408,59614,58047,147,0,1000,False,den520d-random-10.scen,340
340,den520d.map,planner,1,66133,58047,408,408,59290,58047,145,0,1000,True,den520d-random-10.scen,340
380,den520d.map,planner,1,75859,65620,408,408,67702,65620,162,0,0,False,den520d-random-10.scen,380
380,den520d.map,planner,1,75859,65620,408,408,67702,65620,155,0,0,True,den520d-random-10.scen,380
380,den520d.map,planner,1,75859,65620,408,408,67702,65620,158,0,1,False,den520d-random-10.scen,380
380,den520d.map,planner,1,75921,65620,408,408,67091,65620,159,0,1,True,den520d-random-10.scen,380
380,den520d.map,planner,1,75859,65620,408,408,67702,65620,162,0,10,False,den520d-random-10.scen,380
380,den520d.map,planner,1,75665,65620,408,408,67129,65620,185,0,10,True,den520d-random-10.scen,380
380,den520d.map,planner,1,75859,65620,408,408,67702,65620,143,0,100,False,den520d-random-10.scen,380
380,den520d.map,planner,1,75665,65620,408,408,67129,65620,167,0,100,True,den520d-random-10.scen,380
380,den520d.map,planner,1,75859,65620,408,408,67702,65620,164,0,1000,False,den520d-random-10.scen,380
380,den520d.map,planner,1,75665,65620,408,408,67129,65620,170,0,1000,True,den520d-random-10.scen,380
420,den520d.map,planner,1,86408,73839,408,408,76379,73839,188,0,0,False,den520d-random-10.scen,420
420,den520d.map,planner,1,86408,73839,408,408,76379,73839,182,0,0,True,den520d-random-10.scen,420
420,den520d.map,planner,1,86408,73839,408,408,76379,73839,173,0,1,False,den520d-random-10.scen,420
420,den520d.map,planner,1,84821,73839,409,408,75754,73839,200,0,1,True,den520d-random-10.scen,420
420,den520d.map,planner,1,86408,73839,408,408,76379,73839,180,0,10,False,den520d-random-10.scen,420
420,den520d.map,planner,1,84664,73839,411,408,75755,73839,236,0,10,True,den520d-random-10.scen,420
420,den520d.map,planner,1,86408,73839,408,408,76379,73839,167,0,100,False,den520d-random-10.scen,420
420,den520d.map,planner,1,85425,73839,409,408,75749,73839,334,0,100,True,den520d-random-10.scen,420
420,den520d.map,planner,1,86408,73839,408,408,76379,73839,172,0,1000,False,den520d-random-10.scen,420
420,den520d.map,planner,1,85103,73839,408,408,75780,73839,656,0,1000,True,den520d-random-10.scen,420
460,den520d.map,planner,1,94588,80489,408,408,83788,80489,198,0,0,False,den520d-random-10.scen,460
460,den520d.map,planner,1,94588,80489,408,408,83788,80489,205,0,0,True,den520d-random-10.scen,460
460,den520d.map,planner,1,94588,80489,408,408,83788,80489,199,0,1,False,den520d-random-10.scen,460
460,den520d.map,planner,1,93221,80489,408,408,82642,80489,211,0,1,True,den520d-random-10.scen,460
460,den520d.map,planner,1,94588,80489,408,408,83788,80489,196,0,10,False,den520d-random-10.scen,460
460,den520d.map,planner,1,93602,80489,413,408,82608,80489,230,0,10,True,den520d-random-10.scen,460
460,den520d.map,planner,1,94588,80489,408,408,83788,80489,198,0,100,False,den520d-random-10.scen,460
460,den520d.map,planner,1,93602,80489,413,408,82608,80489,254,0,100,True,den520d-random-10.scen,460
460,den520d.map,planner,1,94588,80489,408,408,83788,80489,196,0,1000,False,den520d-random-10.scen,460
460,den520d.map,planner,1,93602,80489,413,408,82608,80489,239,0,1000,True,den520d-random-10.scen,460
500,den520d.map,planner,1,104550,87669,408,408,91594,87669,205,0,0,False,den520d-random-10.scen,500
500,den520d.map,planner,1,104550,87669,408,408,91594,87669,226,0,0,True,den520d-random-10.scen,500
500,den520d.map,planner,1,104550,87669,408,408,91594,87669,202,0,1,False,den520d-random-10.scen,500
500,den520d.map,planner,1,101869,87669,409,408,90166,87669,235,0,1,True,den520d-random-10.scen,500
500,den520d.map,planner,1,104550,87669,408,408,91594,87669,198,0,10,False,den520d-random-10.scen,500
500,den520d.map,planner,1,102382,87669,409,408,90220,87669,340,0,10,True,den520d-random-10.scen,500
500,den520d.map,planner,1,104550,87669,408,408,91594,87669,208,0,100,False,den520d-random-10.scen,500
500,den520d.map,planner,1,101999,87669,409,408,90223,87669,603,0,100,True,den520d-random-10.scen,500
500,den520d.map,planner,1,104550,87669,408,408,91594,87669,212,0,1000,False,den520d-random-10.scen,500
500,den520d.map,planner,1,102081,87669,409,408,90219,87669,489,0,1000,True,den520d-random-10.scen,500
540,den520d.map,planner,1,114107,94861,408,408,99335,94861,220,0,0,False,den520d-random-10.scen,540
540,den520d.map,planner,1,114107,94861,408,408,99335,94861,223,0,0,True,den520d-random-10.scen,540
540,den520d.map,planner,1,114107,94861,408,408,99335,94861,242,0,1,False,den520d-random-10.scen,540
540,den520d.map,planner,1,112946,94861,409,408,97837,94861,262,0,1,True,den520d-random-10.scen,540
540,den520d.map,planner,1,114107,94861,408,408,99335,94861,233,0,10,False,den520d-random-10.scen,540
540,den520d.map,planner,1,111100,94861,410,408,97693,94861,315,0,10,True,den520d-random-10.scen,540
540,den520d.map,planner,1,114107,94861,408,408,99335,94861,243,0,100,False,den520d-random-10.scen,540
540,den520d.map,planner,1,112408,94861,409,408,97720,94861,298,0,100,True,den520d-random-10.scen,540
540,den520d.map,planner,1,114107,94861,408,408,99335,94861,231,0,1000,False,den520d-random-10.scen,540
540,den520d.map,planner,1,112408,94861,409,408,97720,94861,312,0,1000,True,den520d-random-10.scen,540
580,den520d.map,planner,1,124573,102029,408,408,107311,102029,244,0,0,False,den520d-random-10.scen,580
580,den520d.map,planner,1,124573,102029,408,408,107311,102029,243,0,0,True,den520d-random-10.scen,580
580,den520d.map,planner,1,124573,102029,408,408,107311,102029,250,0,1,False,den520d-random-10.scen,580
580,den520d.map,planner,1,122788,102029,408,408,105598,102029,290,0,1,True,den520d-random-10.scen,580
580,den520d.map,planner,1,124573,102029,408,408,107311,102029,250,0,10,False,den520d-random-10.scen,580
580,den520d.map,planner,1,121946,102029,408,408,105320,102029,396,0,10,True,den520d-random-10.scen,580
580,den520d.map,planner,1,124573,102029,408,408,107311,102029,245,0,100,False,den520d-random-10.scen,580
580,den520d.map,planner,1,120854,102029,410,408,105209,102029,1461,0,100,True,den520d-random-10.scen,580
580,den520d.map,planner,1,124573,102029,408,408,107311,102029,263,0,1000,False,den520d-random-10.scen,580
580,den520d.map,planner,1,120582,102029,410,408,105308,102029,5725,0,1000,True,den520d-random-10.scen,580
20,den520d.map,planner,1,3183,3032,271,271,3045,3032,7,0,0,False,den520d-random-13.scen,20
20,den520d.map,planner,1,3183,3032,271,271,3045,3032,6,0,0,True,den520d-random-13.scen,20
20,den520d.map,planner,1,3183,3032,271,271,3045,3032,7,0,1,False,den520d-random-13.scen,20
20,den520d.map,planner,1,3183,3032,271,271,3045,3032,6,0,1,True,den520d-random-13.scen,20
20,den520d.map,planner,1,3183,3032,271,271,3045,3032,6,0,10,False,den520d-random-13.scen,20
20,den520d.map,planner,1,3183,3032,271,271,3045,3032,6,0,10,True,den520d-random-13.scen,20
20,den520d.map,planner,1,3183,3032,271,271,3045,3032,6,0,100,False,den520d-random-13.scen,20
20,den520d.map,planner,1,3183,3032,271,271,3045,3032,6,0,100,True,den520d-random-13.scen,20
20,den520d.map,planner,1,3183,3032,271,271,3045,3032,6,0,1000,False,den520d-random-13.scen,20
20,den520d.map,planner,1,3183,3032,271,271,3045,3032,6,0,1000,True,den520d-random-13.scen,20
60,den520d.map,planner,1,9964,9342,382,382,9411,9342,19,0,0,False,den520d-random-13.scen,60
60,den520d.map,planner,1,9964,9342,382,382,9411,9342,23,0,0,True,den520d-random-13.scen,60
60,den520d.map,planner,1,9964,9342,382,382,9411,9342,24,0,1,False,den520d-random-13.scen,60
60,den520d.map,planner,1,9964,9342,382,382,9411,9342,22,0,1,True,den520d-random-13.scen,60
60,den520d.map,planner,1,9964,9342,382,382,9411,9342,23,0,10,False,den520d-random-13.scen,60
60,den520d.map,planner,1,9964,9342,382,382,9411,9342,21,0,10,True,den520d-random-13.scen,60
60,den520d.map,planner,1,9964,9342,382,382,9411,9342,23,0,100,False,den520d-random-13.scen,60
60,den520d.map,planner,1,9964,9342,382,382,9411,9342,20,0,100,True,den520d-random-13.scen,60
60,den520d.map,planner,1,9964,9342,382,382,9411,9342,18,0,1000,False,den520d-random-13.scen,60
60,den520d.map,planner,1,9964,9342,382,382,9411,9342,21,0,1000,True,den520d-random-13.scen,60
100,den520d.map,planner,1,18369,16853,417,417,16998,16853,37,0,0,False,den520d-random-13.scen,100
100,den520d.map,planner,1,18369,16853,417,417,16998,16853,40,0,0,True,den520d-random-13.scen,100
100,den520d.map,planner,1,18369,16853,417,417,16998,16853,38,0,1,False,den520d-random-13.scen,100
100,den520d.map,planner,1,18266,16853,417,417,17001,16853,35,0,1,True,den520d-random-13.scen,100
100,den520d.map,planner,1,18369,16853,417,417,16998,16853,42,0,10,False,den520d-random-13.scen,100
100,den520d.map,planner,1,18266,16853,417,417,17001,16853,46,0,10,True,den520d-random-13.scen,100
100,den520d.map,planner,1,18369,16853,417,417,16998,16853,38,0,100,False,den520d-random-13.scen,100
100,den520d.map,planner,1,18266,16853,417,417,17001,16853,38,0,100,True,den520d-random-13.scen,100
100,den520d.map,planner,1,18369,16853,417,417,16998,16853,39,0,1000,False,den520d-random-13.scen,100
100,den520d.map,planner,1,18266,16853,417,417,17001,16853,33,0,1000,True,den520d-random-13.scen,100
140,den520d.map,planner,1,27245,24028,417,417,24355,24028,50,0,0,False,den520d-random-13.scen,140
140,den520d.map,planner,1,27245,24028,417,417,24355,24028,52,0,0,True,den520d-random-13.scen,140
140,den520d.map,planner,1,27245,24028,417,417,24355,24028,52,0,1,False,den520d-random-13.scen,140
140,den520d.map,planner,1,26921,24028,417,417,24314,24028,54,0,1,True,den520d-random-13.scen,140
140,den520d.map,planner,1,27245,24028,417,417,24355,24028,54,0,10,False,den520d-random-13.scen,140
140,den520d.map,planner,1,26921,24028,417,417,24314,24028,52,0,10,True,den520d-random-13.scen,140
140,den520d.map,planner,1,27245,24028,417,417,24355,24028,58,0,100,False,den520d-random-13.scen,140
140,den520d.map,planner,1,26921,24028,417,417,24314,24028,51,0,100,True,den520d-random-13.scen,140
140,den520d.map,planner,1,27245,24028,417,417,24355,24028,49,0,1000,False,den520d-random-13.scen,140
140,den520d.map,planner,1,26921,24028,417,417,24314,24028,61,0,1000,True,den520d-random-13.scen,140
180,den520d.map,planner,1,35122,30652,417,417,31227,30652,67,0,0,False,den520d-random-13.scen,180
180,den520d.map,planner,1,35122,30652,417,417,31227,30652,71,0,0,True,den520d-random-13.scen,180
180,den520d.map,planner,1,35122,30652,417,417,31227,30652,73,0,1,False,den520d-random-13.scen,180
180,den520d.map,planner,1,35239,30652,417,417,31196,30652,75,0,1,True,den520d-random-13.scen,180
180,den520d.map,planner,1,35122,30652,417,417,31227,30652,71,0,10,False,den520d-random-13.scen,180
180,den520d.map,planner,1,35239,30652,417,417,31196,30652,64,0,10,True,den520d-random-13.scen,180
180,den520d.map,planner,1,35122,30652,417,417,31227,30652,77,0,100,False,den520d-random-13.scen,180
180,den520d.map,planner,1,35239,30652,417,417,31196,30652,74,0,100,True,den520d-random-13.scen,180
180,den520d.map,planner,1,35122,30652,417,417,31227,30652,71,0,1000,False,den520d-random-13.scen,180
180,den520d.map,planner,1,35239,30652,417,417,31196,30652,65,0,1000,True,den520d-random-13.scen,180
220,den520d.map,planner,1,42438,37451,417,417,38325,37451,92,0,0,False,den520d-random-13.scen,220
220,den520d.map,planner,1,42438,37451,417,417,38325,37451,86,0,0,True,den520d-random-13.scen,220
220,den520d.map,planner,1,42438,37451,417,417,38325,37451,78,0,1,False,den520d-random-13.scen,220
220,den520d.map,planner,1,42048,37451,417,417,38188,37451,95,0,1,True,den520d-random-13.scen,220
220,den520d.map,planner,1,42438,37451,417,417,38325,37451,89,0,10,False,den520d-random-13.scen,220
220,den520d.map,planner,1,42048,37451,417,417,38188,37451,93,0,10,True,den520d-random-13.scen,220
220,den520d.map,planner,1,42438,37451,417,417,38325,37451,81,0,100,False,den520d-random-13.scen,220
220,den520d.map,planner,1,42048,37451,417,417,38188,37451,82,0,100,True,den520d-random-13.scen,220
220,den520d.map,planner,1,42438,37451,417,417,38325,37451,81,0,1000,False,den520d-random-13.scen,220
220,den520d.map,planner,1,42048,37451,417,417,38188,37451,89,0,1000,True,den520d-random-13.scen,220
260,den520d.map,planner,1,51618,44343,417,417,45370,44343,99,0,0,False,den520d-random-13.scen,260
260,den520d.map,planner,1,51618,44343,417,417,45370,44343,102,0,0,True,den520d-random-13.scen,260
260,den520d.map,planner,1,51618,44343,417,417,45370,44343,98,0,1,False,den520d-random-13.scen,260
260,den520d.map,planner,1,50406,44343,417,417,45213,44343,104,0,1,True,den520d-random-13.scen,260
260,den520d.map,planner,1,51618,44343,417,417,45370,44343,99,0,10,False,den520d-random-13.scen,260
260,den520d.map,planner,1,50406,44343,417,417,45213,44343,102,0,10,True,den520d-random-13.scen,260
260,den520d.map,planner,1,51618,44343,417,417,45370,44343,94,0,100,False,den520d-random-13.scen,260
260,den520d.map,planner,1,50406,44343,417,417,45213,44343,103,0,100,True,den520d-random-13.scen,260
260,den520d.map,planner,1,51618,44343,417,417,45370,44343,97,0,1000,False,den520d-random-13.scen,260
260,den520d.map,planner,1,50406,44343,417,417,45213,44343,105,0,1000,True,den520d-random-13.scen,260
300,den520d.map,planner,1,59538,50936,417,417,52263,50936,129,0,0,False,den520d-random-13.scen,300
300,den520d.map,planner,1,59538,50936,417,417,52263,50936,126,0,0,True,den520d-random-13.scen,300
300,den520d.map,planner,1,59538,50936,417,417,52263,50936,114,0,1,False,den520d-random-13.scen,300
300,den520d.map,planner,1,58988,50936,417,417,52122,50936,132,0,1,True,den520d-random-13.scen,300
300,den520d.map,planner,1,59538,50936,417,417,52263,50936,128,0,10,False,den520d-random-13.scen,300
300,den520d.map,planner,1,58988,50936,417,417,52122,50936,127,0,10,True,den520d-random-13.scen,300
300,den520d.map,planner,1,59538,50936,417,417,52263,50936,115,0,100,False,den520d-random-13.scen,300
300,den520d.map,planner,1,58988,50936,417,417,52122,50936,122,0,100,True,den520d-random-13.scen,300
300,den520d.map,planner,1,59538,50936,417,417,52263,50936,120,0,1000,False,den520d-random-13.scen,300
300,den520d.map,planner,1,58988,50936,417,417,52122,50936,119,0,1000,True,den520d-random-13.scen,300
340,den520d.map,planner,1,69491,58077,417,417,59803,58077,131,0,0,False,den520d-random-13.scen,340
340,den520d.map,planner,1,69491,58077,417,417,59803,58077,129,0,0,True,den520d-random-13.scen,340
340,den520d.map,planner,1,69491,58077,417,417,59803,58077,150,0,1,False,den520d-random-13.scen,340
340,den520d.map,planner,1,68589,58077,417,417,59521,58077,142,0,1,True,den520d-random-13.scen,340
340,den520d.map,planner,1,69491,58077,417,417,59803,58077,140,0,10,False,den520d-random-13.scen,340
340,den520d.map,planner,1,67967,58077,417,417,59489,58077,147,0,10,True,den520d-random-13.scen,340
340,den520d.map,planner,1,69491,58077,417,417,59803,58077,145,0,100,False,den520d-random-13.scen,340
340,den520d.map,planner,1,67967,58077,417,417,59489,58077,137,0,100,True,den520d-random-13.scen,340
340,den520d.map,planner,1,69491,58077,417,417,59803,58077,144,0,1000,False,den520d-random-13.scen,340
340,den520d.map,planner,1,67967,58077,417,417,59489,58077,132,0,1000,True,den520d-random-13.scen,340
380,den520d.map,planner,1,77718,64393,417,417,66496,64393,147,0,0,False,den520d-random-13.scen,380
380,den520d.map,planner,1,77718,64393,417,417,66496,64393,156,0,0,True,den520d-random-13.scen,380
380,den520d.map,planner,1,77718,64393,417,417,66496,64393,153,0,1,False,den520d-random-13.scen,380
380,den520d.map,planner,1,77416,64393,417,417,66120,64393,157,0,1,True,den520d-random-13.scen,380
380,den520d.map,planner,1,77718,64393,417,417,66496,64393,160,0,10,False,den520d-random-13.scen,380
380,den520d.map,planner,1,77416,64393,417,417,66120,64393,160,0,10,True,den520d-random-13.scen,380
380,den520d.map,planner,1,77718,64393,417,417,66496,64393,173,0,100,False,den520d-random-13.scen,380
380,den520d.map,planner,1,77416,64393,417,417,66120,64393,164,0,100,True,den520d-random-13.scen,380
380,den520d.map,planner,1,77718,64393,417,417,66496,64393,160,0,1000,False,den520d-random-13.scen,380
380,den520d.map,planner,1,77416,64393,417,417,66120,64393,154,0,1000,True,den520d-random-13.scen,380
420,den520d.map,planner,1,87957,72129,417,417,74814,72129,173,0,0,False,den520d-random-13.scen,420
420,den520d.map,planner,1,87957,72129,417,417,74814,72129,178,0,0,True,den520d-random-13.scen,420
420,den520d.map,planner,1,87957,72129,417,417,74814,72129,163,0,1,False,den520d-random-13.scen,420
420,den520d.map,planner,1,87130,72129,417,417,74060,72129,179,0,1,True,den520d-random-13.scen,420
420,den520d.map,planner,1,87957,72129,417,417,74814,72129,184,0,10,False,den520d-random-13.scen,420
420,den520d.map,planner,1,87130,72129,417,417,74060,72129,178,0,10,True,den520d-random-13.scen,420
420,den520d.map,planner,1,87957,72129,417,417,74814,72129,170,0,100,False,den520d-random-13.scen,420
420,den520d.map,planner,1,87130,72129,417,417,74060,72129,177,0,100,True,den520d-random-13.scen,420
420,den520d.map,planner,1,87957,72129,417,417,74814,72129,168,0,1000,False,den520d-random-13.scen,420
420,den520d.map,planner,1,87130,72129,417,417,74060,72129,184,0,1000,True,den520d-random-13.scen,420
460,den520d.map,planner,1,95751,78811,417,417,82161,78811,192,0,0,False,den520d-random-13.scen,460
460,den520d.map,planner,1,95751,78811,417,417,82161,78811,216,0,0,True,den520d-random-13.scen,460
460,den520d.map,planner,1,95751,78811,417,417,82161,78811,187,0,1,False,den520d-random-13.scen,460
460,den520d.map,planner,1,93580,78811,417,417,81242,78811,203,0,1,True,den520d-random-13.scen,460
460,den520d.map,planner,1,95751,78811,417,417,82161,78811,189,0,10,False,den520d-random-13.scen,460
460,den520d.map,planner,1,94078,78811,417,417,81245,78811,192,0,10,True,den520d-random-13.scen,460
460,den520d.map,planner,1,95751,78811,417,417,82161,78811,187,0,100,False,den520d-random-13.scen,460
460,den520d.map,planner,1,94078,78811,417,417,81245,78811,209,0,100,True,den520d-random-13.scen,460
460,den520d.map,planner,1,95751,78811,417,417,82161,78811,199,0,1000,False,den520d-random-13.scen,460
460,den520d.map,planner,1,94078,78811,417,417,81245,78811,190,0,1000,True,den520d-random-13.scen,460
500,den520d.map,planner,1,106254,86242,417,417,89983,86242,220,0,0,False,den520d-random-13.scen,500
500,den520d.map,planner,1,106254,86242,417,417,89983,86242,219,0,0,True,den520d-random-13.scen,500
500,den520d.map,planner,1,106254,86242,417,417,89983,86242,211,0,1,False,den520d-random-13.scen,500
500,den520d.map,planner,1,104656,86242,421,417,88870,86242,234,0,1,True,den520d-random-13.scen,500
500,den520d.map,planner,1,106254,86242,417,417,89983,86242,209,0,10,False,den520d-random-13.scen,500
500,den520d.map,planner,1,103625,86242,417,417,88979,86242,245,0,10,True,den520d-random-13.scen,500
500,den520d.map,planner,1,106254,86242,417,417,89983,86242,223,0,100,False,den520d-random-13.scen,500
500,den520d.map,planner,1,103625,86242,417,417,88979,86242,240,0,100,True,den520d-random-13.scen,500
500,den520d.map,planner,1,106254,86242,417,417,89983,86242,202,0,1000,False,den520d-random-13.scen,500
500,den520d.map,planner,1,103625,86242,417,417,88979,86242,241,0,1000,True,den520d-random-13.scen,500
540,den520d.map,planner,1,115993,93471,417,417,97961,93471,228,0,0,False,den520d-random-13.scen,540
540,den520d.map,planner,1,115993,93471,417,417,97961,93471,227,0,0,True,den520d-random-13.scen,540
540,den520d.map,planner,1,115993,93471,417,417,97961,93471,226,0,1,False,den520d-random-13.scen,540
540,den520d.map,planner,1,113311,93471,417,417,96516,93471,235,0,1,True,den520d-random-13.scen,540
540,den520d.map,planner,1,115993,93471,417,417,97961,93471,211,0,10,False,den520d-random-13.scen,540
540,den520d.map,planner,1,113311,93471,417,417,96516,93471,259,0,10,True,den520d-random-13.scen,540
540,den520d.map,planner,1,115993,93471,417,417,97961,93471,227,0,100,False,den520d-random-13.scen,540
540,den520d.map,planner,1,113311,93471,417,417,96516,93471,226,0,100,True,den520d-random-13.scen,540
540,den520d.map,planner,1,115993,93471,417,417,97961,93471,213,0,1000,False,den520d-random-13.scen,540
540,den520d.map,planner,1,113311,93471,417,417,96516,93471,245,0,1000,True,den520d-random-13.scen,540
580,den520d.map,planner,1,124127,99810,417,417,104822,99810,254,0,0,False,den520d-random-13.scen,580
580,den520d.map,planner,1,124127,99810,417,417,104822,99810,252,0,0,True,den520d-random-13.scen,580
580,den520d.map,planner,1,124127,99810,417,417,104822,99810,266,0,1,False,den520d-random-13.scen,580
580,den520d.map,planner,1,124291,99810,417,417,103291,99810,288,0,1,True,den520d-random-13.scen,580
580,den520d.map,planner,1,124127,99810,417,417,104822,99810,246,0,10,False,den520d-random-13.scen,580
580,den520d.map,planner,1,120723,99810,422,417,103129,99810,352,0,10,True,den520d-random-13.scen,580
580,den520d.map,planner,1,124127,99810,417,417,104822,99810,240,0,100,False,den520d-random-13.scen,580
580,den520d.map,planner,1,123270,99810,417,417,103291,99810,511,0,100,True,den520d-random-13.scen,580
580,den520d.map,planner,1,124127,99810,417,417,104822,99810,249,0,1000,False,den520d-random-13.scen,580
580,den520d.map,planner,1,123270,99810,417,417,103291,99810,488,0,1000,True,den520d-random-13.scen,580
20,den520d.map,planner,1,3690,3614,433,433,3618,3614,7,0,0,False,den520d-random-12.scen,20
20,den520d.map,planner,1,3690,3614,433,433,3618,3614,7,0,0,True,den520d-random-12.scen,20
20,den520d.map,planner,1,3690,3614,433,433,3618,3614,7,0,1,False,den520d-random-12.scen,20
20,den520d.map,planner,1,3690,3614,433,433,3618,3614,7,0,1,True,den520d-random-12.scen,20
20,den520d.map,planner,1,3690,3614,433,433,3618,3614,7,0,10,False,den520d-random-12.scen,20
20,den520d.map,planner,1,3690,3614,433,433,3618,3614,7,0,10,True,den520d-random-12.scen,20
20,den520d.map,planner,1,3690,3614,433,433,3618,3614,8,0,100,False,den520d-random-12.scen,20
20,den520d.map,planner,1,3690,3614,433,433,3618,3614,7,0,100,True,den520d-random-12.scen,20
20,den520d.map,planner,1,3690,3614,433,433,3618,3614,7,0,1000,False,den520d-random-12.scen,20
20,den520d.map,planner,1,3690,3614,433,433,3618,3614,8,0,1000,True,den520d-random-12.scen,20
60,den520d.map,planner,1,10774,10611,433,433,10674,10611,24,0,0,False,den520d-random-12.scen,60
60,den520d.map,planner,1,10774,10611,433,433,10674,10611,19,0,0,True,den520d-random-12.scen,60
60,den520d.map,planner,1,10774,10611,433,433,10674,10611,24,0,1,False,den520d-random-12.scen,60
60,den520d.map,planner,1,10774,10611,433,433,10674,10611,23,0,1,True,den520d-random-12.scen,60
60,den520d.map,planner,1,10774,10611,433,433,10674,10611,24,0,10,False,den520d-random-12.scen,60
60,den520d.map,planner,1,10774,10611,433,433,10674,10611,22,0,10,True,den520d-random-12.scen,60
60,den520d.map,planner,1,10774,10611,433,433,10674,10611,20,0,100,False,den520d-random-12.scen,60
60,den520d.map,planner,1,10774,10611,433,433,10674,10611,22,0,100,True,den520d-random-12.scen,60
60,den520d.map,planner,1,10774,10611,433,433,10674,10611,25,0,1000,False,den520d-random-12.scen,60
60,den520d.map,planner,1,10774,10611,433,433,10674,10611,25,0,1000,True,den520d-random-12.scen,60
100,den520d.map,planner,1,18619,17605,433,433,17828,17605,35,0,0,False,den520d-random-12.scen,100
100,den520d.map,planner,1,18619,17605,433,433,17828,17605,36,0,0,True,den520d-random-12.scen,100
100,den520d.map,planner,1,18619,17605,433,433,17828,17605,36,0,1,False,den520d-random-12.scen,100
100,den520d.map,planner,1,18197,17605,433,433,17782,17605,39,0,1,True,den520d-random-12.scen,100
100,den520d.map,planner,1,18619,17605,433,433,17828,17605,35,0,10,False,den520d-random-12.scen,100
100,den520d.map,planner,1,18197,17605,433,433,17782,17605,34,0,10,True,den520d-random-12.scen,100
100,den520d.map,planner,1,18619,17605,433,433,17828,17605,35,0,100,False,den520d-random-12.scen,100
100,den520d.map,planner,1,18197,17605,433,433,17782,17605,39,0,100,True,den520d-random-12.scen,100
100,den520d.map,planner,1,18619,17605,433,433,17828,17605,33,0,1000,False,den520d-random-12.scen,100
100,den520d.map,planner,1,18197,17605,433,433,17782,17605,35,0,1000,True,den520d-random-12.scen,100
140,den520d.map,planner,1,26344,24506,433,433,24909,24506,57,0,0,False,den520d-random-12.scen,140
140,den520d.map,planner,1,26344,24506,433,433,24909,24506,52,0,0,True,den520d-random-12.scen,140
140,den520d.map,planner,1,26344,24506,433,433,24909,24506,47,0,1,False,den520d-random-12.scen,140
140,den520d.map,planner,1,26600,24506,433,433,24910,24506,51,0,1,True,den520d-random-12.scen,140
140,den520d.map,planner,1,26344,24506,433,433,24909,24506,53,0,10,False,den520d-random-12.scen,140
140,den520d.map,planner,1,26600,24506,433,433,24910,24506,52,0,10,True,den520d-random-12.scen,140
140,den520d.map,planner,1,26344,24506,433,433,24909,24506,55,0,100,False,den520d-random-12.scen,140
140,den520d.map,planner,1,26600,24506,433,433,24910,24506,52,0,100,True,den520d-random-12.scen,140
140,den520d.map,planner,1,26344,24506,433,433,24909,24506,49,0,1000,False,den520d-random-12.scen,140
140,den520d.map,planner,1,26600,24506,433,433,24910,24506,56,0,1000,True,den520d-random-12.scen,140
180,den520d.map,planner,1,34632,30811,433,433,31452,30811,73,0,0,False,den520d-random-12.scen,180
180,den520d.map,planner,1,34632,30811,433,433,31452,30811,67,0,0,True,den520d-random-12.scen,180
180,den520d.map,planner,1,34632,30811,433,433,31452,30811,66,0,1,False,den520d-random-12.scen,180
180,den520d.map,planner,1,34314,30811,433,433,31495,30811,61,0,1,True,den520d-random-12.scen,180
180,den520d.map,planner,1,34632,30811,433,433,31452,30811,63,0,10,False,den520d-random-12.scen,180
180,den520d.map,planner,1,34314,30811,433,433,31495,30811,69,0,10,True,den520d-random-12.scen,180
180,den520d.map,planner,1,34632,30811,433,433,31452,30811,73,0,100,False,den520d-random-12.scen,180
180,den520d.map,planner,1,34314,30811,433,433,31495,30811,69,0,100,True,den520d-random-12.scen,180
180,den520d.map,planner,1,34632,30811,433,433,31452,30811,72,0,1000,False,den520d-random-12.scen,180
180,den520d.map,planner,1,34314,30811,433,433,31495,30811,57,0,1000,True,den520d-random-12.scen,180
220,den520d.map,planner,1,43485,37497,433,433,38400,37497,85,0,0,False,den520d-random-12.scen,220
220,den520d.map,planner,1,43485,37497,433,433,38400,37497,81,0,0,True,den520d-random-12.scen,220
220,den520d.map,planner,1,43485,37497,433,433,38400,37497,83,0,1,False,den520d-random-12.scen,220
220,den520d.map,planner,1,43452,37497,437,433,38364,37497,86,0,1,True,den520d-random-12.scen,220
220,den520d.map,planner,1,43485,37497,433,433,38400,37497,86,0,10,False,den520d-random-12.scen,220
220,den520d.map,planner,1,43452,37497,437,433,38364,37497,88,0,10,True,den520d-random-12.scen,220
220,den520d.map,planner,1,43485,37497,433,433,38400,37497,82,0,100,False,den520d-random-12.scen,220
220,den520d.map,planner,1,43452,37497,437,433,38364,37497,81,0,100,True,den520d-random-12.scen,220
220,den520d.map,planner,1,43485,37497,433,433,38400,37497,78,0,1000,False,den520d-random-12.scen,220
220,den520d.map,planner,1,43452,37497,437,433,38364,37497,76,0,1000,True,den520d-random-12.scen,220
260,den520d.map,planner,1,51010,44265,433,433,45531,44265,103,0,0,False,den520d-random-12.scen,260
260,den520d.map,planner,1,51010,44265,433,433,45531,44265,96,0,0,True,den520d-random-12.scen,260
260,den520d.map,planner,1,51010,44265,433,433,45531,44265,103,0,1,False,den520d-random-12.scen,260
260,den520d.map,planner,1,51554,44265,433,433,45331,44265,103,0,1,True,den520d-random-12.scen,260
260,den520d.map,planner,1,51010,44265,433,433,45531,44265,99,0,10,False,den520d-random-12.scen,260
260,den520d.map,planner,1,51554,44265,433,433,45331,44265,107,0,10,True,den520d-random-12.scen,260
260,den520d.map,planner,1,51010,44265,433,433,45531,44265,92,0,100,False,den520d-random-12.scen,260
260,den520d.map,planner,1,51554,44265,433,433,45331,44265,94,0,100,True,den520d-random-12.scen,260
260,den520d.map,planner,1,51010,44265,433,433,45531,44265,106,0,1000,False,den520d-random-12.scen,260
260,den520d.map,planner,1,51554,44265,433,433,45331,44265,100,0,1000,True,den520d-random-12.scen,260
300,den520d.map,planner,1,60482,51534,433,433,53127,51534,113,0,0,False,den520d-random-12.scen,300
300,den520d.map,planner,1,60482,51534,433,433,53127,51534,115,0,0,True,den520d-random-12.scen,300
300,den520d.map,planner,1,60482,51534,433,433,53127,51534,108,0,1,False,den520d-random-12.scen,300
300,den520d.map,planner,1,60095,51534,436,433,52884,51534,116,0,1,True,den520d-random-12.scen,300
300,den520d.map,planner,1,60482,51534,433,433,53127,51534,122,0,10,False,den520d-random-12.scen,300
300,den520d.map,planner,1,60095,51534,436,433,52884,51534,123,0,10,True,den520d-random-12.scen,300
300,den520d.map,planner,1,60482,51534,433,433,53127,51534,119,0,100,False,den520d-random-12.scen,300
300,den520d.map,planner,1,60095,51534,436,433,52884,51534,107,0,100,True,den520d-random-12.scen,300
300,den520d.map,planner,1,60482,51534,433,433,53127,51534,120,0,1000,False,den520d-random-12.scen,300
300,den520d.map,planner,1,60095,51534,436,433,52884,51534,118,0,1000,True,den520d-random-12.scen,300
340,den520d.map,planner,1,69094,57492,433,433,59553,57492,143,0,0,False,den520d-random-12.scen,340
340,den520d.map,planner,1,69094,57492,433,433,59553,57492,130,0,0,True,den520d-random-12.scen,340
340,den520d.map,planner,1,69094,57492,433,433,59553,57492,146,0,1,False,den520d-random-12.scen,340
340,den520d.map,planner,1,68092,57492,433,433,59065,57492,131,0,1,True,den520d-random-12.scen,340
340,den520d.map,planner,1,69094,57492,433,433,59553,57492,137,0,10,False,den520d-random-12.scen,340
340,den520d.map,planner,1,68092,57492,433,433,59065,57492,135,0,10,True,den520d-random-12.scen,340
340,den520d.map,planner,1,69094,57492,433,433,59553,57492,135,0,100,False,den520d-random-12.scen,340
340,den520d.map,planner,1,68092,57492,433,433,59065,57492,135,0,100,True,den520d-random-12.scen,340
340,den520d.map,planner,1,69094,57492,433,433,59553,57492,129,0,1000,False,den520d-random-12.scen,340
340,den520d.map,planner,1,68092,57492,433,433,59065,57492,140,0,1000,True,den520d-random-12.scen,340
380,den520d.map,planner,1,78067,64691,433,433,67319,64691,139,0,0,False,den520d-random-12.scen,380
380,den520d.map,planner,1,78067,64691,433,433,67319,64691,151,0,0,True,den520d-random-12.scen,380
380,den520d.map,planner,1,78067,64691,433,433,67319,64691,162,0,1,False,den520d-random-12.scen,380
380,den520d.map,planner,1,76968,64691,433,433,66572,64691,153,0,1,True,den520d-random-12.scen,380
380,den520d.map,planner,1,78067,64691,433,433,67319,64691,160,0,10,False,den520d-random-12.scen,380
380,den520d.map,planner,1,76572,64691,433,433,66551,64691,160,0,10,True,den520d-random-12.scen,380
380,den520d.map,planner,1,78067,64691,433,433,67319,64691,161,0,100,False,den520d-random-12.scen,380
380,den520d.map,planner,1,76572,64691,433,433,66551,64691,172,0,100,True,den520d-random-12.scen,380
380,den520d.map,planner,1,78067,64691,433,433,67319,64691,164,0,1000,False,den520d-random-12.scen,380
380,den520d.map,planner,1,76572,64691,433,433,66551,64691,163,0,1000,True,den520d-random-12.scen,380
420,den520d.map,planner,1,86062,70620,433,433,73604,70620,169,0,0,False,den520d-random-12.scen,420
420,den520d.map,planner,1,86062,70620,433,433,73604,70620,174,0,0,True,den520d-random-12.scen,420
420,den520d.map,planner,1,86062,70620,433,433,73604,70620,180,0,1,False,den520d-random-12.scen,420
420,den520d.map,planner,1,85612,70620,433,433,72787,70620,180,0,1,True,den520d-random-12.scen,420
420,den520d.map,planner,1,86062,70620,433,433,73604,70620,173,0,10,False,den520d-random-12.scen,420
420,den520d.map,planner,1,84482,70620,433,433,72799,70620,183,0,10,True,den520d-random-12.scen,420
420,den520d.map,planner,1,86062,70620,433,433,73604,70620,182,0,100,False,den520d-random-12.scen,420
420,den520d.map,planner,1,84811,70620,433,433,72807,70620,242,0,100,True,den520d-random-12.scen,420
420,den520d.map,planner,1,86062,70620,433,433,73604,70620,161,0,1000,False,den520d-random-12.scen,420
420,den520d.map,planner,1,84811,70620,433,433,72807,70620,235,0,1000,True,den520d-random-12.scen,420
460,den520d.map,planner,1,95311,78005,433,433,81385,78005,188,0,0,False,den520d-random-12.scen,460
460,den520d.map,planner,1,95311,78005,433,433,81385,78005,203,0,0,True,den520d-random-12.scen,460
460,den520d.map,planner,1,95311,78005,433,433,81385,78005,179,0,1,False,den520d-random-12.scen,460
460,den520d.map,planner,1,93304,78005,445,433,80341,78005,209,0,1,True,den520d-random-12.scen,460
460,den520d.map,planner,1,95311,78005,433,433,81385,78005,193,0,10,False,den520d-random-12.scen,460
460,den520d.map,planner,1,93982,78005,445,433,80357,78005,229,0,10,True,den520d-random-12.scen,460
460,den520d.map,planner,1,95311,78005,433,433,81385,78005,183,0,100,False,den520d-random-12.scen,460
460,den520d.map,planner,1,93969,78005,445,433,80357,78005,249,0,100,True,den520d-random-12.scen,460
460,den520d.map,planner,1,95311,78005,433,433,81385,78005,199,0,1000,False,den520d-random-12.scen,460
460,den520d.map,planner,1,93969,78005,445,433,80357,78005,241,0,1000,True,den520d-random-12.scen,460
500,den520d.map,planner,1,105118,84501,433,433,88482,84501,200,0,0,False,den520d-random-12.scen,500
500,den520d.map,planner,1,105118,84501,433,433,88482,84501,199,0,0,True,den520d-random-12.scen,500
500,den520d.map,planner,1,105118,84501,433,433,88482,84501,206,0,1,False,den520d-random-12.scen,500
500,den520d.map,planner,1,102928,84501,439,433,87283,84501,236,0,1,True,den520d-random-12.scen,500
500,den520d.map,planner,1,105118,84501,433,433,88482,84501,204,0,10,False,den520d-random-12.scen,500
500,den520d.map,planner,1,102677,84501,439,433,87196,84501,288,0,10,True,den520d-random-12.scen,500
500,den520d.map,planner,1,105118,84501,433,433,88482,84501,229,0,100,False,den520d-random-12.scen,500
500,den520d.map,planner,1,101631,84501,439,433,87190,84501,562,0,100,True,den520d-random-12.scen,500
500,den520d.map,planner,1,105118,84501,433,433,88482,84501,218,0,1000,False,den520d-random-12.scen,500
500,den520d.map,planner,1,103844,84501,439,433,87291,84501,732,0,1000,True,den520d-random-12.scen,500
540,den520d.map,planner,1,115960,91183,433,433,96233,91183,234,0,0,False,den520d-random-12.scen,540
540,den520d.map,planner,1,115960,91183,433,433,96233,91183,223,0,0,True,den520d-random-12.scen,540
540,den520d.map,planner,1,115960,91183,433,433,96233,91183,243,0,1,False,den520d-random-12.scen,540
540,den520d.map,planner,1,112267,91183,437,433,94318,91183,271,0,1,True,den520d-random-12.scen,540
540,den520d.map,planner,1,115960,91183,433,433,96233,91183,236,0,10,False,den520d-random-12.scen,540
540,den520d.map,planner,1,111427,91183,441,433,94506,91183,649,0,10,True,den520d-random-12.scen,540
540,den520d.map,planner,1,115960,91183,433,433,96233,91183,223,0,100,False,den520d-random-12.scen,540
540,den520d.map,planner,1,111130,91183,439,433,94255,91183,717,0,100,True,den520d-random-12.scen,540
540,den520d.map,planner,1,115960,91183,433,433,96233,91183,219,0,1000,False,den520d-random-12.scen,540
540,den520d.map,planner,1,110915,91183,439,433,94236,91183,664,0,1000,True,den520d-random-12.scen,540
580,den520d.map,planner,1,124003,98844,433,433,104042,98844,255,0,0,False,den520d-random-12.scen,580
580,den520d.map,planner,1,124003,98844,433,433,104042,98844,244,0,0,True,den520d-random-12.scen,580
580,den520d.map,planner,1,124003,98844,433,433,104042,98844,257,0,1,False,den520d-random-12.scen,580
580,den520d.map,planner,1,121470,98844,441,433,102445,98844,285,0,1,True,den520d-random-12.scen,580
580,den520d.map,planner,1,124003,98844,433,433,104042,98844,233,0,10,False,den520d-random-12.scen,580
580,den520d.map,planner,1,121926,98844,435,433,102461,98844,639,0,10,True,den520d-random-12.scen,580
580,den520d.map,planner,1,124003,98844,433,433,104042,98844,255,0,100,False,den520d-random-12.scen,580
580,den520d.map,planner,1,121168,98844,435,433,102390,98844,2787,0,100,True,den520d-random-12.scen,580
580,den520d.map,planner,1,124003,98844,433,433,104042,98844,256,0,1000,False,den520d-random-12.scen,580
580,den520d.map,planner,1,120809,98844,437,433,102181,98844,6981,0,1000,True,den520d-random-12.scen,580
20,den520d.map,planner,1,3836,3834,346,346,3836,3834,8,0,0,False,den520d-random-18.scen,20
20,den520d.map,planner,1,3836,3834,346,346,3836,3834,8,0,0,True,den520d-random-18.scen,20
20,den520d.map,planner,1,3836,3834,346,346,3836,3834,8,0,1,False,den520d-random-18.scen,20
20,den520d.map,planner,1,3836,3834,346,346,3836,3834,8,0,1,True,den520d-random-18.scen,20
20,den520d.map,planner,1,3836,3834,346,346,3836,3834,7,0,10,False,den520d-random-18.scen,20
20,den520d.map,planner,1,3836,3834,346,346,3836,3834,8,0,10,True,den520d-random-18.scen,20
20,den520d.map,planner,1,3836,3834,346,346,3836,3834,8,0,100,False,den520d-random-18.scen,20
20,den520d.map,planner,1,3836,3834,346,346,3836,3834,7,0,100,True,den520d-random-18.scen,20
20,den520d.map,planner,1,3836,3834,346,346,3836,3834,8,0,1000,False,den520d-random-18.scen,20
20,den520d.map,planner,1,3836,3834,346,346,3836,3834,7,0,1000,True,den520d-random-18.scen,20
60,den520d.map,planner,1,11790,11352,380,380,11420,11352,25,0,0,False,den520d-random-18.scen,60
60,den520d.map,planner,1,11790,11352,380,380,11420,11352,26,0,0,True,den520d-random-18.scen,60
60,den520d.map,planner,1,11790,11352,380,380,11420,11352,23,0,1,False,den520d-random-18.scen,60
60,den520d.map,planner,1,11790,11352,380,380,11420,11352,24,0,1,True,den520d-random-18.scen,60
60,den520d.map,planner,1,11790,11352,380,380,11420,11352,23,0,10,False,den520d-random-18.scen,60
60,den520d.map,planner,1,11790,11352,380,380,11420,11352,22,0,10,True,den520d-random-18.scen,60
60,den520d.map,planner,1,11790,11352,380,380,11420,11352,22,0,100,False,den520d-random-18.scen,60
60,den520d.map,planner,1,11790,11352,380,380,11420,11352,23,0,100,True,den520d-random-18.scen,60
60,den520d.map,planner,1,11790,11352,380,380,11420,11352,22,0,1000,False,den520d-random-18.scen,60
60,den520d.map,planner,1,11790,11352,380,380,11420,11352,24,0,1000,True,den520d-random-18.scen,60
100,den520d.map,planner,1,21081,19484,380,380,19689,19484,39,0,0,False,den520d-random-18.scen,100
100,den520d.map,planner,1,21081,19484,380,380,19689,19484,42,0,0,True,den520d-random-18.scen,100
100,den520d.map,planner,1,21081,19484,380,380,19689,19484,47,0,1,False,den520d-random-18.scen,100
100,den520d.map,planner,1,20950,19484,380,380,19677,19484,40,0,1,True,den520d-random-18.scen,100
100,den520d.map,planner,1,21081,19484,380,380,19689,19484,38,0,10,False,den520d-random-18.scen,100
100,den520d.map,planner,1,20950,19484,380,380,19677,19484,39,0,10,True,den520d-random-18.scen,100
100,den520d.map,planner,1,21081,19484,380,380,19689,19484,45,0,100,False,den520d-random-18.scen,100
100,den520d.map,planner,1,20950,19484,380,380,19677,19484,37,0,100,True,den520d-random-18.scen,100
100,den520d.map,planner,1,21081,19484,380,380,19689,19484,38,0,1000,False,den520d-random-18.scen,100
100,den520d.map,planner,1,20950,19484,380,380,19677,19484,42,0,1000,True,den520d-random-18.scen,100
140,den520d.map,planner,1,29422,26209,422,422,26563,26209,57,0,0,False,den520d-random-18.scen,140
140,den520d.map,planner,1,29422,26209,422,422,26563,26209,53,0,0,True,den520d-random-18.scen,140
140,den520d.map,planner,1,29422,26209,422,422,26563,26209,51,0,1,False,den520d-random-18.scen,140
140,den520d.map,planner,1,29035,26209,422,422,26568,26209,52,0,1,True,den520d-random-18.scen,140
140,den520d.map,planner,1,29422,26209,422,422,26563,26209,54,0,10,False,den520d-random-18.scen,140
140,den520d.map,planner,1,29035,26209,422,422,26568,26209,56,0,10,True,den520d-random-18.scen,140
140,den520d.map,planner,1,29422,26209,422,422,26563,26209,57,0,100,False,den520d-random-18.scen,140
140,den520d.map,planner,1,29035,26209,422,422,26568,26209,55,0,100,True,den520d-random-18.scen,140
140,den520d.map,planner,1,29422,26209,422,422,26563,26209,55,0,1000,False,den520d-random-18.scen,140
140,den520d.map,planner,1,29035,26209,422,422,26568,26209,55,0,1000,True,den520d-random-18.scen,140
180,den520d.map,planner,1,37448,33338,422,422,33916,33338,67,0,0,False,den520d-random-18.scen,180
180,den520d.map,planner,1,37448,33338,422,422,33916,33338,68,0,0,True,den520d-random-18.scen,180
180,den520d.map,planner,1,37448,33338,422,422,33916,33338,69,0,1,False,den520d-random-18.scen,180
180,den520d.map,planner,1,36769,33338,422,422,33823,33338,67,0,1,True,den520d-random-18.scen,180
180,den520d.map,planner,1,37448,33338,422,422,33916,33338,69,0,10,False,den520d-random-18.scen,180
180,den520d.map,planner,1,36769,33338,422,422,33823,33338,68,0,10,True,den520d-random-18.scen,180
180,den520d.map,planner,1,37448,33338,422,422,33916,33338,71,0,100,False,den520d-random-18.scen,180
180,den520d.map,planner,1,36769,33338,422,422,33823,33338,73,0,100,True,den520d-random-18.scen,180
180,den520d.map,planner,1,37448,33338,422,422,33916,33338,68,0,1000,False,den520d-random-18.scen,180
180,den520d.map,planner,1,36769,33338,422,422,33823,33338,65,0,1000,True,den520d-random-18.scen,180
220,den520d.map,planner,1,44812,39992,422,422,40791,39992,81,0,0,False,den520d-random-18.scen,220
220,den520d.map,planner,1,44812,39992,422,422,40791,39992,95,0,0,True,den520d-random-18.scen,220
220,den520d.map,planner,1,44812,39992,422,422,40791,39992,86,0,1,False,den520d-random-18.scen,220
220,den520d.map,planner,1,45561,39992,422,422,40759,39992,93,0,1,True,den520d-random-18.scen,220
220,den520d.map,planner,1,44812,39992,422,422,40791,39992,86,0,10,False,den520d-random-18.scen,220
220,den520d.map,planner,1,45561,39992,422,422,40759,39992,95,0,10,True,den520d-random-18.scen,220
220,den520d.map,planner,1,44812,39992,422,422,40791,39992,91,0,100,False,den520d-random-18.scen,220
220,den520d.map,planner,1,45561,39992,422,422,40759,39992,88,0,100,True,den520d-random-18.scen,220
220,den520d.map,planner,1,44812,39992,422,422,40791,39992,91,0,1000,False,den520d-random-18.scen,220
220,den520d.map,planner,1,45561,39992,422,422,40759,39992,89,0,1000,True,den520d-random-18.scen,220
260,den520d.map,planner,1,53312,45823,422,422,46956,45823,115,0,0,False,den520d-random-18.scen,260
260,den520d.map,planner,1,53312,45823,422,422,46956,45823,108,0,0,True,den520d-random-18.scen,260
260,den520d.map,planner,1,53312,45823,422,422,46956,45823,108,0,1,False,den520d-random-18.scen,260
260,den520d.map,planner,1,53338,45823,422,422,46770,45823,98,0,1,True,den520d-random-18.scen,260
260,den520d.map,planner,1,53312,45823,422,422,46956,45823,105,0,10,False,den520d-random-18.scen,260
260,den520d.map,planner,1,53338,45823,422,422,46770,45823,111,0,10,True,den520d-random-18.scen,260
260,den520d.map,planner,1,53312,45823,422,422,46956,45823,113,0,100,False,den520d-random-18.scen,260
260,den520d.map,planner,1,53338,45823,422,422,46770,45823,104,0,100,True,den520d-random-18.scen,260
260,den520d.map,planner,1,53312,45823,422,422,46956,45823,103,0,1000,False,den520d-random-18.scen,260
260,den520d.map,planner,1,53338,45823,422,422,46770,45823,107,0,1000,True,den520d-random-18.scen,260
300,den520d.map,planner,1,60810,52483,422,422,53762,52483,123,0,0,False,den520d-random-18.scen,300
300,den520d.map,planner,1,60810,52483,422,422,53762,52483,115,0,0,True,den520d-random-18.scen,300
300,den520d.map,planner,1,60810,52483,422,422,53762,52483,127,0,1,False,den520d-random-18.scen,300
300,den520d.map,planner,1,60153,52483,422,422,53664,52483,120,0,1,True,den520d-random-18.scen,300
300,den520d.map,planner,1,60810,52483,422,422,53762,52483,131,0,10,False,den520d-random-18.scen,300
300,den520d.map,planner,1,60153,52483,422,422,53664,52483,127,0,10,True,den520d-random-18.scen,300
300,den520d.map,planner,1,60810,52483,422,422,53762,52483,126,0,100,False,den520d-random-18.scen,300
300,den520d.map,planner,1,60153,52483,422,422,53664,52483,128,0,100,True,den520d-random-18.scen,300
300,den520d.map,planner,1,60810,52483,422,422,53762,52483,124,0,1000,False,den520d-random-18.scen,300
300,den520d.map,planner,1,60153,52483,422,422,53664,52483,119,0,1000,True,den520d-random-18.scen,300
340,den520d.map,planner,1,69996,58688,422,422,60616,58688,138,0,0,False,den520d-random-18.scen,340
340,den520d.map,planner,1,69996,58688,422,422,60616,58688,137,0,0,True,den520d-random-18.scen,340
340,den520d.map,planner,1,69996,58688,422,422,60616,58688,150,0,1,False,den520d-random-18.scen,340
340,den520d.map,planner,1,68660,58688,422,422,60138,58688,145,0,1,True,den520d-random-18.scen,340
340,den520d.map,planner,1,69996,58688,422,422,60616,58688,143,0,10,False,den520d-random-18.scen,340
340,den520d.map,planner,1,68660,58688,422,422,60138,58688,134,0,10,True,den520d-random-18.scen,340
340,den520d.map,planner,1,69996,58688,422,422,60616,58688,144,0,100,False,den520d-random-18.scen,340
340,den520d.map,planner,1,68660,58688,422,422,60138,58688,145,0,100,True,den520d-random-18.scen,340
340,den520d.map,planner,1,69996,58688,422,422,60616,58688,135,0,1000,False,den520d-random-18.scen,340
340,den520d.map,planner,1,68660,58688,422,422,60138,58688,137,0,1000,True,den520d-random-18.scen,340
380,den520d.map,planner,1,78901,66042,422,422,68382,66042,163,0,0,False,den520d-random-18.scen,380
380,den520d.map,planner,1,78901,66042,422,422,68382,66042,145,0,0,True,den520d-random-18.scen,380
380,den520d.map,planner,1,78901,66042,422,422,68382,66042,163,0,1,False,den520d-random-18.scen,380
380,den520d.map,planner,1,78231,66042,422,422,67733,66042,167,0,1,True,den520d-random-18.scen,380
380,den520d.map,planner,1,78901,66042,422,422,68382,66042,168,0,10,False,den520d-random-18.scen,380
380,den520d.map,planner,1,77601,66042,422,422,67703,66042,150,0,10,True,den520d-random-18.scen,380
380,den520d.map,planner,1,78901,66042,422,422,68382,66042,168,0,100,False,den520d-random-18.scen,380
380,den520d.map,planner,1,77601,66042,422,422,67703,66042,164,0,100,True,den520d-random-18.scen,380
380,den520d.map,planner,1,78901,66042,422,422,68382,66042,161,0,1000,False,den520d-random-18.scen,380
380,den520d.map,planner,1,77601,66042,422,422,67703,66042,163,0,1000,True,den520d-random-18.scen,380
420,den520d.map,planner,1,88624,73388,422,422,76265,73388,174,0,0,False,den520d-random-18.scen,420
420,den520d.map,planner,1,88624,73388,422,422,76265,73388,191,0,0,True,den520d-random-18.scen,420
420,den520d.map,planner,1,88624,73388,422,422,76265,73388,175,0,1,False,den520d-random-18.scen,420
420,den520d.map,planner,1,87867,73388,422,422,75348,73388,189,0,1,True,den520d-random-18.scen,420
420,den520d.map,planner,1,88624,73388,422,422,76265,73388,184,0,10,False,den520d-random-18.scen,420
420,den520d.map,planner,1,87394,73388,422,422,75336,73388,182,0,10,True,den520d-random-18.scen,420
420,den520d.map,planner,1,88624,73388,422,422,76265,73388,176,0,100,False,den520d-random-18.scen,420
420,den520d.map,planner,1,87394,73388,422,422,75336,73388,177,0,100,True,den520d-random-18.scen,420
420,den520d.map,planner,1,88624,73388,422,422,76265,73388,176,0,1000,False,den520d-random-18.scen,420
420,den520d.map,planner,1,87394,73388,422,422,75336,73388,195,0,1000,True,den520d-random-18.scen,420
460,den520d.map,planner,1,96257,78976,422,422,82153,78976,201,0,0,False,den520d-random-18.scen,460
460,den520d.map,planner,1,96257,78976,422,422,82153,78976,193,0,0,True,den520d-random-18.scen,460
460,den520d.map,planner,1,96257,78976,422,422,82153,78976,206,0,1,False,den520d-random-18.scen,460
460,den520d.map,planner,1,95427,78976,422,422,81304,78976,197,0,1,True,den520d-random-18.scen,460
460,den520d.map,planner,1,96257,78976,422,422,82153,78976,199,0,10,False,den520d-random-18.scen,460
460,den520d.map,planner,1,93337,78976,422,422,81160,78976,192,0,10,True,den520d-random-18.scen,460
460,den520d.map,planner,1,96257,78976,422,422,82153,78976,186,0,100,False,den520d-random-18.scen,460
460,den520d.map,planner,1,93337,78976,422,422,81160,78976,209,0,100,True,den520d-random-18.scen,460
460,den520d.map,planner,1,96257,78976,422,422,82153,78976,201,0,1000,False,den520d-random-18.scen,460
460,den520d.map,planner,1,93337,78976,422,422,81160,78976,216,0,1000,True,den520d-random-18.scen,460
500,den520d.map,planner,1,104959,84978,422,422,88778,84978,220,0,0,False,den520d-random-18.scen,500
500,den520d.map,planner,1,104959,84978,422,422,88778,84978,199,0,0,True,den520d-random-18.scen,500
500,den520d.map,planner,1,104959,84978,422,422,88778,84978,211,0,1,False,den520d-random-18.scen,500
500,den520d.map,planner,1,103415,84978,422,422,87498,84978,253,0,1,True,den520d-random-18.scen,500
500,den520d.map,planner,1,104959,84978,422,422,88778,84978,196,0,10,False,den520d-random-18.scen,500
500,den520d.map,planner,1,101615,84978,422,422,87483,84978,252,0,10,True,den520d-random-18.scen,500
500,den520d.map,planner,1,104959,84978,422,422,88778,84978,223,0,100,False,den520d-random-18.scen,500
500,den520d.map,planner,1,101670,84978,422,422,87514,84978,255,0,100,True,den520d-random-18.scen,500
500,den520d.map,planner,1,104959,84978,422,422,88778,84978,225,0,1000,False,den520d-random-18.scen,500
500,den520d.map,planner,1,101670,84978,422,422,87514,84978,258,0,1000,True,den520d-random-18.scen,500
540,den520d.map,planner,1,114793,92508,422,422,96959,92508,213,0,0,False,den520d-random-18.scen,540
540,den520d.map,planner,1,114793,92508,422,422,96959,92508,234,0,0,True,den520d-random-18.scen,540
540,den520d.map,planner,1,114793,92508,422,422,96959,92508,222,0,1,False,den520d-random-18.scen,540
540,den520d.map,planner,1,113065,92508,424,422,95503,92508,274,0,1,True,den520d-random-18.scen,540
540,den520d.map,planner,1,114793,92508,422,422,96959,92508,240,0,10,False,den520d-random-18.scen,540
540,den520d.map,planner,1,111875,92508,422,422,95492,92508,274,0,10,True,den520d-random-18.scen,540
540,den520d.map,planner,1,114793,92508,422,422,96959,92508,231,0,100,False,den520d-random-18.scen,540
540,den520d.map,planner,1,111875,92508,422,422,95492,92508,268,0,100,True,den520d-random-18.scen,540
540,den520d.map,planner,1,114793,92508,422,422,96959,92508,227,0,1000,False,den520d-random-18.scen,540
540,den520d.map,planner,1,111875,92508,422,422,95492,92508,287,0,1000,True,den520d-random-18.scen,540
580,den520d.map,planner,1,124327,99467,422,422,104681,99467,243,0,0,False,den520d-random-18.scen,580
580,den520d.map,planner,1,124327,99467,422,422,104681,99467,246,0,0,True,den520d-random-18.scen,580
580,den520d.map,planner,1,124327,99467,422,422,104681,99467,249,0,1,False,den520d-random-18.scen,580
580,den520d.map,planner,1,121556,99467,422,422,102683,99467,287,0,1,True,den520d-random-18.scen,580
580,den520d.map,planner,1,124327,99467,422,422,104681,99467,250,0,10,False,den520d-random-18.scen,580
580,den520d.map,planner,1,121187,99467,438,422,102672,99467,460,0,10,True,den520d-random-18.scen,580
580,den520d.map,planner,1,124327,99467,422,422,104681,99467,242,0,100,False,den520d-random-18.scen,580
580,den520d.map,planner,1,120567,99467,426,422,102501,99467,372,0,100,True,den520d-random-18.scen,580
580,den520d.map,planner,1,124327,99467,422,422,104681,99467,240,0,1000,False,den520d-random-18.scen,580
580,den520d.map,planner,1,120567,99467,426,422,102501,99467,364,0,1000,True,den520d-random-18.scen,580
20,den520d.map,planner,1,3724,3724,370,370,3724,3724,7,0,0,False,den520d-random-21.scen,20
20,den520d.map,planner,1,3724,3724,370,370,3724,3724,8,0,0,True,den520d-random-21.scen,20
20,den520d.map,planner,1,3724,3724,370,370,3724,3724,7,0,1,False,den520d-random-21.scen,20
20,den520d.map,planner,1,3724,3724,370,370,3724,3724,7,0,1,True,den520d-random-21.scen,20
20,den520d.map,planner,1,3724,3724,370,370,3724,3724,7,0,10,False,den520d-random-21.scen,20
20,den520d.map,planner,1,3724,3724,370,370,3724,3724,10,0,10,True,den520d-random-21.scen,20
20,den520d.map,planner,1,3724,3724,370,370,3724,3724,7,0,100,False,den520d-random-21.scen,20
20,den520d.map,planner,1,3724,3724,370,370,3724,3724,7,0,100,True,den520d-random-21.scen,20
20,den520d.map,planner,1,3724,3724,370,370,3724,3724,7,0,1000,False,den520d-random-21.scen,20
20,den520d.map,planner,1,3724,3724,370,370,3724,3724,7,0,1000,True,den520d-random-21.scen,20
60,den520d.map,planner,1,11301,10848,378,378,10888,10848,26,0,0,False,den520d-random-21.scen,60
60,den520d.map,planner,1,11301,10848,378,378,10888,10848,24,0,0,True,den520d-random-21.scen,60
60,den520d.map,planner,1,11301,10848,378,378,10888,10848,23,0,1,False,den520d-random-21.scen,60
60,den520d.map,planner,1,11301,10848,378,378,10888,10848,23,0,1,True,den520d-random-21.scen,60
60,den520d.map,planner,1,11301,10848,378,378,10888,10848,22,0,10,False,den520d-random-21.scen,60
60,den520d.map,planner,1,11301,10848,378,378,10888,10848,26,0,10,True,den520d-random-21.scen,60
60,den520d.map,planner,1,11301,10848,378,378,10888,10848,21,0,100,False,den520d-random-21.scen,60
60,den520d.map,planner,1,11301,10848,378,378,10888,10848,25,0,100,True,den520d-random-21.scen,60
60,den520d.map,planner,1,11301,10848,378,378,10888,10848,21,0,1000,False,den520d-random-21.scen,60
60,den520d.map,planner,1,11301,10848,378,378,10888,10848,21,0,1000,True,den520d-random-21.scen,60
100,den520d.map,planner,1,19837,18411,378,378,18557,18411,37,0,0,False,den520d-random-21.scen,100
100,den520d.map,planner,1,19837,18411,378,378,18557,18411,38,0,0,True,den520d-random-21.scen,100
100,den520d.map,planner,1,19837,18411,378,378,18557,18411,45,0,1,False,den520d-random-21.scen,100
100,den520d.map,planner,1,19741,18411,378,378,18529,18411,37,0,1,True,den520d-random-21.scen,100
100,den520d.map,planner,1,19837,18411,378,378,18557,18411,41,0,10,False,den520d-random-21.scen,100
100,den520d.map,planner,1,19741,18411,378,378,18529,18411,37,0,10,True,den520d-random-21.scen,100
100,den520d.map,planner,1,19837,18411,378,378,18557,18411,42,0,100,False,den520d-random-21.scen,100
100,den520d.map,planner,1,19741,18411,378,378,18529,18411,41,0,100,True,den520d-random-21.scen,100
100,den520d.map,planner,1,19837,18411,378,378,18557,18411,40,0,1000,False,den520d-random-21.scen,100
100,den520d.map,planner,1,19741,18411,378,378,18529,18411,37,0,1000,True,den520d-random-21.scen,100
140,den520d.map,planner,1,27026,24999,378,378,25294,24999,53,0,0,False,den520d-random-21.scen,140
140,den520d.map,planner,1,27026,24999,378,378,25294,24999,54,0,0,True,den520d-random-21.scen,140
140,den520d.map,planner,1,27026,24999,378,378,25294,24999,59,0,1,False,den520d-random-21.scen,140
140,den520d.map,planner,1,26789,24999,378,378,25292,24999,59,0,1,True,den520d-random-21.scen,140
140,den520d.map,planner,1,27026,24999,378,378,25294,24999,60,0,10,False,den520d-random-21.scen,140
140,den520d.map,planner,1,26789,24999,378,378,25292,24999,59,0,10,True,den520d-random-21.scen,140
140,den520d.map,planner,1,27026,24999,378,378,25294,24999,54,0,100,False,den520d-random-21.scen,140
140,den520d.map,planner,1,26789,24999,378,378,25292,24999,49,0,100,True,den520d-random-21.scen,140
140,den520d.map,planner,1,27026,24999,378,378,25294,24999,51,0,1000,False,den520d-random-21.scen,140
140,den520d.map,planner,1,26789,24999,378,378,25292,24999,52,0,1000,True,den520d-random-21.scen,140
180,den520d.map,planner,1,35968,32073,392,392,32589,32073,80,0,0,False,den520d-random-21.scen,180
180,den520d.map,planner,1,35968,32073,392,392,32589,32073,78,0,0,True,den520d-random-21.scen,180
180,den520d.map,planner,1,35968,32073,392,392,32589,32073,69,0,1,False,den520d-random-21.scen,180
180,den520d.map,planner,1,35432,32073,392,392,32523,32073,76,0,1,True,den520d-random-21.scen,180
180,den520d.map,planner,1,35968,32073,392,392,32589,32073,69,0,10,False,den520d-random-21.scen,180
180,den520d.map,planner,1,35432,32073,392,392,32523,32073,70,0,10,True,den520d-random-21.scen,180
180,den520d.map,planner,1,35968,32073,392,392,32589,32073,71,0,100,False,den520d-random-21.scen,180
180,den520d.map,planner,1,35432,32073,392,392,32523,32073,73,0,100,True,den520d-random-21.scen,180
180,den520d.map,planner,1,35968,32073,392,392,32589,32073,70,0,1000,False,den520d-random-21.scen,180
180,den520d.map,planner,1,35432,32073,392,392,32523,32073,70,0,1000,True,den520d-random-21.scen,180
220,den520d.map,planner,1,43330,39231,392,392,39864,39231,89,0,0,False,den520d-random-21.scen,220
220,den520d.map,planner,1,43330,39231,392,392,39864,39231,85,0,0,True,den520d-random-21.scen,220
220,den520d.map,planner,1,43330,39231,392,392,39864,39231,87,0,1,False,den520d-random-21.scen,220
220,den520d.map,planner,1,43866,39231,392,392,39863,39231,100,0,1,True,den520d-random-21.scen,220
220,den520d.map,planner,1,43330,39231,392,392,39864,39231,90,0,10,False,den520d-random-21.scen,220
220,den520d.map,planner,1,43866,39231,392,392,39863,39231,94,0,10,True,den520d-random-21.scen,220
220,den520d.map,planner,1,43330,39231,392,392,39864,39231,89,0,100,False,den520d-random-21.scen,220
220,den520d.map,planner,1,43866,39231,392,392,39863,39231,91,0,100,True,den520d-random-21.scen,220
220,den520d.map,planner,1,43330,39231,392,392,39864,39231,92,0,1000,False,den520d-random-21.scen,220
220,den520d.map,planner,1,43866,39231,392,392,39863,39231,90,0,1000,True,den520d-random-21.scen,220
260,den520d.map,planner,1,54567,47922,392,392,49095,47922,113,0,0,False,den520d-random-21.scen,260
260,den520d.map,planner,1,54567,47922,392,392,49095,47922,110,0,0,True,den520d-random-21.scen,260
260,den520d.map,planner,1,54567,47922,392,392,49095,47922,107,0,1,False,den520d-random-21.scen,260
260,den520d.map,planner,1,53492,47922,392,392,48819,47922,100,0,1,True,den520d-random-21.scen,260
260,den520d.map,planner,1,54567,47922,392,392,49095,47922,108,0,10,False,den520d-random-21.scen,260
260,den520d.map,planner,1,53492,47922,392,392,48819,47922,115,0,10,True,den520d-random-21.scen,260
260,den520d.map,planner,1,54567,47922,392,392,49095,47922,108,0,100,False,den520d-random-21.scen,260
260,den520d.map,planner,1,53492,47922,392,392,48819,47922,106,0,100,True,den520d-random-21.scen,260
260,den520d.map,planner,1,54567,47922,392,392,49095,47922,110,0,1000,False,den520d-random-21.scen,260
260,den520d.map,planner,1,53492,47922,392,392,48819,47922,117,0,1000,True,den520d-random-21.scen,260
300,den520d.map,planner,1,63175,55232,392,392,56667,55232,132,0,0,False,den520d-random-21.scen,300
300,den520d.map,planner,1,63175,55232,392,392,56667,55232,134,0,0,True,den520d-random-21.scen,300
300,den520d.map,planner,1,63175,55232,392,392,56667,55232,133,0,1,False,den520d-random-21.scen,300
300,den520d.map,planner,1,62822,55232,392,392,56318,55232,123,0,1,True,den520d-random-21.scen,300
300,den520d.map,planner,1,63175,55232,392,392,56667,55232,129,0,10,False,den520d-random-21.scen,300
300,den520d.map,planner,1,62822,55232,392,392,56318,55232,137,0,10,True,den520d-random-21.scen,300
300,den520d.map,planner,1,63175,55232,392,392,56667,55232,128,0,100,False,den520d-random-21.scen,300
300,den520d.map,planner,1,62822,55232,392,392,56318,55232,130,0,100,True,den520d-random-21.scen,300
300,den520d.map,planner,1,63175,55232,392,392,56667,55232,132,0,1000,False,den520d-random-21.scen,300
300,den520d.map,planner,1,62822,55232,392,392,56318,55232,129,0,1000,True,den520d-random-21.scen,300
340,den520d.map,planner,1,72295,62382,392,392,64175,62382,138,0,0,False,den520d-random-21.scen,340
340,den520d.map,planner,1,72295,62382,392,392,64175,62382,148,0,0,True,den520d-random-21.scen,340
340,den520d.map,planner,1,72295,62382,392,392,64175,62382,149,0,1,False,den520d-random-21.scen,340
340,den520d.map,planner,1,71784,62382,392,392,63732,62382,156,0,1,True,den520d-random-21.scen,340
340,den520d.map,planner,1,72295,62382,392,392,64175,62382,138,0,10,False,den520d-random-21.scen,340
340,den520d.map,planner,1,71863,62382,392,392,63715,62382,165,0,10,True,den520d-random-21.scen,340
340,den520d.map,planner,1,72295,62382,392,392,64175,62382,146,0,100,False,den520d-random-21.scen,340
340,den520d.map,planner,1,71863,62382,392,392,63715,62382,159,0,100,True,den520d-random-21.scen,340
340,den520d.map,planner,1,72295,62382,392,392,64175,62382,156,0,1000,False,den520d-random-21.scen,340
340,den520d.map,planner,1,71863,62382,392,392,63715,62382,161,0,1000,True,den520d-random-21.scen,340
380,den520d.map,planner,1,82385,69736,392,392,72142,69736,164,0,0,False,den520d-random-21.scen,380
380,den520d.map,planner,1,82385,69736,392,392,72142,69736,155,0,0,True,den520d-random-21.scen,380
380,den520d.map,planner,1,82385,69736,392,392,72142,69736,147,0,1,False,den520d-random-21.scen,380
380,den520d.map,planner,1,81232,69736,392,392,71320,69736,168,0,1,True,den520d-random-21.scen,380
380,den520d.map,planner,1,82385,69736,392,392,72142,69736,155,0,10,False,den520d-random-21.scen,380
380,den520d.map,planner,1,81232,69736,392,392,71320,69736,173,0,10,True,den520d-random-21.scen,380
380,den520d.map,planner,1,82385,69736,392,392,72142,69736,173,0,100,False,den520d-random-21.scen,380
380,den520d.map,planner,1,81232,69736,392,392,71320,69736,168,0,100,True,den520d-random-21.scen,380
380,den520d.map,planner,1,82385,69736,392,392,72142,69736,153,0,1000,False,den520d-random-21.scen,380
380,den520d.map,planner,1,81232,69736,392,392,71320,69736,179,0,1000,True,den520d-random-21.scen,380
420,den520d.map,planner,1,91283,76643,392,392,79645,76643,177,0,0,False,den520d-random-21.scen,420
420,den520d.map,planner,1,91283,76643,392,392,79645,76643,190,0,0,True,den520d-random-21.scen,420
420,den520d.map,planner,1,91283,76643,392,392,79645,76643,186,0,1,False,den520d-random-21.scen,420
420,den520d.map,planner,1,89718,76643,393,392,78547,76643,193,0,1,True,den520d-random-21.scen,420
420,den520d.map,planner,1,91283,76643,392,392,79645,76643,184,0,10,False,den520d-random-21.scen,420
420,den520d.map,planner,1,91462,76643,392,392,78543,76643,197,0,10,True,den520d-random-21.scen,420
420,den520d.map,planner,1,91283,76643,392,392,79645,76643,186,0,100,False,den520d-random-21.scen,420
420,den520d.map,planner,1,91462,76643,392,392,78543,76643,201,0,100,True,den520d-random-21.scen,420
420,den520d.map,planner,1,91283,76643,392,392,79645,76643,185,0,1000,False,den520d-random-21.scen,420
420,den520d.map,planner,1,91462,76643,392,392,78543,76643,188,0,1000,True,den520d-random-21.scen,420
460,den520d.map,planner,1,100285,82546,392,392,85785,82546,214,0,0,False,den520d-random-21.scen,460
460,den520d.map,planner,1,100285,82546,392,392,85785,82546,201,0,0,True,den520d-random-21.scen,460
460,den520d.map,planner,1,100285,82546,392,392,85785,82546,199,0,1,False,den520d-random-21.scen,460
460,den520d.map,planner,1,97923,82546,392,392,84854,82546,226,0,1,True,den520d-random-21.scen,460
460,den520d.map,planner,1,100285,82546,392,392,85785,82546,198,0,10,False,den520d-random-21.scen,460
460,den520d.map,planner,1,98231,82546,392,392,84561,82546,324,0,10,True,den520d-random-21.scen,460
460,den520d.map,planner,1,100285,82546,392,392,85785,82546,204,0,100,False,den520d-random-21.scen,460
460,den520d.map,planner,1,99126,82546,392,392,84745,82546,772,0,100,True,den520d-random-21.scen,460
460,den520d.map,planner,1,100285,82546,392,392,85785,82546,199,0,1000,False,den520d-random-21.scen,460
460,den520d.map,planner,1,99101,82546,395,392,84704,82546,677,0,1000,True,den520d-random-21.scen,460
500,den520d.map,planner,1,110453,89007,393,392,93144,89007,229,0,0,False,den520d-random-21.scen,500
500,den520d.map,planner,1,110453,89007,393,392,93144,89007,209,0,0,True,den520d-random-21.scen,500
500,den520d.map,planner,1,110453,89007,393,392,93144,89007,206,0,1,False,den520d-random-21.scen,500
500,den520d.map,planner,1,106684,89007,394,392,91477,89007,261,0,1,True,den520d-random-21.scen,500
500,den520d.map,planner,1,110453,89007,393,392,93144,89007,210,0,10,False,den520d-random-21.scen,500
500,den520d.map,planner,1,105825,89007,392,392,91299,89007,327,0,10,True,den520d-random-21.scen,500
500,den520d.map,planner,1,110453,89007,393,392,93144,89007,210,0,100,False,den520d-random-21.scen,500
500,den520d.map,planner,1,106173,89007,397,392,91451,89007,742,0,100,True,den520d-random-21.scen,500
500,den520d.map,planner,1,110453,89007,393,392,93144,89007,209,0,1000,False,den520d-random-21.scen,500
500,den520d.map,planner,1,106869,89007,392,392,91432,89007,983,0,1000,True,den520d-random-21.scen,500
540,den520d.map,planner,1,120270,96226,392,392,100840,96226,225,0,0,False,den520d-random-21.scen,540
540,den520d.map,planner,1,120270,96226,392,392,100840,96226,242,0,0,True,den520d-random-21.scen,540
540,den520d.map,planner,1,120270,96226,392,392,100840,96226,222,0,1,False,den520d-random-21.scen,540
540,den520d.map,planner,1,117266,96226,395,392,99146,96226,302,0,1,True,den520d-random-21.scen,540
540,den520d.map,planner,1,120270,96226,392,392,100840,96226,226,0,10,False,den520d-random-21.scen,540
540,den520d.map,planner,1,117295,96226,393,392,99199,96226,699,0,10,True,den520d-random-21.scen,540
540,den520d.map,planner,1,120270,96226,392,392,100840,96226,242,0,100,False,den520d-random-21.scen,540
540,den520d.map,planner,1,116830,96226,392,392,98967,96226,2050,0,100,True,den520d-random-21.scen,540
540,den520d.map,planner,1,120270,96226,392,392,100840,96226,236,0,1000,False,den520d-random-21.scen,540
540,den520d.map,planner,1,116012,96226,392,392,98848,96226,4254,0,1000,True,den520d-random-21.scen,540
580,den520d.map,planner,1,129109,103779,392,392,109123,103779,262,0,0,False,den520d-random-21.scen,580
580,den520d.map,planner,1,129109,103779,392,392,109123,103779,258,0,0,True,den520d-random-21.scen,580
580,den520d.map,planner,1,129109,103779,392,392,109123,103779,254,0,1,False,den520d-random-21.scen,580
580,den520d.map,planner,1,125179,103779,396,392,107138,103779,327,0,1,True,den520d-random-21.scen,580
580,den520d.map,planner,1,129109,103779,392,392,109123,103779,260,0,10,False,den520d-random-21.scen,580
580,den520d.map,planner,1,126878,103779,397,392,107153,103779,702,0,10,True,den520d-random-21.scen,580
580,den520d.map,planner,1,129109,103779,392,392,109123,103779,248,0,100,False,den520d-random-21.scen,580
580,den520d.map,planner,1,126244,103779,392,392,106925,103779,2866,0,100,True,den520d-random-21.scen,580
580,den520d.map,planner,1,129109,103779,392,392,109123,103779,265,0,1000,False,den520d-random-21.scen,580
580,den520d.map,planner,1,124960,103779,392,392,106837,103779,15498,0,1000,True,den520d-random-21.scen,580
20,den520d.map,planner,1,4108,3975,344,344,3986,3975,9,0,0,False,den520d-random-20.scen,20
20,den520d.map,planner,1,4108,3975,344,344,3986,3975,8,0,0,True,den520d-random-20.scen,20
20,den520d.map,planner,1,4108,3975,344,344,3986,3975,8,0,1,False,den520d-random-20.scen,20
20,den520d.map,planner,1,4108,3975,344,344,3986,3975,8,0,1,True,den520d-random-20.scen,20
20,den520d.map,planner,1,4108,3975,344,344,3986,3975,8,0,10,False,den520d-random-20.scen,20
20,den520d.map,planner,1,4108,3975,344,344,3986,3975,8,0,10,True,den520d-random-20.scen,20
20,den520d.map,planner,1,4108,3975,344,344,3986,3975,8,0,100,False,den520d-random-20.scen,20
20,den520d.map,planner,1,4108,3975,344,344,3986,3975,8,0,100,True,den520d-random-20.scen,20
20,den520d.map,planner,1,4108,3975,344,344,3986,3975,9,0,1000,False,den520d-random-20.scen,20
20,den520d.map,planner,1,4108,3975,344,344,3986,3975,9,0,1000,True,den520d-random-20.scen,20
60,den520d.map,planner,1,11599,11410,347,347,11501,11410,24,0,0,False,den520d-random-20.scen,60
60,den520d.map,planner,1,11599,11410,347,347,11501,11410,27,0,0,True,den520d-random-20.scen,60
60,den520d.map,planner,1,11599,11410,347,347,11501,11410,26,0,1,False,den520d-random-20.scen,60
60,den520d.map,planner,1,11599,11410,347,347,11501,11410,22,0,1,True,den520d-random-20.scen,60
60,den520d.map,planner,1,11599,11410,347,347,11501,11410,23,0,10,False,den520d-random-20.scen,60
60,den520d.map,planner,1,11599,11410,347,347,11501,11410,25,0,10,True,den520d-random-20.scen,60
60,den520d.map,planner,1,11599,11410,347,347,11501,11410,24,0,100,False,den520d-random-20.scen,60
60,den520d.map,planner,1,11599,11410,347,347,11501,11410,25,0,100,True,den520d-random-20.scen,60
60,den520d.map,planner,1,11599,11410,347,347,11501,11410,26,0,1000,False,den520d-random-20.scen,60
60,den520d.map,planner,1,11599,11410,347,347,11501,11410,21,0,1000,True,den520d-random-20.scen,60
100,den520d.map,planner,1,18922,18213,347,347,18366,18213,41,0,0,False,den520d-random-20.scen,100
100,den520d.map,planner,1,18922,18213,347,347,18366,18213,43,0,0,True,den520d-random-20.scen,100
100,den520d.map,planner,1,18922,18213,347,347,18366,18213,43,0,1,False,den520d-random-20.scen,100
100,den520d.map,planner,1,19286,18213,347,347,18396,18213,36,0,1,True,den520d-random-20.scen,100
100,den520d.map,planner,1,18922,18213,347,347,18366,18213,40,0,10,False,den520d-random-20.scen,100
100,den520d.map,planner,1,19286,18213,347,347,18396,18213,38,0,10,True,den520d-random-20.scen,100
100,den520d.map,planner,1,18922,18213,347,347,18366,18213,36,0,100,False,den520d-random-20.scen,100
100,den520d.map,planner,1,19286,18213,347,347,18396,18213,33,0,100,True,den520d-random-20.scen,100
100,den520d.map,planner,1,18922,18213,347,347,18366,18213,46,0,1000,False,den520d-random-20.scen,100
100,den520d.map,planner,1,19286,18213,347,347,18396,18213,41,0,1000,True,den520d-random-20.scen,100
140,den520d.map,planner,1,27173,25212,368,368,25580,25212,61,0,0,False,den520d-random-20.scen,140
140,den520d.map,planner,1,27173,25212,368,368,25580,25212,54,0,0,True,den520d-random-20.scen,140
140,den520d.map,planner,1,27173,25212,368,368,25580,25212,54,0,1,False,den520d-random-20.scen,140
140,den520d.map,planner,1,27065,25212,368,368,25562,25212,59,0,1,True,den520d-random-20.scen,140
140,den520d.map,planner,1,27173,25212,368,368,25580,25212,50,0,10,False,den520d-random-20.scen,140
140,den520d.map,planner,1,27065,25212,368,368,25562,25212,64,0,10,True,den520d-random-20.scen,140
140,den520d.map,planner,1,27173,25212,368,368,25580,25212,55,0,100,False,den520d-random-20.scen,140
140,den520d.map,planner,1,27065,25212,368,368,25562,25212,55,0,100,True,den520d-random-20.scen,140
140,den520d.map,planner,1,27173,25212,368,368,25580,25212,61,0,1000,False,den520d-random-20.scen,140
140,den520d.map,planner,1,27065,25212,368,368,25562,25212,53,0,1000,True,den520d-random-20.scen,140
180,den520d.map,planner,1,35243,31721,368,368,32264,31721,75,0,0,False,den520d-random-20.scen,180
180,den520d.map,planner,1,35243,31721,368,368,32264,31721,71,0,0,True,den520d-random-20.scen,180
180,den520d.map,planner,1,35243,31721,368,368,32264,31721,80,0,1,False,den520d-random-20.scen,180
180,den520d.map,planner,1,35052,31721,368,368,32309,31721,73,0,1,True,den520d-random-20.scen,180
180,den520d.map,planner,1,35243,31721,368,368,32264,31721,73,0,10,False,den520d-random-20.scen,180
180,den520d.map,planner,1,35052,31721,368,368,32309,31721,68,0,10,True,den520d-random-20.scen,180
180,den520d.map,planner,1,35243,31721,368,368,32264,31721,70,0,100,False,den520d-random-20.scen,180
180,den520d.map,planner,1,35052,31721,368,368,32309,31721,75,0,100,True,den520d-random-20.scen,180
180,den520d.map,planner,1,35243,31721,368,368,32264,31721,67,0,1000,False,den520d-random-20.scen,180
180,den520d.map,planner,1,35052,31721,368,368,32309,31721,75,0,1000,True,den520d-random-20.scen,180
220,den520d.map,planner,1,43824,39113,368,368,39933,39113,88,0,0,False,den520d-random-20.scen,220
220,den520d.map,planner,1,43824,39113,368,368,39933,39113,88,0,0,True,den520d-random-20.scen,220
220,den520d.map,planner,1,43824,39113,368,368,39933,39113,90,0,1,False,den520d-random-20.scen,220
220,den520d.map,planner,1,44002,39113,368,368,39845,39113,82,0,1,True,den520d-random-20.scen,220
220,den520d.map,planner,1,43824,39113,368,368,39933,39113,91,0,10,False,den520d-random-20.scen,220
220,den520d.map,planner,1,44002,39113,368,368,39845,39113,94,0,10,True,den520d-random-20.scen,220
220,den520d.map,planner,1,43824,39113,368,368,39933,39113,85,0,100,False,den520d-random-20.scen,220
220,den520d.map,planner,1,44002,39113,368,368,39845,39113,89,0,100,True,den520d-random-20.scen,220
220,den520d.map,planner,1,43824,39113,368,368,39933,39113,89,0,1000,False,den520d-random-20.scen,220
220,den520d.map,planner,1,44002,39113,368,368,39845,39113,89,0,1000,True,den520d-random-20.scen,220
260,den520d.map,planner,1,52063,45486,368,368,46813,45486,97,0,0,False,den520d-random-20.scen,260
260,den520d.map,planner,1,52063,45486,368,368,46813,45486,100,0,0,True,den520d-random-20.scen,260
260,den520d.map,planner,1,52063,45486,368,368,46813,45486,115,0,1,False,den520d-random-20.scen,260
260,den520d.map,planner,1,51868,45486,368,368,46545,45486,97,0,1,True,den520d-random-20.scen,260
260,den520d.map,planner,1,52063,45486,368,368,46813,45486,100,0,10,False,den520d-random-20.scen,260
260,den520d.map,planner,1,51868,45486,368,368,46545,45486,112,0,10,True,den520d-random-20.scen,260
260,den520d.map,planner,1,52063,45486,368,368,46813,45486,104,0,100,False,den520d-random-20.scen,260
260,den520d.map,planner,1,51868,45486,368,368,46545,45486,109,0,100,True,den520d-random-20.scen,260
260,den520d.map,planner,1,52063,45486,368,368,46813,45486,106,0,1000,False,den520d-random-20.scen,260
260,den520d.map,planner,1,51868,45486,368,368,46545,45486,103,0,1000,True,den520d-random-20.scen,260
300,den520d.map,planner,1,61160,52713,368,368,54352,52713,124,0,0,False,den520d-random-20.scen,300
300,den520d.map,planner,1,61160,52713,368,368,54352,52713,125,0,0,True,den520d-random-20.scen,300
300,den520d.map,planner,1,61160,52713,368,368,54352,52713,125,0,1,False,den520d-random-20.scen,300
300,den520d.map,planner,1,60524,52713,368,368,53968,52713,116,0,1,True,den520d-random-20.scen,300
300,den520d.map,planner,1,61160,52713,368,368,54352,52713,124,0,10,False,den520d-random-20.scen,300
300,den520d.map,planner,1,60524,52713,368,368,53968,52713,119,0,10,True,den520d-random-20.scen,300
300,den520d.map,planner,1,61160,52713,368,368,54352,52713,122,0,100,False,den520d-random-20.scen,300
300,den520d.map,planner,1,60524,52713,368,368,53968,52713,127,0,100,True,den520d-random-20.scen,300
300,den520d.map,planner,1,61160,52713,368,368,54352,52713,117,0,1000,False,den520d-random-20.scen,300
300,den520d.map,planner,1,60524,52713,368,368,53968,52713,115,0,1000,True,den520d-random-20.scen,300
340,den520d.map,planner,1,70686,59493,368,368,61732,59493,141,0,0,False,den520d-random-20.scen,340
340,den520d.map,planner,1,70686,59493,368,368,61732,59493,140,0,0,True,den520d-random-20.scen,340
340,den520d.map,planner,1,70686,59493,368,368,61732,59493,138,0,1,False,den520d-random-20.scen,340
340,den520d.map,planner,1,68864,59493,368,368,60929,59493,147,0,1,True,den520d-random-20.scen,340
340,den520d.map,planner,1,70686,59493,368,368,61732,59493,143,0,10,False,den520d-random-20.scen,340
340,den520d.map,planner,1,68317,59493,368,368,60939,59493,151,0,10,True,den520d-random-20.scen,340
340,den520d.map,planner,1,70686,59493,368,368,61732,59493,149,0,100,False,den520d-random-20.scen,340
340,den520d.map,planner,1,68467,59493,368,368,60932,59493,165,0,100,True,den520d-random-20.scen,340
340,den520d.map,planner,1,70686,59493,368,368,61732,59493,131,0,1000,False,den520d-random-20.scen,340
340,den520d.map,planner,1,68467,59493,368,368,60932,59493,169,0,1000,True,den520d-random-20.scen,340
380,den520d.map,planner,1,78176,65997,395,395,68462,65997,156,0,0,False,den520d-random-20.scen,380
380,den520d.map,planner,1,78176,65997,395,395,68462,65997,153,0,0,True,den520d-random-20.scen,380
380,den520d.map,planner,1,78176,65997,395,395,68462,65997,150,0,1,False,den520d-random-20.scen,380
380,den520d.map,planner,1,76543,65997,395,395,67901,65997,168,0,1,True,den520d-random-20.scen,380
380,den520d.map,planner,1,78176,65997,395,395,68462,65997,151,0,10,False,den520d-random-20.scen,380
380,den520d.map,planner,1,77093,65997,395,395,67967,65997,159,0,10,True,den520d-random-20.scen,380
380,den520d.map,planner,1,78176,65997,395,395,68462,65997,151,0,100,False,den520d-random-20.scen,380
380,den520d.map,planner,1,77093,65997,395,395,67967,65997,169,0,100,True,den520d-random-20.scen,380
380,den520d.map,planner,1,78176,65997,395,395,68462,65997,150,0,1000,False,den520d-random-20.scen,380
380,den520d.map,planner,1,77093,65997,395,395,67967,65997,167,0,1000,True,den520d-random-20.scen,380
420,den520d.map,planner,1,87463,72926,395,395,75950,72926,160,0,0,False,den520d-random-20.scen,420
420,den520d.map,planner,1,87463,72926,395,395,75950,72926,180,0,0,True,den520d-random-20.scen,420
420,den520d.map,planner,1,87463,72926,395,395,75950,72926,163,0,1,False,den520d-random-20.scen,420
420,den520d.map,planner,1,86310,72926,395,395,75134,72926,184,0,1,True,den520d-random-20.scen,420
420,den520d.map,planner,1,87463,72926,395,395,75950,72926,159,0,10,False,den520d-random-20.scen,420
420,den520d.map,planner,1,86009,72926,395,395,74990,72926,180,0,10,True,den520d-random-20.scen,420
420,den520d.map,planner,1,87463,72926,395,395,75950,72926,180,0,100,False,den520d-random-20.scen,420
420,den520d.map,planner,1,86009,72926,395,395,74990,72926,190,0,100,True,den520d-random-20.scen,420
420,den520d.map,planner,1,87463,72926,395,395,75950,72926,181,0,1000,False,den520d-random-20.scen,420
420,den520d.map,planner,1,86009,72926,395,395,74990,72926,185,0,1000,True,den520d-random-20.scen,420
460,den520d.map,planner,1,96447,80406,395,395,84072,80406,182,0,0,False,den520d-random-20.scen,460
460,den520d.map,planner,1,96447,80406,395,395,84072,80406,192,0,0,True,den520d-random-20.scen,460
460,den520d.map,planner,1,96447,80406,395,395,84072,80406,194,0,1,False,den520d-random-20.scen,460
460,den520d.map,planner,1,95958,80406,395,395,82862,80406,204,0,1,True,den520d-random-20.scen,460
460,den520d.map,planner,1,96447,80406,395,395,84072,80406,196,0,10,False,den520d-random-20.scen,460
460,den520d.map,planner,1,96357,80406,395,395,82770,80406,250,0,10,True,den520d-random-20.scen,460
460,den520d.map,planner,1,96447,80406,395,395,84072,80406,207,0,100,False,den520d-random-20.scen,460
460,den520d.map,planner,1,94731,80406,395,395,82829,80406,282,0,100,True,den520d-random-20.scen,460
460,den520d.map,planner,1,96447,80406,395,395,84072,80406,196,0,1000,False,den520d-random-20.scen,460
460,den520d.map,planner,1,94731,80406,395,395,82829,80406,268,0,1000,True,den520d-random-20.scen,460
500,den520d.map,planner,1,106377,87788,395,395,91783,87788,198,0,0,False,den520d-random-20.scen,500
500,den520d.map,planner,1,106377,87788,395,395,91783,87788,215,0,0,True,den520d-random-20.scen,500
500,den520d.map,planner,1,106377,87788,395,395,91783,87788,209,0,1,False,den520d-random-20.scen,500
500,den520d.map,planner,1,104446,87788,395,395,90552,87788,228,0,1,True,den520d-random-20.scen,500
500,den520d.map,planner,1,106377,87788,395,395,91783,87788,208,0,10,False,den520d-random-20.scen,500
500,den520d.map,planner,1,104681,87788,395,395,90535,87788,298,0,10,True,den520d-random-20.scen,500
500,den520d.map,planner,1,106377,87788,395,395,91783,87788,211,0,100,False,den520d-random-20.scen,500
500,den520d.map,planner,1,105217,87788,395,395,90615,87788,504,0,100,True,den520d-random-20.scen,500
500,den520d.map,planner,1,106377,87788,395,395,91783,87788,214,0,1000,False,den520d-random-20.scen,500
500,den520d.map,planner,1,105217,87788,395,395,90615,87788,513,0,1000,True,den520d-random-20.scen,500
540,den520d.map,planner,1,116368,94579,395,395,99101,94579,216,0,0,False,den520d-random-20.scen,540
540,den520d.map,planner,1,116368,94579,395,395,99101,94579,218,0,0,True,den520d-random-20.scen,540
540,den520d.map,planner,1,116368,94579,395,395,99101,94579,237,0,1,False,den520d-random-20.scen,540
540,den520d.map,planner,1,114800,94579,395,395,97780,94579,253,0,1,True,den520d-random-20.scen,540
540,den520d.map,planner,1,116368,94579,395,395,99101,94579,234,0,10,False,den520d-random-20.scen,540
540,den520d.map,planner,1,114500,94579,395,395,97816,94579,343,0,10,True,den520d-random-20.scen,540
540,den520d.map,planner,1,116368,94579,395,395,99101,94579,233,0,100,False,den520d-random-20.scen,540
540,den520d.map,planner,1,112967,94579,395,395,97754,94579,851,0,100,True,den520d-random-20.scen,540
540,den520d.map,planner,1,116368,94579,395,395,99101,94579,242,0,1000,False,den520d-random-20.scen,540
540,den520d.map,planner,1,113844,94579,395,395,97603,94579,1883,0,1000,True,den520d-random-20.scen,540
580,den520d.map,planner,1,124334,101505,395,395,106958,101505,258,0,0,False,den520d-random-20.scen,580
580,den520d.map,planner,1,124334,101505,395,395,106958,101505,243,0,0,True,den520d-random-20.scen,580
580,den520d.map,planner,1,124334,101505,395,395,106958,101505,237,0,1,False,den520d-random-20.scen,580
580,den520d.map,planner,1,122632,101505,395,395,104899,101505,275,0,1,True,den520d-random-20.scen,580
580,den520d.map,planner,1,124334,101505,395,395,106958,101505,256,0,10,False,den520d-random-20.scen,580
580,den520d.map,planner,1,121964,101505,395,395,104874,101505,481,0,10,True,den520d-random-20.scen,580
580,den520d.map,planner,1,124334,101505,395,395,106958,101505,261,0,100,False,den520d-random-20.scen,580
580,den520d.map,planner,1,121400,101505,395,395,104850,101505,1806,0,100,True,den520d-random-20.scen,580
580,den520d.map,planner,1,124334,101505,395,395,106958,101505,255,0,1000,False,den520d-random-20.scen,580
580,den520d.map,planner,1,120889,101505,395,395,104784,101505,6644,0,1000,True,den520d-random-20.scen,580
20,den520d.map,planner,1,2888,2888,313,313,2888,2888,7,0,0,False,den520d-random-23.scen,20
20,den520d.map,planner,1,2888,2888,313,313,2888,2888,8,0,0,True,den520d-random-23.scen,20
20,den520d.map,planner,1,2888,2888,313,313,2888,2888,7,0,1,False,den520d-random-23.scen,20
20,den520d.map,planner,1,2888,2888,313,313,2888,2888,7,0,1,True,den520d-random-23.scen,20
20,den520d.map,planner,1,2888,2888,313,313,2888,2888,6,0,10,False,den520d-random-23.scen,20
20,den520d.map,planner,1,2888,2888,313,313,2888,2888,6,0,10,True,den520d-random-23.scen,20
20,den520d.map,planner,1,2888,2888,313,313,2888,2888,6,0,100,False,den520d-random-23.scen,20
20,den520d.map,planner,1,2888,2888,313,313,2888,2888,7,0,100,True,den520d-random-23.scen,20
20,den520d.map,planner,1,2888,2888,313,313,2888,2888,7,0,1000,False,den520d-random-23.scen,20
20,den520d.map,planner,1,2888,2888,313,313,2888,2888,7,0,1000,True,den520d-random-23.scen,20
60,den520d.map,planner,1,10651,10006,359,359,10078,10006,24,0,0,False,den520d-random-23.scen,60
60,den520d.map,planner,1,10651,10006,359,359,10078,10006,22,0,0,True,den520d-random-23.scen,60
60,den520d.map,planner,1,10651,10006,359,359,10078,10006,26,0,1,False,den520d-random-23.scen,60
60,den520d.map,planner,1,10651,10006,359,359,10078,10006,21,0,1,True,den520d-random-23.scen,60
60,den520d.map,planner,1,10651,10006,359,359,10078,10006,21,0,10,False,den520d-random-23.scen,60
60,den520d.map,planner,1,10651,10006,359,359,10078,10006,25,0,10,True,den520d-random-23.scen,60
60,den520d.map,planner,1,10651,10006,359,359,10078,10006,21,0,100,False,den520d-random-23.scen,60
60,den520d.map,planner,1,10651,10006,359,359,10078,10006,26,0,100,True,den520d-random-23.scen,60
60,den520d.map,planner,1,10651,10006,359,359,10078,10006,24,0,1000,False,den520d-random-23.scen,60
60,den520d.map,planner,1,10651,10006,359,359,10078,10006,24,0,1000,True,den520d-random-23.scen,60
100,den520d.map,planner,1,18516,17346,359,359,17461,17346,42,0,0,False,den520d-random-23.scen,100
100,den520d.map,planner,1,18516,17346,359,359,17461,17346,37,0,0,True,den520d-random-23.scen,100
100,den520d.map,planner,1,18516,17346,359,359,17461,17346,38,0,1,False,den520d-random-23.scen,100
100,den520d.map,planner,1,18430,17346,359,359,17449,17346,36,0,1,True,den520d-random-23.scen,100
100,den520d.map,planner,1,18516,17346,359,359,17461,17346,41,0,10,False,den520d-random-23.scen,100
100,den520d.map,planner,1,18430,17346,359,359,17449,17346,39,0,10,True,den520d-random-23.scen,100
100,den520d.map,planner,1,18516,17346,359,359,17461,17346,44,0,100,False,den520d-random-23.scen,100
100,den520d.map,planner,1,18430,17346,359,359,17449,17346,37,0,100,True,den520d-random-23.scen,100
100,den520d.map,planner,1,18516,17346,359,359,17461,17346,40,0,1000,False,den520d-random-23.scen,100
100,den520d.map,planner,1,18430,17346,359,359,17449,17346,38,0,1000,True,den520d-random-23.scen,100
140,den520d.map,planner,1,26449,24492,371,371,24819,24492,61,0,0,False,den520d-random-23.scen,140
140,den520d.map,planner,1,26449,24492,371,371,24819,24492,52,0,0,True,den520d-random-23.scen,140
140,den520d.map,planner,1,26449,24492,371,371,24819,24492,57,0,1,False,den520d-random-23.scen,140
140,den520d.map,planner,1,26619,24492,371,371,24855,24492,56,0,1,True,den520d-random-23.scen,140
140,den520d.map,planner,1,26449,24492,371,371,24819,24492,59,0,10,False,den520d-random-23.scen,140
140,den520d.map,planner,1,26619,24492,371,371,24855,24492,55,0,10,True,den520d-random-23.scen,140
140,den520d.map,planner,1,26449,24492,371,371,24819,24492,56,0,100,False,den520d-random-23.scen,140
140,den520d.map,planner,1,26619,24492,371,371,24855,24492,58,0,100,True,den520d-random-23.scen,140
140,den520d.map,planner,1,26449,24492,371,371,24819,24492,54,0,1000,False,den520d-random-23.scen,140
140,den520d.map,planner,1,26619,24492,371,371,24855,24492,53,0,1000,True,den520d-random-23.scen,140
180,den520d.map,planner,1,34357,31482,371,371,32030,31482,72,0,0,False,den520d-random-23.scen,180
180,den520d.map,planner,1,34357,31482,371,371,32030,31482,80,0,0,True,den520d-random-23.scen,180
180,den520d.map,planner,1,34357,31482,371,371,32030,31482,67,0,1,False,den520d-random-23.scen,180
180,den520d.map,planner,1,34481,31482,375,371,32013,31482,81,0,1,True,den520d-random-23.scen,180
180,den520d.map,planner,1,34357,31482,371,371,32030,31482,77,0,10,False,den520d-random-23.scen,180
180,den520d.map,planner,1,34481,31482,375,371,32013,31482,74,0,10,True,den520d-random-23.scen,180
180,den520d.map,planner,1,34357,31482,371,371,32030,31482,67,0,100,False,den520d-random-23.scen,180
180,den520d.map,planner,1,34481,31482,375,371,32013,31482,82,0,100,True,den520d-random-23.scen,180
180,den520d.map,planner,1,34357,31482,371,371,32030,31482,79,0,1000,False,den520d-random-23.scen,180
180,den520d.map,planner,1,34481,31482,375,371,32013,31482,74,0,1000,True,den520d-random-23.scen,180
220,den520d.map,planner,1,42028,38151,371,371,38947,38151,84,0,0,False,den520d-random-23.scen,220
220,den520d.map,planner,1,42028,38151,371,371,38947,38151,86,0,0,True,den520d-random-23.scen,220
220,den520d.map,planner,1,42028,38151,371,371,38947,38151,93,0,1,False,den520d-random-23.scen,220
220,den520d.map,planner,1,42445,38151,371,371,38880,38151,93,0,1,True,den520d-random-23.scen,220
220,den520d.map,planner,1,42028,38151,371,371,38947,38151,96,0,10,False,den520d-random-23.scen,220
220,den520d.map,planner,1,42445,38151,371,371,38880,38151,85,0,10,True,den520d-random-23.scen,220
220,den520d.map,planner,1,42028,38151,371,371,38947,38151,100,0,100,False,den520d-random-23.scen,220
220,den520d.map,planner,1,42445,38151,371,371,38880,38151,98,0,100,True,den520d-random-23.scen,220
220,den520d.map,planner,1,42028,38151,371,371,38947,38151,96,0,1000,False,den520d-random-23.scen,220
220,den520d.map,planner,1,42445,38151,371,371,38880,38151,92,0,1000,True,den520d-random-23.scen,220
260,den520d.map,planner,1,51713,46184,373,371,47428,46184,106,0,0,False,den520d-random-23.scen,260
260,den520d.map,planner,1,51713,46184,373,371,47428,46184,113,0,0,True,den520d-random-23.scen,260
260,den520d.map,planner,1,51713,46184,373,371,47428,46184,104,0,1,False,den520d-random-23.scen,260
260,den520d.map,planner,1,51280,46184,372,371,47177,46184,113,0,1,True,den520d-random-23.scen,260
260,den520d.map,planner,1,51713,46184,373,371,47428,46184,107,0,10,False,den520d-random-23.scen,260
260,den520d.map,planner,1,51280,46184,372,371,47177,46184,118,0,10,True,den520d-random-23.scen,260
260,den520d.map,planner,1,51713,46184,373,371,47428,46184,111,0,100,False,den520d-random-23.scen,260
260,den520d.map,planner,1,51280,46184,372,371,47177,46184,119,0,100,True,den520d-random-23.scen,260
260,den520d.map,planner,1,51713,46184,373,371,47428,46184,109,0,1000,False,den520d-random-23.scen,260
260,den520d.map,planner,1,51280,46184,372,371,47177,46184,119,0,1000,True,den520d-random-23.scen,260
300,den520d.map,planner,1,59028,51732,371,371,53194,51732,126,0,0,False,den520d-random-23.scen,300
300,den520d.map,planner,1,59028,51732,371,371,53194,51732,123,0,0,True,den520d-random-23.scen,300
300,den520d.map,planner,1,59028,51732,371,371,53194,51732,135,0,1,False,den520d-random-23.scen,300
300,den520d.map,planner,1,58036,51732,371,371,52894,51732,122,0,1,True,den520d-random-23.scen,300
300,den520d.map,planner,1,59028,51732,371,371,53194,51732,126,0,10,False,den520d-random-23.scen,300
300,den520d.map,planner,1,58036,51732,371,371,52894,51732,130,0,10,True,den520d-random-23.scen,300
300,den520d.map,planner,1,59028,51732,371,371,53194,51732,130,0,100,False,den520d-random-23.scen,300
300,den520d.map,planner,1,58036,51732,371,371,52894,51732,122,0,100,True,den520d-random-23.scen,300
300,den520d.map,planner,1,59028,51732,371,371,53194,51732,125,0,1000,False,den520d-random-23.scen,300
300,den520d.map,planner,1,58036,51732,371,371,52894,51732,114,0,1000,True,den520d-random-23.scen,300
340,den520d.map,planner,1,67269,58783,376,376,60956,58783,140,0,0,False,den520d-random-23.scen,340
340,den520d.map,planner,1,67269,58783,376,376,60956,58783,148,0,0,True,den520d-random-23.scen,340
340,den520d.map,planner,1,67269,58783,376,376,60956,58783,142,0,1,False,den520d-random-23.scen,340
340,den520d.map,planner,1,66431,58783,376,376,60243,58783,141,0,1,True,den520d-random-23.scen,340
340,den520d.map,planner,1,67269,58783,376,376,60956,58783,137,0,10,False,den520d-random-23.scen,340
340,den520d.map,planner,1,66431,58783,376,376,60243,58783,153,0,10,True,den520d-random-23.scen,340
340,den520d.map,planner,1,67269,58783,376,376,60956,58783,138,0,100,False,den520d-random-23.scen,340
340,den520d.map,planner,1,66431,58783,376,376,60243,58783,138,0,100,True,den520d-random-23.scen,340
340,den520d.map,planner,1,67269,58783,376,376,60956,58783,147,0,1000,False,den520d-random-23.scen,340
340,den520d.map,planner,1,66431,58783,376,376,60243,58783,137,0,1000,True,den520d-random-23.scen,340
380,den520d.map,planner,1,76424,65415,387,387,67769,65415,162,0,0,False,den520d-random-23.scen,380
380,den520d.map,planner,1,76424,65415,387,387,67769,65415,156,0,0,True,den520d-random-23.scen,380
380,den520d.map,planner,1,76424,65415,387,387,67769,65415,147,0,1,False,den520d-random-23.scen,380
380,den520d.map,planner,1,75496,65415,387,387,67197,65415,163,0,1,True,den520d-random-23.scen,380
380,den520d.map,planner,1,76424,65415,387,387,67769,65415,157,0,10,False,den520d-random-23.scen,380
380,den520d.map,planner,1,74571,65415,387,387,67164,65415,175,0,10,True,den520d-random-23.scen,380
380,den520d.map,planner,1,76424,65415,387,387,67769,65415,170,0,100,False,den520d-random-23.scen,380
380,den520d.map,planner,1,74571,65415,387,387,67164,65415,169,0,100,True,den520d-random-23.scen,380
380,den520d.map,planner,1,76424,65415,387,387,67769,65415,171,0,1000,False,den520d-random-23.scen,380
380,den520d.map,planner,1,74571,65415,387,387,67164,65415,173,0,1000,True,den520d-random-23.scen,380
420,den520d.map,planner,1,86028,72348,387,387,75139,72348,171,0,0,False,den520d-random-23.scen,420
420,den520d.map,planner,1,86028,72348,387,387,75139,72348,178,0,0,True,den520d-random-23.scen,420
420,den520d.map,planner,1,86028,72348,387,387,75139,72348,175,0,1,False,den520d-random-23.scen,420
420,den520d.map,planner,1,84349,72348,387,387,74376,72348,182,0,1,True,den520d-random-23.scen,420
420,den520d.map,planner,1,86028,72348,387,387,75139,72348,180,0,10,False,den520d-random-23.scen,420
420,den520d.map,planner,1,83909,72348,387,387,74385,72348,186,0,10,True,den520d-random-23.scen,420
420,den520d.map,planner,1,86028,72348,387,387,75139,72348,168,0,100,False,den520d-random-23.scen,420
420,den520d.map,planner,1,83909,72348,387,387,74385,72348,189,0,100,True,den520d-random-23.scen,420
420,den520d.map,planner,1,86028,72348,387,387,75139,72348,182,0,1000,False,den520d-random-23.scen,420
420,den520d.map,planner,1,83909,72348,387,387,74385,72348,188,0,1000,True,den520d-random-23.scen,420
460,den520d.map,planner,1,95025,79785,387,387,83198,79785,200,0,0,False,den520d-random-23.scen,460
460,den520d.map,planner,1,95025,79785,387,387,83198,79785,205,0,0,True,den520d-random-23.scen,460
460,den520d.map,planner,1,95025,79785,387,387,83198,79785,201,0,1,False,den520d-random-23.scen,460
460,den520d.map,planner,1,93484,79785,387,387,82134,79785,201,0,1,True,den520d-random-23.scen,460
460,den520d.map,planner,1,95025,79785,387,387,83198,79785,190,0,10,False,den520d-random-23.scen,460
460,den520d.map,planner,1,94216,79785,387,387,82026,79785,219,0,10,True,den520d-random-23.scen,460
460,den520d.map,planner,1,95025,79785,387,387,83198,79785,205,0,100,False,den520d-random-23.scen,460
460,den520d.map,planner,1,93105,79785,387,387,81959,79785,209,0,100,True,den520d-random-23.scen,460
460,den520d.map,planner,1,95025,79785,387,387,83198,79785,209,0,1000,False,den520d-random-23.scen,460
460,den520d.map,planner,1,93105,79785,387,387,81959,79785,222,0,1000,True,den520d-random-23.scen,460
500,den520d.map,planner,1,105671,87206,387,387,91364,87206,221,0,0,False,den520d-random-23.scen,500
500,den520d.map,planner,1,105671,87206,387,387,91364,87206,218,0,0,True,den520d-random-23.scen,500
500,den520d.map,planner,1,105671,87206,387,387,91364,87206,199,0,1,False,den520d-random-23.scen,500
500,den520d.map,planner,1,101824,87206,387,387,89597,87206,230,0,1,True,den520d-random-23.scen,500
500,den520d.map,planner,1,105671,87206,387,387,91364,87206,203,0,10,False,den520d-random-23.scen,500
500,den520d.map,planner,1,101948,87206,387,387,89542,87206,241,0,10,True,den520d-random-23.scen,500
500,den520d.map,planner,1,105671,87206,387,387,91364,87206,216,0,100,False,den520d-random-23.scen,500
500,den520d.map,planner,1,101948,87206,387,387,89542,87206,226,0,100,True,den520d-random-23.scen,500
500,den520d.map,planner,1,105671,87206,387,387,91364,87206,228,0,1000,False,den520d-random-23.scen,500
500,den520d.map,planner,1,101948,87206,387,387,89542,87206,236,0,1000,True,den520d-random-23.scen,500
540,den520d.map,planner,1,114093,94262,394,394,98696,94262,240,0,0,False,den520d-random-23.scen,540
540,den520d.map,planner,1,114093,94262,394,394,98696,94262,252,0,0,True,den520d-random-23.scen,540
540,den520d.map,planner,1,114093,94262,394,394,98696,94262,231,0,1,False,den520d-random-23.scen,540
540,den520d.map,planner,1,112129,94262,397,394,97153,94262,272,0,1,True,den520d-random-23.scen,540
540,den520d.map,planner,1,114093,94262,394,394,98696,94262,223,0,10,False,den520d-random-23.scen,540
540,den520d.map,planner,1,110848,94262,398,394,97034,94262,306,0,10,True,den520d-random-23.scen,540
540,den520d.map,planner,1,114093,94262,394,394,98696,94262,234,0,100,False,den520d-random-23.scen,540
540,den520d.map,planner,1,111816,94262,396,394,97068,94262,381,0,100,True,den520d-random-23.scen,540
540,den520d.map,planner,1,114093,94262,394,394,98696,94262,234,0,1000,False,den520d-random-23.scen,540
540,den520d.map,planner,1,111422,94262,396,394,97062,94262,598,0,1000,True,den520d-random-23.scen,540
580,den520d.map,planner,1,122631,100238,394,394,105206,100238,239,0,0,False,den520d-random-23.scen,580
580,den520d.map,planner,1,122631,100238,394,394,105206,100238,245,0,0,True,den520d-random-23.scen,580
580,den520d.map,planner,1,122631,100238,394,394,105206,100238,240,0,1,False,den520d-random-23.scen,580
580,den520d.map,planner,1,119268,100238,397,394,103247,100238,274,0,1,True,den520d-random-23.scen,580
580,den520d.map,planner,1,122631,100238,394,394,105206,100238,248,0,10,False,den520d-random-23.scen,580
580,den520d.map,planner,1,119763,100238,397,394,103179,100238,319,0,10,True,den520d-random-23.scen,580
580,den520d.map,planner,1,122631,100238,394,394,105206,100238,242,0,100,False,den520d-random-23.scen,580
580,den520d.map,planner,1,119374,100238,396,394,103192,100238,371,0,100,True,den520d-random-23.scen,580
580,den520d.map,planner,1,122631,100238,394,394,105206,100238,243,0,1000,False,den520d-random-23.scen,580
580,den520d.map,planner,1,119374,100238,396,394,103192,100238,371,0,1000,True,den520d-random-23.scen,580
20,den520d.map,planner,1,3783,3780,392,392,3783,3780,9,0,0,False,den520d-random-7.scen,20
20,den520d.map,planner,1,3783,3780,392,392,3783,3780,8,0,0,True,den520d-random-7.scen,20
20,den520d.map,planner,1,3783,3780,392,392,3783,3780,8,0,1,False,den520d-random-7.scen,20
20,den520d.map,planner,1,3783,3780,392,392,3783,3780,8,0,1,True,den520d-random-7.scen,20
20,den520d.map,planner,1,3783,3780,392,392,3783,3780,8,0,10,False,den520d-random-7.scen,20
20,den520d.map,planner,1,3783,3780,392,392,3783,3780,9,0,10,True,den520d-random-7.scen,20
20,den520d.map,planner,1,3783,3780,392,392,3783,3780,9,0,100,False,den520d-random-7.scen,20
20,den520d.map,planner,1,3783,3780,392,392,3783,3780,8,0,100,True,den520d-random-7.scen,20
20,den520d.map,planner,1,3783,3780,392,392,3783,3780,8,0,1000,False,den520d-random-7.scen,20
20,den520d.map,planner,1,3783,3780,392,392,3783,3780,7,0,1000,True,den520d-random-7.scen,20
60,den520d.map,planner,1,12025,11530,392,392,11614,11530,26,0,0,False,den520d-random-7.scen,60
60,den520d.map,planner,1,12025,11530,392,392,11614,11530,25,0,0,True,den520d-random-7.scen,60
60,den520d.map,planner,1,12025,11530,392,392,11614,11530,28,0,1,False,den520d-random-7.scen,60
60,den520d.map,planner,1,12025,11530,392,392,11614,11530,22,0,1,True,den520d-random-7.scen,60
60,den520d.map,planner,1,12025,11530,392,392,11614,11530,23,0,10,False,den520d-random-7.scen,60
60,den520d.map,planner,1,12025,11530,392,392,11614,11530,24,0,10,True,den520d-random-7.scen,60
60,den520d.map,planner,1,12025,11530,392,392,11614,11530,23,0,100,False,den520d-random-7.scen,60
60,den520d.map,planner,1,12025,11530,392,392,11614,11530,23,0,100,True,den520d-random-7.scen,60
60,den520d.map,planner,1,12025,11530,392,392,11614,11530,23,0,1000,False,den520d-random-7.scen,60
60,den520d.map,planner,1,12025,11530,392,392,11614,11530,28,0,1000,True,den520d-random-7.scen,60
100,den520d.map,planner,1,18385,17719,392,392,17812,17719,36,0,0,False,den520d-random-7.scen,100
100,den520d.map,planner,1,18385,17719,392,392,17812,17719,36,0,0,True,den520d-random-7.scen,100
100,den520d.map,planner,1,18385,17719,392,392,17812,17719,42,0,1,False,den520d-random-7.scen,100
100,den520d.map,planner,1,18385,17719,392,392,17812,17719,38,0,1,True,den520d-random-7.scen,100
100,den520d.map,planner,1,18385,17719,392,392,17812,17719,38,0,10,False,den520d-random-7.scen,100
100,den520d.map,planner,1,18385,17719,392,392,17812,17719,35,0,10,True,den520d-random-7.scen,100
100,den520d.map,planner,1,18385,17719,392,392,17812,17719,37,0,100,False,den520d-random-7.scen,100
100,den520d.map,planner,1,18385,17719,392,392,17812,17719,39,0,100,True,den520d-random-7.scen,100
100,den520d.map,planner,1,18385,17719,392,392,17812,17719,40,0,1000,False,den520d-random-7.scen,100
100,den520d.map,planner,1,18385,17719,392,392,17812,17719,34,0,1000,True,den520d-random-7.scen,100
140,den520d.map,planner,1,26391,24258,392,392,24510,24258,55,0,0,False,den520d-random-7.scen,140
140,den520d.map,planner,1,26391,24258,392,392,24510,24258,57,0,0,True,den520d-random-7.scen,140
140,den520d.map,planner,1,26391,24258,392,392,24510,24258,53,0,1,False,den520d-random-7.scen,140
140,den520d.map,planner,1,26177,24258,392,392,24529,24258,59,0,1,True,den520d-random-7.scen,140
140,den520d.map,planner,1,26391,24258,392,392,24510,24258,59,0,10,False,den520d-random-7.scen,140
140,den520d.map,planner,1,26177,24258,392,392,24529,24258,55,0,10,True,den520d-random-7.scen,140
140,den520d.map,planner,1,26391,24258,392,392,24510,24258,62,0,100,False,den520d-random-7.scen,140
140,den520d.map,planner,1,26177,24258,392,392,24529,24258,57,0,100,True,den520d-random-7.scen,140
140,den520d.map,planner,1,26391,24258,392,392,24510,24258,54,0,1000,False,den520d-random-7.scen,140
140,den520d.map,planner,1,26177,24258,392,392,24529,24258,56,0,1000,True,den520d-random-7.scen,140
180,den520d.map,planner,1,35342,30771,392,392,31293,30771,65,0,0,False,den520d-random-7.scen,180
180,den520d.map,planner,1,35342,30771,392,392,31293,30771,79,0,0,True,den520d-random-7.scen,180
180,den520d.map,planner,1,35342,30771,392,392,31293,30771,74,0,1,False,den520d-random-7.scen,180
180,den520d.map,planner,1,35278,30771,392,392,31187,30771,68,0,1,True,den520d-random-7.scen,180
180,den520d.map,planner,1,35342,30771,392,392,31293,30771,65,0,10,False,den520d-random-7.scen,180
180,den520d.map,planner,1,35278,30771,392,392,31187,30771,75,0,10,True,den520d-random-7.scen,180
180,den520d.map,planner,1,35342,30771,392,392,31293,30771,66,0,100,False,den520d-random-7.scen,180
180,den520d.map,planner,1,35278,30771,392,392,31187,30771,68,0,100,True,den520d-random-7.scen,180
180,den520d.map,planner,1,35342,30771,392,392,31293,30771,68,0,1000,False,den520d-random-7.scen,180
180,den520d.map,planner,1,35278,30771,392,392,31187,30771,67,0,1000,True,den520d-random-7.scen,180
220,den520d.map,planner,1,43263,37752,392,392,38466,37752,86,0,0,False,den520d-random-7.scen,220
220,den520d.map,planner,1,43263,37752,392,392,38466,37752,92,0,0,True,den520d-random-7.scen,220
220,den520d.map,planner,1,43263,37752,392,392,38466,37752,86,0,1,False,den520d-random-7.scen,220
220,den520d.map,planner,1,43289,37752,392,392,38410,37752,84,0,1,True,den520d-random-7.scen,220
220,den520d.map,planner,1,43263,37752,392,392,38466,37752,85,0,10,False,den520d-random-7.scen,220
220,den520d.map,planner,1,43289,37752,392,392,38410,37752,81,0,10,True,den520d-random-7.scen,220
220,den520d.map,planner,1,43263,37752,392,392,38466,37752,84,0,100,False,den520d-random-7.scen,220
220,den520d.map,planner,1,43289,37752,392,392,38410,37752,91,0,100,True,den520d-random-7.scen,220
220,den520d.map,planner,1,43263,37752,392,392,38466,37752,82,0,1000,False,den520d-random-7.scen,220
220,den520d.map,planner,1,43289,37752,392,392,38410,37752,92,0,1000,True,den520d-random-7.scen,220
260,den520d.map,planner,1,51926,44480,392,392,45694,44480,109,0,0,False,den520d-random-7.scen,260
260,den520d.map,planner,1,51926,44480,392,392,45694,44480,106,0,0,True,den520d-random-7.scen,260
260,den520d.map,planner,1,51926,44480,392,392,45694,44480,101,0,1,False,den520d-random-7.scen,260
260,den520d.map,planner,1,51700,44480,392,392,45546,44480,105,0,1,True,den520d-random-7.scen,260
260,den520d.map,planner,1,51926,44480,392,392,45694,44480,107,0,10,False,den520d-random-7.scen,260
260,den520d.map,planner,1,51700,44480,392,392,45546,44480,108,0,10,True,den520d-random-7.scen,260
260,den520d.map,planner,1,51926,44480,392,392,45694,44480,100,0,100,False,den520d-random-7.scen,260
260,den520d.map,planner,1,51700,44480,392,392,45546,44480,117,0,100,True,den520d-random-7.scen,260
260,den520d.map,planner,1,51926,44480,392,392,45694,44480,104,0,1000,False,den520d-random-7.scen,260
260,den520d.map,planner,1,51700,44480,392,392,45546,44480,104,0,1000,True,den520d-random-7.scen,260
300,den520d.map,planner,1,61759,51893,392,392,53537,51893,115,0,0,False,den520d-random-7.scen,300
300,den520d.map,planner,1,61759,51893,392,392,53537,51893,119,0,0,True,den520d-random-7.scen,300
300,den520d.map,planner,1,61759,51893,392,392,53537,51893,123,0,1,False,den520d-random-7.scen,300
300,den520d.map,planner,1,61196,51893,392,392,53166,51893,125,0,1,True,den520d-random-7.scen,300
300,den520d.map,planner,1,61759,51893,392,392,53537,51893,124,0,10,False,den520d-random-7.scen,300
300,den520d.map,planner,1,61196,51893,392,392,53166,51893,131,0,10,True,den520d-random-7.scen,300
300,den520d.map,planner,1,61759,51893,392,392,53537,51893,115,0,100,False,den520d-random-7.scen,300
300,den520d.map,planner,1,61196,51893,392,392,53166,51893,117,0,100,True,den520d-random-7.scen,300
300,den520d.map,planner,1,61759,51893,392,392,53537,51893,132,0,1000,False,den520d-random-7.scen,300
300,den520d.map,planner,1,61196,51893,392,392,53166,51893,123,0,1000,True,den520d-random-7.scen,300
340,den520d.map,planner,1,71954,59703,392,392,61788,59703,129,0,0,False,den520d-random-7.scen,340
340,den520d.map,planner,1,71954,59703,392,392,61788,59703,136,0,0,True,den520d-random-7.scen,340
340,den520d.map,planner,1,71954,59703,392,392,61788,59703,147,0,1,False,den520d-random-7.scen,340
340,den520d.map,planner,1,71074,59703,392,392,61374,59703,149,0,1,True,den520d-random-7.scen,340
340,den520d.map,planner,1,71954,59703,392,392,61788,59703,140,0,10,False,den520d-random-7.scen,340
340,den520d.map,planner,1,71074,59703,392,392,61374,59703,151,0,10,True,den520d-random-7.scen,340
340,den520d.map,planner,1,71954,59703,392,392,61788,59703,140,0,100,False,den520d-random-7.scen,340
340,den520d.map,planner,1,71074,59703,392,392,61374,59703,146,0,100,True,den520d-random-7.scen,340
340,den520d.map,planner,1,71954,59703,392,392,61788,59703,137,0,1000,False,den520d-random-7.scen,340
340,den520d.map,planner,1,71074,59703,392,392,61374,59703,146,0,1000,True,den520d-random-7.scen,340
380,den520d.map,planner,1,80461,67278,392,392,69788,67278,170,0,0,False,den520d-random-7.scen,380
380,den520d.map,planner,1,80461,67278,392,392,69788,67278,154,0,0,True,den520d-random-7.scen,380
380,den520d.map,planner,1,80461,67278,392,392,69788,67278,170,0,1,False,den520d-random-7.scen,380
380,den520d.map,planner,1,79004,67278,392,392,69189,67278,156,0,1,True,den520d-random-7.scen,380
380,den520d.map,planner,1,80461,67278,392,392,69788,67278,159,0,10,False,den520d-random-7.scen,380
380,den520d.map,planner,1,79004,67278,392,392,69189,67278,167,0,10,True,den520d-random-7.scen,380
380,den520d.map,planner,1,80461,67278,392,392,69788,67278,158,0,100,False,den520d-random-7.scen,380
380,den520d.map,planner,1,79004,67278,392,392,69189,67278,155,0,100,True,den520d-random-7.scen,380
380,den520d.map,planner,1,80461,67278,392,392,69788,67278,169,0,1000,False,den520d-random-7.scen,380
380,den520d.map,planner,1,79004,67278,392,392,69189,67278,163,0,1000,True,den520d-random-7.scen,380
420,den520d.map,planner,1,88884,73551,392,392,76402,73551,190,0,0,False,den520d-random-7.scen,420
420,den520d.map,planner,1,88884,73551,392,392,76402,73551,186,0,0,True,den520d-random-7.scen,420
420,den520d.map,planner,1,88884,73551,392,392,76402,73551,175,0,1,False,den520d-random-7.scen,420
420,den520d.map,planner,1,87033,73551,392,392,75913,73551,189,0,1,True,den520d-random-7.scen,420
420,den520d.map,planner,1,88884,73551,392,392,76402,73551,185,0,10,False,den520d-random-7.scen,420
420,den520d.map,planner,1,87033,73551,392,392,75913,73551,181,0,10,True,den520d-random-7.scen,420
420,den520d.map,planner,1,88884,73551,392,392,76402,73551,185,0,100,False,den520d-random-7.scen,420
420,den520d.map,planner,1,87033,73551,392,392,75913,73551,181,0,100,True,den520d-random-7.scen,420
420,den520d.map,planner,1,88884,73551,392,392,76402,73551,181,0,1000,False,den520d-random-7.scen,420
420,den520d.map,planner,1,87033,73551,392,392,75913,73551,190,0,1000,True,den520d-random-7.scen,420
460,den520d.map,planner,1,100186,81328,392,392,84883,81328,195,0,0,False,den520d-random-7.scen,460
460,den520d.map,planner,1,100186,81328,392,392,84883,81328,186,0,0,True,den520d-random-7.scen,460
460,den520d.map,planner,1,100186,81328,392,392,84883,81328,191,0,1,False,den520d-random-7.scen,460
460,den520d.map,planner,1,98120,81328,397,392,83973,81328,222,0,1,True,den520d-random-7.scen,460
460,den520d.map,planner,1,100186,81328,392,392,84883,81328,206,0,10,False,den520d-random-7.scen,460
460,den520d.map,planner,1,97742,81328,392,392,83860,81328,275,0,10,True,den520d-random-7.scen,460
460,den520d.map,planner,1,100186,81328,392,392,84883,81328,201,0,100,False,den520d-random-7.scen,460
460,den520d.map,planner,1,98472,81328,392,392,83912,81328,410,0,100,True,den520d-random-7.scen,460
460,den520d.map,planner,1,100186,81328,392,392,84883,81328,182,0,1000,False,den520d-random-7.scen,460
460,den520d.map,planner,1,98472,81328,392,392,83912,81328,401,0,1000,True,den520d-random-7.scen,460
500,den520d.map,planner,1,108972,87773,392,392,92025,87773,221,0,0,False,den520d-random-7.scen,500
500,den520d.map,planner,1,108972,87773,392,392,92025,87773,215,0,0,True,den520d-random-7.scen,500
500,den520d.map,planner,1,108972,87773,392,392,92025,87773,215,0,1,False,den520d-random-7.scen,500
500,den520d.map,planner,1,106094,87773,392,392,90965,87773,260,0,1,True,den520d-random-7.scen,500
500,den520d.map,planner,1,108972,87773,392,392,92025,87773,224,0,10,False,den520d-random-7.scen,500
500,den520d.map,planner,1,104594,87773,392,392,90757,87773,326,0,10,True,den520d-random-7.scen,500
500,den520d.map,planner,1,108972,87773,392,392,92025,87773,212,0,100,False,den520d-random-7.scen,500
500,den520d.map,planner,1,106218,87773,392,392,90763,87773,405,0,100,True,den520d-random-7.scen,500
500,den520d.map,planner,1,108972,87773,392,392,92025,87773,224,0,1000,False,den520d-random-7.scen,500
500,den520d.map,planner,1,106218,87773,392,392,90763,87773,424,0,1000,True,den520d-random-7.scen,500
540,den520d.map,planner,1,117128,93416,392,392,97943,93416,239,0,0,False,den520d-random-7.scen,540
540,den520d.map,planner,1,117128,93416,392,392,97943,93416,236,0,0,True,den520d-random-7.scen,540
540,den520d.map,planner,1,117128,93416,392,392,97943,93416,222,0,1,False,den520d-random-7.scen,540
540,den520d.map,planner,1,113462,93416,392,392,96932,93416,259,0,1,True,den520d-random-7.scen,540
540,den520d.map,planner,1,117128,93416,392,392,97943,93416,240,0,10,False,den520d-random-7.scen,540
540,den520d.map,planner,1,113769,93416,392,392,96796,93416,362,0,10,True,den520d-random-7.scen,540
540,den520d.map,planner,1,117128,93416,392,392,97943,93416,216,0,100,False,den520d-random-7.scen,540
540,den520d.map,planner,1,114800,93416,392,392,96863,93416,805,0,100,True,den520d-random-7.scen,540
540,den520d.map,planner,1,117128,93416,392,392,97943,93416,241,0,1000,False,den520d-random-7.scen,540
540,den520d.map,planner,1,113125,93416,392,392,96731,93416,2286,0,1000,True,den520d-random-7.scen,540
580,den520d.map,planner,1,126718,100439,392,392,106218,100439,229,0,0,False,den520d-random-7.scen,580
580,den520d.map,planner,1,126718,100439,392,392,106218,100439,262,0,0,True,den520d-random-7.scen,580
580,den520d.map,planner,1,126718,100439,392,392,106218,100439,251,0,1,False,den520d-random-7.scen,580
580,den520d.map,planner,1,121662,100439,392,392,104224,100439,311,0,1,True,den520d-random-7.scen,580
580,den520d.map,planner,1,126718,100439,392,392,106218,100439,239,0,10,False,den520d-random-7.scen,580
580,den520d.map,planner,1,123374,100439,392,392,104038,100439,424,0,10,True,den520d-random-7.scen,580
580,den520d.map,planner,1,126718,100439,392,392,106218,100439,235,0,100,False,den520d-random-7.scen,580
580,den520d.map,planner,1,122518,100439,392,392,104014,100439,1680,0,100,True,den520d-random-7.scen,580
580,den520d.map,planner,1,126718,100439,392,392,106218,100439,260,0,1000,False,den520d-random-7.scen,580
580,den520d.map,planner,1,123292,100439,394,392,104087,100439,4364,0,1000,True,den520d-random-7.scen,580
20,den520d.map,planner,1,3544,3384,330,330,3389,3384,7,0,0,False,den520d-random-9.scen,20
20,den520d.map,planner,1,3544,3384,330,330,3389,3384,7,0,0,True,den520d-random-9.scen,20
20,den520d.map,planner,1,3544,3384,330,330,3389,3384,7,0,1,False,den520d-random-9.scen,20
20,den520d.map,planner,1,3544,3384,330,330,3389,3384,7,0,1,True,den520d-random-9.scen,20
20,den520d.map,planner,1,3544,3384,330,330,3389,3384,7,0,10,False,den520d-random-9.scen,20
20,den520d.map,planner,1,3544,3384,330,330,3389,3384,7,0,10,True,den520d-random-9.scen,20
20,den520d.map,planner,1,3544,3384,330,330,3389,3384,8,0,100,False,den520d-random-9.scen,20
20,den520d.map,planner,1,3544,3384,330,330,3389,3384,7,0,100,True,den520d-random-9.scen,20
20,den520d.map,planner,1,3544,3384,330,330,3389,3384,7,0,1000,False,den520d-random-9.scen,20
20,den520d.map,planner,1,3544,3384,330,330,3389,3384,7,0,1000,True,den520d-random-9.scen,20
60,den520d.map,planner,1,9288,9057,359,359,9083,9057,18,0,0,False,den520d-random-9.scen,60
60,den520d.map,planner,1,9288,9057,359,359,9083,9057,19,0,0,True,den520d-random-9.scen,60
60,den520d.map,planner,1,9288,9057,359,359,9083,9057,20,0,1,False,den520d-random-9.scen,60
60,den520d.map,planner,1,9288,9057,359,359,9083,9057,21,0,1,True,den520d-random-9.scen,60
60,den520d.map,planner,1,9288,9057,359,359,9083,9057,19,0,10,False,den520d-random-9.scen,60
60,den520d.map,planner,1,9288,9057,359,359,9083,9057,20,0,10,True,den520d-random-9.scen,60
60,den520d.map,planner,1,9288,9057,359,359,9083,9057,21,0,100,False,den520d-random-9.scen,60
60,den520d.map,planner,1,9288,9057,359,359,9083,9057,23,0,100,True,den520d-random-9.scen,60
60,den520d.map,planner,1,9288,9057,359,359,9083,9057,17,0,1000,False,den520d-random-9.scen,60
60,den520d.map,planner,1,9288,9057,359,359,9083,9057,19,0,1000,True,den520d-random-9.scen,60
100,den520d.map,planner,1,15378,14694,359,359,14788,14694,33,0,0,False,den520d-random-9.scen,100
100,den520d.map,planner,1,15378,14694,359,359,14788,14694,33,0,0,True,den520d-random-9.scen,100
100,den520d.map,planner,1,15378,14694,359,359,14788,14694,34,0,1,False,den520d-random-9.scen,100
100,den520d.map,planner,1,15716,14694,359,359,14781,14694,35,0,1,True,den520d-random-9.scen,100
100,den520d.map,planner,1,15378,14694,359,359,14788,14694,34,0,10,False,den520d-random-9.scen,100
100,den520d.map,planner,1,15716,14694,359,359,14781,14694,33,0,10,True,den520d-random-9.scen,100
100,den520d.map,planner,1,15378,14694,359,359,14788,14694,31,0,100,False,den520d-random-9.scen,100
100,den520d.map,planner,1,15716,14694,359,359,14781,14694,31,0,100,True,den520d-random-9.scen,100
100,den520d.map,planner,1,15378,14694,359,359,14788,14694,31,0,1000,False,den520d-random-9.scen,100
100,den520d.map,planner,1,15716,14694,359,359,14781,14694,37,0,1000,True,den520d-random-9.scen,100
140,den520d.map,planner,1,22699,21369,359,359,21554,21369,47,0,0,False,den520d-random-9.scen,140
140,den520d.map,planner,1,22699,21369,359,359,21554,21369,55,0,0,True,den520d-random-9.scen,140
140,den520d.map,planner,1,22699,21369,359,359,21554,21369,52,0,1,False,den520d-random-9.scen,140
140,den520d.map,planner,1,22871,21369,359,359,21534,21369,49,0,1,True,den520d-random-9.scen,140
140,den520d.map,planner,1,22699,21369,359,359,21554,21369,45,0,10,False,den520d-random-9.scen,140
140,den520d.map,planner,1,22871,21369,359,359,21534,21369,46,0,10,True,den520d-random-9.scen,140
140,den520d.map,planner,1,22699,21369,359,359,21554,21369,49,0,100,False,den520d-random-9.scen,140
140,den520d.map,planner,1,22871,21369,359,359,21534,21369,52,0,100,True,den520d-random-9.scen,140
140,den520d.map,planner,1,22699,21369,359,359,21554,21369,50,0,1000,False,den520d-random-9.scen,140
140,den520d.map,planner,1,22871,21369,359,359,21534,21369,48,0,1000,True,den520d-random-9.scen,140
180,den520d.map,planner,1,30090,27381,359,359,27674,27381,65,0,0,False,den520d-random-9.scen,180
180,den520d.map,planner,1,30090,27381,359,359,27674,27381,62,0,0,True,den520d-random-9.scen,180
180,den520d.map,planner,1,30090,27381,359,359,27674,27381,71,0,1,False,den520d-random-9.scen,180
180,den520d.map,planner,1,29845,27381,359,359,27693,27381,63,0,1,True,den520d-random-9.scen,180
180,den520d.map,planner,1,30090,27381,359,359,27674,27381,60,0,10,False,den520d-random-9.scen,180
180,den520d.map,planner,1,29845,27381,359,359,27693,27381,69,0,10,True,den520d-random-9.scen,180
180,den520d.map,planner,1,30090,27381,359,359,27674,27381,66,0,100,False,den520d-random-9.scen,180
180,den520d.map,planner,1,29845,27381,359,359,27693,27381,64,0,100,True,den520d-random-9.scen,180
180,den520d.map,planner,1,30090,27381,359,359,27674,27381,63,0,1000,False,den520d-random-9.scen,180
180,den520d.map,planner,1,29845,27381,359,359,27693,27381,65,0,1000,True,den520d-random-9.scen,180
220,den520d.map,planner,1,38204,34438,364,364,34943,34438,81,0,0,False,den520d-random-9.scen,220
220,den520d.map,planner,1,38204,34438,364,364,34943,34438,81,0,0,True,den520d-random-9.scen,220
220,den520d.map,planner,1,38204,34438,364,364,34943,34438,79,0,1,False,den520d-random-9.scen,220
220,den520d.map,planner,1,38197,34438,364,364,34976,34438,81,0,1,True,den520d-random-9.scen,220
220,den520d.map,planner,1,38204,34438,364,364,34943,34438,75,0,10,False,den520d-random-9.scen,220
220,den520d.map,planner,1,38197,34438,364,364,34976,34438,79,0,10,True,den520d-random-9.scen,220
220,den520d.map,planner,1,38204,34438,364,364,34943,34438,81,0,100,False,den520d-random-9.scen,220
220,den520d.map,planner,1,38197,34438,364,364,34976,34438,86,0,100,True,den520d-random-9.scen,220
220,den520d.map,planner,1,38204,34438,364,364,34943,34438,84,0,1000,False,den520d-random-9.scen,220
220,den520d.map,planner,1,38197,34438,364,364,34976,34438,83,0,1000,True,den520d-random-9.scen,220
260,den520d.map,planner,1,46100,41155,399,399,41999,41155,96,0,0,False,den520d-random-9.scen,260
260,den520d.map,planner,1,46100,41155,399,399,41999,41155,99,0,0,True,den520d-random-9.scen,260
260,den520d.map,planner,1,46100,41155,399,399,41999,41155,108,0,1,False,den520d-random-9.scen,260
260,den520d.map,planner,1,46156,41155,399,399,41931,41155,100,0,1,True,den520d-random-9.scen,260
260,den520d.map,planner,1,46100,41155,399,399,41999,41155,101,0,10,False,den520d-random-9.scen,260
260,den520d.map,planner,1,46156,41155,399,399,41931,41155,95,0,10,True,den520d-random-9.scen,260
260,den520d.map,planner,1,46100,41155,399,399,41999,41155,101,0,100,False,den520d-random-9.scen,260
260,den520d.map,planner,1,46156,41155,399,399,41931,41155,103,0,100,True,den520d-random-9.scen,260
260,den520d.map,planner,1,46100,41155,399,399,41999,41155,98,0,1000,False,den520d-random-9.scen,260
260,den520d.map,planner,1,46156,41155,399,399,41931,41155,96,0,1000,True,den520d-random-9.scen,260
300,den520d.map,planner,1,56232,48653,399,399,49828,48653,123,0,0,False,den520d-random-9.scen,300
300,den520d.map,planner,1,56232,48653,399,399,49828,48653,127,0,0,True,den520d-random-9.scen,300
300,den520d.map,planner,1,56232,48653,399,399,49828,48653,114,0,1,False,den520d-random-9.scen,300
300,den520d.map,planner,1,55989,48653,399,399,49719,48653,115,0,1,True,den520d-random-9.scen,300
300,den520d.map,planner,1,56232,48653,399,399,49828,48653,109,0,10,False,den520d-random-9.scen,300
300,den520d.map,planner,1,55989,48653,399,399,49719,48653,120,0,10,True,den520d-random-9.scen,300
300,den520d.map,planner,1,56232,48653,399,399,49828,48653,123,0,100,False,den520d-random-9.scen,300
300,den520d.map,planner,1,55989,48653,399,399,49719,48653,116,0,100,True,den520d-random-9.scen,300
300,den520d.map,planner,1,56232,48653,399,399,49828,48653,114,0,1000,False,den520d-random-9.scen,300
300,den520d.map,planner,1,55989,48653,399,399,49719,48653,109,0,1000,True,den520d-random-9.scen,300
340,den520d.map,planner,1,65077,54926,399,399,56491,54926,141,0,0,False,den520d-random-9.scen,340
340,den520d.map,planner,1,65077,54926,399,399,56491,54926,134,0,0,True,den520d-random-9.scen,340
340,den520d.map,planner,1,65077,54926,399,399,56491,54926,131,0,1,False,den520d-random-9.scen,340
340,den520d.map,planner,1,63425,54926,399,399,56206,54926,136,0,1,True,den520d-random-9.scen,340
340,den520d.map,planner,1,65077,54926,399,399,56491,54926,131,0,10,False,den520d-random-9.scen,340
340,den520d.map,planner,1,63425,54926,399,399,56206,54926,124,0,10,True,den520d-random-9.scen,340
340,den520d.map,planner,1,65077,54926,399,399,56491,54926,138,0,100,False,den520d-random-9.scen,340
340,den520d.map,planner,1,63425,54926,399,399,56206,54926,139,0,100,True,den520d-random-9.scen,340
340,den520d.map,planner,1,65077,54926,399,399,56491,54926,132,0,1000,False,den520d-random-9.scen,340
340,den520d.map,planner,1,63425,54926,399,399,56206,54926,136,0,1000,True,den520d-random-9.scen,340
380,den520d.map,planner,1,73948,62756,399,399,64783,62756,154,0,0,False,den520d-random-9.scen,380
380,den520d.map,planner,1,73948,62756,399,399,64783,62756,153,0,0,True,den520d-random-9.scen,380
380,den520d.map,planner,1,73948,62756,399,399,64783,62756,148,0,1,False,den520d-random-9.scen,380
380,den520d.map,planner,1,72941,62756,399,399,64415,62756,149,0,1,True,den520d-random-9.scen,380
380,den520d.map,planner,1,73948,62756,399,399,64783,62756,165,0,10,False,den520d-random-9.scen,380
380,den520d.map,planner,1,72941,62756,399,399,64415,62756,167,0,10,True,den520d-random-9.scen,380
380,den520d.map,planner,1,73948,62756,399,399,64783,62756,146,0,100,False,den520d-random-9.scen,380
380,den520d.map,planner,1,72941,62756,399,399,64415,62756,156,0,100,True,den520d-random-9.scen,380
380,den520d.map,planner,1,73948,62756,399,399,64783,62756,154,0,1000,False,den520d-random-9.scen,380
380,den520d.map,planner,1,72941,62756,399,399,64415,62756,165,0,1000,True,den520d-random-9.scen,380
420,den520d.map,planner,1,81441,69114,399,399,71499,69114,178,0,0,False,den520d-random-9.scen,420
420,den520d.map,planner,1,81441,69114,399,399,71499,69114,165,0,0,True,den520d-random-9.scen,420
420,den520d.map,planner,1,81441,69114,399,399,71499,69114,173,0,1,False,den520d-random-9.scen,420
420,den520d.map,planner,1,81135,69114,399,399,70874,69114,176,0,1,True,den520d-random-9.scen,420
420,den520d.map,planner,1,81441,69114,399,399,71499,69114,164,0,10,False,den520d-random-9.scen,420
420,den520d.map,planner,1,81135,69114,399,399,70874,69114,177,0,10,True,den520d-random-9.scen,420
420,den520d.map,planner,1,81441,69114,399,399,71499,69114,177,0,100,False,den520d-random-9.scen,420
420,den520d.map,planner,1,81135,69114,399,399,70874,69114,174,0,100,True,den520d-random-9.scen,420
420,den520d.map,planner,1,81441,69114,399,399,71499,69114,159,0,1000,False,den520d-random-9.scen,420
420,den520d.map,planner,1,81135,69114,399,399,70874,69114,185,0,1000,True,den520d-random-9.scen,420
460,den520d.map,planner,1,91758,76945,401,401,80018,76945,189,0,0,False,den520d-random-9.scen,460
460,den520d.map,planner,1,91758,76945,401,401,80018,76945,202,0,0,True,den520d-random-9.scen,460
460,den520d.map,planner,1,91758,76945,401,401,80018,76945,199,0,1,False,den520d-random-9.scen,460
460,den520d.map,planner,1,91122,76945,401,401,79079,76945,197,0,1,True,den520d-random-9.scen,460
460,den520d.map,planner,1,91758,76945,401,401,80018,76945,204,0,10,False,den520d-random-9.scen,460
460,den520d.map,planner,1,89731,76945,401,401,79036,76945,213,0,10,True,den520d-random-9.scen,460
460,den520d.map,planner,1,91758,76945,401,401,80018,76945,191,0,100,False,den520d-random-9.scen,460
460,den520d.map,planner,1,89731,76945,401,401,79036,76945,208,0,100,True,den520d-random-9.scen,460
460,den520d.map,planner,1,91758,76945,401,401,80018,76945,190,0,1000,False,den520d-random-9.scen,460
460,den520d.map,planner,1,89731,76945,401,401,79036,76945,195,0,1000,True,den520d-random-9.scen,460
500,den520d.map,planner,1,100756,83540,401,401,86876,83540,221,0,0,False,den520d-random-9.scen,500
500,den520d.map,planner,1,100756,83540,401,401,86876,83540,217,0,0,True,den520d-random-9.scen,500
500,den520d.map,planner,1,100756,83540,401,401,86876,83540,213,0,1,False,den520d-random-9.scen,500
500,den520d.map,planner,1,98570,83540,403,401,85951,83540,210,0,1,True,den520d-random-9.scen,500
500,den520d.map,planner,1,100756,83540,401,401,86876,83540,217,0,10,False,den520d-random-9.scen,500
500,den520d.map,planner,1,97039,83540,401,401,85907,83540,249,0,10,True,den520d-random-9.scen,500
500,den520d.map,planner,1,100756,83540,401,401,86876,83540,225,0,100,False,den520d-random-9.scen,500
500,den520d.map,planner,1,96905,83540,401,401,85809,83540,331,0,100,True,den520d-random-9.scen,500
500,den520d.map,planner,1,100756,83540,401,401,86876,83540,211,0,1000,False,den520d-random-9.scen,500
500,den520d.map,planner,1,96905,83540,401,401,85809,83540,334,0,1000,True,den520d-random-9.scen,500
540,den520d.map,planner,1,110306,90986,401,401,95152,90986,243,0,0,False,den520d-random-9.scen,540
540,den520d.map,planner,1,110306,90986,401,401,95152,90986,231,0,0,True,den520d-random-9.scen,540
540,den520d.map,planner,1,110306,90986,401,401,95152,90986,224,0,1,False,den520d-random-9.scen,540
540,den520d.map,planner,1,108573,90986,404,401,93887,90986,252,0,1,True,den520d-random-9.scen,540
540,den520d.map,planner,1,110306,90986,401,401,95152,90986,245,0,10,False,den520d-random-9.scen,540
540,den520d.map,planner,1,108558,90986,406,401,93887,90986,263,0,10,True,den520d-random-9.scen,540
540,den520d.map,planner,1,110306,90986,401,401,95152,90986,213,0,100,False,den520d-random-9.scen,540
540,den520d.map,planner,1,107641,90986,403,401,93829,90986,417,0,100,True,den520d-random-9.scen,540
540,den520d.map,planner,1,110306,90986,401,401,95152,90986,227,0,1000,False,den520d-random-9.scen,540
540,den520d.map,planner,1,107530,90986,403,401,93797,90986,510,0,1000,True,den520d-random-9.scen,540
580,den520d.map,planner,1,120549,98511,401,401,103364,98511,266,0,0,False,den520d-random-9.scen,580
580,den520d.map,planner,1,120549,98511,401,401,103364,98511,266,0,0,True,den520d-random-9.scen,580
580,den520d.map,planner,1,120549,98511,401,401,103364,98511,252,0,1,False,den520d-random-9.scen,580
580,den520d.map,planner,1,116943,98511,402,401,101626,98511,262,0,1,True,den520d-random-9.scen,580
580,den520d.map,planner,1,120549,98511,401,401,103364,98511,261,0,10,False,den520d-random-9.scen,580
580,den520d.map,planner,1,117860,98511,402,401,101665,98511,368,0,10,True,den520d-random-9.scen,580
580,den520d.map,planner,1,120549,98511,401,401,103364,98511,246,0,100,False,den520d-random-9.scen,580
580,den520d.map,planner,1,117685,98511,402,401,101602,98511,767,0,100,True,den520d-random-9.scen,580
580,den520d.map,planner,1,120549,98511,401,401,103364,98511,245,0,1000,False,den520d-random-9.scen,580
580,den520d.map,planner,1,117703,98511,402,401,101571,98511,3003,0,1000,True,den520d-random-9.scen,580
20,den520d.map,planner,1,4201,4194,341,341,4201,4194,9,0,0,False,den520d-random-4.scen,20
20,den520d.map,planner,1,4201,4194,341,341,4201,4194,9,0,0,True,den520d-random-4.scen,20
20,den520d.map,planner,1,4201,4194,341,341,4201,4194,8,0,1,False,den520d-random-4.scen,20
20,den520d.map,planner,1,4201,4194,341,341,4201,4194,8,0,1,True,den520d-random-4.scen,20
20,den520d.map,planner,1,4201,4194,341,341,4201,4194,8,0,10,False,den520d-random-4.scen,20
20,den520d.map,planner,1,4201,4194,341,341,4201,4194,8,0,10,True,den520d-random-4.scen,20
20,den520d.map,planner,1,4201,4194,341,341,4201,4194,10,0,100,False,den520d-random-4.scen,20
20,den520d.map,planner,1,4201,4194,341,341,4201,4194,10,0,100,True,den520d-random-4.scen,20
20,den520d.map,planner,1,4201,4194,341,341,4201,4194,8,0,1000,False,den520d-random-4.scen,20
20,den520d.map,planner,1,4201,4194,341,341,4201,4194,8,0,1000,True,den520d-random-4.scen,20
60,den520d.map,planner,1,10950,10455,341,341,10526,10455,25,0,0,False,den520d-random-4.scen,60
60,den520d.map,planner,1,10950,10455,341,341,10526,10455,23,0,0,True,den520d-random-4.scen,60
60,den520d.map,planner,1,10950,10455,341,341,10526,10455,23,0,1,False,den520d-random-4.scen,60
60,den520d.map,planner,1,10950,10455,341,341,10526,10455,23,0,1,True,den520d-random-4.scen,60
60,den520d.map,planner,1,10950,10455,341,341,10526,10455,20,0,10,False,den520d-random-4.scen,60
60,den520d.map,planner,1,10950,10455,341,341,10526,10455,24,0,10,True,den520d-random-4.scen,60
60,den520d.map,planner,1,10950,10455,341,341,10526,10455,24,0,100,False,den520d-random-4.scen,60
60,den520d.map,planner,1,10950,10455,341,341,10526,10455,21,0,100,True,den520d-random-4.scen,60
60,den520d.map,planner,1,10950,10455,341,341,10526,10455,20,0,1000,False,den520d-random-4.scen,60
60,den520d.map,planner,1,10950,10455,341,341,10526,10455,21,0,1000,True,den520d-random-4.scen,60
100,den520d.map,planner,1,18066,16820,367,367,17057,16820,40,0,0,False,den520d-random-4.scen,100
100,den520d.map,planner,1,18066,16820,367,367,17057,16820,39,0,0,True,den520d-random-4.scen,100
100,den520d.map,planner,1,18066,16820,367,367,17057,16820,40,0,1,False,den520d-random-4.scen,100
100,den520d.map,planner,1,18200,16820,367,367,17050,16820,36,0,1,True,den520d-random-4.scen,100
100,den520d.map,planner,1,18066,16820,367,367,17057,16820,43,0,10,False,den520d-random-4.scen,100
100,den520d.map,planner,1,18200,16820,367,367,17050,16820,43,0,10,True,den520d-random-4.scen,100
100,den520d.map,planner,1,18066,16820,367,367,17057,16820,37,0,100,False,den520d-random-4.scen,100
100,den520d.map,planner,1,18200,16820,367,367,17050,16820,37,0,100,True,den520d-random-4.scen,100
100,den520d.map,planner,1,18066,16820,367,367,17057,16820,38,0,1000,False,den520d-random-4.scen,100
100,den520d.map,planner,1,18200,16820,367,367,17050,16820,38,0,1000,True,den520d-random-4.scen,100
140,den520d.map,planner,1,25516,23047,367,367,23442,23047,50,0,0,False,den520d-random-4.scen,140
140,den520d.map,planner,1,25516,23047,367,367,23442,23047,54,0,0,True,den520d-random-4.scen,140
140,den520d.map,planner,1,25516,23047,367,367,23442,23047,60,0,1,False,den520d-random-4.scen,140
140,den520d.map,planner,1,25240,23047,367,367,23358,23047,59,0,1,True,den520d-random-4.scen,140
140,den520d.map,planner,1,25516,23047,367,367,23442,23047,51,0,10,False,den520d-random-4.scen,140
140,den520d.map,planner,1,25240,23047,367,367,23358,23047,54,0,10,True,den520d-random-4.scen,140
140,den520d.map,planner,1,25516,23047,367,367,23442,23047,55,0,100,False,den520d-random-4.scen,140
140,den520d.map,planner,1,25240,23047,367,367,23358,23047,51,0,100,True,den520d-random-4.scen,140
140,den520d.map,planner,1,25516,23047,367,367,23442,23047,52,0,1000,False,den520d-random-4.scen,140
140,den520d.map,planner,1,25240,23047,367,367,23358,23047,55,0,1000,True,den520d-random-4.scen,140
180,den520d.map,planner,1,32271,29230,367,367,29770,29230,65,0,0,False,den520d-random-4.scen,180
180,den520d.map,planner,1,32271,29230,367,367,29770,29230,71,0,0,True,den520d-random-4.scen,180
180,den520d.map,planner,1,32271,29230,367,367,29770,29230,68,0,1,False,den520d-random-4.scen,180
180,den520d.map,planner,1,32376,29230,367,367,29732,29230,70,0,1,True,den520d-random-4.scen,180
180,den520d.map,planner,1,32271,29230,367,367,29770,29230,71,0,10,False,den520d-random-4.scen,180
180,den520d.map,planner,1,32376,29230,367,367,29732,29230,67,0,10,True,den520d-random-4.scen,180
180,den520d.map,planner,1,32271,29230,367,367,29770,29230,67,0,100,False,den520d-random-4.scen,180
180,den520d.map,planner,1,32376,29230,367,367,29732,29230,70,0,100,True,den520d-random-4.scen,180
180,den520d.map,planner,1,32271,29230,367,367,29770,29230,58,0,1000,False,den520d-random-4.scen,180
180,den520d.map,planner,1,32376,29230,367,367,29732,29230,68,0,1000,True,den520d-random-4.scen,180
220,den520d.map,planner,1,40575,36146,411,411,36804,36146,78,0,0,False,den520d-random-4.scen,220
220,den520d.map,planner,1,40575,36146,411,411,36804,36146,84,0,0,True,den520d-random-4.scen,220
220,den520d.map,planner,1,40575,36146,411,411,36804,36146,87,0,1,False,den520d-random-4.scen,220
220,den520d.map,planner,1,40317,36146,411,411,36793,36146,88,0,1,True,den520d-random-4.scen,220
220,den520d.map,planner,1,40575,36146,411,411,36804,36146,95,0,10,False,den520d-random-4.scen,220
220,den520d.map,planner,1,40317,36146,411,411,36793,36146,84,0,10,True,den520d-random-4.scen,220
220,den520d.map,planner,1,40575,36146,411,411,36804,36146,87,0,100,False,den520d-random-4.scen,220
220,den520d.map,planner,1,40317,36146,411,411,36793,36146,94,0,100,True,den520d-random-4.scen,220
220,den520d.map,planner,1,40575,36146,411,411,36804,36146,96,0,1000,False,den520d-random-4.scen,220
220,den520d.map,planner,1,40317,36146,411,411,36793,36146,87,0,1000,True,den520d-random-4.scen,220
260,den520d.map,planner,1,48494,42651,411,411,43677,42651,95,0,0,False,den520d-random-4.scen,260
260,den520d.map,planner,1,48494,42651,411,411,43677,42651,96,0,0,True,den520d-random-4.scen,260
260,den520d.map,planner,1,48494,42651,411,411,43677,42651,106,0,1,False,den520d-random-4.scen,260
260,den520d.map,planner,1,47977,42651,411,411,43503,42651,101,0,1,True,den520d-random-4.scen,260
260,den520d.map,planner,1,48494,42651,411,411,43677,42651,100,0,10,False,den520d-random-4.scen,260
260,den520d.map,planner,1,47977,42651,411,411,43503,42651,112,0,10,True,den520d-random-4.scen,260
260,den520d.map,planner,1,48494,42651,411,411,43677,42651,112,0,100,False,den520d-random-4.scen,260
260,den520d.map,planner,1,47977,42651,411,411,43503,42651,99,0,100,True,den520d-random-4.scen,260
260,den520d.map,planner,1,48494,42651,411,411,43677,42651,98,0,1000,False,den520d-random-4.scen,260
260,den520d.map,planner,1,47977,42651,411,411,43503,42651,113,0,1000,True,den520d-random-4.scen,260
300,den520d.map,planner,1,57477,50267,411,411,51530,50267,115,0,0,False,den520d-random-4.scen,300
300,den520d.map,planner,1,57477,50267,411,411,51530,50267,122,0,0,True,den520d-random-4.scen,300
300,den520d.map,planner,1,57477,50267,411,411,51530,50267,124,0,1,False,den520d-random-4.scen,300
300,den520d.map,planner,1,57437,50267,411,411,51358,50267,124,0,1,True,den520d-random-4.scen,300
300,den520d.map,planner,1,57477,50267,411,411,51530,50267,121,0,10,False,den520d-random-4.scen,300
300,den520d.map,planner,1,57437,50267,411,411,51358,50267,114,0,10,True,den520d-random-4.scen,300
300,den520d.map,planner,1,57477,50267,411,411,51530,50267,115,0,100,False,den520d-random-4.scen,300
300,den520d.map,planner,1,57437,50267,411,411,51358,50267,123,0,100,True,den520d-random-4.scen,300
300,den520d.map,planner,1,57477,50267,411,411,51530,50267,116,0,1000,False,den520d-random-4.scen,300
300,den520d.map,planner,1,57437,50267,411,411,51358,50267,123,0,1000,True,den520d-random-4.scen,300
340,den520d.map,planner,1,66963,57329,411,411,59088,57329,145,0,0,False,den520d-random-4.scen,340
340,den520d.map,planner,1,66963,57329,411,411,59088,57329,139,0,0,True,den520d-random-4.scen,340
340,den520d.map,planner,1,66963,57329,411,411,59088,57329,150,0,1,False,den520d-random-4.scen,340
340,den520d.map,planner,1,65759,57329,411,411,58731,57329,139,0,1,True,den520d-random-4.scen,340
340,den520d.map,planner,1,66963,57329,411,411,59088,57329,143,0,10,False,den520d-random-4.scen,340
340,den520d.map,planner,1,65759,57329,411,411,58731,57329,142,0,10,True,den520d-random-4.scen,340
340,den520d.map,planner,1,66963,57329,411,411,59088,57329,150,0,100,False,den520d-random-4.scen,340
340,den520d.map,planner,1,65759,57329,411,411,58731,57329,137,0,100,True,den520d-random-4.scen,340
340,den520d.map,planner,1,66963,57329,411,411,59088,57329,135,0,1000,False,den520d-random-4.scen,340
340,den520d.map,planner,1,65759,57329,411,411,58731,57329,137,0,1000,True,den520d-random-4.scen,340
380,den520d.map,planner,1,74743,64230,411,411,66288,64230,170,0,0,False,den520d-random-4.scen,380
380,den520d.map,planner,1,74743,64230,411,411,66288,64230,158,0,0,True,den520d-random-4.scen,380
380,den520d.map,planner,1,74743,64230,411,411,66288,64230,149,0,1,False,den520d-random-4.scen,380
380,den520d.map,planner,1,74572,64230,411,411,65736,64230,171,0,1,True,den520d-random-4.scen,380
380,den520d.map,planner,1,74743,64230,411,411,66288,64230,157,0,10,False,den520d-random-4.scen,380
380,den520d.map,planner,1,74167,64230,411,411,65751,64230,178,0,10,True,den520d-random-4.scen,380
380,den520d.map,planner,1,74743,64230,411,411,66288,64230,155,0,100,False,den520d-random-4.scen,380
380,den520d.map,planner,1,74167,64230,411,411,65751,64230,170,0,100,True,den520d-random-4.scen,380
380,den520d.map,planner,1,74743,64230,411,411,66288,64230,156,0,1000,False,den520d-random-4.scen,380
380,den520d.map,planner,1,74167,64230,411,411,65751,64230,172,0,1000,True,den520d-random-4.scen,380
420,den520d.map,planner,1,83106,70979,411,411,73319,70979,192,0,0,False,den520d-random-4.scen,420
420,den520d.map,planner,1,83106,70979,411,411,73319,70979,190,0,0,True,den520d-random-4.scen,420
420,den520d.map,planner,1,83106,70979,411,411,73319,70979,172,0,1,False,den520d-random-4.scen,420
420,den520d.map,planner,1,82685,70979,411,411,72731,70979,185,0,1,True,den520d-random-4.scen,420
420,den520d.map,planner,1,83106,70979,411,411,73319,70979,166,0,10,False,den520d-random-4.scen,420
420,den520d.map,planner,1,82361,70979,411,411,72817,70979,167,0,10,True,den520d-random-4.scen,420
420,den520d.map,planner,1,83106,70979,411,411,73319,70979,178,0,100,False,den520d-random-4.scen,420
420,den520d.map,planner,1,82361,70979,411,411,72817,70979,173,0,100,True,den520d-random-4.scen,420
420,den520d.map,planner,1,83106,70979,411,411,73319,70979,183,0,1000,False,den520d-random-4.scen,420
420,den520d.map,planner,1,82361,70979,411,411,72817,70979,189,0,1000,True,den520d-random-4.scen,420
460,den520d.map,planner,1,93200,77946,411,411,81058,77946,194,0,0,False,den520d-random-4.scen,460
460,den520d.map,planner,1,93200,77946,411,411,81058,77946,188,0,0,True,den520d-random-4.scen,460
460,den520d.map,planner,1,93200,77946,411,411,81058,77946,191,0,1,False,den520d-random-4.scen,460
460,den520d.map,planner,1,90937,77946,411,411,79868,77946,205,0,1,True,den520d-random-4.scen,460
460,den520d.map,planner,1,93200,77946,411,411,81058,77946,181,0,10,False,den520d-random-4.scen,460
460,den520d.map,planner,1,91997,77946,411,411,79852,77946,229,0,10,True,den520d-random-4.scen,460
460,den520d.map,planner,1,93200,77946,411,411,81058,77946,198,0,100,False,den520d-random-4.scen,460
460,den520d.map,planner,1,91703,77946,411,411,79890,77946,324,0,100,True,den520d-random-4.scen,460
460,den520d.map,planner,1,93200,77946,411,411,81058,77946,192,0,1000,False,den520d-random-4.scen,460
460,den520d.map,planner,1,90888,77946,411,411,79882,77946,328,0,1000,True,den520d-random-4.scen,460
500,den520d.map,planner,1,102346,84321,411,411,87835,84321,216,0,0,False,den520d-random-4.scen,500
500,den520d.map,planner,1,102346,84321,411,411,87835,84321,203,0,0,True,den520d-random-4.scen,500
500,den520d.map,planner,1,102346,84321,411,411,87835,84321,201,0,1,False,den520d-random-4.scen,500
500,den520d.map,planner,1,100001,84321,413,411,86640,84321,234,0,1,True,den520d-random-4.scen,500
500,den520d.map,planner,1,102346,84321,411,411,87835,84321,208,0,10,False,den520d-random-4.scen,500
500,den520d.map,planner,1,100897,84321,415,411,86660,84321,356,0,10,True,den520d-random-4.scen,500
500,den520d.map,planner,1,102346,84321,411,411,87835,84321,221,0,100,False,den520d-random-4.scen,500
500,den520d.map,planner,1,100295,84321,415,411,86601,84321,372,0,100,True,den520d-random-4.scen,500
500,den520d.map,planner,1,102346,84321,411,411,87835,84321,212,0,1000,False,den520d-random-4.scen,500
500,den520d.map,planner,1,100295,84321,415,411,86601,84321,394,0,1000,True,den520d-random-4.scen,500
540,den520d.map,planner,1,113002,92499,411,411,96819,92499,220,0,0,False,den520d-random-4.scen,540
540,den520d.map,planner,1,113002,92499,411,411,96819,92499,221,0,0,True,den520d-random-4.scen,540
540,den520d.map,planner,1,113002,92499,411,411,96819,92499,242,0,1,False,den520d-random-4.scen,540
540,den520d.map,planner,1,110913,92499,411,411,95339,92499,272,0,1,True,den520d-random-4.scen,540
540,den520d.map,planner,1,113002,92499,411,411,96819,92499,236,0,10,False,den520d-random-4.scen,540
540,den520d.map,planner,1,110767,92499,413,411,95249,92499,534,0,10,True,den520d-random-4.scen,540
540,den520d.map,planner,1,113002,92499,411,411,96819,92499,229,0,100,False,den520d-random-4.scen,540
540,den520d.map,planner,1,110683,92499,411,411,95256,92499,2975,0,100,True,den520d-random-4.scen,540
540,den520d.map,planner,1,113002,92499,411,411,96819,92499,238,0,1000,False,den520d-random-4.scen,540
540,den520d.map,planner,1,109832,92499,411,411,95112,92499,9457,0,1000,True,den520d-random-4.scen,540
580,den520d.map,planner,1,122220,99728,411,411,104527,99728,259,0,0,False,den520d-random-4.scen,580
580,den520d.map,planner,1,122220,99728,411,411,104527,99728,246,0,0,True,den520d-random-4.scen,580
580,den520d.map,planner,1,122220,99728,411,411,104527,99728,257,0,1,False,den520d-random-4.scen,580
580,den520d.map,planner,1,120154,99728,413,411,102929,99728,298,0,1,True,den520d-random-4.scen,580
580,den520d.map,planner,1,122220,99728,411,411,104527,99728,260,0,10,False,den520d-random-4.scen,580
580,den520d.map,planner,1,121991,99728,411,411,102961,99728,684,0,10,True,den520d-random-4.scen,580
580,den520d.map,planner,1,122220,99728,411,411,104527,99728,255,0,100,False,den520d-random-4.scen,580
580,den520d.map,planner,1,119879,99728,413,411,102759,99728,3355,0,100,True,den520d-random-4.scen,580
580,den520d.map,planner,1,122220,99728,411,411,104527,99728,273,0,1000,False,den520d-random-4.scen,580
580,den520d.map,planner,1,118793,99728,411,411,102771,99728,15320,0,1000,True,den520d-random-4.scen,580
20,den520d.map,planner,1,3022,3019,325,325,3022,3019,6,0,0,False,den520d-random-5.scen,20
20,den520d.map,planner,1,3022,3019,325,325,3022,3019,6,0,0,True,den520d-random-5.scen,20
20,den520d.map,planner,1,3022,3019,325,325,3022,3019,6,0,1,False,den520d-random-5.scen,20
20,den520d.map,planner,1,3022,3019,325,325,3022,3019,6,0,1,True,den520d-random-5.scen,20
20,den520d.map,planner,1,3022,3019,325,325,3022,3019,6,0,10,False,den520d-random-5.scen,20
20,den520d.map,planner,1,3022,3019,325,325,3022,3019,6,0,10,True,den520d-random-5.scen,20
20,den520d.map,planner,1,3022,3019,325,325,3022,3019,7,0,100,False,den520d-random-5.scen,20
20,den520d.map,planner,1,3022,3019,325,325,3022,3019,6,0,100,True,den520d-random-5.scen,20
20,den520d.map,planner,1,3022,3019,325,325,3022,3019,6,0,1000,False,den520d-random-5.scen,20
20,den520d.map,planner,1,3022,3019,325,325,3022,3019,7,0,1000,True,den520d-random-5.scen,20
60,den520d.map,planner,1,9977,9708,357,357,9753,9708,24,0,0,False,den520d-random-5.scen,60
60,den520d.map,planner,1,9977,9708,357,357,9753,9708,24,0,0,True,den520d-random-5.scen,60
60,den520d.map,planner,1,9977,9708,357,357,9753,9708,21,0,1,False,den520d-random-5.scen,60
60,den520d.map,planner,1,9977,9708,357,357,9753,9708,21,0,1,True,den520d-random-5.scen,60
60,den520d.map,planner,1,9977,9708,357,357,9753,9708,20,0,10,False,den520d-random-5.scen,60
60,den520d.map,planner,1,9977,9708,357,357,9753,9708,20,0,10,True,den520d-random-5.scen,60
60,den520d.map,planner,1,9977,9708,357,357,9753,9708,20,0,100,False,den520d-random-5.scen,60
60,den520d.map,planner,1,9977,9708,357,357,9753,9708,23,0,100,True,den520d-random-5.scen,60
60,den520d.map,planner,1,9977,9708,357,357,9753,9708,23,0,1000,False,den520d-random-5.scen,60
60,den520d.map,planner,1,9977,9708,357,357,9753,9708,22,0,1000,True,den520d-random-5.scen,60
100,den520d.map,planner,1,17515,16213,357,357,16438,16213,34,0,0,False,den520d-random-5.scen,100
100,den520d.map,planner,1,17515,16213,357,357,16438,16213,36,0,0,True,den520d-random-5.scen,100
100,den520d.map,planner,1,17515,16213,357,357,16438,16213,33,0,1,False,den520d-random-5.scen,100
100,den520d.map,planner,1,17764,16213,357,357,16409,16213,34,0,1,True,den520d-random-5.scen,100
100,den520d.map,planner,1,17515,16213,357,357,16438,16213,38,0,10,False,den520d-random-5.scen,100
100,den520d.map,planner,1,17764,16213,357,357,16409,16213,38,0,10,True,den520d-random-5.scen,100
100,den520d.map,planner,1,17515,16213,357,357,16438,16213,32,0,100,False,den520d-random-5.scen,100
100,den520d.map,planner,1,17764,16213,357,357,16409,16213,35,0,100,True,den520d-random-5.scen,100
100,den520d.map,planner,1,17515,16213,357,357,16438,16213,36,0,1000,False,den520d-random-5.scen,100
100,den520d.map,planner,1,17764,16213,357,357,16409,16213,32,0,1000,True,den520d-random-5.scen,100
140,den520d.map,planner,1,26416,23483,361,361,23853,23483,53,0,0,False,den520d-random-5.scen,140
140,den520d.map,planner,1,26416,23483,361,361,23853,23483,56,0,0,True,den520d-random-5.scen,140
140,den520d.map,planner,1,26416,23483,361,361,23853,23483,51,0,1,False,den520d-random-5.scen,140
140,den520d.map,planner,1,25634,23483,361,361,23866,23483,57,0,1,True,den520d-random-5.scen,140
140,den520d.map,planner,1,26416,23483,361,361,23853,23483,50,0,10,False,den520d-random-5.scen,140
140,den520d.map,planner,1,25634,23483,361,361,23866,23483,50,0,10,True,den520d-random-5.scen,140
140,den520d.map,planner,1,26416,23483,361,361,23853,23483,52,0,100,False,den520d-random-5.scen,140
140,den520d.map,planner,1,25634,23483,361,361,23866,23483,58,0,100,True,den520d-random-5.scen,140
140,den520d.map,planner,1,26416,23483,361,361,23853,23483,50,0,1000,False,den520d-random-5.scen,140
140,den520d.map,planner,1,25634,23483,361,361,23866,23483,49,0,1000,True,den520d-random-5.scen,140
180,den520d.map,planner,1,32860,29813,383,383,30362,29813,66,0,0,False,den520d-random-5.scen,180
180,den520d.map,planner,1,32860,29813,383,383,30362,29813,70,0,0,True,den520d-random-5.scen,180
180,den520d.map,planner,1,32860,29813,383,383,30362,29813,64,0,1,False,den520d-random-5.scen,180
180,den520d.map,planner,1,33109,29813,383,383,30311,29813,70,0,1,True,den520d-random-5.scen,180
180,den520d.map,planner,1,32860,29813,383,383,30362,29813,70,0,10,False,den520d-random-5.scen,180
180,den520d.map,planner,1,33109,29813,383,383,30311,29813,68,0,10,True,den520d-random-5.scen,180
180,den520d.map,planner,1,32860,29813,383,383,30362,29813,63,0,100,False,den520d-random-5.scen,180
180,den520d.map,planner,1,33109,29813,383,383,30311,29813,65,0,100,True,den520d-random-5.scen,180
180,den520d.map,planner,1,32860,29813,383,383,30362,29813,70,0,1000,False,den520d-random-5.scen,180
180,den520d.map,planner,1,33109,29813,383,383,30311,29813,70,0,1000,True,den520d-random-5.scen,180
220,den520d.map,planner,1,42217,36796,383,383,37625,36796,84,0,0,False,den520d-random-5.scen,220
220,den520d.map,planner,1,42217,36796,383,383,37625,36796,81,0,0,True,den520d-random-5.scen,220
220,den520d.map,planner,1,42217,36796,383,383,37625,36796,91,0,1,False,den520d-random-5.scen,220
220,den520d.map,planner,1,42086,36796,383,383,37550,36796,91,0,1,True,den520d-random-5.scen,220
220,den520d.map,planner,1,42217,36796,383,383,37625,36796,98,0,10,False,den520d-random-5.scen,220
220,den520d.map,planner,1,42086,36796,383,383,37550,36796,79,0,10,True,den520d-random-5.scen,220
220,den520d.map,planner,1,42217,36796,383,383,37625,36796,87,0,100,False,den520d-random-5.scen,220
220,den520d.map,planner,1,42086,36796,383,383,37550,36796,84,0,100,True,den520d-random-5.scen,220
220,den520d.map,planner,1,42217,36796,383,383,37625,36796,84,0,1000,False,den520d-random-5.scen,220
220,den520d.map,planner,1,42086,36796,383,383,37550,36796,89,0,1000,True,den520d-random-5.scen,220
260,den520d.map,planner,1,49124,43547,383,383,44751,43547,98,0,0,False,den520d-random-5.scen,260
260,den520d.map,planner,1,49124,43547,383,383,44751,43547,101,0,0,True,den520d-random-5.scen,260
260,den520d.map,planner,1,49124,43547,383,383,44751,43547,100,0,1,False,den520d-random-5.scen,260
260,den520d.map,planner,1,49384,43547,383,383,44534,43547,98,0,1,True,den520d-random-5.scen,260
260,den520d.map,planner,1,49124,43547,383,383,44751,43547,98,0,10,False,den520d-random-5.scen,260
260,den520d.map,planner,1,49384,43547,383,383,44534,43547,95,0,10,True,den520d-random-5.scen,260
260,den520d.map,planner,1,49124,43547,383,383,44751,43547,94,0,100,False,den520d-random-5.scen,260
260,den520d.map,planner,1,49384,43547,383,383,44534,43547,101,0,100,True,den520d-random-5.scen,260
260,den520d.map,planner,1,49124,43547,383,383,44751,43547,93,0,1000,False,den520d-random-5.scen,260
260,den520d.map,planner,1,49384,43547,383,383,44534,43547,96,0,1000,True,den520d-random-5.scen,260
300,den520d.map,planner,1,58965,50168,383,383,51728,50168,122,0,0,False,den520d-random-5.scen,300
300,den520d.map,planner,1,58965,50168,383,383,51728,50168,118,0,0,True,den520d-random-5.scen,300
300,den520d.map,planner,1,58965,50168,383,383,51728,50168,120,0,1,False,den520d-random-5.scen,300
300,den520d.map,planner,1,57473,50168,383,383,51378,50168,117,0,1,True,den520d-random-5.scen,300
300,den520d.map,planner,1,58965,50168,383,383,51728,50168,126,0,10,False,den520d-random-5.scen,300
300,den520d.map,planner,1,57473,50168,383,383,51378,50168,126,0,10,True,den520d-random-5.scen,300
300,den520d.map,planner,1,58965,50168,383,383,51728,50168,119,0,100,False,den520d-random-5.scen,300
300,den520d.map,planner,1,57473,50168,383,383,51378,50168,117,0,100,True,den520d-random-5.scen,300
300,den520d.map,planner,1,58965,50168,383,383,51728,50168,124,0,1000,False,den520d-random-5.scen,300
300,den520d.map,planner,1,57473,50168,383,383,51378,50168,112,0,1000,True,den520d-random-5.scen,300
340,den520d.map,planner,1,67772,57233,383,383,59012,57233,144,0,0,False,den520d-random-5.scen,340
340,den520d.map,planner,1,67772,57233,383,383,59012,57233,126,0,0,True,den520d-random-5.scen,340
340,den520d.map,planner,1,67772,57233,383,383,59012,57233,137,0,1,False,den520d-random-5.scen,340
340,den520d.map,planner,1,66086,57233,383,383,58904,57233,134,0,1,True,den520d-random-5.scen,340
340,den520d.map,planner,1,67772,57233,383,383,59012,57233,135,0,10,False,den520d-random-5.scen,340
340,den520d.map,planner,1,66086,57233,383,383,58904,57233,137,0,10,True,den520d-random-5.scen,340
340,den520d.map,planner,1,67772,57233,383,383,59012,57233,137,0,100,False,den520d-random-5.scen,340
340,den520d.map,planner,1,66086,57233,383,383,58904,57233,140,0,100,True,den520d-random-5.scen,340
340,den520d.map,planner,1,67772,57233,383,383,59012,57233,132,0,1000,False,den520d-random-5.scen,340
340,den520d.map,planner,1,66086,57233,383,383,58904,57233,140,0,1000,True,den520d-random-5.scen,340
380,den520d.map,planner,1,77031,64514,383,383,66946,64514,144,0,0,False,den520d-random-5.scen,380
380,den520d.map,planner,1,77031,64514,383,383,66946,64514,142,0,0,True,den520d-random-5.scen,380
380,den520d.map,planner,1,77031,64514,383,383,66946,64514,159,0,1,False,den520d-random-5.scen,380
380,den520d.map,planner,1,76500,64514,383,383,66398,64514,160,0,1,True,den520d-random-5.scen,380
380,den520d.map,planner,1,77031,64514,383,383,66946,64514,160,0,10,False,den520d-random-5.scen,380
380,den520d.map,planner,1,76500,64514,383,383,66398,64514,164,0,10,True,den520d-random-5.scen,380
380,den520d.map,planner,1,77031,64514,383,383,66946,64514,150,0,100,False,den520d-random-5.scen,380
380,den520d.map,planner,1,76500,64514,383,383,66398,64514,169,0,100,True,den520d-random-5.scen,380
380,den520d.map,planner,1,77031,64514,383,383,66946,64514,142,0,1000,False,den520d-random-5.scen,380
380,den520d.map,planner,1,76500,64514,383,383,66398,64514,158,0,1000,True,den520d-random-5.scen,380
420,den520d.map,planner,1,85481,71162,385,385,74066,71162,169,0,0,False,den520d-random-5.scen,420
420,den520d.map,planner,1,85481,71162,385,385,74066,71162,178,0,0,True,den520d-random-5.scen,420
420,den520d.map,planner,1,85481,71162,385,385,74066,71162,173,0,1,False,den520d-random-5.scen,420
420,den520d.map,planner,1,85017,71162,385,385,73363,71162,168,0,1,True,den520d-random-5.scen,420
420,den520d.map,planner,1,85481,71162,385,385,74066,71162,171,0,10,False,den520d-random-5.scen,420
420,den520d.map,planner,1,84301,71162,385,385,73307,71162,180,0,10,True,den520d-random-5.scen,420
420,den520d.map,planner,1,85481,71162,385,385,74066,71162,172,0,100,False,den520d-random-5.scen,420
420,den520d.map,planner,1,84301,71162,385,385,73307,71162,188,0,100,True,den520d-random-5.scen,420
420,den520d.map,planner,1,85481,71162,385,385,74066,71162,165,0,1000,False,den520d-random-5.scen,420
420,den520d.map,planner,1,84301,71162,385,385,73307,71162,184,0,1000,True,den520d-random-5.scen,420
460,den520d.map,planner,1,95549,78361,392,392,81790,78361,191,0,0,False,den520d-random-5.scen,460
460,den520d.map,planner,1,95549,78361,392,392,81790,78361,199,0,0,True,den520d-random-5.scen,460
460,den520d.map,planner,1,95549,78361,392,392,81790,78361,193,0,1,False,den520d-random-5.scen,460
460,den520d.map,planner,1,92843,78361,396,392,80890,78361,194,0,1,True,den520d-random-5.scen,460
460,den520d.map,planner,1,95549,78361,392,392,81790,78361,191,0,10,False,den520d-random-5.scen,460
460,den520d.map,planner,1,94638,78361,396,392,80946,78361,212,0,10,True,den520d-random-5.scen,460
460,den520d.map,planner,1,95549,78361,392,392,81790,78361,203,0,100,False,den520d-random-5.scen,460
460,den520d.map,planner,1,94638,78361,396,392,80946,78361,213,0,100,True,den520d-random-5.scen,460
460,den520d.map,planner,1,95549,78361,392,392,81790,78361,197,0,1000,False,den520d-random-5.scen,460
460,den520d.map,planner,1,94638,78361,396,392,80946,78361,198,0,1000,True,den520d-random-5.scen,460
500,den520d.map,planner,1,104005,85369,392,392,89411,85369,228,0,0,False,den520d-random-5.scen,500
500,den520d.map,planner,1,104005,85369,392,392,89411,85369,218,0,0,True,den520d-random-5.scen,500
500,den520d.map,planner,1,104005,85369,392,392,89411,85369,223,0,1,False,den520d-random-5.scen,500
500,den520d.map,planner,1,103401,85369,393,392,88305,85369,214,0,1,True,den520d-random-5.scen,500
500,den520d.map,planner,1,104005,85369,392,392,89411,85369,210,0,10,False,den520d-random-5.scen,500
500,den520d.map,planner,1,103175,85369,393,392,88305,85369,241,0,10,True,den520d-random-5.scen,500
500,den520d.map,planner,1,104005,85369,392,392,89411,85369,203,0,100,False,den520d-random-5.scen,500
500,den520d.map,planner,1,103372,85369,393,392,88324,85369,340,0,100,True,den520d-random-5.scen,500
500,den520d.map,planner,1,104005,85369,392,392,89411,85369,208,0,1000,False,den520d-random-5.scen,500
500,den520d.map,planner,1,103137,85369,393,392,88373,85369,616,0,1000,True,den520d-random-5.scen,500
540,den520d.map,planner,1,115234,93302,392,392,97984,93302,224,0,0,False,den520d-random-5.scen,540
540,den520d.map,planner,1,115234,93302,392,392,97984,93302,219,0,0,True,den520d-random-5.scen,540
540,den520d.map,planner,1,115234,93302,392,392,97984,93302,230,0,1,False,den520d-random-5.scen,540
540,den520d.map,planner,1,113894,93302,392,392,96546,93302,258,0,1,True,den520d-random-5.scen,540
540,den520d.map,planner,1,115234,93302,392,392,97984,93302,241,0,10,False,den520d-random-5.scen,540
540,den520d.map,planner,1,114454,93302,392,392,96536,93302,323,0,10,True,den520d-random-5.scen,540
540,den520d.map,planner,1,115234,93302,392,392,97984,93302,225,0,100,False,den520d-random-5.scen,540
540,den520d.map,planner,1,113426,93302,394,392,96551,93302,463,0,100,True,den520d-random-5.scen,540
540,den520d.map,planner,1,115234,93302,392,392,97984,93302,234,0,1000,False,den520d-random-5.scen,540
540,den520d.map,planner,1,113426,93302,394,392,96551,93302,437,0,1000,True,den520d-random-5.scen,540
580,den520d.map,planner,1,125077,99969,392,392,105213,99969,238,0,0,False,den520d-random-5.scen,580
580,den520d.map,planner,1,125077,99969,392,392,105213,99969,262,0,0,True,den520d-random-5.scen,580
580,den520d.map,planner,1,125077,99969,392,392,105213,99969,251,0,1,False,den520d-random-5.scen,580
580,den520d.map,planner,1,122548,99969,393,392,103688,99969,294,0,1,True,den520d-random-5.scen,580
580,den520d.map,planner,1,125077,99969,392,392,105213,99969,248,0,10,False,den520d-random-5.scen,580
580,den520d.map,planner,1,122613,99969,393,392,103508,99969,432,0,10,True,den520d-random-5.scen,580
580,den520d.map,planner,1,125077,99969,392,392,105213,99969,245,0,100,False,den520d-random-5.scen,580
580,den520d.map,planner,1,121693,99969,393,392,103432,99969,932,0,100,True,den520d-random-5.scen,580
580,den520d.map,planner,1,125077,99969,392,392,105213,99969,250,0,1000,False,den520d-random-5.scen,580
580,den520d.map,planner,1,120941,99969,395,392,103409,99969,2818,0,1000,True,den520d-random-5.scen,580
20,den520d.map,planner,1,3616,3611,336,336,3616,3611,7,0,0,False,den520d-random-16.scen,20
20,den520d.map,planner,1,3616,3611,336,336,3616,3611,7,0,0,True,den520d-random-16.scen,20
20,den520d.map,planner,1,3616,3611,336,336,3616,3611,8,0,1,False,den520d-random-16.scen,20
20,den520d.map,planner,1,3616,3611,336,336,3616,3611,9,0,1,True,den520d-random-16.scen,20
20,den520d.map,planner,1,3616,3611,336,336,3616,3611,7,0,10,False,den520d-random-16.scen,20
20,den520d.map,planner,1,3616,3611,336,336,3616,3611,8,0,10,True,den520d-random-16.scen,20
20,den520d.map,planner,1,3616,3611,336,336,3616,3611,7,0,100,False,den520d-random-16.scen,20
20,den520d.map,planner,1,3616,3611,336,336,3616,3611,7,0,100,True,den520d-random-16.scen,20
20,den520d.map,planner,1,3616,3611,336,336,3616,3611,7,0,1000,False,den520d-random-16.scen,20
20,den520d.map,planner,1,3616,3611,336,336,3616,3611,7,0,1000,True,den520d-random-16.scen,20
60,den520d.map,planner,1,11164,10352,362,362,10411,10352,23,0,0,False,den520d-random-16.scen,60
60,den520d.map,planner,1,11164,10352,362,362,10411,10352,24,0,0,True,den520d-random-16.scen,60
60,den520d.map,planner,1,11164,10352,362,362,10411,10352,20,0,1,False,den520d-random-16.scen,60
60,den520d.map,planner,1,11164,10352,362,362,10411,10352,21,0,1,True,den520d-random-16.scen,60
60,den520d.map,planner,1,11164,10352,362,362,10411,10352,20,0,10,False,den520d-random-16.scen,60
60,den520d.map,planner,1,11164,10352,362,362,10411,10352,22,0,10,True,den520d-random-16.scen,60
60,den520d.map,planner,1,11164,10352,362,362,10411,10352,23,0,100,False,den520d-random-16.scen,60
60,den520d.map,planner,1,11164,10352,362,362,10411,10352,22,0,100,True,den520d-random-16.scen,60
60,den520d.map,planner,1,11164,10352,362,362,10411,10352,21,0,1000,False,den520d-random-16.scen,60
60,den520d.map,planner,1,11164,10352,362,362,10411,10352,24,0,1000,True,den520d-random-16.scen,60
100,den520d.map,planner,1,18855,17348,368,368,17495,17348,40,0,0,False,den520d-random-16.scen,100
100,den520d.map,planner,1,18855,17348,368,368,17495,17348,34,0,0,True,den520d-random-16.scen,100
100,den520d.map,planner,1,18855,17348,368,368,17495,17348,40,0,1,False,den520d-random-16.scen,100
100,den520d.map,planner,1,18790,17348,368,368,17517,17348,38,0,1,True,den520d-random-16.scen,100
100,den520d.map,planner,1,18855,17348,368,368,17495,17348,39,0,10,False,den520d-random-16.scen,100
100,den520d.map,planner,1,18790,17348,368,368,17517,17348,35,0,10,True,den520d-random-16.scen,100
100,den520d.map,planner,1,18855,17348,368,368,17495,17348,36,0,100,False,den520d-random-16.scen,100
100,den520d.map,planner,1,18790,17348,368,368,17517,17348,42,0,100,True,den520d-random-16.scen,100
100,den520d.map,planner,1,18855,17348,368,368,17495,17348,39,0,1000,False,den520d-random-16.scen,100
100,den520d.map,planner,1,18790,17348,368,368,17517,17348,35,0,1000,True,den520d-random-16.scen,100
140,den520d.map,planner,1,27163,24153,416,416,24517,24153,60,0,0,False,den520d-random-16.scen,140
140,den520d.map,planner,1,27163,24153,416,416,24517,24153,50,0,0,True,den520d-random-16.scen,140
140,den520d.map,planner,1,27163,24153,416,416,24517,24153,62,0,1,False,den520d-random-16.scen,140
140,den520d.map,planner,1,27056,24153,416,416,24469,24153,58,0,1,True,den520d-random-16.scen,140
140,den520d.map,planner,1,27163,24153,416,416,24517,24153,54,0,10,False,den520d-random-16.scen,140
140,den520d.map,planner,1,27056,24153,416,416,24469,24153,52,0,10,True,den520d-random-16.scen,140
140,den520d.map,planner,1,27163,24153,416,416,24517,24153,58,0,100,False,den520d-random-16.scen,140
140,den520d.map,planner,1,27056,24153,416,416,24469,24153,55,0,100,True,den520d-random-16.scen,140
140,den520d.map,planner,1,27163,24153,416,416,24517,24153,51,0,1000,False,den520d-random-16.scen,140
140,den520d.map,planner,1,27056,24153,416,416,24469,24153,54,0,1000,True,den520d-random-16.scen,140
180,den520d.map,planner,1,35054,30752,416,416,31304,30752,67,0,0,False,den520d-random-16.scen,180
180,den520d.map,planner,1,35054,30752,416,416,31304,30752,74,0,0,True,den520d-random-16.scen,180
180,den520d.map,planner,1,35054,30752,416,416,31304,30752,61,0,1,False,den520d-random-16.scen,180
180,den520d.map,planner,1,34828,30752,416,416,31265,30752,66,0,1,True,den520d-random-16.scen,180
180,den520d.map,planner,1,35054,30752,416,416,31304,30752,66,0,10,False,den520d-random-16.scen,180
180,den520d.map,planner,1,34828,30752,416,416,31265,30752,72,0,10,True,den520d-random-16.scen,180
180,den520d.map,planner,1,35054,30752,416,416,31304,30752,69,0,100,False,den520d-random-16.scen,180
180,den520d.map,planner,1,34828,30752,416,416,31265,30752,76,0,100,True,den520d-random-16.scen,180
180,den520d.map,planner,1,35054,30752,416,416,31304,30752,70,0,1000,False,den520d-random-16.scen,180
180,den520d.map,planner,1,34828,30752,416,416,31265,30752,71,0,1000,True,den520d-random-16.scen,180
220,den520d.map,planner,1,43237,37489,416,416,38246,37489,84,0,0,False,den520d-random-16.scen,220
220,den520d.map,planner,1,43237,37489,416,416,38246,37489,88,0,0,True,den520d-random-16.scen,220
220,den520d.map,planner,1,43237,37489,416,416,38246,37489,89,0,1,False,den520d-random-16.scen,220
220,den520d.map,planner,1,43528,37489,416,416,38175,37489,84,0,1,True,den520d-random-16.scen,220
220,den520d.map,planner,1,43237,37489,416,416,38246,37489,92,0,10,False,den520d-random-16.scen,220
220,den520d.map,planner,1,43528,37489,416,416,38175,37489,82,0,10,True,den520d-random-16.scen,220
220,den520d.map,planner,1,43237,37489,416,416,38246,37489,78,0,100,False,den520d-random-16.scen,220
220,den520d.map,planner,1,43528,37489,416,416,38175,37489,90,0,100,True,den520d-random-16.scen,220
220,den520d.map,planner,1,43237,37489,416,416,38246,37489,82,0,1000,False,den520d-random-16.scen,220
220,den520d.map,planner,1,43528,37489,416,416,38175,37489,92,0,1000,True,den520d-random-16.scen,220
260,den520d.map,planner,1,52052,43920,416,416,44911,43920,103,0,0,False,den520d-random-16.scen,260
260,den520d.map,planner,1,52052,43920,416,416,44911,43920,116,0,0,True,den520d-random-16.scen,260
260,den520d.map,planner,1,52052,43920,416,416,44911,43920,105,0,1,False,den520d-random-16.scen,260
260,den520d.map,planner,1,50949,43920,416,416,44859,43920,102,0,1,True,den520d-random-16.scen,260
260,den520d.map,planner,1,52052,43920,416,416,44911,43920,113,0,10,False,den520d-random-16.scen,260
260,den520d.map,planner,1,50949,43920,416,416,44859,43920,107,0,10,True,den520d-random-16.scen,260
260,den520d.map,planner,1,52052,43920,416,416,44911,43920,109,0,100,False,den520d-random-16.scen,260
260,den520d.map,planner,1,50949,43920,416,416,44859,43920,106,0,100,True,den520d-random-16.scen,260
260,den520d.map,planner,1,52052,43920,416,416,44911,43920,111,0,1000,False,den520d-random-16.scen,260
260,den520d.map,planner,1,50949,43920,416,416,44859,43920,106,0,1000,True,den520d-random-16.scen,260
300,den520d.map,planner,1,60230,50973,416,416,52287,50973,111,0,0,False,den520d-random-16.scen,300
300,den520d.map,planner,1,60230,50973,416,416,52287,50973,118,0,0,True,den520d-random-16.scen,300
300,den520d.map,planner,1,60230,50973,416,416,52287,50973,124,0,1,False,den520d-random-16.scen,300
300,den520d.map,planner,1,60255,50973,416,416,52359,50973,119,0,1,True,den520d-random-16.scen,300
300,den520d.map,planner,1,60230,50973,416,416,52287,50973,123,0,10,False,den520d-random-16.scen,300
300,den520d.map,planner,1,60255,50973,416,416,52359,50973,119,0,10,True,den520d-random-16.scen,300
300,den520d.map,planner,1,60230,50973,416,416,52287,50973,112,0,100,False,den520d-random-16.scen,300
300,den520d.map,planner,1,60255,50973,416,416,52359,50973,117,0,100,True,den520d-random-16.scen,300
300,den520d.map,planner,1,60230,50973,416,416,52287,50973,117,0,1000,False,den520d-random-16.scen,300
300,den520d.map,planner,1,60255,50973,416,416,52359,50973,121,0,1000,True,den520d-random-16.scen,300
340,den520d.map,planner,1,69953,57615,416,416,59561,57615,142,0,0,False,den520d-random-16.scen,340
340,den520d.map,planner,1,69953,57615,416,416,59561,57615,140,0,0,True,den520d-random-16.scen,340
340,den520d.map,planner,1,69953,57615,416,416,59561,57615,133,0,1,False,den520d-random-16.scen,340
340,den520d.map,planner,1,69488,57615,416,416,59205,57615,143,0,1,True,den520d-random-16.scen,340
340,den520d.map,planner,1,69953,57615,416,416,59561,57615,127,0,10,False,den520d-random-16.scen,340
340,den520d.map,planner,1,69488,57615,416,416,59205,57615,135,0,10,True,den520d-random-16.scen,340
340,den520d.map,planner,1,69953,57615,416,416,59561,57615,137,0,100,False,den520d-random-16.scen,340
340,den520d.map,planner,1,69488,57615,416,416,59205,57615,145,0,100,True,den520d-random-16.scen,340
340,den520d.map,planner,1,69953,57615,416,416,59561,57615,138,0,1000,False,den520d-random-16.scen,340
340,den520d.map,planner,1,69488,57615,416,416,59205,57615,132,0,1000,True,den520d-random-16.scen,340
380,den520d.map,planner,1,80524,65401,416,416,67853,65401,173,0,0,False,den520d-random-16.scen,380
380,den520d.map,planner,1,80524,65401,416,416,67853,65401,174,0,0,True,den520d-random-16.scen,380
380,den520d.map,planner,1,80524,65401,416,416,67853,65401,161,0,1,False,den520d-random-16.scen,380
380,den520d.map,planner,1,79328,65401,417,416,67272,65401,165,0,1,True,den520d-random-16.scen,380
380,den520d.map,planner,1,80524,65401,416,416,67853,65401,151,0,10,False,den520d-random-16.scen,380
380,den520d.map,planner,1,79328,65401,417,416,67272,65401,152,0,10,True,den520d-random-16.scen,380
380,den520d.map,planner,1,80524,65401,416,416,67853,65401,154,0,100,False,den520d-random-16.scen,380
380,den520d.map,planner,1,79328,65401,417,416,67272,65401,170,0,100,True,den520d-random-16.scen,380
380,den520d.map,planner,1,80524,65401,416,416,67853,65401,163,0,1000,False,den520d-random-16.scen,380
380,den520d.map,planner,1,79328,65401,417,416,67272,65401,170,0,1000,True,den520d-random-16.scen,380
420,den520d.map,planner,1,87994,71131,416,416,73841,71131,176,0,0,False,den520d-random-16.scen,420
420,den520d.map,planner,1,87994,71131,416,416,73841,71131,164,0,0,True,den520d-random-16.scen,420
420,den520d.map,planner,1,87994,71131,416,416,73841,71131,173,0,1,False,den520d-random-16.scen,420
420,den520d.map,planner,1,85618,71131,418,416,73133,71131,171,0,1,True,den520d-random-16.scen,420
420,den520d.map,planner,1,87994,71131,416,416,73841,71131,182,0,10,False,den520d-random-16.scen,420
420,den520d.map,planner,1,85618,71131,418,416,73133,71131,178,0,10,True,den520d-random-16.scen,420
420,den520d.map,planner,1,87994,71131,416,416,73841,71131,167,0,100,False,den520d-random-16.scen,420
420,den520d.map,planner,1,85618,71131,418,416,73133,71131,164,0,100,True,den520d-random-16.scen,420
420,den520d.map,planner,1,87994,71131,416,416,73841,71131,174,0,1000,False,den520d-random-16.scen,420
420,den520d.map,planner,1,85618,71131,418,416,73133,71131,182,0,1000,True,den520d-random-16.scen,420
460,den520d.map,planner,1,96491,77564,416,416,80750,77564,197,0,0,False,den520d-random-16.scen,460
460,den520d.map,planner,1,96491,77564,416,416,80750,77564,190,0,0,True,den520d-random-16.scen,460
460,den520d.map,planner,1,96491,77564,416,416,80750,77564,187,0,1,False,den520d-random-16.scen,460
460,den520d.map,planner,1,94531,77564,416,416,79966,77564,199,0,1,True,den520d-random-16.scen,460
460,den520d.map,planner,1,96491,77564,416,416,80750,77564,192,0,10,False,den520d-random-16.scen,460
460,den520d.map,planner,1,94362,77564,416,416,79989,77564,220,0,10,True,den520d-random-16.scen,460
460,den520d.map,planner,1,96491,77564,416,416,80750,77564,171,0,100,False,den520d-random-16.scen,460
460,den520d.map,planner,1,96333,77564,416,416,80092,77564,207,0,100,True,den520d-random-16.scen,460
460,den520d.map,planner,1,96491,77564,416,416,80750,77564,196,0,1000,False,den520d-random-16.scen,460
460,den520d.map,planner,1,96333,77564,416,416,80092,77564,208,0,1000,True,den520d-random-16.scen,460
500,den520d.map,planner,1,104782,84051,416,416,87784,84051,208,0,0,False,den520d-random-16.scen,500
500,den520d.map,planner,1,104782,84051,416,416,87784,84051,218,0,0,True,den520d-random-16.scen,500
500,den520d.map,planner,1,104782,84051,416,416,87784,84051,203,0,1,False,den520d-random-16.scen,500
500,den520d.map,planner,1,103050,84051,416,416,86799,84051,207,0,1,True,den520d-random-16.scen,500
500,den520d.map,planner,1,104782,84051,416,416,87784,84051,208,0,10,False,den520d-random-16.scen,500
500,den520d.map,planner,1,103955,84051,416,416,86867,84051,232,0,10,True,den520d-random-16.scen,500
500,den520d.map,planner,1,104782,84051,416,416,87784,84051,209,0,100,False,den520d-random-16.scen,500
500,den520d.map,planner,1,103101,84051,418,416,86846,84051,266,0,100,True,den520d-random-16.scen,500
500,den520d.map,planner,1,104782,84051,416,416,87784,84051,207,0,1000,False,den520d-random-16.scen,500
500,den520d.map,planner,1,103101,84051,418,416,86846,84051,255,0,1000,True,den520d-random-16.scen,500
540,den520d.map,planner,1,112986,90496,416,416,94831,90496,233,0,0,False,den520d-random-16.scen,540
540,den520d.map,planner,1,112986,90496,416,416,94831,90496,220,0,0,True,den520d-random-16.scen,540
540,den520d.map,planner,1,112986,90496,416,416,94831,90496,213,0,1,False,den520d-random-16.scen,540
540,den520d.map,planner,1,110936,90496,418,416,93501,90496,246,0,1,True,den520d-random-16.scen,540
540,den520d.map,planner,1,112986,90496,416,416,94831,90496,209,0,10,False,den520d-random-16.scen,540
540,den520d.map,planner,1,112400,90496,418,416,93611,90496,237,0,10,True,den520d-random-16.scen,540
540,den520d.map,planner,1,112986,90496,416,416,94831,90496,212,0,100,False,den520d-random-16.scen,540
540,den520d.map,planner,1,111505,90496,418,416,93612,90496,300,0,100,True,den520d-random-16.scen,540
540,den520d.map,planner,1,112986,90496,416,416,94831,90496,246,0,1000,False,den520d-random-16.scen,540
540,den520d.map,planner,1,111505,90496,418,416,93612,90496,288,0,1000,True,den520d-random-16.scen,540
580,den520d.map,planner,1,124800,97982,416,416,102960,97982,250,0,0,False,den520d-random-16.scen,580
580,den520d.map,planner,1,124800,97982,416,416,102960,97982,240,0,0,True,den520d-random-16.scen,580
580,den520d.map,planner,1,124800,97982,416,416,102960,97982,241,0,1,False,den520d-random-16.scen,580
580,den520d.map,planner,1,121292,97982,416,416,101388,97982,281,0,1,True,den520d-random-16.scen,580
580,den520d.map,planner,1,124800,97982,416,416,102960,97982,258,0,10,False,den520d-random-16.scen,580
580,den520d.map,planner,1,122493,97982,416,416,101433,97982,331,0,10,True,den520d-random-16.scen,580
580,den520d.map,planner,1,124800,97982,416,416,102960,97982,249,0,100,False,den520d-random-16.scen,580
580,den520d.map,planner,1,122128,97982,416,416,101395,97982,455,0,100,True,den520d-random-16.scen,580
580,den520d.map,planner,1,124800,97982,416,416,102960,97982,266,0,1000,False,den520d-random-16.scen,580
580,den520d.map,planner,1,122128,97982,416,416,101395,97982,441,0,1000,True,den520d-random-16.scen,580
20,den520d.map,planner,1,2912,2907,293,293,2912,2907,6,0,0,False,den520d-random-14.scen,20
20,den520d.map,planner,1,2912,2907,293,293,2912,2907,6,0,0,True,den520d-random-14.scen,20
20,den520d.map,planner,1,2912,2907,293,293,2912,2907,6,0,1,False,den520d-random-14.scen,20
20,den520d.map,planner,1,2912,2907,293,293,2912,2907,7,0,1,True,den520d-random-14.scen,20
20,den520d.map,planner,1,2912,2907,293,293,2912,2907,6,0,10,False,den520d-random-14.scen,20
20,den520d.map,planner,1,2912,2907,293,293,2912,2907,6,0,10,True,den520d-random-14.scen,20
20,den520d.map,planner,1,2912,2907,293,293,2912,2907,6,0,100,False,den520d-random-14.scen,20
20,den520d.map,planner,1,2912,2907,293,293,2912,2907,7,0,100,True,den520d-random-14.scen,20
20,den520d.map,planner,1,2912,2907,293,293,2912,2907,6,0,1000,False,den520d-random-14.scen,20
20,den520d.map,planner,1,2912,2907,293,293,2912,2907,6,0,1000,True,den520d-random-14.scen,20
60,den520d.map,planner,1,10208,9523,352,352,9598,9523,20,0,0,False,den520d-random-14.scen,60
60,den520d.map,planner,1,10208,9523,352,352,9598,9523,20,0,0,True,den520d-random-14.scen,60
60,den520d.map,planner,1,10208,9523,352,352,9598,9523,20,0,1,False,den520d-random-14.scen,60
60,den520d.map,planner,1,10208,9523,352,352,9598,9523,21,0,1,True,den520d-random-14.scen,60
60,den520d.map,planner,1,10208,9523,352,352,9598,9523,23,0,10,False,den520d-random-14.scen,60
60,den520d.map,planner,1,10208,9523,352,352,9598,9523,22,0,10,True,den520d-random-14.scen,60
60,den520d.map,planner,1,10208,9523,352,352,9598,9523,21,0,100,False,den520d-random-14.scen,60
60,den520d.map,planner,1,10208,9523,352,352,9598,9523,20,0,100,True,den520d-random-14.scen,60
60,den520d.map,planner,1,10208,9523,352,352,9598,9523,22,0,1000,False,den520d-random-14.scen,60
60,den520d.map,planner,1,10208,9523,352,352,9598,9523,22,0,1000,True,den520d-random-14.scen,60
100,den520d.map,planner,1,17381,16059,373,373,16233,16059,34,0,0,False,den520d-random-14.scen,100
100,den520d.map,planner,1,17381,16059,373,373,16233,16059,41,0,0,True,den520d-random-14.scen,100
100,den520d.map,planner,1,17381,16059,373,373,16233,16059,41,0,1,False,den520d-random-14.scen,100
100,den520d.map,planner,1,17236,16059,373,373,16221,16059,33,0,1,True,den520d-random-14.scen,100
100,den520d.map,planner,1,17381,16059,373,373,16233,16059,37,0,10,False,den520d-random-14.scen,100
100,den520d.map,planner,1,17236,16059,373,373,16221,16059,39,0,10,True,den520d-random-14.scen,100
100,den520d.map,planner,1,17381,16059,373,373,16233,16059,36,0,100,False,den520d-random-14.scen,100
100,den520d.map,planner,1,17236,16059,373,373,16221,16059,39,0,100,True,den520d-random-14.scen,100
100,den520d.map,planner,1,17381,16059,373,373,16233,16059,34,0,1000,False,den520d-random-14.scen,100
100,den520d.map,planner,1,17236,16059,373,373,16221,16059,31,0,1000,True,den520d-random-14.scen,100
140,den520d.map,planner,1,24890,22423,373,373,22825,22423,54,0,0,False,den520d-random-14.scen,140
140,den520d.map,planner,1,24890,22423,373,373,22825,22423,48,0,0,True,den520d-random-14.scen,140
140,den520d.map,planner,1,24890,22423,373,373,22825,22423,54,0,1,False,den520d-random-14.scen,140
140,den520d.map,planner,1,25004,22423,375,373,22839,22423,59,0,1,True,den520d-random-14.scen,140
140,den520d.map,planner,1,24890,22423,373,373,22825,22423,53,0,10,False,den520d-random-14.scen,140
140,den520d.map,planner,1,25004,22423,375,373,22839,22423,49,0,10,True,den520d-random-14.scen,140
140,den520d.map,planner,1,24890,22423,373,373,22825,22423,48,0,100,False,den520d-random-14.scen,140
140,den520d.map,planner,1,25004,22423,375,373,22839,22423,56,0,100,True,den520d-random-14.scen,140
140,den520d.map,planner,1,24890,22423,373,373,22825,22423,54,0,1000,False,den520d-random-14.scen,140
140,den520d.map,planner,1,25004,22423,375,373,22839,22423,55,0,1000,True,den520d-random-14.scen,140
180,den520d.map,planner,1,34123,28902,376,376,29580,28902,70,0,0,False,den520d-random-14.scen,180
180,den520d.map,planner,1,34123,28902,376,376,29580,28902,66,0,0,True,den520d-random-14.scen,180
180,den520d.map,planner,1,34123,28902,376,376,29580,28902,69,0,1,False,den520d-random-14.scen,180
180,den520d.map,planner,1,33676,28902,376,376,29564,28902,72,0,1,True,den520d-random-14.scen,180
180,den520d.map,planner,1,34123,28902,376,376,29580,28902,68,0,10,False,den520d-random-14.scen,180
180,den520d.map,planner,1,33676,28902,376,376,29564,28902,66,0,10,True,den520d-random-14.scen,180
180,den520d.map,planner,1,34123,28902,376,376,29580,28902,72,0,100,False,den520d-random-14.scen,180
180,den520d.map,planner,1,33676,28902,376,376,29564,28902,74,0,100,True,den520d-random-14.scen,180
180,den520d.map,planner,1,34123,28902,376,376,29580,28902,67,0,1000,False,den520d-random-14.scen,180
180,den520d.map,planner,1,33676,28902,376,376,29564,28902,66,0,1000,True,den520d-random-14.scen,180
220,den520d.map,planner,1,41421,35296,376,376,36264,35296,92,0,0,False,den520d-random-14.scen,220
220,den520d.map,planner,1,41421,35296,376,376,36264,35296,82,0,0,True,den520d-random-14.scen,220
220,den520d.map,planner,1,41421,35296,376,376,36264,35296,87,0,1,False,den520d-random-14.scen,220
220,den520d.map,planner,1,40638,35296,376,376,36058,35296,83,0,1,True,den520d-random-14.scen,220
220,den520d.map,planner,1,41421,35296,376,376,36264,35296,87,0,10,False,den520d-random-14.scen,220
220,den520d.map,planner,1,40638,35296,376,376,36058,35296,80,0,10,True,den520d-random-14.scen,220
220,den520d.map,planner,1,41421,35296,376,376,36264,35296,90,0,100,False,den520d-random-14.scen,220
220,den520d.map,planner,1,40638,35296,376,376,36058,35296,87,0,100,True,den520d-random-14.scen,220
220,den520d.map,planner,1,41421,35296,376,376,36264,35296,86,0,1000,False,den520d-random-14.scen,220
220,den520d.map,planner,1,40638,35296,376,376,36058,35296,82,0,1000,True,den520d-random-14.scen,220
260,den520d.map,planner,1,49069,42548,376,376,43660,42548,104,0,0,False,den520d-random-14.scen,260
260,den520d.map,planner,1,49069,42548,376,376,43660,42548,91,0,0,True,den520d-random-14.scen,260
260,den520d.map,planner,1,49069,42548,376,376,43660,42548,94,0,1,False,den520d-random-14.scen,260
260,den520d.map,planner,1,49360,42548,376,376,43534,42548,105,0,1,True,den520d-random-14.scen,260
260,den520d.map,planner,1,49069,42548,376,376,43660,42548,110,0,10,False,den520d-random-14.scen,260
260,den520d.map,planner,1,49360,42548,376,376,43534,42548,100,0,10,True,den520d-random-14.scen,260
260,den520d.map,planner,1,49069,42548,376,376,43660,42548,104,0,100,False,den520d-random-14.scen,260
260,den520d.map,planner,1,49360,42548,376,376,43534,42548,100,0,100,True,den520d-random-14.scen,260
260,den520d.map,planner,1,49069,42548,376,376,43660,42548,106,0,1000,False,den520d-random-14.scen,260
260,den520d.map,planner,1,49360,42548,376,376,43534,42548,95,0,1000,True,den520d-random-14.scen,260
300,den520d.map,planner,1,57235,49277,376,376,50957,49277,122,0,0,False,den520d-random-14.scen,300
300,den520d.map,planner,1,57235,49277,376,376,50957,49277,119,0,0,True,den520d-random-14.scen,300
300,den520d.map,planner,1,57235,49277,376,376,50957,49277,114,0,1,False,den520d-random-14.scen,300
300,den520d.map,planner,1,57376,49277,376,376,50578,49277,113,0,1,True,den520d-random-14.scen,300
300,den520d.map,planner,1,57235,49277,376,376,50957,49277,116,0,10,False,den520d-random-14.scen,300
300,den520d.map,planner,1,57376,49277,376,376,50578,49277,118,0,10,True,den520d-random-14.scen,300
300,den520d.map,planner,1,57235,49277,376,376,50957,49277,111,0,100,False,den520d-random-14.scen,300
300,den520d.map,planner,1,57376,49277,376,376,50578,49277,124,0,100,True,den520d-random-14.scen,300
300,den520d.map,planner,1,57235,49277,376,376,50957,49277,119,0,1000,False,den520d-random-14.scen,300
300,den520d.map,planner,1,57376,49277,376,376,50578,49277,121,0,1000,True,den520d-random-14.scen,300
340,den520d.map,planner,1,66842,56687,376,376,58536,56687,140,0,0,False,den520d-random-14.scen,340
340,den520d.map,planner,1,66842,56687,376,376,58536,56687,137,0,0,True,den520d-random-14.scen,340
340,den520d.map,planner,1,66842,56687,376,376,58536,56687,149,0,1,False,den520d-random-14.scen,340
340,den520d.map,planner,1,66437,56687,376,376,58382,56687,141,0,1,True,den520d-random-14.scen,340
340,den520d.map,planner,1,66842,56687,376,376,58536,56687,127,0,10,False,den520d-random-14.scen,340
340,den520d.map,planner,1,66437,56687,376,376,58382,56687,133,0,10,True,den520d-random-14.scen,340
340,den520d.map,planner,1,66842,56687,376,376,58536,56687,132,0,100,False,den520d-random-14.scen,340
340,den520d.map,planner,1,66437,56687,376,376,58382,56687,131,0,100,True,den520d-random-14.scen,340
340,den520d.map,planner,1,66842,56687,376,376,58536,56687,147,0,1000,False,den520d-random-14.scen,340
340,den520d.map,planner,1,66437,56687,376,376,58382,56687,135,0,1000,True,den520d-random-14.scen,340
380,den520d.map,planner,1,76561,63342,376,376,65637,63342,151,0,0,False,den520d-random-14.scen,380
380,den520d.map,planner,1,76561,63342,376,376,65637,63342,151,0,0,True,den520d-random-14.scen,380
380,den520d.map,planner,1,76561,63342,376,376,65637,63342,144,0,1,False,den520d-random-14.scen,380
380,den520d.map,planner,1,74743,63342,376,376,65145,63342,142,0,1,True,den520d-random-14.scen,380
380,den520d.map,planner,1,76561,63342,376,376,65637,63342,163,0,10,False,den520d-random-14.scen,380
380,den520d.map,planner,1,74743,63342,376,376,65145,63342,152,0,10,True,den520d-random-14.scen,380
380,den520d.map,planner,1,76561,63342,376,376,65637,63342,157,0,100,False,den520d-random-14.scen,380
380,den520d.map,planner,1,74743,63342,376,376,65145,63342,157,0,100,True,den520d-random-14.scen,380
380,den520d.map,planner,1,76561,63342,376,376,65637,63342,158,0,1000,False,den520d-random-14.scen,380
380,den520d.map,planner,1,74743,63342,376,376,65145,63342,158,0,1000,True,den520d-random-14.scen,380
420,den520d.map,planner,1,86109,70528,376,376,73655,70528,169,0,0,False,den520d-random-14.scen,420
420,den520d.map,planner,1,86109,70528,376,376,73655,70528,172,0,0,True,den520d-random-14.scen,420
420,den520d.map,planner,1,86109,70528,376,376,73655,70528,166,0,1,False,den520d-random-14.scen,420
420,den520d.map,planner,1,85107,70528,376,376,72798,70528,172,0,1,True,den520d-random-14.scen,420
420,den520d.map,planner,1,86109,70528,376,376,73655,70528,164,0,10,False,den520d-random-14.scen,420
420,den520d.map,planner,1,85107,70528,376,376,72798,70528,169,0,10,True,den520d-random-14.scen,420
420,den520d.map,planner,1,86109,70528,376,376,73655,70528,175,0,100,False,den520d-random-14.scen,420
420,den520d.map,planner,1,85107,70528,376,376,72798,70528,180,0,100,True,den520d-random-14.scen,420
420,den520d.map,planner,1,86109,70528,376,376,73655,70528,188,0,1000,False,den520d-random-14.scen,420
420,den520d.map,planner,1,85107,70528,376,376,72798,70528,172,0,1000,True,den520d-random-14.scen,420
460,den520d.map,planner,1,96244,78257,379,379,81842,78257,183,0,0,False,den520d-random-14.scen,460
460,den520d.map,planner,1,96244,78257,379,379,81842,78257,195,0,0,True,den520d-random-14.scen,460
460,den520d.map,planner,1,96244,78257,379,379,81842,78257,188,0,1,False,den520d-random-14.scen,460
460,den520d.map,planner,1,95135,78257,379,379,80845,78257,206,0,1,True,den520d-random-14.scen,460
460,den520d.map,planner,1,96244,78257,379,379,81842,78257,185,0,10,False,den520d-random-14.scen,460
460,den520d.map,planner,1,94879,78257,379,379,80744,78257,210,0,10,True,den520d-random-14.scen,460
460,den520d.map,planner,1,96244,78257,379,379,81842,78257,186,0,100,False,den520d-random-14.scen,460
460,den520d.map,planner,1,94879,78257,379,379,80744,78257,214,0,100,True,den520d-random-14.scen,460
460,den520d.map,planner,1,96244,78257,379,379,81842,78257,191,0,1000,False,den520d-random-14.scen,460
460,den520d.map,planner,1,94879,78257,379,379,80744,78257,207,0,1000,True,den520d-random-14.scen,460
500,den520d.map,planner,1,104372,84935,379,379,88901,84935,204,0,0,False,den520d-random-14.scen,500
500,den520d.map,planner,1,104372,84935,379,379,88901,84935,200,0,0,True,den520d-random-14.scen,500
500,den520d.map,planner,1,104372,84935,379,379,88901,84935,207,0,1,False,den520d-random-14.scen,500
500,den520d.map,planner,1,103311,84935,379,379,87870,84935,233,0,1,True,den520d-random-14.scen,500
500,den520d.map,planner,1,104372,84935,379,379,88901,84935,193,0,10,False,den520d-random-14.scen,500
500,den520d.map,planner,1,102987,84935,384,379,87809,84935,239,0,10,True,den520d-random-14.scen,500
500,den520d.map,planner,1,104372,84935,379,379,88901,84935,198,0,100,False,den520d-random-14.scen,500
500,den520d.map,planner,1,103164,84935,380,379,87903,84935,260,0,100,True,den520d-random-14.scen,500
500,den520d.map,planner,1,104372,84935,379,379,88901,84935,206,0,1000,False,den520d-random-14.scen,500
500,den520d.map,planner,1,103164,84935,380,379,87903,84935,248,0,1000,True,den520d-random-14.scen,500
540,den520d.map,planner,1,114346,92808,379,379,97534,92808,226,0,0,False,den520d-random-14.scen,540
540,den520d.map,planner,1,114346,92808,379,379,97534,92808,231,0,0,True,den520d-random-14.scen,540
540,den520d.map,planner,1,114346,92808,379,379,97534,92808,234,0,1,False,den520d-random-14.scen,540
540,den520d.map,planner,1,112204,92808,380,379,96136,92808,273,0,1,True,den520d-random-14.scen,540
540,den520d.map,planner,1,114346,92808,379,379,97534,92808,217,0,10,False,den520d-random-14.scen,540
540,den520d.map,planner,1,112621,92808,380,379,96018,92808,270,0,10,True,den520d-random-14.scen,540
540,den520d.map,planner,1,114346,92808,379,379,97534,92808,236,0,100,False,den520d-random-14.scen,540
540,den520d.map,planner,1,112479,92808,380,379,96110,92808,376,0,100,True,den520d-random-14.scen,540
540,den520d.map,planner,1,114346,92808,379,379,97534,92808,223,0,1000,False,den520d-random-14.scen,540
540,den520d.map,planner,1,112479,92808,380,379,96110,92808,337,0,1000,True,den520d-random-14.scen,540
580,den520d.map,planner,1,122310,99152,379,379,104317,99152,243,0,0,False,den520d-random-14.scen,580
580,den520d.map,planner,1,122310,99152,379,379,104317,99152,248,0,0,True,den520d-random-14.scen,580
580,den520d.map,planner,1,122310,99152,379,379,104317,99152,248,0,1,False,den520d-random-14.scen,580
580,den520d.map,planner,1,121706,99152,383,379,102799,99152,280,0,1,True,den520d-random-14.scen,580
580,den520d.map,planner,1,122310,99152,379,379,104317,99152,242,0,10,False,den520d-random-14.scen,580
580,den520d.map,planner,1,120996,99152,385,379,102710,99152,475,0,10,True,den520d-random-14.scen,580
580,den520d.map,planner,1,122310,99152,379,379,104317,99152,254,0,100,False,den520d-random-14.scen,580
580,den520d.map,planner,1,121604,99152,380,379,102629,99152,1687,0,100,True,den520d-random-14.scen,580
580,den520d.map,planner,1,122310,99152,379,379,104317,99152,239,0,1000,False,den520d-random-14.scen,580
580,den520d.map,planner,1,119880,99152,379,379,102593,99152,5986,0,1000,True,den520d-random-14.scen,580
20,den520d.map,planner,1,3791,3784,320,320,3791,3784,8,0,0,False,den520d-random-25.scen,20
20,den520d.map,planner,1,3791,3784,320,320,3791,3784,8,0,0,True,den520d-random-25.scen,20
20,den520d.map,planner,1,3791,3784,320,320,3791,3784,7,0,1,False,den520d-random-25.scen,20
20,den520d.map,planner,1,3791,3784,320,320,3791,3784,9,0,1,True,den520d-random-25.scen,20
20,den520d.map,planner,1,3791,3784,320,320,3791,3784,8,0,10,False,den520d-random-25.scen,20
20,den520d.map,planner,1,3791,3784,320,320,3791,3784,7,0,10,True,den520d-random-25.scen,20
20,den520d.map,planner,1,3791,3784,320,320,3791,3784,8,0,100,False,den520d-random-25.scen,20
20,den520d.map,planner,1,3791,3784,320,320,3791,3784,8,0,100,True,den520d-random-25.scen,20
20,den520d.map,planner,1,3791,3784,320,320,3791,3784,8,0,1000,False,den520d-random-25.scen,20
20,den520d.map,planner,1,3791,3784,320,320,3791,3784,7,0,1000,True,den520d-random-25.scen,20
60,den520d.map,planner,1,12115,11699,351,351,11765,11699,20,0,0,False,den520d-random-25.scen,60
60,den520d.map,planner,1,12115,11699,351,351,11765,11699,24,0,0,True,den520d-random-25.scen,60
60,den520d.map,planner,1,12115,11699,351,351,11765,11699,24,0,1,False,den520d-random-25.scen,60
60,den520d.map,planner,1,12248,11699,353,351,11776,11699,24,0,1,True,den520d-random-25.scen,60
60,den520d.map,planner,1,12115,11699,351,351,11765,11699,22,0,10,False,den520d-random-25.scen,60
60,den520d.map,planner,1,12248,11699,353,351,11776,11699,23,0,10,True,den520d-random-25.scen,60
60,den520d.map,planner,1,12115,11699,351,351,11765,11699,24,0,100,False,den520d-random-25.scen,60
60,den520d.map,planner,1,12248,11699,353,351,11776,11699,25,0,100,True,den520d-random-25.scen,60
60,den520d.map,planner,1,12115,11699,351,351,11765,11699,20,0,1000,False,den520d-random-25.scen,60
60,den520d.map,planner,1,12248,11699,353,351,11776,11699,24,0,1000,True,den520d-random-25.scen,60
100,den520d.map,planner,1,19994,18880,372,372,19055,18880,37,0,0,False,den520d-random-25.scen,100
100,den520d.map,planner,1,19994,18880,372,372,19055,18880,40,0,0,True,den520d-random-25.scen,100
100,den520d.map,planner,1,19994,18880,372,372,19055,18880,43,0,1,False,den520d-random-25.scen,100
100,den520d.map,planner,1,20201,18880,372,372,19070,18880,37,0,1,True,den520d-random-25.scen,100
100,den520d.map,planner,1,19994,18880,372,372,19055,18880,36,0,10,False,den520d-random-25.scen,100
100,den520d.map,planner,1,20201,18880,372,372,19070,18880,41,0,10,True,den520d-random-25.scen,100
100,den520d.map,planner,1,19994,18880,372,372,19055,18880,41,0,100,False,den520d-random-25.scen,100
100,den520d.map,planner,1,20201,18880,372,372,19070,18880,37,0,100,True,den520d-random-25.scen,100
100,den520d.map,planner,1,19994,18880,372,372,19055,18880,39,0,1000,False,den520d-random-25.scen,100
100,den520d.map,planner,1,20201,18880,372,372,19070,18880,38,0,1000,True,den520d-random-25.scen,100
140,den520d.map,planner,1,29337,26673,403,403,26990,26673,56,0,0,False,den520d-random-25.scen,140
140,den520d.map,planner,1,29337,26673,403,403,26990,26673,58,0,0,True,den520d-random-25.scen,140
140,den520d.map,planner,1,29337,26673,403,403,26990,26673,64,0,1,False,den520d-random-25.scen,140
140,den520d.map,planner,1,29192,26673,403,403,26974,26673,66,0,1,True,den520d-random-25.scen,140
140,den520d.map,planner,1,29337,26673,403,403,26990,26673,52,0,10,False,den520d-random-25.scen,140
140,den520d.map,planner,1,29192,26673,403,403,26974,26673,58,0,10,True,den520d-random-25.scen,140
140,den520d.map,planner,1,29337,26673,403,403,26990,26673,56,0,100,False,den520d-random-25.scen,140
140,den520d.map,planner,1,29192,26673,403,403,26974,26673,55,0,100,True,den520d-random-25.scen,140
140,den520d.map,planner,1,29337,26673,403,403,26990,26673,54,0,1000,False,den520d-random-25.scen,140
140,den520d.map,planner,1,29192,26673,403,403,26974,26673,51,0,1000,True,den520d-random-25.scen,140
180,den520d.map,planner,1,38686,34388,403,403,34993,34388,80,0,0,False,den520d-random-25.scen,180
180,den520d.map,planner,1,38686,34388,403,403,34993,34388,77,0,0,True,den520d-random-25.scen,180
180,den520d.map,planner,1,38686,34388,403,403,34993,34388,75,0,1,False,den520d-random-25.scen,180
180,den520d.map,planner,1,37950,34388,403,403,34951,34388,82,0,1,True,den520d-random-25.scen,180
180,den520d.map,planner,1,38686,34388,403,403,34993,34388,72,0,10,False,den520d-random-25.scen,180
180,den520d.map,planner,1,37950,34388,403,403,34951,34388,76,0,10,True,den520d-random-25.scen,180
180,den520d.map,planner,1,38686,34388,403,403,34993,34388,73,0,100,False,den520d-random-25.scen,180
180,den520d.map,planner,1,37950,34388,403,403,34951,34388,75,0,100,True,den520d-random-25.scen,180
180,den520d.map,planner,1,38686,34388,403,403,34993,34388,81,0,1000,False,den520d-random-25.scen,180
180,den520d.map,planner,1,37950,34388,403,403,34951,34388,81,0,1000,True,den520d-random-25.scen,180
220,den520d.map,planner,1,46238,41020,403,403,41792,41020,91,0,0,False,den520d-random-25.scen,220
220,den520d.map,planner,1,46238,41020,403,403,41792,41020,96,0,0,True,den520d-random-25.scen,220
220,den520d.map,planner,1,46238,41020,403,403,41792,41020,95,0,1,False,den520d-random-25.scen,220
220,den520d.map,planner,1,45891,41020,403,403,41665,41020,89,0,1,True,den520d-random-25.scen,220
220,den520d.map,planner,1,46238,41020,403,403,41792,41020,88,0,10,False,den520d-random-25.scen,220
220,den520d.map,planner,1,45891,41020,403,403,41665,41020,93,0,10,True,den520d-random-25.scen,220
220,den520d.map,planner,1,46238,41020,403,403,41792,41020,95,0,100,False,den520d-random-25.scen,220
220,den520d.map,planner,1,45891,41020,403,403,41665,41020,93,0,100,True,den520d-random-25.scen,220
220,den520d.map,planner,1,46238,41020,403,403,41792,41020,90,0,1000,False,den520d-random-25.scen,220
220,den520d.map,planner,1,45891,41020,403,403,41665,41020,103,0,1000,True,den520d-random-25.scen,220
260,den520d.map,planner,1,53589,46887,403,403,48080,46887,104,0,0,False,den520d-random-25.scen,260
260,den520d.map,planner,1,53589,46887,403,403,48080,46887,117,0,0,True,den520d-random-25.scen,260
260,den520d.map,planner,1,53589,46887,403,403,48080,46887,107,0,1,False,den520d-random-25.scen,260
260,den520d.map,planner,1,52775,46887,403,403,47829,46887,115,0,1,True,den520d-random-25.scen,260
260,den520d.map,planner,1,53589,46887,403,403,48080,46887,114,0,10,False,den520d-random-25.scen,260
260,den520d.map,planner,1,52775,46887,403,403,47829,46887,119,0,10,True,den520d-random-25.scen,260
260,den520d.map,planner,1,53589,46887,403,403,48080,46887,112,0,100,False,den520d-random-25.scen,260
260,den520d.map,planner,1,52775,46887,403,403,47829,46887,106,0,100,True,den520d-random-25.scen,260
260,den520d.map,planner,1,53589,46887,403,403,48080,46887,104,0,1000,False,den520d-random-25.scen,260
260,den520d.map,planner,1,52775,46887,403,403,47829,46887,106,0,1000,True,den520d-random-25.scen,260
300,den520d.map,planner,1,61242,52712,403,403,54060,52712,133,0,0,False,den520d-random-25.scen,300
300,den520d.map,planner,1,61242,52712,403,403,54060,52712,123,0,0,True,den520d-random-25.scen,300
300,den520d.map,planner,1,61242,52712,403,403,54060,52712,126,0,1,False,den520d-random-25.scen,300
300,den520d.map,planner,1,60985,52712,405,403,53881,52712,125,0,1,True,den520d-random-25.scen,300
300,den520d.map,planner,1,61242,52712,403,403,54060,52712,129,0,10,False,den520d-random-25.scen,300
300,den520d.map,planner,1,60985,52712,405,403,53881,52712,129,0,10,True,den520d-random-25.scen,300
300,den520d.map,planner,1,61242,52712,403,403,54060,52712,119,0,100,False,den520d-random-25.scen,300
300,den520d.map,planner,1,60985,52712,405,403,53881,52712,132,0,100,True,den520d-random-25.scen,300
300,den520d.map,planner,1,61242,52712,403,403,54060,52712,127,0,1000,False,den520d-random-25.scen,300
300,den520d.map,planner,1,60985,52712,405,403,53881,52712,131,0,1000,True,den520d-random-25.scen,300
340,den520d.map,planner,1,69692,59610,403,403,61489,59610,142,0,0,False,den520d-random-25.scen,340
340,den520d.map,planner,1,69692,59610,403,403,61489,59610,131,0,0,True,den520d-random-25.scen,340
340,den520d.map,planner,1,69692,59610,403,403,61489,59610,145,0,1,False,den520d-random-25.scen,340
340,den520d.map,planner,1,69476,59610,403,403,61118,59610,139,0,1,True,den520d-random-25.scen,340
340,den520d.map,planner,1,69692,59610,403,403,61489,59610,139,0,10,False,den520d-random-25.scen,340
340,den520d.map,planner,1,69476,59610,403,403,61118,59610,141,0,10,True,den520d-random-25.scen,340
340,den520d.map,planner,1,69692,59610,403,403,61489,59610,158,0,100,False,den520d-random-25.scen,340
340,den520d.map,planner,1,69476,59610,403,403,61118,59610,131,0,100,True,den520d-random-25.scen,340
340,den520d.map,planner,1,69692,59610,403,403,61489,59610,141,0,1000,False,den520d-random-25.scen,340
340,den520d.map,planner,1,69476,59610,403,403,61118,59610,152,0,1000,True,den520d-random-25.scen,340
380,den520d.map,planner,1,79891,66761,403,403,69012,66761,159,0,0,False,den520d-random-25.scen,380
380,den520d.map,planner,1,79891,66761,403,403,69012,66761,154,0,0,True,den520d-random-25.scen,380
380,den520d.map,planner,1,79891,66761,403,403,69012,66761,177,0,1,False,den520d-random-25.scen,380
380,den520d.map,planner,1,77748,66761,403,403,68419,66761,178,0,1,True,den520d-random-25.scen,380
380,den520d.map,planner,1,79891,66761,403,403,69012,66761,155,0,10,False,den520d-random-25.scen,380
380,den520d.map,planner,1,78418,66761,403,403,68444,66761,169,0,10,True,den520d-random-25.scen,380
380,den520d.map,planner,1,79891,66761,403,403,69012,66761,146,0,100,False,den520d-random-25.scen,380
380,den520d.map,planner,1,78418,66761,403,403,68444,66761,171,0,100,True,den520d-random-25.scen,380
380,den520d.map,planner,1,79891,66761,403,403,69012,66761,160,0,1000,False,den520d-random-25.scen,380
380,den520d.map,planner,1,78418,66761,403,403,68444,66761,175,0,1000,True,den520d-random-25.scen,380
420,den520d.map,planner,1,88827,74699,403,403,77377,74699,183,0,0,False,den520d-random-25.scen,420
420,den520d.map,planner,1,88827,74699,403,403,77377,74699,180,0,0,True,den520d-random-25.scen,420
420,den520d.map,planner,1,88827,74699,403,403,77377,74699,178,0,1,False,den520d-random-25.scen,420
420,den520d.map,planner,1,87617,74699,403,403,76731,74699,175,0,1,True,den520d-random-25.scen,420
420,den520d.map,planner,1,88827,74699,403,403,77377,74699,183,0,10,False,den520d-random-25.scen,420
420,den520d.map,planner,1,88863,74699,403,403,76736,74699,185,0,10,True,den520d-random-25.scen,420
420,den520d.map,planner,1,88827,74699,403,403,77377,74699,178,0,100,False,den520d-random-25.scen,420
420,den520d.map,planner,1,88863,74699,403,403,76736,74699,212,0,100,True,den520d-random-25.scen,420
420,den520d.map,planner,1,88827,74699,403,403,77377,74699,174,0,1000,False,den520d-random-25.scen,420
420,den520d.map,planner,1,88863,74699,403,403,76736,74699,200,0,1000,True,den520d-random-25.scen,420
460,den520d.map,planner,1,99013,81384,403,403,84665,81384,186,0,0,False,den520d-random-25.scen,460
460,den520d.map,planner,1,99013,81384,403,403,84665,81384,218,0,0,True,den520d-random-25.scen,460
460,den520d.map,planner,1,99013,81384,403,403,84665,81384,204,0,1,False,den520d-random-25.scen,460
460,den520d.map,planner,1,96753,81384,405,403,83754,81384,234,0,1,True,den520d-random-25.scen,460
460,den520d.map,planner,1,99013,81384,403,403,84665,81384,196,0,10,False,den520d-random-25.scen,460
460,den520d.map,planner,1,96828,81384,403,403,83517,81384,220,0,10,True,den520d-random-25.scen,460
460,den520d.map,planner,1,99013,81384,403,403,84665,81384,198,0,100,False,den520d-random-25.scen,460
460,den520d.map,planner,1,97130,81384,403,403,83651,81384,229,0,100,True,den520d-random-25.scen,460
460,den520d.map,planner,1,99013,81384,403,403,84665,81384,190,0,1000,False,den520d-random-25.scen,460
460,den520d.map,planner,1,97130,81384,403,403,83651,81384,231,0,1000,True,den520d-random-25.scen,460
500,den520d.map,planner,1,108117,88706,403,403,92415,88706,213,0,0,False,den520d-random-25.scen,500
500,den520d.map,planner,1,108117,88706,403,403,92415,88706,219,0,0,True,den520d-random-25.scen,500
500,den520d.map,planner,1,108117,88706,403,403,92415,88706,224,0,1,False,den520d-random-25.scen,500
500,den520d.map,planner,1,107975,88706,403,403,91149,88706,235,0,1,True,den520d-random-25.scen,500
500,den520d.map,planner,1,108117,88706,403,403,92415,88706,212,0,10,False,den520d-random-25.scen,500
500,den520d.map,planner,1,106857,88706,403,403,91108,88706,305,0,10,True,den520d-random-25.scen,500
500,den520d.map,planner,1,108117,88706,403,403,92415,88706,227,0,100,False,den520d-random-25.scen,500
500,den520d.map,planner,1,108288,88706,403,403,91306,88706,1340,0,100,True,den520d-random-25.scen,500
500,den520d.map,planner,1,108117,88706,403,403,92415,88706,213,0,1000,False,den520d-random-25.scen,500
500,den520d.map,planner,1,107036,88706,403,403,91173,88706,4797,0,1000,True,den520d-random-25.scen,500
540,den520d.map,planner,1,117887,95501,403,403,100012,95501,229,0,0,False,den520d-random-25.scen,540
540,den520d.map,planner,1,117887,95501,403,403,100012,95501,227,0,0,True,den520d-random-25.scen,540
540,den520d.map,planner,1,117887,95501,403,403,100012,95501,237,0,1,False,den520d-random-25.scen,540
540,den520d.map,planner,1,116068,95501,405,403,98170,95501,286,0,1,True,den520d-random-25.scen,540
540,den520d.map,planner,1,117887,95501,403,403,100012,95501,220,0,10,False,den520d-random-25.scen,540
540,den520d.map,planner,1,117631,95501,403,403,98260,95501,310,0,10,True,den520d-random-25.scen,540
540,den520d.map,planner,1,117887,95501,403,403,100012,95501,239,0,100,False,den520d-random-25.scen,540
540,den520d.map,planner,1,115259,95501,403,403,98208,95501,722,0,100,True,den520d-random-25.scen,540
540,den520d.map,planner,1,117887,95501,403,403,100012,95501,224,0,1000,False,den520d-random-25.scen,540
540,den520d.map,planner,1,116211,95501,403,403,98205,95501,613,0,1000,True,den520d-random-25.scen,540
580,den520d.map,planner,1,128947,101904,403,403,107340,101904,250,0,0,False,den520d-random-25.scen,580
580,den520d.map,planner,1,128947,101904,403,403,107340,101904,248,0,0,True,den520d-random-25.scen,580
580,den520d.map,planner,1,128947,101904,403,403,107340,101904,252,0,1,False,den520d-random-25.scen,580
580,den520d.map,planner,1,126122,101904,405,403,105482,101904,317,0,1,True,den520d-random-25.scen,580
580,den520d.map,planner,1,128947,101904,403,403,107340,101904,240,0,10,False,den520d-random-25.scen,580
580,den520d.map,planner,1,125694,101904,410,403,105224,101904,479,0,10,True,den520d-random-25.scen,580
580,den520d.map,planner,1,128947,101904,403,403,107340,101904,262,0,100,False,den520d-random-25.scen,580
580,den520d.map,planner,1,124145,101904,410,403,105078,101904,773,0,100,True,den520d-random-25.scen,580
580,den520d.map,planner,1,128947,101904,403,403,107340,101904,248,0,1000,False,den520d-random-25.scen,580
580,den520d.map,planner,1,123863,101904,411,403,105048,101904,1356,0,1000,True,den520d-random-25.scen,580
20,den520d.map,planner,1,2983,2981,319,319,2983,2981,10,0,0,False,den520d-random-6.scen,20
20,den520d.map,planner,1,2983,2981,319,319,2983,2981,6,0,0,True,den520d-random-6.scen,20
20,den520d.map,planner,1,2983,2981,319,319,2983,2981,7,0,1,False,den520d-random-6.scen,20
20,den520d.map,planner,1,2983,2981,319,319,2983,2981,6,0,1,True,den520d-random-6.scen,20
20,den520d.map,planner,1,2983,2981,319,319,2983,2981,7,0,10,False,den520d-random-6.scen,20
20,den520d.map,planner,1,2983,2981,319,319,2983,2981,6,0,10,True,den520d-random-6.scen,20
20,den520d.map,planner,1,2983,2981,319,319,2983,2981,6,0,100,False,den520d-random-6.scen,20
20,den520d.map,planner,1,2983,2981,319,319,2983,2981,7,0,100,True,den520d-random-6.scen,20
20,den520d.map,planner,1,2983,2981,319,319,2983,2981,6,0,1000,False,den520d-random-6.scen,20
20,den520d.map,planner,1,2983,2981,319,319,2983,2981,6,0,1000,True,den520d-random-6.scen,20
60,den520d.map,planner,1,10486,10054,335,335,10137,10054,20,0,0,False,den520d-random-6.scen,60
60,den520d.map,planner,1,10486,10054,335,335,10137,10054,23,0,0,True,den520d-random-6.scen,60
60,den520d.map,planner,1,10486,10054,335,335,10137,10054,23,0,1,False,den520d-random-6.scen,60
60,den520d.map,planner,1,10486,10054,335,335,10137,10054,20,0,1,True,den520d-random-6.scen,60
60,den520d.map,planner,1,10486,10054,335,335,10137,10054,19,0,10,False,den520d-random-6.scen,60
60,den520d.map,planner,1,10486,10054,335,335,10137,10054,25,0,10,True,den520d-random-6.scen,60
60,den520d.map,planner,1,10486,10054,335,335,10137,10054,21,0,100,False,den520d-random-6.scen,60
60,den520d.map,planner,1,10486,10054,335,335,10137,10054,21,0,100,True,den520d-random-6.scen,60
60,den520d.map,planner,1,10486,10054,335,335,10137,10054,20,0,1000,False,den520d-random-6.scen,60
60,den520d.map,planner,1,10486,10054,335,335,10137,10054,21,0,1000,True,den520d-random-6.scen,60
100,den520d.map,planner,1,18439,17448,353,353,17611,17448,40,0,0,False,den520d-random-6.scen,100
100,den520d.map,planner,1,18439,17448,353,353,17611,17448,38,0,0,True,den520d-random-6.scen,100
100,den520d.map,planner,1,18439,17448,353,353,17611,17448,41,0,1,False,den520d-random-6.scen,100
100,den520d.map,planner,1,18099,17448,353,353,17583,17448,37,0,1,True,den520d-random-6.scen,100
100,den520d.map,planner,1,18439,17448,353,353,17611,17448,36,0,10,False,den520d-random-6.scen,100
100,den520d.map,planner,1,18099,17448,353,353,17583,17448,36,0,10,True,den520d-random-6.scen,100
100,den520d.map,planner,1,18439,17448,353,353,17611,17448,43,0,100,False,den520d-random-6.scen,100
100,den520d.map,planner,1,18099,17448,353,353,17583,17448,35,0,100,True,den520d-random-6.scen,100
100,den520d.map,planner,1,18439,17448,353,353,17611,17448,43,0,1000,False,den520d-random-6.scen,100
100,den520d.map,planner,1,18099,17448,353,353,17583,17448,42,0,1000,True,den520d-random-6.scen,100
140,den520d.map,planner,1,26304,24577,371,371,24985,24577,52,0,0,False,den520d-random-6.scen,140
140,den520d.map,planner,1,26304,24577,371,371,24985,24577,55,0,0,True,den520d-random-6.scen,140
140,den520d.map,planner,1,26304,24577,371,371,24985,24577,54,0,1,False,den520d-random-6.scen,140
140,den520d.map,planner,1,26329,24577,371,371,25013,24577,54,0,1,True,den520d-random-6.scen,140
140,den520d.map,planner,1,26304,24577,371,371,24985,24577,56,0,10,False,den520d-random-6.scen,140
140,den520d.map,planner,1,26329,24577,371,371,25013,24577,53,0,10,True,den520d-random-6.scen,140
140,den520d.map,planner,1,26304,24577,371,371,24985,24577,59,0,100,False,den520d-random-6.scen,140
140,den520d.map,planner,1,26329,24577,371,371,25013,24577,60,0,100,True,den520d-random-6.scen,140
140,den520d.map,planner,1,26304,24577,371,371,24985,24577,55,0,1000,False,den520d-random-6.scen,140
140,den520d.map,planner,1,26329,24577,371,371,25013,24577,51,0,1000,True,den520d-random-6.scen,140
180,den520d.map,planner,1,36132,32278,371,371,32937,32278,70,0,0,False,den520d-random-6.scen,180
180,den520d.map,planner,1,36132,32278,371,371,32937,32278,74,0,0,True,den520d-random-6.scen,180
180,den520d.map,planner,1,36132,32278,371,371,32937,32278,73,0,1,False,den520d-random-6.scen,180
180,den520d.map,planner,1,36230,32278,371,371,32930,32278,69,0,1,True,den520d-random-6.scen,180
180,den520d.map,planner,1,36132,32278,371,371,32937,32278,67,0,10,False,den520d-random-6.scen,180
180,den520d.map,planner,1,36230,32278,371,371,32930,32278,85,0,10,True,den520d-random-6.scen,180
180,den520d.map,planner,1,36132,32278,371,371,32937,32278,70,0,100,False,den520d-random-6.scen,180
180,den520d.map,planner,1,36230,32278,371,371,32930,32278,76,0,100,True,den520d-random-6.scen,180
180,den520d.map,planner,1,36132,32278,371,371,32937,32278,72,0,1000,False,den520d-random-6.scen,180
180,den520d.map,planner,1,36230,32278,371,371,32930,32278,71,0,1000,True,den520d-random-6.scen,180
220,den520d.map,planner,1,44115,38511,376,376,39470,38511,82,0,0,False,den520d-random-6.scen,220
220,den520d.map,planner,1,44115,38511,376,376,39470,38511,98,0,0,True,den520d-random-6.scen,220
220,den520d.map,planner,1,44115,38511,376,376,39470,38511,86,0,1,False,den520d-random-6.scen,220
220,den520d.map,planner,1,43838,38511,376,376,39357,38511,87,0,1,True,den520d-random-6.scen,220
220,den520d.map,planner,1,44115,38511,376,376,39470,38511,84,0,10,False,den520d-random-6.scen,220
220,den520d.map,planner,1,43838,38511,376,376,39357,38511,99,0,10,True,den520d-random-6.scen,220
220,den520d.map,planner,1,44115,38511,376,376,39470,38511,87,0,100,False,den520d-random-6.scen,220
220,den520d.map,planner,1,43838,38511,376,376,39357,38511,88,0,100,True,den520d-random-6.scen,220
220,den520d.map,planner,1,44115,38511,376,376,39470,38511,96,0,1000,False,den520d-random-6.scen,220
220,den520d.map,planner,1,43838,38511,376,376,39357,38511,90,0,1000,True,den520d-random-6.scen,220
260,den520d.map,planner,1,51265,45531,385,385,46693,45531,105,0,0,False,den520d-random-6.scen,260
260,den520d.map,planner,1,51265,45531,385,385,46693,45531,101,0,0,True,den520d-random-6.scen,260
260,den520d.map,planner,1,51265,45531,385,385,46693,45531,104,0,1,False,den520d-random-6.scen,260
260,den520d.map,planner,1,51839,45531,385,385,46656,45531,112,0,1,True,den520d-random-6.scen,260
260,den520d.map,planner,1,51265,45531,385,385,46693,45531,106,0,10,False,den520d-random-6.scen,260
260,den520d.map,planner,1,51839,45531,385,385,46656,45531,107,0,10,True,den520d-random-6.scen,260
260,den520d.map,planner,1,51265,45531,385,385,46693,45531,107,0,100,False,den520d-random-6.scen,260
260,den520d.map,planner,1,51839,45531,385,385,46656,45531,116,0,100,True,den520d-random-6.scen,260
260,den520d.map,planner,1,51265,45531,385,385,46693,45531,107,0,1000,False,den520d-random-6.scen,260
260,den520d.map,planner,1,51839,45531,385,385,46656,45531,114,0,1000,True,den520d-random-6.scen,260
300,den520d.map,planner,1,60202,52024,385,385,53708,52024,125,0,0,False,den520d-random-6.scen,300
300,den520d.map,planner,1,60202,52024,385,385,53708,52024,124,0,0,True,den520d-random-6.scen,300
300,den520d.map,planner,1,60202,52024,385,385,53708,52024,134,0,1,False,den520d-random-6.scen,300
300,den520d.map,planner,1,59936,52024,385,385,53287,52024,131,0,1,True,den520d-random-6.scen,300
300,den520d.map,planner,1,60202,52024,385,385,53708,52024,126,0,10,False,den520d-random-6.scen,300
300,den520d.map,planner,1,59936,52024,385,385,53287,52024,121,0,10,True,den520d-random-6.scen,300
300,den520d.map,planner,1,60202,52024,385,385,53708,52024,127,0,100,False,den520d-random-6.scen,300
300,den520d.map,planner,1,59936,52024,385,385,53287,52024,127,0,100,True,den520d-random-6.scen,300
300,den520d.map,planner,1,60202,52024,385,385,53708,52024,131,0,1000,False,den520d-random-6.scen,300
300,den520d.map,planner,1,59936,52024,385,385,53287,52024,129,0,1000,True,den520d-random-6.scen,300
340,den520d.map,planner,1,67571,58080,385,385,60217,58080,138,0,0,False,den520d-random-6.scen,340
340,den520d.map,planner,1,67571,58080,385,385,60217,58080,140,0,0,True,den520d-random-6.scen,340
340,den520d.map,planner,1,67571,58080,385,385,60217,58080,144,0,1,False,den520d-random-6.scen,340
340,den520d.map,planner,1,66669,58080,385,385,59733,58080,146,0,1,True,den520d-random-6.scen,340
340,den520d.map,planner,1,67571,58080,385,385,60217,58080,148,0,10,False,den520d-random-6.scen,340
340,den520d.map,planner,1,65936,58080,385,385,59705,58080,155,0,10,True,den520d-random-6.scen,340
340,den520d.map,planner,1,67571,58080,385,385,60217,58080,139,0,100,False,den520d-random-6.scen,340
340,den520d.map,planner,1,65936,58080,385,385,59705,58080,140,0,100,True,den520d-random-6.scen,340
340,den520d.map,planner,1,67571,58080,385,385,60217,58080,145,0,1000,False,den520d-random-6.scen,340
340,den520d.map,planner,1,65936,58080,385,385,59705,58080,148,0,1000,True,den520d-random-6.scen,340
380,den520d.map,planner,1,76747,65137,385,385,67684,65137,162,0,0,False,den520d-random-6.scen,380
380,den520d.map,planner,1,76747,65137,385,385,67684,65137,158,0,0,True,den520d-random-6.scen,380
380,den520d.map,planner,1,76747,65137,385,385,67684,65137,172,0,1,False,den520d-random-6.scen,380
380,den520d.map,planner,1,74906,65137,385,385,66924,65137,168,0,1,True,den520d-random-6.scen,380
380,den520d.map,planner,1,76747,65137,385,385,67684,65137,165,0,10,False,den520d-random-6.scen,380
380,den520d.map,planner,1,75021,65137,385,385,66940,65137,170,0,10,True,den520d-random-6.scen,380
380,den520d.map,planner,1,76747,65137,385,385,67684,65137,148,0,100,False,den520d-random-6.scen,380
380,den520d.map,planner,1,75021,65137,385,385,66940,65137,180,0,100,True,den520d-random-6.scen,380
380,den520d.map,planner,1,76747,65137,385,385,67684,65137,158,0,1000,False,den520d-random-6.scen,380
380,den520d.map,planner,1,75021,65137,385,385,66940,65137,164,0,1000,True,den520d-random-6.scen,380
420,den520d.map,planner,1,87156,73266,385,385,76341,73266,195,0,0,False,den520d-random-6.scen,420
420,den520d.map,planner,1,87156,73266,385,385,76341,73266,174,0,0,True,den520d-random-6.scen,420
420,den520d.map,planner,1,87156,73266,385,385,76341,73266,189,0,1,False,den520d-random-6.scen,420
420,den520d.map,planner,1,85939,73266,385,385,75334,73266,202,0,1,True,den520d-random-6.scen,420
420,den520d.map,planner,1,87156,73266,385,385,76341,73266,161,0,10,False,den520d-random-6.scen,420
420,den520d.map,planner,1,84211,73266,385,385,75305,73266,216,0,10,True,den520d-random-6.scen,420
420,den520d.map,planner,1,87156,73266,385,385,76341,73266,200,0,100,False,den520d-random-6.scen,420
420,den520d.map,planner,1,84211,73266,385,385,75305,73266,202,0,100,True,den520d-random-6.scen,420
420,den520d.map,planner,1,87156,73266,385,385,76341,73266,173,0,1000,False,den520d-random-6.scen,420
420,den520d.map,planner,1,84211,73266,385,385,75305,73266,216,0,1000,True,den520d-random-6.scen,420
460,den520d.map,planner,1,94770,79637,385,385,83208,79637,202,0,0,False,den520d-random-6.scen,460
460,den520d.map,planner,1,94770,79637,385,385,83208,79637,184,0,0,True,den520d-random-6.scen,460
460,den520d.map,planner,1,94770,79637,385,385,83208,79637,204,0,1,False,den520d-random-6.scen,460
460,den520d.map,planner,1,92755,79637,385,385,81908,79637,221,0,1,True,den520d-random-6.scen,460
460,den520d.map,planner,1,94770,79637,385,385,83208,79637,206,0,10,False,den520d-random-6.scen,460
460,den520d.map,planner,1,92825,79637,387,385,81907,79637,299,0,10,True,den520d-random-6.scen,460
460,den520d.map,planner,1,94770,79637,385,385,83208,79637,206,0,100,False,den520d-random-6.scen,460
460,den520d.map,planner,1,92938,79637,385,385,81902,79637,345,0,100,True,den520d-random-6.scen,460
460,den520d.map,planner,1,94770,79637,385,385,83208,79637,213,0,1000,False,den520d-random-6.scen,460
460,den520d.map,planner,1,92938,79637,385,385,81902,79637,330,0,1000,True,den520d-random-6.scen,460
500,den520d.map,planner,1,105058,86415,385,385,90431,86415,208,0,0,False,den520d-random-6.scen,500
500,den520d.map,planner,1,105058,86415,385,385,90431,86415,232,0,0,True,den520d-random-6.scen,500
500,den520d.map,planner,1,105058,86415,385,385,90431,86415,218,0,1,False,den520d-random-6.scen,500
500,den520d.map,planner,1,102490,86415,385,385,88942,86415,250,0,1,True,den520d-random-6.scen,500
500,den520d.map,planner,1,105058,86415,385,385,90431,86415,214,0,10,False,den520d-random-6.scen,500
500,den520d.map,planner,1,102815,86415,385,385,88898,86415,391,0,10,True,den520d-random-6.scen,500
500,den520d.map,planner,1,105058,86415,385,385,90431,86415,216,0,100,False,den520d-random-6.scen,500
500,den520d.map,planner,1,102831,86415,385,385,88980,86415,796,0,100,True,den520d-random-6.scen,500
500,den520d.map,planner,1,105058,86415,385,385,90431,86415,223,0,1000,False,den520d-random-6.scen,500
500,den520d.map,planner,1,101721,86415,385,385,88847,86415,3014,0,1000,True,den520d-random-6.scen,500
540,den520d.map,planner,1,114588,93230,385,385,97757,93230,243,0,0,False,den520d-random-6.scen,540
540,den520d.map,planner,1,114588,93230,385,385,97757,93230,228,0,0,True,den520d-random-6.scen,540
540,den520d.map,planner,1,114588,93230,385,385,97757,93230,229,0,1,False,den520d-random-6.scen,540
540,den520d.map,planner,1,112357,93230,385,385,96405,93230,302,0,1,True,den520d-random-6.scen,540
540,den520d.map,planner,1,114588,93230,385,385,97757,93230,237,0,10,False,den520d-random-6.scen,540
540,den520d.map,planner,1,110694,93230,385,385,96077,93230,449,0,10,True,den520d-random-6.scen,540
540,den520d.map,planner,1,114588,93230,385,385,97757,93230,226,0,100,False,den520d-random-6.scen,540
540,den520d.map,planner,1,111526,93230,385,385,96195,93230,1730,0,100,True,den520d-random-6.scen,540
540,den520d.map,planner,1,114588,93230,385,385,97757,93230,248,0,1000,False,den520d-random-6.scen,540
540,den520d.map,planner,1,111438,93230,387,385,96125,93230,5014,0,1000,True,den520d-random-6.scen,540
580,den520d.map,planner,1,123461,99340,385,385,104903,99340,272,0,0,False,den520d-random-6.scen,580
580,den520d.map,planner,1,123461,99340,385,385,104903,99340,269,0,0,True,den520d-random-6.scen,580
580,den520d.map,planner,1,123461,99340,385,385,104903,99340,253,0,1,False,den520d-random-6.scen,580
580,den520d.map,planner,1,122001,99340,385,385,103172,99340,323,0,1,True,den520d-random-6.scen,580
580,den520d.map,planner,1,123461,99340,385,385,104903,99340,234,0,10,False,den520d-random-6.scen,580
580,den520d.map,planner,1,118445,99340,385,385,102521,99340,634,0,10,True,den520d-random-6.scen,580
580,den520d.map,planner,1,123461,99340,385,385,104903,99340,254,0,100,False,den520d-random-6.scen,580
580,den520d.map,planner,1,118882,99340,387,385,102500,99340,1545,0,100,True,den520d-random-6.scen,580
580,den520d.map,planner,1,123461,99340,385,385,104903,99340,272,0,1000,False,den520d-random-6.scen,580
580,den520d.map,planner,1,118623,99340,385,385,102528,99340,2578,0,1000,True,den520d-random-6.scen,580
20,den520d.map,planner,1,2630,2528,326,326,2535,2528,6,0,0,False,den520d-random-8.scen,20
20,den520d.map,planner,1,2630,2528,326,326,2535,2528,6,0,0,True,den520d-random-8.scen,20
20,den520d.map,planner,1,2630,2528,326,326,2535,2528,9,0,1,False,den520d-random-8.scen,20
20,den520d.map,planner,1,2630,2528,326,326,2535,2528,6,0,1,True,den520d-random-8.scen,20
20,den520d.map,planner,1,2630,2528,326,326,2535,2528,5,0,10,False,den520d-random-8.scen,20
20,den520d.map,planner,1,2630,2528,326,326,2535,2528,6,0,10,True,den520d-random-8.scen,20
20,den520d.map,planner,1,2630,2528,326,326,2535,2528,6,0,100,False,den520d-random-8.scen,20
20,den520d.map,planner,1,2630,2528,326,326,2535,2528,7,0,100,True,den520d-random-8.scen,20
20,den520d.map,planner,1,2630,2528,326,326,2535,2528,6,0,1000,False,den520d-random-8.scen,20
20,den520d.map,planner,1,2630,2528,326,326,2535,2528,6,0,1000,True,den520d-random-8.scen,20
60,den520d.map,planner,1,10545,10151,366,366,10223,10151,25,0,0,False,den520d-random-8.scen,60
60,den520d.map,planner,1,10545,10151,366,366,10223,10151,27,0,0,True,den520d-random-8.scen,60
60,den520d.map,planner,1,10545,10151,366,366,10223,10151,23,0,1,False,den520d-random-8.scen,60
60,den520d.map,planner,1,10545,10151,366,366,10223,10151,25,0,1,True,den520d-random-8.scen,60
60,den520d.map,planner,1,10545,10151,366,366,10223,10151,25,0,10,False,den520d-random-8.scen,60
60,den520d.map,planner,1,10545,10151,366,366,10223,10151,23,0,10,True,den520d-random-8.scen,60
60,den520d.map,planner,1,10545,10151,366,366,10223,10151,24,0,100,False,den520d-random-8.scen,60
60,den520d.map,planner,1,10545,10151,366,366,10223,10151,22,0,100,True,den520d-random-8.scen,60
60,den520d.map,planner,1,10545,10151,366,366,10223,10151,23,0,1000,False,den520d-random-8.scen,60
60,den520d.map,planner,1,10545,10151,366,366,10223,10151,24,0,1000,True,den520d-random-8.scen,60
100,den520d.map,planner,1,17983,16709,366,366,16893,16709,42,0,0,False,den520d-random-8.scen,100
100,den520d.map,planner,1,17983,16709,366,366,16893,16709,39,0,0,True,den520d-random-8.scen,100
100,den520d.map,planner,1,17983,16709,366,366,16893,16709,40,0,1,False,den520d-random-8.scen,100
100,den520d.map,planner,1,17696,16709,366,366,16893,16709,37,0,1,True,den520d-random-8.scen,100
100,den520d.map,planner,1,17983,16709,366,366,16893,16709,40,0,10,False,den520d-random-8.scen,100
100,den520d.map,planner,1,17696,16709,366,366,16893,16709,41,0,10,True,den520d-random-8.scen,100
100,den520d.map,planner,1,17983,16709,366,366,16893,16709,33,0,100,False,den520d-random-8.scen,100
100,den520d.map,planner,1,17696,16709,366,366,16893,16709,37,0,100,True,den520d-random-8.scen,100
100,den520d.map,planner,1,17983,16709,366,366,16893,16709,36,0,1000,False,den520d-random-8.scen,100
100,den520d.map,planner,1,17696,16709,366,366,16893,16709,40,0,1000,True,den520d-random-8.scen,100
140,den520d.map,planner,1,26010,23180,370,370,23531,23180,50,0,0,False,den520d-random-8.scen,140
140,den520d.map,planner,1,26010,23180,370,370,23531,23180,52,0,0,True,den520d-random-8.scen,140
140,den520d.map,planner,1,26010,23180,370,370,23531,23180,47,0,1,False,den520d-random-8.scen,140
140,den520d.map,planner,1,26367,23180,370,370,23527,23180,53,0,1,True,den520d-random-8.scen,140
140,den520d.map,planner,1,26010,23180,370,370,23531,23180,56,0,10,False,den520d-random-8.scen,140
140,den520d.map,planner,1,26367,23180,370,370,23527,23180,55,0,10,True,den520d-random-8.scen,140
140,den520d.map,planner,1,26010,23180,370,370,23531,23180,54,0,100,False,den520d-random-8.scen,140
140,den520d.map,planner,1,26367,23180,370,370,23527,23180,51,0,100,True,den520d-random-8.scen,140
140,den520d.map,planner,1,26010,23180,370,370,23531,23180,47,0,1000,False,den520d-random-8.scen,140
140,den520d.map,planner,1,26367,23180,370,370,23527,23180,55,0,1000,True,den520d-random-8.scen,140
180,den520d.map,planner,1,34527,30414,370,370,31003,30414,67,0,0,False,den520d-random-8.scen,180
180,den520d.map,planner,1,34527,30414,370,370,31003,30414,69,0,0,True,den520d-random-8.scen,180
180,den520d.map,planner,1,34527,30414,370,370,31003,30414,69,0,1,False,den520d-random-8.scen,180
180,den520d.map,planner,1,33885,30414,370,370,30948,30414,68,0,1,True,den520d-random-8.scen,180
180,den520d.map,planner,1,34527,30414,370,370,31003,30414,69,0,10,False,den520d-random-8.scen,180
180,den520d.map,planner,1,33885,30414,370,370,30948,30414,67,0,10,True,den520d-random-8.scen,180
180,den520d.map,planner,1,34527,30414,370,370,31003,30414,70,0,100,False,den520d-random-8.scen,180
180,den520d.map,planner,1,33885,30414,370,370,30948,30414,69,0,100,True,den520d-random-8.scen,180
180,den520d.map,planner,1,34527,30414,370,370,31003,30414,67,0,1000,False,den520d-random-8.scen,180
180,den520d.map,planner,1,33885,30414,370,370,30948,30414,74,0,1000,True,den520d-random-8.scen,180
220,den520d.map,planner,1,43446,38120,370,370,38990,38120,87,0,0,False,den520d-random-8.scen,220
220,den520d.map,planner,1,43446,38120,370,370,38990,38120,89,0,0,True,den520d-random-8.scen,220
220,den520d.map,planner,1,43446,38120,370,370,38990,38120,90,0,1,False,den520d-random-8.scen,220
220,den520d.map,planner,1,43418,38120,370,370,38915,38120,93,0,1,True,den520d-random-8.scen,220
220,den520d.map,planner,1,43446,38120,370,370,38990,38120,85,0,10,False,den520d-random-8.scen,220
220,den520d.map,planner,1,43418,38120,370,370,38915,38120,94,0,10,True,den520d-random-8.scen,220
220,den520d.map,planner,1,43446,38120,370,370,38990,38120,78,0,100,False,den520d-random-8.scen,220
220,den520d.map,planner,1,43418,38120,370,370,38915,38120,92,0,100,True,den520d-random-8.scen,220
220,den520d.map,planner,1,43446,38120,370,370,38990,38120,86,0,1000,False,den520d-random-8.scen,220
220,den520d.map,planner,1,43418,38120,370,370,38915,38120,85,0,1000,True,den520d-random-8.scen,220
260,den520d.map,planner,1,51422,45075,370,370,46246,45075,109,0,0,False,den520d-random-8.scen,260
260,den520d.map,planner,1,51422,45075,370,370,46246,45075,99,0,0,True,den520d-random-8.scen,260
260,den520d.map,planner,1,51422,45075,370,370,46246,45075,99,0,1,False,den520d-random-8.scen,260
260,den520d.map,planner,1,52219,45075,370,370,46111,45075,115,0,1,True,den520d-random-8.scen,260
260,den520d.map,planner,1,51422,45075,370,370,46246,45075,105,0,10,False,den520d-random-8.scen,260
260,den520d.map,planner,1,52219,45075,370,370,46111,45075,106,0,10,True,den520d-random-8.scen,260
260,den520d.map,planner,1,51422,45075,370,370,46246,45075,111,0,100,False,den520d-random-8.scen,260
260,den520d.map,planner,1,52219,45075,370,370,46111,45075,106,0,100,True,den520d-random-8.scen,260
260,den520d.map,planner,1,51422,45075,370,370,46246,45075,111,0,1000,False,den520d-random-8.scen,260
260,den520d.map,planner,1,52219,45075,370,370,46111,45075,107,0,1000,True,den520d-random-8.scen,260
300,den520d.map,planner,1,60547,51841,370,370,53370,51841,114,0,0,False,den520d-random-8.scen,300
300,den520d.map,planner,1,60547,51841,370,370,53370,51841,131,0,0,True,den520d-random-8.scen,300
300,den520d.map,planner,1,60547,51841,370,370,53370,51841,120,0,1,False,den520d-random-8.scen,300
300,den520d.map,planner,1,60399,51841,372,370,53130,51841,126,0,1,True,den520d-random-8.scen,300
300,den520d.map,planner,1,60547,51841,370,370,53370,51841,109,0,10,False,den520d-random-8.scen,300
300,den520d.map,planner,1,60399,51841,372,370,53130,51841,124,0,10,True,den520d-random-8.scen,300
300,den520d.map,planner,1,60547,51841,370,370,53370,51841,112,0,100,False,den520d-random-8.scen,300
300,den520d.map,planner,1,60399,51841,372,370,53130,51841,126,0,100,True,den520d-random-8.scen,300
300,den520d.map,planner,1,60547,51841,370,370,53370,51841,117,0,1000,False,den520d-random-8.scen,300
300,den520d.map,planner,1,60399,51841,372,370,53130,51841,123,0,1000,True,den520d-random-8.scen,300
340,den520d.map,planner,1,68757,58626,370,370,60513,58626,137,0,0,False,den520d-random-8.scen,340
340,den520d.map,planner,1,68757,58626,370,370,60513,58626,144,0,0,True,den520d-random-8.scen,340
340,den520d.map,planner,1,68757,58626,370,370,60513,58626,134,0,1,False,den520d-random-8.scen,340
340,den520d.map,planner,1,68149,58626,370,370,60128,58626,136,0,1,True,den520d-random-8.scen,340
340,den520d.map,planner,1,68757,58626,370,370,60513,58626,140,0,10,False,den520d-random-8.scen,340
340,den520d.map,planner,1,68157,58626,370,370,60173,58626,140,0,10,True,den520d-random-8.scen,340
340,den520d.map,planner,1,68757,58626,370,370,60513,58626,149,0,100,False,den520d-random-8.scen,340
340,den520d.map,planner,1,68157,58626,370,370,60173,58626,143,0,100,True,den520d-random-8.scen,340
340,den520d.map,planner,1,68757,58626,370,370,60513,58626,129,0,1000,False,den520d-random-8.scen,340
340,den520d.map,planner,1,68157,58626,370,370,60173,58626,147,0,1000,True,den520d-random-8.scen,340
380,den520d.map,planner,1,78705,65940,379,379,68337,65940,157,0,0,False,den520d-random-8.scen,380
380,den520d.map,planner,1,78705,65940,379,379,68337,65940,160,0,0,True,den520d-random-8.scen,380
380,den520d.map,planner,1,78705,65940,379,379,68337,65940,153,0,1,False,den520d-random-8.scen,380
380,den520d.map,planner,1,77015,65940,379,379,67658,65940,162,0,1,True,den520d-random-8.scen,380
380,den520d.map,planner,1,78705,65940,379,379,68337,65940,153,0,10,False,den520d-random-8.scen,380
380,den520d.map,planner,1,77015,65940,379,379,67658,65940,165,0,10,True,den520d-random-8.scen,380
380,den520d.map,planner,1,78705,65940,379,379,68337,65940,145,0,100,False,den520d-random-8.scen,380
380,den520d.map,planner,1,77015,65940,379,379,67658,65940,163,0,100,True,den520d-random-8.scen,380
380,den520d.map,planner,1,78705,65940,379,379,68337,65940,153,0,1000,False,den520d-random-8.scen,380
380,den520d.map,planner,1,77015,65940,379,379,67658,65940,158,0,1000,True,den520d-random-8.scen,380
420,den520d.map,planner,1,88136,72994,379,379,76043,72994,179,0,0,False,den520d-random-8.scen,420
420,den520d.map,planner,1,88136,72994,379,379,76043,72994,173,0,0,True,den520d-random-8.scen,420
420,den520d.map,planner,1,88136,72994,379,379,76043,72994,179,0,1,False,den520d-random-8.scen,420
420,den520d.map,planner,1,87198,72994,379,379,75028,72994,195,0,1,True,den520d-random-8.scen,420
420,den520d.map,planner,1,88136,72994,379,379,76043,72994,191,0,10,False,den520d-random-8.scen,420
420,den520d.map,planner,1,86780,72994,381,379,75049,72994,243,0,10,True,den520d-random-8.scen,420
420,den520d.map,planner,1,88136,72994,379,379,76043,72994,179,0,100,False,den520d-random-8.scen,420
420,den520d.map,planner,1,86235,72994,379,379,74924,72994,378,0,100,True,den520d-random-8.scen,420
420,den520d.map,planner,1,88136,72994,379,379,76043,72994,187,0,1000,False,den520d-random-8.scen,420
420,den520d.map,planner,1,85517,72994,379,379,74946,72994,958,0,1000,True,den520d-random-8.scen,420
460,den520d.map,planner,1,97311,80777,379,379,84040,80777,199,0,0,False,den520d-random-8.scen,460
460,den520d.map,planner,1,97311,80777,379,379,84040,80777,190,0,0,True,den520d-random-8.scen,460
460,den520d.map,planner,1,97311,80777,379,379,84040,80777,191,0,1,False,den520d-random-8.scen,460
460,den520d.map,planner,1,96027,80777,379,379,83388,80777,225,0,1,True,den520d-random-8.scen,460
460,den520d.map,planner,1,97311,80777,379,379,84040,80777,190,0,10,False,den520d-random-8.scen,460
460,den520d.map,planner,1,96210,80777,381,379,83217,80777,384,0,10,True,den520d-random-8.scen,460
460,den520d.map,planner,1,97311,80777,379,379,84040,80777,187,0,100,False,den520d-random-8.scen,460
460,den520d.map,planner,1,95690,80777,383,379,83143,80777,966,0,100,True,den520d-random-8.scen,460
460,den520d.map,planner,1,97311,80777,379,379,84040,80777,200,0,1000,False,den520d-random-8.scen,460
460,den520d.map,planner,1,95402,80777,383,379,83155,80777,1897,0,1000,True,den520d-random-8.scen,460
500,den520d.map,planner,1,105328,86994,379,379,90652,86994,196,0,0,False,den520d-random-8.scen,500
500,den520d.map,planner,1,105328,86994,379,379,90652,86994,223,0,0,True,den520d-random-8.scen,500
500,den520d.map,planner,1,105328,86994,379,379,90652,86994,207,0,1,False,den520d-random-8.scen,500
500,den520d.map,planner,1,102451,86994,379,379,89654,86994,255,0,1,True,den520d-random-8.scen,500
500,den520d.map,planner,1,105328,86994,379,379,90652,86994,210,0,10,False,den520d-random-8.scen,500
500,den520d.map,planner,1,103771,86994,379,379,89685,86994,425,0,10,True,den520d-random-8.scen,500
500,den520d.map,planner,1,105328,86994,379,379,90652,86994,221,0,100,False,den520d-random-8.scen,500
500,den520d.map,planner,1,104257,86994,381,379,89601,86994,1166,0,100,True,den520d-random-8.scen,500
500,den520d.map,planner,1,105328,86994,379,379,90652,86994,208,0,1000,False,den520d-random-8.scen,500
500,den520d.map,planner,1,102227,86994,380,379,89564,86994,3801,0,1000,True,den520d-random-8.scen,500
540,den520d.map,planner,1,116255,93737,390,390,98329,93737,239,0,0,False,den520d-random-8.scen,540
540,den520d.map,planner,1,116255,93737,390,390,98329,93737,240,0,0,True,den520d-random-8.scen,540
540,den520d.map,planner,1,116255,93737,390,390,98329,93737,233,0,1,False,den520d-random-8.scen,540
540,den520d.map,planner,1,112256,93737,392,390,96836,93737,274,0,1,True,den520d-random-8.scen,540
540,den520d.map,planner,1,116255,93737,390,390,98329,93737,226,0,10,False,den520d-random-8.scen,540
540,den520d.map,planner,1,112924,93737,390,390,96732,93737,631,0,10,True,den520d-random-8.scen,540
540,den520d.map,planner,1,116255,93737,390,390,98329,93737,221,0,100,False,den520d-random-8.scen,540
540,den520d.map,planner,1,113473,93737,390,390,96738,93737,2669,0,100,True,den520d-random-8.scen,540
540,den520d.map,planner,1,116255,93737,390,390,98329,93737,228,0,1000,False,den520d-random-8.scen,540
540,den520d.map,planner,1,114157,93737,390,390,96798,93737,16690,0,1000,True,den520d-random-8.scen,540
580,den520d.map,planner,1,125049,100457,390,390,105618,100457,260,0,0,False,den520d-random-8.scen,580
580,den520d.map,planner,1,125049,100457,390,390,105618,100457,251,0,0,True,den520d-random-8.scen,580
580,den520d.map,planner,1,125049,100457,390,390,105618,100457,258,0,1,False,den520d-random-8.scen,580
580,den520d.map,planner,1,121400,100457,390,390,103860,100457,310,0,1,True,den520d-random-8.scen,580
580,den520d.map,planner,1,125049,100457,390,390,105618,100457,258,0,10,False,den520d-random-8.scen,580
580,den520d.map,planner,1,122366,100457,395,390,104119,100457,686,0,10,True,den520d-random-8.scen,580
580,den520d.map,planner,1,125049,100457,390,390,105618,100457,250,0,100,False,den520d-random-8.scen,580
580,den520d.map,planner,1,122874,100457,395,390,103874,100457,4120,0,100,True,den520d-random-8.scen,580
580,den520d.map,planner,1,125049,100457,390,390,105618,100457,262,0,1000,False,den520d-random-8.scen,580
580,den520d.map,planner,1,121293,100457,395,390,103772,100457,24100,0,1000,True,den520d-random-8.scen,580
20,den520d.map,planner,1,3808,3803,343,343,3808,3803,8,0,0,False,den520d-random-11.scen,20
20,den520d.map,planner,1,3808,3803,343,343,3808,3803,8,0,0,True,den520d-random-11.scen,20
20,den520d.map,planner,1,3808,3803,343,343,3808,3803,7,0,1,False,den520d-random-11.scen,20
20,den520d.map,planner,1,3808,3803,343,343,3808,3803,7,0,1,True,den520d-random-11.scen,20
20,den520d.map,planner,1,3808,3803,343,343,3808,3803,8,0,10,False,den520d-random-11.scen,20
20,den520d.map,planner,1,3808,3803,343,343,3808,3803,7,0,10,True,den520d-random-11.scen,20
20,den520d.map,planner,1,3808,3803,343,343,3808,3803,8,0,100,False,den520d-random-11.scen,20
20,den520d.map,planner,1,3808,3803,343,343,3808,3803,8,0,100,True,den520d-random-11.scen,20
20,den520d.map,planner,1,3808,3803,343,343,3808,3803,9,0,1000,False,den520d-random-11.scen,20
20,den520d.map,planner,1,3808,3803,343,343,3808,3803,7,0,1000,True,den520d-random-11.scen,20
60,den520d.map,planner,1,11314,10990,382,382,11021,10990,25,0,0,False,den520d-random-11.scen,60
60,den520d.map,planner,1,11314,10990,382,382,11021,10990,23,0,0,True,den520d-random-11.scen,60
60,den520d.map,planner,1,11314,10990,382,382,11021,10990,28,0,1,False,den520d-random-11.scen,60
60,den520d.map,planner,1,11314,10990,382,382,11021,10990,22,0,1,True,den520d-random-11.scen,60
60,den520d.map,planner,1,11314,10990,382,382,11021,10990,23,0,10,False,den520d-random-11.scen,60
60,den520d.map,planner,1,11314,10990,382,382,11021,10990,28,0,10,True,den520d-random-11.scen,60
60,den520d.map,planner,1,11314,10990,382,382,11021,10990,21,0,100,False,den520d-random-11.scen,60
60,den520d.map,planner,1,11314,10990,382,382,11021,10990,23,0,100,True,den520d-random-11.scen,60
60,den520d.map,planner,1,11314,10990,382,382,11021,10990,25,0,1000,False,den520d-random-11.scen,60
60,den520d.map,planner,1,11314,10990,382,382,11021,10990,26,0,1000,True,den520d-random-11.scen,60
100,den520d.map,planner,1,19520,18475,388,388,18665,18475,40,0,0,False,den520d-random-11.scen,100
100,den520d.map,planner,1,19520,18475,388,388,18665,18475,41,0,0,True,den520d-random-11.scen,100
100,den520d.map,planner,1,19520,18475,388,388,18665,18475,40,0,1,False,den520d-random-11.scen,100
100,den520d.map,planner,1,19249,18475,388,388,18653,18475,38,0,1,True,den520d-random-11.scen,100
100,den520d.map,planner,1,19520,18475,388,388,18665,18475,36,0,10,False,den520d-random-11.scen,100
100,den520d.map,planner,1,19249,18475,388,388,18653,18475,44,0,10,True,den520d-random-11.scen,100
100,den520d.map,planner,1,19520,18475,388,388,18665,18475,45,0,100,False,den520d-random-11.scen,100
100,den520d.map,planner,1,19249,18475,388,388,18653,18475,40,0,100,True,den520d-random-11.scen,100
100,den520d.map,planner,1,19520,18475,388,388,18665,18475,40,0,1000,False,den520d-random-11.scen,100
100,den520d.map,planner,1,19249,18475,388,388,18653,18475,46,0,1000,True,den520d-random-11.scen,100
140,den520d.map,planner,1,27323,25367,395,395,25722,25367,56,0,0,False,den520d-random-11.scen,140
140,den520d.map,planner,1,27323,25367,395,395,25722,25367,54,0,0,True,den520d-random-11.scen,140
140,den520d.map,planner,1,27323,25367,395,395,25722,25367,61,0,1,False,den520d-random-11.scen,140
140,den520d.map,planner,1,27154,25367,395,395,25686,25367,61,0,1,True,den520d-random-11.scen,140
140,den520d.map,planner,1,27323,25367,395,395,25722,25367,62,0,10,False,den520d-random-11.scen,140
140,den520d.map,planner,1,27154,25367,395,395,25686,25367,58,0,10,True,den520d-random-11.scen,140
140,den520d.map,planner,1,27323,25367,395,395,25722,25367,53,0,100,False,den520d-random-11.scen,140
140,den520d.map,planner,1,27154,25367,395,395,25686,25367,60,0,100,True,den520d-random-11.scen,140
140,den520d.map,planner,1,27323,25367,395,395,25722,25367,52,0,1000,False,den520d-random-11.scen,140
140,den520d.map,planner,1,27154,25367,395,395,25686,25367,56,0,1000,True,den520d-random-11.scen,140
180,den520d.map,planner,1,35519,32908,395,395,33430,32908,76,0,0,False,den520d-random-11.scen,180
180,den520d.map,planner,1,35519,32908,395,395,33430,32908,69,0,0,True,den520d-random-11.scen,180
180,den520d.map,planner,1,35519,32908,395,395,33430,32908,69,0,1,False,den520d-random-11.scen,180
180,den520d.map,planner,1,35491,32908,395,395,33430,32908,78,0,1,True,den520d-random-11.scen,180
180,den520d.map,planner,1,35519,32908,395,395,33430,32908,67,0,10,False,den520d-random-11.scen,180
180,den520d.map,planner,1,35491,32908,395,395,33430,32908,75,0,10,True,den520d-random-11.scen,180
180,den520d.map,planner,1,35519,32908,395,395,33430,32908,79,0,100,False,den520d-random-11.scen,180
180,den520d.map,planner,1,35491,32908,395,395,33430,32908,83,0,100,True,den520d-random-11.scen,180
180,den520d.map,planner,1,35519,32908,395,395,33430,32908,76,0,1000,False,den520d-random-11.scen,180
180,den520d.map,planner,1,35491,32908,395,395,33430,32908,76,0,1000,True,den520d-random-11.scen,180
220,den520d.map,planner,1,43323,39688,395,395,40505,39688,97,0,0,False,den520d-random-11.scen,220
220,den520d.map,planner,1,43323,39688,395,395,40505,39688,98,0,0,True,den520d-random-11.scen,220
220,den520d.map,planner,1,43323,39688,395,395,40505,39688,101,0,1,False,den520d-random-11.scen,220
220,den520d.map,planner,1,43229,39688,395,395,40411,39688,88,0,1,True,den520d-random-11.scen,220
220,den520d.map,planner,1,43323,39688,395,395,40505,39688,103,0,10,False,den520d-random-11.scen,220
220,den520d.map,planner,1,43229,39688,395,395,40411,39688,91,0,10,True,den520d-random-11.scen,220
220,den520d.map,planner,1,43323,39688,395,395,40505,39688,99,0,100,False,den520d-random-11.scen,220
220,den520d.map,planner,1,43229,39688,395,395,40411,39688,94,0,100,True,den520d-random-11.scen,220
220,den520d.map,planner,1,43323,39688,395,395,40505,39688,96,0,1000,False,den520d-random-11.scen,220
220,den520d.map,planner,1,43229,39688,395,395,40411,39688,98,0,1000,True,den520d-random-11.scen,220
260,den520d.map,planner,1,51670,47326,395,395,48354,47326,108,0,0,False,den520d-random-11.scen,260
260,den520d.map,planner,1,51670,47326,395,395,48354,47326,113,0,0,True,den520d-random-11.scen,260
260,den520d.map,planner,1,51670,47326,395,395,48354,47326,112,0,1,False,den520d-random-11.scen,260
260,den520d.map,planner,1,52369,47326,395,395,48343,47326,108,0,1,True,den520d-random-11.scen,260
260,den520d.map,planner,1,51670,47326,395,395,48354,47326,112,0,10,False,den520d-random-11.scen,260
260,den520d.map,planner,1,52369,47326,395,395,48343,47326,115,0,10,True,den520d-random-11.scen,260
260,den520d.map,planner,1,51670,47326,395,395,48354,47326,115,0,100,False,den520d-random-11.scen,260
260,den520d.map,planner,1,52369,47326,395,395,48343,47326,113,0,100,True,den520d-random-11.scen,260
260,den520d.map,planner,1,51670,47326,395,395,48354,47326,118,0,1000,False,den520d-random-11.scen,260
260,den520d.map,planner,1,52369,47326,395,395,48343,47326,111,0,1000,True,den520d-random-11.scen,260
300,den520d.map,planner,1,59540,53426,395,395,54949,53426,137,0,0,False,den520d-random-11.scen,300
300,den520d.map,planner,1,59540,53426,395,395,54949,53426,128,0,0,True,den520d-random-11.scen,300
300,den520d.map,planner,1,59540,53426,395,395,54949,53426,135,0,1,False,den520d-random-11.scen,300
300,den520d.map,planner,1,59787,53426,395,395,54615,53426,136,0,1,True,den520d-random-11.scen,300
300,den520d.map,planner,1,59540,53426,395,395,54949,53426,130,0,10,False,den520d-random-11.scen,300
300,den520d.map,planner,1,59787,53426,395,395,54615,53426,128,0,10,True,den520d-random-11.scen,300
300,den520d.map,planner,1,59540,53426,395,395,54949,53426,126,0,100,False,den520d-random-11.scen,300
300,den520d.map,planner,1,59787,53426,395,395,54615,53426,133,0,100,True,den520d-random-11.scen,300
300,den520d.map,planner,1,59540,53426,395,395,54949,53426,138,0,1000,False,den520d-random-11.scen,300
300,den520d.map,planner,1,59787,53426,395,395,54615,53426,120,0,1000,True,den520d-random-11.scen,300
340,den520d.map,planner,1,70285,61223,395,395,62970,61223,141,0,0,False,den520d-random-11.scen,340
340,den520d.map,planner,1,70285,61223,395,395,62970,61223,142,0,0,True,den520d-random-11.scen,340
340,den520d.map,planner,1,70285,61223,395,395,62970,61223,140,0,1,False,den520d-random-11.scen,340
340,den520d.map,planner,1,69299,61223,395,395,62651,61223,149,0,1,True,den520d-random-11.scen,340
340,den520d.map,planner,1,70285,61223,395,395,62970,61223,145,0,10,False,den520d-random-11.scen,340
340,den520d.map,planner,1,69299,61223,395,395,62651,61223,153,0,10,True,den520d-random-11.scen,340
340,den520d.map,planner,1,70285,61223,395,395,62970,61223,145,0,100,False,den520d-random-11.scen,340
340,den520d.map,planner,1,69299,61223,395,395,62651,61223,147,0,100,True,den520d-random-11.scen,340
340,den520d.map,planner,1,70285,61223,395,395,62970,61223,149,0,1000,False,den520d-random-11.scen,340
340,den520d.map,planner,1,69299,61223,395,395,62651,61223,145,0,1000,True,den520d-random-11.scen,340
380,den520d.map,planner,1,78005,67702,395,395,69994,67702,158,0,0,False,den520d-random-11.scen,380
380,den520d.map,planner,1,78005,67702,395,395,69994,67702,157,0,0,True,den520d-random-11.scen,380
380,den520d.map,planner,1,78005,67702,395,395,69994,67702,162,0,1,False,den520d-random-11.scen,380
380,den520d.map,planner,1,77141,67702,395,395,69340,67702,158,0,1,True,den520d-random-11.scen,380
380,den520d.map,planner,1,78005,67702,395,395,69994,67702,168,0,10,False,den520d-random-11.scen,380
380,den520d.map,planner,1,77141,67702,395,395,69340,67702,161,0,10,True,den520d-random-11.scen,380
380,den520d.map,planner,1,78005,67702,395,395,69994,67702,159,0,100,False,den520d-random-11.scen,380
380,den520d.map,planner,1,77141,67702,395,395,69340,67702,170,0,100,True,den520d-random-11.scen,380
380,den520d.map,planner,1,78005,67702,395,395,69994,67702,178,0,1000,False,den520d-random-11.scen,380
380,den520d.map,planner,1,77141,67702,395,395,69340,67702,164,0,1000,True,den520d-random-11.scen,380
420,den520d.map,planner,1,88178,74362,395,395,76885,74362,196,0,0,False,den520d-random-11.scen,420
420,den520d.map,planner,1,88178,74362,395,395,76885,74362,188,0,0,True,den520d-random-11.scen,420
420,den520d.map,planner,1,88178,74362,395,395,76885,74362,183,0,1,False,den520d-random-11.scen,420
420,den520d.map,planner,1,87085,74362,395,395,76309,74362,191,0,1,True,den520d-random-11.scen,420
420,den520d.map,planner,1,88178,74362,395,395,76885,74362,196,0,10,False,den520d-random-11.scen,420
420,den520d.map,planner,1,86655,74362,395,395,76361,74362,193,0,10,True,den520d-random-11.scen,420
420,den520d.map,planner,1,88178,74362,395,395,76885,74362,188,0,100,False,den520d-random-11.scen,420
420,den520d.map,planner,1,86655,74362,395,395,76361,74362,194,0,100,True,den520d-random-11.scen,420
420,den520d.map,planner,1,88178,74362,395,395,76885,74362,196,0,1000,False,den520d-random-11.scen,420
420,den520d.map,planner,1,86655,74362,395,395,76361,74362,192,0,1000,True,den520d-random-11.scen,420
460,den520d.map,planner,1,96497,81892,395,395,85026,81892,201,0,0,False,den520d-random-11.scen,460
460,den520d.map,planner,1,96497,81892,395,395,85026,81892,206,0,0,True,den520d-random-11.scen,460
460,den520d.map,planner,1,96497,81892,395,395,85026,81892,193,0,1,False,den520d-random-11.scen,460
460,den520d.map,planner,1,94890,81892,395,395,84317,81892,229,0,1,True,den520d-random-11.scen,460
460,den520d.map,planner,1,96497,81892,395,395,85026,81892,204,0,10,False,den520d-random-11.scen,460
460,den520d.map,planner,1,96026,81892,395,395,84360,81892,231,0,10,True,den520d-random-11.scen,460
460,den520d.map,planner,1,96497,81892,395,395,85026,81892,210,0,100,False,den520d-random-11.scen,460
460,den520d.map,planner,1,95013,81892,395,395,84347,81892,280,0,100,True,den520d-random-11.scen,460
460,den520d.map,planner,1,96497,81892,395,395,85026,81892,204,0,1000,False,den520d-random-11.scen,460
460,den520d.map,planner,1,95013,81892,395,395,84347,81892,268,0,1000,True,den520d-random-11.scen,460
500,den520d.map,planner,1,105736,88797,395,395,92450,88797,215,0,0,False,den520d-random-11.scen,500
500,den520d.map,planner,1,105736,88797,395,395,92450,88797,210,0,0,True,den520d-random-11.scen,500
500,den520d.map,planner,1,105736,88797,395,395,92450,88797,216,0,1,False,den520d-random-11.scen,500
500,den520d.map,planner,1,104192,88797,395,395,91252,88797,242,0,1,True,den520d-random-11.scen,500
500,den520d.map,planner,1,105736,88797,395,395,92450,88797,224,0,10,False,den520d-random-11.scen,500
500,den520d.map,planner,1,104151,88797,398,395,91350,88797,259,0,10,True,den520d-random-11.scen,500
500,den520d.map,planner,1,105736,88797,395,395,92450,88797,232,0,100,False,den520d-random-11.scen,500
500,den520d.map,planner,1,104475,88797,396,395,91335,88797,349,0,100,True,den520d-random-11.scen,500
500,den520d.map,planner,1,105736,88797,395,395,92450,88797,219,0,1000,False,den520d-random-11.scen,500
500,den520d.map,planner,1,104178,88797,397,395,91344,88797,427,0,1000,True,den520d-random-11.scen,500
540,den520d.map,planner,1,115819,95994,395,395,100454,95994,243,0,0,False,den520d-random-11.scen,540
540,den520d.map,planner,1,115819,95994,395,395,100454,95994,244,0,0,True,den520d-random-11.scen,540
540,den520d.map,planner,1,115819,95994,395,395,100454,95994,228,0,1,False,den520d-random-11.scen,540
540,den520d.map,planner,1,114102,95994,397,395,99037,95994,279,0,1,True,den520d-random-11.scen,540
540,den520d.map,planner,1,115819,95994,395,395,100454,95994,234,0,10,False,den520d-random-11.scen,540
540,den520d.map,planner,1,112881,95994,397,395,98863,95994,390,0,10,True,den520d-random-11.scen,540
540,den520d.map,planner,1,115819,95994,395,395,100454,95994,244,0,100,False,den520d-random-11.scen,540
540,den520d.map,planner,1,112732,95994,395,395,98787,95994,899,0,100,True,den520d-random-11.scen,540
540,den520d.map,planner,1,115819,95994,395,395,100454,95994,231,0,1000,False,den520d-random-11.scen,540
540,den520d.map,planner,1,113730,95994,395,395,98758,95994,828,0,1000,True,den520d-random-11.scen,540
580,den520d.map,planner,1,124154,101571,395,395,106897,101571,243,0,0,False,den520d-random-11.scen,580
580,den520d.map,planner,1,124154,101571,395,395,106897,101571,255,0,0,True,den520d-random-11.scen,580
580,den520d.map,planner,1,124154,101571,395,395,106897,101571,249,0,1,False,den520d-random-11.scen,580
580,den520d.map,planner,1,121627,101571,399,395,105124,101571,284,0,1,True,den520d-random-11.scen,580
580,den520d.map,planner,1,124154,101571,395,395,106897,101571,240,0,10,False,den520d-random-11.scen,580
580,den520d.map,planner,1,120868,101571,395,395,104717,101571,404,0,10,True,den520d-random-11.scen,580
580,den520d.map,planner,1,124154,101571,395,395,106897,101571,251,0,100,False,den520d-random-11.scen,580
580,den520d.map,planner,1,120886,101571,395,395,104765,101571,1117,0,100,True,den520d-random-11.scen,580
580,den520d.map,planner,1,124154,101571,395,395,106897,101571,248,0,1000,False,den520d-random-11.scen,580
580,den520d.map,planner,1,121902,101571,395,395,104815,101571,8833,0,1000,True,den520d-random-11.scen,580
20,den520d.map,planner,1,3433,3424,362,362,3433,3424,7,0,0,False,den520d-random-19.scen,20
20,den520d.map,planner,1,3433,3424,362,362,3433,3424,7,0,0,True,den520d-random-19.scen,20
20,den520d.map,planner,1,3433,3424,362,362,3433,3424,6,0,1,False,den520d-random-19.scen,20
20,den520d.map,planner,1,3433,3424,362,362,3433,3424,7,0,1,True,den520d-random-19.scen,20
20,den520d.map,planner,1,3433,3424,362,362,3433,3424,6,0,10,False,den520d-random-19.scen,20
20,den520d.map,planner,1,3433,3424,362,362,3433,3424,8,0,10,True,den520d-random-19.scen,20
20,den520d.map,planner,1,3433,3424,362,362,3433,3424,6,0,100,False,den520d-random-19.scen,20
20,den520d.map,planner,1,3433,3424,362,362,3433,3424,8,0,100,True,den520d-random-19.scen,20
20,den520d.map,planner,1,3433,3424,362,362,3433,3424,6,0,1000,False,den520d-random-19.scen,20
20,den520d.map,planner,1,3433,3424,362,362,3433,3424,7,0,1000,True,den520d-random-19.scen,20
60,den520d.map,planner,1,10501,10042,362,362,10098,10042,22,0,0,False,den520d-random-19.scen,60
60,den520d.map,planner,1,10501,10042,362,362,10098,10042,21,0,0,True,den520d-random-19.scen,60
60,den520d.map,planner,1,10501,10042,362,362,10098,10042,22,0,1,False,den520d-random-19.scen,60
60,den520d.map,planner,1,10501,10042,362,362,10098,10042,22,0,1,True,den520d-random-19.scen,60
60,den520d.map,planner,1,10501,10042,362,362,10098,10042,19,0,10,False,den520d-random-19.scen,60
60,den520d.map,planner,1,10501,10042,362,362,10098,10042,19,0,10,True,den520d-random-19.scen,60
60,den520d.map,planner,1,10501,10042,362,362,10098,10042,20,0,100,False,den520d-random-19.scen,60
60,den520d.map,planner,1,10501,10042,362,362,10098,10042,24,0,100,True,den520d-random-19.scen,60
60,den520d.map,planner,1,10501,10042,362,362,10098,10042,22,0,1000,False,den520d-random-19.scen,60
60,den520d.map,planner,1,10501,10042,362,362,10098,10042,24,0,1000,True,den520d-random-19.scen,60
100,den520d.map,planner,1,19372,18241,363,363,18386,18241,37,0,0,False,den520d-random-19.scen,100
100,den520d.map,planner,1,19372,18241,363,363,18386,18241,37,0,0,True,den520d-random-19.scen,100
100,den520d.map,planner,1,19372,18241,363,363,18386,18241,42,0,1,False,den520d-random-19.scen,100
100,den520d.map,planner,1,19637,18241,363,363,18376,18241,37,0,1,True,den520d-random-19.scen,100
100,den520d.map,planner,1,19372,18241,363,363,18386,18241,41,0,10,False,den520d-random-19.scen,100
100,den520d.map,planner,1,19637,18241,363,363,18376,18241,44,0,10,True,den520d-random-19.scen,100
100,den520d.map,planner,1,19372,18241,363,363,18386,18241,39,0,100,False,den520d-random-19.scen,100
100,den520d.map,planner,1,19637,18241,363,363,18376,18241,37,0,100,True,den520d-random-19.scen,100
100,den520d.map,planner,1,19372,18241,363,363,18386,18241,38,0,1000,False,den520d-random-19.scen,100
100,den520d.map,planner,1,19637,18241,363,363,18376,18241,41,0,1000,True,den520d-random-19.scen,100
140,den520d.map,planner,1,27431,24720,363,363,25108,24720,52,0,0,False,den520d-random-19.scen,140
140,den520d.map,planner,1,27431,24720,363,363,25108,24720,56,0,0,True,den520d-random-19.scen,140
140,den520d.map,planner,1,27431,24720,363,363,25108,24720,58,0,1,False,den520d-random-19.scen,140
140,den520d.map,planner,1,27886,24720,363,363,25056,24720,51,0,1,True,den520d-random-19.scen,140
140,den520d.map,planner,1,27431,24720,363,363,25108,24720,52,0,10,False,den520d-random-19.scen,140
140,den520d.map,planner,1,27886,24720,363,363,25056,24720,54,0,10,True,den520d-random-19.scen,140
140,den520d.map,planner,1,27431,24720,363,363,25108,24720,58,0,100,False,den520d-random-19.scen,140
140,den520d.map,planner,1,27886,24720,363,363,25056,24720,55,0,100,True,den520d-random-19.scen,140
140,den520d.map,planner,1,27431,24720,363,363,25108,24720,54,0,1000,False,den520d-random-19.scen,140
140,den520d.map,planner,1,27886,24720,363,363,25056,24720,51,0,1000,True,den520d-random-19.scen,140
180,den520d.map,planner,1,35715,32059,363,363,32642,32059,71,0,0,False,den520d-random-19.scen,180
180,den520d.map,planner,1,35715,32059,363,363,32642,32059,68,0,0,True,den520d-random-19.scen,180
180,den520d.map,planner,1,35715,32059,363,363,32642,32059,71,0,1,False,den520d-random-19.scen,180
180,den520d.map,planner,1,35820,32059,363,363,32588,32059,72,0,1,True,den520d-random-19.scen,180
180,den520d.map,planner,1,35715,32059,363,363,32642,32059,76,0,10,False,den520d-random-19.scen,180
180,den520d.map,planner,1,35820,32059,363,363,32588,32059,67,0,10,True,den520d-random-19.scen,180
180,den520d.map,planner,1,35715,32059,363,363,32642,32059,65,0,100,False,den520d-random-19.scen,180
180,den520d.map,planner,1,35820,32059,363,363,32588,32059,71,0,100,True,den520d-random-19.scen,180
180,den520d.map,planner,1,35715,32059,363,363,32642,32059,65,0,1000,False,den520d-random-19.scen,180
180,den520d.map,planner,1,35820,32059,363,363,32588,32059,71,0,1000,True,den520d-random-19.scen,180
220,den520d.map,planner,1,44524,39436,367,367,40195,39436,82,0,0,False,den520d-random-19.scen,220
220,den520d.map,planner,1,44524,39436,367,367,40195,39436,92,0,0,True,den520d-random-19.scen,220
220,den520d.map,planner,1,44524,39436,367,367,40195,39436,83,0,1,False,den520d-random-19.scen,220
220,den520d.map,planner,1,44574,39436,367,367,40218,39436,84,0,1,True,den520d-random-19.scen,220
220,den520d.map,planner,1,44524,39436,367,367,40195,39436,82,0,10,False,den520d-random-19.scen,220
220,den520d.map,planner,1,44574,39436,367,367,40218,39436,88,0,10,True,den520d-random-19.scen,220
220,den520d.map,planner,1,44524,39436,367,367,40195,39436,89,0,100,False,den520d-random-19.scen,220
220,den520d.map,planner,1,44574,39436,367,367,40218,39436,95,0,100,True,den520d-random-19.scen,220
220,den520d.map,planner,1,44524,39436,367,367,40195,39436,94,0,1000,False,den520d-random-19.scen,220
220,den520d.map,planner,1,44574,39436,367,367,40218,39436,87,0,1000,True,den520d-random-19.scen,220
260,den520d.map,planner,1,51874,45644,385,385,46794,45644,110,0,0,False,den520d-random-19.scen,260
260,den520d.map,planner,1,51874,45644,385,385,46794,45644,102,0,0,True,den520d-random-19.scen,260
260,den520d.map,planner,1,51874,45644,385,385,46794,45644,106,0,1,False,den520d-random-19.scen,260
260,den520d.map,planner,1,51388,45644,385,385,46591,45644,110,0,1,True,den520d-random-19.scen,260
260,den520d.map,planner,1,51874,45644,385,385,46794,45644,103,0,10,False,den520d-random-19.scen,260
260,den520d.map,planner,1,51388,45644,385,385,46591,45644,105,0,10,True,den520d-random-19.scen,260
260,den520d.map,planner,1,51874,45644,385,385,46794,45644,106,0,100,False,den520d-random-19.scen,260
260,den520d.map,planner,1,51388,45644,385,385,46591,45644,110,0,100,True,den520d-random-19.scen,260
260,den520d.map,planner,1,51874,45644,385,385,46794,45644,103,0,1000,False,den520d-random-19.scen,260
260,den520d.map,planner,1,51388,45644,385,385,46591,45644,112,0,1000,True,den520d-random-19.scen,260
300,den520d.map,planner,1,61828,52832,385,385,54216,52832,134,0,0,False,den520d-random-19.scen,300
300,den520d.map,planner,1,61828,52832,385,385,54216,52832,118,0,0,True,den520d-random-19.scen,300
300,den520d.map,planner,1,61828,52832,385,385,54216,52832,132,0,1,False,den520d-random-19.scen,300
300,den520d.map,planner,1,61721,52832,385,385,54146,52832,129,0,1,True,den520d-random-19.scen,300
300,den520d.map,planner,1,61828,52832,385,385,54216,52832,115,0,10,False,den520d-random-19.scen,300
300,den520d.map,planner,1,61721,52832,385,385,54146,52832,129,0,10,True,den520d-random-19.scen,300
300,den520d.map,planner,1,61828,52832,385,385,54216,52832,113,0,100,False,den520d-random-19.scen,300
300,den520d.map,planner,1,61721,52832,385,385,54146,52832,120,0,100,True,den520d-random-19.scen,300
300,den520d.map,planner,1,61828,52832,385,385,54216,52832,121,0,1000,False,den520d-random-19.scen,300
300,den520d.map,planner,1,61721,52832,385,385,54146,52832,122,0,1000,True,den520d-random-19.scen,300
340,den520d.map,planner,1,70354,60216,385,385,62210,60216,144,0,0,False,den520d-random-19.scen,340
340,den520d.map,planner,1,70354,60216,385,385,62210,60216,146,0,0,True,den520d-random-19.scen,340
340,den520d.map,planner,1,70354,60216,385,385,62210,60216,138,0,1,False,den520d-random-19.scen,340
340,den520d.map,planner,1,70457,60216,385,385,61791,60216,150,0,1,True,den520d-random-19.scen,340
340,den520d.map,planner,1,70354,60216,385,385,62210,60216,130,0,10,False,den520d-random-19.scen,340
340,den520d.map,planner,1,70457,60216,385,385,61791,60216,144,0,10,True,den520d-random-19.scen,340
340,den520d.map,planner,1,70354,60216,385,385,62210,60216,129,0,100,False,den520d-random-19.scen,340
340,den520d.map,planner,1,70457,60216,385,385,61791,60216,147,0,100,True,den520d-random-19.scen,340
340,den520d.map,planner,1,70354,60216,385,385,62210,60216,143,0,1000,False,den520d-random-19.scen,340
340,den520d.map,planner,1,70457,60216,385,385,61791,60216,151,0,1000,True,den520d-random-19.scen,340
380,den520d.map,planner,1,80730,67432,385,385,69718,67432,152,0,0,False,den520d-random-19.scen,380
380,den520d.map,planner,1,80730,67432,385,385,69718,67432,171,0,0,True,den520d-random-19.scen,380
380,den520d.map,planner,1,80730,67432,385,385,69718,67432,166,0,1,False,den520d-random-19.scen,380
380,den520d.map,planner,1,79953,67432,385,385,69291,67432,163,0,1,True,den520d-random-19.scen,380
380,den520d.map,planner,1,80730,67432,385,385,69718,67432,167,0,10,False,den520d-random-19.scen,380
380,den520d.map,planner,1,79745,67432,385,385,69310,67432,166,0,10,True,den520d-random-19.scen,380
380,den520d.map,planner,1,80730,67432,385,385,69718,67432,161,0,100,False,den520d-random-19.scen,380
380,den520d.map,planner,1,79745,67432,385,385,69310,67432,168,0,100,True,den520d-random-19.scen,380
380,den520d.map,planner,1,80730,67432,385,385,69718,67432,151,0,1000,False,den520d-random-19.scen,380
380,den520d.map,planner,1,79745,67432,385,385,69310,67432,170,0,1000,True,den520d-random-19.scen,380
420,den520d.map,planner,1,89178,74102,385,385,77133,74102,178,0,0,False,den520d-random-19.scen,420
420,den520d.map,planner,1,89178,74102,385,385,77133,74102,183,0,0,True,den520d-random-19.scen,420
420,den520d.map,planner,1,89178,74102,385,385,77133,74102,176,0,1,False,den520d-random-19.scen,420
420,den520d.map,planner,1,87588,74102,385,385,76197,74102,187,0,1,True,den520d-random-19.scen,420
420,den520d.map,planner,1,89178,74102,385,385,77133,74102,179,0,10,False,den520d-random-19.scen,420
420,den520d.map,planner,1,87537,74102,385,385,76258,74102,247,0,10,True,den520d-random-19.scen,420
420,den520d.map,planner,1,89178,74102,385,385,77133,74102,179,0,100,False,den520d-random-19.scen,420
420,den520d.map,planner,1,88354,74102,385,385,76310,74102,377,0,100,True,den520d-random-19.scen,420
420,den520d.map,planner,1,89178,74102,385,385,77133,74102,181,0,1000,False,den520d-random-19.scen,420
420,den520d.map,planner,1,87366,74102,385,385,76291,74102,440,0,1000,True,den520d-random-19.scen,420
460,den520d.map,planner,1,100582,81943,420,420,85686,81943,200,0,0,False,den520d-random-19.scen,460
460,den520d.map,planner,1,100582,81943,420,420,85686,81943,196,0,0,True,den520d-random-19.scen,460
460,den520d.map,planner,1,100582,81943,420,420,85686,81943,212,0,1,False,den520d-random-19.scen,460
460,den520d.map,planner,1,98229,81943,420,420,84655,81943,238,0,1,True,den520d-random-19.scen,460
460,den520d.map,planner,1,100582,81943,420,420,85686,81943,205,0,10,False,den520d-random-19.scen,460
460,den520d.map,planner,1,97820,81943,420,420,84489,81943,236,0,10,True,den520d-random-19.scen,460
460,den520d.map,planner,1,100582,81943,420,420,85686,81943,209,0,100,False,den520d-random-19.scen,460
460,den520d.map,planner,1,97820,81943,420,420,84489,81943,233,0,100,True,den520d-random-19.scen,460
460,den520d.map,planner,1,100582,81943,420,420,85686,81943,204,0,1000,False,den520d-random-19.scen,460
460,den520d.map,planner,1,97820,81943,420,420,84489,81943,225,0,1000,True,den520d-random-19.scen,460
500,den520d.map,planner,1,108439,88290,420,420,92397,88290,210,0,0,False,den520d-random-19.scen,500
500,den520d.map,planner,1,108439,88290,420,420,92397,88290,220,0,0,True,den520d-random-19.scen,500
500,den520d.map,planner,1,108439,88290,420,420,92397,88290,219,0,1,False,den520d-random-19.scen,500
500,den520d.map,planner,1,105826,88290,420,420,91077,88290,246,0,1,True,den520d-random-19.scen,500
500,den520d.map,planner,1,108439,88290,420,420,92397,88290,212,0,10,False,den520d-random-19.scen,500
500,den520d.map,planner,1,107257,88290,420,420,91074,88290,256,0,10,True,den520d-random-19.scen,500
500,den520d.map,planner,1,108439,88290,420,420,92397,88290,211,0,100,False,den520d-random-19.scen,500
500,den520d.map,planner,1,106680,88290,421,420,91040,88290,481,0,100,True,den520d-random-19.scen,500
500,den520d.map,planner,1,108439,88290,420,420,92397,88290,231,0,1000,False,den520d-random-19.scen,500
500,den520d.map,planner,1,106680,88290,421,420,91040,88290,486,0,1000,True,den520d-random-19.scen,500
540,den520d.map,planner,1,118263,95087,420,420,100136,95087,234,0,0,False,den520d-random-19.scen,540
540,den520d.map,planner,1,118263,95087,420,420,100136,95087,229,0,0,True,den520d-random-19.scen,540
540,den520d.map,planner,1,118263,95087,420,420,100136,95087,240,0,1,False,den520d-random-19.scen,540
540,den520d.map,planner,1,115237,95087,420,420,98303,95087,282,0,1,True,den520d-random-19.scen,540
540,den520d.map,planner,1,118263,95087,420,420,100136,95087,234,0,10,False,den520d-random-19.scen,540
540,den520d.map,planner,1,115775,95087,420,420,98410,95087,442,0,10,True,den520d-random-19.scen,540
540,den520d.map,planner,1,118263,95087,420,420,100136,95087,219,0,100,False,den520d-random-19.scen,540
540,den520d.map,planner,1,114974,95087,420,420,98313,95087,943,0,100,True,den520d-random-19.scen,540
540,den520d.map,planner,1,118263,95087,420,420,100136,95087,225,0,1000,False,den520d-random-19.scen,540
540,den520d.map,planner,1,114577,95087,420,420,98265,95087,1586,0,1000,True,den520d-random-19.scen,540
580,den520d.map,planner,1,128478,103264,436,436,108680,103264,257,0,0,False,den520d-random-19.scen,580
580,den520d.map,planner,1,128478,103264,436,436,108680,103264,259,0,0,True,den520d-random-19.scen,580
580,den520d.map,planner,1,128478,103264,436,436,108680,103264,261,0,1,False,den520d-random-19.scen,580
580,den520d.map,planner,1,126358,103264,442,436,106932,103264,327,0,1,True,den520d-random-19.scen,580
580,den520d.map,planner,1,128478,103264,436,436,108680,103264,246,0,10,False,den520d-random-19.scen,580
580,den520d.map,planner,1,125636,103264,438,436,106622,103264,405,0,10,True,den520d-random-19.scen,580
580,den520d.map,planner,1,128478,103264,436,436,108680,103264,273,0,100,False,den520d-random-19.scen,580
580,den520d.map,planner,1,125917,103264,438,436,106610,103264,695,0,100,True,den520d-random-19.scen,580
580,den520d.map,planner,1,128478,103264,436,436,108680,103264,261,0,1000,False,den520d-random-19.scen,580
580,den520d.map,planner,1,125370,103264,446,436,106632,103264,1539,0,1000,True,den520d-random-19.scen,580
20,den520d.map,planner,1,3687,3685,395,395,3687,3685,8,0,0,False,den520d-random-1.scen,20
20,den520d.map,planner,1,3687,3685,395,395,3687,3685,8,0,0,True,den520d-random-1.scen,20
20,den520d.map,planner,1,3687,3685,395,395,3687,3685,7,0,1,False,den520d-random-1.scen,20
20,den520d.map,planner,1,3687,3685,395,395,3687,3685,9,0,1,True,den520d-random-1.scen,20
20,den520d.map,planner,1,3687,3685,395,395,3687,3685,8,0,10,False,den520d-random-1.scen,20
20,den520d.map,planner,1,3687,3685,395,395,3687,3685,7,0,10,True,den520d-random-1.scen,20
20,den520d.map,planner,1,3687,3685,395,395,3687,3685,8,0,100,False,den520d-random-1.scen,20
20,den520d.map,planner,1,3687,3685,395,395,3687,3685,7,0,100,True,den520d-random-1.scen,20
20,den520d.map,planner,1,3687,3685,395,395,3687,3685,8,0,1000,False,den520d-random-1.scen,20
20,den520d.map,planner,1,3687,3685,395,395,3687,3685,8,0,1000,True,den520d-random-1.scen,20
60,den520d.map,planner,1,9887,9755,395,395,9800,9755,21,0,0,False,den520d-random-1.scen,60
60,den520d.map,planner,1,9887,9755,395,395,9800,9755,22,0,0,True,den520d-random-1.scen,60
60,den520d.map,planner,1,9887,9755,395,395,9800,9755,22,0,1,False,den520d-random-1.scen,60
60,den520d.map,planner,1,9887,9755,395,395,9800,9755,21,0,1,True,den520d-random-1.scen,60
60,den520d.map,planner,1,9887,9755,395,395,9800,9755,18,0,10,False,den520d-random-1.scen,60
60,den520d.map,planner,1,9887,9755,395,395,9800,9755,25,0,10,True,den520d-random-1.scen,60
60,den520d.map,planner,1,9887,9755,395,395,9800,9755,20,0,100,False,den520d-random-1.scen,60
60,den520d.map,planner,1,9887,9755,395,395,9800,9755,21,0,100,True,den520d-random-1.scen,60
60,den520d.map,planner,1,9887,9755,395,395,9800,9755,21,0,1000,False,den520d-random-1.scen,60
60,den520d.map,planner,1,9887,9755,395,395,9800,9755,22,0,1000,True,den520d-random-1.scen,60
100,den520d.map,planner,1,17007,16637,395,395,16776,16637,42,0,0,False,den520d-random-1.scen,100
100,den520d.map,planner,1,17007,16637,395,395,16776,16637,35,0,0,True,den520d-random-1.scen,100
100,den520d.map,planner,1,17007,16637,395,395,16776,16637,43,0,1,False,den520d-random-1.scen,100
100,den520d.map,planner,1,16981,16637,395,395,16762,16637,34,0,1,True,den520d-random-1.scen,100
100,den520d.map,planner,1,17007,16637,395,395,16776,16637,40,0,10,False,den520d-random-1.scen,100
100,den520d.map,planner,1,16981,16637,395,395,16762,16637,40,0,10,True,den520d-random-1.scen,100
100,den520d.map,planner,1,17007,16637,395,395,16776,16637,35,0,100,False,den520d-random-1.scen,100
100,den520d.map,planner,1,16981,16637,395,395,16762,16637,38,0,100,True,den520d-random-1.scen,100
100,den520d.map,planner,1,17007,16637,395,395,16776,16637,33,0,1000,False,den520d-random-1.scen,100
100,den520d.map,planner,1,16981,16637,395,395,16762,16637,34,0,1000,True,den520d-random-1.scen,100
140,den520d.map,planner,1,25471,24867,401,401,25102,24867,55,0,0,False,den520d-random-1.scen,140
140,den520d.map,planner,1,25471,24867,401,401,25102,24867,51,0,0,True,den520d-random-1.scen,140
140,den520d.map,planner,1,25471,24867,401,401,25102,24867,49,0,1,False,den520d-random-1.scen,140
140,den520d.map,planner,1,25431,24867,401,401,25104,24867,57,0,1,True,den520d-random-1.scen,140
140,den520d.map,planner,1,25471,24867,401,401,25102,24867,49,0,10,False,den520d-random-1.scen,140
140,den520d.map,planner,1,25431,24867,401,401,25104,24867,59,0,10,True,den520d-random-1.scen,140
140,den520d.map,planner,1,25471,24867,401,401,25102,24867,52,0,100,False,den520d-random-1.scen,140
140,den520d.map,planner,1,25431,24867,401,401,25104,24867,57,0,100,True,den520d-random-1.scen,140
140,den520d.map,planner,1,25471,24867,401,401,25102,24867,54,0,1000,False,den520d-random-1.scen,140
140,den520d.map,planner,1,25431,24867,401,401,25104,24867,53,0,1000,True,den520d-random-1.scen,140
180,den520d.map,planner,1,33564,30832,401,401,31288,30832,66,0,0,False,den520d-random-1.scen,180
180,den520d.map,planner,1,33564,30832,401,401,31288,30832,63,0,0,True,den520d-random-1.scen,180
180,den520d.map,planner,1,33564,30832,401,401,31288,30832,76,0,1,False,den520d-random-1.scen,180
180,den520d.map,planner,1,32333,30832,401,401,31206,30832,65,0,1,True,den520d-random-1.scen,180
180,den520d.map,planner,1,33564,30832,401,401,31288,30832,69,0,10,False,den520d-random-1.scen,180
180,den520d.map,planner,1,32333,30832,401,401,31206,30832,77,0,10,True,den520d-random-1.scen,180
180,den520d.map,planner,1,33564,30832,401,401,31288,30832,75,0,100,False,den520d-random-1.scen,180
180,den520d.map,planner,1,32333,30832,401,401,31206,30832,65,0,100,True,den520d-random-1.scen,180
180,den520d.map,planner,1,33564,30832,401,401,31288,30832,78,0,1000,False,den520d-random-1.scen,180
180,den520d.map,planner,1,32333,30832,401,401,31206,30832,82,0,1000,True,den520d-random-1.scen,180
220,den520d.map,planner,1,42058,38181,401,401,38796,38181,90,0,0,False,den520d-random-1.scen,220
220,den520d.map,planner,1,42058,38181,401,401,38796,38181,90,0,0,True,den520d-random-1.scen,220
220,den520d.map,planner,1,42058,38181,401,401,38796,38181,83,0,1,False,den520d-random-1.scen,220
220,den520d.map,planner,1,41263,38181,401,401,38758,38181,84,0,1,True,den520d-random-1.scen,220
220,den520d.map,planner,1,42058,38181,401,401,38796,38181,88,0,10,False,den520d-random-1.scen,220
220,den520d.map,planner,1,41263,38181,401,401,38758,38181,89,0,10,True,den520d-random-1.scen,220
220,den520d.map,planner,1,42058,38181,401,401,38796,38181,88,0,100,False,den520d-random-1.scen,220
220,den520d.map,planner,1,41263,38181,401,401,38758,38181,88,0,100,True,den520d-random-1.scen,220
220,den520d.map,planner,1,42058,38181,401,401,38796,38181,85,0,1000,False,den520d-random-1.scen,220
220,den520d.map,planner,1,41263,38181,401,401,38758,38181,94,0,1000,True,den520d-random-1.scen,220
260,den520d.map,planner,1,50518,45818,401,401,46846,45818,111,0,0,False,den520d-random-1.scen,260
260,den520d.map,planner,1,50518,45818,401,401,46846,45818,104,0,0,True,den520d-random-1.scen,260
260,den520d.map,planner,1,50518,45818,401,401,46846,45818,108,0,1,False,den520d-random-1.scen,260
260,den520d.map,planner,1,50916,45818,401,401,46670,45818,111,0,1,True,den520d-random-1.scen,260
260,den520d.map,planner,1,50518,45818,401,401,46846,45818,108,0,10,False,den520d-random-1.scen,260
260,den520d.map,planner,1,50916,45818,401,401,46670,45818,110,0,10,True,den520d-random-1.scen,260
260,den520d.map,planner,1,50518,45818,401,401,46846,45818,107,0,100,False,den520d-random-1.scen,260
260,den520d.map,planner,1,50916,45818,401,401,46670,45818,99,0,100,True,den520d-random-1.scen,260
260,den520d.map,planner,1,50518,45818,401,401,46846,45818,104,0,1000,False,den520d-random-1.scen,260
260,den520d.map,planner,1,50916,45818,401,401,46670,45818,106,0,1000,True,den520d-random-1.scen,260
300,den520d.map,planner,1,58374,51745,401,401,52960,51745,136,0,0,False,den520d-random-1.scen,300
300,den520d.map,planner,1,58374,51745,401,401,52960,51745,125,0,0,True,den520d-random-1.scen,300
300,den520d.map,planner,1,58374,51745,401,401,52960,51745,124,0,1,False,den520d-random-1.scen,300
300,den520d.map,planner,1,58016,51745,401,401,52891,51745,126,0,1,True,den520d-random-1.scen,300
300,den520d.map,planner,1,58374,51745,401,401,52960,51745,132,0,10,False,den520d-random-1.scen,300
300,den520d.map,planner,1,58016,51745,401,401,52891,51745,132,0,10,True,den520d-random-1.scen,300
300,den520d.map,planner,1,58374,51745,401,401,52960,51745,122,0,100,False,den520d-random-1.scen,300
300,den520d.map,planner,1,58016,51745,401,401,52891,51745,119,0,100,True,den520d-random-1.scen,300
300,den520d.map,planner,1,58374,51745,401,401,52960,51745,121,0,1000,False,den520d-random-1.scen,300
300,den520d.map,planner,1,58016,51745,401,401,52891,51745,133,0,1000,True,den520d-random-1.scen,300
340,den520d.map,planner,1,67770,58447,401,401,60088,58447,142,0,0,False,den520d-random-1.scen,340
340,den520d.map,planner,1,67770,58447,401,401,60088,58447,143,0,0,True,den520d-random-1.scen,340
340,den520d.map,planner,1,67770,58447,401,401,60088,58447,127,0,1,False,den520d-random-1.scen,340
340,den520d.map,planner,1,66367,58447,401,401,59758,58447,147,0,1,True,den520d-random-1.scen,340
340,den520d.map,planner,1,67770,58447,401,401,60088,58447,134,0,10,False,den520d-random-1.scen,340
340,den520d.map,planner,1,66367,58447,401,401,59758,58447,134,0,10,True,den520d-random-1.scen,340
340,den520d.map,planner,1,67770,58447,401,401,60088,58447,134,0,100,False,den520d-random-1.scen,340
340,den520d.map,planner,1,66367,58447,401,401,59758,58447,144,0,100,True,den520d-random-1.scen,340
340,den520d.map,planner,1,67770,58447,401,401,60088,58447,146,0,1000,False,den520d-random-1.scen,340
340,den520d.map,planner,1,66367,58447,401,401,59758,58447,142,0,1000,True,den520d-random-1.scen,340
380,den520d.map,planner,1,74826,64580,401,401,66677,64580,158,0,0,False,den520d-random-1.scen,380
380,den520d.map,planner,1,74826,64580,401,401,66677,64580,146,0,0,True,den520d-random-1.scen,380
380,den520d.map,planner,1,74826,64580,401,401,66677,64580,156,0,1,False,den520d-random-1.scen,380
380,den520d.map,planner,1,75468,64580,401,401,66318,64580,158,0,1,True,den520d-random-1.scen,380
380,den520d.map,planner,1,74826,64580,401,401,66677,64580,162,0,10,False,den520d-random-1.scen,380
380,den520d.map,planner,1,73949,64580,401,401,66192,64580,163,0,10,True,den520d-random-1.scen,380
380,den520d.map,planner,1,74826,64580,401,401,66677,64580,151,0,100,False,den520d-random-1.scen,380
380,den520d.map,planner,1,73949,64580,401,401,66192,64580,169,0,100,True,den520d-random-1.scen,380
380,den520d.map,planner,1,74826,64580,401,401,66677,64580,154,0,1000,False,den520d-random-1.scen,380
380,den520d.map,planner,1,73949,64580,401,401,66192,64580,162,0,1000,True,den520d-random-1.scen,380
420,den520d.map,planner,1,84944,71831,401,401,74315,71831,178,0,0,False,den520d-random-1.scen,420
420,den520d.map,planner,1,84944,71831,401,401,74315,71831,173,0,0,True,den520d-random-1.scen,420
420,den520d.map,planner,1,84944,71831,401,401,74315,71831,181,0,1,False,den520d-random-1.scen,420
420,den520d.map,planner,1,84404,71831,401,401,73809,71831,181,0,1,True,den520d-random-1.scen,420
420,den520d.map,planner,1,84944,71831,401,401,74315,71831,160,0,10,False,den520d-random-1.scen,420
420,den520d.map,planner,1,83981,71831,401,401,73763,71831,178,0,10,True,den520d-random-1.scen,420
420,den520d.map,planner,1,84944,71831,401,401,74315,71831,189,0,100,False,den520d-random-1.scen,420
420,den520d.map,planner,1,83981,71831,401,401,73763,71831,174,0,100,True,den520d-random-1.scen,420
420,den520d.map,planner,1,84944,71831,401,401,74315,71831,160,0,1000,False,den520d-random-1.scen,420
420,den520d.map,planner,1,83981,71831,401,401,73763,71831,169,0,1000,True,den520d-random-1.scen,420
460,den520d.map,planner,1,93935,78527,401,401,81440,78527,190,0,0,False,den520d-random-1.scen,460
460,den520d.map,planner,1,93935,78527,401,401,81440,78527,199,0,0,True,den520d-random-1.scen,460
460,den520d.map,planner,1,93935,78527,401,401,81440,78527,192,0,1,False,den520d-random-1.scen,460
460,den520d.map,planner,1,93276,78527,401,401,80697,78527,194,0,1,True,den520d-random-1.scen,460
460,den520d.map,planner,1,93935,78527,401,401,81440,78527,194,0,10,False,den520d-random-1.scen,460
460,den520d.map,planner,1,93276,78527,401,401,80697,78527,188,0,10,True,den520d-random-1.scen,460
460,den520d.map,planner,1,93935,78527,401,401,81440,78527,189,0,100,False,den520d-random-1.scen,460
460,den520d.map,planner,1,93276,78527,401,401,80697,78527,192,0,100,True,den520d-random-1.scen,460
460,den520d.map,planner,1,93935,78527,401,401,81440,78527,199,0,1000,False,den520d-random-1.scen,460
460,den520d.map,planner,1,93276,78527,401,401,80697,78527,192,0,1000,True,den520d-random-1.scen,460
500,den520d.map,planner,1,102671,84864,401,401,88190,84864,211,0,0,False,den520d-random-1.scen,500
500,den520d.map,planner,1,102671,84864,401,401,88190,84864,204,0,0,True,den520d-random-1.scen,500
500,den520d.map,planner,1,102671,84864,401,401,88190,84864,204,0,1,False,den520d-random-1.scen,500
500,den520d.map,planner,1,102127,84864,401,401,87479,84864,235,0,1,True,den520d-random-1.scen,500
500,den520d.map,planner,1,102671,84864,401,401,88190,84864,200,0,10,False,den520d-random-1.scen,500
500,den520d.map,planner,1,102143,84864,401,401,87476,84864,246,0,10,True,den520d-random-1.scen,500
500,den520d.map,planner,1,102671,84864,401,401,88190,84864,193,0,100,False,den520d-random-1.scen,500
500,den520d.map,planner,1,102046,84864,401,401,87501,84864,229,0,100,True,den520d-random-1.scen,500
500,den520d.map,planner,1,102671,84864,401,401,88190,84864,215,0,1000,False,den520d-random-1.scen,500
500,den520d.map,planner,1,102046,84864,401,401,87501,84864,234,0,1000,True,den520d-random-1.scen,500
540,den520d.map,planner,1,111929,91770,401,401,95789,91770,223,0,0,False,den520d-random-1.scen,540
540,den520d.map,planner,1,111929,91770,401,401,95789,91770,240,0,0,True,den520d-random-1.scen,540
540,den520d.map,planner,1,111929,91770,401,401,95789,91770,219,0,1,False,den520d-random-1.scen,540
540,den520d.map,planner,1,109843,91770,401,401,94494,91770,238,0,1,True,den520d-random-1.scen,540
540,den520d.map,planner,1,111929,91770,401,401,95789,91770,217,0,10,False,den520d-random-1.scen,540
540,den520d.map,planner,1,109762,91770,401,401,94456,91770,252,0,10,True,den520d-random-1.scen,540
540,den520d.map,planner,1,111929,91770,401,401,95789,91770,224,0,100,False,den520d-random-1.scen,540
540,den520d.map,planner,1,109762,91770,401,401,94456,91770,263,0,100,True,den520d-random-1.scen,540
540,den520d.map,planner,1,111929,91770,401,401,95789,91770,233,0,1000,False,den520d-random-1.scen,540
540,den520d.map,planner,1,109762,91770,401,401,94456,91770,259,0,1000,True,den520d-random-1.scen,540
580,den520d.map,planner,1,122511,97883,401,401,102885,97883,227,0,0,False,den520d-random-1.scen,580
580,den520d.map,planner,1,122511,97883,401,401,102885,97883,251,0,0,True,den520d-random-1.scen,580
580,den520d.map,planner,1,122511,97883,401,401,102885,97883,238,0,1,False,den520d-random-1.scen,580
580,den520d.map,planner,1,119728,97883,403,401,101243,97883,299,0,1,True,den520d-random-1.scen,580
580,den520d.map,planner,1,122511,97883,401,401,102885,97883,240,0,10,False,den520d-random-1.scen,580
580,den520d.map,planner,1,120099,97883,401,401,101143,97883,330,0,10,True,den520d-random-1.scen,580
580,den520d.map,planner,1,122511,97883,401,401,102885,97883,251,0,100,False,den520d-random-1.scen,580
580,den520d.map,planner,1,118570,97883,401,401,101116,97883,612,0,100,True,den520d-random-1.scen,580
580,den520d.map,planner,1,122511,97883,401,401,102885,97883,248,0,1000,False,den520d-random-1.scen,580
580,den520d.map,planner,1,120007,97883,401,401,101159,97883,1439,0,1000,True,den520d-random-1.scen,580
20,den520d.map,planner,1,3395,3392,370,370,3395,3392,8,0,0,False,den520d-random-3.scen,20
20,den520d.map,planner,1,3395,3392,370,370,3395,3392,7,0,0,True,den520d-random-3.scen,20
20,den520d.map,planner,1,3395,3392,370,370,3395,3392,7,0,1,False,den520d-random-3.scen,20
20,den520d.map,planner,1,3395,3392,370,370,3395,3392,7,0,1,True,den520d-random-3.scen,20
20,den520d.map,planner,1,3395,3392,370,370,3395,3392,8,0,10,False,den520d-random-3.scen,20
20,den520d.map,planner,1,3395,3392,370,370,3395,3392,7,0,10,True,den520d-random-3.scen,20
20,den520d.map,planner,1,3395,3392,370,370,3395,3392,7,0,100,False,den520d-random-3.scen,20
20,den520d.map,planner,1,3395,3392,370,370,3395,3392,7,0,100,True,den520d-random-3.scen,20
20,den520d.map,planner,1,3395,3392,370,370,3395,3392,7,0,1000,False,den520d-random-3.scen,20
20,den520d.map,planner,1,3395,3392,370,370,3395,3392,8,0,1000,True,den520d-random-3.scen,20
60,den520d.map,planner,1,10311,10166,370,370,10190,10166,20,0,0,False,den520d-random-3.scen,60
60,den520d.map,planner,1,10311,10166,370,370,10190,10166,23,0,0,True,den520d-random-3.scen,60
60,den520d.map,planner,1,10311,10166,370,370,10190,10166,20,0,1,False,den520d-random-3.scen,60
60,den520d.map,planner,1,10311,10166,370,370,10190,10166,24,0,1,True,den520d-random-3.scen,60
60,den520d.map,planner,1,10311,10166,370,370,10190,10166,24,0,10,False,den520d-random-3.scen,60
60,den520d.map,planner,1,10311,10166,370,370,10190,10166,24,0,10,True,den520d-random-3.scen,60
60,den520d.map,planner,1,10311,10166,370,370,10190,10166,23,0,100,False,den520d-random-3.scen,60
60,den520d.map,planner,1,10311,10166,370,370,10190,10166,26,0,100,True,den520d-random-3.scen,60
60,den520d.map,planner,1,10311,10166,370,370,10190,10166,20,0,1000,False,den520d-random-3.scen,60
60,den520d.map,planner,1,10311,10166,370,370,10190,10166,26,0,1000,True,den520d-random-3.scen,60
100,den520d.map,planner,1,17742,17274,379,379,17408,17274,38,0,0,False,den520d-random-3.scen,100
100,den520d.map,planner,1,17742,17274,379,379,17408,17274,42,0,0,True,den520d-random-3.scen,100
100,den520d.map,planner,1,17742,17274,379,379,17408,17274,43,0,1,False,den520d-random-3.scen,100
100,den520d.map,planner,1,17581,17274,379,379,17382,17274,34,0,1,True,den520d-random-3.scen,100
100,den520d.map,planner,1,17742,17274,379,379,17408,17274,43,0,10,False,den520d-random-3.scen,100
100,den520d.map,planner,1,17581,17274,379,379,17382,17274,40,0,10,True,den520d-random-3.scen,100
100,den520d.map,planner,1,17742,17274,379,379,17408,17274,40,0,100,False,den520d-random-3.scen,100
100,den520d.map,planner,1,17581,17274,379,379,17382,17274,36,0,100,True,den520d-random-3.scen,100
100,den520d.map,planner,1,17742,17274,379,379,17408,17274,34,0,1000,False,den520d-random-3.scen,100
100,den520d.map,planner,1,17581,17274,379,379,17382,17274,34,0,1000,True,den520d-random-3.scen,100
140,den520d.map,planner,1,25681,23783,379,379,24019,23783,50,0,0,False,den520d-random-3.scen,140
140,den520d.map,planner,1,25681,23783,379,379,24019,23783,51,0,0,True,den520d-random-3.scen,140
140,den520d.map,planner,1,25681,23783,379,379,24019,23783,49,0,1,False,den520d-random-3.scen,140
140,den520d.map,planner,1,25743,23783,379,379,23975,23783,58,0,1,True,den520d-random-3.scen,140
140,den520d.map,planner,1,25681,23783,379,379,24019,23783,53,0,10,False,den520d-random-3.scen,140
140,den520d.map,planner,1,25743,23783,379,379,23975,23783,58,0,10,True,den520d-random-3.scen,140
140,den520d.map,planner,1,25681,23783,379,379,24019,23783,59,0,100,False,den520d-random-3.scen,140
140,den520d.map,planner,1,25743,23783,379,379,23975,23783,57,0,100,True,den520d-random-3.scen,140
140,den520d.map,planner,1,25681,23783,379,379,24019,23783,49,0,1000,False,den520d-random-3.scen,140
140,den520d.map,planner,1,25743,23783,379,379,23975,23783,56,0,1000,True,den520d-random-3.scen,140
180,den520d.map,planner,1,34050,30476,392,392,30971,30476,68,0,0,False,den520d-random-3.scen,180
180,den520d.map,planner,1,34050,30476,392,392,30971,30476,65,0,0,True,den520d-random-3.scen,180
180,den520d.map,planner,1,34050,30476,392,392,30971,30476,74,0,1,False,den520d-random-3.scen,180
180,den520d.map,planner,1,33674,30476,392,392,31032,30476,69,0,1,True,den520d-random-3.scen,180
180,den520d.map,planner,1,34050,30476,392,392,30971,30476,68,0,10,False,den520d-random-3.scen,180
180,den520d.map,planner,1,33674,30476,392,392,31032,30476,62,0,10,True,den520d-random-3.scen,180
180,den520d.map,planner,1,34050,30476,392,392,30971,30476,70,0,100,False,den520d-random-3.scen,180
180,den520d.map,planner,1,33674,30476,392,392,31032,30476,70,0,100,True,den520d-random-3.scen,180
180,den520d.map,planner,1,34050,30476,392,392,30971,30476,68,0,1000,False,den520d-random-3.scen,180
180,den520d.map,planner,1,33674,30476,392,392,31032,30476,76,0,1000,True,den520d-random-3.scen,180
220,den520d.map,planner,1,41886,36331,392,392,37137,36331,80,0,0,False,den520d-random-3.scen,220
220,den520d.map,planner,1,41886,36331,392,392,37137,36331,86,0,0,True,den520d-random-3.scen,220
220,den520d.map,planner,1,41886,36331,392,392,37137,36331,78,0,1,False,den520d-random-3.scen,220
220,den520d.map,planner,1,41555,36331,392,392,37155,36331,83,0,1,True,den520d-random-3.scen,220
220,den520d.map,planner,1,41886,36331,392,392,37137,36331,85,0,10,False,den520d-random-3.scen,220
220,den520d.map,planner,1,41555,36331,392,392,37155,36331,85,0,10,True,den520d-random-3.scen,220
220,den520d.map,planner,1,41886,36331,392,392,37137,36331,88,0,100,False,den520d-random-3.scen,220
220,den520d.map,planner,1,41555,36331,392,392,37155,36331,89,0,100,True,den520d-random-3.scen,220
220,den520d.map,planner,1,41886,36331,392,392,37137,36331,89,0,1000,False,den520d-random-3.scen,220
220,den520d.map,planner,1,41555,36331,392,392,37155,36331,88,0,1000,True,den520d-random-3.scen,220
260,den520d.map,planner,1,50038,42718,392,392,44000,42718,97,0,0,False,den520d-random-3.scen,260
260,den520d.map,planner,1,50038,42718,392,392,44000,42718,96,0,0,True,den520d-random-3.scen,260
260,den520d.map,planner,1,50038,42718,392,392,44000,42718,100,0,1,False,den520d-random-3.scen,260
260,den520d.map,planner,1,49443,42718,392,392,43853,42718,98,0,1,True,den520d-random-3.scen,260
260,den520d.map,planner,1,50038,42718,392,392,44000,42718,97,0,10,False,den520d-random-3.scen,260
260,den520d.map,planner,1,49443,42718,392,392,43853,42718,96,0,10,True,den520d-random-3.scen,260
260,den520d.map,planner,1,50038,42718,392,392,44000,42718,106,0,100,False,den520d-random-3.scen,260
260,den520d.map,planner,1,49443,42718,392,392,43853,42718,99,0,100,True,den520d-random-3.scen,260
260,den520d.map,planner,1,50038,42718,392,392,44000,42718,101,0,1000,False,den520d-random-3.scen,260
260,den520d.map,planner,1,49443,42718,392,392,43853,42718,109,0,1000,True,den520d-random-3.scen,260
300,den520d.map,planner,1,58531,49916,392,392,51554,49916,126,0,0,False,den520d-random-3.scen,300
300,den520d.map,planner,1,58531,49916,392,392,51554,49916,119,0,0,True,den520d-random-3.scen,300
300,den520d.map,planner,1,58531,49916,392,392,51554,49916,116,0,1,False,den520d-random-3.scen,300
300,den520d.map,planner,1,58022,49916,392,392,51297,49916,130,0,1,True,den520d-random-3.scen,300
300,den520d.map,planner,1,58531,49916,392,392,51554,49916,122,0,10,False,den520d-random-3.scen,300
300,den520d.map,planner,1,58022,49916,392,392,51297,49916,117,0,10,True,den520d-random-3.scen,300
300,den520d.map,planner,1,58531,49916,392,392,51554,49916,128,0,100,False,den520d-random-3.scen,300
300,den520d.map,planner,1,58022,49916,392,392,51297,49916,118,0,100,True,den520d-random-3.scen,300
300,den520d.map,planner,1,58531,49916,392,392,51554,49916,119,0,1000,False,den520d-random-3.scen,300
300,den520d.map,planner,1,58022,49916,392,392,51297,49916,122,0,1000,True,den520d-random-3.scen,300
340,den520d.map,planner,1,67907,57092,392,392,59316,57092,141,0,0,False,den520d-random-3.scen,340
340,den520d.map,planner,1,67907,57092,392,392,59316,57092,135,0,0,True,den520d-random-3.scen,340
340,den520d.map,planner,1,67907,57092,392,392,59316,57092,140,0,1,False,den520d-random-3.scen,340
340,den520d.map,planner,1,67756,57092,392,392,58713,57092,136,0,1,True,den520d-random-3.scen,340
340,den520d.map,planner,1,67907,57092,392,392,59316,57092,139,0,10,False,den520d-random-3.scen,340
340,den520d.map,planner,1,67756,57092,392,392,58713,57092,146,0,10,True,den520d-random-3.scen,340
340,den520d.map,planner,1,67907,57092,392,392,59316,57092,136,0,100,False,den520d-random-3.scen,340
340,den520d.map,planner,1,67756,57092,392,392,58713,57092,154,0,100,True,den520d-random-3.scen,340
340,den520d.map,planner,1,67907,57092,392,392,59316,57092,139,0,1000,False,den520d-random-3.scen,340
340,den520d.map,planner,1,67756,57092,392,392,58713,57092,138,0,1000,True,den520d-random-3.scen,340
380,den520d.map,planner,1,76664,63655,392,392,66290,63655,151,0,0,False,den520d-random-3.scen,380
380,den520d.map,planner,1,76664,63655,392,392,66290,63655,161,0,0,True,den520d-random-3.scen,380
380,den520d.map,planner,1,76664,63655,392,392,66290,63655,155,0,1,False,den520d-random-3.scen,380
380,den520d.map,planner,1,75263,63655,393,392,65695,63655,166,0,1,True,den520d-random-3.scen,380
380,den520d.map,planner,1,76664,63655,392,392,66290,63655,160,0,10,False,den520d-random-3.scen,380
380,den520d.map,planner,1,75263,63655,393,392,65695,63655,160,0,10,True,den520d-random-3.scen,380
380,den520d.map,planner,1,76664,63655,392,392,66290,63655,154,0,100,False,den520d-random-3.scen,380
380,den520d.map,planner,1,75263,63655,393,392,65695,63655,170,0,100,True,den520d-random-3.scen,380
380,den520d.map,planner,1,76664,63655,392,392,66290,63655,153,0,1000,False,den520d-random-3.scen,380
380,den520d.map,planner,1,75263,63655,393,392,65695,63655,159,0,1000,True,den520d-random-3.scen,380
420,den520d.map,planner,1,87936,71354,393,392,74493,71354,178,0,0,False,den520d-random-3.scen,420
420,den520d.map,planner,1,87936,71354,393,392,74493,71354,174,0,0,True,den520d-random-3.scen,420
420,den520d.map,planner,1,87936,71354,393,392,74493,71354,169,0,1,False,den520d-random-3.scen,420
420,den520d.map,planner,1,84673,71354,392,392,73626,71354,175,0,1,True,den520d-random-3.scen,420
420,den520d.map,planner,1,87936,71354,393,392,74493,71354,182,0,10,False,den520d-random-3.scen,420
420,den520d.map,planner,1,85415,71354,392,392,73645,71354,173,0,10,True,den520d-random-3.scen,420
420,den520d.map,planner,1,87936,71354,393,392,74493,71354,172,0,100,False,den520d-random-3.scen,420
420,den520d.map,planner,1,85415,71354,392,392,73645,71354,179,0,100,True,den520d-random-3.scen,420
420,den520d.map,planner,1,87936,71354,393,392,74493,71354,188,0,1000,False,den520d-random-3.scen,420
420,den520d.map,planner,1,85415,71354,392,392,73645,71354,180,0,1000,True,den520d-random-3.scen,420
460,den520d.map,planner,1,97897,78770,401,401,82253,78770,200,0,0,False,den520d-random-3.scen,460
460,den520d.map,planner,1,97897,78770,401,401,82253,78770,201,0,0,True,den520d-random-3.scen,460
460,den520d.map,planner,1,97897,78770,401,401,82253,78770,189,0,1,False,den520d-random-3.scen,460
460,den520d.map,planner,1,94491,78770,406,401,81247,78770,205,0,1,True,den520d-random-3.scen,460
460,den520d.map,planner,1,97897,78770,401,401,82253,78770,206,0,10,False,den520d-random-3.scen,460
460,den520d.map,planner,1,95606,78770,403,401,81306,78770,204,0,10,True,den520d-random-3.scen,460
460,den520d.map,planner,1,97897,78770,401,401,82253,78770,192,0,100,False,den520d-random-3.scen,460
460,den520d.map,planner,1,95606,78770,403,401,81306,78770,216,0,100,True,den520d-random-3.scen,460
460,den520d.map,planner,1,97897,78770,401,401,82253,78770,180,0,1000,False,den520d-random-3.scen,460
460,den520d.map,planner,1,95606,78770,403,401,81306,78770,203,0,1000,True,den520d-random-3.scen,460
500,den520d.map,planner,1,105491,85138,401,401,89520,85138,213,0,0,False,den520d-random-3.scen,500
500,den520d.map,planner,1,105491,85138,401,401,89520,85138,230,0,0,True,den520d-random-3.scen,500
500,den520d.map,planner,1,105491,85138,401,401,89520,85138,208,0,1,False,den520d-random-3.scen,500
500,den520d.map,planner,1,103916,85138,403,401,88158,85138,237,0,1,True,den520d-random-3.scen,500
500,den520d.map,planner,1,105491,85138,401,401,89520,85138,211,0,10,False,den520d-random-3.scen,500
500,den520d.map,planner,1,101572,85138,401,401,87998,85138,267,0,10,True,den520d-random-3.scen,500
500,den520d.map,planner,1,105491,85138,401,401,89520,85138,212,0,100,False,den520d-random-3.scen,500
500,den520d.map,planner,1,103824,85138,401,401,88083,85138,268,0,100,True,den520d-random-3.scen,500
500,den520d.map,planner,1,105491,85138,401,401,89520,85138,223,0,1000,False,den520d-random-3.scen,500
500,den520d.map,planner,1,103824,85138,401,401,88083,85138,269,0,1000,True,den520d-random-3.scen,500
540,den520d.map,planner,1,114936,92510,401,401,97287,92510,233,0,0,False,den520d-random-3.scen,540
540,den520d.map,planner,1,114936,92510,401,401,97287,92510,237,0,0,True,den520d-random-3.scen,540
540,den520d.map,planner,1,114936,92510,401,401,97287,92510,241,0,1,False,den520d-random-3.scen,540
540,den520d.map,planner,1,113086,92510,401,401,95855,92510,281,0,1,True,den520d-random-3.scen,540
540,den520d.map,planner,1,114936,92510,401,401,97287,92510,242,0,10,False,den520d-random-3.scen,540
540,den520d.map,planner,1,112226,92510,401,401,95764,92510,431,0,10,True,den520d-random-3.scen,540
540,den520d.map,planner,1,114936,92510,401,401,97287,92510,250,0,100,False,den520d-random-3.scen,540
540,den520d.map,planner,1,112978,92510,401,401,95759,92510,1076,0,100,True,den520d-random-3.scen,540
540,den520d.map,planner,1,114936,92510,401,401,97287,92510,228,0,1000,False,den520d-random-3.scen,540
540,den520d.map,planner,1,113718,92510,401,401,95849,92510,1725,0,1000,True,den520d-random-3.scen,540
580,den520d.map,planner,1,125060,98924,401,401,104829,98924,253,0,0,False,den520d-random-3.scen,580
580,den520d.map,planner,1,125060,98924,401,401,104829,98924,246,0,0,True,den520d-random-3.scen,580
580,den520d.map,planner,1,125060,98924,401,401,104829,98924,267,0,1,False,den520d-random-3.scen,580
580,den520d.map,planner,1,122898,98924,401,401,102697,98924,324,0,1,True,den520d-random-3.scen,580
580,den520d.map,planner,1,125060,98924,401,401,104829,98924,270,0,10,False,den520d-random-3.scen,580
580,den520d.map,planner,1,121715,98924,402,401,102525,98924,522,0,10,True,den520d-random-3.scen,580
580,den520d.map,planner,1,125060,98924,401,401,104829,98924,249,0,100,False,den520d-random-3.scen,580
580,den520d.map,planner,1,121588,98924,401,401,102585,98924,1381,0,100,True,den520d-random-3.scen,580
580,den520d.map,planner,1,125060,98924,401,401,104829,98924,243,0,1000,False,den520d-random-3.scen,580
580,den520d.map,planner,1,121531,98924,401,401,102444,98924,1963,0,1000,True,den520d-random-3.scen,580
20,den520d.map,planner,1,4122,4116,365,365,4122,4116,8,0,0,False,den520d-random-15.scen,20
20,den520d.map,planner,1,4122,4116,365,365,4122,4116,8,0,0,True,den520d-random-15.scen,20
20,den520d.map,planner,1,4122,4116,365,365,4122,4116,8,0,1,False,den520d-random-15.scen,20
20,den520d.map,planner,1,4122,4116,365,365,4122,4116,8,0,1,True,den520d-random-15.scen,20
20,den520d.map,planner,1,4122,4116,365,365,4122,4116,10,0,10,False,den520d-random-15.scen,20
20,den520d.map,planner,1,4122,4116,365,365,4122,4116,8,0,10,True,den520d-random-15.scen,20
20,den520d.map,planner,1,4122,4116,365,365,4122,4116,8,0,100,False,den520d-random-15.scen,20
20,den520d.map,planner,1,4122,4116,365,365,4122,4116,8,0,100,True,den520d-random-15.scen,20
20,den520d.map,planner,1,4122,4116,365,365,4122,4116,8,0,1000,False,den520d-random-15.scen,20
20,den520d.map,planner,1,4122,4116,365,365,4122,4116,8,0,1000,True,den520d-random-15.scen,20
60,den520d.map,planner,1,10872,10566,365,365,10652,10566,23,0,0,False,den520d-random-15.scen,60
60,den520d.map,planner,1,10872,10566,365,365,10652,10566,21,0,0,True,den520d-random-15.scen,60
60,den520d.map,planner,1,10872,10566,365,365,10652,10566,22,0,1,False,den520d-random-15.scen,60
60,den520d.map,planner,1,11150,10566,367,365,10648,10566,22,0,1,True,den520d-random-15.scen,60
60,den520d.map,planner,1,10872,10566,365,365,10652,10566,26,0,10,False,den520d-random-15.scen,60
60,den520d.map,planner,1,11150,10566,367,365,10648,10566,24,0,10,True,den520d-random-15.scen,60
60,den520d.map,planner,1,10872,10566,365,365,10652,10566,22,0,100,False,den520d-random-15.scen,60
60,den520d.map,planner,1,11150,10566,367,365,10648,10566,21,0,100,True,den520d-random-15.scen,60
60,den520d.map,planner,1,10872,10566,365,365,10652,10566,20,0,1000,False,den520d-random-15.scen,60
60,den520d.map,planner,1,11150,10566,367,365,10648,10566,27,0,1000,True,den520d-random-15.scen,60
100,den520d.map,planner,1,17928,16835,377,377,16982,16835,39,0,0,False,den520d-random-15.scen,100
100,den520d.map,planner,1,17928,16835,377,377,16982,16835,42,0,0,True,den520d-random-15.scen,100
100,den520d.map,planner,1,17928,16835,377,377,16982,16835,43,0,1,False,den520d-random-15.scen,100
100,den520d.map,planner,1,17871,16835,377,377,16974,16835,35,0,1,True,den520d-random-15.scen,100
100,den520d.map,planner,1,17928,16835,377,377,16982,16835,35,0,10,False,den520d-random-15.scen,100
100,den520d.map,planner,1,17871,16835,377,377,16974,16835,40,0,10,True,den520d-random-15.scen,100
100,den520d.map,planner,1,17928,16835,377,377,16982,16835,42,0,100,False,den520d-random-15.scen,100
100,den520d.map,planner,1,17871,16835,377,377,16974,16835,37,0,100,True,den520d-random-15.scen,100
100,den520d.map,planner,1,17928,16835,377,377,16982,16835,38,0,1000,False,den520d-random-15.scen,100
100,den520d.map,planner,1,17871,16835,377,377,16974,16835,39,0,1000,True,den520d-random-15.scen,100
140,den520d.map,planner,1,25660,24067,400,400,24366,24067,50,0,0,False,den520d-random-15.scen,140
140,den520d.map,planner,1,25660,24067,400,400,24366,24067,51,0,0,True,den520d-random-15.scen,140
140,den520d.map,planner,1,25660,24067,400,400,24366,24067,49,0,1,False,den520d-random-15.scen,140
140,den520d.map,planner,1,25308,24067,400,400,24329,24067,51,0,1,True,den520d-random-15.scen,140
140,den520d.map,planner,1,25660,24067,400,400,24366,24067,54,0,10,False,den520d-random-15.scen,140
140,den520d.map,planner,1,25308,24067,400,400,24329,24067,55,0,10,True,den520d-random-15.scen,140
140,den520d.map,planner,1,25660,24067,400,400,24366,24067,51,0,100,False,den520d-random-15.scen,140
140,den520d.map,planner,1,25308,24067,400,400,24329,24067,52,0,100,True,den520d-random-15.scen,140
140,den520d.map,planner,1,25660,24067,400,400,24366,24067,50,0,1000,False,den520d-random-15.scen,140
140,den520d.map,planner,1,25308,24067,400,400,24329,24067,57,0,1000,True,den520d-random-15.scen,140
180,den520d.map,planner,1,34609,32173,400,400,32645,32173,76,0,0,False,den520d-random-15.scen,180
180,den520d.map,planner,1,34609,32173,400,400,32645,32173,74,0,0,True,den520d-random-15.scen,180
180,den520d.map,planner,1,34609,32173,400,400,32645,32173,70,0,1,False,den520d-random-15.scen,180
180,den520d.map,planner,1,34433,32173,400,400,32638,32173,67,0,1,True,den520d-random-15.scen,180
180,den520d.map,planner,1,34609,32173,400,400,32645,32173,82,0,10,False,den520d-random-15.scen,180
180,den520d.map,planner,1,34433,32173,400,400,32638,32173,78,0,10,True,den520d-random-15.scen,180
180,den520d.map,planner,1,34609,32173,400,400,32645,32173,78,0,100,False,den520d-random-15.scen,180
180,den520d.map,planner,1,34433,32173,400,400,32638,32173,68,0,100,True,den520d-random-15.scen,180
180,den520d.map,planner,1,34609,32173,400,400,32645,32173,76,0,1000,False,den520d-random-15.scen,180
180,den520d.map,planner,1,34433,32173,400,400,32638,32173,70,0,1000,True,den520d-random-15.scen,180
220,den520d.map,planner,1,43404,38912,400,400,39566,38912,84,0,0,False,den520d-random-15.scen,220
220,den520d.map,planner,1,43404,38912,400,400,39566,38912,86,0,0,True,den520d-random-15.scen,220
220,den520d.map,planner,1,43404,38912,400,400,39566,38912,95,0,1,False,den520d-random-15.scen,220
220,den520d.map,planner,1,43201,38912,400,400,39552,38912,88,0,1,True,den520d-random-15.scen,220
220,den520d.map,planner,1,43404,38912,400,400,39566,38912,79,0,10,False,den520d-random-15.scen,220
220,den520d.map,planner,1,43201,38912,400,400,39552,38912,89,0,10,True,den520d-random-15.scen,220
220,den520d.map,planner,1,43404,38912,400,400,39566,38912,85,0,100,False,den520d-random-15.scen,220
220,den520d.map,planner,1,43201,38912,400,400,39552,38912,85,0,100,True,den520d-random-15.scen,220
220,den520d.map,planner,1,43404,38912,400,400,39566,38912,93,0,1000,False,den520d-random-15.scen,220
220,den520d.map,planner,1,43201,38912,400,400,39552,38912,91,0,1000,True,den520d-random-15.scen,220
260,den520d.map,planner,1,51614,45026,400,400,45988,45026,107,0,0,False,den520d-random-15.scen,260
260,den520d.map,planner,1,51614,45026,400,400,45988,45026,107,0,0,True,den520d-random-15.scen,260
260,den520d.map,planner,1,51614,45026,400,400,45988,45026,114,0,1,False,den520d-random-15.scen,260
260,den520d.map,planner,1,50164,45026,400,400,45769,45026,105,0,1,True,den520d-random-15.scen,260
260,den520d.map,planner,1,51614,45026,400,400,45988,45026,96,0,10,False,den520d-random-15.scen,260
260,den520d.map,planner,1,50164,45026,400,400,45769,45026,102,0,10,True,den520d-random-15.scen,260
260,den520d.map,planner,1,51614,45026,400,400,45988,45026,107,0,100,False,den520d-random-15.scen,260
260,den520d.map,planner,1,50164,45026,400,400,45769,45026,103,0,100,True,den520d-random-15.scen,260
260,den520d.map,planner,1,51614,45026,400,400,45988,45026,107,0,1000,False,den520d-random-15.scen,260
260,den520d.map,planner,1,50164,45026,400,400,45769,45026,102,0,1000,True,den520d-random-15.scen,260
300,den520d.map,planner,1,59700,52524,400,400,53731,52524,123,0,0,False,den520d-random-15.scen,300
300,den520d.map,planner,1,59700,52524,400,400,53731,52524,124,0,0,True,den520d-random-15.scen,300
300,den520d.map,planner,1,59700,52524,400,400,53731,52524,122,0,1,False,den520d-random-15.scen,300
300,den520d.map,planner,1,59270,52524,400,400,53639,52524,117,0,1,True,den520d-random-15.scen,300
300,den520d.map,planner,1,59700,52524,400,400,53731,52524,120,0,10,False,den520d-random-15.scen,300
300,den520d.map,planner,1,59270,52524,400,400,53639,52524,132,0,10,True,den520d-random-15.scen,300
300,den520d.map,planner,1,59700,52524,400,400,53731,52524,117,0,100,False,den520d-random-15.scen,300
300,den520d.map,planner,1,59270,52524,400,400,53639,52524,121,0,100,True,den520d-random-15.scen,300
300,den520d.map,planner,1,59700,52524,400,400,53731,52524,117,0,1000,False,den520d-random-15.scen,300
300,den520d.map,planner,1,59270,52524,400,400,53639,52524,122,0,1000,True,den520d-random-15.scen,300
340,den520d.map,planner,1,68971,59818,400,400,61501,59818,145,0,0,False,den520d-random-15.scen,340
340,den520d.map,planner,1,68971,59818,400,400,61501,59818,146,0,0,True,den520d-random-15.scen,340
340,den520d.map,planner,1,68971,59818,400,400,61501,59818,141,0,1,False,den520d-random-15.scen,340
340,den520d.map,planner,1,67797,59818,400,400,61166,59818,146,0,1,True,den520d-random-15.scen,340
340,den520d.map,planner,1,68971,59818,400,400,61501,59818,144,0,10,False,den520d-random-15.scen,340
340,den520d.map,planner,1,67797,59818,400,400,61166,59818,144,0,10,True,den520d-random-15.scen,340
340,den520d.map,planner,1,68971,59818,400,400,61501,59818,149,0,100,False,den520d-random-15.scen,340
340,den520d.map,planner,1,67797,59818,400,400,61166,59818,133,0,100,True,den520d-random-15.scen,340
340,den520d.map,planner,1,68971,59818,400,400,61501,59818,143,0,1000,False,den520d-random-15.scen,340
340,den520d.map,planner,1,67797,59818,400,400,61166,59818,157,0,1000,True,den520d-random-15.scen,340
380,den520d.map,planner,1,78945,67617,425,425,69751,67617,177,0,0,False,den520d-random-15.scen,380
380,den520d.map,planner,1,78945,67617,425,425,69751,67617,163,0,0,True,den520d-random-15.scen,380
380,den520d.map,planner,1,78945,67617,425,425,69751,67617,165,0,1,False,den520d-random-15.scen,380
380,den520d.map,planner,1,76550,67617,428,425,69026,67617,181,0,1,True,den520d-random-15.scen,380
380,den520d.map,planner,1,78945,67617,425,425,69751,67617,163,0,10,False,den520d-random-15.scen,380
380,den520d.map,planner,1,77694,67617,428,425,69036,67617,173,0,10,True,den520d-random-15.scen,380
380,den520d.map,planner,1,78945,67617,425,425,69751,67617,166,0,100,False,den520d-random-15.scen,380
380,den520d.map,planner,1,77694,67617,428,425,69036,67617,164,0,100,True,den520d-random-15.scen,380
380,den520d.map,planner,1,78945,67617,425,425,69751,67617,157,0,1000,False,den520d-random-15.scen,380
380,den520d.map,planner,1,77694,67617,428,425,69036,67617,173,0,1000,True,den520d-random-15.scen,380
420,den520d.map,planner,1,87737,74406,425,425,76745,74406,186,0,0,False,den520d-random-15.scen,420
420,den520d.map,planner,1,87737,74406,425,425,76745,74406,191,0,0,True,den520d-random-15.scen,420
420,den520d.map,planner,1,87737,74406,425,425,76745,74406,176,0,1,False,den520d-random-15.scen,420
420,den520d.map,planner,1,86366,74406,432,425,76194,74406,198,0,1,True,den520d-random-15.scen,420
420,den520d.map,planner,1,87737,74406,425,425,76745,74406,174,0,10,False,den520d-random-15.scen,420
420,den520d.map,planner,1,86394,74406,425,425,76150,74406,199,0,10,True,den520d-random-15.scen,420
420,den520d.map,planner,1,87737,74406,425,425,76745,74406,173,0,100,False,den520d-random-15.scen,420
420,den520d.map,planner,1,86394,74406,425,425,76150,74406,198,0,100,True,den520d-random-15.scen,420
420,den520d.map,planner,1,87737,74406,425,425,76745,74406,192,0,1000,False,den520d-random-15.scen,420
420,den520d.map,planner,1,86394,74406,425,425,76150,74406,197,0,1000,True,den520d-random-15.scen,420
460,den520d.map,planner,1,97040,81570,425,425,84547,81570,191,0,0,False,den520d-random-15.scen,460
460,den520d.map,planner,1,97040,81570,425,425,84547,81570,218,0,0,True,den520d-random-15.scen,460
460,den520d.map,planner,1,97040,81570,425,425,84547,81570,196,0,1,False,den520d-random-15.scen,460
460,den520d.map,planner,1,96416,81570,425,425,83693,81570,212,0,1,True,den520d-random-15.scen,460
460,den520d.map,planner,1,97040,81570,425,425,84547,81570,214,0,10,False,den520d-random-15.scen,460
460,den520d.map,planner,1,95414,81570,425,425,83713,81570,249,0,10,True,den520d-random-15.scen,460
460,den520d.map,planner,1,97040,81570,425,425,84547,81570,213,0,100,False,den520d-random-15.scen,460
460,den520d.map,planner,1,95081,81570,425,425,83680,81570,394,0,100,True,den520d-random-15.scen,460
460,den520d.map,planner,1,97040,81570,425,425,84547,81570,190,0,1000,False,den520d-random-15.scen,460
460,den520d.map,planner,1,96329,81570,425,425,83708,81570,403,0,1000,True,den520d-random-15.scen,460
500,den520d.map,planner,1,108569,90577,425,425,94013,90577,237,0,0,False,den520d-random-15.scen,500
500,den520d.map,planner,1,108569,90577,425,425,94013,90577,208,0,0,True,den520d-random-15.scen,500
500,den520d.map,planner,1,108569,90577,425,425,94013,90577,212,0,1,False,den520d-random-15.scen,500
500,den520d.map,planner,1,106200,90577,425,425,93127,90577,265,0,1,True,den520d-random-15.scen,500
500,den520d.map,planner,1,108569,90577,425,425,94013,90577,226,0,10,False,den520d-random-15.scen,500
500,den520d.map,planner,1,106058,90577,425,425,93021,90577,294,0,10,True,den520d-random-15.scen,500
500,den520d.map,planner,1,108569,90577,425,425,94013,90577,236,0,100,False,den520d-random-15.scen,500
500,den520d.map,planner,1,107473,90577,425,425,93012,90577,335,0,100,True,den520d-random-15.scen,500
500,den520d.map,planner,1,108569,90577,425,425,94013,90577,226,0,1000,False,den520d-random-15.scen,500
500,den520d.map,planner,1,107473,90577,425,425,93012,90577,336,0,1000,True,den520d-random-15.scen,500
540,den520d.map,planner,1,118781,97536,425,425,102292,97536,241,0,0,False,den520d-random-15.scen,540
540,den520d.map,planner,1,118781,97536,425,425,102292,97536,247,0,0,True,den520d-random-15.scen,540
540,den520d.map,planner,1,118781,97536,425,425,102292,97536,238,0,1,False,den520d-random-15.scen,540
540,den520d.map,planner,1,116456,97536,425,425,100454,97536,279,0,1,True,den520d-random-15.scen,540
540,den520d.map,planner,1,118781,97536,425,425,102292,97536,241,0,10,False,den520d-random-15.scen,540
540,den520d.map,planner,1,116640,97536,427,425,100377,97536,411,0,10,True,den520d-random-15.scen,540
540,den520d.map,planner,1,118781,97536,425,425,102292,97536,238,0,100,False,den520d-random-15.scen,540
540,den520d.map,planner,1,116312,97536,428,425,100491,97536,1395,0,100,True,den520d-random-15.scen,540
540,den520d.map,planner,1,118781,97536,425,425,102292,97536,236,0,1000,False,den520d-random-15.scen,540
540,den520d.map,planner,1,116297,97536,433,425,100357,97536,6267,0,1000,True,den520d-random-15.scen,540
580,den520d.map,planner,1,128942,104411,425,425,109791,104411,268,0,0,False,den520d-random-15.scen,580
580,den520d.map,planner,1,128942,104411,425,425,109791,104411,253,0,0,True,den520d-random-15.scen,580
580,den520d.map,planner,1,128942,104411,425,425,109791,104411,258,0,1,False,den520d-random-15.scen,580
580,den520d.map,planner,1,126169,104411,433,425,107979,104411,301,0,1,True,den520d-random-15.scen,580
580,den520d.map,planner,1,128942,104411,425,425,109791,104411,248,0,10,False,den520d-random-15.scen,580
580,den520d.map,planner,1,125205,104411,430,425,107693,104411,501,0,10,True,den520d-random-15.scen,580
580,den520d.map,planner,1,128942,104411,425,425,109791,104411,261,0,100,False,den520d-random-15.scen,580
580,den520d.map,planner,1,126683,104411,434,425,107650,104411,622,0,100,True,den520d-random-15.scen,580
580,den520d.map,planner,1,128942,104411,425,425,109791,104411,267,0,1000,False,den520d-random-15.scen,580
580,den520d.map,planner,1,125671,104411,427,425,107683,104411,9203,0,1000,True,den520d-random-15.scen,580
20,den520d.map,planner,1,3384,3202,320,320,3211,3202,7,0,0,False,den520d-random-22.scen,20
20,den520d.map,planner,1,3384,3202,320,320,3211,3202,7,0,0,True,den520d-random-22.scen,20
20,den520d.map,planner,1,3384,3202,320,320,3211,3202,6,0,1,False,den520d-random-22.scen,20
20,den520d.map,planner,1,3384,3202,320,320,3211,3202,6,0,1,True,den520d-random-22.scen,20
20,den520d.map,planner,1,3384,3202,320,320,3211,3202,7,0,10,False,den520d-random-22.scen,20
20,den520d.map,planner,1,3384,3202,320,320,3211,3202,6,0,10,True,den520d-random-22.scen,20
20,den520d.map,planner,1,3384,3202,320,320,3211,3202,6,0,100,False,den520d-random-22.scen,20
20,den520d.map,planner,1,3384,3202,320,320,3211,3202,7,0,100,True,den520d-random-22.scen,20
20,den520d.map,planner,1,3384,3202,320,320,3211,3202,7,0,1000,False,den520d-random-22.scen,20
20,den520d.map,planner,1,3384,3202,320,320,3211,3202,6,0,1000,True,den520d-random-22.scen,20
60,den520d.map,planner,1,10651,10222,323,323,10269,10222,25,0,0,False,den520d-random-22.scen,60
60,den520d.map,planner,1,10651,10222,323,323,10269,10222,24,0,0,True,den520d-random-22.scen,60
60,den520d.map,planner,1,10651,10222,323,323,10269,10222,20,0,1,False,den520d-random-22.scen,60
60,den520d.map,planner,1,10651,10222,323,323,10269,10222,20,0,1,True,den520d-random-22.scen,60
60,den520d.map,planner,1,10651,10222,323,323,10269,10222,22,0,10,False,den520d-random-22.scen,60
60,den520d.map,planner,1,10651,10222,323,323,10269,10222,23,0,10,True,den520d-random-22.scen,60
60,den520d.map,planner,1,10651,10222,323,323,10269,10222,25,0,100,False,den520d-random-22.scen,60
60,den520d.map,planner,1,10651,10222,323,323,10269,10222,22,0,100,True,den520d-random-22.scen,60
60,den520d.map,planner,1,10651,10222,323,323,10269,10222,23,0,1000,False,den520d-random-22.scen,60
60,den520d.map,planner,1,10651,10222,323,323,10269,10222,24,0,1000,True,den520d-random-22.scen,60
100,den520d.map,planner,1,19227,17567,376,376,17742,17567,38,0,0,False,den520d-random-22.scen,100
100,den520d.map,planner,1,19227,17567,376,376,17742,17567,37,0,0,True,den520d-random-22.scen,100
100,den520d.map,planner,1,19227,17567,376,376,17742,17567,36,0,1,False,den520d-random-22.scen,100
100,den520d.map,planner,1,19443,17567,376,376,17759,17567,43,0,1,True,den520d-random-22.scen,100
100,den520d.map,planner,1,19227,17567,376,376,17742,17567,40,0,10,False,den520d-random-22.scen,100
100,den520d.map,planner,1,19443,17567,376,376,17759,17567,41,0,10,True,den520d-random-22.scen,100
100,den520d.map,planner,1,19227,17567,376,376,17742,17567,38,0,100,False,den520d-random-22.scen,100
100,den520d.map,planner,1,19443,17567,376,376,17759,17567,40,0,100,True,den520d-random-22.scen,100
100,den520d.map,planner,1,19227,17567,376,376,17742,17567,36,0,1000,False,den520d-random-22.scen,100
100,den520d.map,planner,1,19443,17567,376,376,17759,17567,38,0,1000,True,den520d-random-22.scen,100
140,den520d.map,planner,1,27506,25359,376,376,25613,25359,53,0,0,False,den520d-random-22.scen,140
140,den520d.map,planner,1,27506,25359,376,376,25613,25359,53,0,0,True,den520d-random-22.scen,140
140,den520d.map,planner,1,27506,25359,376,376,25613,25359,51,0,1,False,den520d-random-22.scen,140
140,den520d.map,planner,1,27391,25359,376,376,25642,25359,60,0,1,True,den520d-random-22.scen,140
140,den520d.map,planner,1,27506,25359,376,376,25613,25359,59,0,10,False,den520d-random-22.scen,140
140,den520d.map,planner,1,27391,25359,376,376,25642,25359,60,0,10,True,den520d-random-22.scen,140
140,den520d.map,planner,1,27506,25359,376,376,25613,25359,54,0,100,False,den520d-random-22.scen,140
140,den520d.map,planner,1,27391,25359,376,376,25642,25359,58,0,100,True,den520d-random-22.scen,140
140,den520d.map,planner,1,27506,25359,376,376,25613,25359,57,0,1000,False,den520d-random-22.scen,140
140,den520d.map,planner,1,27391,25359,376,376,25642,25359,59,0,1000,True,den520d-random-22.scen,140
180,den520d.map,planner,1,35841,32168,376,376,32722,32168,65,0,0,False,den520d-random-22.scen,180
180,den520d.map,planner,1,35841,32168,376,376,32722,32168,68,0,0,True,den520d-random-22.scen,180
180,den520d.map,planner,1,35841,32168,376,376,32722,32168,73,0,1,False,den520d-random-22.scen,180
180,den520d.map,planner,1,35706,32168,376,376,32619,32168,77,0,1,True,den520d-random-22.scen,180
180,den520d.map,planner,1,35841,32168,376,376,32722,32168,75,0,10,False,den520d-random-22.scen,180
180,den520d.map,planner,1,35706,32168,376,376,32619,32168,65,0,10,True,den520d-random-22.scen,180
180,den520d.map,planner,1,35841,32168,376,376,32722,32168,66,0,100,False,den520d-random-22.scen,180
180,den520d.map,planner,1,35706,32168,376,376,32619,32168,71,0,100,True,den520d-random-22.scen,180
180,den520d.map,planner,1,35841,32168,376,376,32722,32168,69,0,1000,False,den520d-random-22.scen,180
180,den520d.map,planner,1,35706,32168,376,376,32619,32168,66,0,1000,True,den520d-random-22.scen,180
220,den520d.map,planner,1,42172,37705,376,376,38420,37705,84,0,0,False,den520d-random-22.scen,220
220,den520d.map,planner,1,42172,37705,376,376,38420,37705,93,0,0,True,den520d-random-22.scen,220
220,den520d.map,planner,1,42172,37705,376,376,38420,37705,81,0,1,False,den520d-random-22.scen,220
220,den520d.map,planner,1,41515,37705,376,376,38438,37705,85,0,1,True,den520d-random-22.scen,220
220,den520d.map,planner,1,42172,37705,376,376,38420,37705,86,0,10,False,den520d-random-22.scen,220
220,den520d.map,planner,1,41515,37705,376,376,38438,37705,87,0,10,True,den520d-random-22.scen,220
220,den520d.map,planner,1,42172,37705,376,376,38420,37705,81,0,100,False,den520d-random-22.scen,220
220,den520d.map,planner,1,41515,37705,376,376,38438,37705,85,0,100,True,den520d-random-22.scen,220
220,den520d.map,planner,1,42172,37705,376,376,38420,37705,98,0,1000,False,den520d-random-22.scen,220
220,den520d.map,planner,1,41515,37705,376,376,38438,37705,85,0,1000,True,den520d-random-22.scen,220
260,den520d.map,planner,1,51292,44398,376,376,45498,44398,105,0,0,False,den520d-random-22.scen,260
260,den520d.map,planner,1,51292,44398,376,376,45498,44398,99,0,0,True,den520d-random-22.scen,260
260,den520d.map,planner,1,51292,44398,376,376,45498,44398,107,0,1,False,den520d-random-22.scen,260
260,den520d.map,planner,1,49840,44398,376,376,45315,44398,99,0,1,True,den520d-random-22.scen,260
260,den520d.map,planner,1,51292,44398,376,376,45498,44398,111,0,10,False,den520d-random-22.scen,260
260,den520d.map,planner,1,49840,44398,376,376,45315,44398,110,0,10,True,den520d-random-22.scen,260
260,den520d.map,planner,1,51292,44398,376,376,45498,44398,106,0,100,False,den520d-random-22.scen,260
260,den520d.map,planner,1,49840,44398,376,376,45315,44398,106,0,100,True,den520d-random-22.scen,260
260,den520d.map,planner,1,51292,44398,376,376,45498,44398,109,0,1000,False,den520d-random-22.scen,260
260,den520d.map,planner,1,49840,44398,376,376,45315,44398,106,0,1000,True,den520d-random-22.scen,260
300,den520d.map,planner,1,57769,51081,376,376,52515,51081,113,0,0,False,den520d-random-22.scen,300
300,den520d.map,planner,1,57769,51081,376,376,52515,51081,125,0,0,True,den520d-random-22.scen,300
300,den520d.map,planner,1,57769,51081,376,376,52515,51081,123,0,1,False,den520d-random-22.scen,300
300,den520d.map,planner,1,58120,51081,376,376,52207,51081,121,0,1,True,den520d-random-22.scen,300
300,den520d.map,planner,1,57769,51081,376,376,52515,51081,132,0,10,False,den520d-random-22.scen,300
300,den520d.map,planner,1,58120,51081,376,376,52207,51081,120,0,10,True,den520d-random-22.scen,300
300,den520d.map,planner,1,57769,51081,376,376,52515,51081,131,0,100,False,den520d-random-22.scen,300
300,den520d.map,planner,1,58120,51081,376,376,52207,51081,122,0,100,True,den520d-random-22.scen,300
300,den520d.map,planner,1,57769,51081,376,376,52515,51081,125,0,1000,False,den520d-random-22.scen,300
300,den520d.map,planner,1,58120,51081,376,376,52207,51081,129,0,1000,True,den520d-random-22.scen,300
340,den520d.map,planner,1,66837,58338,376,376,60127,58338,146,0,0,False,den520d-random-22.scen,340
340,den520d.map,planner,1,66837,58338,376,376,60127,58338,136,0,0,True,den520d-random-22.scen,340
340,den520d.map,planner,1,66837,58338,376,376,60127,58338,151,0,1,False,den520d-random-22.scen,340
340,den520d.map,planner,1,66064,58338,376,376,59672,58338,145,0,1,True,den520d-random-22.scen,340
340,den520d.map,planner,1,66837,58338,376,376,60127,58338,136,0,10,False,den520d-random-22.scen,340
340,den520d.map,planner,1,65847,58338,376,376,59671,58338,170,0,10,True,den520d-random-22.scen,340
340,den520d.map,planner,1,66837,58338,376,376,60127,58338,133,0,100,False,den520d-random-22.scen,340
340,den520d.map,planner,1,65833,58338,376,376,59704,58338,188,0,100,True,den520d-random-22.scen,340
340,den520d.map,planner,1,66837,58338,376,376,60127,58338,138,0,1000,False,den520d-random-22.scen,340
340,den520d.map,planner,1,65833,58338,376,376,59704,58338,196,0,1000,True,den520d-random-22.scen,340
380,den520d.map,planner,1,76115,65192,376,376,67400,65192,161,0,0,False,den520d-random-22.scen,380
380,den520d.map,planner,1,76115,65192,376,376,67400,65192,160,0,0,True,den520d-random-22.scen,380
380,den520d.map,planner,1,76115,65192,376,376,67400,65192,163,0,1,False,den520d-random-22.scen,380
380,den520d.map,planner,1,75053,65192,376,376,66924,65192,179,0,1,True,den520d-random-22.scen,380
380,den520d.map,planner,1,76115,65192,376,376,67400,65192,159,0,10,False,den520d-random-22.scen,380
380,den520d.map,planner,1,75209,65192,376,376,66938,65192,168,0,10,True,den520d-random-22.scen,380
380,den520d.map,planner,1,76115,65192,376,376,67400,65192,151,0,100,False,den520d-random-22.scen,380
380,den520d.map,planner,1,75209,65192,376,376,66938,65192,176,0,100,True,den520d-random-22.scen,380
380,den520d.map,planner,1,76115,65192,376,376,67400,65192,151,0,1000,False,den520d-random-22.scen,380
380,den520d.map,planner,1,75209,65192,376,376,66938,65192,181,0,1000,True,den520d-random-22.scen,380
420,den520d.map,planner,1,85314,72228,376,376,74958,72228,165,0,0,False,den520d-random-22.scen,420
420,den520d.map,planner,1,85314,72228,376,376,74958,72228,178,0,0,True,den520d-random-22.scen,420
420,den520d.map,planner,1,85314,72228,376,376,74958,72228,172,0,1,False,den520d-random-22.scen,420
420,den520d.map,planner,1,83534,72228,376,376,74180,72228,212,0,1,True,den520d-random-22.scen,420
420,den520d.map,planner,1,85314,72228,376,376,74958,72228,183,0,10,False,den520d-random-22.scen,420
420,den520d.map,planner,1,84193,72228,376,376,74147,72228,236,0,10,True,den520d-random-22.scen,420
420,den520d.map,planner,1,85314,72228,376,376,74958,72228,178,0,100,False,den520d-random-22.scen,420
420,den520d.map,planner,1,84439,72228,376,376,74121,72228,376,0,100,True,den520d-random-22.scen,420
420,den520d.map,planner,1,85314,72228,376,376,74958,72228,185,0,1000,False,den520d-random-22.scen,420
420,den520d.map,planner,1,84439,72228,376,376,74121,72228,383,0,1000,True,den520d-random-22.scen,420
460,den520d.map,planner,1,93375,78258,387,387,81507,78258,196,0,0,False,den520d-random-22.scen,460
460,den520d.map,planner,1,93375,78258,387,387,81507,78258,187,0,0,True,den520d-random-22.scen,460
460,den520d.map,planner,1,93375,78258,387,387,81507,78258,199,0,1,False,den520d-random-22.scen,460
460,den520d.map,planner,1,93279,78258,387,387,80672,78258,212,0,1,True,den520d-random-22.scen,460
460,den520d.map,planner,1,93375,78258,387,387,81507,78258,183,0,10,False,den520d-random-22.scen,460
460,den520d.map,planner,1,91765,78258,388,387,80519,78258,324,0,10,True,den520d-random-22.scen,460
460,den520d.map,planner,1,93375,78258,387,387,81507,78258,191,0,100,False,den520d-random-22.scen,460
460,den520d.map,planner,1,93200,78258,392,387,80607,78258,1010,0,100,True,den520d-random-22.scen,460
460,den520d.map,planner,1,93375,78258,387,387,81507,78258,197,0,1000,False,den520d-random-22.scen,460
460,den520d.map,planner,1,91840,78258,387,387,80609,78258,3994,0,1000,True,den520d-random-22.scen,460
500,den520d.map,planner,1,103024,85523,396,396,89321,85523,203,0,0,False,den520d-random-22.scen,500
500,den520d.map,planner,1,103024,85523,396,396,89321,85523,208,0,0,True,den520d-random-22.scen,500
500,den520d.map,planner,1,103024,85523,396,396,89321,85523,207,0,1,False,den520d-random-22.scen,500
500,den520d.map,planner,1,101811,85523,404,396,88422,85523,280,0,1,True,den520d-random-22.scen,500
500,den520d.map,planner,1,103024,85523,396,396,89321,85523,206,0,10,False,den520d-random-22.scen,500
500,den520d.map,planner,1,101770,85523,403,396,88241,85523,551,0,10,True,den520d-random-22.scen,500
500,den520d.map,planner,1,103024,85523,396,396,89321,85523,213,0,100,False,den520d-random-22.scen,500
500,den520d.map,planner,1,102096,85523,404,396,88244,85523,1018,0,100,True,den520d-random-22.scen,500
500,den520d.map,planner,1,103024,85523,396,396,89321,85523,216,0,1000,False,den520d-random-22.scen,500
500,den520d.map,planner,1,101381,85523,404,396,88141,85523,4479,0,1000,True,den520d-random-22.scen,500
540,den520d.map,planner,1,111197,91737,396,396,95972,91737,233,0,0,False,den520d-random-22.scen,540
540,den520d.map,planner,1,111197,91737,396,396,95972,91737,233,0,0,True,den520d-random-22.scen,540
540,den520d.map,planner,1,111197,91737,396,396,95972,91737,232,0,1,False,den520d-random-22.scen,540
540,den520d.map,planner,1,109678,91737,400,396,94768,91737,286,0,1,True,den520d-random-22.scen,540
540,den520d.map,planner,1,111197,91737,396,396,95972,91737,223,0,10,False,den520d-random-22.scen,540
540,den520d.map,planner,1,109210,91737,401,396,94574,91737,564,0,10,True,den520d-random-22.scen,540
540,den520d.map,planner,1,111197,91737,396,396,95972,91737,239,0,100,False,den520d-random-22.scen,540
540,den520d.map,planner,1,109829,91737,400,396,94550,91737,2251,0,100,True,den520d-random-22.scen,540
540,den520d.map,planner,1,111197,91737,396,396,95972,91737,227,0,1000,False,den520d-random-22.scen,540
540,den520d.map,planner,1,106822,91737,404,396,94460,91737,12055,0,1000,True,den520d-random-22.scen,540
580,den520d.map,planner,1,121188,98771,396,396,103888,98771,245,0,0,False,den520d-random-22.scen,580
580,den520d.map,planner,1,121188,98771,396,396,103888,98771,249,0,0,True,den520d-random-22.scen,580
580,den520d.map,planner,1,121188,98771,396,396,103888,98771,244,0,1,False,den520d-random-22.scen,580
580,den520d.map,planner,1,119627,98771,398,396,102329,98771,324,0,1,True,den520d-random-22.scen,580
580,den520d.map,planner,1,121188,98771,396,396,103888,98771,239,0,10,False,den520d-random-22.scen,580
580,den520d.map,planner,1,119260,98771,397,396,102069,98771,650,0,10,True,den520d-random-22.scen,580
580,den520d.map,planner,1,121188,98771,396,396,103888,98771,235,0,100,False,den520d-random-22.scen,580
580,den520d.map,planner,1,119960,98771,402,396,102038,98771,2695,0,100,True,den520d-random-22.scen,580
580,den520d.map,planner,1,121188,98771,396,396,103888,98771,235,0,1000,False,den520d-random-22.scen,580
580,den520d.map,planner,1,117900,98771,407,396,101918,98771,11806,0,1000,True,den520d-random-22.scen,580
20,den520d.map,planner,1,3902,3897,347,347,3902,3897,10,0,0,False,den520d-random-24.scen,20
20,den520d.map,planner,1,3902,3897,347,347,3902,3897,8,0,0,True,den520d-random-24.scen,20
20,den520d.map,planner,1,3902,3897,347,347,3902,3897,8,0,1,False,den520d-random-24.scen,20
20,den520d.map,planner,1,3902,3897,347,347,3902,3897,7,0,1,True,den520d-random-24.scen,20
20,den520d.map,planner,1,3902,3897,347,347,3902,3897,8,0,10,False,den520d-random-24.scen,20
20,den520d.map,planner,1,3902,3897,347,347,3902,3897,7,0,10,True,den520d-random-24.scen,20
20,den520d.map,planner,1,3902,3897,347,347,3902,3897,7,0,100,False,den520d-random-24.scen,20
20,den520d.map,planner,1,3902,3897,347,347,3902,3897,7,0,100,True,den520d-random-24.scen,20
20,den520d.map,planner,1,3902,3897,347,347,3902,3897,8,0,1000,False,den520d-random-24.scen,20
20,den520d.map,planner,1,3902,3897,347,347,3902,3897,7,0,1000,True,den520d-random-24.scen,20
60,den520d.map,planner,1,11069,10921,347,347,10959,10921,22,0,0,False,den520d-random-24.scen,60
60,den520d.map,planner,1,11069,10921,347,347,10959,10921,22,0,0,True,den520d-random-24.scen,60
60,den520d.map,planner,1,11069,10921,347,347,10959,10921,23,0,1,False,den520d-random-24.scen,60
60,den520d.map,planner,1,11069,10921,347,347,10959,10921,22,0,1,True,den520d-random-24.scen,60
60,den520d.map,planner,1,11069,10921,347,347,10959,10921,19,0,10,False,den520d-random-24.scen,60
60,den520d.map,planner,1,11069,10921,347,347,10959,10921,23,0,10,True,den520d-random-24.scen,60
60,den520d.map,planner,1,11069,10921,347,347,10959,10921,19,0,100,False,den520d-random-24.scen,60
60,den520d.map,planner,1,11069,10921,347,347,10959,10921,24,0,100,True,den520d-random-24.scen,60
60,den520d.map,planner,1,11069,10921,347,347,10959,10921,21,0,1000,False,den520d-random-24.scen,60
60,den520d.map,planner,1,11069,10921,347,347,10959,10921,22,0,1000,True,den520d-random-24.scen,60
100,den520d.map,planner,1,18047,16986,347,347,17186,16986,36,0,0,False,den520d-random-24.scen,100
100,den520d.map,planner,1,18047,16986,347,347,17186,16986,37,0,0,True,den520d-random-24.scen,100
100,den520d.map,planner,1,18047,16986,347,347,17186,16986,41,0,1,False,den520d-random-24.scen,100
100,den520d.map,planner,1,17773,16986,347,347,17157,16986,39,0,1,True,den520d-random-24.scen,100
100,den520d.map,planner,1,18047,16986,347,347,17186,16986,34,0,10,False,den520d-random-24.scen,100
100,den520d.map,planner,1,17773,16986,347,347,17157,16986,37,0,10,True,den520d-random-24.scen,100
100,den520d.map,planner,1,18047,16986,347,347,17186,16986,40,0,100,False,den520d-random-24.scen,100
100,den520d.map,planner,1,17773,16986,347,347,17157,16986,35,0,100,True,den520d-random-24.scen,100
100,den520d.map,planner,1,18047,16986,347,347,17186,16986,34,0,1000,False,den520d-random-24.scen,100
100,den520d.map,planner,1,17773,16986,347,347,17157,16986,39,0,1000,True,den520d-random-24.scen,100
140,den520d.map,planner,1,27311,24499,360,360,24847,24499,51,0,0,False,den520d-random-24.scen,140
140,den520d.map,planner,1,27311,24499,360,360,24847,24499,54,0,0,True,den520d-random-24.scen,140
140,den520d.map,planner,1,27311,24499,360,360,24847,24499,51,0,1,False,den520d-random-24.scen,140
140,den520d.map,planner,1,27840,24499,360,360,24856,24499,53,0,1,True,den520d-random-24.scen,140
140,den520d.map,planner,1,27311,24499,360,360,24847,24499,54,0,10,False,den520d-random-24.scen,140
140,den520d.map,planner,1,27840,24499,360,360,24856,24499,52,0,10,True,den520d-random-24.scen,140
140,den520d.map,planner,1,27311,24499,360,360,24847,24499,54,0,100,False,den520d-random-24.scen,140
140,den520d.map,planner,1,27840,24499,360,360,24856,24499,56,0,100,True,den520d-random-24.scen,140
140,den520d.map,planner,1,27311,24499,360,360,24847,24499,62,0,1000,False,den520d-random-24.scen,140
140,den520d.map,planner,1,27840,24499,360,360,24856,24499,54,0,1000,True,den520d-random-24.scen,140
180,den520d.map,planner,1,34127,31356,360,360,31857,31356,74,0,0,False,den520d-random-24.scen,180
180,den520d.map,planner,1,34127,31356,360,360,31857,31356,68,0,0,True,den520d-random-24.scen,180
180,den520d.map,planner,1,34127,31356,360,360,31857,31356,67,0,1,False,den520d-random-24.scen,180
180,den520d.map,planner,1,34400,31356,360,360,31850,31356,74,0,1,True,den520d-random-24.scen,180
180,den520d.map,planner,1,34127,31356,360,360,31857,31356,69,0,10,False,den520d-random-24.scen,180
180,den520d.map,planner,1,34400,31356,360,360,31850,31356,70,0,10,True,den520d-random-24.scen,180
180,den520d.map,planner,1,34127,31356,360,360,31857,31356,67,0,100,False,den520d-random-24.scen,180
180,den520d.map,planner,1,34400,31356,360,360,31850,31356,78,0,100,True,den520d-random-24.scen,180
180,den520d.map,planner,1,34127,31356,360,360,31857,31356,72,0,1000,False,den520d-random-24.scen,180
180,den520d.map,planner,1,34400,31356,360,360,31850,31356,71,0,1000,True,den520d-random-24.scen,180
220,den520d.map,planner,1,42873,38117,360,360,39044,38117,86,0,0,False,den520d-random-24.scen,220
220,den520d.map,planner,1,42873,38117,360,360,39044,38117,86,0,0,True,den520d-random-24.scen,220
220,den520d.map,planner,1,42873,38117,360,360,39044,38117,91,0,1,False,den520d-random-24.scen,220
220,den520d.map,planner,1,42540,38117,360,360,38813,38117,84,0,1,True,den520d-random-24.scen,220
220,den520d.map,planner,1,42873,38117,360,360,39044,38117,83,0,10,False,den520d-random-24.scen,220
220,den520d.map,planner,1,42540,38117,360,360,38813,38117,92,0,10,True,den520d-random-24.scen,220
220,den520d.map,planner,1,42873,38117,360,360,39044,38117,90,0,100,False,den520d-random-24.scen,220
220,den520d.map,planner,1,42540,38117,360,360,38813,38117,87,0,100,True,den520d-random-24.scen,220
220,den520d.map,planner,1,42873,38117,360,360,39044,38117,83,0,1000,False,den520d-random-24.scen,220
220,den520d.map,planner,1,42540,38117,360,360,38813,38117,90,0,1000,True,den520d-random-24.scen,220
260,den520d.map,planner,1,50487,45664,360,360,46622,45664,99,0,0,False,den520d-random-24.scen,260
260,den520d.map,planner,1,50487,45664,360,360,46622,45664,103,0,0,True,den520d-random-24.scen,260
260,den520d.map,planner,1,50487,45664,360,360,46622,45664,109,0,1,False,den520d-random-24.scen,260
260,den520d.map,planner,1,51225,45664,360,360,46594,45664,98,0,1,True,den520d-random-24.scen,260
260,den520d.map,planner,1,50487,45664,360,360,46622,45664,108,0,10,False,den520d-random-24.scen,260
260,den520d.map,planner,1,51225,45664,360,360,46594,45664,106,0,10,True,den520d-random-24.scen,260
260,den520d.map,planner,1,50487,45664,360,360,46622,45664,101,0,100,False,den520d-random-24.scen,260
260,den520d.map,planner,1,51225,45664,360,360,46594,45664,114,0,100,True,den520d-random-24.scen,260
260,den520d.map,planner,1,50487,45664,360,360,46622,45664,94,0,1000,False,den520d-random-24.scen,260
260,den520d.map,planner,1,51225,45664,360,360,46594,45664,106,0,1000,True,den520d-random-24.scen,260
300,den520d.map,planner,1,60551,53310,387,387,54845,53310,128,0,0,False,den520d-random-24.scen,300
300,den520d.map,planner,1,60551,53310,387,387,54845,53310,127,0,0,True,den520d-random-24.scen,300
300,den520d.map,planner,1,60551,53310,387,387,54845,53310,131,0,1,False,den520d-random-24.scen,300
300,den520d.map,planner,1,59869,53310,387,387,54431,53310,139,0,1,True,den520d-random-24.scen,300
300,den520d.map,planner,1,60551,53310,387,387,54845,53310,121,0,10,False,den520d-random-24.scen,300
300,den520d.map,planner,1,59869,53310,387,387,54431,53310,131,0,10,True,den520d-random-24.scen,300
300,den520d.map,planner,1,60551,53310,387,387,54845,53310,117,0,100,False,den520d-random-24.scen,300
300,den520d.map,planner,1,59869,53310,387,387,54431,53310,124,0,100,True,den520d-random-24.scen,300
300,den520d.map,planner,1,60551,53310,387,387,54845,53310,127,0,1000,False,den520d-random-24.scen,300
300,den520d.map,planner,1,59869,53310,387,387,54431,53310,117,0,1000,True,den520d-random-24.scen,300
340,den520d.map,planner,1,70192,61183,387,387,62953,61183,143,0,0,False,den520d-random-24.scen,340
340,den520d.map,planner,1,70192,61183,387,387,62953,61183,141,0,0,True,den520d-random-24.scen,340
340,den520d.map,planner,1,70192,61183,387,387,62953,61183,142,0,1,False,den520d-random-24.scen,340
340,den520d.map,planner,1,69634,61183,387,387,62613,61183,149,0,1,True,den520d-random-24.scen,340
340,den520d.map,planner,1,70192,61183,387,387,62953,61183,141,0,10,False,den520d-random-24.scen,340
340,den520d.map,planner,1,69647,61183,387,387,62624,61183,143,0,10,True,den520d-random-24.scen,340
340,den520d.map,planner,1,70192,61183,387,387,62953,61183,140,0,100,False,den520d-random-24.scen,340
340,den520d.map,planner,1,69647,61183,387,387,62624,61183,154,0,100,True,den520d-random-24.scen,340
340,den520d.map,planner,1,70192,61183,387,387,62953,61183,140,0,1000,False,den520d-random-24.scen,340
340,den520d.map,planner,1,69647,61183,387,387,62624,61183,158,0,1000,True,den520d-random-24.scen,340
380,den520d.map,planner,1,80040,68604,413,413,70814,68604,162,0,0,False,den520d-random-24.scen,380
380,den520d.map,planner,1,80040,68604,413,413,70814,68604,163,0,0,True,den520d-random-24.scen,380
380,den520d.map,planner,1,80040,68604,413,413,70814,68604,158,0,1,False,den520d-random-24.scen,380
380,den520d.map,planner,1,78529,68604,413,413,70215,68604,178,0,1,True,den520d-random-24.scen,380
380,den520d.map,planner,1,80040,68604,413,413,70814,68604,167,0,10,False,den520d-random-24.scen,380
380,den520d.map,planner,1,79264,68604,413,413,70230,68604,184,0,10,True,den520d-random-24.scen,380
380,den520d.map,planner,1,80040,68604,413,413,70814,68604,173,0,100,False,den520d-random-24.scen,380
380,den520d.map,planner,1,79489,68604,413,413,70190,68604,188,0,100,True,den520d-random-24.scen,380
380,den520d.map,planner,1,80040,68604,413,413,70814,68604,167,0,1000,False,den520d-random-24.scen,380
380,den520d.map,planner,1,79489,68604,413,413,70190,68604,203,0,1000,True,den520d-random-24.scen,380
420,den520d.map,planner,1,89483,75470,413,413,78036,75470,169,0,0,False,den520d-random-24.scen,420
420,den520d.map,planner,1,89483,75470,413,413,78036,75470,180,0,0,True,den520d-random-24.scen,420
420,den520d.map,planner,1,89483,75470,413,413,78036,75470,189,0,1,False,den520d-random-24.scen,420
420,den520d.map,planner,1,87357,75470,413,413,77445,75470,204,0,1,True,den520d-random-24.scen,420
420,den520d.map,planner,1,89483,75470,413,413,78036,75470,185,0,10,False,den520d-random-24.scen,420
420,den520d.map,planner,1,87257,75470,413,413,77357,75470,232,0,10,True,den520d-random-24.scen,420
420,den520d.map,planner,1,89483,75470,413,413,78036,75470,177,0,100,False,den520d-random-24.scen,420
420,den520d.map,planner,1,87677,75470,413,413,77305,75470,311,0,100,True,den520d-random-24.scen,420
420,den520d.map,planner,1,89483,75470,413,413,78036,75470,193,0,1000,False,den520d-random-24.scen,420
420,den520d.map,planner,1,87677,75470,413,413,77305,75470,307,0,1000,True,den520d-random-24.scen,420
460,den520d.map,planner,1,100298,83119,413,413,86149,83119,209,0,0,False,den520d-random-24.scen,460
460,den520d.map,planner,1,100298,83119,413,413,86149,83119,202,0,0,True,den520d-random-24.scen,460
460,den520d.map,planner,1,100298,83119,413,413,86149,83119,213,0,1,False,den520d-random-24.scen,460
460,den520d.map,planner,1,97673,83119,413,413,85436,83119,240,0,1,True,den520d-random-24.scen,460
460,den520d.map,planner,1,100298,83119,413,413,86149,83119,183,0,10,False,den520d-random-24.scen,460
460,den520d.map,planner,1,97553,83119,413,413,85325,83119,289,0,10,True,den520d-random-24.scen,460
460,den520d.map,planner,1,100298,83119,413,413,86149,83119,195,0,100,False,den520d-random-24.scen,460
460,den520d.map,planner,1,96560,83119,413,413,85328,83119,523,0,100,True,den520d-random-24.scen,460
460,den520d.map,planner,1,100298,83119,413,413,86149,83119,198,0,1000,False,den520d-random-24.scen,460
460,den520d.map,planner,1,98222,83119,413,413,85334,83119,1475,0,1000,True,den520d-random-24.scen,460
500,den520d.map,planner,1,108517,89417,413,413,92913,89417,221,0,0,False,den520d-random-24.scen,500
500,den520d.map,planner,1,108517,89417,413,413,92913,89417,214,0,0,True,den520d-random-24.scen,500
500,den520d.map,planner,1,108517,89417,413,413,92913,89417,221,0,1,False,den520d-random-24.scen,500
500,den520d.map,planner,1,105838,89417,414,413,91864,89417,244,0,1,True,den520d-random-24.scen,500
500,den520d.map,planner,1,108517,89417,413,413,92913,89417,221,0,10,False,den520d-random-24.scen,500
500,den520d.map,planner,1,107040,89417,413,413,91851,89417,334,0,10,True,den520d-random-24.scen,500
500,den520d.map,planner,1,108517,89417,413,413,92913,89417,218,0,100,False,den520d-random-24.scen,500
500,den520d.map,planner,1,106220,89417,413,413,91834,89417,826,0,100,True,den520d-random-24.scen,500
500,den520d.map,planner,1,108517,89417,413,413,92913,89417,213,0,1000,False,den520d-random-24.scen,500
500,den520d.map,planner,1,106489,89417,413,413,91858,89417,2771,0,1000,True,den520d-random-24.scen,500
540,den520d.map,planner,1,117203,96017,413,413,99991,96017,250,0,0,False,den520d-random-24.scen,540
540,den520d.map,planner,1,117203,96017,413,413,99991,96017,239,0,0,True,den520d-random-24.scen,540
540,den520d.map,planner,1,117203,96017,413,413,99991,96017,235,0,1,False,den520d-random-24.scen,540
540,den520d.map,planner,1,115369,96017,416,413,98846,96017,267,0,1,True,den520d-random-24.scen,540
540,den520d.map,planner,1,117203,96017,413,413,99991,96017,240,0,10,False,den520d-random-24.scen,540
540,den520d.map,planner,1,115366,96017,414,413,98874,96017,424,0,10,True,den520d-random-24.scen,540
540,den520d.map,planner,1,117203,96017,413,413,99991,96017,240,0,100,False,den520d-random-24.scen,540
540,den520d.map,planner,1,115085,96017,413,413,98843,96017,1288,0,100,True,den520d-random-24.scen,540
540,den520d.map,planner,1,117203,96017,413,413,99991,96017,232,0,1000,False,den520d-random-24.scen,540
540,den520d.map,planner,1,115437,96017,413,413,98912,96017,4064,0,1000,True,den520d-random-24.scen,540
580,den520d.map,planner,1,127880,102822,413,413,107696,102822,269,0,0,False,den520d-random-24.scen,580
580,den520d.map,planner,1,127880,102822,413,413,107696,102822,264,0,0,True,den520d-random-24.scen,580
580,den520d.map,planner,1,127880,102822,413,413,107696,102822,249,0,1,False,den520d-random-24.scen,580
580,den520d.map,planner,1,125788,102822,413,413,106245,102822,309,0,1,True,den520d-random-24.scen,580
580,den520d.map,planner,1,127880,102822,413,413,107696,102822,256,0,10,False,den520d-random-24.scen,580
580,den520d.map,planner,1,125684,102822,415,413,106120,102822,662,0,10,True,den520d-random-24.scen,580
580,den520d.map,planner,1,127880,102822,413,413,107696,102822,258,0,100,False,den520d-random-24.scen,580
580,den520d.map,planner,1,125185,102822,416,413,106043,102822,1615,0,100,True,den520d-random-24.scen,580
580,den520d.map,planner,1,127880,102822,413,413,107696,102822,258,0,1000,False,den520d-random-24.scen,580
580,den520d.map,planner,1,123467,102822,414,413,105934,102822,7361,0,1000,True,den520d-random-24.scen,580
